time,open,high,low,close,RSI,Regular Bullish Label,Regular Bearish Label
1640995200,3702.27,3748.45,3676.22,3707.3025,NaN,NaN,NaN
1641006000,3704.78625,3765.27,3702.84,3733.0325000000003,NaN,NaN,NaN
1641016800,3718.909375,3742.67,3701,3725.1675,NaN,NaN,NaN
1641027600,3722.0384375000003,3731.88,3673.46,3704.9624999999996,NaN,NaN,NaN
1641038400,3713.50046875,3724.93,3691.88,3701.95,NaN,NaN,NaN
1641049200,3707.7252343749997,3764.98,3693.22,3729.0025,NaN,NaN,NaN
1641060000,3718.3638671874996,3776.45,3718.3638671874996,3758.5575,NaN,NaN,NaN
1641070800,3738.4606835937498,3776,3738.4606835937498,3760.6400000000003,NaN,NaN,NaN
1641081600,3749.550341796875,3771,3741.8,3756.21,NaN,NaN,NaN
1641092400,3752.8801708984374,3761.92,3717.3,3742.6025000000004,NaN,NaN,NaN
1641103200,3747.741335449219,3751.93,3732.39,3743.2525,NaN,NaN,NaN
1641114000,3745.4969177246094,3770,3738.17,3749.045,NaN,NaN,NaN
1641124800,3747.2709588623047,3759.83,3730.33,3746.7025,NaN,NaN,NaN
1641135600,3746.9867294311525,3857.44,3746.9867294311525,3796.4125,NaN,NaN,NaN
1641146400,3771.699614715576,3825,3771.699614715576,3807.7475,74.69513694251845,NaN,NaN
1641157200,3789.723557357788,3840.02,3789.723557357788,3820.1425,76.25375354057361,NaN,NaN
1641168000,3804.933028678894,3828.79,3784.77,3810.0299999999997,72.33899942161437,NaN,NaN
1641178800,3807.481514339447,3822.99,3775.7,3802.3175,69.4121519012123,NaN,NaN
1641189600,3804.8995071697236,3821.99,3798.33,3809.9649999999997,70.67897434829939,NaN,NaN
1641200400,3807.4322535848614,3845,3789.66,3819.165,72.17211281631472,NaN,NaN
1641211200,3813.2986267924307,3853.09,3802.85,3823.6850000000004,72.90222541581875,NaN,NaN
1641222000,3818.4918133962155,3818.4918133962155,3735.2,3778.7875,56.9255833216292,NaN,NaN
1641232800,3798.6396566981075,3798.6396566981075,3680,3728.035,44.93698051606419,NaN,NaN
1641243600,3763.3373283490537,3778.67,3693.32,3734.225,46.41911913623466,NaN,NaN
1641254400,3748.7811641745266,3774.36,3713.11,3744.7925,48.94566793291254,NaN,NaN
1641265200,3746.786832087263,3759.72,3718.89,3736.705,47.1146178034245,NaN,NaN
1641276000,3741.7459160436315,3781.88,3734.44,3757.205,52.01485432952411,NaN,NaN
1641286800,3749.475458021816,3840,3749.475458021816,3802.475,60.67935183255777,NaN,NaN
1641297600,3775.975229010908,3900.73,3775.975229010908,3856.83,68.12219214024168,NaN,NaN
1641308400,3816.402614505454,3887.08,3816.402614505454,3859.0874999999996,68.38981182587638,NaN,NaN
1641319200,3837.745057252727,3854.5,3758.4,3816.8925,58.50359605342536,NaN,NaN
1641330000,3827.3187786263634,3832.51,3783.89,3804.4700000000003,55.93975027915993,NaN,NaN
1641340800,3815.894389313182,3815.894389313182,3766,3791.4300000000003,53.299264570554456,NaN,NaN
1641351600,3803.662194656591,3826.05,3797.49,3807.445,56.04349447307659,NaN,NaN
1641362400,3805.553597328296,3826.7,3798.77,3812.54,56.910986031298116,NaN,NaN
1641373200,3809.046798664148,3848,3781.42,3810.485,56.42727775527762,NaN,NaN
1641384000,3809.765899332074,3833,3761.44,3801.7825000000003,54.321670287792635,NaN,NaN
1641394800,3805.774199666037,3828.18,3771.13,3798.2325,53.44553981543807,NaN,NaN
1641405600,3802.0033498330185,3802.0033498330185,3583.36,3680.705,33.93300132088336,NaN,NaN
1641416400,3741.3541749165092,3741.3541749165092,3415,3545.6800000000003,23.37447107319784,NaN,NaN
1641427200,3643.5170874582545,3643.5170874582545,3491.47,3522.5074999999997,22.10336172223309,NaN,NaN
1641438000,3583.012293729127,3583.012293729127,3406.24,3470.5675,19.53859332972671,NaN,NaN
1641448800,3526.7898968645636,3526.7898968645636,3384,3428.5724999999998,17.74566689411965,NaN,NaN
1641459600,3477.6811984322817,3477.6811984322817,3300,3365.855,15.46347522318294,NaN,NaN
1641470400,3421.768099216141,3426,3318,3372.0725,16.608443905136227,NaN,NaN
1641481200,3396.9202996080703,3435.19,3358.44,3402.8325,22.221073508134225,NaN,NaN
1641492000,3399.876399804035,3461.33,3399.876399804035,3431.7574999999997,27.184053492007322,NaN,NaN
1641502800,3415.8169499020173,3437.24,3405.74,3418.89,26.377704458675865,NaN,NaN
1641513600,3417.3534749510086,3417.3534749510086,3357.72,3385.6224999999995,24.36540264706619,NaN,NaN
1641524400,3401.4879874755043,3401.4879874755043,3140.27,3275.5675,19.158382520620975,NaN,NaN
1641535200,3338.527743737752,3338.527743737752,3113.25,3217.255,17.076094590054154,NaN,NaN
1641546000,3277.8913718688764,3277.8913718688764,3215.2,3236.8625,20.21618384569493,NaN,NaN
1641556800,3257.3769359344383,3268.79,3114.56,3204.3525,18.93584101743265,NaN,NaN
1641567600,3230.864717967219,3230.864717967219,3064.42,3174.63,17.8243791772081,NaN,NaN
1641578400,3202.7473589836095,3225.24,3143.98,3196.825,21.52842885818214,NaN,NaN
1641589200,3199.7861794918044,3223.64,3165.17,3200.785,22.202220671334956,NaN,NaN
1641600000,3200.285589745902,3246.7,3188.41,3210.9174999999996,24.000391090648677,NaN,NaN
1641610800,3205.601544872951,3227.46,3181,3208.5025,23.858844873267557,NaN,NaN
1641621600,3207.0520224364755,3237.85,3191.5,3215.0625,25.15018915603072,NaN,NaN
1641632400,3211.0572612182377,3250,3198.64,3221.0675,26.381041920269624,NaN,NaN
1641643200,3216.062380609119,3230.33,3175.05,3200.4125,24.866349991843336,NaN,NaN
1641654000,3208.2374403045596,3208.2374403045596,3035.94,3109.2200000000003,19.533773240985198,NaN,NaN
1641664800,3158.72872015228,3158.72872015228,3000,3038.115,16.55300842532938,NaN,NaN
1641675600,3098.4218600761396,3133.56,3024.99,3067.79,21.90874539483461,NaN,NaN
1641686400,3083.10593003807,3146.25,3057.35,3105.41,28.200113021286626,NaN,NaN
1641697200,3094.2579650190346,3147.53,3094.2579650190346,3131.0075000000006,32.202506175794994,NaN,NaN
1641708000,3112.6327325095176,3146,3103.13,3119.9375,31.387634310903508,NaN,NaN
1641718800,3116.2851162547586,3135.32,3084.81,3114.0925,30.942413542256716,NaN,NaN
1641729600,3115.188808127379,3135,3085.01,3111.575,30.74016163543203,NaN,NaN
1641740400,3113.3819040636895,3177.86,3072.71,3128.7775,33.91867437140162,NaN,NaN
1641751200,3121.079702031845,3211.72,3121.079702031845,3183.86,42.94736818618571,NaN,NaN
1641762000,3152.4698510159224,3204.37,3143.84,3174.0049999999997,41.845764565096786,NaN,NaN
1641772800,3163.2374255079612,3171.25,3128.11,3151.2875,39.34069701595714,NaN,NaN
1641783600,3157.262462753981,3185,3147.87,3165.1724999999997,41.64029058455044,NaN,NaN
1641794400,3161.2174813769902,3175.07,3138.01,3158.085,40.790245692348414,NaN,NaN
1641805200,3159.651240688495,3168,3094.39,3128.04,37.312877533783244,NaN,NaN
1641816000,3143.8456203442474,3143.8456203442474,2928.83,3040.7875000000004,29.45873469189796,NaN,NaN
1641826800,3092.316560172124,3095,2970.68,3024.2349999999997,28.24412007717065,NaN,NaN
1641837600,3058.275780086062,3088,3003.24,3046.5550000000003,32.29773851085642,NaN,NaN
1641848400,3052.415390043031,3096.15,3052.415390043031,3078.8925,37.78177021829951,NaN,NaN
1641859200,3065.6539450215155,3128.5,3051.8,3094.695,40.3256046936257,NaN,NaN
1641870000,3080.174472510758,3124.71,3080.174472510758,3113.125,43.24031498624209,NaN,NaN
1641880800,3096.649736255379,3146.98,3096.649736255379,3115.7074999999995,43.6556109594107,NaN,NaN
1641891600,3106.1786181276893,3134.02,3088,3110.0975,42.9209378220522,NaN,NaN
1641902400,3108.1380590638446,3135.52,3075.48,3109.315,42.81271147689137,NaN,NaN
1641913200,3108.726529531922,3263.54,3108.726529531922,3180.3224999999998,54.11860650838975,NaN,NaN
1641924000,3144.5245147659607,3249.95,3144.5245147659607,3234.7200000000003,60.55263326959148,NaN,NaN
1641934800,3189.6222573829805,3248.76,3189.6222573829805,3237.9775,60.90617815567263,NaN,NaN
1641945600,3213.7998786914904,3259.99,3213.7998786914904,3236.5625,60.65188915590826,NaN,NaN
1641956400,3225.181189345745,3243.54,3219.37,3230.48,59.50186447593269,NaN,NaN
1641967200,3227.8305946728724,3260.89,3206.2,3232.2699999999995,59.74377317792125,NaN,NaN
1641978000,3230.050297336436,3295.96,3228.85,3257.3275,63.06939088552618,NaN,NaN
1641988800,3243.688898668218,3383.21,3243.688898668218,3324.95,70.21945672052021,NaN,NaN
1641999600,3284.319449334109,3388.02,3284.319449334109,3370.4175,73.88107749185669,NaN,NaN
1642010400,3327.368474667054,3393.1,3327.368474667054,3379.6349999999998,74.5638696780343,NaN,NaN
1642021200,3353.5017373335268,3411.43,3353.5017373335268,3380.0475,74.5958757960976,NaN,NaN
1642032000,3366.7746186667637,3384.56,3331.05,3355.5699999999997,69.04404788040412,NaN,NaN
1642042800,3361.1723093333817,3361.1723093333817,3310,3333.6875,64.42760240714605,NaN,NaN
1642053600,3347.429904666691,3357.69,3330,3345.565,65.76560486012848,NaN,NaN
1642064400,3346.497452333346,3379,3328.86,3349.8525,66.25896711722584,NaN,NaN
1642075200,3348.174976166673,3410,3332.28,3365.6775000000002,68.087044433611,NaN,NaN
1642086000,3356.9262380833366,3391.83,3249,3327.2425000000003,59.63596322450747,NaN,NaN
1642096800,3342.0843690416687,3342.0843690416687,3233.43,3271.7825,49.99329512925575,NaN,NaN
1642107600,3306.9334345208345,3306.9334345208345,3233.64,3256.985,47.773713372816474,NaN,NaN
1642118400,3281.959217260417,3281.959217260417,3222.22,3252.7875,47.13444267281174,NaN,NaN
1642129200,3267.3733586302087,3306.21,3261.5,3286.3375,52.594655942393416,NaN,NaN
1642140000,3276.8554293151046,3312.39,3240.3,3278.57,51.27424389942902,NaN,NaN
1642150800,3277.712714657552,3277.712714657552,3193.34,3231.7525,44.089451914140675,NaN,NaN
1642161600,3254.732607328776,3284.74,3188,3237.95,45.18444592057654,NaN,NaN
1642172400,3246.341303664388,3308.57,3246.341303664388,3280.6525,52.1397259887479,NaN,NaN
1642183200,3263.496901832194,3327,3263.496901832194,3295.1075,54.25563922479727,NaN,NaN
1642194000,3279.302200916097,3342.79,3279.302200916097,3311.6299999999997,56.616599153275324,NaN,NaN
1642204800,3295.4661004580485,3325.68,3295.14,3311.0074999999997,56.498285571858155,NaN,NaN
1642215600,3303.236800229024,3321.79,3293.31,3309.7774999999997,56.24816488115069,NaN,NaN
1642226400,3306.507150114512,3324.6,3302.75,3311.8875,56.60308874201334,NaN,NaN
1642237200,3309.197325057256,3338.93,3309.197325057256,3319.7799999999997,57.97633880765648,NaN,NaN
1642248000,3314.488662528628,3358.65,3261,3319.2225,57.837115355832196,NaN,NaN
1642258800,3316.855581264314,3371.64,3316.855581264314,3348.1875,62.83117563595064,NaN,NaN
1642269600,3332.5215406321568,3370.24,3332.5215406321568,3352.6224999999995,63.543219184444304,NaN,NaN
1642280400,3342.572020316078,3353,3323.85,3338.4825,59.62154570872867,NaN,NaN
1642291200,3340.527260158039,3340.527260158039,3295.14,3315.6125,53.834410632841426,NaN,NaN
1642302000,3328.0698800790196,3328.0698800790196,3299.04,3308.0125,52.02714297439556,NaN,NaN
1642312800,3318.0411900395097,3340.04,3303.66,3315.3075,53.636080011156565,NaN,NaN
1642323600,3316.6743450197546,3333.83,3285.49,3310.7125,52.442983007537336,NaN,NaN
1642334400,3313.6934225098776,3362.58,3269.62,3323.785,55.47728094933612,NaN,NaN
1642345200,3318.7392112549387,3393.6,3318.7392112549387,3357.8500000000004,62.23853002453465,NaN,NaN
1642356000,3338.2946056274695,3353.91,3310.42,3335.855,56.294122614626986,NaN,NaN
1642366800,3337.074802813735,3362.26,3326.56,3342.165,57.54682944909801,NaN,NaN
1642377600,3339.6199014068675,3357.57,3310.33,3335.07,55.6165449052691,NaN,NaN
1642388400,3337.344950703434,3337.344950703434,3237.16,3289.7025000000003,45.18065309634117,NaN,NaN
1642399200,3313.523725351717,3313.523725351717,3251,3272.0474999999997,41.88675726957176,NaN,NaN
1642410000,3292.7856126758584,3292.7856126758584,3254.44,3265.9075000000003,40.77343726464344,NaN,NaN
1642420800,3279.3465563379295,3280.6,3233.6,3256.5474999999997,39.06867389907134,NaN,NaN
1642431600,3267.9470281689646,3267.9470281689646,3192.59,3228.5125,34.42586285627536,NaN,NaN
1642442400,3248.229764084482,3248.229764084482,3180.13,3205.4375000000005,31.14514742076497,NaN,NaN
1642453200,3226.8336320422413,3226.8336320422413,3141.1,3195.03,29.767265317668816,NaN,NaN
1642464000,3210.9318160211205,3243.87,3204.76,3219.225,36.77059619616107,NaN,NaN
1642474800,3215.0784080105605,3219.43,3163.17,3193.8825,33.05282881385011,NaN,NaN
1642485600,3204.48045400528,3208,3150,3172.35,30.253895638259564,NaN,NaN
1642496400,3188.4152270026398,3191.61,3128.39,3162.0725,28.991954487176613,NaN,NaN
1642507200,3175.24386350132,3181.17,3100.18,3143.095,26.771382790209657,NaN,NaN
1642518000,3159.16943175066,3159.16943175066,3102.03,3117.6125,24.101904555154533,NaN,NaN
1642528800,3138.39096587533,3138.39096587533,3082,3110.7700000000004,23.426414650033493,NaN,NaN
1642539600,3124.5804829376652,3193,3118.53,3148.8325,34.434462613449554,NaN,NaN
1642550400,3136.7064914688326,3174.87,3136.7064914688326,3159.0724999999998,37.056098188751086,NaN,NaN
1642561200,3147.8894957344164,3158.82,3088,3127.66,32.732343683916014,NaN,NaN
1642572000,3137.774747867208,3137.774747867208,3044.81,3081.6475,27.6441603147521,NaN,NaN
1642582800,3109.711123933604,3130.33,3000,3077.9700000000003,27.279172489750962,NaN,NaN
1642593600,3093.840561966802,3161.18,3093.840561966802,3136.7825,40.751786750775004,NaN,NaN
1642604400,3115.311530983401,3161.85,3082.81,3138.3925,41.07362945920053,NaN,NaN
1642615200,3126.8520154917005,3156.8,3102.28,3129.4875,39.78628566392853,NaN,NaN
1642626000,3128.1697577458503,3129.89,3081.86,3100.9375,35.90122662686444,NaN,NaN
1642636800,3114.5536288729254,3129.97,3083,3104.9275,36.829613996291876,NaN,NaN
1642647600,3109.7405644364626,3136.65,3109.7405644364626,3125.1325,41.453933855412004,NaN,NaN
1642658400,3117.436532218231,3153.8,3117.436532218231,3133.7875000000004,43.36643258556069,NaN,NaN
1642669200,3125.6120161091158,3155,3116.68,3138.4425,44.41808978962674,NaN,NaN
1642680000,3132.027258054558,3225.27,3127.59,3181.1875000000005,53.041261312227704,NaN,NaN
1642690800,3156.6073790272794,3273.37,3156.6073790272794,3235.9175000000005,61.31655648363725,NaN,NaN
1642701600,3196.26243951364,3249.17,3184,3215.295,57.22442960937129,NaN,NaN
1642712400,3205.77871975682,3205.77871975682,2987.15,3095.39,40.35913731707634,NaN,NaN
1642723200,3150.58435987841,3150.58435987841,2880,2955.815,29.470840554828996,NaN,NaN
1642734000,3053.199679939205,3053.199679939205,2810.02,2873.6425,25.16617992125417,NaN,NaN
1642744800,2963.4210899696027,2963.4210899696027,2833.19,2871.1349999999998,25.045958136440163,NaN,NaN
1642755600,2917.2780449848015,2917.2780449848015,2834.44,2867.1225,24.841454197850524,NaN,NaN
1642766400,2892.2002724924005,2892.2002724924005,2730.39,2804.2825000000003,21.834583501295015,NaN,NaN
1642777200,2848.2413862462004,2861.58,2766.24,2797.9225,21.55027090980542,NaN,NaN
1642788000,2823.0819431231002,2823.0819431231002,2700.36,2758.125,19.811832942959867,NaN,NaN
1642798800,2790.60347156155,2790.60347156155,2403,2618.5525,15.18527606702952,NaN,NaN
1642809600,2704.5779857807747,2704.5779857807747,2549.07,2583.96,14.294306029526695,NaN,NaN
1642820400,2644.2689928903874,2644.2689928903874,2477.93,2545.93,13.36584058727479,NaN,NaN
1642831200,2595.099496445194,2595.099496445194,2423.66,2480.7625,11.935225751049927,NaN,NaN
1642842000,2537.930998222597,2537.930998222597,2300,2421.8325,10.808585239951555,NaN,NaN
1642852800,2479.8817491112986,2521.84,2415.66,2446.805,14.492171683488237,NaN,NaN
1642863600,2463.3433745556495,2464.84,2361.73,2406.2999999999997,13.517045355566339,NaN,NaN
1642874400,2434.821687277825,2457.48,2320,2396.7825000000003,13.29074990130239,NaN,NaN
1642885200,2415.8020936389125,2472.01,2365,2419.7725,16.90940105177333,NaN,NaN
1642896000,2417.787296819456,2463.87,2388.37,2414.9449999999997,16.75131332880217,NaN,NaN
1642906800,2416.366148409728,2484.51,2385.9,2433.4025,19.837187020652735,NaN,NaN
1642917600,2424.8843242048642,2520.25,2424.8843242048642,2489.6075,28.52555676494039,NaN,NaN
1642928400,2457.245912102432,2556.78,2457.245912102432,2516.685,32.33073580563283,NaN,NaN
1642939200,2486.9654560512163,2518.27,2405.01,2463.7625000000003,29.072900352763682,NaN,NaN
1642950000,2475.363978025608,2475.363978025608,2415.74,2435.2175,27.465320317662062,NaN,NaN
1642960800,2455.290739012804,2455.290739012804,2370.8,2419.4625,26.591348069245853,NaN,NaN
1642971600,2437.3766195064018,2547.65,2404.17,2478.5775000000003,34.95491316912414,NaN,NaN
1642982400,2457.977059753201,2539.75,2431.8,2486.7925,36.04537558805296,NaN,NaN
1642993200,2472.3847798766005,2472.3847798766005,2414.7,2440.5924999999997,32.72286331015998,NaN,NaN
1643004000,2456.4886399383004,2456.4886399383004,2363.93,2411.005,30.766937882156014,NaN,NaN
1643014800,2433.7468199691502,2433.7468199691502,2200.9,2304.635,24.984972987993373,NaN,NaN
1643025600,2369.1909099845752,2369.1909099845752,2160,2214.6400000000003,21.332285847291658,NaN,NaN
1643036400,2291.915454992288,2367,2159,2269.655,28.238971139123635,NaN,NaN
1643047200,2280.785227496144,2480.58,2280.785227496144,2406.3725,41.8921967879606,NaN,NaN
1643058000,2343.578863748072,2477.44,2343.578863748072,2447.3175,45.25172652539133,NaN,NaN
1643068800,2395.448181874036,2442.9,2377.6,2417.685,43.300580161730764,NaN,NaN
1643079600,2406.566590937018,2425,2375.01,2401.1875,42.20939524983186,NaN,NaN
1643090400,2403.877045468509,2412.78,2348.96,2385.3025,41.13450366255144,NaN,NaN
1643101200,2394.5897727342544,2453.06,2381.43,2411.06,43.640739814292765,NaN,NaN
1643112000,2402.824886367127,2469.12,2388.13,2418.79,44.40572273239308,NaN,NaN
1643122800,2410.8074431835635,2492.94,2365.23,2433.0275,45.863252850793046,NaN,NaN
1643133600,2421.9174715917816,2506.55,2421.9174715917816,2463.9,48.98642521100264,NaN,NaN
1643144400,2442.9087357958906,2471.46,2404.51,2443.2650000000003,47.03331503564441,NaN,NaN
1643155200,2443.0868678979455,2469.98,2414.71,2447.1475,47.457788957333015,NaN,NaN
1643166000,2445.1171839489725,2500,2443.85,2466.1724999999997,49.58968261425426,NaN,NaN
1643176800,2455.644841974486,2492.29,2444.49,2475.0950000000003,50.6019918632641,NaN,NaN
1643187600,2465.369920987243,2548.2,2465.369920987243,2514.8050000000003,54.93902163818133,NaN,NaN
1643198400,2490.0874604936216,2668.58,2490.0874604936216,2596.4449999999997,62.272765394042985,NaN,NaN
1643209200,2543.2662302468107,2658.66,2543.2662302468107,2621.8575,64.22458158098334,NaN,NaN
1643220000,2582.5618651234054,2722,2469.54,2576.51,58.41677479696187,NaN,NaN
1643230800,2579.535932561703,2579.535932561703,2402.03,2479.775,48.36855820293999,NaN,NaN
1643241600,2529.655466280851,2529.655466280851,2356.66,2425.605,43.822751760537024,NaN,NaN
1643252400,2477.630233140426,2477.630233140426,2354.02,2385.355,40.75762526406238,NaN,NaN
1643263200,2431.4926165702127,2444.97,2375.35,2412.6225,43.63390313998175,NaN,NaN
1643274000,2422.057558285106,2459.01,2416.43,2443.045,46.7408030122957,NaN,NaN
1643284800,2432.551279142553,2521,2432.551279142553,2478.235,50.162743644072386,NaN,NaN
1643295600,2455.3931395712766,2517.96,2436.78,2474.075,49.7557572004309,NaN,NaN
1643306400,2464.734069785638,2464.734069785638,2337.5,2395.7599999999998,42.72757222334008,NaN,NaN
1643317200,2430.247034892819,2431.23,2316.43,2378.0575,41.307207068754046,NaN,NaN
1643328000,2404.1522674464095,2446.68,2360,2408.7574999999997,44.73809178598521,NaN,NaN
1643338800,2406.4548837232046,2461,2399.62,2428.3275,46.87014062633051,NaN,NaN
1643349600,2417.3911918616022,2474.09,2375.12,2425.3225,46.5730123829551,NaN,NaN
1643360400,2421.3568459308012,2421.3568459308012,2371.87,2398.3050000000003,43.87964175759471,NaN,NaN
1643371200,2409.8309229654005,2440.95,2357.88,2397.875,43.83619047764215,NaN,NaN
1643382000,2403.8529614827003,2492.26,2390,2433.145,48.353712676128325,NaN,NaN
1643392800,2418.4989807413504,2517.22,2418.4989807413504,2476.67,53.34134007855628,NaN,NaN
1643403600,2447.584490370675,2558.98,2447.584490370675,2529.96,58.61152596553315,NaN,NaN
1643414400,2488.772245185338,2585.89,2488.772245185338,2544.9024999999997,59.976641561435294,NaN,NaN
1643425200,2516.8373725926685,2554.6,2516.8373725926685,2534.9049999999997,58.58436794225709,NaN,NaN
1643436000,2525.871186296334,2578.62,2525.871186296334,2549.3475,60.027927684339616,NaN,NaN
1643446800,2537.6093431481668,2558,2535,2551.155,60.21482897941551,NaN,NaN
1643457600,2544.3821715740833,2607.69,2532.26,2558.965,61.062029796556736,NaN,NaN
1643468400,2551.6735857870417,2577,2523.65,2551.7225000000003,59.790520258051664,NaN,NaN
1643479200,2551.6980428935212,2636.66,2551.6980428935212,2592.6275,64.31073036992973,NaN,NaN
1643490000,2572.1627714467604,2636.02,2572.1627714467604,2606.11,65.68020371945605,NaN,NaN
1643500800,2589.13638572338,2614.97,2563.49,2590.1375,62.614851181777354,NaN,NaN
1643511600,2589.63694286169,2613.32,2566.7,2591.5175,62.77649313756902,NaN,NaN
1643522400,2590.577221430845,2632.4,2590.577221430845,2610.1125,64.97408125569712,NaN,NaN
1643533200,2600.3448607154223,2640,2597.3,2617.6025,65.84867602507283,NaN,NaN
1643544000,2608.973680357711,2639,2585.58,2613.2025,64.82464519859286,NaN,NaN
1643554800,2611.0880901788555,2623.83,2586.64,2607.7275,63.50132512139595,NaN,NaN
1643565600,2609.407795089428,2624.66,2542.5,2590.26,59.33935564306962,NaN,NaN
1643576400,2599.833897544714,2632.6,2544.39,2588.525,58.926233762265966,NaN,NaN
1643587200,2594.1794487723573,2608.48,2490.75,2553.2875,51.13908271732048,NaN,NaN
1643598000,2573.7334743861784,2573.7334743861784,2476.07,2504.67,42.74573975825826,NaN,NaN
1643608800,2539.2017371930892,2539.2017371930892,2502.38,2519.4500000000003,45.665353351219025,NaN,NaN
1643619600,2529.3258685965448,2569.75,2518.45,2544.5299999999997,50.2970247231319,NaN,NaN
1643630400,2536.9279342982722,2590.6,2520,2563.9175,53.59044572009203,NaN,NaN
1643641200,2550.422717149136,2696.33,2550.422717149136,2638.2225,63.55726776705923,NaN,NaN
1643652000,2594.322608574568,2706.77,2594.322608574568,2684.7925,68.17093317611375,NaN,NaN
1643662800,2639.557554287284,2705.84,2639.557554287284,2687.7025000000003,68.43980560443947,NaN,NaN
1643673600,2663.630027143642,2719,2663.630027143642,2698.635,69.48279129884793,NaN,NaN
1643684400,2681.132513571821,2767.31,2681.132513571821,2731.1375,72.40280925292677,NaN,NaN
1643695200,2706.1350067859103,2766,2706.1350067859103,2745.68,73.6190997529254,NaN,NaN
1643706000,2725.907503392955,2796.79,2719,2760.5975,74.84387887287667,NaN,NaN
1643716800,2743.2525016964773,2811.26,2743.2525016964773,2774.6949999999997,75.97886967420484,NaN,NaN
1643727600,2758.9737508482385,2813,2732.05,2774.63,75.96185200231754,NaN,NaN
1643738400,2766.8018754241193,2801.11,2750.42,2775.9025,76.07482937709537,NaN,NaN
1643749200,2771.3521877120597,2804.02,2769.38,2782.5474999999997,76.6909101674253,NaN,NaN
1643760000,2776.9498438560295,2803.53,2741.67,2777.0025,74.95637758338941,NaN,NaN
1643770800,2776.976171928015,2797,2750,2771.585,73.21410782624403,NaN,NaN
1643781600,2774.2805859640075,2781.43,2740,2762.085,70.1355020041261,NaN,NaN
1643792400,2768.182792982004,2777.71,2752.89,2765.1025,70.55897007204395,NaN,NaN
1643803200,2766.642646491002,2810.88,2684,2737.2075000000004,61.8306083084774,NaN,NaN
1643814000,2751.925073245501,2751.925073245501,2638,2678.5125,48.293434082554256,NaN,NaN
1643824800,2715.2187866227505,2735,2672.94,2705.4750000000004,53.3464737612215,NaN,NaN
1643835600,2710.3468933113754,2733.53,2612.72,2688.7125,50.070416149918636,NaN,NaN
1643846400,2699.529696655688,2726.64,2664.69,2689.7425,50.27249719568948,NaN,NaN
1643857200,2694.6360983278437,2694.6360983278437,2646.09,2669.3599999999997,46.28066620109516,NaN,NaN
1643868000,2681.9980491639217,2685,2638,2662.825,45.04566462802508,NaN,NaN
1643878800,2672.4115245819607,2674.32,2582.75,2637.9125,40.59802843719858,NaN,NaN
1643889600,2655.1620122909803,2655.1620122909803,2576.05,2608.69,36.09589087818792,NaN,NaN
1643900400,2631.92600614549,2659.87,2602.01,2624.3675000000003,39.94372493675339,NaN,NaN
1643911200,2628.146753072745,2635.57,2576.31,2605.4974999999995,37.05186412259391,NaN,NaN
1643922000,2616.8221265363723,2699,2582.45,2640.0074999999997,44.90746361993406,NaN,NaN
1643932800,2628.4148132681858,2698.43,2628.4148132681858,2688.1449999999995,53.60490961751336,NaN,NaN
1643943600,2658.2799066340926,2780.67,2658.2799066340926,2728.52,59.39507972578095,NaN,NaN
1643954400,2693.3999533170463,2850,2693.3999533170463,2806.3849999999998,67.75337945616468,NaN,NaN
1643965200,2749.8924766585233,2870,2749.8924766585233,2838.3875000000003,70.44603804054069,NaN,NaN
1643976000,2794.1399883292615,2856,2762.45,2818.2949999999996,66.68129070098738,NaN,NaN
1643986800,2806.217494164631,2960.75,2806.217494164631,2891.285,72.44271390226662,NaN,NaN
1643997600,2848.7512470823153,2979,2848.7512470823153,2954.7725,76.28412134099462,NaN,NaN
1644008400,2901.761873541158,2995,2901.761873541158,2968.85,77.04812270670742,NaN,NaN
1644019200,2935.305936770579,3017.02,2935.305936770579,2990.8050000000003,78.22622045402383,NaN,NaN
1644030000,2963.0554683852897,3037.3,2963.0554683852897,3008.6975,79.16482475023983,NaN,NaN
1644040800,2985.876484192645,3037.9,2985.876484192645,3014.5425,79.47607330538875,NaN,NaN
1644051600,3000.2094920963227,3035.69,3000.2094920963227,3014.4049999999997,79.44600664967346,NaN,NaN
1644062400,3007.3072460481612,3048.37,2998.05,3019.9075,79.77574039138952,NaN,NaN
1644073200,3013.6073730240805,3060.47,2961,3014.7299999999996,78.49965520228673,NaN,NaN
1644084000,3014.16868651204,3025.86,2993.36,3012.9025,78.02523207164865,NaN,NaN
1644094800,3013.53559325602,3036.78,3008.26,3018.61,78.46301243862966,NaN,NaN
1644105600,3016.07279662801,3033.84,3010.43,3020.29,78.5981670903466,NaN,NaN
1644116400,3018.181398314005,3025.43,2988.7,3014.6375,76.85069671376809,NaN,NaN
1644127200,3016.409449157002,3020.41,2995,3011.79,75.93480083020717,NaN,NaN
1644138000,3014.099724578501,3022.52,2998.53,3009.8025000000002,75.2605926463861,NaN,NaN
1644148800,3011.951112289251,3047,2970.99,3000.515,72.04165037676057,NaN,NaN
1644159600,3006.233056144625,3009.98,2950.21,2984.9325,66.87363854106553,NaN,NaN
1644170400,2995.5827780723125,3006,2975.39,2992.025,67.9988954977332,NaN,NaN
1644181200,2993.8038890361563,3074.56,2980.65,3023.7625,72.50044196049181,NaN,NaN
1644192000,3008.783194518078,3063.94,2991.8,3036.3125000000005,74.05465961235195,NaN,NaN
1644202800,3022.5478472590394,3110.44,3022.5478472590394,3068.1850000000004,77.52826039605888,NaN,NaN
1644213600,3045.36642362952,3105.46,3045.36642362952,3084.0125,79.0296941393247,NaN,NaN
1644224400,3064.68946181476,3079,3049.01,3066.8375,73.3059793444109,NaN,NaN
1644235200,3065.7634809073797,3127.85,3054.09,3093.03,76.14361836810016,NaN,NaN
1644246000,3079.3967404536897,3150,3079.3967404536897,3127.8949999999995,79.298243457394,NaN,NaN
1644256800,3103.6458702268446,3186,3103.6458702268446,3154.41,81.32116740037299,NaN,NaN
1644267600,3129.0279351134222,3160.7,3129.0279351134222,3145.9075000000003,78.66654871267374,NaN,NaN
1644278400,3137.4677175567112,3157.4,3112,3137.1925,75.93052182121903,NaN,NaN
1644289200,3137.3301087783557,3195,3128.67,3162.205,78.2668183710017,NaN,NaN
1644300000,3149.767554389178,3232.87,3101,3155.815,76.23108071861344,NaN,NaN
1644310800,3152.791277194589,3152.791277194589,3073.57,3101.7375,61.62315666618189,NaN,NaN
1644321600,3127.264388597295,3127.264388597295,3050,3082.7825,57.46633143964,NaN,NaN
1644332400,3105.0234442986475,3105.0234442986475,3025.21,3058.3025,52.537338462764914,NaN,NaN
1644343200,3081.6629721493237,3119.59,3032.34,3080.3,56.17493007656449,NaN,NaN
1644354000,3080.981486074662,3138,3080.981486074662,3117.0225,61.48215430950038,NaN,NaN
1644364800,3099.001993037331,3132,3060.41,3096.1725,57.24348633370403,NaN,NaN
1644375600,3097.587246518666,3106.4,3055,3081.685,54.43525637749283,NaN,NaN
1644386400,3089.6361232593326,3113.69,3069,3091.635,56.03066099197987,NaN,NaN
1644397200,3090.6355616296664,3158.37,3090.6355616296664,3124.3175,60.87637593524392,NaN,NaN
1644408000,3107.4765308148335,3216.99,3107.4765308148335,3174.595,66.91669526836284,NaN,NaN
1644418800,3141.035765407417,3217.69,3141.035765407417,3189.5950000000003,68.48022518599475,NaN,NaN
1644429600,3165.3153827037086,3269.7,3165.3153827037086,3227.805,72.09771666606238,NaN,NaN
1644440400,3196.560191351854,3261.22,3196.560191351854,3248.6825,73.86281673485965,NaN,NaN
1644451200,3222.621345675927,3248.98,3184.01,3215.7925,66.703846893547,NaN,NaN
1644462000,3219.2069228379632,3219.2069228379632,3156.45,3178.77,59.69062838720177,NaN,NaN
1644472800,3198.9884614189814,3208.02,3168,3187.42,60.72951419190752,NaN,NaN
1644483600,3193.2042307094907,3283.66,3183.62,3228.5199999999995,65.30501732367047,NaN,NaN
1644494400,3210.862115354745,3264.44,3085.5,3191.9975,58.75393712015751,NaN,NaN
1644505200,3201.4298076773725,3264.85,3157.03,3200.67,59.78555055402578,NaN,NaN
1644516000,3201.049903838686,3217.46,3085.04,3156.27,52.54034436590028,NaN,NaN
1644526800,3178.6599519193433,3178.6599519193433,3056.74,3093.0475,44.306616947974966,NaN,NaN
1644537600,3135.8537259596715,3135.8537259596715,3001,3057.16,40.43317021295943,NaN,NaN
1644548400,3096.5068629798357,3096.5068629798357,3040.34,3058.5,40.641838147635035,NaN,NaN
1644559200,3077.5034314899176,3112.78,3040.99,3067.9224999999997,42.17577362722298,NaN,NaN
1644570000,3072.7129657449586,3115.98,3062.56,3084.2200000000003,44.831348464174475,NaN,NaN
1644580800,3078.4664828724794,3138.62,3078.4664828724794,3100.0175,47.355158116981684,NaN,NaN
1644591600,3089.24199143624,3118.19,3068.93,3088.985,45.78004867878737,NaN,NaN
1644602400,3089.1134957181202,3089.1134957181202,2907.49,2996.1525,35.17733242418575,NaN,NaN
1644613200,3042.63299785906,3042.63299785906,2879,2916.5699999999997,28.980744196698524,NaN,NaN
1644624000,2979.60149892953,2979.60149892953,2910.33,2938.4700000000003,32.50426843934201,NaN,NaN
1644634800,2959.035749464765,2959.035749464765,2918.32,2939.465,32.6677196415141,NaN,NaN
1644645600,2949.2503747323826,2949.2503747323826,2880.01,2920.9950000000003,31.159280711883852,NaN,NaN
1644656400,2935.1226873661917,2939.02,2871.61,2919.0825,30.999661524304273,NaN,NaN
1644667200,2927.1025936830956,2937.79,2858.3,2905.9275,29.866338411068114,NaN,NaN
1644678000,2916.5150468415477,2945.99,2858.43,2910.4750000000004,30.808052113556755,NaN,NaN
1644688800,2913.495023420774,2985.98,2913.495023420774,2958.58,39.987861689740306,NaN,NaN
1644699600,2936.0375117103868,2968.24,2866.06,2930.325,36.891878058411606,NaN,NaN
1644710400,2933.1812558551933,2946.66,2897.69,2922.1575000000003,36.02364436395357,NaN,NaN
1644721200,2927.6693779275965,2930.31,2899.71,2917.6049999999996,35.52182588768099,NaN,NaN
1644732000,2922.637188963798,2930.31,2904,2919.335,35.88732282755315,NaN,NaN
1644742800,2920.9860944818993,2946,2908.08,2928.4425,37.883574223468585,NaN,NaN
1644753600,2924.7142972409497,2954.4,2909.73,2932.1225,38.71393415833858,NaN,NaN
1644764400,2928.418398620475,2942.12,2866,2907.3,35.287350328060796,NaN,NaN
1644775200,2917.8591993102373,2917.8591993102373,2836.7,2882.6850000000004,32.239963412930464,NaN,NaN
1644786000,2900.272099655119,2908.82,2865.55,2887.09,33.349251468172156,NaN,NaN
1644796800,2893.6810498275595,2893.7,2829.01,2859.5825,30.041847561313915,NaN,NaN
1644807600,2876.6317749137797,2876.6317749137797,2835.41,2849.96,28.95986764678453,NaN,NaN
1644818400,2863.29588745689,2890.06,2844.29,2860.2125,31.779135384341643,NaN,NaN
1644829200,2861.754193728445,2879.13,2846.03,2864.5375,32.98731251855689,NaN,NaN
1644840000,2863.145846864222,2964.87,2856.85,2908.755,43.92183755317278,NaN,NaN
1644850800,2885.950423432111,2964.97,2885.950423432111,2941.2475,50.334930862203244,NaN,NaN
1644861600,2913.598961716056,2952.94,2857.28,2912.5075000000006,45.39038950690121,NaN,NaN
1644872400,2913.053230858028,2948.74,2888.31,2915.5899999999997,46.00305961836849,NaN,NaN
1644883200,2914.321615429014,3037.82,2912.06,2977.1475,56.49896247329505,NaN,NaN
1644894000,2945.734557714507,3035.43,2945.734557714507,3021.475,62.19732563320007,NaN,NaN
1644904800,2983.604778857253,3088.14,2983.604778857253,3048.3175,65.17246713213791,NaN,NaN
1644915600,3015.9611394286267,3117.36,3015.9611394286267,3090.3450000000003,69.25272002472173,NaN,NaN
1644926400,3053.1530697143135,3149,3053.1530697143135,3112.77,71.19208595290667,NaN,NaN
1644937200,3082.961534857157,3141.37,3082.961534857157,3110.8675000000003,70.78417428656869,NaN,NaN
1644948000,3096.9145174285786,3122.66,3092.54,3106.3750000000005,69.76760651726462,NaN,NaN
1644958800,3101.6447587142893,3196.19,3092.05,3146.175,73.41082117339974,NaN,NaN
1644969600,3123.9098793571447,3184.55,3123.9098793571447,3164.0049999999997,74.87174481526702,NaN,NaN
1644980400,3143.957439678572,3174.6,3105,3140.895,69.53861774277621,NaN,NaN
1644991200,3142.426219839286,3162.86,3125.38,3138.8450000000003,69.06863334649458,NaN,NaN
1645002000,3140.6356099196432,3152.21,3112.77,3134.6974999999998,68.0663123568182,NaN,NaN
1645012800,3137.6665549598215,3144.38,3051.28,3098.3550000000005,59.86784493609198,NaN,NaN
1645023600,3118.0107774799108,3118.0107774799108,3044.03,3066.2124999999996,53.70648323300182,NaN,NaN
1645034400,3092.111638739955,3186.77,3065.14,3117.775,60.69479322870983,NaN,NaN
1645045200,3104.943319369978,3159.66,3104.943319369978,3136.875,62.927287900164984,NaN,NaN
1645056000,3120.909159684989,3160,3118.45,3133.3274999999994,62.220405927639796,NaN,NaN
1645066800,3127.118329842494,3133.35,3050,3096.2075,55.22927435627716,NaN,NaN
1645077600,3111.6629149212467,3137.32,3029.44,3075.195,51.6887689144552,NaN,NaN
1645088400,3093.4289574606237,3093.4289574606237,3035,3060.6475,49.33094853047307,NaN,NaN
1645099200,3077.038228730312,3086.76,2961.31,3021.8325,43.61432499678651,NaN,NaN
1645110000,3049.4353643651557,3049.4353643651557,2934.58,2966.0675,36.983404592710045,NaN,NaN
1645120800,3007.751432182578,3007.751432182578,2882.43,2922.2025,32.76372873216417,NaN,NaN
1645131600,2964.976966091289,2964.976966091289,2851.55,2887.5675,29.866162522240998,NaN,NaN
1645142400,2926.2722330456445,2926.2722330456445,2861,2894.55,31.18742258403475,NaN,NaN
1645153200,2910.4111165228223,2914,2876.89,2898.735,32.01412385453564,NaN,NaN
1645164000,2904.5730582614115,2943.97,2894.91,2919.3275,36.08318487336555,NaN,NaN
1645174800,2911.950279130706,2941.7,2872.01,2907.925,34.83974120921229,NaN,NaN
1645185600,2909.937639565353,2909.937639565353,2800,2859.1075,30.063170913045226,NaN,NaN
1645196400,2884.5225697826763,2884.5225697826763,2764.73,2817.0025,26.667217135192246,NaN,NaN
1645207200,2850.762534891338,2850.762534891338,2750,2783.7025,24.32673144327424,NaN,NaN
1645218000,2817.232517445669,2817.232517445669,2753.72,2782.2225,24.224967561952127,NaN,NaN
1645228800,2799.7275087228345,2830.96,2766.37,2798.4900000000002,27.80008546550539,NaN,NaN
1645239600,2799.1087543614176,2827.53,2793.72,2811.965,30.716096918003387,NaN,NaN
1645250400,2805.536877180709,2825.98,2780.04,2799.2799999999997,29.507901329972228,NaN,NaN
1645261200,2802.4084385903543,2802.4084385903543,2707.37,2751.1325,25.420694776446297,NaN,NaN
1645272000,2776.7704692951775,2776.7704692951775,2694.45,2723.6525,23.42626400266596,NaN,NaN
1645282800,2750.211484647589,2796,2719.48,2751.4599999999996,29.457576452903467,NaN,NaN
1645293600,2750.835742323794,2763.02,2740,2755.6625,30.350431343186273,NaN,NaN
1645304400,2753.249121161897,2767.84,2727.39,2754.1499999999996,30.202267443878824,NaN,NaN
1645315200,2753.6995605809484,2764.64,2706.19,2736.6125,28.46696310030407,NaN,NaN
1645326000,2745.1560302904745,2745.1560302904745,2655.33,2686.5299999999997,24.192179788538695,NaN,NaN
1645336800,2715.843015145237,2715.843015145237,2602.05,2632.935,20.623144720418992,NaN,NaN
1645347600,2674.3890075726185,2674.3890075726185,2600,2624.295,20.108127680235228,NaN,NaN
1645358400,2649.3420037863093,2665.13,2600.83,2633.5775,22.351672318173712,NaN,NaN
1645369200,2641.4597518931546,2675.18,2623.56,2642.5550000000003,24.55824895132079,NaN,NaN
1645380000,2642.0073759465777,2669.18,2622.45,2640.835,24.415095097262693,NaN,NaN
1645390800,2641.421187973289,2666.23,2576,2622.4575,22.880433705480783,NaN,NaN
1645401600,2631.9393439866444,2733.47,2605.11,2670.7225,34.52128764666841,NaN,NaN
1645412400,2651.330921993322,2756.6,2651.330921993322,2729.9775,45.414896450572954,NaN,NaN
1645423200,2690.6542109966613,2759.51,2690.6542109966613,2734.125,46.09094738958292,NaN,NaN
1645434000,2712.3896054983306,2732.65,2605.27,2671.7025000000003,38.38529208123561,NaN,NaN
1645444800,2692.0460527491655,2726.24,2580.3,2658.54,36.98132065530107,NaN,NaN
1645455600,2675.293026374583,2750.88,2675.293026374583,2709.4475,45.31255119490535,NaN,NaN
1645466400,2692.3702631872916,2703.87,2606.34,2664.3475,40.2373975567043,NaN,NaN
1645477200,2678.3588815936455,2678.3588815936455,2558,2613.3225,35.40574622599222,NaN,NaN
1645488000,2645.840690796823,2645.840690796823,2552.11,2579.91,32.641677636575736,NaN,NaN
1645498800,2612.8753453984114,2612.8753453984114,2500,2540.165,29.674045690776964,NaN,NaN
1645509600,2576.5201726992054,2576.5201726992054,2501,2527.4275,28.771263708658324,NaN,NaN
1645520400,2551.9738363496026,2608.87,2536.17,2571.0475,35.95689083464504,NaN,NaN
1645531200,2561.510668174801,2661.42,2561.510668174801,2615.465,42.3360965681425,NaN,NaN
1645542000,2588.4878340874006,2665.74,2582.16,2621.6974999999998,43.191169015800014,NaN,NaN
1645552800,2605.0926670437,2644.9,2580,2605.21,41.44051152137871,NaN,NaN
1645563600,2605.15133352185,2655.4,2591.98,2621.3324999999995,43.83775924958611,NaN,NaN
1645574400,2613.241916760925,2654.53,2597.38,2625.94,44.53653890197726,NaN,NaN
1645585200,2619.5909583804623,2664.99,2607.3,2636.3149999999996,46.16096709571914,NaN,NaN
1645596000,2627.952979190231,2722.5,2627.952979190231,2684.1225,52.99298281374089,NaN,NaN
1645606800,2656.0377395951155,2738.83,2656.0377395951155,2714.8875,56.79272437443786,NaN,NaN
1645617600,2685.4626197975576,2753.55,2685.4626197975576,2720.8225,57.506339418308976,NaN,NaN
1645628400,2703.142559898779,2729.99,2662.37,2691.6324999999997,52.88040039837042,NaN,NaN
1645639200,2697.3875299493893,2697.3875299493893,2609.49,2641.9674999999997,46.087321252195814,NaN,NaN
1645650000,2669.6775149746945,2669.6775149746945,2575.83,2604.04,41.68354681748005,NaN,NaN
1645660800,2636.8587574873472,2636.8587574873472,2488,2539.2875,35.454739392535544,NaN,NaN
1645671600,2588.073128743674,2588.073128743674,2300,2407.57,26.710927150237936,NaN,NaN
1645682400,2497.8215643718368,2497.8215643718368,2301,2362.4325,24.482676106646096,NaN,NaN
1645693200,2430.1270321859183,2430.1270321859183,2332.11,2379.455,26.957373285071384,NaN,NaN
1645704000,2404.791016092959,2445.44,2349.57,2406.5375000000004,30.84046483345257,NaN,NaN
1645714800,2405.6642580464795,2490.57,2405.6642580464795,2444.2575,35.94789317317469,NaN,NaN
1645725600,2424.9608790232396,2740,2424.9608790232396,2564.8424999999997,48.93183965316784,NaN,NaN
1645736400,2494.9016895116197,2654.59,2494.9016895116197,2611.675,52.92318331690878,NaN,NaN
1645747200,2553.2883447558097,2649.96,2553.2883447558097,2616.9925000000003,53.36882937363601,NaN,NaN
1645758000,2585.140422377905,2641.51,2585.140422377905,2618.04,53.46228796353781,NaN,NaN
1645768800,2601.5902111889527,2646,2591.55,2612.9,52.90200322318177,NaN,NaN
1645779600,2607.2451055944766,2640.84,2571.72,2613.3725,52.950816360675255,NaN,NaN
1645790400,2610.308802797238,2734.06,2610.308802797238,2670.2925,58.527118083693935,NaN,NaN
1645801200,2640.3006513986193,2745.94,2640.3006513986193,2693.785,60.60256280971113,NaN,NaN
1645812000,2667.0428256993096,2719.81,2666.03,2697.905,60.97144029186437,NaN,NaN
1645822800,2682.473912849655,2834.97,2682.473912849655,2752.3525,65.56061854303422,NaN,NaN
1645833600,2717.4132064248274,2878,2717.4132064248274,2802.55,69.16094804338621,NaN,NaN
1645844400,2759.9816032124136,2821.86,2759.9816032124136,2792.675,67.66238874927146,NaN,NaN
1645855200,2776.328301606207,2816.76,2741.6,2772.5875,64.5962367524098,NaN,NaN
1645866000,2774.4579008031033,2779.9,2727.5,2753.7174999999997,61.76473004061746,NaN,NaN
1645876800,2764.0877004015515,2798,2742.16,2768.71,63.1469300451822,NaN,NaN
1645887600,2766.398850200776,2809.51,2766.398850200776,2790.8525,65.1506572742261,NaN,NaN
1645898400,2778.625675100388,2834.36,2764.44,2803.1775000000002,66.25061439964023,NaN,NaN
1645909200,2790.901587550194,2855.01,2764.43,2805.4775,66.46334331332062,NaN,NaN
1645920000,2798.1895437750973,2798.1895437750973,2678.21,2739.4049999999997,55.61778471876842,NaN,NaN
1645930800,2768.7972718875485,2768.7972718875485,2696.9,2710.4474999999998,51.64051269572656,NaN,NaN
1645941600,2739.622385943774,2747.22,2708.32,2726.755,53.65065239024787,NaN,NaN
1645952400,2733.188692971887,2832.31,2733.188692971887,2782.8075,59.83118442228099,NaN,NaN
1645963200,2757.9980964859433,2836.33,2713.23,2783.0624999999995,59.857409543670784,NaN,NaN
1645974000,2770.530298242971,2821.19,2756.25,2776.1324999999997,58.73512212453858,NaN,NaN
1645984800,2773.3313991214854,2773.3313991214854,2586,2688.5,46.788569636301425,NaN,NaN
1645995600,2730.9156995607427,2730.9156995607427,2557.98,2612.0874999999996,39.28518205445284,NaN,NaN
1646006400,2671.501599780371,2680,2590,2624.865,40.989356795955075,NaN,NaN
1646017200,2648.1832998901855,2648.1832998901855,2599.77,2613.89,39.95206258305829,NaN,NaN
1646028000,2631.036649945093,2658,2568.62,2615.5249999999996,40.19487292496382,NaN,NaN
1646038800,2623.2808249725463,2647.6,2611.48,2631.24,42.5974725911894,NaN,NaN
1646049600,2627.260412486273,2763.15,2607.38,2692.1825000000003,50.84463397728676,NaN,NaN
1646060400,2659.7214562431363,2830.77,2659.7214562431363,2787.2625,60.40310097698337,NaN,NaN
1646071200,2723.491978121568,2838.97,2723.491978121568,2821.5175,63.18095436352831,NaN,NaN
1646082000,2772.5047390607842,2951.6,2772.5047390607842,2879.01,67.32424738854095,NaN,NaN
1646092800,2825.757369530392,2974.3,2825.757369530392,2929.185,70.44958915373797,NaN,NaN
1646103600,2877.471184765196,2934.2,2877.471184765196,2913.6,68.26546618761637,NaN,NaN
1646114400,2895.535592382598,2932.67,2882.33,2913.0325,68.18257358926026,NaN,NaN
1646125200,2904.2840461912992,2929.15,2854.09,2902.495,66.56626134190438,NaN,NaN
1646136000,2903.3895230956496,3037.94,2899.39,2953.26,70.22788006381663,NaN,NaN
1646146800,2928.324761547825,2986.1,2897.16,2947.5975,69.31597418442853,NaN,NaN
1646157600,2937.9611307739124,2977.34,2913.87,2949.9199999999996,69.49095933669994,NaN,NaN
1646168400,2943.940565386956,2979.99,2938.42,2967.1749999999997,70.82228429280964,NaN,NaN
1646179200,2955.5577826934777,2981.71,2914.21,2955.0299999999997,68.55471741222865,NaN,NaN
1646190000,2955.2938913467387,3043.91,2939.19,2982.9175,70.86173355119021,NaN,NaN
1646200800,2969.105695673369,3008.6,2950.64,2984.3275000000003,70.9776704323045,NaN,NaN
1646211600,2976.7165978366847,3029,2970.49,2995.2975,71.91398175358644,NaN,NaN
1646222400,2986.0070489183427,3029.04,2925.64,2992.6025,71.30536064435444,NaN,NaN
1646233200,2989.3047744591713,3035,2943.53,2983.9300000000003,69.27360403636558,NaN,NaN
1646244000,2986.617387229586,2986.617387229586,2914.31,2943.24,60.555340104013865,NaN,NaN
1646254800,2964.928693614793,2987.62,2940.75,2956.1475,62.18129326364885,NaN,NaN
1646265600,2960.5380968073964,2970.97,2917.63,2941.86,59.26892904008022,NaN,NaN
1646276400,2951.1990484036983,2951.1990484036983,2886.77,2912.785,53.75163903904623,NaN,NaN
1646287200,2931.992024201849,2931.992024201849,2871.74,2899.3724999999995,51.37572151239283,NaN,NaN
1646298000,2915.682262100924,2934.02,2878,2907.6875,52.769517574445835,NaN,NaN
1646308800,2911.684881050462,2934.98,2879.51,2903.6625,51.99259829425266,NaN,NaN
1646319600,2907.673690525231,2907.673690525231,2785,2846.0099999999998,42.370075359728396,NaN,NaN
1646330400,2876.8418452626156,2876.8418452626156,2793.43,2812.9725,38.02685775921911,NaN,NaN
1646341200,2844.9071726313077,2849.55,2790.6,2819.4425,39.33829866710382,NaN,NaN
1646352000,2832.174836315654,2836.17,2687.47,2770.9425,33.598606324008244,NaN,NaN
1646362800,2801.558668157827,2801.558668157827,2710,2723.6675,29.13609913058471,NaN,NaN
1646373600,2762.6130840789137,2762.6130840789137,2704.5,2731.4775,30.771950865816038,NaN,NaN
1646384400,2747.045292039457,2759.24,2716.94,2741.14,32.83765395078552,NaN,NaN
1646395200,2744.0926460197284,2755.56,2660,2716.395,30.340787636805075,NaN,NaN
1646406000,2730.243823009864,2730.243823009864,2646.45,2689.6875,27.877018795532535,NaN,NaN
1646416800,2709.965661504932,2709.965661504932,2600,2650.5675,24.71164465219067,NaN,NaN
1646427600,2680.2665807524663,2680.2665807524663,2573,2609.39,21.89363538611174,NaN,NaN
1646438400,2644.828290376233,2644.828290376233,2589.38,2610.955,22.256499406305323,NaN,NaN
1646449200,2627.8916451881164,2630.23,2608.22,2618.4775,24.08221674401304,NaN,NaN
1646460000,2623.1845725940584,2655.5,2621.08,2638.1675,28.795719377849537,NaN,NaN
1646470800,2630.676036297029,2657.79,2630.676036297029,2647.1800000000003,30.910174992928276,NaN,NaN
1646481600,2638.9280181485146,2672.23,2627.34,2647.35,30.951826717763126,NaN,NaN
1646492400,2643.139009074257,2685.12,2636.7,2657.86,33.61634400881917,NaN,NaN
1646503200,2650.499504537129,2681.16,2650.499504537129,2667.9674999999997,36.16748252446601,NaN,NaN
1646514000,2659.2335022685643,2670.84,2650.69,2663.3675,35.49885238223497,NaN,NaN
1646524800,2661.300501134282,2676.29,2653.74,2664.6575,35.856976574258965,NaN,NaN
1646535600,2662.979000567141,2665.57,2616.14,2648.6975,33.3871131076867,NaN,NaN
1646546400,2655.8382502835707,2659.98,2634.03,2644.7825,32.79044860686287,NaN,NaN
1646557200,2650.3103751417852,2650.3103751417852,2590,2618.125,28.99126075142891,NaN,NaN
1646568000,2634.217687570893,2648.78,2605.24,2622.035,30.26746702084668,NaN,NaN
1646578800,2628.1263437854464,2654.79,2611.27,2630.8875,33.19493610285055,NaN,NaN
1646589600,2629.506921892723,2640.1,2604,2623.3075,31.95778841780954,NaN,NaN
1646600400,2626.4072109463614,2644.45,2535,2587.0550000000003,26.811200370087377,NaN,NaN
1646611200,2606.731105473181,2606.731105473181,2506.99,2534.2475,21.40392546309664,NaN,NaN
1646622000,2570.4893027365906,2570.4893027365906,2508.5,2525.3475,20.648100252198986,NaN,NaN
1646632800,2547.9184013682952,2547.9184013682952,2491,2523.78,20.510724158124773,NaN,NaN
1646643600,2535.849200684148,2547,2518.01,2534.1,24.091509211668352,NaN,NaN
1646654400,2534.974600342074,2649,2534.974600342074,2583.8575,38.480921890863044,NaN,NaN
1646665200,2559.416050171037,2639.87,2559.416050171037,2596.7599999999998,41.57378340841194,NaN,NaN
1646676000,2578.0880250855184,2578.0880250855184,2445,2513.3725,30.797336681396317,NaN,NaN
1646686800,2545.730262542759,2545.730262542759,2461.54,2487.2325,28.319194361435905,NaN,NaN
1646697600,2516.4813812713796,2572.29,2480.15,2522.5924999999997,35.84006866629642,NaN,NaN
1646708400,2519.5369406356895,2564.58,2514.61,2537.5,38.75746771802851,NaN,NaN
1646719200,2528.5184703178447,2588,2495.58,2544.2475,40.08543422504292,NaN,NaN
1646730000,2536.3829851589226,2609.04,2536.3829851589226,2582.815,47.14077581007257,NaN,NaN
1646740800,2559.598992579461,2608.29,2556.02,2581.5125000000003,46.93974285245158,NaN,NaN
1646751600,2570.5557462897305,2606.15,2525.26,2574.445,45.79845772364709,NaN,NaN
1646762400,2572.500373144865,2624,2550,2579.985,46.88856716517971,NaN,NaN
1646773200,2576.242686572433,2586.1,2548.58,2565.995,44.45697360343271,NaN,NaN
1646784000,2571.1188432862164,2634.65,2567.7,2599.7,51.04402467579198,NaN,NaN
1646794800,2585.409421643108,2729.89,2585.409421643108,2670.6375,61.41550113363951,NaN,NaN
1646805600,2628.023460821554,2775.85,2628.023460821554,2737.63,68.25527103233755,NaN,NaN
1646816400,2682.826730410777,2768,2682.826730410777,2752.1225,69.51427462133442,NaN,NaN
1646827200,2717.4746152053885,2769.07,2711.39,2741.0099999999998,67.30988999393423,NaN,NaN
1646838000,2729.2423076026944,2765.32,2729.2423076026944,2744.9800000000005,67.70391759012409,NaN,NaN
1646848800,2737.1111538013474,2744.42,2679.72,2713.68,61.4183182859827,NaN,NaN
1646859600,2725.3955769006734,2735.52,2682.2,2707.975,60.319100507350896,NaN,NaN
1646870400,2716.685288450337,2733.25,2652.64,2693.535,57.51333973838451,NaN,NaN
1646881200,2705.1101442251684,2705.1101442251684,2572.39,2624.5049999999997,46.40155787553748,NaN,NaN
1646892000,2664.8075721125842,2664.8075721125842,2572,2590.615,42.10098999613849,NaN,NaN
1646902800,2627.711286056292,2627.711286056292,2583.73,2596.4575,43.080405286625805,NaN,NaN
1646913600,2612.084393028146,2648,2550.27,2596.905,43.159715840770595,NaN,NaN
1646924400,2604.4946965140734,2623,2583.34,2598.59,43.479068140222694,NaN,NaN
1646935200,2601.542348257037,2621.24,2585.5,2604.44,44.64194905368468,NaN,NaN
1646946000,2602.9911741285187,2621,2591.41,2609.3824999999997,45.65919850434038,NaN,NaN
1646956800,2606.186837064259,2610.61,2523.49,2567.4125,39.09029871328929,NaN,NaN
1646967600,2586.7996685321295,2586.7996685321295,2522.57,2545.605,36.17784741975953,NaN,NaN
1646978400,2566.202334266065,2617.53,2560.62,2585.15,44.284410949406265,NaN,NaN
1646989200,2575.6761671330323,2669.91,2575.6761671330323,2624.995,51.033311273690195,NaN,NaN
1647000000,2600.335583566516,2676.78,2600.335583566516,2635.0325,52.59125288224449,NaN,NaN
1647010800,2617.684041783258,2617.684041783258,2545.3,2582.67,44.61637222240519,NaN,NaN
1647021600,2600.177020891629,2600.177020891629,2526.76,2549.085,40.386241608036045,NaN,NaN
1647032400,2574.6310104458144,2588.12,2531.58,2552.0375,40.916581595640004,NaN,NaN
1647043200,2563.334255222907,2597.18,2553.39,2571.8925,44.49278318189203,NaN,NaN
1647054000,2567.6133776114534,2595.7,2567.6133776114534,2583.785,46.578523407491375,NaN,NaN
1647064800,2575.6991888057264,2600.32,2573.22,2586.47,47.06217505541592,NaN,NaN
1647075600,2581.0845944028633,2593,2574.79,2582.1075,46.32827196141884,NaN,NaN
1647086400,2581.5960472014317,2596.35,2562,2577.4775,45.51699243509447,NaN,NaN
1647097200,2579.5367736007156,2616.79,2567.93,2586.7574999999997,47.50136887841863,NaN,NaN
1647108000,2583.1471368003577,2592.32,2575.41,2586.2275,47.39519690295123,NaN,NaN
1647118800,2584.687318400179,2592.77,2563,2578.045,45.69700661364627,NaN,NaN
1647129600,2581.3661592000894,2603.32,2558.69,2580.6225000000004,46.349124597536765,NaN,NaN
1647140400,2580.9943296000447,2596.75,2580.9943296000447,2588.8325,48.47176694326087,NaN,NaN
1647151200,2584.913414800022,2591.57,2575.88,2583.125,47.07732874827703,NaN,NaN
1647162000,2584.019207400011,2595.78,2564.39,2578.7574999999997,45.98709880073255,NaN,NaN
1647172800,2581.3883537000056,2581.3883537000056,2533.54,2562.2525,42.02620024909884,NaN,NaN
1647183600,2571.820426850003,2591,2565.47,2575.2574999999997,45.974719407769534,NaN,NaN
1647194400,2573.5389634250014,2584.38,2544.26,2563.31,43.07235169644863,NaN,NaN
1647205200,2568.424481712501,2573.89,2493,2532.1175,36.579583085033896,NaN,NaN
1647216000,2550.27099085625,2550.27099085625,2498.67,2521.3849999999998,34.644494010218864,NaN,NaN
1647226800,2535.827995428125,2605.2,2518.17,2553.7725,44.232053561683635,NaN,NaN
1647237600,2544.8002477140626,2604.14,2544.8002477140626,2582.54,51.094694109316784,NaN,NaN
1647248400,2563.6701238570313,2609.6,2563.6701238570313,2589.825,52.68265246369532,NaN,NaN
1647259200,2576.7475619285156,2592.68,2555.54,2578.8025,50.0353978089908,NaN,NaN
1647270000,2577.775030964258,2592,2532.22,2562.1075,46.245007432249395,NaN,NaN
1647280800,2569.941265482129,2569.941265482129,2515,2531.3199999999997,40.19747698203765,NaN,NaN
1647291600,2550.6306327410643,2596.14,2523.12,2558.8549999999996,46.88719466636278,NaN,NaN
1647302400,2554.7428163705317,2602.72,2537.1,2572.7574999999997,49.93253868921332,NaN,NaN
1647313200,2563.7501581852657,2565.75,2538.38,2553.8725,46.06843027261235,NaN,NaN
1647324000,2558.811329092633,2563.29,2507,2534.12,42.37472442125264,NaN,NaN
1647334800,2546.4656645463165,2546.4656645463165,2510.37,2526.5325000000003,41.01435731961927,NaN,NaN
1647345600,2536.4990822731584,2568.84,2520.66,2545.4975,45.706148861476606,NaN,NaN
1647356400,2540.998291136579,2621.79,2540.998291136579,2583.2875,53.62224161589834,NaN,NaN
1647367200,2562.1428955682895,2669,2562.1428955682895,2621.2125,59.93549711598823,NaN,NaN
1647378000,2591.6776977841446,2643.95,2591.6776977841446,2623.1724999999997,60.23675649745357,NaN,NaN
1647388800,2607.425098892072,2735,2603.38,2661.815,65.71105823165931,NaN,NaN
1647399600,2634.6200494460363,2695.02,2605.76,2655.0550000000003,64.0498233985291,NaN,NaN
1647410400,2644.8375247230183,2685.02,2626.13,2653.6525,63.69006979746431,NaN,NaN
1647421200,2649.245012361509,2703.66,2649.245012361509,2684.2349999999997,67.92123214879439,NaN,NaN
1647432000,2666.7400061807543,2718,2662.05,2694.8500000000004,69.26019072607905,NaN,NaN
1647442800,2680.7950030903776,2724.07,2673.74,2703.5024999999996,70.34668877696174,NaN,NaN
1647453600,2692.1487515451886,2788,2632.91,2724.6675,72.87248943727397,NaN,NaN
1647464400,2708.4081257725943,2786.36,2708.4081257725943,2768.9675,77.24197732093495,NaN,NaN
1647475200,2738.6878128862973,2787.4,2738.6878128862973,2772.2725,77.53272973462109,NaN,NaN
1647486000,2755.4801564431486,2778.37,2755.4801564431486,2767.4249999999997,75.99907310694667,NaN,NaN
1647496800,2761.452578221574,2772.65,2746.42,2762.0775,74.25412975493239,NaN,NaN
1647507600,2761.7650391107873,2778.83,2751.29,2768.6375000000003,75.01208029743195,NaN,NaN
1647518400,2765.201269555394,2836,2765.201269555394,2795.6600000000003,77.89851135046173,NaN,NaN
1647529200,2780.4306347776974,2819.99,2774.17,2800.1925,78.35024357439222,NaN,NaN
1647540000,2790.3115673888487,2834.35,2790.3115673888487,2811.735,79.49938426755729,NaN,NaN
1647550800,2801.023283694424,2822.89,2801.023283694424,2810.7925,79.13004307204085,NaN,NaN
1647561600,2805.9078918472123,2813.54,2765.59,2793.3650000000002,72.42938864016546,NaN,NaN
1647572400,2799.6364459236065,2806.94,2770.26,2790.36,71.30812203884003,NaN,NaN
1647583200,2794.9982229618035,2814.99,2783.42,2800.2675,72.80304442912355,NaN,NaN
1647594000,2797.6328614809017,2812.96,2779.75,2797.5150000000003,71.68556556506078,NaN,NaN
1647604800,2797.573930740451,2859.48,2788.73,2822.3025,75.35433486478412,NaN,NaN
1647615600,2809.9382153702254,2946,2809.9382153702254,2892.085,82.30540441031167,NaN,NaN
1647626400,2851.0116076851127,2984,2851.0116076851127,2947.2775,85.73282438068966,NaN,NaN
1647637200,2899.1445538425564,2961.19,2899.1445538425564,2944.5800000000004,84.86758831670161,NaN,NaN
1647648000,2921.8622769212784,2980,2921.8622769212784,2952.0275,85.30843668202581,NaN,NaN
1647658800,2936.944888460639,2958.17,2928.55,2943.0250000000005,82.19138027014543,NaN,NaN
1647669600,2939.98494423032,2943.1,2920.44,2933.0375,78.75342308205742,NaN,NaN
1647680400,2936.51122211516,2955.19,2932.58,2942.35,79.60984712150925,NaN,NaN
1647691200,2939.43061105758,2977,2939.22,2956.335,80.85773096909777,NaN,NaN
1647702000,2947.88280552879,2987.7,2947.88280552879,2964.325,81.5523762746542,NaN,NaN
1647712800,2956.1039027643947,2966.6,2940.7,2954.4625,77.79944090211201,NaN,NaN
1647723600,2955.283201382197,2964,2890.86,2939.6775000000002,72.41913700361984,NaN,NaN
1647734400,2947.4803506910985,2964.17,2907.24,2935.455,70.91087704853209,NaN,NaN
1647745200,2941.467675345549,2941.467675345549,2915.5,2925.3675,67.30454413708472,NaN,NaN
1647756000,2933.4175876727745,2934.69,2916.13,2926.51,67.50610770596047,NaN,NaN
1647766800,2929.9637938363876,2929.9637938363876,2874.61,2903.6325,59.58479544336769,NaN,NaN
1647777600,2916.798146918194,2916.798146918194,2856.3,2876.09,51.7167828859443,NaN,NaN
1647788400,2896.444073459097,2896.444073459097,2818.55,2846.3774999999996,44.838209521333944,NaN,NaN
1647799200,2871.4107867295484,2911.48,2817.21,2856.9975,47.52473826383663,NaN,NaN
1647810000,2864.204143364774,2888.06,2849.66,2867.96,50.21986375006079,NaN,NaN
1647820800,2866.0820716823873,2876.94,2829.81,2852.9975,46.694761042159186,NaN,NaN
1647831600,2859.5397858411934,2872.23,2829.85,2853.7075,46.885285163715395,NaN,NaN
1647842400,2856.6236429205965,2901.5,2855.22,2876.6849999999995,52.76881577701828,NaN,NaN
1647853200,2866.654321460298,2924.17,2866.654321460298,2896.1625000000004,57.1062445526459,NaN,NaN
1647864000,2881.408410730149,2944.96,2881.408410730149,2915.5075,60.942666091856296,NaN,NaN
1647874800,2898.4579553650747,2960.57,2896.48,2925.3900000000003,62.77437725966026,NaN,NaN
1647885600,2911.9239776825375,2925.75,2895,2912.7725,58.97170203670711,NaN,NaN
1647896400,2912.3482388412685,2921.5,2882.63,2901.0125000000003,55.591564220264864,NaN,NaN
1647907200,2906.6803694206346,2977.94,2886.43,2929.5975,61.38530328408712,NaN,NaN
1647918000,2918.1389347103172,3052.85,2918.1389347103172,2998.3675,71.14036129956037,NaN,NaN
1647928800,2958.2532173551585,3027.27,2958.2532173551585,3004.6925,71.84486144352313,NaN,NaN
1647939600,2981.472858677579,3026.27,2981.472858677579,3014.2625,72.92193154291309,NaN,NaN
1647950400,2997.8676793387895,3030.15,2988.28,3011.92,72.19391833312955,NaN,NaN
1647961200,3004.8938396693948,3018.74,2994.05,3007.0550000000003,70.61710979367524,NaN,NaN
1647972000,3005.9744198346975,3013.87,2981,3000.77,68.53456137309232,NaN,NaN
1647982800,3003.3722099173488,3016.39,2960,2986.825,64.02307530783608,NaN,NaN
1647993600,2995.0986049586745,2995.0986049586745,2925.3,2965.8374999999996,57.850787972377624,NaN,NaN
1648004400,2980.468052479337,2980.468052479337,2920.65,2956.1525,55.20583365336684,NaN,NaN
1648015200,2968.3102762396684,2968.3102762396684,2933.65,2950.07,53.549930310487056,NaN,NaN
1648026000,2959.190138119834,2972.46,2942.55,2955.0099999999998,54.73739064678098,NaN,NaN
1648036800,2957.1000690599167,3005.79,2938,2974.0825,59.08617781533951,NaN,NaN
1648047600,2965.591284529958,3045.2,2958.5,2992.9525,62.88561917636884,NaN,NaN
1648058400,2979.271892264979,2988,2952.55,2971.82,56.551877040547595,NaN,NaN
1648069200,2975.54594613249,3038.41,2972.85,3007.2725,63.24079433596264,NaN,NaN
1648080000,2991.409223066245,3081.07,2991.409223066245,3037.0525,67.73432830358433,NaN,NaN
1648090800,3014.230861533122,3053.39,3014.230861533122,3036.76,67.6468590525767,NaN,NaN
1648101600,3025.495430766561,3071.49,3025.495430766561,3049.4575,69.48882879782253,NaN,NaN
1648112400,3037.476465383281,3067.79,3037.476465383281,3050.905,69.70060881501371,NaN,NaN
1648123200,3044.1907326916407,3080,3002.34,3052.4425,69.93928366664429,NaN,NaN
1648134000,3048.3166163458204,3129.11,3048.3166163458204,3094.535,75.60492625373382,NaN,NaN
1648144800,3071.4258081729104,3123.03,3071.4258081729104,3102.7525,76.5347378010707,NaN,NaN
1648155600,3087.089154086455,3119.19,3087.089154086455,3105.5750000000003,76.86096262755439,NaN,NaN
1648166400,3096.3320770432274,3143.79,3093.7,3117.6825,78.2573601817735,NaN,NaN
1648177200,3107.0072885216136,3146.57,3107.0072885216136,3127.6575000000003,79.36237141792203,NaN,NaN
1648188000,3117.3323942608067,3146.8,3096.69,3123.715,77.68195070365815,NaN,NaN
1648198800,3120.5236971304034,3179.37,3114.87,3146.87,80.3178761192854,NaN,NaN
1648209600,3133.6968485652014,3193.28,3133.6968485652014,3172.655,82.75977092449341,NaN,NaN
1648220400,3153.175924282601,3173.94,3076,3131.2924999999996,68.15272089116682,NaN,NaN
1648231200,3142.2342121413003,3142.2342121413003,3082,3110.0575,62.09346490885457,NaN,NaN
1648242000,3126.14585607065,3126.14585607065,3093.87,3111.34,62.311404357616965,NaN,NaN
1648252800,3118.7429280353253,3118.7429280353253,3084.9,3101.4174999999996,59.46290391736416,NaN,NaN
1648263600,3110.0802140176625,3127,3098.44,3113.185,61.69907874578085,NaN,NaN
1648274400,3111.632607008831,3139,3111.632607008831,3127.5699999999997,64.29222077244346,NaN,NaN
1648285200,3119.6013035044152,3138.84,3115.87,3127.1400000000003,64.15239949641108,NaN,NaN
1648296000,3123.370651752208,3128.84,3107.41,3119.1975,61.49223458600607,NaN,NaN
1648306800,3121.284075876104,3129.51,3109,3119.175,61.4844565316808,NaN,NaN
1648317600,3120.229537938052,3153.2,3115.74,3133.165,64.49190343676824,NaN,NaN
1648328400,3126.697268969026,3150.52,3125.97,3141.21,66.12975051924265,NaN,NaN
1648339200,3133.953634484513,3170,3133.953634484513,3152.165,68.27565154543076,NaN,NaN
1648350000,3143.0593172422564,3156.85,3133.82,3146.6425,66.00537571628524,NaN,NaN
1648360800,3144.850908621128,3158.93,3139.54,3145.3974999999996,65.47678633062262,NaN,NaN
1648371600,3145.124204310564,3153.71,3140.02,3145.97,65.61315740253796,NaN,NaN
1648382400,3145.547102155282,3161.91,3126.02,3145.365,65.31951514290337,NaN,NaN
1648393200,3145.456051077641,3187.39,3141.39,3163.9325,69.78826484714219,NaN,NaN
1648404000,3154.6942755388204,3250,3154.6942755388204,3208.34,77.31656942954729,NaN,NaN
1648414800,3181.5171377694105,3299.37,3181.5171377694105,3264.2149999999997,83.04233397986249,NaN,NaN
1648425600,3222.866068884705,3324,3222.866068884705,3298.8175,85.48573341419434,NaN,NaN
1648436400,3260.8417844423525,3339.39,3260.8417844423525,3316.0175,86.5250796579768,NaN,NaN
1648447200,3288.4296422211764,3328,3288.4296422211764,3319.085,86.70788963817833,NaN,NaN
1648458000,3303.7573211105882,3357.99,3303.7573211105882,3337.17,87.76203729009262,NaN,NaN
1648468800,3320.463660555294,3397.1,3320.463660555294,3366.2875,89.24142651812237,NaN,NaN
1648479600,3343.375580277647,3400,3333.27,3377.3875000000003,89.75010829705211,NaN,NaN
1648490400,3360.3815401388238,3431.15,3360.3815401388238,3402.3599999999997,90.8036042452054,NaN,NaN
1648501200,3381.3707700694117,3425.29,3315.54,3372.4775,80.18329675753897,NaN,NaN
1648512000,3376.9241350347056,3401.85,3329.68,3359.82,76.12204296074184,NaN,NaN
1648522800,3368.3720675173527,3413.99,3367.28,3390.3275000000003,78.89647783042531,NaN,NaN
1648533600,3379.3497837586765,3423.9,3379.3497837586765,3406.8050000000003,80.23245629935819,NaN,NaN
1648544400,3393.0773918793384,3471.89,3393.0773918793384,3439.7575,82.60421391773923,NaN,NaN
1648555200,3416.417445939669,3481.87,3416.417445939669,3454.6675,83.56507223632505,NaN,NaN
1648566000,3435.5424729698343,3454.9,3368,3418.245,72.96291449832309,NaN,NaN
1648576800,3426.893736484917,3443,3385.46,3407.13,70.04242892701564,NaN,NaN
1648587600,3417.0118682424586,3417.0118682424586,3342.03,3386.5775000000003,64.87174109836857,NaN,NaN
1648598400,3401.7946841212297,3401.7946841212297,3331.84,3375.5550000000003,62.21890968841645,NaN,NaN
1648609200,3388.674842060615,3407.52,3361.7,3385.8450000000003,63.71084800300491,NaN,NaN
1648620000,3387.259921030308,3418.43,3386.71,3403.29,66.15123913090338,NaN,NaN
1648630800,3395.274960515154,3419,3380.4,3402.67,65.98141100564806,NaN,NaN
1648641600,3398.972480257577,3410.26,3352.83,3386.1974999999998,61.466369915193916,NaN,NaN
1648652400,3392.5849901287884,3439.6,3347.67,3399.5,63.63074698587427,NaN,NaN
1648663200,3396.042495064394,3446.9,3372.51,3417.4700000000003,66.37810163103084,NaN,NaN
1648674000,3406.7562475321974,3414.99,3371.12,3396.3199999999997,60.57791896481482,NaN,NaN
1648684800,3401.5381237660986,3424.83,3378,3398.3650000000002,60.9333786245707,NaN,NaN
1648695600,3399.951561883049,3413.65,3385.11,3399.425,61.12902573442014,NaN,NaN
1648706400,3399.6882809415247,3413.85,3390,3401.325,61.501200725831374,NaN,NaN
1648717200,3400.5066404707622,3428,3399.14,3410.9175,63.4061889385018,NaN,NaN
1648728000,3405.7120702353814,3444.83,3335.6,3392.405,57.49353985958349,NaN,NaN
1648738800,3399.0585351176906,3399.0585351176906,3266.22,3332.3925,43.373491897218926,NaN,NaN
1648749600,3365.7255175588452,3365.7255175588452,3261.35,3291.4675,36.74587535718626,NaN,NaN
1648760400,3328.596508779423,3328.596508779423,3262.89,3287.09,36.11027241292366,NaN,NaN
1648771200,3307.8432543897115,3308.67,3210.68,3256.6975,31.97492676692484,NaN,NaN
1648782000,3282.270377194856,3282.270377194856,3218.59,3240.3375,29.98435723987393,NaN,NaN
1648792800,3261.303938597428,3294.52,3245,3267.5350000000003,37.005398064087196,NaN,NaN
1648803600,3264.419469298714,3303.69,3264.419469298714,3284.0649999999996,40.88538141054971,NaN,NaN
1648814400,3274.2422346493568,3424.73,3262.22,3348.4975,53.029556024292276,NaN,NaN
1648825200,3311.369867324678,3474.84,3311.369867324678,3442.7825000000003,64.51684698914517,NaN,NaN
1648836000,3377.076183662339,3481.29,3377.076183662339,3457.415,65.91025196892818,NaN,NaN
1648846800,3417.24559183117,3461.38,3417.24559183117,3446.0325000000003,63.81104705307702,NaN,NaN
1648857600,3431.639045915585,3525.13,3431.639045915585,3471.86,66.42415978988302,NaN,NaN
1648868400,3451.7495229577926,3489.08,3451.7495229577926,3472.8900000000003,66.5279613381282,NaN,NaN
1648879200,3462.3197614788965,3496.17,3462.3197614788965,3481.1975,67.40328483773666,NaN,NaN
1648890000,3471.7586307394486,3500,3471.7586307394486,3484.3425,67.74715103789566,NaN,NaN
1648900800,3478.0505653697246,3532.2,3464.32,3493.4825,68.7779806134488,NaN,NaN
1648911600,3485.7665326848623,3490.13,3445,3475.06,64.31602701684251,NaN,NaN
1648922400,3480.413266342431,3486,3433.14,3466.4025,62.27149671461347,NaN,NaN
1648933200,3473.407883171216,3487.11,3434.11,3458.9350000000004,60.48545056172059,NaN,NaN
1648944000,3466.171441585608,3466.95,3412.11,3438.3675,55.743182583917296,NaN,NaN
1648954800,3452.269470792804,3481.99,3427.06,3454.0649999999996,58.42251765290982,NaN,NaN
1648965600,3453.167235396402,3508.37,3453.167235396402,3483.125,62.900337427238014,NaN,NaN
1648976400,3468.146117698201,3510.02,3468.146117698201,3485.27,63.21525186983377,NaN,NaN
1648987200,3476.708058849101,3512.87,3476.708058849101,3497.1325,64.98538366648563,NaN,NaN
1648998000,3486.9202794245502,3519.99,3479.38,3501.4575,65.63469442136451,NaN,NaN
1649008800,3494.1888897122753,3520.78,3487,3498.505,64.7519308049239,NaN,NaN
1649019600,3496.3469448561377,3580.34,3488.54,3520.8599999999997,68.23548547770969,NaN,NaN
1649030400,3508.603472428069,3523.33,3468.19,3503.8575,63.12555163327175,NaN,NaN
1649041200,3506.2304862140345,3508.43,3479.8,3499.0950000000003,61.73106093620931,NaN,NaN
1649052000,3502.6627431070174,3511.93,3485,3499.4975,61.80785013218119,NaN,NaN
1649062800,3501.0801215535084,3501.0801215535084,3447.64,3479.3675,55.77959495526443,NaN,NaN
1649073600,3490.2238107767544,3494.06,3441.8,3465.5499999999997,52.028486957089456,NaN,NaN
1649084400,3477.8869053883773,3477.8869053883773,3413,3439.715,45.823559489821136,NaN,NaN
1649095200,3458.8009526941887,3518.63,3405.97,3468.005,52.50341492302277,NaN,NaN
1649106000,3463.4029763470944,3547,3463.4029763470944,3517.375,61.43894575624407,NaN,NaN
1649116800,3490.388988173547,3527.7,3490.388988173547,3515.6124999999997,60.9977589329545,NaN,NaN
1649127600,3503.0007440867735,3535.61,3503.0007440867735,3521.3125,61.94939471029132,NaN,NaN
1649138400,3512.156622043387,3536,3508.6,3522.3975,62.13876660421057,NaN,NaN
1649149200,3517.2770610216935,3528.07,3504.48,3520.08,61.4354551010125,NaN,NaN
1649160000,3518.678530510847,3555,3439.95,3492.6125,53.68039966941951,NaN,NaN
1649170800,3505.6455152554236,3505.6455152554236,3435.17,3454.3225,45.128416490126774,NaN,NaN
1649181600,3479.984007627712,3479.984007627712,3418,3446.1549999999997,43.535181212520726,NaN,NaN
1649192400,3463.0695038138556,3463.0695038138556,3400,3427.8575,40.118084257611045,NaN,NaN
1649203200,3445.463501906928,3445.463501906928,3268,3356.385,30.15992438874578,NaN,NaN
1649214000,3400.9242509534643,3400.9242509534643,3324.11,3352.3250000000003,29.708800557519112,NaN,NaN
1649224800,3376.624625476732,3376.624625476732,3333.29,3357.9049999999997,31.23127270791258,NaN,NaN
1649235600,3367.264812738366,3367.264812738366,3280.56,3325.1049999999996,27.465453201224562,NaN,NaN
1649246400,3346.1849063691825,3346.1849063691825,3229.13,3279.3450000000003,23.25291314901166,NaN,NaN
1649257200,3312.7649531845914,3312.7649531845914,3179.04,3229.9025,19.73150355337515,NaN,NaN
1649268000,3271.3337265922955,3271.3337265922955,3171.26,3223.1400000000003,19.30096724096248,NaN,NaN
1649278800,3247.236863296148,3247.236863296148,3162.39,3201.15,17.930863518655812,NaN,NaN
1649289600,3224.193431648074,3224.193431648074,3143.15,3175.7175,16.47429870040584,NaN,NaN
1649300400,3199.9554658240368,3219.3,3168.32,3197.785,22.367117514075133,NaN,NaN
1649311200,3198.8702329120183,3234.94,3198.8702329120183,3220.0775,27.90091230422422,NaN,NaN
1649322000,3209.473866456009,3262.03,3203.25,3235.355,31.504361924951553,NaN,NaN
1649332800,3222.414433228005,3268.98,3182.25,3222.9175,30.181848746636078,NaN,NaN
1649343600,3222.665966614002,3238,3159.6,3202.945,28.13906233089274,NaN,NaN
1649354400,3212.805483307001,3247.52,3212.805483307001,3231.9575,35.01923517208844,NaN,NaN
1649365200,3222.3814916535002,3260.01,3197.6,3230.8,34.87576857886545,NaN,NaN
1649376000,3226.59074582675,3276,3216.43,3245.5199999999995,38.33556374833875,NaN,NaN
1649386800,3236.055372913375,3274.4,3236.055372913375,3264.025,42.47312576935967,NaN,NaN
1649397600,3250.0401864566875,3314.02,3244.75,3280.25,45.900661609379206,NaN,NaN
1649408400,3265.1450932283437,3301.01,3254.51,3276.4849999999997,45.22725646474295,NaN,NaN
1649419200,3270.8150466141715,3304,3209.99,3265.845,43.29418298087774,NaN,NaN
1649430000,3268.330023307086,3306.87,3219.23,3265.5150000000003,43.23246451692136,NaN,NaN
1649440800,3266.922511653543,3280.52,3215,3247.6225,39.91036223555934,NaN,NaN
1649451600,3257.2725058267715,3257.76,3173.52,3218.4,35.15849491662712,NaN,NaN
1649462400,3237.8362529133856,3237.8362529133856,3184.09,3197.0825,32.15117852835853,NaN,NaN
1649473200,3217.4593764566926,3228.23,3181.28,3206.0325000000003,34.677469068896826,NaN,NaN
1649484000,3211.7459382283464,3227.08,3195.69,3214.51,37.06772214339018,NaN,NaN
1649494800,3213.1279691141735,3217.21,3193,3207.32,35.86892681856118,NaN,NaN
1649505600,3210.2239845570866,3234.39,3203.32,3218.9199999999996,39.28077087684503,NaN,NaN
1649516400,3214.571992278543,3249.08,3199.63,3229.6025,42.32387182582065,NaN,NaN
1649527200,3222.0872461392714,3250,3222.0872461392714,3234.6524999999997,43.758856982310526,NaN,NaN
1649538000,3228.3698730696356,3268.4,3222.01,3243.2075,46.200826472453784,NaN,NaN
1649548800,3235.7886865348178,3265.96,3235.7886865348178,3257.76,50.164747855561174,NaN,NaN
1649559600,3246.7743432674088,3268,3242.44,3253.8775,49.124806566147605,NaN,NaN
1649570400,3250.3259216337046,3255.5,3234.13,3244.3575,46.57518934201464,NaN,NaN
1649581200,3247.3417108168524,3256.38,3233.16,3246.1125,47.120055677726825,NaN,NaN
1649592000,3246.7271054084263,3262.04,3232.73,3249.4024999999997,48.18687345602717,NaN,NaN
1649602800,3248.064802704213,3307.22,3247,3275.2524999999996,55.741979637666745,NaN,NaN
1649613600,3261.658651352106,3304.29,3261.658651352106,3293.1075,60.07265110026268,NaN,NaN
1649624400,3277.383075676053,3293.32,3193,3244.505,46.682132942956066,NaN,NaN
1649635200,3260.944037838027,3260.944037838027,3153,3183.4049999999997,35.86028158633543,NaN,NaN
1649646000,3222.1745189190133,3222.1745189190133,3151.84,3172.1025000000004,34.277301377599684,NaN,NaN
1649656800,3197.138509459507,3197.138509459507,3144.01,3170.105,33.99171869465805,NaN,NaN
1649667600,3183.621754729754,3183.621754729754,3030,3101.375,25.97318872387811,NaN,NaN
1649678400,3142.498377364877,3142.498377364877,3012.97,3038.8824999999997,21.099479515002017,NaN,NaN
1649689200,3090.690438682438,3090.690438682438,2977.54,3016.4674999999997,19.673505471471344,NaN,NaN
1649700000,3053.578969341219,3053.578969341219,2967,3005.8875,19.0200977962338,NaN,NaN
1649710800,3029.7332346706094,3029.7332346706094,2950,2984.34,17.728657769384043,NaN,NaN
1649721600,3007.036617335305,3007.036617335305,2950,2973.295,17.08817038907823,NaN,NaN
1649732400,2990.1658086676525,3020.76,2965.35,2992.895,22.442828157622543,NaN,NaN
1649743200,2991.5304043338265,3034.97,2991.5304043338265,3019.365,29.102161692362785,NaN,NaN
1649754000,3005.447702166913,3047.05,3005.447702166913,3029.96,31.632565259471377,NaN,NaN
1649764800,3017.7038510834564,3085,3014.97,3042.0975,34.51596715990833,NaN,NaN
1649775600,3029.900675541728,3064,3021.75,3036.5775,33.81742763709988,NaN,NaN
1649786400,3033.239087770864,3037.57,2967.02,3006.235,30.199442131016767,NaN,NaN
1649797200,3019.7370438854323,3036.55,2985.32,3009.1975,30.97590140033823,NaN,NaN
1649808000,3014.4672719427163,3052.49,3005.5,3032.9449999999997,37.023494519493354,NaN,NaN
1649818800,3023.706135971358,3070,3023.706135971358,3055.56,42.215734937582575,NaN,NaN
1649829600,3039.633067985679,3067.73,3038.65,3056.6625,42.464779295954514,NaN,NaN
1649840400,3048.1477839928393,3060,3012,3035.42,38.97892902625111,NaN,NaN
1649851200,3041.7838919964197,3099.51,2996.86,3045.8450000000003,41.51622077102809,NaN,NaN
1649862000,3043.81444599821,3120.48,3043.81444599821,3086.0274999999997,50.124619520125336,NaN,NaN
1649872800,3064.920972999105,3114.74,3064.920972999105,3093.745,51.598196600938614,NaN,NaN
1649883600,3079.332986499552,3128.97,3079.332986499552,3110.9575,54.80539088620501,NaN,NaN
1649894400,3095.1452432497763,3145,3095.1452432497763,3125.0425,57.29884255489614,NaN,NaN
1649905200,3110.0938716248884,3128.34,3103.88,3117.2375,55.47245700793247,NaN,NaN
1649916000,3113.6656858124443,3122.16,3099.16,3109.8125,53.718266190167924,NaN,NaN
1649926800,3111.739092906222,3111.739092906222,3068.63,3089.3000000000006,49.09894256564045,NaN,NaN
1649937600,3100.5195464531116,3100.5195464531116,3030.95,3061.7400000000002,43.66588872540561,NaN,NaN
1649948400,3081.1297732265557,3081.1297732265557,2999.79,3028.8999999999996,38.236415883867075,NaN,NaN
1649959200,3055.0148866132777,3055.0148866132777,2976.3,3009.4825,35.431141448881206,NaN,NaN
1649970000,3032.248693306639,3032.248693306639,3010,3018.085,37.61485377495138,NaN,NaN
1649980800,3025.166846653319,3037.87,3013.22,3024.435,39.248152171968734,NaN,NaN
1649991600,3024.8009233266594,3046.9,3022.76,3033.275,41.54264509203395,NaN,NaN
1650002400,3029.03796166333,3046.41,3010.85,3030.2575,40.97377525353404,NaN,NaN
1650013200,3029.6477308316653,3040.63,3017.39,3027.5750000000003,40.44356836643039,NaN,NaN
1650024000,3028.6113654158326,3060.92,2993.13,3029.4300000000003,41.0120177389158,NaN,NaN
1650034800,3029.0206827079164,3043.77,3009.23,3030.125,41.23831688928047,NaN,NaN
1650045600,3029.572841353958,3034.7,3018.5,3028.805,40.91724698540045,NaN,NaN
1650056400,3029.1889206769793,3044.82,3025.88,3035.4874999999997,43.32302232743391,NaN,NaN
1650067200,3032.3382103384893,3050.12,3032.3382103384893,3041.6575000000003,45.528460442580126,NaN,NaN
1650078000,3036.9978551692448,3048.52,3035.37,3041.6524999999997,45.52691438404329,NaN,NaN
1650088800,3039.325177584622,3041.84,3027.71,3036.5699999999997,43.89517129204518,NaN,NaN
1650099600,3037.947588792311,3047.11,3031.51,3038.265,44.608198422850414,NaN,NaN
1650110400,3038.106294396155,3047.38,3034,3041.8975,46.186597684400176,NaN,NaN
1650121200,3040.0018971980776,3058.9,3010.03,3033.955,43.282444982045405,NaN,NaN
1650132000,3036.9784485990385,3044,3017.34,3028.5725,41.383375365650224,NaN,NaN
1650142800,3032.7754742995194,3086.1,3032.7754742995194,3052.7425000000003,51.643667966134124,NaN,NaN
1650153600,3042.75898714976,3064.5,3027.38,3045.7375,48.96837817308875,NaN,NaN
1650164400,3044.24824357488,3046.21,3022,3035.5499999999997,45.29357158885315,NaN,NaN
1650175200,3039.89912178744,3054.83,3032.03,3042.505,48.15410695119388,NaN,NaN
1650186000,3041.20206089372,3049.77,3038.02,3044.1949999999997,48.85394150786043,NaN,NaN
1650196800,3042.69853044686,3083,3042.69853044686,3059.395,54.76779245516574,NaN,NaN
1650207600,3051.04676522343,3080.6,3043.37,3059.5199999999995,54.81406385051023,NaN,NaN
1650218400,3055.283382611715,3059.81,3022.96,3044.67,48.470369281363446,NaN,NaN
1650229200,3049.9766913058575,3077.46,2981.7,3023.19,41.06690849111835,NaN,NaN
1650240000,3036.583345652929,3036.583345652929,2977,2989.6225,32.66911446161977,NaN,NaN
1650250800,3013.1029228264642,3013.1029228264642,2901.06,2953.4049999999997,26.397023807715343,NaN,NaN
1650261600,2983.253961413232,2983.253961413232,2883.22,2903.975,20.587553565420876,NaN,NaN
1650272400,2943.6144807066157,2943.6144807066157,2888.15,2904.2525,20.6930771964783,NaN,NaN
1650283200,2923.933490353308,2952.79,2911.11,2926.025,28.69859179504276,NaN,NaN
1650294000,2924.9792451766543,2991.44,2895,2949.875,36.28575558227227,NaN,NaN
1650304800,2937.427122588327,3024.78,2937.427122588327,2999.0225,48.45731269689772,NaN,NaN
1650315600,2968.2248112941634,3069.6,2968.2248112941634,3034.1625,55.06672290980234,NaN,NaN
1650326400,3001.193655647082,3095.18,3001.193655647082,3057.21,58.79849789228367,NaN,NaN
1650337200,3029.201827823541,3050.82,3029.201827823541,3040.9675,55.31206762401318,NaN,NaN
1650348000,3035.084663911771,3051.97,3030.34,3040.33,55.17378756781438,NaN,NaN
1650358800,3037.7073319558854,3069.03,3032.64,3046.13,56.24553998219636,NaN,NaN
1650369600,3041.9186659779425,3126.29,3040.88,3080.5075,62.03891940739648,NaN,NaN
1650380400,3061.213082988971,3131,3061.213082988971,3103.8900000000003,65.39512294191603,NaN,NaN
1650391200,3082.5515414944857,3119.69,3082.5515414944857,3097.9849999999997,63.859623303034475,NaN,NaN
1650402000,3090.2682707472427,3111.43,3086.05,3098.5200000000004,63.94223123894572,NaN,NaN
1650412800,3094.394135373622,3106.54,3066.71,3090.515,61.67079333512211,NaN,NaN
1650423600,3092.454567686811,3100.18,3076.25,3090.805,61.723840573762516,NaN,NaN
1650434400,3091.6297838434057,3115,3086.66,3100.62,63.56192464077931,NaN,NaN
1650445200,3096.124891921703,3166.5,3095.7,3129.0175000000004,68.30445127102067,NaN,NaN
1650456000,3112.5711959608516,3162,3086.86,3125.2675000000004,67.06315858713833,NaN,NaN
1650466800,3118.919347980426,3118.919347980426,3051.16,3083.08,54.962046355203995,NaN,NaN
1650477600,3100.999673990213,3100.999673990213,3036.45,3072.12,52.320694647710695,NaN,NaN
1650488400,3086.5598369951067,3096.2,3069.4,3081.5599999999995,54.355388072978506,NaN,NaN
1650499200,3084.059918497553,3105,3071.25,3085.88,55.295578823338836,NaN,NaN
1650510000,3084.969959248777,3104.45,3070.24,3084.5975,54.93381550375318,NaN,NaN
1650520800,3084.7837296243883,3109.84,3066.66,3087.5525,55.653721998514364,NaN,NaN
1650531600,3086.1681148121943,3159.99,3082.77,3123.7875,63.37895369254448,NaN,NaN
1650542400,3104.977807406097,3180,3104.977807406097,3155.1125,68.4893967472514,NaN,NaN
1650553200,3130.0451537030485,3153,3061.06,3107.07,55.66038474579988,NaN,NaN
1650564000,3118.5575768515246,3118.5575768515246,2993.72,3033.3624999999997,42.50552965673813,NaN,NaN
1650574800,3075.960038425762,3075.960038425762,2942.31,2986.0025,36.53120808764998,NaN,NaN
1650585600,3030.9812692128808,3030.9812692128808,2968.83,2990.0325,37.338300690038714,NaN,NaN
1650596400,3010.5068846064405,3021.3,2990,3005.8025000000002,40.525472432556995,NaN,NaN
1650607200,3008.15469230322,3034.32,2986.04,3008.2375,41.024274842700535,NaN,NaN
1650618000,3008.19609615161,3017.48,2976.72,3002.2400000000002,40.1315061019615,NaN,NaN
1650628800,3005.218048075805,3022.1,2960.34,2992.3999999999996,38.6455463742096,NaN,NaN
1650639600,2998.8090240379024,2998.8090240379024,2930.35,2960.2974999999997,34.196819564603274,NaN,NaN
1650650400,2979.553262018951,2982.91,2943.18,2961.9249999999997,34.60780744061873,NaN,NaN
1650661200,2970.7391310094754,2972.36,2936.5,2960.6825,34.43100352043862,NaN,NaN
1650672000,2965.7108155047376,2975.39,2952.65,2962.3,34.89728640118989,NaN,NaN
1650682800,2964.005407752369,2964.005407752369,2913.89,2947.0325,32.54473057901792,NaN,NaN
1650693600,2955.5189538761842,2969.99,2950.42,2959.7574999999997,36.39352031250254,NaN,NaN
1650704400,2957.638226938092,2966.17,2952.25,2960.245,36.54289948216021,NaN,NaN
1650715200,2958.941613469046,2971.76,2946.62,2959.9975000000004,36.49603760697705,NaN,NaN
1650726000,2959.4695567345234,2978.03,2954.05,2963.805,37.817140790400366,NaN,NaN
1650736800,2961.6372783672614,2964.32,2947.36,2958.655,36.704867332573386,NaN,NaN
1650747600,2960.146139183631,2969.36,2921.62,2946.675,34.185999189639105,NaN,NaN
1650758400,2953.4105695918156,2953.4105695918156,2922.77,2933.4725000000003,31.61140044646156,NaN,NaN
1650769200,2943.441534795908,2960,2930.01,2941.86,34.962491372456284,NaN,NaN
1650780000,2942.650767397954,2958.63,2942.650767397954,2948.4199999999996,37.54034396162062,NaN,NaN
1650790800,2945.535383698977,2955.63,2934.83,2943.8225,36.44992497884004,NaN,NaN
1650801600,2944.6789418494886,2957,2912.09,2938.7850000000003,35.24201682025901,NaN,NaN
1650812400,2941.7319709247445,2955,2916.17,2935.295,34.39169006290139,NaN,NaN
1650823200,2938.513485462372,2967.06,2921.53,2937.985,35.679890385119265,NaN,NaN
1650834000,2938.2492427311863,2952.5,2917.82,2932.96,34.32410110735434,NaN,NaN
1650844800,2935.604621365593,2935.604621365593,2841.6,2887.195,25.00494368158499,NaN,NaN
1650855600,2911.3998106827967,2911.3998106827967,2845.77,2859.09,21.19851482500883,NaN,NaN
1650866400,2885.2449053413984,2885.2449053413984,2797.1,2828.0575,17.9494343954171,NaN,NaN
1650877200,2856.651202670699,2863.94,2797.01,2832.83,19.98068593585502,NaN,NaN
1650888000,2844.7406013353493,2895.64,2842,2867.6425,33.008606430206186,NaN,NaN
1650898800,2856.1915506676746,2941.34,2856.1915506676746,2901.0975,42.668723544715455,NaN,NaN
1650909600,2878.644525333837,3025.65,2878.644525333837,2968.6925,56.361017561980894,NaN,NaN
1650920400,2923.6685126669186,3025.12,2923.6685126669186,3006.3,61.82388773297368,NaN,NaN
1650931200,2964.9842563334596,3039.54,2964.9842563334596,3007.8374999999996,62.03314293104008,NaN,NaN
1650942000,2986.4108781667296,3013.71,2986.4108781667296,3003.3625,60.985356615356096,NaN,NaN
1650952800,2994.886689083365,3020.83,2977.93,3000.8925000000004,60.37914466943037,NaN,NaN
1650963600,2997.8895945416825,3009.94,2984.88,2999.41,59.99367799020682,NaN,NaN
1650974400,2998.649797270841,3012.32,2892.74,2951.07,49.00724311989834,NaN,NaN
1650985200,2974.859898635421,2974.859898635421,2836.41,2875.7025,37.48228201041934,NaN,NaN
1650996000,2925.28119931771,2925.28119931771,2800,2839.8975,33.45688308011327,NaN,NaN
1651006800,2882.589349658855,2882.589349658855,2767,2813.845,30.859907130970825,NaN,NaN
1651017600,2848.2171748294277,2848.2171748294277,2794.46,2820.8450000000003,32.378702510804075,NaN,NaN
1651028400,2834.531087414714,2858.78,2829.22,2842.7775,37.045018962456474,NaN,NaN
1651039200,2838.6542937073573,2914.34,2838.6542937073573,2872.185,42.74960132002741,NaN,NaN
1651050000,2855.4196468536784,2906.58,2855.4196468536784,2884.2574999999997,44.95474765957293,NaN,NaN
1651060800,2869.838573426839,2919.87,2820.93,2867.0775000000003,42.44900185504478,NaN,NaN
1651071600,2868.4580367134195,2895,2835.03,2861.4775,41.63436704278321,NaN,NaN
1651082400,2864.9677683567097,2883.36,2838.93,2865.1025,42.40489031334093,NaN,NaN
1651093200,2865.035134178355,2899.4,2863.04,2879.0874999999996,45.39965752539162,NaN,NaN
1651104000,2872.0613170891775,2915.45,2869.47,2892.5599999999995,48.194294845236094,NaN,NaN
1651114800,2882.3106585445885,2899.64,2875.01,2888.3900000000003,47.38584832941116,NaN,NaN
1651125600,2885.3503292722944,2944.25,2877.33,2908.8100000000004,51.661960253652516,NaN,NaN
1651136400,2897.0801646361474,2947.47,2897.0801646361474,2932.4900000000002,56.116086158069024,NaN,NaN
1651147200,2914.785082318074,2936,2853.83,2899.4225,49.28634264822186,NaN,NaN
1651158000,2907.103791159037,2971.97,2866.18,2922.2325,53.49128430292681,NaN,NaN
1651168800,2914.6681455795188,2980,2914.6681455795188,2957.125,59.080567663723585,NaN,NaN
1651179600,2935.8965727897594,2956.24,2911.71,2938.0975,55.18578412943654,NaN,NaN
1651190400,2936.9970363948796,2946.46,2905.65,2925.05,52.62394234742997,NaN,NaN
1651201200,2931.02351819744,2935.9,2904.14,2918.2675,51.290993814567514,NaN,NaN
1651212000,2924.64550909872,2929.72,2905,2915.7174999999997,50.7703090513976,NaN,NaN
1651222800,2920.18150454936,2920.18150454936,2834.28,2872.4975000000004,42.83348995626697,NaN,NaN
1651233600,2896.33950227468,2896.33950227468,2832.07,2855.1275,40.11901010479133,NaN,NaN
1651244400,2875.7335011373398,2875.7335011373398,2805.26,2838.7225,37.68967905860571,NaN,NaN
1651255200,2857.22800056867,2857.22800056867,2776.63,2808.88,33.69283093666385,NaN,NaN
1651266000,2833.054000284335,2833.054000284335,2795.45,2810.7300000000005,34.15896737036357,NaN,NaN
1651276800,2821.8920001421675,2837.82,2812.19,2823.045,37.317921522097464,NaN,NaN
1651287600,2822.468500071084,2841.63,2809.16,2828.035,38.603333359191126,NaN,NaN
1651298400,2825.2517500355416,2839.39,2820.46,2829.615,39.02967586620729,NaN,NaN
1651309200,2827.4333750177707,2840,2817.69,2827.685,38.67637515534574,NaN,NaN
1651320000,2827.5591875088853,2836.66,2779,2807.605,35.1148838699213,NaN,NaN
1651330800,2817.5820937544427,2823.38,2771.01,2791.1,32.468319641229485,NaN,NaN
1651341600,2804.3410468772213,2811,2775.03,2790.5150000000003,32.37518131439799,NaN,NaN
1651352400,2797.4280234386106,2799.81,2709.26,2756.4425,27.438242675697722,NaN,NaN
1651363200,2776.9352617193053,2780.62,2716.13,2745.395,26.05111471876492,NaN,NaN
1651374000,2761.165130859653,2795.15,2758.16,2773.3675,35.0100860990614,NaN,NaN
1651384800,2767.266315429826,2791.79,2764.67,2779.195,36.72982006928981,NaN,NaN
1651395600,2773.230657714913,2780.64,2751.74,2766.8724999999995,34.6423335688922,NaN,NaN
1651406400,2770.051578857456,2779.42,2753.5,2762.475,33.90184240568027,NaN,NaN
1651417200,2766.263289428728,2828.93,2760.18,2789.0874999999996,41.9839627344016,NaN,NaN
1651428000,2777.675394714364,2817.82,2755.1,2798.2900000000004,44.510644095301295,NaN,NaN
1651438800,2787.982697357182,2849.9,2787.982697357182,2820.2825,50.10341113449544,NaN,NaN
1651449600,2804.132598678591,2849.68,2804.132598678591,2834.0575,53.279729904118874,NaN,NaN
1651460400,2819.0950493392957,2867.21,2819.0950493392957,2849.9325000000003,56.70063891006274,NaN,NaN
1651471200,2834.5137746696482,2874.59,2832.18,2851.7175,57.08117267207187,NaN,NaN
1651482000,2843.115637334824,2848.69,2789.63,2818.05,48.43492503274226,NaN,NaN
1651492800,2830.582818667412,2852.53,2778.78,2813.59,47.41041269564671,NaN,NaN
1651503600,2822.086409333706,2836.49,2784.24,2811.4975,46.909074588092416,NaN,NaN
1651514400,2816.7919546668527,2850,2780,2813.5625,47.499089636315645,NaN,NaN
1651525200,2815.1772273334263,2894.22,2815.1772273334263,2850.46,56.748350645538984,NaN,NaN
1651536000,2832.818613666713,2861.47,2828.65,2846.6625,55.66147357877416,NaN,NaN
1651546800,2839.7405568333565,2856.33,2829.9,2842.58,54.45402060017065,NaN,NaN
1651557600,2841.160278416678,2854.12,2835.1,2844.52,54.954090947662294,NaN,NaN
1651568400,2842.8401392083388,2849.6,2824,2841.845,54.0725057430229,NaN,NaN
1651579200,2842.3425696041695,2850.81,2815.31,2834.3575,51.578317824935205,NaN,NaN
1651590000,2838.350034802085,2838.350034802085,2800.04,2815.255,45.7768648347345,NaN,NaN
1651600800,2826.8025174010427,2826.8025174010427,2755.19,2786.09,38.63228830264379,NaN,NaN
1651611600,2806.4462587005214,2806.4462587005214,2769.99,2783.9775,38.167617992454005,NaN,NaN
1651622400,2795.2118793502605,2810.58,2771.74,2789.2575,40.10669327534463,NaN,NaN
1651633200,2792.2346896751305,2813.81,2789.04,2797.3500000000004,43.054322967913286,NaN,NaN
1651644000,2794.7923448375655,2848,2793.09,2819.525,50.275829118939946,NaN,NaN
1651654800,2807.1586724187828,2888.75,2807.1586724187828,2857.9425,59.78965110454056,NaN,NaN
1651665600,2832.5505862093914,2883.72,2832.5505862093914,2856.7225,59.40096733825559,NaN,NaN
1651676400,2844.6365431046956,2874.44,2826.13,2847.7200000000003,56.48302750370242,NaN,NaN
1651687200,2846.1782715523477,2965.85,2826.67,2897.6975,66.36195228717571,NaN,NaN
1651698000,2871.937885776174,2952.33,2871.937885776174,2940.0424999999996,72.13408828268317,NaN,NaN
1651708800,2905.9901928880868,2954.65,2905.9901928880868,2945.09,72.73467446163625,NaN,NaN
1651719600,2925.5400964440432,2951.63,2925.5400964440432,2939.5650000000005,70.93253581166516,NaN,NaN
1651730400,2932.552548222022,2939.98,2917.64,2928.5675,67.35516485613508,NaN,NaN
1651741200,2930.560024111011,2938.78,2916.48,2926.495,66.67274434099095,NaN,NaN
1651752000,2928.527512055505,2935,2810,2875.2725,52.51188280731625,NaN,NaN
1651762800,2901.9000060277526,2901.9000060277526,2728.41,2783.21,37.21342472953256,NaN,NaN
1651773600,2842.5550030138766,2842.5550030138766,2683,2734.7425000000003,31.93807407551543,NaN,NaN
1651784400,2788.6487515069384,2788.6487515069384,2732.99,2748.4775,34.76051552617831,NaN,NaN
1651795200,2768.563125753469,2768.563125753469,2724,2744.185,34.28204656320489,NaN,NaN
1651806000,2756.3740628767346,2756.3740628767346,2734.07,2746.1775,34.73114985059655,NaN,NaN
1651816800,2751.275781438367,2755.91,2694.09,2730.2875000000004,32.80574375441944,NaN,NaN
1651827600,2740.781640719184,2740.781640719184,2660.2,2698.5475,29.31038028897177,NaN,NaN
1651838400,2719.6645703595923,2724,2632.95,2682.5425,27.707248264307935,NaN,NaN
1651849200,2701.1035351797964,2727.47,2679.73,2697.4049999999997,31.45642129700741,NaN,NaN
1651860000,2699.254267589898,2708,2669.58,2692.1275,30.844715556749975,NaN,NaN
1651870800,2695.690883794949,2707.34,2682.25,2697.035,32.16570488573029,NaN,NaN
1651881600,2696.3629418974742,2698.27,2677.43,2687.6749999999997,30.951328116923946,NaN,NaN
1651892400,2692.0189709487368,2692.0189709487368,2653.33,2674.51,29.27708723539257,NaN,NaN
1651903200,2683.2644854743685,2692.4,2656.32,2678.0925,30.380704025777604,NaN,NaN
1651914000,2680.6784927371846,2698.55,2678.53,2687.8525,33.4285598167485,NaN,NaN
1651924800,2684.2654963685923,2690.76,2671.8,2685.0225,32.9777359241141,NaN,NaN
1651935600,2684.643998184296,2704.36,2680.65,2688.995,34.31681316150561,NaN,NaN
1651946400,2686.819499092148,2700.8,2668.15,2681.3375,32.950179538705214,NaN,NaN
1651957200,2684.078499546074,2684.078499546074,2584.75,2642.9,27.113304300880884,NaN,NaN
1651968000,2663.489249773037,2663.489249773037,2526.58,2588.3575,21.337308675382474,NaN,NaN
1651978800,2625.9233748865186,2625.9233748865186,2517,2540.575,17.766512200668103,NaN,NaN
1651989600,2583.249187443259,2583.249187443259,2537.01,2551.605,21.05096925220832,NaN,NaN
1652000400,2567.4270937216297,2577.08,2546.08,2563.55,24.56482635485311,NaN,NaN
1652011200,2565.488546860815,2579.03,2512.85,2546.3825,22.98166776757212,NaN,NaN
1652022000,2555.9355234304076,2555.9355234304076,2484,2521.24,20.861180410282344,NaN,NaN
1652032800,2538.5877617152037,2571.78,2512.78,2538.6725,25.962052294336345,NaN,NaN
1652043600,2538.630130857602,2557.55,2508.8,2531.6775000000002,25.258533493915294,NaN,NaN
1652054400,2535.153815428801,2535.153815428801,2423.84,2479.145,20.717977135850802,NaN,NaN
1652065200,2507.1494077144007,2507.1494077144007,2434.88,2450.205,18.721365483231295,NaN,NaN
1652076000,2478.6772038572003,2478.6772038572003,2423.85,2449.6975,18.687354727307607,NaN,NaN
1652086800,2464.1873519286,2469.72,2362.41,2425.53,17.09470343656571,NaN,NaN
1652097600,2444.8586759643003,2447.94,2370.68,2402.31,15.709392008312719,NaN,NaN
1652108400,2423.58433798215,2423.58433798215,2250,2334.7875000000004,12.529627325927464,NaN,NaN
1652119200,2379.185918991075,2379.185918991075,2225,2287.775,10.878587234546785,NaN,NaN
1652130000,2333.4804594955376,2333.4804594955376,2225.16,2267.215,10.242909157868638,NaN,NaN
1652140800,2300.347729747769,2350,2200,2275.41,12.439176004762558,NaN,NaN
1652151600,2287.8788648738846,2416.8,2287.8788648738846,2360.5825,31.2641629605061,NaN,NaN
1652162400,2324.2306824369425,2439.99,2324.2306824369425,2400.245,37.95383964431277,NaN,NaN
1652173200,2362.237841218471,2411.63,2362.237841218471,2391.1975,37.067603214201725,NaN,NaN
1652184000,2376.717670609236,2457.34,2343,2390.0575,36.95052517553982,NaN,NaN
1652194800,2383.387585304618,2410.21,2321.11,2372.3975,35.10095668735062,NaN,NaN
1652205600,2377.892542652309,2401.81,2322.23,2363.265,34.149012221991924,NaN,NaN
1652216400,2370.5787713261543,2370.5787713261543,2260.67,2324.7775,30.406418898732497,NaN,NaN
1652227200,2347.6781356630772,2386,2320,2356.33,36.54617418154842,NaN,NaN
1652238000,2352.0040678315386,2406.64,2342.5,2376.835,40.23621086094178,NaN,NaN
1652248800,2364.4195339157695,2386.96,2267.69,2353.3875,37.54731945569674,NaN,NaN
1652259600,2358.9035169578847,2451.37,2358.9035169578847,2399.715,45.322207806873045,NaN,NaN
1652270400,2379.3092584789424,2429.87,2129,2329.535,37.671301479784105,NaN,NaN
1652281200,2354.4221292394714,2354.4221292394714,2146.4,2258.1674999999996,31.793533623266626,NaN,NaN
1652292000,2306.2948146197355,2306.2948146197355,2030,2118.2925,23.91703170141983,NaN,NaN
1652302800,2212.2936573098677,2212.2936573098677,2005,2063.055,21.637335566727145,NaN,NaN
1652313600,2137.6743286549336,2195,2045.23,2093.7325,25.863739421388175,NaN,NaN
1652324400,2115.703414327467,2115.703414327467,1800,1937.7625,19.967330476958693,NaN,NaN
1652335200,2026.7329571637333,2026.7329571637333,1800,1877.4925,18.237125817588506,NaN,NaN
1652346000,1952.1127285818666,2020,1896.8,1946.0625,26.08460242624949,NaN,NaN
1652356800,1949.0876142909333,2027,1883.25,1972.2625,28.892872303196526,NaN,NaN
1652367600,1960.6750571454668,2056.33,1929.65,1986.71,30.461801888041023,NaN,NaN
1652378400,1973.6925285727334,1973.6925285727334,1900.1,1933.4025,28.00637237729775,NaN,NaN
1652389200,1953.5475142863665,1984.12,1870,1936.2050000000002,28.333434658876158,NaN,NaN
1652400000,1944.8762571431835,2077.42,1940.23,2010.7300000000002,36.58387541070949,NaN,NaN
1652410800,1977.803128571592,2145,1977.803128571592,2093.65,44.271309247809924,NaN,NaN
1652421600,2035.726564285796,2124.78,2035.726564285796,2086.24,43.760791948137765,NaN,NaN
1652432400,2060.983282142898,2125,2057.29,2091.5375,44.25570167756506,NaN,NaN
1652443200,2076.260391071449,2147.54,2076.22,2116.645,46.65190095794403,NaN,NaN
1652454000,2096.452695535724,2130.33,2051.2,2090.3450000000003,44.49433462175487,NaN,NaN
1652464800,2093.398847767862,2093.398847767862,2030,2053.0725,41.560768760888834,NaN,NaN
1652475600,2073.235673883931,2085,2001.01,2035.5925000000002,40.221442582836964,NaN,NaN
1652486400,2054.4140869419657,2070.06,2001.45,2032.0875,39.94348405298577,NaN,NaN
1652497200,2043.250793470983,2060.99,2014.67,2039.7,40.89879047804788,NaN,NaN
1652508000,2041.4753967354914,2050.3,2027.24,2038.9025,40.82552449062018,NaN,NaN
1652518800,2040.1889483677455,2053.98,1970.75,2013.1025,38.42721851203091,NaN,NaN
1652529600,2026.6457241838727,2026.6457241838727,1951.21,1977.5525000000002,35.346031491534745,NaN,NaN
1652540400,2002.0991120919366,2028.24,1955,1993.415,37.74471021122022,NaN,NaN
1652551200,1997.7570560459683,2034.99,1986.57,2009.3425,40.145926440222446,NaN,NaN
1652562000,2003.5497780229841,2066.66,1993.39,2028.7175000000002,43.02478144224587,NaN,NaN
1652572800,2016.133639011492,2079.4,2016.133639011492,2047.495,45.74823929577958,NaN,NaN
1652583600,2031.814319505746,2036.96,2000.68,2025.7175000000002,43.17084902965439,NaN,NaN
1652594400,2028.765909752873,2049.3,2018.52,2030.895,43.97892832792317,NaN,NaN
1652605200,2029.8304548764365,2086.65,2020,2052.4175,47.331594236032814,NaN,NaN
1652616000,2041.1239774382184,2100,2041.1239774382184,2075.95,50.79876255548667,NaN,NaN
1652626800,2058.536988719109,2092.2,2048.11,2068.97,49.7525683823046,NaN,NaN
1652637600,2063.7534943595547,2136,2063.7534943595547,2100.4,54.31509615139297,NaN,NaN
1652648400,2082.076747179777,2167,2082.076747179777,2140.8925,59.426592228985335,NaN,NaN
1652659200,2111.4846235898885,2145.29,2075.45,2113.09,54.88582291712428,NaN,NaN
1652670000,2112.2873117949443,2112.2873117949443,2063.2,2076.5375,49.527677512688506,NaN,NaN
1652680800,2094.412405897472,2094.412405897472,1991.73,2039.0100000000002,44.70259964954466,NaN,NaN
1652691600,2066.711202948736,2066.711202948736,1980.1,2022.8425,42.76943947007596,NaN,NaN
1652702400,2044.776851474368,2060.09,1985,2018.8274999999999,42.28044719738675,NaN,NaN
1652713200,2031.802175737184,2031.802175737184,1979.12,2005.8549999999998,40.66278308582527,NaN,NaN
1652724000,2018.828587868592,2046.36,2005.19,2027.185,44.42772933409013,NaN,NaN
1652734800,2023.006793934296,2056.13,2018.01,2033.3025,45.49587090562822,NaN,NaN
1652745600,2028.154646967148,2052.45,2018.8,2035.3049999999998,45.862688862357956,NaN,NaN
1652756400,2031.729823483574,2083,2031.729823483574,2063.3849999999998,50.857172404168054,NaN,NaN
1652767200,2047.5574117417868,2098,2047.5574117417868,2082.9975000000004,54.0460461499292,NaN,NaN
1652778000,2065.2774558708934,2099.99,2065.2774558708934,2085.5049999999997,54.45298557439434,NaN,NaN
1652788800,2075.3912279354463,2122.42,2049.49,2077.12,52.77014873895335,NaN,NaN
1652799600,2076.255613967723,2076.255613967723,2036.86,2055.055,48.52069708097364,NaN,NaN
1652810400,2065.6553069838615,2069.98,2008,2047.395,47.102622147081206,NaN,NaN
1652821200,2056.5251534919307,2102.3,2050.03,2074.2025,52.35114231896739,NaN,NaN
1652832000,2065.3638267459655,2110.72,2060.19,2083.45,54.04504245995021,NaN,NaN
1652842800,2074.4069133729827,2074.4069133729827,2030,2055.9224999999997,48.51602871220022,NaN,NaN
1652853600,2065.164706686491,2065.164706686491,2017.84,2038.6150000000002,45.373045979563145,NaN,NaN
1652864400,2051.8898533432457,2051.8898533432457,2022.24,2034.645,44.6583841195107,NaN,NaN
1652875200,2043.2674266716228,2043.2674266716228,1965.46,2002.1374999999998,39.21209751412223,NaN,NaN
1652886000,2022.7024633358114,2022.7024633358114,1931.49,1961.565,33.68970167238011,NaN,NaN
1652896800,1992.1337316679057,1993.9,1947.3,1967.0674999999999,35.02617066874761,NaN,NaN
1652907600,1979.6006158339528,1979.6006158339528,1908,1941.2074999999998,31.783974671811606,NaN,NaN
1652918400,1960.4040579169764,1960.4040579169764,1903.18,1929.3675,30.396643633052975,NaN,NaN
1652929200,1944.8857789584881,1969.3,1942.96,1951.1975,35.94790826106333,NaN,NaN
1652940000,1948.0416394792442,1973.6,1932.79,1946.55,35.302378803873154,NaN,NaN
1652950800,1947.295819739622,1969.04,1912.17,1944.9375,35.067086816958266,NaN,NaN
1652961600,1946.116659869811,1990.72,1943.14,1969.8475,41.54833619028022,NaN,NaN
1652972400,1957.9820799349054,2040.39,1957.9820799349054,2002.6025000000002,48.78706153698478,NaN,NaN
1652983200,1980.2922899674527,2021,1980.2922899674527,2010.7575,50.43290942340416,NaN,NaN
1652994000,1995.5248949837264,2027.74,1995.5248949837264,2015.7875000000001,51.46890708144218,NaN,NaN
1653004800,2005.6561974918632,2052.94,2004.12,2026.6225,53.71314370362387,NaN,NaN
1653015600,2016.1393487459316,2034.27,2011.57,2025.8525,53.52371694342376,NaN,NaN
1653026400,2020.9959243729659,2037.9,2001.1,2023.6550000000002,52.94980146448008,NaN,NaN
1653037200,2022.325462186483,2064,2022.325462186483,2042.2975000000001,57.147733661263636,NaN,NaN
1653048000,2032.3114810932416,2058.04,1980.78,2020.0124999999998,51.260029484175355,NaN,NaN
1653058800,2026.1619905466207,2026.1619905466207,1923,1958.7375,39.277549365393455,NaN,NaN
1653069600,1992.4497452733103,1992.4497452733103,1923.13,1949.2875000000001,37.80962588433414,NaN,NaN
1653080400,1970.8686226366553,1978.68,1952.83,1962.74,41.17971976571335,NaN,NaN
1653091200,1966.8043113183276,1973.95,1937.36,1957.4474999999998,40.25547638336214,NaN,NaN
1653102000,1962.1259056591637,1969.95,1949.66,1961.4850000000001,41.33716525141917,NaN,NaN
1653112800,1961.805452829582,1988.48,1961.805452829582,1974.05,44.69313429387581,NaN,NaN
1653123600,1967.9277264147909,1979.49,1956.58,1971.3275,44.104389881959975,NaN,NaN
1653134400,1969.6276132073954,1983.25,1959.18,1972.7250000000001,44.50848276019524,NaN,NaN
1653145200,1971.1763066036979,1990.86,1964.41,1977.3625000000002,45.90603829394393,NaN,NaN
1653156000,1974.269403301849,1989.19,1972.81,1978.6775000000002,46.31888659653487,NaN,NaN
1653166800,1976.4734516509247,1981.44,1965.82,1974.7124999999999,45.19875182701682,NaN,NaN
1653177600,1975.5929758254624,1983.98,1971.82,1976.6,45.86984052591438,NaN,NaN
1653188400,1976.0964879127312,1981.2,1966.33,1973.9025,45.02131132602028,NaN,NaN
1653199200,1974.9994939563655,1985.81,1970.49,1978.2375,46.726845049021996,NaN,NaN
1653210000,1976.6184969781827,2037.8,1976.6184969781827,2005.8449999999998,56.0727722202216,NaN,NaN
1653220800,1991.2317484890914,2032.71,1991.2317484890914,2020.775,60.14484803075512,NaN,NaN
1653231600,2006.0033742445457,2022.8,1991,2009.6299999999999,55.9735621683779,NaN,NaN
1653242400,2007.816687122273,2018.36,2002.31,2008.98,55.730797908401954,NaN,NaN
1653253200,2008.3983435611365,2056.41,2006.26,2028.52,61.18132383802454,NaN,NaN
1653264000,2018.4591717805683,2057.87,2018.4591717805683,2037.1899999999998,63.338221156204696,NaN,NaN
1653274800,2027.8245858902842,2044.17,2025.62,2035.3075,62.52586028521144,NaN,NaN
1653285600,2031.566042945142,2081.74,2031.566042945142,2054.7525,67.20483408014887,NaN,NaN
1653296400,2043.1592714725712,2085,2043.1592714725712,2065.3825,69.45044171813458,NaN,NaN
1653307200,2054.270885736286,2088.5,2035.71,2062.88,68.26535561269777,NaN,NaN
1653318000,2058.575442868143,2078.83,2045.03,2058.1575,65.97737423509886,NaN,NaN
1653328800,2058.366471434071,2059.03,1977.17,2021.5700000000002,51.55936911908885,NaN,NaN
1653339600,2039.9682357170357,2039.9682357170357,1957.12,1983.7375,41.46818437153031,NaN,NaN
1653350400,2011.8528678585178,2011.8528678585178,1969.05,1979.4399999999998,40.49854659254951,NaN,NaN
1653361200,1995.6464339292588,1995.6464339292588,1980.19,1985.365,42.49499150802661,NaN,NaN
1653372000,1990.5057169646293,1990.5057169646293,1961.22,1973.5975,39.64955676319975,NaN,NaN
1653382800,1982.0516084823148,1985.19,1952.35,1966.7699999999998,38.05730724871259,NaN,NaN
1653393600,1974.4108042411572,1974.4108042411572,1913.02,1946.66,33.7572442389029,NaN,NaN
1653404400,1960.5354021205785,1976.99,1930.16,1950.645,35.316899205519704,NaN,NaN
1653415200,1955.5902010602892,1973.48,1940.34,1960.6725000000001,39.19633801125779,NaN,NaN
1653426000,1958.1313505301446,1990,1958.1313505301446,1977.2125,45.05055606254046,NaN,NaN
1653436800,1967.6719252650723,2020,1967.6719252650723,1996.2675,50.91402599849899,NaN,NaN
1653447600,1981.9697126325361,2022.34,1981.9697126325361,2002.6925,52.74502375529496,NaN,NaN
1653458400,1992.3311063162682,1992.3311063162682,1961.47,1978.9250000000002,45.92105116181011,NaN,NaN
1653469200,1985.6280531581342,1985.6280531581342,1942.3,1960.9475,41.54297005891003,NaN,NaN
1653480000,1973.2877765790672,1985.75,1934.61,1958.7475,41.027474611817205,NaN,NaN
1653490800,1966.0176382895336,1974.87,1944.09,1963.0175,42.51836689616891,NaN,NaN
1653501600,1964.5175691447666,1982.84,1946.76,1963.26,42.607107668497626,NaN,NaN
1653512400,1963.8887845723834,1972.02,1940.74,1954.0675,40.0810690742932,NaN,NaN
1653523200,1958.9781422861918,1966.01,1940.74,1950.375,39.078830677400376,NaN,NaN
1653534000,1954.6765711430958,1954.6765711430958,1921.71,1938.0825,35.86375027400726,NaN,NaN
1653544800,1946.3795355715479,1946.3795355715479,1811.1,1874.8600000000001,24.636996967842123,NaN,NaN
1653555600,1910.619767785774,1910.619767785774,1800,1825.225,19.481017691409974,NaN,NaN
1653566400,1867.922383892887,1867.922383892887,1735,1816.2275,18.716366369988336,NaN,NaN
1653577200,1842.0749419464435,1907.58,1842.0749419464435,1871.48,35.46752605443099,NaN,NaN
1653588000,1856.7774709732216,1877.36,1812.21,1848.395,32.45782213374824,NaN,NaN
1653598800,1852.5862354866108,1852.5862354866108,1789.38,1814.77,28.644905042635926,NaN,NaN
1653609600,1833.6781177433054,1833.6781177433054,1728.99,1770.7925,24.578213552369633,NaN,NaN
1653620400,1802.2353088716527,1802.2353088716527,1712.67,1745.57,22.596766738989913,NaN,NaN
1653631200,1773.9026544358262,1799.13,1722.73,1756.1349999999998,25.31285584427617,NaN,NaN
1653642000,1765.018827217913,1788.75,1756.08,1770.6,28.987001604235104,NaN,NaN
1653652800,1767.8094136089564,1822.26,1763,1781.2475000000002,31.6523147009879,NaN,NaN
1653663600,1774.5284568044783,1779.55,1725.32,1751.43,28.433812963861456,NaN,NaN
1653674400,1762.9792284022392,1772.5,1715,1741.2575,27.40982309601226,NaN,NaN
1653685200,1752.1183642011197,1755,1703,1732.6075,26.534741577449992,NaN,NaN
1653696000,1742.3629321005599,1752.39,1722.26,1732.8225,26.597469419552226,NaN,NaN
1653706800,1737.59271605028,1783.12,1722.31,1751.5425,32.03864144734747,NaN,NaN
1653717600,1744.56760802514,1774.34,1744.56760802514,1763.7574999999997,35.403469874366664,NaN,NaN
1653728400,1754.16255401257,1788,1751.41,1768.1950000000002,36.63093108494499,NaN,NaN
1653739200,1761.1787770062851,1801.67,1761.1787770062851,1781.2450000000001,40.228034726873034,NaN,NaN
1653750000,1771.2118885031427,1808.98,1760,1781.6125000000002,40.330755358290986,NaN,NaN
1653760800,1776.4121942515715,1800,1776.4121942515715,1786.7124999999999,41.82490723748143,NaN,NaN
1653771600,1781.5623471257857,1805.44,1778.68,1792.49,43.54942255207252,NaN,NaN
1653782400,1787.0261735628928,1795.89,1759.96,1779.1575,40.561301581978604,NaN,NaN
1653793200,1783.0918367814465,1785.21,1765.01,1775.8899999999999,39.83982557967752,NaN,NaN
1653804000,1779.4909183907232,1796.62,1778.35,1786.365,43.32046779617486,NaN,NaN
1653814800,1782.9279591953616,1805,1774.42,1791.78,45.08910174700005,NaN,NaN
1653825600,1787.3539795976808,1827.4,1787.3539795976808,1808.4175,50.228011418657,NaN,NaN
1653836400,1797.8857397988404,1810.64,1792.8,1801.885,48.31604675278923,NaN,NaN
1653847200,1799.8853698994203,1804.33,1785.29,1796.4475,46.72179134712729,NaN,NaN
1653858000,1798.16643494971,1826.24,1794.14,1807.8375,50.412801309845484,NaN,NaN
1653868800,1803.001967474855,1883.74,1803.001967474855,1843.9625,59.901250693768176,NaN,NaN
1653879600,1823.4822337374276,1899.99,1823.4822337374276,1886.025,67.66066101987138,NaN,NaN
1653890400,1854.7536168687138,1917.68,1854.7536168687138,1904.5425,70.37823157868966,NaN,NaN
1653901200,1879.648058434357,1910.19,1879.648058434357,1903.0700000000002,69.87538955462864,NaN,NaN
1653912000,1891.3590292171784,1924,1872.71,1899.0225,68.42813750705531,NaN,NaN
1653922800,1895.1907646085892,1935.44,1894.8,1913.71,70.79222784609524,NaN,NaN
1653933600,1904.4503823042946,1959.99,1904.4503823042946,1938.4524999999999,74.28542855153853,NaN,NaN
1653944400,1921.4514411521473,2013,1921.4514411521473,1978.72,78.74151145695762,NaN,NaN
1653955200,1950.0857205760735,2016.45,1950.0857205760735,1997.01,80.40268239290444,NaN,NaN
1653966000,1973.5478602880366,2003.45,1973.5478602880366,1989.0325,77.55602454330811,NaN,NaN
1653976800,1981.2901801440184,1985,1960.2,1973.725,72.2686870081616,NaN,NaN
1653987600,1977.5075900720092,1985.08,1957.82,1973.2425,72.10182959180689,NaN,NaN
1653998400,1975.3750450360046,1988.81,1930.09,1964.8325,69.10681072560206,NaN,NaN
1654009200,1970.1037725180022,1999.87,1945.73,1968.7125,69.73150076169959,NaN,NaN
1654020000,1969.4081362590011,1970.54,1925,1954.1475,64.46200465889567,NaN,NaN
1654030800,1961.7778181295007,1961.7778181295007,1938.04,1948.3200000000002,62.42925133958609,NaN,NaN
1654041600,1955.0489090647504,1958.55,1930.02,1942.7324999999998,60.46058044206183,NaN,NaN
1654052400,1948.8907045323751,1948.8907045323751,1913.76,1932.2875,56.851453492098784,NaN,NaN
1654063200,1940.5891022661876,1945.59,1924.1,1934.6975000000002,57.48211279062427,NaN,NaN
1654074000,1937.643301133094,1944.79,1926.98,1936.4925000000003,57.9747991338877,NaN,NaN
1654084800,1937.067900566547,1972.58,1890.06,1927.9,54.70681420618393,NaN,NaN
1654095600,1932.4839502832735,1932.4839502832735,1827.46,1874.595,39.740691486548265,NaN,NaN
1654106400,1903.5394751416368,1903.5394751416368,1763.75,1814.7325,29.8609926946816,NaN,NaN
1654117200,1859.1359875708185,1859.1359875708185,1791,1811.4975,29.435121529222968,NaN,NaN
1654128000,1835.3167437854092,1835.86,1805.62,1822.6499999999999,32.98356543189999,NaN,NaN
1654138800,1828.9833718927046,1833.36,1802,1822.0300000000002,32.884563068392254,NaN,NaN
1654149600,1825.5066859463523,1837.35,1811.42,1823.0925,33.254300300412,NaN,NaN
1654160400,1824.299592973176,1844.13,1812.64,1829.5625,35.58154005471346,NaN,NaN
1654171200,1826.931046486588,1841.23,1782.42,1816.7725,33.12288848574336,NaN,NaN
1654182000,1821.851773243294,1833.78,1802.88,1814.5500000000002,32.700048018592284,NaN,NaN
1654192800,1818.200886621647,1830,1800.71,1818.04,34.12223128169528,NaN,NaN
1654203600,1818.1204433108235,1853.05,1818.1204433108235,1833.32,40.09138420096297,NaN,NaN
1654214400,1825.7202216554117,1843.91,1822.3,1832.9175,39.98859743319879,NaN,NaN
1654225200,1829.318860827706,1833.24,1816.48,1826.6975,38.35221144244406,NaN,NaN
1654236000,1828.008180413853,1828.008180413853,1806.7,1817.4725,35.99930646477604,NaN,NaN
1654246800,1822.7403402069267,1822.7403402069267,1753,1784.8075,29.174143018276283,NaN,NaN
1654257600,1803.7739201034633,1803.7739201034633,1737,1761.675,25.488688888795025,NaN,NaN
1654268400,1782.7244600517315,1782.7244600517315,1746.68,1759.7725,25.20665910880595,NaN,NaN
1654279200,1771.2484800258658,1771.2484800258658,1743,1755.0774999999999,24.48659448352504,NaN,NaN
1654290000,1763.1629900129328,1795,1759.59,1772.3625,32.16908978319789,NaN,NaN
1654300800,1767.7627450064665,1779.66,1748.43,1764.49,30.64012746207075,NaN,NaN
1654311600,1766.1263725032331,1770.47,1751.73,1761.4925,30.05439776203484,NaN,NaN
1654322400,1763.8094362516167,1778.25,1763.8094362516167,1771.7275,34.64825214142303,NaN,NaN
1654333200,1767.7684681258083,1780,1763.32,1771.6174999999998,34.621933852255125,NaN,NaN
1654344000,1769.692984062904,1789.26,1757.23,1772.9424999999999,35.25984171693594,NaN,NaN
1654354800,1771.3177420314519,1782.86,1767.3,1775.7775000000001,36.683368224277906,NaN,NaN
1654365600,1773.547621015726,1782.86,1770.5,1776.68,37.157093866134225,NaN,NaN
1654376400,1775.113810507863,1816,1775.113810507863,1793.435,45.334315755128905,NaN,NaN
1654387200,1784.2744052539315,1810.97,1784.2744052539315,1798.405,47.5159092968403,NaN,NaN
1654398000,1791.3397026269658,1800,1786.51,1794.395,45.923457497353134,NaN,NaN
1654408800,1792.867351313483,1797.84,1785.78,1792.4975,45.152324198721296,NaN,NaN
1654419600,1792.6824256567415,1792.6824256567415,1773.05,1785.12,42.18627611726172,NaN,NaN
1654430400,1788.9012128283707,1798.54,1780,1790.52,45.032526345908,NaN,NaN
1654441200,1789.7106064141853,1829.4,1789.7106064141853,1810.8125,54.164604083531145,NaN,NaN
1654452000,1800.2615532070927,1830.17,1800.2615532070927,1819,57.25059298309899,NaN,NaN
1654462800,1809.6307766035463,1821.23,1802.55,1810.1950000000002,53.109382054221776,NaN,NaN
1654473600,1809.9128883017734,1873.2,1804.35,1837.7425,62.29798420826875,NaN,NaN
1654484400,1823.8276941508866,1887.98,1823.8276941508866,1873.1925,70.35003357574236,NaN,NaN
1654495200,1848.5100970754434,1906.27,1848.5100970754434,1887.3525,72.84478248270493,NaN,NaN
1654506000,1867.9312985377217,1915.47,1867.9312985377217,1907.1525,75.89852788077437,NaN,NaN
1654516800,1887.5418992688608,1920,1887.5418992688608,1903.175,74.09591088131137,NaN,NaN
1654527600,1895.3584496344304,1896.12,1843.72,1872.6025,61.92222452485418,NaN,NaN
1654538400,1883.980474817215,1883.980474817215,1846.96,1858.3825,57.21373615501585,NaN,NaN
1654549200,1871.1814874086076,1876.82,1851.62,1862.5625,58.21944105645415,NaN,NaN
1654560000,1866.8719937043038,1866.8719937043038,1725.13,1797.1825,41.70653174801371,NaN,NaN
1654570800,1832.0272468521518,1832.0272468521518,1737.28,1749.3075,34.0832048542124,NaN,NaN
1654581600,1790.6673734260758,1790.6673734260758,1750.97,1763.23,37.65226814032061,NaN,NaN
1654592400,1776.948686713038,1776.948686713038,1747.42,1760.8425000000002,37.2794997503123,NaN,NaN
1654603200,1768.895593356519,1794.26,1736.17,1767.19,39.00836917448472,NaN,NaN
1654614000,1768.0427966782595,1791.87,1768.0427966782595,1781.9724999999999,42.9522268856379,NaN,NaN
1654624800,1775.0076483391297,1874.98,1775.0076483391297,1820.6100000000001,51.73666750631693,NaN,NaN
1654635600,1797.808824169565,1850,1753.03,1815.365,50.59765892436221,NaN,NaN
1654646400,1806.5869120847824,1836.07,1788.28,1815.5549999999998,50.640052107711405,NaN,NaN
1654657200,1811.0709560423911,1827.94,1765.28,1807.2975000000001,48.68471866092623,NaN,NaN
1654668000,1809.1842280211956,1817.99,1790.05,1806.845,48.57403448230053,NaN,NaN
1654678800,1808.0146140105978,1817,1797.44,1807.7425,48.82256057498204,NaN,NaN
1654689600,1807.878557005299,1838.77,1783.22,1807.8825,48.86407451178952,NaN,NaN
1654700400,1807.8805285026494,1822,1788.05,1803.2625,47.49489337489751,NaN,NaN
1654711200,1805.5715142513247,1806.5,1771.53,1794.2024999999999,44.841381016842966,NaN,NaN
1654722000,1799.8870071256624,1813.4,1790,1797.9925,46.19559631531766,NaN,NaN
1654732800,1798.9397535628314,1799.58,1777.33,1790.7925,43.98622363582367,NaN,NaN
1654743600,1794.8661267814157,1808.24,1792.7,1798.725,46.99406658371355,NaN,NaN
1654754400,1796.7955633907077,1819.5,1795.31,1807.6,50.215139540005445,NaN,NaN
1654765200,1802.1977816953538,1833,1802.1977816953538,1814.2125,52.5297585834902,NaN,NaN
1654776000,1808.2051408476768,1811.11,1779.01,1796.4750000000001,46.31006455003436,NaN,NaN
1654786800,1802.3400704238384,1818.42,1785.8,1800.0225,47.64522839759589,NaN,NaN
1654797600,1801.1812852119192,1807.33,1781.04,1797.215,46.656368735496436,NaN,NaN
1654808400,1799.1981426059597,1799.5,1781.65,1791.2999999999997,44.55809783230083,NaN,NaN
1654819200,1795.2490713029797,1795.2490713029797,1745.01,1778.7375,40.40222789944445,NaN,NaN
1654830000,1786.9932856514897,1804.32,1786.7,1792.45,46.29079071321827,NaN,NaN
1654840800,1789.7216428257448,1799.88,1784.8,1790.6325000000002,45.647015667249725,NaN,NaN
1654851600,1790.1770714128725,1790.1770714128725,1763.51,1777.295,41.12689378802762,NaN,NaN
1654862400,1783.7360357064363,1783.7360357064363,1708.01,1750.1075,33.78315130535516,NaN,NaN
1654873200,1766.9217678532182,1766.9217678532182,1661,1706.105,25.76443408824187,NaN,NaN
1654884000,1736.513383926609,1736.513383926609,1666.72,1679.4850000000001,22.3138361219807,NaN,NaN
1654894800,1707.9991919633046,1707.9991919633046,1655.93,1670.7075,21.30081735029532,NaN,NaN
1654905600,1689.3533459816522,1689.3533459816522,1658.5,1669.375,21.14388621025296,NaN,NaN
1654916400,1679.364172990826,1680.07,1664.11,1671.7549999999999,22.24575877963383,NaN,NaN
1654927200,1675.559586495413,1675.559586495413,1575,1623.4075000000003,17.03758207434761,NaN,NaN
1654938000,1649.4835432477066,1649.4835432477066,1545,1578.4825,13.803648314486026,NaN,NaN
1654948800,1613.9830216238533,1613.9830216238533,1517,1552.7525,12.356971300935257,NaN,NaN
1654959600,1583.3677608119267,1583.3677608119267,1496.74,1526.0674999999999,11.062097934052204,NaN,NaN
1654970400,1554.7176304059633,1578,1518,1538.3225,15.44426682767191,NaN,NaN
1654981200,1546.5200652029816,1553.19,1521.27,1532.6725,15.075465249751844,NaN,NaN
1654992000,1539.5962826014907,1542.24,1446.6,1493.7549999999999,12.806902719529191,NaN,NaN
1655002800,1516.6756413007452,1516.6756413007452,1423,1446.8274999999999,10.713396011436942,NaN,NaN
1655013600,1481.7515706503725,1486.9,1428.1,1454.1625000000001,13.104427406858335,NaN,NaN
1655024400,1467.9570353251863,1479.59,1452.83,1468.005,17.58960914323788,NaN,NaN
1655035200,1467.9810176625933,1531.76,1429,1484.96,22.84284099879514,NaN,NaN
1655046000,1476.4705088312967,1547,1476.4705088312967,1518.935,32.173085241849165,NaN,NaN
1655056800,1497.7027544156483,1522.99,1476.42,1499.5825,29.95133487059512,NaN,NaN
1655067600,1498.6426272078243,1498.6426272078243,1433,1458.065,25.83026305811711,NaN,NaN
1655078400,1478.3538136039122,1478.3538136039122,1338.09,1391.835,20.891926055408163,NaN,NaN
1655089200,1435.0944068019562,1435.0944068019562,1304.39,1338.5375000000001,17.922413567874372,NaN,NaN
1655100000,1386.8159534009783,1386.8159534009783,1205,1270.9675,15.009628816669036,NaN,NaN
1655110800,1328.891726700489,1328.891726700489,1180,1216.0025,13.138986476014566,NaN,NaN
1655121600,1272.4471133502445,1272.4471133502445,1165.45,1206.4575,12.839724932678337,NaN,NaN
1655132400,1239.4523066751221,1279.74,1185,1224.19,16.638413889023013,NaN,NaN
1655143200,1231.821153337561,1284.33,1217.84,1245.9525,21.17869024505748,NaN,NaN
1655154000,1238.8868266687805,1248.55,1168.5,1217.26,19.658457618398018,NaN,NaN
1655164800,1228.0734133343904,1228.0734133343904,1075.8,1157.435,16.929731102971658,NaN,NaN
1655175600,1192.7542066671951,1250.2,1105.01,1175.3600000000001,20.490868424306797,NaN,NaN
1655186400,1184.0571033335978,1254,1184.0571033335978,1226.67,29.771622659846628,NaN,NaN
1655197200,1205.363551666799,1230.91,1154.37,1194.9775,27.626595484376082,NaN,NaN
1655208000,1200.1705258333996,1229.41,1158,1196.2525,27.851808823292615,NaN,NaN
1655218800,1198.2115129166998,1268.45,1198.2115129166998,1229.35,33.625897601574195,NaN,NaN
1655229600,1213.78075645835,1231.85,1177.9,1203.1175,31.475773186060962,NaN,NaN
1655240400,1208.4491282291751,1221.29,1159.12,1194.6574999999998,30.79195240245619,NaN,NaN
1655251200,1201.5533141145875,1231.67,1188.51,1208.445,33.33392362987843,NaN,NaN
1655262000,1204.9991570572938,1210.02,1092.93,1157.8950000000002,29.11203378967842,NaN,NaN
1655272800,1181.4470785286471,1181.4470785286471,1023.32,1079.715,24.040655994550434,NaN,NaN
1655283600,1130.5810392643234,1136.96,1014.4,1075.25,23.785807659113317,NaN,NaN
1655294400,1102.9155196321617,1164,1093.66,1120.9524999999999,31.759851646696816,NaN,NaN
1655305200,1111.9340098160808,1134.99,1058.58,1103.4825,30.448421423245165,NaN,NaN
1655316000,1107.7082549080405,1227.29,1045,1141.685,36.61231558509765,NaN,NaN
1655326800,1124.6966274540202,1250,1124.6966274540202,1211.26,45.998703202640684,NaN,NaN
1655337600,1167.9783137270101,1257.85,1167.9783137270101,1230.91,48.326040662998885,NaN,NaN
1655348400,1199.4441568635052,1224.22,1181.7,1201.8349999999998,45.22053236787513,NaN,NaN
1655359200,1200.6395784317524,1200.6395784317524,1154.04,1174.915,42.49748778476414,NaN,NaN
1655370000,1187.7772892158762,1187.7772892158762,1093.71,1138.4125,39.062600643949395,NaN,NaN
1655380800,1163.094894607938,1163.094894607938,1082,1111.31,36.69131476336796,NaN,NaN
1655391600,1137.202447303969,1137.202447303969,1096.06,1109.22,36.507269885753935,NaN,NaN
1655402400,1123.2112236519845,1123.2112236519845,1086.15,1103.0725,35.93627728468543,NaN,NaN
1655413200,1113.1418618259922,1119.5,1051.55,1084.9975,34.24054888348445,NaN,NaN
1655424000,1099.069680912996,1117.1,1051.11,1081.115,33.87083399452894,NaN,NaN
1655434800,1090.092340456498,1110.78,1068.07,1091.705,35.90378896537551,NaN,NaN
1655445600,1090.898670228249,1118,1087.82,1100.4450000000002,37.60853639084489,NaN,NaN
1655456400,1095.6718351141246,1111.13,1086.64,1096.53,37.13212459942029,NaN,NaN
1655467200,1096.1009175570623,1101.49,1064.14,1083.4875,35.51792435074198,NaN,NaN
1655478000,1089.7942087785311,1093.52,1070.93,1080.0425,35.084083136965575,NaN,NaN
1655488800,1084.9183543892655,1099.82,1073.51,1087.08,36.78284324056335,NaN,NaN
1655499600,1085.9991771946327,1099.98,1075.12,1089.26,37.3299394937484,NaN,NaN
1655510400,1087.6295885973163,1097.58,1071.57,1084.7525,36.62417380219947,NaN,NaN
1655521200,1086.1910442986582,1086.1910442986582,1074.41,1080.0925,35.869152445677855,NaN,NaN
1655532000,1083.141772149329,1083.141772149329,975.21,1031,29.07005622722552,NaN,NaN
1655542800,1057.0708860746645,1057.0708860746645,984.44,999.4575,25.699370897069784,NaN,NaN
1655553600,1028.2641930373322,1028.2641930373322,992.5,999.8499999999999,25.814641554812866,NaN,NaN
1655564400,1014.0570965186661,1014.0570965186661,954.99,977.59,23.580317735620298,NaN,NaN
1655575200,995.823548259333,995.823548259333,881.56,928.15,19.535935343204585,NaN,NaN
1655586000,961.9867741296665,1015,900.98,953.8425,26.583052155595453,NaN,NaN
1655596800,957.9146370648332,1009.54,940.95,974.0774999999999,31.65960068397193,NaN,NaN
1655607600,965.9960685324165,978.03,936.15,952.82,29.362603614316924,NaN,NaN
1655618400,959.4080342662082,972.97,938.77,956.5825,30.32615261514023,NaN,NaN
1655629200,957.9952671331041,1078.4,957.9952671331041,1016.62,43.5568105936505,NaN,NaN
1655640000,987.3076335665521,1069.58,987.3076335665521,1045.215,48.56649066655143,NaN,NaN
1655650800,1016.261316783276,1077.13,1016.261316783276,1047.5125,48.958478117091126,NaN,NaN
1655661600,1031.886908391638,1158.62,1031.886908391638,1098.4225,56.81287067723629,NaN,NaN
1655672400,1065.1547041958188,1150.45,1065.1547041958188,1134.8899999999999,61.39549781629911,NaN,NaN
1655683200,1100.0223520979093,1132.75,1053,1097.3725,54.936917613628815,NaN,NaN
1655694000,1098.6974260489546,1098.6974260489546,1060.22,1077.2275,51.78672545160796,NaN,NaN
1655704800,1087.9624630244773,1131,1065.32,1101.0099999999998,55.062799351966284,NaN,NaN
1655715600,1094.4862315122386,1170,1094.4862315122386,1141.2325,60.011776110394734,NaN,NaN
1655726400,1117.8593657561194,1154.26,1107.36,1138.7925,59.583091510552755,NaN,NaN
1655737200,1128.3259328780596,1152.7,1094.15,1121.1025,56.43551301888914,NaN,NaN
1655748000,1124.7142164390298,1128,1083.1,1107.37,54.048558681135084,NaN,NaN
1655758800,1116.0421082195148,1138.69,1090.74,1119.7075,55.85504610581336,NaN,NaN
1655769600,1117.8748041097574,1143.79,1109.23,1125.3025,56.68664750811727,NaN,NaN
1655780400,1121.5886520548788,1158.52,1114.03,1135.76,58.269007609541944,NaN,NaN
1655791200,1128.6743260274393,1177.77,1128.6743260274393,1158.7775000000001,61.59475335753576,NaN,NaN
1655802000,1143.7259130137197,1173.21,1137.14,1154.6350000000002,60.65782535991612,NaN,NaN
1655812800,1149.18045650686,1194,1135.24,1163.385,61.973589505513836,NaN,NaN
1655823600,1156.28272825343,1183.68,1148.46,1166.725,62.48929060876055,NaN,NaN
1655834400,1161.503864126715,1161.503864126715,1113.49,1135.7174999999997,55.02818955785518,NaN,NaN
1655845200,1148.6106820633572,1148.6106820633572,1118.56,1127.0025,53.10885966883888,NaN,NaN
1655856000,1137.8065910316786,1137.8065910316786,1094.58,1112.6599999999999,50.01697038189287,NaN,NaN
1655866800,1125.2332955158392,1125.2332955158392,1084.94,1096.9675000000002,46.80617885719237,NaN,NaN
1655877600,1111.1003977579198,1111.1003977579198,1066.6,1085.0325,44.468104531159064,NaN,NaN
1655888400,1098.0664488789598,1106.01,1079.19,1090.995,45.92145637025146,NaN,NaN
1655899200,1094.5307244394799,1125,1070.83,1100.8825,48.336127612167424,NaN,NaN
1655910000,1097.7066122197398,1110.87,1054.06,1089.3825,45.77597054261727,NaN,NaN
1655920800,1093.54455610987,1093.54455610987,1043.65,1066.02,41.022380034265254,NaN,NaN
1655931600,1079.782278054935,1079.782278054935,1046,1053,38.61566809438301,NaN,NaN
1655942400,1066.3911390274675,1097.98,1045.3,1069.77,43.235113063884526,NaN,NaN
1655953200,1068.0805695137337,1092.61,1068.0805695137337,1083.9875,46.8845667011577,NaN,NaN
1655964000,1076.0340347568667,1110,1076.0340347568667,1094.0725,49.37104343289549,NaN,NaN
1655974800,1085.0532673784332,1116.59,1085.0532673784332,1103.7,51.695766239824636,NaN,NaN
1655985600,1094.3766336892168,1131.55,1094.3766336892168,1112.4724999999999,53.778394507669354,NaN,NaN
1655996400,1103.4245668446083,1112.62,1082.78,1100.145,50.484419882570826,NaN,NaN
1656007200,1101.7847834223041,1145,1089.31,1115.91,54.33641778394983,NaN,NaN
1656018000,1108.847391711152,1155,1108.847391711152,1139.255,59.3761745267807,NaN,NaN
1656028800,1124.0511958555762,1168.4,1124.0511958555762,1151.6599999999999,61.789468607806484,NaN,NaN
1656039600,1137.855597927788,1161.14,1137.15,1148.1525,60.69161677475037,NaN,NaN
1656050400,1143.004048963894,1162.76,1132,1148.98,60.86826666118566,NaN,NaN
1656061200,1145.992024481947,1205.52,1142.97,1175.9424999999999,66.19844457681519,NaN,NaN
1656072000,1160.9672622409735,1226.45,1160.9672622409735,1204.16,70.69695230682217,NaN,NaN
1656082800,1182.5636311204867,1219,1182.5636311204867,1202.2975,70.03442197571752,NaN,NaN
1656093600,1192.4305655602434,1243.74,1192.4305655602434,1217.1875,72.27165929263869,NaN,NaN
1656104400,1204.8090327801217,1245.43,1204.8090327801217,1226.35,73.57886759058576,NaN,NaN
1656115200,1215.5795163900607,1227.3,1204.02,1215.8899999999999,69.54791746589532,NaN,NaN
1656126000,1215.7347581950303,1229.98,1205.66,1215.435,69.36988888933224,NaN,NaN
1656136800,1215.584879097515,1242.3,1210.68,1224.7200000000003,71.00121428436071,NaN,NaN
1656147600,1220.1524395487577,1237.25,1213,1223.6075,70.516611112385,NaN,NaN
1656158400,1221.8799697743789,1221.8799697743789,1188.32,1204.72,62.69313749905867,NaN,NaN
1656169200,1213.2999848871896,1213.2999848871896,1180,1193.4675,58.52708882674048,NaN,NaN
1656180000,1203.3837424435947,1214.57,1191.63,1203.0125,60.900572907221,NaN,NaN
1656190800,1203.1981212217975,1256.77,1203.1981212217975,1229.0625,66.53033059376261,NaN,NaN
1656201600,1216.1303106108987,1245.9,1216.1303106108987,1236.88,68.0185347451598,NaN,NaN
1656212400,1226.5051553054495,1242.74,1226.5051553054495,1236.1925,67.73329974281785,NaN,NaN
1656223200,1231.3488276527248,1252,1231.3488276527248,1242.4950000000001,69.01603597301562,NaN,NaN
1656234000,1236.9219138263625,1277,1235.6,1256.6425,71.73260146831893,NaN,NaN
1656244800,1246.7822069131812,1280,1223.01,1250.6225000000002,68.96187450971475,NaN,NaN
1656255600,1248.7023534565906,1248.7023534565906,1211.86,1224.485,58.4123257159716,NaN,NaN
1656266400,1236.5936767282951,1248.71,1210.12,1232.2375,60.34978585832835,NaN,NaN
1656277200,1234.4155883641474,1249.93,1194.6,1222.3825000000002,56.7315855867959,NaN,NaN
1656288000,1228.3990441820738,1228.3990441820738,1195.82,1209.2199999999998,52.22772999028446,NaN,NaN
1656298800,1218.8095220910368,1228.1,1212.78,1218.71,55.00149781186237,NaN,NaN
1656309600,1218.7597610455184,1237,1212.71,1224.3400000000001,56.611032742492725,NaN,NaN
1656320400,1221.5498805227594,1238.93,1217.32,1227.26,57.46089748234406,NaN,NaN
1656331200,1224.4049402613796,1224.4049402613796,1175,1202.4925,48.740360323589734,NaN,NaN
1656342000,1213.4487201306897,1213.4487201306897,1180.55,1188.0525,44.50001973883995,NaN,NaN
1656352800,1200.750610065345,1211.32,1172.49,1193.3374999999999,46.34004911959144,NaN,NaN
1656363600,1197.0440550326725,1219,1189.24,1200.8925,48.94582666842398,NaN,NaN
1656374400,1198.9682775163362,1199.64,1162.16,1182.4075,43.393427373455324,NaN,NaN
1656385200,1190.6878887581681,1193.32,1174.14,1181.925,43.25549416242791,NaN,NaN
1656396000,1186.306444379084,1228.66,1184.9,1205.8700000000001,51.495526154208235,NaN,NaN
1656406800,1196.0882221895422,1233.82,1196.0882221895422,1224.275,56.700233318109625,NaN,NaN
1656417600,1210.1816110947711,1237.99,1195.9,1215.355,53.69313924995974,NaN,NaN
1656428400,1212.7683055473856,1212.7683055473856,1173.01,1189.975,46.18734562869341,NaN,NaN
1656439200,1201.3716527736929,1201.3716527736929,1151.22,1167.6875,40.79432593959731,NaN,NaN
1656450000,1184.5295763868464,1184.5295763868464,1136.32,1152.6325,37.6005307399527,NaN,NaN
1656460800,1168.5810381934232,1168.5810381934232,1133.03,1146.085,36.270563227374296,NaN,NaN
1656471600,1157.3330190967117,1157.3330190967117,1126.03,1141.27,35.28221858734915,NaN,NaN
1656482400,1149.3015095483559,1149.3015095483559,1114.5,1126.955,32.45106871556828,NaN,NaN
1656493200,1138.128254774178,1142.44,1102.4,1121.9850000000001,31.505817073053663,NaN,NaN
1656504000,1130.056627387089,1130.056627387089,1090.2,1112.08,29.652046902493083,NaN,NaN
1656514800,1121.0683136935445,1121.0683136935445,1087.42,1106.7525,28.674767578203998,NaN,NaN
1656525600,1113.9104068467723,1122.69,1100.43,1109.4525,29.93511259881518,NaN,NaN
1656536400,1111.6814534233863,1119.66,1092.73,1105.5725000000002,29.138287646490014,NaN,NaN
1656547200,1108.6269767116933,1108.6269767116933,1077,1094.1275,26.866528246641366,NaN,NaN
1656558000,1101.3772383558467,1101.3772383558467,1083.48,1090.6525000000001,26.198644575311192,NaN,NaN
1656568800,1096.0148691779234,1096.0148691779234,1042,1068.2224999999999,22.33850863213158,NaN,NaN
1656579600,1082.1186845889615,1082.1186845889615,1011.87,1032.7675,17.859136591318375,NaN,NaN
1656590400,1057.4430922944807,1057.4430922944807,998,1021.255,16.688915522874495,NaN,NaN
1656601200,1039.3490461472404,1046,1024.08,1032.75,22.172500135134086,NaN,NaN
1656612000,1036.04952307362,1036.04952307362,1005.24,1021.555,20.74069205068183,NaN,NaN
1656622800,1028.80226153681,1082.3,1011.28,1044.05,30.45835215099082,NaN,NaN
1656633600,1036.426130768405,1117,1036.426130768405,1082.7625,43.33435753917823,NaN,NaN
1656644400,1059.5943153842027,1093.2,1045.41,1072.0075000000002,41.05980022800907,NaN,NaN
1656655200,1065.8009076921014,1086.44,1049.99,1065.8525,39.77316051904835,NaN,NaN
1656666000,1065.8267038460508,1075.03,1033.44,1057.205,37.972798191949735,NaN,NaN
1656676800,1061.5158519230254,1074.23,1043,1056.2150000000001,37.762054426823354,NaN,NaN
1656687600,1058.8654259615128,1083.1,1052.56,1066.82,41.507005519533045,NaN,NaN
1656698400,1062.8427129807565,1092,1057.83,1073.38,43.76126694807465,NaN,NaN
1656709200,1068.1113564903783,1076.53,1054.7,1065.1174999999998,41.58729747986855,NaN,NaN
1656720000,1066.6144282451892,1069.49,1037,1052.01,38.33388266477827,NaN,NaN
1656730800,1059.3122141225945,1059.3122141225945,1033.77,1043.3274999999999,36.30766247056656,NaN,NaN
1656741600,1051.3198570612972,1053.27,1036.72,1043.9125000000001,36.55100852609995,NaN,NaN
1656752400,1047.6161785306485,1049.05,1028.29,1040.125,35.60258968919125,NaN,NaN
1656763200,1043.8705892653243,1064.79,1039.76,1050.9125,40.35007428429256,NaN,NaN
1656774000,1047.391544632662,1068,1044.6,1057.795,43.22585557659134,NaN,NaN
1656784800,1052.593272316331,1078.88,1052.593272316331,1066.7024999999999,46.800615257871335,NaN,NaN
1656795600,1059.6478861581654,1075.38,1059.6478861581654,1067.63,47.173599123889765,NaN,NaN
1656806400,1063.6389430790828,1071.48,1054.06,1063.3799999999999,45.59609402315746,NaN,NaN
1656817200,1063.5094715395412,1088.34,1040.78,1062.185,45.13901895302301,NaN,NaN
1656828000,1062.8472357697706,1065.8,1050,1058.0425,43.510715245769774,NaN,NaN
1656838800,1060.4448678848853,1065.34,1053.24,1059.35,44.19497417431171,NaN,NaN
1656849600,1059.8974339424426,1063.25,1040.97,1054.1950000000002,42.03316126188675,NaN,NaN
1656860400,1057.0462169712214,1062.71,1049.24,1055.93,43.042990392335845,NaN,NaN
1656871200,1056.4881084856106,1087,1056.4881084856106,1072.4074999999998,51.65654628881298,NaN,NaN
1656882000,1064.4478042428052,1087.33,1064.4478042428052,1078.98,54.60546516068879,NaN,NaN
1656892800,1071.7139021214025,1076.89,1049.52,1062.7725,46.992952891857065,NaN,NaN
1656903600,1067.2432010607013,1067.2432010607013,1047.42,1052.4875,42.90528473272583,NaN,NaN
1656914400,1059.8653505303505,1059.8653505303505,1045.37,1052.1924999999999,42.79031308278163,NaN,NaN
1656925200,1056.028925265175,1106.14,1050.51,1077.185,54.02943090010647,NaN,NaN
1656936000,1066.6069626325875,1117.16,1066.6069626325875,1098.1299999999999,60.952670166201145,NaN,NaN
1656946800,1082.3684813162936,1135.36,1082.3684813162936,1110.3075,64.31738732977806,NaN,NaN
1656957600,1096.3379906581467,1135.3,1096.3379906581467,1125.13,67.93885232128383,NaN,NaN
1656968400,1110.7339953290734,1160.9,1110.7339953290734,1138.315,70.77974606138206,NaN,NaN
1656979200,1124.5244976645367,1163.31,1124.5244976645367,1150.155,73.08601613999025,NaN,NaN
1656990000,1137.3397488322685,1167.99,1137.3397488322685,1153.185,73.65898922805857,NaN,NaN
1657000800,1145.2623744161342,1174.9,1133.76,1151.23,72.58526313152221,NaN,NaN
1657011600,1148.246187208067,1148.246187208067,1107.79,1124.7675,59.86467538335483,NaN,NaN
1657022400,1136.5068436040335,1136.5068436040335,1087.37,1101.4875,51.340445660942365,NaN,NaN
1657033200,1118.9971718020167,1118.9971718020167,1076.34,1094.9525,49.22165511861379,NaN,NaN
1657044000,1106.9748359010084,1170,1099.44,1131.6950000000002,59.37351162811819,NaN,NaN
1657054800,1119.3349179505044,1159.76,1119.3349179505044,1143.8274999999999,62.07010145192818,NaN,NaN
1657065600,1131.5812089752521,1155.5,1111.44,1129.6275,57.27810003517279,NaN,NaN
1657076400,1130.604354487626,1150.67,1113.59,1128.7949999999998,57.00026186212458,NaN,NaN
1657087200,1129.6996772438129,1148.67,1120.81,1135.5225,58.741933694135064,NaN,NaN
1657098000,1132.6110886219064,1155.7,1128.54,1139.7749999999999,59.84899640242206,NaN,NaN
1657108800,1136.1930443109532,1151.27,1123,1136.9575,58.72468063408688,NaN,NaN
1657119600,1136.5752721554766,1150.07,1128.05,1139.8025,59.5509894034508,NaN,NaN
1657130400,1138.1888860777383,1168.24,1134.21,1151.4475,62.83099621914543,NaN,NaN
1657141200,1144.8181930388691,1205,1144.8181930388691,1177.07,68.82179396974168,NaN,NaN
1657152000,1160.9440965194344,1189.81,1160.9440965194344,1178.3925,69.09864119557797,NaN,NaN
1657162800,1169.6682982597172,1178.2,1163.5,1169.3474999999999,64.85691240519779,NaN,NaN
1657173600,1169.5078991298585,1190,1163.18,1176.0325,66.49400567874568,NaN,NaN
1657184400,1172.7701995649293,1194,1172.7701995649293,1186.1025,68.84813493411437,NaN,NaN
1657195200,1179.4363497824647,1228.13,1179.26,1204.1525000000001,72.56853176871478,NaN,NaN
1657206000,1191.7944248912324,1240,1191.7944248912324,1224.7,76.07185853362542,NaN,NaN
1657216800,1208.2472124456162,1254.29,1208.2472124456162,1233.9775,77.47090457088503,NaN,NaN
1657227600,1221.112356222808,1244.81,1221.112356222808,1236.4025,77.83569432550901,NaN,NaN
1657238400,1228.757428111404,1276.46,1228.757428111404,1249.695,79.76938731518337,NaN,NaN
1657249200,1239.2262140557018,1267.86,1239.2262140557018,1251.4524999999999,80.01761717092774,NaN,NaN
1657260000,1245.3393570278508,1248.66,1216.75,1231.865,69.74612741606832,NaN,NaN
1657270800,1238.6021785139255,1238.6021785139255,1204.15,1218.5625,63.76013714227762,NaN,NaN
1657281600,1228.5823392569628,1235,1193.15,1219.1475,63.90684320376025,NaN,NaN
1657292400,1223.8649196284814,1241.46,1214,1227.0349999999999,65.91061765331868,NaN,NaN
1657303200,1225.4499598142406,1254.69,1221.45,1236.3725,68.16392005171284,NaN,NaN
1657314000,1230.9112299071203,1251.17,1209.82,1229.7,64.86440989957663,NaN,NaN
1657324800,1230.30561495356,1230.30561495356,1207.23,1214.685,58.05434743138115,NaN,NaN
1657335600,1222.49530747678,1222.8,1204.67,1214.44,57.94744088091079,NaN,NaN
1657346400,1218.46765373839,1228.25,1213.74,1220.945,60.050938615414736,NaN,NaN
1657357200,1219.706326869195,1227.2,1205.27,1217.4875,58.379428425630294,NaN,NaN
1657368000,1218.5969134345974,1222.61,1206.52,1213.5575,56.4558357516145,NaN,NaN
1657378800,1216.0772067172986,1235.4,1212.78,1222.76,59.79637407413072,NaN,NaN
1657389600,1219.4186033586493,1233.31,1209.33,1222.5525,59.685188095231126,NaN,NaN
1657400400,1220.9855516793245,1226.74,1212.94,1219.055,57.736467008609104,NaN,NaN
1657411200,1220.0202758396622,1220.0202758396622,1182,1202.4625,49.482323938039315,NaN,NaN
1657422000,1211.2413879198311,1211.2413879198311,1184.3,1191.025,44.73475959796252,NaN,NaN
1657432800,1201.1331939599156,1201.1331939599156,1181.2,1189.2,44.00918751101041,NaN,NaN
1657443600,1195.1665969799578,1195.1665969799578,1174,1184.025,41.93228479368708,NaN,NaN
1657454400,1189.595798489979,1189.595798489979,1156.44,1171.8,37.437556017639466,NaN,NaN
1657465200,1180.6978992449895,1180.6978992449895,1153,1165.19,35.23815033545229,NaN,NaN
1657476000,1172.9439496224948,1185.01,1162.16,1174.2475,40.40470899426379,NaN,NaN
1657486800,1173.5957248112472,1184.68,1160.66,1172.9225,39.90319619320283,NaN,NaN
1657497600,1173.2591124056235,1173.2591124056235,1143.77,1158.145,34.72620799552554,NaN,NaN
1657508400,1165.7020562028117,1165.7020562028117,1143.6,1148.9924999999998,31.96049892146881,NaN,NaN
1657519200,1157.3472781014057,1157.3472781014057,1137.57,1144.0225,30.53819054564795,NaN,NaN
1657530000,1150.6848890507028,1150.6848890507028,1142,1144.5525,30.891387180591195,NaN,NaN
1657540800,1147.6186945253514,1161.75,1128.56,1143.24,30.478086342653896,NaN,NaN
1657551600,1145.4293472626757,1156.68,1134.57,1146.2025,32.66783947114551,NaN,NaN
1657562400,1145.815923631338,1156.77,1134.5,1146.1625,32.652884647110795,NaN,NaN
1657573200,1145.989211815669,1145.989211815669,1091.71,1116.4850000000001,23.907969596228995,NaN,NaN
1657584000,1131.2371059078346,1131.2371059078346,1083.48,1092.355,19.36647067687734,NaN,NaN
1657594800,1111.7960529539173,1111.7960529539173,1081.55,1088.3174999999999,18.725511875582,NaN,NaN
1657605600,1100.0567764769585,1100.0567764769585,1061.05,1075.605,16.83610937725949,NaN,NaN
1657616400,1087.8308882384792,1087.8308882384792,1053.76,1064.8425,15.417772777827693,NaN,NaN
1657627200,1076.3366941192396,1082.4,1061.78,1071.5125,19.92030995640299,NaN,NaN
1657638000,1073.9245970596198,1088.83,1073.29,1078.6174999999998,24.529037266896196,NaN,NaN
1657648800,1076.2710485298098,1076.88,1033.46,1058.5175,20.86977846205619,NaN,NaN
1657659600,1067.3942742649049,1067.3942742649049,1035.3,1043.24,18.598681394234873,NaN,NaN
1657670400,1055.3171371324524,1059.62,1035.58,1047.6374999999998,21.254993608947274,NaN,NaN
1657681200,1051.4773185662261,1063.4,1049.11,1056.9875,26.729761724447727,NaN,NaN
1657692000,1054.2324092831132,1079.54,1054.2324092831132,1067.54,32.438867153707676,NaN,NaN
1657702800,1060.8862046415566,1084.46,1060.8862046415566,1077.7975000000001,37.53399449378715,NaN,NaN
1657713600,1069.3418523207783,1103.78,1006.32,1064.645,33.993931555473836,NaN,NaN
1657724400,1066.9934261603892,1098.96,1049.21,1077.24,39.84496678542779,NaN,NaN
1657735200,1072.1167130801946,1094.82,1072.1167130801946,1085.0475000000001,43.2058319866863,NaN,NaN
1657746000,1078.5821065400974,1119.18,1075.68,1096.6225000000002,47.857066860113726,NaN,NaN
1657756800,1087.6023032700487,1127.19,1087.6023032700487,1115.85,54.52008073364297,NaN,NaN
1657767600,1101.7261516350243,1119.35,1101.7261516350243,1110.2175000000002,52.4074137180366,NaN,NaN
1657778400,1105.9718258175121,1107.39,1083.03,1095.2949999999998,47.190061294610125,NaN,NaN
1657789200,1100.6334129087559,1100.6334129087559,1072.11,1082.5549999999998,43.23289511502195,NaN,NaN
1657800000,1091.5942064543779,1102,1072.8,1088.315,45.45973371135556,NaN,NaN
1657810800,1089.954603227189,1199.95,1089.954603227189,1147.5349999999999,61.97516542312864,NaN,NaN
1657821600,1118.7448016135945,1214.65,1118.7448016135945,1197.825,70.22168526536836,NaN,NaN
1657832400,1158.2849008067974,1196.99,1158.2849008067974,1191.1325000000002,68.10491721476151,NaN,NaN
1657843200,1174.7087004033988,1222.92,1174.7087004033988,1198.295,69.17583059604289,NaN,NaN
1657854000,1186.5018502016994,1210.81,1186.5018502016994,1201.03,69.59563208033337,NaN,NaN
1657864800,1193.7659251008497,1218.61,1193.58,1206.3875,70.44476663084458,NaN,NaN
1657875600,1200.0767125504249,1230,1200.0767125504249,1212.9724999999999,71.49839658479392,NaN,NaN
1657886400,1206.5246062752124,1237.58,1206.5246062752124,1221.0375,72.77837047537375,NaN,NaN
1657897200,1213.7810531376062,1237.08,1203.72,1222.5875,73.02906212978716,NaN,NaN
1657908000,1218.1842765688032,1287.82,1218.1842765688032,1246.7325,76.63826321088584,NaN,NaN
1657918800,1232.4583882844017,1263,1227.42,1244.5875,75.66949333383862,NaN,NaN
1657929600,1238.522944142201,1238.522944142201,1209.42,1223.9275,66.89795941682732,NaN,NaN
1657940400,1231.2252220711005,1231.2252220711005,1204,1213.8225,63.04832942921421,NaN,NaN
1657951200,1222.5238610355502,1222.5238610355502,1191.23,1201.7,58.68541349235894,NaN,NaN
1657962000,1212.1119305177751,1212.1119305177751,1193.22,1198.69,57.61923543812628,NaN,NaN
1657972800,1205.4009652588875,1248.01,1196,1221.7275,63.13899629824925,NaN,NaN
1657983600,1213.5642326294437,1422.91,1213.5642326294437,1310.0775,76.03171147364327,NaN,NaN
1657994400,1261.820866314722,1357.74,1261.820866314722,1337.0275000000001,78.50181893310858,NaN,NaN
1658005200,1299.424183157361,1363.1,1299.424183157361,1350.985,79.67035511980649,NaN,NaN
1658016000,1325.2045915786805,1387,1325.2045915786805,1353.5575000000001,79.88734638598277,NaN,NaN
1658026800,1339.3810457893403,1366.81,1339.3810457893403,1351.17,79.04409978454659,NaN,NaN
1658037600,1345.2755228946703,1377.56,1345.2755228946703,1361.805,80.05407249139341,NaN,NaN
1658048400,1353.540261447335,1376.54,1337.32,1361.1374999999998,79.79413271930711,NaN,NaN
1658059200,1357.3388807236674,1367,1330.83,1353.1750000000002,76.59895508429025,NaN,NaN
1658070000,1355.2569403618338,1382.29,1319.04,1345.0525,73.37138469633555,NaN,NaN
1658080800,1350.154720180917,1353.31,1322.53,1336.9225,70.18370499580182,NaN,NaN
1658091600,1343.5386100904584,1376,1335.27,1348.5725,72.0571410062599,NaN,NaN
1658102400,1346.055555045229,1419,1336.07,1376.6175,75.97123181358765,NaN,NaN
1658113200,1361.3365275226147,1450,1361.3365275226147,1422.5425,80.73110403142083,NaN,NaN
1658124000,1391.9395137613074,1497.22,1391.9395137613074,1459.045,83.52465407852057,NaN,NaN
1658134800,1425.4922568806537,1509.91,1425.4922568806537,1483.1975000000002,85.06728671521682,NaN,NaN
1658145600,1454.344878440327,1493.03,1452.52,1477.4649999999997,83.0789692426493,NaN,NaN
1658156400,1465.9049392201632,1530,1465.9049392201632,1487.7025,83.80689616736142,NaN,NaN
1658167200,1476.8037196100818,1486,1450,1469.1725,77.32300274691177,NaN,NaN
1658178000,1472.988109805041,1597.47,1468.55,1529.59,82.16742670600912,NaN,NaN
1658188800,1501.2890549025205,1631,1501.2890549025205,1561.6874999999998,84.10958640182463,NaN,NaN
1658199600,1531.4882774512603,1546.69,1493.11,1523.4325,73.79400557184746,NaN,NaN
1658210400,1527.46038872563,1541.1,1498.92,1526.2875000000001,74.0498002378442,NaN,NaN
1658221200,1526.873944362815,1561.45,1520,1539.56,75.2588442956935,NaN,NaN
1658232000,1533.2169721814075,1577.28,1529.46,1549.06,76.11658000704341,NaN,NaN
1658242800,1541.1384860907037,1587.13,1506.41,1553.91,76.56329737305634,NaN,NaN
1658253600,1547.5242430453518,1589.76,1547.5242430453518,1567.95,77.85460524590901,NaN,NaN
1658264400,1557.7371215226758,1588.1,1526.01,1553.925,73.49817949236869,NaN,NaN
1658275200,1555.831060761338,1555.831060761338,1510.47,1537.795,68.73455708874772,NaN,NaN
1658286000,1546.813030380669,1576.79,1542.26,1558.4375,71.29833524947993,NaN,NaN
1658296800,1552.6252651903346,1579.8,1526.67,1551.8200000000002,69.33548241239869,NaN,NaN
1658307600,1552.2226325951674,1614,1527.71,1569.2525,71.55692599938297,NaN,NaN
1658318400,1560.7375662975837,1620.4,1560.7375662975837,1603.0325,75.29216577529404,NaN,NaN
1658329200,1581.885033148792,1606.07,1538,1573.8225,67.08784905628877,NaN,NaN
1658340000,1577.853766574396,1577.853766574396,1484.23,1531.7125,57.38060175254579,NaN,NaN
1658350800,1554.783133287198,1567.09,1506.68,1529.09,56.82911126090293,NaN,NaN
1658361600,1541.936566643599,1554.7,1487.64,1513.1775,53.47097265153256,NaN,NaN
1658372400,1527.5570333217995,1527.5570333217995,1463.56,1485.88,48.208165017276244,NaN,NaN
1658383200,1506.7185166608997,1506.7185166608997,1470.04,1487.57,48.54581646527929,NaN,NaN
1658394000,1497.1442583304497,1520.95,1477.01,1494.3875000000003,49.962986066181486,NaN,NaN
1658404800,1495.765879165225,1515.66,1481.11,1496.3675,50.390344300739194,NaN,NaN
1658415600,1496.0666895826125,1570,1496.0666895826125,1526.1,56.41081396201797,NaN,NaN
1658426400,1511.0833447913062,1605.98,1511.0833447913062,1565.2199999999998,62.80645191597308,NaN,NaN
1658437200,1538.151672395653,1595,1538.151672395653,1580.1599999999999,64.92316477976655,NaN,NaN
1658448000,1559.1558361978264,1595.92,1559.1558361978264,1574.13,63.35593370940895,NaN,NaN
1658458800,1566.6429180989132,1591.05,1553.1,1574.55,63.422165729361254,NaN,NaN
1658469600,1570.5964590494566,1627,1570.5964590494566,1605.7375000000002,68.04138191272958,NaN,NaN
1658480400,1588.1669795247285,1650.05,1588.1669795247285,1631.8425,71.3075987536708,NaN,NaN
1658491200,1610.0047397623644,1644.5,1587.41,1620.715,68.11209136502158,NaN,NaN
1658502000,1615.359869881182,1615.359869881182,1558.21,1588.3,59.71683602225617,NaN,NaN
1658512800,1601.829934940591,1601.829934940591,1516.11,1547.9225,51.24396653855165,NaN,NaN
1658523600,1574.8762174702956,1574.8762174702956,1522.73,1532.4025000000001,48.40128880577436,NaN,NaN
1658534400,1553.6393587351479,1575.49,1523.45,1550.245,51.71736516540231,NaN,NaN
1658545200,1551.9421793675738,1596.51,1551.9421793675738,1576.97,56.252456441981,NaN,NaN
1658556000,1564.456089683787,1592.49,1546.9,1567.7224999999999,54.350121863440485,NaN,NaN
1658566800,1566.0892948418934,1566.0892948418934,1519,1539.3200000000002,48.88230456572383,NaN,NaN
1658577600,1552.704647420947,1552.704647420947,1501.65,1520.4049999999997,45.592703186230615,NaN,NaN
1658588400,1536.5548237104733,1536.5548237104733,1494.63,1512.5475,44.2602016506824,NaN,NaN
1658599200,1524.5511618552366,1527.76,1488,1510.54,43.90712965655664,NaN,NaN
1658610000,1517.5455809276182,1555.26,1515.23,1536.065,49.4308354753164,NaN,NaN
1658620800,1526.8052904638091,1577.24,1526.8052904638091,1559.1875,53.863093818247755,NaN,NaN
1658631600,1542.9963952319044,1608.55,1542.9963952319044,1580.2024999999999,57.50830452797759,NaN,NaN
1658642400,1561.5994476159522,1619.99,1561.5994476159522,1604.705,61.343298211422734,NaN,NaN
1658653200,1583.152223807976,1628.86,1580,1607.0524999999998,61.69994626840183,NaN,NaN
1658664000,1595.102361903988,1620.43,1573,1604.9525,61.15637663217702,NaN,NaN
1658674800,1600.0274309519941,1621.42,1583.51,1604.7975000000001,61.11358043120486,NaN,NaN
1658685600,1602.4124654759971,1620.12,1590.72,1605.705,61.28440448918092,NaN,NaN
1658696400,1604.0587327379985,1664.34,1589.01,1614.825,63.04151132467368,NaN,NaN
1658707200,1609.4418663689994,1609.55,1515.92,1560.8,48.8871174753677,NaN,NaN
1658718000,1585.1209331844998,1585.1209331844998,1498.95,1519.2075,41.214856236887876,NaN,NaN
1658728800,1552.1642165922499,1552.1642165922499,1510.7,1529.5674999999999,43.58960413624653,NaN,NaN
1658739600,1540.8658582961248,1553.79,1531.43,1539.8700000000001,45.92888725016704,NaN,NaN
1658750400,1540.3679291480626,1540.3679291480626,1502.21,1525.7575000000002,43.28118699987846,NaN,NaN
1658761200,1533.0627145740314,1534.94,1511.35,1521.2074999999998,42.43187503693711,NaN,NaN
1658772000,1527.1351072870157,1538.51,1455.17,1507.6375,39.91611356164218,NaN,NaN
1658782800,1517.3863036435077,1525.95,1435.58,1481.3325,35.51977989258849,NaN,NaN
1658793600,1499.3594018217539,1499.3594018217539,1412.15,1430.5775,28.90468786439503,NaN,NaN
1658804400,1464.968450910877,1464.968450910877,1400.46,1421.23,27.875054345221542,NaN,NaN
1658815200,1443.0992254554385,1443.0992254554385,1403.94,1417.65,27.471438666386646,NaN,NaN
1658826000,1430.3746127277193,1430.3746127277193,1385.08,1406.9875,26.25222687169635,NaN,NaN
1658836800,1418.6810563638596,1420.39,1369.29,1396.9875000000002,25.125948222600798,NaN,NaN
1658847600,1407.83427818193,1407.83427818193,1363.87,1382.5924999999997,23.559073541452946,NaN,NaN
1658858400,1395.213389090965,1395.213389090965,1356.17,1375.5375,22.80835724871595,NaN,NaN
1658869200,1385.3754445454824,1454.11,1367.04,1412.705,34.62698753585961,NaN,NaN
1658880000,1399.0402222727412,1458.88,1399.0402222727412,1443.045,42.3821487679277,NaN,NaN
1658890800,1421.0426111363706,1458.81,1420.83,1442.4975,42.28466586204287,NaN,NaN
1658901600,1431.7700555681854,1474.96,1431.7700555681854,1458.3000000000002,46.13566280709092,NaN,NaN
1658912400,1445.0350277840928,1468.63,1445.0350277840928,1457.2325,45.91279749226372,NaN,NaN
1658923200,1451.1337638920463,1496.99,1444.91,1471.355,49.39555148166388,NaN,NaN
1658934000,1461.2443819460232,1519.25,1461.2443819460232,1496.785,55.012950219978656,NaN,NaN
1658944800,1479.0146909730115,1615,1479.0146909730115,1553.845,64.52784897363921,NaN,NaN
1658955600,1516.4298454865057,1644.44,1516.4298454865057,1618.7399999999998,71.82621989458535,NaN,NaN
1658966400,1567.5849227432527,1677,1567.5849227432527,1644.295,74.08722557291848,NaN,NaN
1658977200,1605.9399613716264,1665.04,1605.9399613716264,1650.6100000000001,74.62907056371492,NaN,NaN
1658988000,1628.2749806858133,1654.47,1614,1636.0975,70.95700854568923,NaN,NaN
1658998800,1632.1862403429068,1645.04,1601.23,1628.2075,68.97008040509519,NaN,NaN
1659009600,1630.1968701714534,1666.66,1593.27,1638.3200000000002,70.12476765174927,NaN,NaN
1659020400,1634.258435085727,1755,1634.258435085727,1700.035,75.99551069087391,NaN,NaN
1659031200,1667.1467175428634,1784.79,1667.1467175428634,1750.6625,79.54636402856198,NaN,NaN
1659042000,1708.9046087714316,1772.39,1708.9046087714316,1741.5075000000002,77.3190406755109,NaN,NaN
1659052800,1725.206054385716,1733.98,1696,1716.88,71.51776462883566,NaN,NaN
1659063600,1721.043027192858,1743.4,1708.44,1723.3600000000001,72.11070894523507,NaN,NaN
1659074400,1722.201513596429,1752.03,1692.64,1723.2675,72.0876387085656,NaN,NaN
1659085200,1722.7345067982146,1733.11,1664.27,1699.6450000000002,66.25778069136064,NaN,NaN
1659096000,1711.1897533991073,1744,1655.02,1701.065,66.43351244638544,NaN,NaN
1659106800,1706.1273766995537,1727.45,1663.44,1702.36,66.60433014599107,NaN,NaN
1659117600,1704.2436883497767,1739.22,1691.5,1714.495,68.23558753865586,NaN,NaN
1659128400,1709.3693441748883,1765.99,1703.01,1730.8100000000002,70.33369519786895,NaN,NaN
1659139200,1720.0896720874443,1735.31,1686.84,1714.425,65.64418732229659,NaN,NaN
1659150000,1717.2573360437223,1717.2573360437223,1688.69,1706.3424999999997,63.3986124575739,NaN,NaN
1659160800,1711.799918021861,1723.54,1702.62,1711.5275,64.24364271815452,NaN,NaN
1659171600,1711.6637090109305,1717.5,1678.25,1703.2624999999998,61.79455846610983,NaN,NaN
1659182400,1707.4631045054653,1737,1696.01,1713.445,63.633916781440604,NaN,NaN
1659193200,1710.4540522527327,1744.85,1710.4540522527327,1725.9425,65.80961434990289,NaN,NaN
1659204000,1718.1982761263664,1732.85,1686,1712.0075,61.39868995369709,NaN,NaN
1659214800,1715.1028880631832,1715.1028880631832,1673.01,1694.815,56.37796524669179,NaN,NaN
1659225600,1704.9589440315917,1712.77,1686.4,1698.1875,57.118716992880834,NaN,NaN
1659236400,1701.5732220157959,1706.1,1687.93,1695.4775,56.291514726779106,NaN,NaN
1659247200,1698.525361007898,1708.29,1689.34,1695.4275,56.27532137865311,NaN,NaN
1659258000,1696.976430503949,1724.19,1686.06,1705.4025,58.820412261697456,NaN,NaN
1659268800,1701.1894652519745,1722.32,1692.42,1709.5,59.854144655391785,NaN,NaN
1659279600,1705.3447326259873,1714.9,1699.77,1706.7875,58.80181375871007,NaN,NaN
1659290400,1706.0661163129935,1754.69,1687.01,1717.525,61.67435134475388,NaN,NaN
1659301200,1711.7955581564968,1724.93,1666,1697.42,54.0720352363588,NaN,NaN
1659312000,1704.6077790782483,1704.68,1672.63,1687.6175,50.785071885834,NaN,NaN
1659322800,1696.1126395391243,1697.22,1682.36,1691.655,52.07725539943152,NaN,NaN
1659333600,1693.8838197695623,1696.94,1672.79,1686.255,50.179586977076795,NaN,NaN
1659344400,1690.0694098847812,1692.45,1641.09,1671.265,45.25027789848427,NaN,NaN
1659355200,1680.6672049423905,1690.59,1636.47,1670.2400000000002,44.925297738732894,NaN,NaN
1659366000,1675.4536024711954,1687.99,1623.51,1657.63,41.022027476536344,NaN,NaN
1659376800,1666.5418012355976,1666.5418012355976,1609,1626.6299999999999,33.350651450108174,NaN,NaN
1659387600,1646.5859006177989,1646.5859006177989,1606.12,1627.185,33.590096010223675,NaN,NaN
1659398400,1636.8854503088994,1657.11,1582.13,1614.5675,30.87444913053129,NaN,NaN
1659409200,1625.7264751544499,1625.7264751544499,1566.17,1580.6025,25.012280235423148,NaN,NaN
1659420000,1603.164487577225,1603.164487577225,1573.11,1583.0775,26.113196418791148,NaN,NaN
1659430800,1593.1209937886124,1598.99,1559.28,1581.5249999999999,25.856760234889776,NaN,NaN
1659441600,1587.322996894306,1636.04,1564.17,1602.8174999999999,35.248552572539666,NaN,NaN
1659452400,1595.070248447153,1678,1595.070248447153,1639.7175,47.62936526970438,NaN,NaN
1659463200,1617.3938742235764,1664.99,1617.3938742235764,1647.42,49.78760952772243,NaN,NaN
1659474000,1632.4069371117882,1661.04,1628.2,1643.06,48.56750232240702,NaN,NaN
1659484800,1637.733468555894,1639.25,1589.71,1616.8025,41.9068958108727,NaN,NaN
1659495600,1627.267984277947,1631.41,1606.38,1618.475,42.44830245579037,NaN,NaN
1659506400,1622.8714921389735,1653.18,1622.8714921389735,1639.7450000000001,48.96267975533842,NaN,NaN
1659517200,1631.3082460694868,1672.99,1631.3082460694868,1659.0825,54.05452331648361,NaN,NaN
1659528000,1645.1953730347434,1685.03,1645.1953730347434,1662.545,54.92174166033577,NaN,NaN
1659538800,1653.8701865173716,1671.74,1647.24,1658.44,53.62934377243885,NaN,NaN
1659549600,1656.1550932586858,1668.97,1632,1651.0825000000002,51.29929440340557,NaN,NaN
1659560400,1653.618796629343,1653.618796629343,1607.42,1629.3225,45.06338553010368,NaN,NaN
1659571200,1641.4706483146715,1659.28,1615.57,1636.7875000000001,47.42455380855709,NaN,NaN
1659582000,1639.1290741573357,1662.79,1639.1290741573357,1653.1299999999999,52.26186332207993,NaN,NaN
1659592800,1646.129537078668,1652.57,1611.85,1632.2725,46.394825391793056,NaN,NaN
1659603600,1639.201018539334,1639.201018539334,1606.27,1617.09,42.64216730393545,NaN,NaN
1659614400,1628.145509269667,1644,1596.84,1617.4450000000002,42.75875380777191,NaN,NaN
1659625200,1622.7952546348336,1624.44,1580.39,1603.6475,39.40619232029614,NaN,NaN
1659636000,1613.2213773174167,1616,1582.8,1596.6675,37.79187161791435,NaN,NaN
1659646800,1604.9444386587083,1613.29,1581.09,1598.42,38.473386963887734,NaN,NaN
1659657600,1601.6822193293542,1669.83,1601.6822193293542,1636.2475000000002,50.9615723608019,NaN,NaN
1659668400,1618.964859664677,1665,1618.964859664677,1658.2250000000001,56.48750569013751,NaN,NaN
1659679200,1638.5949298323385,1679.6,1638.5949298323385,1662.185,57.418593597614034,NaN,NaN
1659690000,1650.3899649161692,1717.87,1650.3899649161692,1685.7625,62.55602363061504,NaN,NaN
1659700800,1668.0762324580846,1725,1660.01,1698.0100000000002,64.92345350967898,NaN,NaN
1659711600,1683.0431162290424,1694.99,1656.77,1677.305,58.221643763561865,NaN,NaN
1659722400,1680.1740581145214,1683.88,1661.28,1672.06,56.62698108060912,NaN,NaN
1659733200,1676.1170290572607,1742.07,1676.1170290572607,1709.3649999999998,64.14839095213637,NaN,NaN
1659744000,1692.7410145286303,1749.93,1692.7410145286303,1738.1,68.65705834975431,NaN,NaN
1659754800,1715.4205072643151,1742.16,1715.4205072643151,1730.2375,66.20372744733288,NaN,NaN
1659765600,1722.8290036321575,1725.89,1702.62,1715.1175,61.64205730083017,NaN,NaN
1659776400,1718.9732518160788,1722.73,1706.56,1712.4725,60.852150351766134,NaN,NaN
1659787200,1715.7228759080394,1720.97,1706.6,1713.9650000000001,61.1546405461231,NaN,NaN
1659798000,1714.8439379540198,1720.92,1685.26,1707.53,59.03655596821654,NaN,NaN
1659808800,1711.1869689770099,1718.27,1701.1,1710.6299999999999,59.75961512773207,NaN,NaN
1659819600,1710.9084844885049,1724.27,1687.29,1704.3874999999998,57.556421368049214,NaN,NaN
1659830400,1707.6479922442522,1707.6479922442522,1668,1685.7675,51.461938614178116,NaN,NaN
1659841200,1696.707746122126,1696.707746122126,1672.71,1682.3575,50.4092196912061,NaN,NaN
1659852000,1689.532623061063,1689.532623061063,1676.99,1681.6225,50.17098961037213,NaN,NaN
1659862800,1685.5775615305315,1694.13,1673.02,1684.775,51.23548305020256,NaN,NaN
1659873600,1685.1762807652658,1715.18,1685.1762807652658,1700.9875000000002,56.394655304679155,NaN,NaN
1659884400,1693.081890382633,1717,1693.081890382633,1707.2625,58.23637167473698,NaN,NaN
1659895200,1700.1721951913164,1724.63,1700.1721951913164,1715.64,60.62728471399842,NaN,NaN
1659906000,1707.9060975956581,1729.79,1690,1710.5025,58.41857520586321,NaN,NaN
1659916800,1709.204298797829,1720,1693.87,1707.3049999999998,57.026099735146786,NaN,NaN
1659927600,1708.2546493989144,1726.73,1708.2546493989144,1718.5400000000002,60.58146540840802,NaN,NaN
1659938400,1713.3973246994574,1776.69,1713.3973246994574,1749.4725,68.34627709935842,NaN,NaN
1659949200,1731.4349123497286,1792.65,1731.4349123497286,1779.955,73.81934884190832,NaN,NaN
1659960000,1755.6949561748643,1818,1755.6949561748643,1796.6825000000001,76.24651151368926,NaN,NaN
1659970800,1776.188728087432,1798.94,1755.6,1779.8324999999998,69.27905968516978,NaN,NaN
1659981600,1778.010614043716,1799.32,1761.79,1782.175,69.69368094340538,NaN,NaN
1659992400,1780.0928070218579,1797.26,1757.99,1782.32,69.72092255430655,NaN,NaN
1660003200,1781.2064035109288,1786.81,1761.44,1774.7949999999998,66.38590108275594,NaN,NaN
1660014000,1778.0007017554644,1782,1772.33,1776.4075,66.75290200460438,NaN,NaN
1660024800,1777.2041008777323,1790.83,1766.71,1776.625,66.80554679753955,NaN,NaN
1660035600,1776.9145504388662,1776.9145504388662,1692.2,1735.8675,50.62764022965863,NaN,NaN
1660046400,1756.3910252194332,1756.3910252194332,1667.93,1693.8075000000001,39.891725832965705,NaN,NaN
1660057200,1725.0992626097168,1725.0992626097168,1674.58,1688.005,38.67331617573579,NaN,NaN
1660068000,1706.5521313048584,1706.5521313048584,1681.1,1692.5624999999998,40.217783524574784,NaN,NaN
1660078800,1699.5573156524292,1716.74,1695.59,1702.925,43.690229947036116,NaN,NaN
1660089600,1701.2411578262145,1702.76,1656.78,1685.7425,39.58445874556581,NaN,NaN
1660100400,1693.4918289131074,1693.4918289131074,1667.33,1678.0800000000002,37.875100746016,NaN,NaN
1660111200,1685.7859144565537,1706.12,1672.29,1690.1625,42.11945776902475,NaN,NaN
1660122000,1687.9742072282768,1713.53,1687.9742072282768,1703.185,46.37210362721923,NaN,NaN
1660132800,1695.5796036141383,1853.55,1695.5796036141383,1777.2250000000001,63.0118305036495,NaN,NaN
1660143600,1736.4023018070693,1851.04,1736.4023018070693,1837.79,70.95173996957655,NaN,NaN
1660154400,1787.0961509035346,1844.2,1787.0961509035346,1831.04,69.16962840458343,NaN,NaN
1660165200,1809.0680754517673,1885,1809.0680754517673,1852.4875,71.60968363892164,NaN,NaN
1660176000,1830.7777877258836,1918.19,1830.7777877258836,1875.33,73.97237542941046,NaN,NaN
1660186800,1853.0538938629418,1906,1853.0538938629418,1886.8300000000002,75.09605845068569,NaN,NaN
1660197600,1869.941946931471,1904,1869.941946931471,1889.15,75.32747674060784,NaN,NaN
1660208400,1879.5459734657356,1913.49,1876.01,1895.895,76.02501274470927,NaN,NaN
1660219200,1887.7204867328678,1942,1885,1908.2275,77.2892770457452,NaN,NaN
1660230000,1897.973993366434,1909.18,1883.78,1899.125,74.17999213137165,NaN,NaN
1660240800,1898.549496683217,1904.08,1875.56,1895.5925000000002,72.95341998838583,NaN,NaN
1660251600,1897.0709983416086,1905.38,1867.27,1888.5875,70.465184056662,NaN,NaN
1660262400,1892.8292491708044,1913.9,1857.67,1888.7150000000001,70.48491630846264,NaN,NaN
1660273200,1890.7721245854023,1909.49,1888,1898.5425,72.0357428268075,NaN,NaN
1660284000,1894.6573122927011,1896.88,1882.56,1890.095,68.69447829560188,NaN,NaN
1660294800,1892.3761561463507,1904.54,1853.06,1878.3999999999999,64.25122623235558,NaN,NaN
1660305600,1885.3880780731752,1893.58,1867.4,1877.6975,63.983507996394785,NaN,NaN
1660316400,1881.5427890365877,1907.22,1878.2,1891.4025,66.88265011387442,NaN,NaN
1660327200,1886.4726445182937,1936.9,1886.4726445182937,1916.05,71.34929945513505,NaN,NaN
1660338000,1901.2613222591467,1964.71,1901.2613222591467,1943.2,75.30102563431623,NaN,NaN
1660348800,1922.2306611295735,1980,1922.2306611295735,1965.74,78.01244836252343,NaN,NaN
1660359600,1943.9853305647866,2009.8,1943.9853305647866,1987.5075000000002,80.26555876068953,NaN,NaN
1660370400,1965.7464152823934,2020,1965.7464152823934,1995.74,81.0562019327571,NaN,NaN
1660381200,1980.7432076411967,2007.64,1973.21,1988.585,78.12654418971822,NaN,NaN
1660392000,1984.6641038205985,1989,1961.99,1979.7124999999999,74.5292303659224,NaN,NaN
1660402800,1982.1883019102993,2000.94,1979,1990.3675,75.9607358348866,NaN,NaN
1660413600,1986.2779009551496,2004.27,1967.61,1990.3275,75.94348013180893,NaN,NaN
1660424400,1988.302700477575,1994.8,1974.69,1985.7025,73.85439438325439,NaN,NaN
1660435200,1987.0026002387876,1996,1970.96,1984.5725,73.32367932455912,NaN,NaN
1660446000,1985.787550119394,1999.46,1981,1990.215,74.31616170176508,NaN,NaN
1660456800,1988.001275059697,2030,1988.001275059697,2002.83,76.42770107920019,NaN,NaN
1660467600,1995.4156375298485,2012.5,1981,1995.835,72.85117837671146,NaN,NaN
1660478400,1995.6253187649243,1995.6253187649243,1970.13,1983.52,66.91427039775883,NaN,NaN
1660489200,1989.572659382462,1989.572659382462,1921.1,1953.045,54.97488327557137,NaN,NaN
1660500000,1971.308829691231,1971.308829691231,1906,1928.4625,47.597322043763825,NaN,NaN
1660510800,1949.8856648456156,1960.23,1917,1938.27,50.45407944409416,NaN,NaN
1660521600,1944.0778324228077,2006.82,1923,1966.3224999999998,57.577857995538196,NaN,NaN
1660532400,1955.2001662114037,2012.47,1955.2001662114037,1986.47,61.823407838252635,NaN,NaN
1660543200,1970.8350831057019,1970.8350831057019,1875.01,1930.0525,47.49072459593866,NaN,NaN
1660554000,1950.443791552851,1950.443791552851,1885.64,1898.7200000000003,41.707680610226475,NaN,NaN
1660564800,1924.5818957764257,1924.5818957764257,1872.31,1897.085,41.424209165159944,NaN,NaN
1660575600,1910.833447888213,1933.42,1893.02,1908.1174999999998,44.18107486671191,NaN,NaN
1660586400,1909.4754739441064,1909.4754739441064,1885.01,1899.6125000000002,42.519681333105815,NaN,NaN
1660597200,1904.5439869720533,1917.7,1875.5,1898.9274999999998,42.381447940991194,NaN,NaN
1660608000,1901.7357434860264,1914.95,1880.53,1896.3674999999998,41.83407016341284,NaN,NaN
1660618800,1899.0516217430131,1899.0516217430131,1856.98,1878.3400000000001,38.102081656659195,NaN,NaN
1660629600,1888.6958108715066,1888.6958108715066,1868.76,1876.8650000000002,37.804915295761816,NaN,NaN
1660640400,1882.7804054357534,1915,1878.51,1894.99,43.62352878320166,NaN,NaN
1660651200,1888.8852027178768,1914.97,1863.34,1889.7725,42.39400476793809,NaN,NaN
1660662000,1889.3288513589384,1890.62,1865.06,1877,39.46181913729133,NaN,NaN
1660672800,1883.1644256794693,1897.96,1853,1878.4175,39.95815185931492,NaN,NaN
1660683600,1880.7909628397347,1886.42,1866.6,1878.5549999999998,40.009531387281996,NaN,NaN
1660694400,1879.6729814198673,1904.71,1874.85,1887.3374999999999,43.34440229825205,NaN,NaN
1660705200,1883.5052407099336,1925.82,1883.5052407099336,1909.1599999999999,50.680814078667225,NaN,NaN
1660716000,1896.3326203549668,1959.43,1879.5,1911.9750000000001,51.552324133919186,NaN,NaN
1660726800,1904.1538101774836,1904.1538101774836,1869.06,1881.6150000000002,42.77344978801492,NaN,NaN
1660737600,1892.884405088742,1892.884405088742,1818.74,1851.3600000000001,36.16423405132707,NaN,NaN
1660748400,1872.122202544371,1872.122202544371,1820.76,1837.3025,33.568816162857274,NaN,NaN
1660759200,1854.7123512721855,1870.69,1828.21,1850.42,38.037547883591394,NaN,NaN
1660770000,1852.5661756360928,1852.5661756360928,1824.15,1840.275,36.019481669621875,NaN,NaN
1660780800,1846.4205878180464,1865.63,1821.25,1843.355,37.11038232472282,NaN,NaN
1660791600,1844.8877939090232,1854.63,1838.14,1847.2575,38.54027982071648,NaN,NaN
1660802400,1846.0726469545116,1852.77,1834.62,1844.99,37.99965660620358,NaN,NaN
1660813200,1845.5313234772557,1866.54,1845.19,1854.955,41.85952996748515,NaN,NaN
1660824000,1850.2431617386278,1882.37,1848.99,1862.9424999999999,44.824650197921684,NaN,NaN
1660834800,1856.5928308693137,1879,1856.01,1864.1950000000002,45.295775234386696,NaN,NaN
1660845600,1860.393915434657,1879.73,1859.01,1869.1675,47.22250840718003,NaN,NaN
1660856400,1864.7807077173284,1878.59,1838,1860.02,44.14238040077401,NaN,NaN
1660867200,1862.4003538586642,1862.4003538586642,1806.16,1831.3875,36.186205932844096,NaN,NaN
1660878000,1846.893926929332,1846.893926929332,1809.87,1819.3849999999998,33.46340548388943,NaN,NaN
1660888800,1833.1394634646658,1833.1394634646658,1721.36,1773.035,25.487741844421734,NaN,NaN
1660899600,1803.0872317323328,1803.0872317323328,1683,1717.5025,19.49313658770977,NaN,NaN
1660910400,1760.2948658661664,1760.2948658661664,1675.3,1695.6425000000002,17.72578733433815,NaN,NaN
1660921200,1727.9686829330833,1727.9686829330833,1687.46,1702.94,20.322853744094857,NaN,NaN
1660932000,1715.4543414665418,1715.4543414665418,1680.8,1696.4125,19.723128158567988,NaN,NaN
1660942800,1705.9334207332709,1705.9334207332709,1602.37,1647.2350000000001,15.913108905129036,NaN,NaN
1660953600,1676.5842103666355,1676.5842103666355,1607.89,1621.365,14.343403171577336,NaN,NaN
1660964400,1648.9746051833176,1657.08,1622.11,1635.6699999999998,19.095776195576505,NaN,NaN
1660975200,1642.3223025916586,1657.01,1632.41,1640.375,20.655060786217334,NaN,NaN
1660986000,1641.3486512958293,1641.3486512958293,1617.99,1631.1075,19.843788875102803,NaN,NaN
1660996800,1636.2280756479147,1644.04,1624.19,1633.1475,20.583231412276888,NaN,NaN
1661007600,1634.6877878239575,1639.43,1606.29,1623.915,19.69759729936905,NaN,NaN
1661018400,1629.3013939119787,1629.3013939119787,1528,1574.9075,15.80914282746707,NaN,NaN
1661029200,1602.1044469559893,1602.1044469559893,1523.67,1555.335,14.571917231346447,NaN,NaN
1661040000,1578.7197234779946,1604.23,1573.19,1587.0875,24.847371990921687,NaN,NaN
1661050800,1582.9036117389974,1595.88,1576.89,1588.65,25.323377352580323,NaN,NaN
1661061600,1585.7768058694987,1616.77,1562.34,1591.92,26.37439249675974,NaN,NaN
1661072400,1588.8484029347494,1629.99,1588.8484029347494,1614.1000000000001,33.23799536154719,NaN,NaN
1661083200,1601.4742014673748,1640.8,1600.4,1621.3475,35.35853224219666,NaN,NaN
1661094000,1611.4108507336873,1635,1609.9,1620.77,35.26242037203079,NaN,NaN
1661104800,1616.0904253668436,1641.34,1612.85,1622.84,35.93463681558433,NaN,NaN
1661115600,1619.4652126834217,1646.52,1580.6,1615.4175,34.54929664304271,NaN,NaN
1661126400,1617.4413563417108,1621.97,1593.77,1610.295,33.586952919842716,NaN,NaN
1661137200,1613.8681781708556,1613.8681781708556,1585.01,1601.715,31.980153889380574,NaN,NaN
1661148000,1607.7915890854279,1607.7915890854279,1529.92,1575.4575,27.624649102728526,NaN,NaN
1661158800,1591.624544542714,1591.624544542714,1551.68,1566.0249999999999,26.241996902462787,NaN,NaN
1661169600,1578.8247722713568,1581.96,1547.99,1564.9675000000002,26.084368399944125,NaN,NaN
1661180400,1571.8961361356785,1601.28,1561.55,1574.8175,30.284909178454058,NaN,NaN
1661191200,1573.3568180678394,1587.82,1549.25,1572.7775,29.9058528727831,NaN,NaN
1661202000,1573.0671590339198,1629.72,1564.55,1599.67,40.4816689188367,NaN,NaN
1661212800,1586.36857951696,1638.87,1586.36857951696,1626.34,48.741555385643316,NaN,NaN
1661223600,1606.3542897584798,1632.84,1569.24,1599.995,42.47138141781499,NaN,NaN
1661234400,1603.1746448792398,1617.83,1563.76,1590.4875,40.449098700419704,NaN,NaN
1661245200,1596.83107243962,1625.1,1588.08,1610.735,46.31199857675658,NaN,NaN
1661256000,1603.78303621981,1655.44,1603.78303621981,1628.7250000000001,50.93418633466721,NaN,NaN
1661266800,1616.254018109905,1647.77,1616.254018109905,1634.4249999999997,52.334429672905166,NaN,NaN
1661277600,1625.3395090549525,1676.07,1625.3395090549525,1646.7350000000001,55.301227725453835,NaN,NaN
1661288400,1636.0372545274763,1673,1636.0372545274763,1656.8025,57.62422709887185,NaN,NaN
1661299200,1646.4198772637383,1666.47,1608.25,1637.905,52.14597870547317,NaN,NaN
1661310000,1642.162438631869,1648,1604.92,1625.545,48.87327386498559,NaN,NaN
1661320800,1633.8537193159345,1649.63,1621.2,1635.6924999999999,51.56112573053579,NaN,NaN
1661331600,1634.7731096579673,1654.11,1627.32,1641.605,53.10799263500729,NaN,NaN
1661342400,1638.1890548289837,1663.45,1638.1890548289837,1651.38,55.63072695307781,NaN,NaN
1661353200,1644.784527414492,1694.13,1644.784527414492,1664.4450000000002,58.81962285054174,NaN,NaN
1661364000,1654.614763707246,1690.86,1654.614763707246,1677.1825,61.70906167406501,NaN,NaN
1661374800,1665.898631853623,1684.08,1651.82,1668.9625,58.83982193175582,NaN,NaN
1661385600,1667.4305659268116,1684.99,1653.68,1668.0625,58.518995505994006,NaN,NaN
1661396400,1667.7465329634058,1683.93,1664.67,1676.5825,60.703411753963714,NaN,NaN
1661407200,1672.1645164817028,1716.56,1672.1645164817028,1696.13,65.22775158041523,NaN,NaN
1661418000,1684.1472582408514,1713.9,1684.1472582408514,1706.6825,67.40919654608831,NaN,NaN
1661428800,1695.4148791204257,1722,1695.4148791204257,1709.62,68.0108159672937,NaN,NaN
1661439600,1702.5174395602128,1717.79,1688.44,1705.3574999999998,66.10392770616673,NaN,NaN
1661450400,1703.9374697801063,1712.85,1695.55,1705.5575000000001,66.1518825042561,NaN,NaN
1661461200,1704.7474848900533,1711.53,1682.13,1699.2675,63.12703546981965,NaN,NaN
1661472000,1702.0074924450266,1702.0074924450266,1671.7,1688.165,58.078863521650355,NaN,NaN
1661482800,1695.0862462225132,1695.0862462225132,1655.97,1674.7675,52.61139571035936,NaN,NaN
1661493600,1684.9268731112566,1684.9268731112566,1641.67,1657.4150000000002,46.50492790815652,NaN,NaN
1661504400,1671.1709365556285,1671.1709365556285,1620.5,1643.5025,42.26889832257029,NaN,NaN
1661515200,1657.3367182778143,1706.45,1624.1,1648.505,44.23579754133896,NaN,NaN
1661526000,1652.9208591389072,1652.9208591389072,1562.71,1599.9099999999999,32.61218090361709,NaN,NaN
1661536800,1626.4154295694534,1626.4154295694534,1538.23,1558.2975000000001,26.2510892893754,NaN,NaN
1661547600,1592.3564647847268,1592.3564647847268,1486.85,1528.0900000000001,22.777811898946993,NaN,NaN
1661558400,1560.2232323923636,1560.2232323923636,1483.2,1502.0275000000001,20.284163522439826,NaN,NaN
1661569200,1531.1253661961819,1531.1253661961819,1469.19,1490.3625,19.26744509116358,NaN,NaN
1661580000,1510.743933098091,1510.743933098091,1485,1496.3975,21.460791994289508,NaN,NaN
1661590800,1503.5707165490455,1511.82,1494.81,1503.5349999999999,24.087579831834844,NaN,NaN
1661601600,1503.5528582745228,1509.15,1487.83,1498.08,23.4422654043631,NaN,NaN
1661612400,1500.8164291372614,1500.8164291372614,1447.52,1475.58,20.949279897642654,NaN,NaN
1661623200,1488.1982145686306,1488.1982145686306,1466.35,1475.9875,21.112907250557868,NaN,NaN
1661634000,1482.0928572843154,1498.75,1457.66,1482.1100000000001,23.669343322677193,NaN,NaN
1661644800,1482.1014286421578,1511,1475.27,1493.105,28.1710737342011,NaN,NaN
1661655600,1487.603214321079,1500.18,1481.59,1492.9975,28.153590885702116,NaN,NaN
1661666400,1490.3003571605395,1504.07,1488.38,1495.2925,29.16428556922358,NaN,NaN
1661677200,1492.7964285802698,1494,1475.21,1487.135,27.674076743481123,NaN,NaN
1661688000,1489.9657142901349,1489.9657142901349,1458.99,1477.2375,25.942055237749628,NaN,NaN
1661698800,1483.6016071450674,1498,1473.21,1482.2875000000001,28.404225500617756,NaN,NaN
1661709600,1482.9445535725338,1494.8,1481.78,1485.5675,30.031336400006296,NaN,NaN
1661720400,1484.2560267862668,1490.92,1424,1456.1725000000001,24.6292119687175,NaN,NaN
1661731200,1470.2142633931335,1470.2142633931335,1422.08,1436.3425000000002,21.782569257870136,NaN,NaN
1661742000,1453.2783816965668,1463.03,1439.35,1447.3799999999999,26.850454395796092,NaN,NaN
1661752800,1450.3291908482834,1459.48,1440.54,1446.3349999999998,26.674238329855157,NaN,NaN
1661763600,1448.3320954241417,1455.64,1442,1447.8675,27.426451779737988,NaN,NaN
1661774400,1448.099797712071,1531.37,1447.01,1484.43,42.564917022533415,NaN,NaN
1661785200,1466.2648988560354,1545,1466.2648988560354,1526.9274999999998,54.4565522394194,NaN,NaN
1661796000,1496.5961994280176,1553.76,1496.5961994280176,1542.1725,57.82958766663881,NaN,NaN
1661806800,1519.3843497140087,1559.99,1519.3843497140087,1547.0825,58.88573919328887,NaN,NaN
1661817600,1533.2334248570044,1552.66,1523.56,1541.1725000000001,57.03415251106215,NaN,NaN
1661828400,1537.2029624285024,1590.58,1531.09,1560.2375,61.265387497678205,NaN,NaN
1661839200,1548.7202312142513,1600.84,1548.7202312142513,1585.7025,66.0715585851088,NaN,NaN
1661850000,1567.2113656071256,1606.13,1567.2113656071256,1588.625,66.58400671028609,NaN,NaN
1661860800,1577.9181828035628,1594.77,1509.61,1553.3024999999998,55.64466626700285,NaN,NaN
1661871600,1565.6103414017812,1565.6103414017812,1473.61,1506.225,45.02676663208793,NaN,NaN
1661882400,1535.9176707008905,1569.41,1487.93,1526.0775,49.410665586625555,NaN,NaN
1661893200,1530.9975853504452,1560.28,1516.93,1539.9,52.26498390290271,NaN,NaN
1661904000,1535.4487926752226,1599.85,1524.59,1560.1574999999998,56.16815115147376,NaN,NaN
1661914800,1547.8031463376112,1619.78,1547.8031463376112,1601.555,62.85280683523521,NaN,NaN
1661925600,1574.6790731688056,1615.89,1560,1589.38,59.956751311071244,NaN,NaN
1661936400,1582.0295365844029,1608.08,1565.37,1586.2125,59.19259548671818,NaN,NaN
1661947200,1584.1210182922014,1610,1564.17,1584.0124999999998,58.633634635426766,NaN,NaN
1661958000,1584.0667591461006,1584.0667591461006,1528,1552.4975,51.17811964826135,NaN,NaN
1661968800,1568.2821295730503,1588.78,1538.15,1560.58,52.83453054105477,NaN,NaN
1661979600,1564.431064786525,1584.66,1542.23,1562.835,53.31047746549168,NaN,NaN
1661990400,1563.6330323932625,1573.98,1533.92,1554.785,51.3195686122416,NaN,NaN
1662001200,1559.2090161966312,1563.78,1537.23,1552.8325,50.82379236108632,NaN,NaN
1662012000,1556.0207580983156,1556.0207580983156,1531.08,1546.9900000000002,49.28935823905034,NaN,NaN
1662022800,1551.505379049158,1586.34,1538.23,1562.5625,53.33353719637681,NaN,NaN
1662033600,1557.033939524579,1581.37,1515.68,1548.3675,49.46132833326804,NaN,NaN
1662044400,1552.7007197622895,1569.41,1512.77,1539.0075000000002,47.03630076218338,NaN,NaN
1662055200,1545.8541098811447,1585.19,1545.8541098811447,1568.44,54.57776077488158,NaN,NaN
1662066000,1557.1470549405724,1599,1557.1470549405724,1585.5249999999999,58.29042285798903,NaN,NaN
1662076800,1571.3360274702861,1586.28,1567.15,1579.4,56.507236455239,NaN,NaN
1662087600,1575.368013735143,1611.9,1575.368013735143,1589.8675,58.825432416259716,NaN,NaN
1662098400,1582.6177568675716,1597.94,1577.94,1589.4125,58.67902296075056,NaN,NaN
1662109200,1586.0151284337858,1603,1582.15,1592.1975,59.34599226795116,NaN,NaN
1662120000,1589.1063142168928,1650,1580,1615.4,64.48874406425051,NaN,NaN
1662130800,1602.2531571084464,1644.09,1580.31,1611.4325,63.02068953511213,NaN,NaN
1662141600,1606.8428285542232,1606.8428285542232,1546.41,1572.1299999999999,50.70640889693237,NaN,NaN
1662152400,1589.4864142771116,1589.4864142771116,1567.82,1574.65,51.362646153096684,NaN,NaN
1662163200,1582.0682071385559,1582.71,1560.46,1571.5475000000001,50.47177492119148,NaN,NaN
1662174000,1576.807853569278,1576.807853569278,1554.65,1566.5975,49.011144044349564,NaN,NaN
1662184800,1571.7026767846392,1571.9,1534.28,1555.3875,45.780024562635084,NaN,NaN
1662195600,1563.5450883923195,1563.5450883923195,1540,1548.2024999999999,43.787453977809115,NaN,NaN
1662206400,1555.8737941961597,1565.89,1545.29,1552.42,45.292661171271995,NaN,NaN
1662217200,1554.14689709808,1555.77,1543.58,1550.7475,44.78056874507372,NaN,NaN
1662228000,1552.44719854904,1564,1535.63,1551.545,45.09931677711342,NaN,NaN
1662238800,1551.99609927452,1561.91,1549.84,1555.4875,46.73618437199631,NaN,NaN
1662249600,1553.74179963726,1561.55,1553,1556.3675,47.115204509346306,NaN,NaN
1662260400,1555.05464981863,1556.91,1547.45,1552.6125,45.62334114339577,NaN,NaN
1662271200,1553.8335749093148,1556,1540.66,1550.7224999999999,44.85350046199237,NaN,NaN
1662282000,1552.2780374546574,1564.83,1550.76,1558.4375,48.661654020218414,NaN,NaN
1662292800,1555.3577687273287,1583.66,1544.82,1561.8374999999999,50.29080343114137,NaN,NaN
1662303600,1558.5976343636644,1576.49,1551.01,1562.8574999999998,50.79526936037769,NaN,NaN
1662314400,1560.727567181832,1574,1560.727567181832,1568.9775,53.82325850070253,NaN,NaN
1662325200,1564.852533590916,1582.87,1563.27,1574.0249999999999,56.21640069493158,NaN,NaN
1662336000,1569.438766795458,1592.87,1568.68,1579.3575,58.654294837664295,NaN,NaN
1662346800,1574.398133397729,1580.2,1556.56,1568.91,52.48793239601497,NaN,NaN
1662357600,1571.6540666988644,1571.6540666988644,1557.61,1563.9325,49.80162143118638,NaN,NaN
1662368400,1567.7932833494322,1569.34,1557.93,1564.7875,50.27241843166238,NaN,NaN
1662379200,1566.290391674716,1593,1562.41,1578.095,57.02775624757256,NaN,NaN
1662390000,1572.1926958373579,1610,1572.1926958373579,1595.6225,63.97029917251211,NaN,NaN
1662400800,1583.907597918679,1600.18,1576.37,1592.105,61.812045577689126,NaN,NaN
1662411600,1588.0062989593393,1631.99,1588.0062989593393,1610.0024999999998,67.77034930902856,NaN,NaN
1662422400,1599.0043994796697,1676,1599.0043994796697,1638.2675,74.52928951059612,NaN,NaN
1662433200,1618.6359497398348,1664.49,1618.6359497398348,1647.095,76.20746416429753,NaN,NaN
1662444000,1632.8654748699173,1678.7,1632.8654748699173,1661.6175,78.69446988792217,NaN,NaN
1662454800,1647.2414874349588,1678.58,1646.91,1664.925,79.22704095467581,NaN,NaN
1662465600,1656.0832437174795,1687.4,1633.31,1663.8000000000002,78.50819215186284,NaN,NaN
1662476400,1659.9416218587398,1674.71,1569.07,1624.3975,58.490795854894266,NaN,NaN
1662487200,1642.16956092937,1642.16956092937,1555,1579.4524999999999,44.540339273772055,NaN,NaN
1662498000,1610.8110304646848,1610.8110304646848,1556.9,1571.7875,42.67116065419229,NaN,NaN
1662508800,1591.2992652323423,1591.2992652323423,1490.66,1528.9575,34.06789738570474,NaN,NaN
1662519600,1560.1283826161712,1560.1283826161712,1497.11,1507.71,30.755131175829476,NaN,NaN
1662530400,1533.9191913080856,1533.9191913080856,1509.53,1518.8075000000001,34.34607139331344,NaN,NaN
1662541200,1526.3633456540429,1526.3633456540429,1503.82,1515.97,33.86252810839787,NaN,NaN
1662552000,1521.1666728270216,1550,1500,1526.8175,37.485914449842994,NaN,NaN
1662562800,1523.9920864135108,1573.45,1523.9920864135108,1555.715,45.97696335437647,NaN,NaN
1662573600,1539.8535432067554,1654.39,1539.8535432067554,1606.7575000000002,57.06899019443707,NaN,NaN
1662584400,1573.3055216033777,1657.5,1573.3055216033777,1636.87,62.02295228251295,NaN,NaN
1662595200,1605.0877608016888,1637.23,1605.0877608016888,1627.1675,59.63511273281796,NaN,NaN
1662606000,1616.1276304008443,1647.66,1616.1276304008443,1633.045,60.62406927647762,NaN,NaN
1662616800,1624.5863152004222,1638.5,1595.06,1623.0699999999997,58.02571185192642,NaN,NaN
1662627600,1623.828157600211,1645,1610.27,1628.7875,59.107580576677464,NaN,NaN
1662638400,1626.3078288001054,1647.3,1597.88,1631.1825,59.57758025627388,NaN,NaN
1662649200,1628.7451644000525,1654.99,1609,1634.5325,60.26551355603193,NaN,NaN
1662660000,1631.6388322000262,1663.56,1624.32,1640.8474999999999,61.592461041277424,NaN,NaN
1662670800,1636.243166100013,1645,1626.31,1637.8974999999998,60.57478083549613,NaN,NaN
1662681600,1637.0703330500064,1647.43,1630.51,1638.4050000000002,60.69509844558176,NaN,NaN
1662692400,1637.7376665250033,1716.13,1637.7376665250033,1675.5025,68.30867555301847,NaN,NaN
1662703200,1656.6200832625018,1717.98,1656.6200832625018,1707.7124999999999,73.16847321905519,NaN,NaN
1662714000,1682.1662916312507,1711.2,1682.1662916312507,1700.6174999999998,70.60026353646477,NaN,NaN
1662724800,1691.3918958156253,1746.13,1691.3918958156253,1717.8049999999998,73.06654973423692,NaN,NaN
1662735600,1704.5984479078124,1735.03,1696,1715.3500000000001,72.13571232575602,NaN,NaN
1662746400,1709.9742239539064,1729.61,1696.21,1712.69,71.07910887133733,NaN,NaN
1662757200,1711.3321119769532,1731.94,1706.82,1719.4924999999998,72.20053268171154,NaN,NaN
1662768000,1715.4123059884764,1743.56,1706.03,1726.9625,73.41940854606385,NaN,NaN
1662778800,1721.1874029942383,1745.46,1721.1874029942383,1736.29,74.8993267513741,NaN,NaN
1662789600,1728.738701497119,1737.67,1708,1723.4375,69.18345644092577,NaN,NaN
1662800400,1726.0881007485596,1728.49,1715,1720.965,68.10667514583155,NaN,NaN
1662811200,1723.5265503742799,1734,1712.53,1722.0375,68.33688534704874,NaN,NaN
1662822000,1722.7820251871399,1726.53,1709.49,1719.0425,66.88498237520149,NaN,NaN
1662832800,1720.91226259357,1744.2,1720.91226259357,1730.7599999999998,69.6057799725074,NaN,NaN
1662843600,1725.836131296785,1789,1725.836131296785,1757.7475,74.75123475285935,NaN,NaN
1662854400,1741.7918156483925,1779.46,1741.7918156483925,1768.7325,76.49547510387009,NaN,NaN
1662865200,1755.2621578241963,1769.26,1755.2621578241963,1763.9825,74.11134946744889,NaN,NaN
1662876000,1759.622328912098,1768.68,1743.67,1760.42,72.29153634373829,NaN,NaN
1662886800,1760.021164456049,1780,1758,1768.175,73.79973768726552,NaN,NaN
1662897600,1764.0980822280244,1776.83,1753.37,1765.555,72.36659578865147,NaN,NaN
1662908400,1764.8265411140123,1789,1761.36,1770.92,73.50137365014837,NaN,NaN
1662919200,1767.8732705570062,1776.92,1747.33,1763.665,69.35375500134727,NaN,NaN
1662930000,1765.7691352785032,1767.43,1720.1,1753.1625,63.745914230163265,NaN,NaN
1662940800,1759.4658176392516,1783,1728.31,1753.4725,63.83885826354307,NaN,NaN
1662951600,1756.4691588196258,1756.4691588196258,1711.75,1729.1775,52.482932526179184,NaN,NaN
1662962400,1742.823329409813,1765.97,1724.02,1743.2075,57.21601543949951,NaN,NaN
1662973200,1743.0154147049066,1760.86,1729.46,1748.32,58.82548692746595,NaN,NaN
1662984000,1745.6677073524534,1754.99,1732.69,1743.025,56.45665353114355,NaN,NaN
1662994800,1744.3463536762267,1744.3463536762267,1693,1723.32,48.611473252925855,NaN,NaN
1663005600,1733.8331768381133,1733.8331768381133,1718.09,1726.2125,49.716057210687794,NaN,NaN
1663016400,1730.0228384190568,1730.0228384190568,1701.59,1716.455,46.115041286297966,NaN,NaN
1663027200,1723.2389192095284,1723.2389192095284,1675.1,1704.6075,42.12530440184521,NaN,NaN
1663038000,1713.9232096047642,1725.05,1701.95,1713.7125,45.99247927322963,NaN,NaN
1663048800,1713.817854802382,1731.66,1699.32,1716.275,47.06454242757897,NaN,NaN
1663059600,1715.046427401191,1746.72,1714.07,1728.34,51.90528127718446,NaN,NaN
1663070400,1721.6932137005956,1760.51,1572.91,1665.29,34.26895052919642,NaN,NaN
1663081200,1693.4916068502978,1693.4916068502978,1585.03,1606.6475,25.567419812930254,NaN,NaN
1663092000,1650.069553425149,1650.069553425149,1569.94,1605.4125000000001,25.42102453542185,NaN,NaN
1663102800,1627.7410267125747,1627.7410267125747,1560.54,1587.8874999999998,23.375620687852347,NaN,NaN
1663113600,1607.8142633562873,1607.8142633562873,1552.38,1582.4725,22.76608452001483,NaN,NaN
1663124400,1595.1433816781437,1623.84,1593.95,1608.0475,31.81004392630831,NaN,NaN
1663135200,1601.5954408390717,1618.28,1584.35,1604.7475,31.30072717551677,NaN,NaN
1663146000,1603.1714704195358,1610.55,1583.2,1598.0249999999999,30.238575417042355,NaN,NaN
1663156800,1600.5982352097678,1613.41,1586.13,1599.2350000000001,30.69444376751278,NaN,NaN
1663167600,1599.9166176048839,1604,1581.29,1594.1775,29.81738467831282,NaN,NaN
1663178400,1597.0470588024418,1604.29,1560,1589.04,28.9135860622782,NaN,NaN
1663189200,1593.043529401221,1647.01,1593.043529401221,1620.5975,40.78652221432484,NaN,NaN
1663200000,1606.8205147006106,1655.2,1599.09,1627.4425,43.00996517901302,NaN,NaN
1663210800,1617.1315073503054,1621.01,1583.5,1610.3925,39.074183908266484,NaN,NaN
1663221600,1613.7620036751528,1655,1571.5,1613.5349999999999,40.16106321091137,NaN,NaN
1663232400,1613.6485018375763,1613.6485018375763,1574.46,1595.605,36.193694480202616,NaN,NaN
1663243200,1604.6267509187883,1604.6267509187883,1482.23,1541.3025000000002,27.373903170213296,NaN,NaN
1663254000,1572.9646254593943,1572.9646254593943,1458,1494.1575,22.294395757263104,NaN,NaN
1663264800,1533.5610627296971,1533.5610627296971,1489.71,1503.8799999999999,25.369965021072318,NaN,NaN
1663275600,1518.7205313648485,1518.7205313648485,1459.14,1485.0925,23.43935501694918,NaN,NaN
1663286400,1501.9065156824242,1501.9065156824242,1446.7,1467.3874999999998,21.758913112892685,NaN,NaN
1663297200,1484.6470078412121,1484.6470078412121,1460.11,1469.8725,22.5976908756421,NaN,NaN
1663308000,1477.259753920606,1477.27,1442.2,1460.7775000000001,21.68154778809435,NaN,NaN
1663318800,1469.0186269603032,1482.18,1450.26,1465.63,23.464379607532308,NaN,NaN
1663329600,1467.3243134801517,1478.98,1424.28,1457.2649999999999,22.51297709349926,NaN,NaN
1663340400,1462.2946567400759,1462.2946567400759,1405.52,1432.76,19.959779623193768,NaN,NaN
1663351200,1447.527328370038,1447.527328370038,1410.01,1426.9924999999998,19.402058784488332,NaN,NaN
1663362000,1437.259914185019,1448.41,1423.04,1435.8200000000002,22.950719851873373,NaN,NaN
1663372800,1436.5399570925097,1456.6,1430.81,1440.2549999999999,24.74349248736567,NaN,NaN
1663383600,1438.3974785462547,1447.92,1425.09,1436.1975000000002,24.188964470383027,NaN,NaN
1663394400,1437.2974892731274,1437.2974892731274,1425,1431.615,23.547121272404354,NaN,NaN
1663405200,1434.4562446365637,1435.32,1416,1426.295,22.791038027146215,NaN,NaN
1663416000,1430.3756223182818,1445.43,1409.12,1429.8775,24.547997778471967,NaN,NaN
1663426800,1430.126561159141,1475.9,1430.126561159141,1457.11,36.39644609753924,NaN,NaN
1663437600,1443.6182805795704,1476.13,1443.6182805795704,1466.7849999999999,40.00124539926699,NaN,NaN
1663448400,1455.2016402897852,1473.29,1446.52,1462.7224999999999,39.001682487678295,NaN,NaN
1663459200,1458.9620701448926,1469.63,1449,1460.72,38.49110596112163,NaN,NaN
1663470000,1459.8410350724462,1460.51,1446.66,1455.16,37.04116894921412,NaN,NaN
1663480800,1457.500517536223,1459.57,1450.88,1455.9875,37.419009938859176,NaN,NaN
1663491600,1456.7440087681116,1458.35,1417.38,1441.2975000000001,33.567668134162005,NaN,NaN
1663502400,1449.0207543840559,1449.0207543840559,1410.1,1426.1174999999998,30.11797689138858,NaN,NaN
1663513200,1437.5691271920277,1437.5691271920277,1372.33,1399.165,25.17165104895676,NaN,NaN
1663524000,1418.3670635960138,1418.3670635960138,1367,1375.9850000000001,21.848317144449737,NaN,NaN
1663534800,1397.176031798007,1397.176031798007,1325.55,1350.9975000000002,18.94467266638115,NaN,NaN
1663545600,1374.0867658990037,1374.0867658990037,1295,1321.31,16.191420963691442,NaN,NaN
1663556400,1347.6983829495018,1347.6983829495018,1285,1299.175,14.49942203232061,NaN,NaN
1663567200,1323.436691474751,1323.436691474751,1280,1294.6575,14.173879912326939,NaN,NaN
1663578000,1309.0470957373755,1320.04,1289.41,1302.7224999999999,17.72539133260699,NaN,NaN
1663588800,1305.8847978686877,1372.33,1305.8847978686877,1335.455,30.326797180352216,NaN,NaN
1663599600,1320.6698989343438,1361.41,1320.6698989343438,1341.6425,32.43350958983068,NaN,NaN
1663610400,1331.156199467172,1367.98,1323.29,1344.2075,33.33343067200262,NaN,NaN
1663621200,1337.681849733586,1393.35,1337.681849733586,1370.875,41.98496683577076,NaN,NaN
1663632000,1354.278424866793,1384.78,1354.278424866793,1370.9575,42.01003914089525,NaN,NaN
1663642800,1362.6179624333965,1369.72,1342.24,1358.835,39.320976368518096,NaN,NaN
1663653600,1360.7264812166982,1378.51,1351.07,1361.1200000000001,40.099296868630645,NaN,NaN
1663664400,1360.9232406083493,1365.27,1345.14,1356.0425,38.90510292314737,NaN,NaN
1663675200,1358.4828703041746,1359.99,1329.01,1351.23,37.75735846499399,NaN,NaN
1663686000,1354.8564351520872,1384.1,1332.29,1352.8725,38.42502893940651,NaN,NaN
1663696800,1353.8644675760436,1357.55,1331.92,1342.0225,35.70069774431995,NaN,NaN
1663707600,1347.9434837880217,1348.7,1312.71,1331.8825000000002,33.32286688750813,NaN,NaN
1663718400,1339.912991894011,1345.96,1317.52,1331.6225,33.26169263424946,NaN,NaN
1663729200,1335.7677459470056,1344.8,1330.1,1336.61,35.7002330690179,NaN,NaN
1663740000,1336.1888729735028,1339,1316.12,1328.855,33.641885643599224,NaN,NaN
1663750800,1332.5219364867514,1353.8,1324.54,1339.525,38.864726460449994,NaN,NaN
1663761600,1336.0234682433756,1360.76,1336.0234682433756,1348.755,43.041072906029285,NaN,NaN
1663772400,1342.3892341216879,1400,1334.01,1368.5325,50.79726070545765,NaN,NaN
1663783200,1355.460867060844,1408.9,1302.95,1356.5749999999998,46.66024464256008,NaN,NaN
1663794000,1356.017933530422,1356.017933530422,1220,1273.9524999999999,29.05327451935031,NaN,NaN
1663804800,1314.985216765211,1314.985216765211,1237.32,1254.4424999999999,26.509477764081794,NaN,NaN
1663815600,1284.7138583826054,1284.7138583826054,1254.61,1262.62,29.3035206930129,NaN,NaN
1663826400,1273.6669291913026,1298.56,1257.67,1276.095,33.77177382706236,NaN,NaN
1663837200,1274.8809645956512,1313.02,1274.8809645956512,1299.01,40.64233997649206,NaN,NaN
1663848000,1286.9454822978255,1313.7,1263.5,1288.0075,38.573193675512066,NaN,NaN
1663858800,1287.4764911489128,1295.81,1252.12,1276.1399999999999,36.419429356776696,NaN,NaN
1663869600,1281.8082455744564,1337.4,1281.8082455744564,1308.48,45.37103623095168,NaN,NaN
1663880400,1295.1441227872283,1350.08,1295.1441227872283,1326.9975,49.73489045279121,NaN,NaN
1663891200,1311.0708113936141,1339.99,1311.0708113936141,1326.2975000000001,49.57367792694055,NaN,NaN
1663902000,1318.684155696807,1360,1318.684155696807,1337.7649999999999,52.30139122589082,NaN,NaN
1663912800,1328.2245778484034,1349.34,1312.82,1330.5225,50.44543496389324,NaN,NaN
1663923600,1329.3735389242017,1329.3735389242017,1282.14,1302.59,43.965475911647786,NaN,NaN
1663934400,1315.9817694621008,1319.13,1262.15,1288.1775,41.03637976842451,NaN,NaN
1663945200,1302.0796347310504,1309.09,1277.57,1291.5325,42.004992876669455,NaN,NaN
1663956000,1296.8060673655252,1309,1274.32,1294.9325,43.02642785858139,NaN,NaN
1663966800,1295.8692836827627,1339.93,1295.8692836827627,1316.7,49.195712466868066,NaN,NaN
1663977600,1306.2846418413815,1330.41,1306.2846418413815,1323.39,50.95352049644466,NaN,NaN
1663988400,1314.8373209206907,1337.8,1314.8373209206907,1327.6675,52.094826443849826,NaN,NaN
1663999200,1321.2524104603453,1335.65,1316.9,1328.5900000000001,52.352338090044036,NaN,NaN
1664010000,1324.9212052301727,1332.74,1320.5,1327.3675,51.953773483138924,NaN,NaN
1664020800,1326.1443526150865,1349.33,1326.1443526150865,1336.2125,54.64424676978055,NaN,NaN
1664031600,1331.1784263075433,1347.3,1331.1784263075433,1339.79,55.72419358577657,NaN,NaN
1664042400,1335.4842131537716,1348.35,1333.85,1340.1399999999999,55.834988905173404,NaN,NaN
1664053200,1337.8121065768858,1342.39,1306.52,1327.0075000000002,50.707645259256346,NaN,NaN
1664064000,1332.409803288443,1332.409803288443,1314.4,1319.5425,48.00882386540522,NaN,NaN
1664074800,1325.9761516442215,1330.12,1318.81,1323.1924999999999,49.42616478503879,NaN,NaN
1664085600,1324.5843258221107,1337,1321.7,1327.9825,51.30236793180408,NaN,NaN
1664096400,1326.2834129110554,1332.26,1316.74,1327.2175,50.977101151076674,NaN,NaN
1664107200,1326.7504564555277,1331.49,1298.15,1316.2424999999998,46.42910212958645,NaN,NaN
1664118000,1321.4964782277639,1321.4964782277639,1281.91,1301.58,41.14737951693378,NaN,NaN
1664128800,1311.538239113882,1311.538239113882,1289.34,1295.67,39.21114071170935,NaN,NaN
1664139600,1303.604119556941,1303.604119556941,1269.27,1289.835,37.342777049228374,NaN,NaN
1664150400,1296.7195597784705,1311.62,1286.88,1299.3725,42.191444789618735,NaN,NaN
1664161200,1298.0460298892353,1314.55,1286.27,1298.97,42.04357924727181,NaN,NaN
1664172000,1298.5080149446176,1322.74,1277.85,1302.9975,44.152689084078425,NaN,NaN
1664182800,1300.7527574723088,1325.06,1289.32,1308.075,46.78207679838339,NaN,NaN
1664193600,1304.4138787361544,1338.51,1293.7,1314.8600000000001,50.15901842153259,NaN,NaN
1664204400,1309.6369393680773,1332.14,1309.6369393680773,1324.1125000000002,54.40767202323505,NaN,NaN
1664215200,1316.8747196840386,1340.42,1316.8747196840386,1327.3975,55.846762996593306,NaN,NaN
1664226000,1322.1361098420193,1337.73,1315.29,1328.5175,56.35261335132931,NaN,NaN
1664236800,1325.3268049210096,1379.62,1325.3268049210096,1356.1225,66.53059950850725,NaN,NaN
1664247600,1340.7246524605048,1389.77,1340.7246524605048,1380.9299999999998,72.69308813329855,NaN,NaN
1664258400,1360.8273262302523,1394.56,1360.8273262302523,1383.8474999999999,73.31536269795495,NaN,NaN
1664269200,1372.337413115126,1399.06,1372.337413115126,1385.4499999999998,73.6702803120856,NaN,NaN
1664280000,1378.8937065575628,1400,1378.8937065575628,1389.1874999999998,74.5214360701669,NaN,NaN
1664290800,1384.0406032787814,1390.5,1308.5,1350.4125,54.74785921331989,NaN,NaN
1664301600,1367.2265516393907,1367.2265516393907,1303.75,1318.6425,44.361558202793105,NaN,NaN
1664312400,1342.9345258196954,1342.9345258196954,1316.69,1326.1875,46.93621135241454,NaN,NaN
1664323200,1334.5610129098477,1340.44,1267.13,1303.1825,40.74512201201502,NaN,NaN
1664334000,1318.8717564549238,1318.8717564549238,1275.91,1282.1225,36.05632613707926,NaN,NaN
1664344800,1300.4971282274619,1300.4971282274619,1266.52,1282.275,36.113657186499786,NaN,NaN
1664355600,1291.386064113731,1311.74,1253.2,1285.7325,37.48224512539167,NaN,NaN
1664366400,1288.5592820568654,1331.64,1288.5592820568654,1311.6025,46.685274018231745,NaN,NaN
1664377200,1300.0808910284327,1339.35,1300.0808910284327,1324.43,50.57072911687649,NaN,NaN
1664388000,1312.2554455142163,1355.47,1312.2554455142163,1335.615,53.73672083243612,NaN,NaN
1664398800,1323.935222757108,1355.7,1323.935222757108,1344.2125,56.06613065947583,NaN,NaN
1664409600,1334.073861378554,1352.02,1327.37,1338.325,54.058798249639764,NaN,NaN
1664420400,1336.199430689277,1345.92,1329.23,1336.0525,53.26606516636448,NaN,NaN
1664431200,1336.1259653446386,1336.1259653446386,1313.55,1325.6274999999998,49.66780610057812,NaN,NaN
1664442000,1330.8767326723191,1345.24,1322.49,1332.13,51.852567075220364,NaN,NaN
1664452800,1331.5033663361596,1337.73,1288.52,1320.76,47.93450674853053,NaN,NaN
1664463600,1326.1316831680797,1348.25,1314.64,1327.41,50.29990327410076,NaN,NaN
1664474400,1326.7708415840398,1341.95,1319.67,1331.49,51.74830729544519,NaN,NaN
1664485200,1329.1304207920198,1340.95,1324.07,1334.6299999999999,52.88628564838802,NaN,NaN
1664496000,1331.8802103960097,1352.3,1325,1334.845,52.96807705524791,NaN,NaN
1664506800,1333.362605198005,1335.59,1320.12,1327.99,49.98830898567394,NaN,NaN
1664517600,1330.6763025990026,1349.36,1329.53,1339.3399999999997,54.54760808660846,NaN,NaN
1664528400,1335.0081512995012,1349,1326.01,1338.605,54.20299955421312,NaN,NaN
1664539200,1336.8065756497506,1364.27,1313.35,1342.125,55.64811455554257,NaN,NaN
1664550000,1339.4657878248754,1373.19,1339.4657878248754,1354.945,60.53275130623445,NaN,NaN
1664560800,1347.2053939124376,1354.97,1328.02,1340.0025,53.180913733723365,NaN,NaN
1664571600,1343.6039469562188,1343.6039469562188,1316.41,1327.15,47.8030462780298,NaN,NaN
1664582400,1335.3769734781094,1335.3769734781094,1324.36,1329.23,48.70705442615316,NaN,NaN
1664593200,1332.3034867390547,1332.3034867390547,1323.28,1328.52,48.39891835547424,NaN,NaN
1664604000,1330.4117433695274,1332.58,1325,1329.5925,48.92455599951209,NaN,NaN
1664614800,1330.0021216847636,1333,1317.24,1326.8174999999999,47.57419624940535,NaN,NaN
1664625600,1328.4098108423818,1330,1319.2,1324.3574999999998,46.35280332694138,NaN,NaN
1664636400,1326.3836554211907,1326.3836554211907,1305.53,1316.6924999999999,42.676319711889775,NaN,NaN
1664647200,1321.5380777105952,1321.5380777105952,1302.68,1310.7575000000002,40.028895795484445,NaN,NaN
1664658000,1316.1477888552977,1316.27,1309.34,1311.73,40.67828312364384,NaN,NaN
1664668800,1313.9388944276488,1315.94,1305.23,1310.9275,40.290574607878746,NaN,NaN
1664679600,1312.4331972138243,1317.16,1307.72,1312.1575,41.21538176315791,NaN,NaN
1664690400,1312.2953486069123,1317.93,1306.38,1311.8275,41.03176092861484,NaN,NaN
1664701200,1312.061424303456,1312.061424303456,1280.63,1299.835,34.939723481887356,NaN,NaN
1664712000,1305.948212151728,1305.948212151728,1286.52,1293.9074999999998,32.380695143061274,NaN,NaN
1664722800,1299.927856075864,1302.48,1289.01,1294.78,33.15674880669178,NaN,NaN
1664733600,1297.3539280379318,1313.87,1291.41,1301.4375,38.917368601866976,NaN,NaN
1664744400,1299.395714018966,1305.57,1270,1288.785,33.08217173158522,NaN,NaN
1664755200,1294.090357009483,1300.75,1263.04,1282.51,30.62931910616588,NaN,NaN
1664766000,1288.3001785047413,1298.8,1284.11,1291.995,38.10024858444878,NaN,NaN
1664776800,1290.1475892523706,1301.94,1287.08,1293.9924999999998,39.57609645904848,NaN,NaN
1664787600,1292.0700446261853,1299.38,1286.25,1294.01,39.589685841695186,NaN,NaN
1664798400,1293.0400223130928,1323.19,1293.0400223130928,1309.1575,50.05934969798359,NaN,NaN
1664809200,1301.0987611565465,1329.2,1301.0987611565465,1322.3725,57.05246620534304,NaN,NaN
1664820000,1311.7356305782732,1329.9,1309.38,1322.175,56.92417469169539,NaN,NaN
1664830800,1316.9553152891367,1328,1315,1322.4175,57.05187649394454,NaN,NaN
1664841600,1319.6864076445684,1330.38,1318.66,1323.3775,57.5879164966612,NaN,NaN
1664852400,1321.5319538222843,1335.71,1319.53,1325.4824999999998,58.802125280930966,NaN,NaN
1664863200,1323.507226911142,1359.67,1323.507226911142,1339.3,65.73637034953354,NaN,NaN
1664874000,1331.4036134555708,1354.73,1331.4036134555708,1348.5825,69.45577669672836,NaN,NaN
1664884800,1339.9930567277854,1364.31,1339.9930567277854,1352.7475000000002,70.97807980929038,NaN,NaN
1664895600,1346.3702783638928,1355.5,1338.12,1347.9724999999999,66.86368993354085,NaN,NaN
1664906400,1347.1713891819463,1369.55,1345.35,1355.8899999999999,69.9718874628143,NaN,NaN
1664917200,1351.530694590973,1367.44,1351.530694590973,1361.46,71.96425035820542,NaN,NaN
1664928000,1356.4953472954867,1363.53,1352.17,1358.3725,69.22252285819104,NaN,NaN
1664938800,1357.4339236477433,1359.19,1348.37,1354.105,65.50759499869983,NaN,NaN
1664949600,1355.7694618238716,1358.86,1340.04,1348.96,61.24044571408361,NaN,NaN
1664960400,1352.3647309119358,1352.3647309119358,1331.41,1339.7925,54.43614127225364,NaN,NaN
1664971200,1346.0786154559678,1346.0786154559678,1316.29,1327.8600000000001,47.10052873461121,NaN,NaN
1664982000,1336.969307727984,1359.93,1322.73,1338.6325000000002,53.22829256889166,NaN,NaN
1664992800,1337.800903863992,1364.77,1337.800903863992,1350.315,58.80184878067698,NaN,NaN
1665003600,1344.057951931996,1357.96,1344.057951931996,1350.05,58.63117275951889,NaN,NaN
1665014400,1347.053975965998,1383.99,1347.053975965998,1365.175,64.89432599558165,NaN,NaN
1665025200,1356.114487982999,1381.69,1356.114487982999,1374.4175,68.07506882672374,NaN,NaN
1665036000,1365.2659939914995,1372.98,1354.84,1365.1125,61.98592886602171,NaN,NaN
1665046800,1365.1892469957497,1369.59,1355.12,1363.2825,60.83345849026364,NaN,NaN
1665057600,1364.2358734978748,1380.3,1348.69,1366.925,62.33456928912213,NaN,NaN
1665068400,1365.5804367489372,1372.92,1356.25,1366.055,61.72605549756877,NaN,NaN
1665079200,1365.8177183744688,1365.8177183744688,1353.92,1362.0175,58.854614176276094,NaN,NaN
1665090000,1363.9176091872343,1363.98,1345.01,1356.2224999999999,54.906575767870216,NaN,NaN
1665100800,1360.070054593617,1361.75,1350.23,1355.0949999999998,54.14552917126246,NaN,NaN
1665111600,1357.5825272968084,1359.21,1351.87,1355.4775,54.37656240957688,NaN,NaN
1665122400,1356.5300136484043,1359.9,1346.01,1354.1025,53.33623256530214,NaN,NaN
1665133200,1355.3162568242021,1360.8,1352,1355.8875,54.55184673873312,NaN,NaN
1665144000,1355.601878412101,1358.73,1324.5,1344.42,46.22130294839572,NaN,NaN
1665154800,1350.0109392060506,1350.0109392060506,1319,1330.9725,38.74860462948222,NaN,NaN
1665165600,1340.4917196030253,1340.4917196030253,1317.26,1326.2975,36.53707007421891,NaN,NaN
1665176400,1333.3946098015126,1336.34,1329.79,1332.125,41.05336244649125,NaN,NaN
1665187200,1332.7598049007563,1337.35,1330.01,1333.0675,41.77505919128823,NaN,NaN
1665198000,1332.9136524503783,1334.02,1326.05,1331.0725,40.640820643878534,NaN,NaN
1665208800,1331.9930762251893,1333.25,1323.44,1328.0875,38.93733051496214,NaN,NaN
1665219600,1330.0402881125947,1330.45,1325.11,1327.65,38.6814142422963,NaN,NaN
1665230400,1328.8451440562974,1330.18,1318,1325.7350000000001,37.51900658231393,NaN,NaN
1665241200,1327.2900720281486,1329.99,1321.89,1326.0825,37.88378723994234,NaN,NaN
1665252000,1326.6862860140743,1328.02,1322.25,1325.7625,37.66571022712006,NaN,NaN
1665262800,1326.2243930070372,1326.2243930070372,1303.51,1317.5149999999999,32.476690759554245,NaN,NaN
1665273600,1321.8696965035185,1321.8696965035185,1307.26,1311.92,29.506904210168912,NaN,NaN
1665284400,1316.8948482517594,1316.8948482517594,1307.91,1311.71,29.398241955253027,NaN,NaN
1665295200,1314.3024241258797,1317.89,1313.4,1315.31,33.89265198368092,NaN,NaN
1665306000,1314.8062120629397,1327.99,1314.8062120629397,1320.31,39.639892434947285,NaN,NaN
1665316800,1317.5581060314698,1329,1317.5581060314698,1324.3474999999999,43.88252088724842,NaN,NaN
1665327600,1320.9528030157348,1327.68,1320.9528030157348,1324.5974999999999,44.14431779488821,NaN,NaN
1665338400,1322.7751515078673,1326.4,1310,1320.45,40.748033169255926,NaN,NaN
1665349200,1321.6125757539337,1323.5,1314.35,1320.4724999999999,40.774653759746755,NaN,NaN
1665360000,1321.042537876967,1338,1320.29,1326.4675,47.537854994867736,NaN,NaN
1665370800,1323.7550189384833,1325.99,1316.07,1321.1100000000001,42.83070927096583,NaN,NaN
1665381600,1322.4325094692417,1322.4325094692417,1296.36,1310.375,35.29025642718429,NaN,NaN
1665392400,1316.4037547346209,1317.63,1305.32,1311.1875,36.20569680544352,NaN,NaN
1665403200,1313.7956273673103,1319.68,1303.39,1311.25,36.280371757072565,NaN,NaN
1665414000,1312.5228136836552,1315,1298.99,1308.345,34.2722655927475,NaN,NaN
1665424800,1310.4339068418276,1312.82,1306,1309.655,35.99276238661972,NaN,NaN
1665435600,1310.0444534209137,1310.0444534209137,1288,1298.83,29.192600119676044,NaN,NaN
1665446400,1304.4372267104568,1304.4372267104568,1267.01,1281.7649999999999,22.10304138896015,NaN,NaN
1665457200,1293.1011133552283,1293.1011133552283,1274.3,1277.8700000000001,20.857942772383637,NaN,NaN
1665468000,1285.485556677614,1288.93,1272.05,1280.235,23.66957030403394,NaN,NaN
1665478800,1282.860278338807,1286.83,1277.82,1284.0725,28.13119274812226,NaN,NaN
1665489600,1283.4663891694036,1294.86,1268.85,1283.1999999999998,27.734263161724968,NaN,NaN
1665500400,1283.3331945847017,1298,1282.36,1288.4199999999998,33.75650655004743,NaN,NaN
1665511200,1285.8765972923507,1291.66,1275.64,1284.9900000000002,31.876723030744444,NaN,NaN
1665522000,1285.4332986461754,1285.4332986461754,1273.8,1279.6499999999999,29.154706051970862,NaN,NaN
1665532800,1282.5416493230878,1288.93,1275.25,1282.125,32.05084792046391,NaN,NaN
1665543600,1282.3333246615439,1295.4,1282.3333246615439,1288.71,39.17533804548293,NaN,NaN
1665554400,1285.521662330772,1301.74,1285.521662330772,1295.39,45.426450545553955,NaN,NaN
1665565200,1290.455831165386,1306.87,1290.455831165386,1299.9225,49.23849645196248,NaN,NaN
1665576000,1295.189165582693,1305.59,1285.51,1296.295,46.44244421595534,NaN,NaN
1665586800,1295.7420827913465,1300.79,1289.5,1294.7150000000001,45.2374824285691,NaN,NaN
1665597600,1295.2285413956733,1301,1287.53,1294.9724999999999,45.48572330182755,NaN,NaN
1665608400,1295.1005206978366,1302.97,1292.68,1297.3200000000002,47.80847569786934,NaN,NaN
1665619200,1296.2102603489184,1299.15,1282.05,1290.63,42.27969111913496,NaN,NaN
1665630000,1293.4201301744592,1293.4201301744592,1279.28,1285.7175,38.73715997046573,NaN,NaN
1665640800,1289.5688150872297,1289.5688150872297,1271.64,1281.5625,35.990394219708975,NaN,NaN
1665651600,1285.5656575436149,1285.5656575436149,1220.41,1255.3675,24.294492035620365,NaN,NaN
1665662400,1270.4665787718075,1275.06,1190,1232.5425,18.61722684404502,NaN,NaN
1665673200,1251.5045393859036,1282.28,1220.59,1250,31.753386339812437,NaN,NaN
1665684000,1250.7522696929518,1301.58,1250.7522696929518,1285.3000000000002,49.50269576609164,NaN,NaN
1665694800,1268.026134846476,1297.94,1268.026134846476,1291.065,51.71148118893851,NaN,NaN
1665705600,1279.545567423238,1336.9,1279.545567423238,1309.995,58.18000647517096,NaN,NaN
1665716400,1294.770283711619,1342,1294.770283711619,1330.3024999999998,63.78461221472826,NaN,NaN
1665727200,1312.5363918558094,1329.71,1312.5363918558094,1323.5049999999999,60.84517177191045,NaN,NaN
1665738000,1318.0206959279046,1336.5,1316.55,1325.125,61.30286870080386,NaN,NaN
1665748800,1321.5728479639524,1343.12,1310.63,1324.98,61.23387299281688,NaN,NaN
1665759600,1323.2764239819762,1324.5,1298,1312.8575,55.59978926361898,NaN,NaN
1665770400,1318.0669619909881,1318.0669619909881,1294,1303.045,51.47149619162396,NaN,NaN
1665781200,1310.555980995494,1310.555980995494,1290,1297.455,49.22898273210668,NaN,NaN
1665792000,1304.005490497747,1304.005490497747,1293.52,1297.385,49.200075603719476,NaN,NaN
1665802800,1300.6952452488736,1301.69,1292.25,1297.06,49.05604769675893,NaN,NaN
1665813600,1298.8776226244368,1298.8776226244368,1277.07,1287.2575,44.7965031304949,NaN,NaN
1665824400,1293.0675613122185,1293.0675613122185,1277.01,1283.2325,43.14010208253281,NaN,NaN
1665835200,1288.1500306561093,1291.8,1279.1,1286.705,45.02861144874083,NaN,NaN
1665846000,1287.4275153280546,1289.92,1281.62,1285.7325,44.58202565484515,NaN,NaN
1665856800,1286.5800076640273,1286.5800076640273,1278.31,1281.9350000000002,42.797086527413605,NaN,NaN
1665867600,1284.2575038320138,1284.2575038320138,1263.64,1275.1000000000001,39.715008088035376,NaN,NaN
1665878400,1279.678751916007,1286.69,1274.67,1279.555,42.615794348085124,NaN,NaN
1665889200,1279.6168759580037,1288.99,1279.6168759580037,1284.1325000000002,45.51671047028312,NaN,NaN
1665900000,1281.874687979002,1290.27,1281.12,1286.2275,46.841229144426975,NaN,NaN
1665910800,1284.051093989501,1288.92,1279.31,1285.285,46.295948892309504,NaN,NaN
1665921600,1284.6680469947505,1285.77,1279.3,1283.055,44.962280063254525,NaN,NaN
1665932400,1283.8615234973754,1287.96,1282.97,1284.6000000000001,46.120358597051975,NaN,NaN
1665943200,1284.2307617486877,1315.35,1281.57,1297.9399999999998,54.9371108816724,NaN,NaN
1665954000,1291.0853808743436,1314.92,1290.62,1305.495,59.02643057665765,NaN,NaN
1665964800,1298.2901904371718,1308.25,1296.07,1302.5375,56.85148297869575,NaN,NaN
1665975600,1300.4138452185857,1309.33,1295.64,1303.355,57.319625605894515,NaN,NaN
1665986400,1301.8844226092929,1314.6,1301.8844226092929,1309.6174999999998,60.82597486267905,NaN,NaN
1665997200,1305.7509613046464,1325.91,1305.7509613046464,1315.2,63.68964581150521,NaN,NaN
1666008000,1310.4754806523233,1337.67,1310.4754806523233,1323.7024999999999,67.577212548825,NaN,NaN
1666018800,1317.0889903261616,1333.13,1316.83,1324.2,67.79448702980864,NaN,NaN
1666029600,1320.6444951630808,1331.27,1315.31,1324.3,67.84113692332673,NaN,NaN
1666040400,1322.4722475815404,1338.57,1322.4722475815404,1331.5275,71.09949393301835,NaN,NaN
1666051200,1326.9998737907702,1341.73,1326.9998737907702,1332.1025,71.34821586285625,NaN,NaN
1666062000,1329.551186895385,1337.89,1327.68,1331.315,70.4539200558101,NaN,NaN
1666072800,1330.4330934476925,1340.37,1321.52,1329.1725,67.95820539535086,NaN,NaN
1666083600,1329.8027967238463,1329.8027967238463,1318.15,1324.1225,62.3516875246023,NaN,NaN
1666094400,1326.9626483619231,1334.59,1306.47,1318.8075,57.01988315538803,NaN,NaN
1666105200,1322.8850741809615,1322.8850741809615,1298.08,1306.9625,47.31034470077632,NaN,NaN
1666116000,1314.9237870904808,1320,1286.72,1307.5075000000002,47.751198629586334,NaN,NaN
1666126800,1311.2156435452405,1315.84,1306.84,1311.8925,51.28308646271458,NaN,NaN
1666137600,1311.5540717726203,1313.5,1298.33,1307.1675,47.55294830259924,NaN,NaN
1666148400,1309.3607858863102,1309.3607858863102,1298.38,1303.22,44.63213729777325,NaN,NaN
1666159200,1306.290392943155,1306.290392943155,1291.93,1299.0075000000002,41.689383434984606,NaN,NaN
1666170000,1302.6489464715776,1308.09,1293.95,1300.44,43.064157731886574,NaN,NaN
1666180800,1301.5444732357887,1305.91,1290,1298.175,41.40203268784525,NaN,NaN
1666191600,1299.8597366178942,1308.39,1292.86,1298.3575,41.59762760769298,NaN,NaN
1666202400,1299.1086183089471,1299.1086183089471,1287.5,1294.1375,38.40534755082805,NaN,NaN
1666213200,1296.6230591544736,1296.6230591544736,1280.31,1289.0149999999999,34.90380509562348,NaN,NaN
1666224000,1292.8190295772367,1292.8190295772367,1270.36,1281.4575,30.487399507431462,NaN,NaN
1666234800,1287.1382647886185,1296.07,1277.29,1286.99,36.79250958991971,NaN,NaN
1666245600,1287.0641323943091,1294.6,1287.0641323943091,1291.6775,41.62386530649698,NaN,NaN
1666256400,1289.3708161971545,1302.36,1289.3708161971545,1295.6575,45.43735319262748,NaN,NaN
1666267200,1292.5141580985774,1310.87,1290.65,1301.825,50.80093216697278,NaN,NaN
1666278000,1297.1695790492886,1307.75,1283.06,1295.44,45.78325888272477,NaN,NaN
1666288800,1296.3047895246443,1296.3047895246443,1271.96,1282.5325,37.680801647980125,NaN,NaN
1666299600,1289.4186447623222,1289.4186447623222,1278.17,1282.825,37.9487978654323,NaN,NaN
1666310400,1286.121822381161,1291.5,1278.81,1285.6675,40.62117467503815,NaN,NaN
1666321200,1285.8946611905806,1292.5,1284.95,1288.815,43.52171523184223,NaN,NaN
1666332000,1287.3548305952904,1291.05,1274.11,1282.8274999999999,39.562612476796645,NaN,NaN
1666342800,1285.0911652976451,1285.0911652976451,1272.73,1277.135,36.19173923944074,NaN,NaN
1666353600,1281.1130826488225,1290.49,1252.65,1274.5825,34.7615168486404,NaN,NaN
1666364400,1277.8477913244112,1303.84,1277.13,1289.815,47.97449077174859,NaN,NaN
1666375200,1283.8313956622055,1306.97,1283.8313956622055,1300.845,55.070544392676716,NaN,NaN
1666386000,1292.3381978311027,1302.95,1292.3381978311027,1300.6525000000001,54.92972971817831,NaN,NaN
1666396800,1296.4953489155514,1304.68,1294.73,1298.81,53.51914505005094,NaN,NaN
1666407600,1297.6526744577757,1300.26,1294.32,1296.7975,51.94990448446314,NaN,NaN
1666418400,1297.2250872288878,1302.52,1296.24,1298.975,53.53732336825652,NaN,NaN
1666429200,1298.1000436144438,1307.98,1298.1000436144438,1303.4625,56.71129378384351,NaN,NaN
1666440000,1300.7812718072219,1316.01,1300.7812718072219,1310.0700000000002,60.94211580617153,NaN,NaN
1666450800,1305.425635903611,1320.2,1305.425635903611,1314.495,63.513921342205805,NaN,NaN
1666461600,1309.9603179518053,1316.52,1306.72,1312.6725000000001,61.71158814573944,NaN,NaN
1666472400,1311.3164089759027,1318.51,1311.3164089759027,1315.0975,63.207660005523685,NaN,NaN
1666483200,1313.2069544879514,1314.28,1304.63,1311.23,59.23255306878649,NaN,NaN
1666494000,1312.2184772439757,1314.81,1308.02,1310.9825,58.97693540011026,NaN,NaN
1666504800,1311.600488621988,1311.63,1306.82,1309.695,57.584757681047826,NaN,NaN
1666515600,1310.6477443109939,1311.95,1301.3,1307.255,54.938009232517025,NaN,NaN
1666526400,1308.951372155497,1312.36,1299.44,1306.775,54.40821684867994,NaN,NaN
1666537200,1307.8631860777487,1330.88,1307.8631860777487,1320.4724999999999,64.83088642876174,NaN,NaN
1666548000,1314.1678430388743,1337,1314.1678430388743,1330.2350000000001,70.08074483701637,NaN,NaN
1666558800,1322.2014215194372,1371.55,1322.2014215194372,1348.855,77.10165697683163,NaN,NaN
1666569600,1335.5282107597186,1370.6,1335.5282107597186,1359.6799999999998,80.03489479346771,NaN,NaN
1666580400,1347.6041053798592,1354.16,1338.69,1347.0225,68.91806385508886,NaN,NaN
1666591200,1347.3133026899295,1347.3133026899295,1332.33,1339.7875,63.48957068384215,NaN,NaN
1666602000,1343.5504013449647,1354.5,1335.86,1345.3925,65.74092391078594,NaN,NaN
1666612800,1344.4714506724822,1353.98,1324.17,1341.4675,62.81965861810953,NaN,NaN
1666623600,1342.969475336241,1343.25,1330.72,1335.73,58.71257058531393,NaN,NaN
1666634400,1339.3497376681205,1352.79,1334.38,1343.1399999999999,62.153998193082664,NaN,NaN
1666645200,1341.24486883406,1359.43,1341.07,1348.7199999999998,64.55026132819961,NaN,NaN
1666656000,1344.98243441703,1345.61,1334.94,1341.275,59.167411577994606,NaN,NaN
1666666800,1343.128717208515,1351.26,1340.63,1345.685,61.229801817167484,NaN,NaN
1666677600,1344.4068586042574,1351.81,1342.38,1347.0875,61.889070488504984,NaN,NaN
1666688400,1345.7471793021286,1349.94,1339.22,1345.2275,60.42165931097917,NaN,NaN
1666699200,1345.4873396510643,1388.41,1345.4873396510643,1366.1325000000002,69.24724920338899,NaN,NaN
1666710000,1355.8099198255322,1512.01,1355.8099198255322,1439.5525,83.31740064433438,NaN,NaN
1666720800,1397.681209912766,1525.16,1397.681209912766,1483.3925,87.10980838856268,NaN,NaN
1666731600,1440.536854956383,1491.13,1440.536854956383,1467.795,80.13041276512489,NaN,NaN
1666742400,1454.1659274781914,1491.98,1454.1659274781914,1473.72,80.7610086066286,NaN,NaN
1666753200,1463.9429637390958,1499.21,1463.9429637390958,1486.5225,82.08410611566697,NaN,NaN
1666764000,1475.232731869548,1556,1475.232731869548,1514.81,84.60359947327079,NaN,NaN
1666774800,1495.021365934774,1547.66,1495.021365934774,1534.1225,86.0463497990462,NaN,NaN
1666785600,1514.571932967387,1594.99,1509.43,1551.955,87.23574422299713,NaN,NaN
1666796400,1533.2634664836935,1581.15,1533.2634664836935,1564.87,88.03143961499194,NaN,NaN
1666807200,1549.0667332418466,1578.53,1544.55,1559.5675,85.67013642775315,NaN,NaN
1666818000,1554.3171166209233,1584.62,1542.85,1561.6525000000001,85.83107528285593,NaN,NaN
1666828800,1557.9848083104616,1577.62,1547.19,1559.9675,85.00023507095848,NaN,NaN
1666839600,1558.9761541552307,1571.43,1532.06,1553.8250000000003,81.88833985875173,NaN,NaN
1666850400,1556.4005770776155,1567.32,1548.46,1558.1075,82.37287275420715,NaN,NaN
1666861200,1557.254038538808,1558.95,1534.73,1549.6149999999998,77.92100340359075,NaN,NaN
1666872000,1553.4345192694038,1578.58,1533.96,1552.7925,78.39156470190073,NaN,NaN
1666882800,1553.113509634702,1560.9,1539.34,1549.8825000000002,76.77771106022465,NaN,NaN
1666893600,1551.498004817351,1565.73,1507.81,1538.1275,70.46677823906688,NaN,NaN
1666904400,1544.8127524086756,1544.8127524086756,1503.2,1518.55,61.41285211698033,NaN,NaN
1666915200,1531.6813762043378,1531.6813762043378,1496.4,1509.2925,57.64140306265598,NaN,NaN
1666926000,1520.486938102169,1520.486938102169,1499.44,1508.405,57.278243076504424,NaN,NaN
1666936800,1514.4459690510844,1520.13,1484.61,1505.8425,56.17769862905846,NaN,NaN
1666947600,1510.1442345255423,1510.1442345255423,1493.34,1501.0324999999998,54.0773136958317,NaN,NaN
1666958400,1505.588367262771,1549.94,1479.82,1515.0725,58.90690635724467,NaN,NaN
1666969200,1510.3304336313854,1573.1,1510.3304336313854,1546.4174999999998,67.20040151317278,NaN,NaN
1666980000,1528.3739668156927,1574.9,1528.3739668156927,1558.63,69.76108525455297,NaN,NaN
1666990800,1543.5019834078464,1564.39,1543.5019834078464,1557.58,69.26042630628365,NaN,NaN
1667001600,1550.5409917039233,1577.47,1547.66,1562.885,70.4156640063992,NaN,NaN
1667012400,1556.7129958519618,1604.9,1556.7129958519618,1581.6799999999998,74.12574202238136,NaN,NaN
1667023200,1569.1964979259808,1640.25,1569.1964979259808,1607.4175,78.16407027066865,NaN,NaN
1667034000,1588.3069989629903,1652.11,1588.3069989629903,1626.5,80.58372412358582,NaN,NaN
1667044800,1607.4034994814951,1643.99,1607.4034994814951,1621.6675,78.21987398127071,NaN,NaN
1667055600,1614.5354997407476,1663.06,1614.5354997407476,1631.32,79.51261566396454,NaN,NaN
1667066400,1622.9277498703736,1636.48,1617.65,1626.93,77.2664000807712,NaN,NaN
1667077200,1624.9288749351867,1631.73,1604.02,1620.3775,73.91020648871927,NaN,NaN
1667088000,1622.6531874675934,1624.41,1605.74,1616.5925,71.96563015666426,NaN,NaN
1667098800,1619.6228437337968,1627.45,1616.64,1621.535,72.96585735208365,NaN,NaN
1667109600,1620.5789218668983,1640.06,1612.22,1623.4650000000001,73.36547814676636,NaN,NaN
1667120400,1622.0219609334492,1622.0219609334492,1591.64,1608.3375,65.22676313553879,NaN,NaN
1667131200,1615.1797304667248,1615.1797304667248,1578.45,1597.5025,60.08538687174623,NaN,NaN
1667142000,1606.3411152333624,1606.3411152333624,1576.56,1590.52,56.96894895214528,NaN,NaN
1667152800,1598.4305576166812,1598.4305576166812,1583.08,1590.5800000000002,56.989592681801376,NaN,NaN
1667163600,1594.5052788083408,1598.46,1577.07,1590.1325000000002,56.77083768386992,NaN,NaN
1667174400,1592.3188894041705,1596.69,1561.52,1580.5674999999999,52.16198175741805,NaN,NaN
1667185200,1586.4431947020853,1596.21,1572.79,1582.945,53.17945851280122,NaN,NaN
1667196000,1584.6940973510427,1592.16,1578.41,1585.59,54.34291287152777,NaN,NaN
1667206800,1585.1420486755214,1635.8,1579.45,1604.7849999999999,61.76779249487643,NaN,NaN
1667217600,1594.9635243377606,1625.42,1545.43,1587.3325,53.28328863408288,NaN,NaN
1667228400,1591.1480121688803,1591.1480121688803,1551,1563.7125,44.3952180558446,NaN,NaN
1667239200,1577.4302560844403,1577.4302560844403,1557.8,1565.295,45.0564919331939,NaN,NaN
1667250000,1571.3626280422202,1577.75,1550.54,1566.4425,45.56204262034704,NaN,NaN
1667260800,1568.9025640211103,1600.46,1568.8,1585.0749999999998,53.10703989653511,NaN,NaN
1667271600,1576.988782010555,1604.73,1576.988782010555,1593.2075,55.97513113332913,NaN,NaN
1667282400,1585.0981410052775,1602.85,1585.0981410052775,1591.385,55.160905354471765,NaN,NaN
1667293200,1588.2415705026388,1612.92,1582.49,1593.3725,55.914042878439794,NaN,NaN
1667304000,1590.8070352513193,1598.39,1563.69,1580.4500000000003,50.03004592054142,NaN,NaN
1667314800,1585.6285176256597,1585.6285176256597,1567.56,1575.1375000000003,47.80292841128416,NaN,NaN
1667325600,1580.38300881283,1586.79,1573,1578.5075,49.343435168591036,NaN,NaN
1667336400,1579.445254406415,1583.02,1569.03,1576.5825,48.463565497658934,NaN,NaN
1667347200,1578.0138772032074,1593.21,1572.09,1583.4625,51.7734835925172,NaN,NaN
1667358000,1580.7381886016037,1600.2,1580.7381886016037,1590.375,54.90707707169567,NaN,NaN
1667368800,1585.5565943008019,1588.78,1554.09,1575.7025,47.80644699542521,NaN,NaN
1667379600,1580.6295471504009,1580.6295471504009,1536.25,1561.2150000000001,42.02717920442313,NaN,NaN
1667390400,1570.9222735752005,1570.9222735752005,1546.02,1557.3275,40.60856081469304,NaN,NaN
1667401200,1564.1248867876002,1576.06,1549.4,1561.54,42.85934947807976,NaN,NaN
1667412000,1562.8324433938,1621.68,1503,1549.1075,38.25183810241979,NaN,NaN
1667422800,1555.9699716969,1555.9699716969,1502.32,1513.925,28.812284656298914,NaN,NaN
1667433600,1534.94748584845,1549.99,1515.17,1531.77,37.26821377557244,NaN,NaN
1667444400,1533.358742924225,1559.01,1533.358742924225,1549.4850000000001,44.33681698639005,NaN,NaN
1667455200,1541.4218714621124,1555.17,1539.47,1547.545,43.75535355894884,NaN,NaN
1667466000,1544.4834357310563,1556.74,1523.1,1538.8949999999998,41.16316991836334,NaN,NaN
1667476800,1541.689217865528,1556,1522.05,1540.4475,41.8292696660448,NaN,NaN
1667487600,1541.068358932764,1554.8,1534.94,1545.6375,44.10733034971449,NaN,NaN
1667498400,1543.3529294663822,1548,1538.34,1542.0175000000002,42.84693602355372,NaN,NaN
1667509200,1542.685214733191,1543.9,1524.11,1534.9325000000001,40.41287542295091,NaN,NaN
1667520000,1538.8088573665955,1544.62,1528.4,1536.3275,41.122098687495,NaN,NaN
1667530800,1537.568178683298,1566.28,1537.568178683298,1551.875,48.48183080299091,NaN,NaN
1667541600,1544.721589341649,1588.32,1544.721589341649,1571.7424999999998,56.04323936975867,NaN,NaN
1667552400,1558.2320446708245,1600.28,1558.2320446708245,1583.04,59.668279697215105,NaN,NaN
1667563200,1570.6360223354122,1680,1556.2,1618.4724999999999,68.4549212132423,NaN,NaN
1667574000,1594.554261167706,1663.43,1594.554261167706,1638.6275,72.16914751306352,NaN,NaN
1667584800,1616.590880583853,1649.99,1616.590880583853,1633.9475,70.1050335124748,NaN,NaN
1667595600,1625.2691902919264,1654.77,1625.2691902919264,1646.2949999999998,72.35184255650623,NaN,NaN
1667606400,1635.782095145963,1666.97,1635.15,1648.9675,72.82785184657897,NaN,NaN
1667617200,1642.3747975729816,1654.77,1642.3747975729816,1648.4975,72.59115212255287,NaN,NaN
1667628000,1645.4361487864908,1658.72,1637.53,1646.5849999999998,71.5717855851079,NaN,NaN
1667638800,1646.0105743932454,1650.76,1636.47,1645.03,70.70243552001457,NaN,NaN
1667649600,1645.5202871966226,1650.23,1623.53,1638.1100000000001,66.81310477312401,NaN,NaN
1667660400,1641.8151435983114,1642.91,1628,1634.1475,64.62099641996238,NaN,NaN
1667671200,1637.9813217991557,1637.9813217991557,1624.89,1632.6925,63.79333244160972,NaN,NaN
1667682000,1635.336910899578,1635.336910899578,1621.42,1628.7675,61.50483204557614,NaN,NaN
1667692800,1632.052205449789,1633.51,1612.56,1622.3949999999998,57.87472439046853,NaN,NaN
1667703600,1627.2236027248944,1627.2236027248944,1612.3,1616.7625,54.7962392563567,NaN,NaN
1667714400,1621.9930513624472,1639.02,1614.52,1625.1625000000001,58.35405622713441,NaN,NaN
1667725200,1623.5777756812236,1634.63,1608.84,1623.8225000000002,57.57555842762655,NaN,NaN
1667736000,1623.700137840612,1631.59,1615.81,1623.54,57.401694538417665,NaN,NaN
1667746800,1623.620068920306,1634.96,1609.3,1621.6825000000001,56.19997693681511,NaN,NaN
1667757600,1622.651284460153,1622.651284460153,1603.25,1611.7849999999999,50.172633010974586,NaN,NaN
1667768400,1617.2181422300764,1617.2181422300764,1564.39,1589.3525,39.763562085823864,NaN,NaN
1667779200,1603.2853211150382,1603.2853211150382,1564.21,1580.1125000000002,36.41255598650169,NaN,NaN
1667790000,1591.6989105575192,1594.63,1576.15,1587.9299999999998,40.94688809997912,NaN,NaN
1667800800,1589.8144552787594,1589.8144552787594,1546.29,1573.085,35.73565289906966,NaN,NaN
1667811600,1581.4497276393797,1584.56,1563.88,1574.13,36.34975505818486,NaN,NaN
1667822400,1577.7898638196898,1589.73,1567.58,1577.455,38.36783331340551,NaN,NaN
1667833200,1577.6224319098449,1597.08,1572.37,1581.8849999999998,41.04960264779082,NaN,NaN
1667844000,1579.7537159549224,1608.04,1579.7537159549224,1595.1924999999999,48.323754595628536,NaN,NaN
1667854800,1587.473107977461,1604.51,1545.03,1579.8200000000002,41.89289901036379,NaN,NaN
1667865600,1583.6465539887306,1583.6465539887306,1537,1555.1825,34.06781240526534,NaN,NaN
1667876400,1569.4145269943651,1569.4145269943651,1431.82,1496.6775,23.05505743756936,NaN,NaN
1667887200,1533.0460134971827,1533.0460134971827,1466.42,1480.33,21.011221307917992,NaN,NaN
1667898000,1506.6880067485913,1506.6880067485913,1468.99,1481.73,21.651796739576824,NaN,NaN
1667908800,1494.2090033742957,1494.2090033742957,1422.94,1457.7900000000002,18.838407287330952,NaN,NaN
1667919600,1475.999501687148,1579.98,1426.16,1474.385,26.014986230479565,NaN,NaN
1667930400,1475.1922508435741,1475.1922508435741,1233,1364.705,15.966345818359898,NaN,NaN
1667941200,1419.948625421787,1419.948625421787,1300,1322.5425,13.765195575338723,NaN,NaN
1667952000,1371.2455627108934,1371.2455627108934,1293,1314.9875,13.408484456852861,NaN,NaN
1667962800,1343.1165313554466,1343.1165313554466,1283.37,1300.1425,12.711441596637698,NaN,NaN
1667973600,1321.6295156777232,1321.6295156777232,1250,1281.275,11.867054537936951,NaN,NaN
1667984400,1301.4522578388617,1301.4522578388617,1136.13,1220.9825,9.65898862428378,NaN,NaN
1667995200,1261.2173789194308,1261.2173789194308,1189.51,1221,9.664242601986771,NaN,NaN
1668006000,1241.1086894597154,1241.77,1149,1196.2975,8.879247442645593,NaN,NaN
1668016800,1218.7030947298576,1218.7030947298576,1143.43,1170.74,8.142343749184548,NaN,NaN
1668027600,1194.721547364929,1194.721547364929,1073.53,1126.7125,7.055964847792708,NaN,NaN
1668038400,1160.7170236824645,1165.08,1085.93,1125.9299999999998,7.0379916381645415,NaN,NaN
1668049200,1143.3235118412322,1200,1143.3235118412322,1170.6775,19.643474724845845,NaN,NaN
1668060000,1157.000505920616,1219.62,1157.000505920616,1198.67,26.369653895549703,NaN,NaN
1668070800,1177.835252960308,1219.1,1175.13,1199.29,26.51636824117969,NaN,NaN
1668081600,1188.562626480154,1329,1185.52,1256.4725,38.65689723771392,NaN,NaN
1668092400,1222.517563240077,1350,1222.517563240077,1295.1799999999998,45.25078515782052,NaN,NaN
1668103200,1258.8487816200384,1340,1250.32,1296.0024999999998,45.38512728333914,NaN,NaN
1668114000,1277.425640810019,1344.66,1277.425640810019,1316.2749999999999,48.724755672834874,NaN,NaN
1668124800,1296.8503204050094,1309.29,1242.35,1275.81,43.06418323817619,NaN,NaN
1668135600,1286.3301602025047,1286.3301602025047,1221.08,1253.6525,40.30312658832249,NaN,NaN
1668146400,1269.9913301012523,1294.35,1249.5,1272.7875,43.66243273195686,NaN,NaN
1668157200,1271.3894150506262,1292.6,1264.07,1278.5099999999998,44.66528666243414,NaN,NaN
1668168000,1274.949707525313,1310,1201.26,1262.29,42.363419127590646,NaN,NaN
1668178800,1268.6198537626565,1281.26,1233.24,1262.6975,42.443672764321164,NaN,NaN
1668189600,1265.6586768813281,1287,1237,1261.0774999999999,42.19215405533443,NaN,NaN
1668200400,1263.368088440664,1295,1245.6,1268.975,43.93636066284823,NaN,NaN
1668211200,1266.171544220332,1292.16,1265.35,1280.9,46.55842777558778,NaN,NaN
1668222000,1273.535772110166,1279.26,1238.7,1260.5449999999998,42.872563245332096,NaN,NaN
1668232800,1267.0403860550828,1277.57,1243.46,1257.5475000000001,42.34097582602929,NaN,NaN
1668243600,1262.2939430275414,1275,1252.29,1262.3625,43.551761903823845,NaN,NaN
1668254400,1262.3282215137706,1285.52,1253.06,1268.895,45.23209007432856,NaN,NaN
1668265200,1265.6116107568853,1282.98,1265.6116107568853,1275.0625,46.84101155057106,NaN,NaN
1668276000,1270.3370553784425,1274,1263,1269.0275,45.43448765146597,NaN,NaN
1668286800,1269.6822776892213,1269.6822776892213,1247.31,1259.3925,43.2039799141421,NaN,NaN
1668297600,1264.5373888446106,1268.93,1253.45,1261.9575,43.99227060736389,NaN,NaN
1668308400,1263.2474444223053,1274.23,1263.2474444223053,1267.6975000000002,45.80501593473481,NaN,NaN
1668319200,1265.4724722111528,1265.82,1222,1245.7649999999999,40.42154178861547,NaN,NaN
1668330000,1255.6187361055763,1255.6187361055763,1212,1232.815,37.61075466945207,NaN,NaN
1668340800,1244.2168680527882,1248.45,1233.01,1240.2075,40.168465652357725,NaN,NaN
1668351600,1242.212184026394,1242.212184026394,1220.01,1231.9850000000001,38.28826311660501,NaN,NaN
1668362400,1237.098592013197,1237.098592013197,1215.8,1223.835,36.46626036093069,NaN,NaN
1668373200,1230.4667960065985,1237,1200.66,1219.5725,35.514387041835604,NaN,NaN
1668384000,1225.0196480032992,1230.54,1171.13,1204.2575,32.256456135282605,NaN,NaN
1668394800,1214.6385740016494,1214.6385740016494,1175.43,1187.48,29.10638248417044,NaN,NaN
1668405600,1201.0592870008247,1276.26,1177.9,1224.3725,42.42187155032772,NaN,NaN
1668416400,1212.7158935004122,1269.99,1212.7158935004122,1259.01,51.61127465444473,NaN,NaN
1668427200,1235.862946750206,1291.2,1235,1257.585,51.248892127590096,NaN,NaN
1668438000,1246.723973375103,1255.37,1226.44,1243.6425,47.71852290746554,NaN,NaN
1668448800,1245.1832366875515,1246.48,1210.03,1228.355,44.128973220018985,NaN,NaN
1668459600,1236.7691183437757,1249.97,1213.82,1230.7575,44.831328917485145,NaN,NaN
1668470400,1233.7633091718878,1266,1233.7633091718878,1251.195,50.528680353319956,NaN,NaN
1668481200,1242.479154585944,1266.57,1242.479154585944,1255.4250000000002,51.64181514842877,NaN,NaN
1668492000,1248.952077292972,1279.3,1247.73,1262.435,53.50874445001512,NaN,NaN
1668502800,1255.693538646486,1278.05,1255,1266.9325,54.7166534935105,NaN,NaN
1668513600,1261.313019323243,1291,1257.79,1269.1799999999998,55.34108433260343,NaN,NaN
1668524400,1265.2465096616215,1275.83,1260,1267.61,54.77289100557275,NaN,NaN
1668535200,1266.4282548308106,1267.85,1234.01,1255.6425,50.515336811213615,NaN,NaN
1668546000,1261.0353774154053,1261.0353774154053,1241.46,1250.9499999999998,48.909958671877966,NaN,NaN
1668556800,1255.9926887077027,1268.67,1248.23,1257.585,51.26819807414773,NaN,NaN
1668567600,1256.7888443538513,1266.3,1253.66,1259.4225,51.92995315843947,NaN,NaN
1668578400,1258.1056721769255,1260.84,1228,1246.04,46.931414575935456,NaN,NaN
1668589200,1252.0728360884627,1252.0728360884627,1215,1229.0275,41.46700374693984,NaN,NaN
1668600000,1240.5501680442312,1240.5501680442312,1201.58,1216.0124999999998,37.83738102754205,NaN,NaN
1668610800,1228.2813340221155,1228.2813340221155,1187.06,1207.81,35.71558631554487,NaN,NaN
1668621600,1218.0456670110577,1218.59,1198.32,1211.1325,37.25054153648748,NaN,NaN
1668632400,1214.5890835055288,1221.73,1201.17,1212.9,38.0973369020215,NaN,NaN
1668643200,1213.7445417527645,1228.22,1207.28,1214.87,39.084050236351935,NaN,NaN
1668654000,1214.307270876382,1214.307270876382,1193.07,1206.0624999999998,36.298318569330036,NaN,NaN
1668664800,1210.184885438191,1218.05,1195.78,1207.1525,36.89775489692998,NaN,NaN
1668675600,1208.6686927190954,1208.6686927190954,1181.05,1198.2024999999999,34.06335692226942,NaN,NaN
1668686400,1203.4355963595476,1204.76,1184,1196.275,33.46709788288784,NaN,NaN
1668697200,1199.8552981797739,1217.89,1187.32,1202.255,37.14322968539901,NaN,NaN
1668708000,1201.055149089887,1214.98,1199.09,1206.685,39.79698029883752,NaN,NaN
1668718800,1203.8700745449435,1210,1196.27,1202.0275,37.98141048056111,NaN,NaN
1668729600,1202.9487872724717,1234,1199.18,1215.0375000000001,45.46556535366874,NaN,NaN
1668740400,1208.9931436362358,1230.16,1208.9931436362358,1222.48,49.239327132139834,NaN,NaN
1668751200,1215.736571818118,1221.23,1205.05,1214.3274999999999,45.523179958824414,NaN,NaN
1668762000,1215.0320359090588,1226.01,1211.5,1216.9524999999999,46.91248114862,NaN,NaN
1668772800,1215.9922679545293,1227.81,1210.89,1217.6000000000001,47.269704640396384,NaN,NaN
1668783600,1216.7961339772646,1216.7961339772646,1200.36,1208.4875,42.89510996031927,NaN,NaN
1668794400,1212.6418169886324,1214.08,1202.38,1207.6725000000001,42.516132453846616,NaN,NaN
1668805200,1210.1571584943163,1214.97,1206.03,1210.9075,44.60809223686493,NaN,NaN
1668816000,1210.532329247158,1213.48,1201,1208.4724999999999,43.32987648239067,NaN,NaN
1668826800,1209.502414623579,1209.75,1197.67,1204.805,41.40543924202768,NaN,NaN
1668837600,1207.1537073117895,1212.41,1202.25,1207.4375,43.350336121706974,NaN,NaN
1668848400,1207.2956036558949,1211.45,1207.11,1210.0324999999998,45.27852999139662,NaN,NaN
1668859200,1208.6640518279473,1212.09,1205.83,1209.3175,44.82580463697553,NaN,NaN
1668870000,1208.9907759139737,1211.7,1206.92,1208.6375,44.37140991125072,NaN,NaN
1668880800,1208.814137956987,1211.48,1207.26,1209.005,44.69768327993394,NaN,NaN
1668891600,1208.9095689784936,1235,1208.9095689784936,1217.7975000000001,51.95783739584907,NaN,NaN
1668902400,1213.3535344892468,1227.07,1213.3535344892468,1220.1425,53.703521379475745,NaN,NaN
1668913200,1216.7480172446235,1220.92,1215.33,1218.5075,52.27720767822891,NaN,NaN
1668924000,1217.6277586223118,1223.26,1203.94,1213.5700000000002,48.12079096300256,NaN,NaN
1668934800,1215.598879311156,1215.598879311156,1160,1186.7475,32.84382145693148,NaN,NaN
1668945600,1201.173189655578,1201.173189655578,1153,1168.4524999999999,26.63307720870708,NaN,NaN
1668956400,1184.812844827789,1184.812844827789,1169.53,1173.705,30.685655506126423,NaN,NaN
1668967200,1179.2589224138944,1190,1171.54,1177.9524999999999,33.866934616323164,NaN,NaN
1668978000,1178.605711206947,1178.605711206947,1132.65,1157.4475000000002,27.342681201185684,NaN,NaN
1668988800,1168.0266056034736,1168.0266056034736,1111.18,1130.0700000000002,21.41171890767214,NaN,NaN
1668999600,1149.048302801737,1149.048302801737,1111.11,1127.47,20.947021147740543,NaN,NaN
1669010400,1138.2591514008686,1138.32,1117.01,1127.975,21.304271707608166,NaN,NaN
1669021200,1133.1170757004343,1133.1170757004343,1105.65,1120.7624999999998,19.919696570678,NaN,NaN
1669032000,1126.939787850217,1146.99,1115.1,1130.3825,26.75707252093079,NaN,NaN
1669042800,1128.6611439251085,1137.25,1099,1119.1025,24.152997469065966,NaN,NaN
1669053600,1123.881821962554,1123.881821962554,1079.76,1101.1775000000002,20.70460560777059,NaN,NaN
1669064400,1112.5296609812772,1123.27,1082.36,1104.4775,22.88738803271589,NaN,NaN
1669075200,1108.5035804906386,1117.29,1097.02,1107.7375,25.081407310268133,NaN,NaN
1669086000,1108.1205402453193,1112.21,1096.4,1104.2600000000002,24.287566803816276,NaN,NaN
1669096800,1106.1902701226597,1106.1902701226597,1075,1090.7125,21.440527139952323,NaN,NaN
1669107600,1098.4513850613298,1098.4513850613298,1077.09,1086.4125,20.614532957407718,NaN,NaN
1669118400,1092.4319425306649,1142.5,1079,1107.21,33.88201478929402,NaN,NaN
1669129200,1099.8209712653324,1146.13,1099.8209712653324,1124.8575,42.64191014807177,NaN,NaN
1669140000,1112.3392356326663,1138,1112.3392356326663,1124.545,42.534444024844646,NaN,NaN
1669150800,1118.4421178163332,1142.36,1118.4421178163332,1133.1625,46.53585801981915,NaN,NaN
1669161600,1125.8023089081667,1167.28,1125.8023089081667,1149.5375,53.20392565307516,NaN,NaN
1669172400,1137.6699044540833,1171.45,1137.6699044540833,1162.7175000000002,57.76937651680985,NaN,NaN
1669183200,1150.1937022270417,1175,1150.1937022270417,1163.6875,58.093415695072544,NaN,NaN
1669194000,1156.9406011135209,1184.25,1156.9406011135209,1171.3375,60.657356258974175,NaN,NaN
1669204800,1164.1390505567606,1178,1153.67,1168.1475,59.03535277280374,NaN,NaN
1669215600,1166.1432752783803,1172.03,1150.6,1160.665,55.29997954274268,NaN,NaN
1669226400,1163.4041376391901,1189.75,1153.11,1168.0524999999998,58.11763865839251,NaN,NaN
1669237200,1165.728318819595,1190,1165.728318819595,1179.4775,62.096870109306884,NaN,NaN
1669248000,1172.6029094097976,1210,1172.6029094097976,1193.825,66.41255491424648,NaN,NaN
1669258800,1183.2139547048987,1205.94,1183.2139547048987,1201.075,68.37225380310358,NaN,NaN
1669269600,1192.1444773524495,1217.71,1192.1444773524495,1203.1100000000001,68.92040307937806,NaN,NaN
1669280400,1197.6272386762248,1204.35,1191.52,1197.855,65.7513586953811,NaN,NaN
1669291200,1197.7411193381124,1203.92,1185.96,1194.865,63.94958034934909,NaN,NaN
1669302000,1196.3030596690562,1208.22,1190,1198.07,65.0549901919761,NaN,NaN
1669312800,1197.186529834528,1206.88,1196.64,1200.4650000000001,65.89652825214901,NaN,NaN
1669323600,1198.8257649172642,1206.17,1193.78,1200.4450000000002,65.88226014878964,NaN,NaN
1669334400,1199.6353824586322,1204.98,1180,1194,61.27774312064344,NaN,NaN
1669345200,1196.817691229316,1196.817691229316,1171.2,1180.235,52.79146458673975,NaN,NaN
1669356000,1188.526345614658,1188.526345614658,1171.9,1178.2675,51.68956851264175,NaN,NaN
1669366800,1183.396922807329,1198.98,1175.6,1187.1825,56.15523197930951,NaN,NaN
1669377600,1185.2897114036646,1200.12,1181.09,1191.9074999999998,58.35257749845417,NaN,NaN
1669388400,1188.5986057018322,1195.7,1183,1190.8325,57.644743173183564,NaN,NaN
1669399200,1189.715552850916,1207.77,1189.19,1197.0300000000002,60.61119395032935,NaN,NaN
1669410000,1193.3727764254581,1203.84,1193.3727764254581,1199.63,61.819327369661174,NaN,NaN
1669420800,1196.5013882127291,1228.67,1196.5013882127291,1210.7475,66.54459914948993,NaN,NaN
1669431600,1203.6244441063645,1225.78,1203.6244441063645,1219.63,69.76430324379662,NaN,NaN
1669442400,1211.6272220531823,1221.05,1211.6272220531823,1217.56,68.11903016744274,NaN,NaN
1669453200,1214.5936110265911,1227.76,1214.5936110265911,1220.5,69.22899218721577,NaN,NaN
1669464000,1217.5468055132956,1235.66,1209.02,1220.165,68.93448541075274,NaN,NaN
1669474800,1218.8559027566478,1218.8559027566478,1206.27,1212.465,62.367087265753696,NaN,NaN
1669485600,1215.6604513783238,1215.6604513783238,1201.88,1209.2075,59.772681333020124,NaN,NaN
1669496400,1212.4339756891618,1212.71,1196.2,1205.6574999999998,56.99032827385404,NaN,NaN
1669507200,1209.0457378445808,1216.56,1204.31,1210.4575,59.72050690826148,NaN,NaN
1669518000,1209.7516189222904,1223.33,1209.7516189222904,1217.365,63.32813887702689,NaN,NaN
1669528800,1213.5583094611452,1222.47,1210.76,1215.4575,61.68510368446113,NaN,NaN
1669539600,1214.5079047305726,1220.99,1209.58,1214.4025000000001,60.74636858142973,NaN,NaN
1669550400,1214.4552023652864,1218.68,1210.68,1214.3825,60.727501253837445,NaN,NaN
1669561200,1214.4188511826433,1220.8,1207.47,1214.1950000000002,60.537668250792755,NaN,NaN
1669572000,1214.3069255913217,1218.54,1211.11,1214.7125,60.90095223540738,NaN,NaN
1669582800,1214.509712795661,1218.51,1188.65,1203.6475,50.249253575826884,NaN,NaN
1669593600,1209.0786063978305,1209.0786063978305,1158.12,1178.7649999999999,35.29813161130238,NaN,NaN
1669604400,1193.9218031989153,1193.9218031989153,1163.04,1168.395,31.139713033420534,NaN,NaN
1669615200,1181.1584015994576,1181.1584015994576,1167.26,1171.395,33.577625254967515,NaN,NaN
1669626000,1176.2767007997288,1176.5,1164.02,1171.4325,33.609266342382924,NaN,NaN
1669636800,1173.8546003998645,1182.71,1162.91,1170.7075,33.27919995379696,NaN,NaN
1669647600,1172.2810501999322,1184.98,1151.02,1168.7475,32.35412965203284,NaN,NaN
1669658400,1170.5142750999662,1175.47,1165.52,1171.9475,35.50621741616531,NaN,NaN
1669669200,1171.230887549983,1175.17,1167,1171.1525000000001,35.06901513882251,NaN,NaN
1669680000,1171.1916937749916,1189.99,1158.27,1174.65,38.64817246862333,NaN,NaN
1669690800,1172.9208468874958,1215,1172.9208468874958,1196.835,55.43052137743985,NaN,NaN
1669701600,1184.877923443748,1223,1184.877923443748,1212.3925,63.06134448330401,NaN,NaN
1669712400,1198.635211721874,1222.5,1198.635211721874,1216.5125,64.78104336147592,NaN,NaN
1669723200,1207.5738558609369,1218.83,1202.96,1211.1275,60.79697768376361,NaN,NaN
1669734000,1209.3506779304685,1217.61,1202.97,1208.76,59.07675701652635,NaN,NaN
1669744800,1209.0553389652341,1228.37,1207.19,1216.775,62.90353223022369,NaN,NaN
1669755600,1212.915169482617,1226.97,1212.915169482617,1220.3274999999999,64.4885934047895,NaN,NaN
1669766400,1216.6213347413086,1283.47,1212.5,1245.87,73.31669142305248,NaN,NaN
1669777200,1231.2456673706542,1274.8,1231.2456673706542,1270.23,78.74394886701774,NaN,NaN
1669788000,1250.7378336853271,1277.34,1250.7378336853271,1270.6975,78.8329284848492,NaN,NaN
1669798800,1260.7176668426637,1269.29,1260.7176668426637,1266.395,75.69252889164449,NaN,NaN
1669809600,1263.5563334213318,1272.5,1255.1,1265.29,74.86763619950959,NaN,NaN
1669820400,1264.423166710666,1279.4,1261.24,1268.3899999999999,75.66874776389851,NaN,NaN
1669831200,1266.406583355333,1300,1258.57,1279.99,78.43837957356011,NaN,NaN
1669842000,1273.1982916776665,1309.77,1273.1982916776665,1296.8125,81.6929468347905,NaN,NaN
1669852800,1285.0053958388332,1295.88,1281.2,1289.56,76.3428446462617,NaN,NaN
1669863600,1287.2826979194165,1291,1276.13,1284.0825,72.48196042503288,NaN,NaN
1669874400,1285.6825989597082,1286.33,1277.28,1282.475,71.34167126001564,NaN,NaN
1669885200,1284.078799479854,1285.08,1277.58,1282.3474999999999,71.24593222925873,NaN,NaN
1669896000,1283.2131497399268,1299.9,1269.49,1283.0725,71.48030284562734,NaN,NaN
1669906800,1283.1428248699635,1284.8,1262.77,1275.5925,65.54438805666828,NaN,NaN
1669917600,1279.3676624349819,1279.3676624349819,1271.72,1274.3425,64.57925453501076,NaN,NaN
1669928400,1276.8550812174908,1283.94,1267.06,1274.8825,64.82025231251174,NaN,NaN
1669939200,1275.8687906087453,1284.75,1265.24,1274.565,64.54219538007443,NaN,NaN
1669950000,1275.2168953043727,1275.29,1268,1272.07,62.28124114144903,NaN,NaN
1669960800,1273.6434476521863,1280,1270.84,1275.29,64.03241521891532,NaN,NaN
1669971600,1274.4667238260931,1294.53,1274.4667238260931,1284.2024999999999,68.40482666768273,NaN,NaN
1669982400,1279.3346119130465,1297.18,1268,1283.4325,67.63978022462689,NaN,NaN
1669993200,1281.3835559565232,1286.66,1274.29,1280.095,64.28381149840914,NaN,NaN
1670004000,1280.7392779782617,1293.85,1278.95,1285.9299999999998,67.33521596613778,NaN,NaN
1670014800,1283.3346389891308,1296.97,1283.3346389891308,1293.39,70.77316270108027,NaN,NaN
1670025600,1288.3623194945653,1309,1284.31,1293.995,71.03937524139957,NaN,NaN
1670036400,1291.1786597472826,1291.1786597472826,1282.43,1287.1275,63.921923965715834,NaN,NaN
1670047200,1289.1530798736412,1289.1530798736412,1266.79,1278.385,56.20222234582307,NaN,NaN
1670058000,1283.7690399368207,1283.7690399368207,1260.54,1268.4425,48.96051026969098,NaN,NaN
1670068800,1276.1057699684104,1276.1057699684104,1266.52,1269.565,49.747770892443306,NaN,NaN
1670079600,1272.8353849842051,1275.2,1264.28,1269.83,49.94406712876177,NaN,NaN
1670090400,1271.3326924921025,1271.48,1261.43,1267.0975,47.86772732232211,NaN,NaN
1670101200,1269.2150962460514,1269.2150962460514,1236.26,1251.5375000000001,38.1432489942268,NaN,NaN
1670112000,1260.3762981230257,1263.73,1240.1,1250.985,37.84922157668725,NaN,NaN
1670122800,1255.6806490615127,1267.35,1255.13,1260.54,45.651804107556956,NaN,NaN
1670133600,1258.1103245307563,1263.65,1253.07,1258.8,44.55484613941792,NaN,NaN
1670144400,1258.455162265378,1261.86,1251.64,1256.7125,43.21328268245779,NaN,NaN
1670155200,1257.583831132689,1261.56,1249.65,1256.425,43.021153043784906,NaN,NaN
1670166000,1257.0044155663445,1269.97,1256.65,1263.78,49.23895867110378,NaN,NaN
1670176800,1260.3922077831721,1283,1260.3922077831721,1274.085,56.415363302457145,NaN,NaN
1670187600,1267.238603891586,1287.19,1267.238603891586,1279.1200000000001,59.43311962552753,NaN,NaN
1670198400,1273.1793019457932,1297.58,1273.1793019457932,1286.4524999999999,63.40676266416209,NaN,NaN
1670209200,1279.8159009728965,1304.77,1279.8159009728965,1295.995,67.82394042695012,NaN,NaN
1670220000,1287.9054504864482,1305.11,1287.9054504864482,1299.44,69.26629077533111,NaN,NaN
1670230800,1293.6727252432242,1301.91,1291.86,1297.6375,67.55982664658987,NaN,NaN
1670241600,1295.6551126216123,1295.6551126216123,1280.94,1289.0775,60.00003370174262,NaN,NaN
1670252400,1292.366306310806,1292.366306310806,1253.12,1272.0149999999999,48.379278673131836,NaN,NaN
1670263200,1282.190653155403,1282.190653155403,1246.61,1259.525,41.971060976545225,NaN,NaN
1670274000,1270.8578265777014,1270.8578265777014,1255,1257.8875,41.20054023752726,NaN,NaN
1670284800,1264.3726632888506,1270.08,1259.38,1263.595,44.991208536016266,NaN,NaN
1670295600,1263.9838316444252,1268.61,1256,1261.7175,43.98663463224579,NaN,NaN
1670306400,1262.8506658222127,1264.97,1254.4,1259.7075,42.882715384559475,NaN,NaN
1670317200,1261.2790829111063,1263.08,1242,1255.965,40.82811964351283,NaN,NaN
1670328000,1258.6220414555532,1262.16,1249.34,1254.7150000000001,40.136423015429244,NaN,NaN
1670338800,1256.6685207277767,1259.24,1244.92,1251.785,38.4903451464878,NaN,NaN
1670349600,1254.2267603638884,1255,1241.56,1250.32,37.658711868969235,NaN,NaN
1670360400,1252.273380181944,1274.76,1251.81,1262.73,47.92331622917318,NaN,NaN
1670371200,1257.501690090972,1278.69,1257.501690090972,1269.6,52.57825148487778,NaN,NaN
1670382000,1263.5508450454859,1265.58,1258.46,1262.4724999999999,47.8040555478354,NaN,NaN
1670392800,1263.0116725227429,1263.0116725227429,1218.01,1241.9975,37.320418583248596,NaN,NaN
1670403600,1252.5045862613715,1252.5045862613715,1223.12,1226.96,31.80391149458262,NaN,NaN
1670414400,1239.7322931306858,1239.94,1219.21,1229.38,33.50730894661153,NaN,NaN
1670425200,1234.556146565343,1236,1227,1231.8725,35.299838709085094,NaN,NaN
1670436000,1233.2143232826716,1237.48,1228.16,1232.1225,35.48769448528253,NaN,NaN
1670446800,1232.6684116413358,1234.81,1222.1,1229.96,34.55313397735421,NaN,NaN
1670457600,1231.314205820668,1238.93,1222.01,1231.2575,35.6481652116091,NaN,NaN
1670468400,1231.285852910334,1236.07,1225.86,1230.9225,35.48309024736423,NaN,NaN
1670479200,1231.104176455167,1235.78,1224.64,1230.7450000000001,35.38958032934535,NaN,NaN
1670490000,1230.9245882275836,1245.41,1228.2,1236.9325,41.20618344199527,NaN,NaN
1670500800,1233.9285441137918,1248.75,1233.9285441137918,1243.1675,46.43884594663622,NaN,NaN
1670511600,1238.548022056896,1256.38,1238.548022056896,1250.9850000000001,52.18493009947342,NaN,NaN
1670522400,1244.766511028448,1292.58,1244.766511028448,1269.5625,62.484830638136174,NaN,NaN
1670533200,1257.164505514224,1286.44,1257.164505514224,1280.5025,66.99381108877239,NaN,NaN
1670544000,1268.833502757112,1290.91,1268.833502757112,1281.3200000000002,67.30999628583946,NaN,NaN
1670554800,1275.076751378556,1285.91,1275.076751378556,1282.1100000000001,67.63267989719415,NaN,NaN
1670565600,1278.5933756892782,1283.7,1277.5,1280.585,66.2727259278906,NaN,NaN
1670576400,1279.5891878446391,1292.95,1279.47,1285.1100000000001,68.30900329458635,NaN,NaN
1670587200,1282.3495939223196,1296.64,1250,1276.8600000000001,61.069629134497085,NaN,NaN
1670598000,1279.60479696116,1279.60479696116,1271.2,1274.07,58.800098413670675,NaN,NaN
1670608800,1276.8373984805799,1276.8373984805799,1260.32,1267.7575,53.91779487439192,NaN,NaN
1670619600,1272.29744924029,1272.29744924029,1255.83,1261.685,49.64716446007132,NaN,NaN
1670630400,1266.991224620145,1268.6,1261.52,1264.19,51.3587152601815,NaN,NaN
1670641200,1265.5906123100726,1266.37,1262.13,1263.78,51.0528384414927,NaN,NaN
1670652000,1264.6853061550364,1266.67,1262.55,1263.9050000000002,51.148364610255484,NaN,NaN
1670662800,1264.2951530775183,1267.67,1259.6,1264.1924999999999,51.38337775243112,NaN,NaN
1670673600,1264.243826538759,1274.23,1263.61,1268.9299999999998,55.20735912184098,NaN,NaN
1670684400,1266.5869132693795,1283.61,1266.48,1272.32,57.767216950521316,NaN,NaN
1670695200,1269.4534566346897,1274.17,1267.49,1270.5774999999999,55.99579364595063,NaN,NaN
1670706000,1270.0154783173448,1273.47,1261.95,1268.73,54.1015031338018,NaN,NaN
1670716800,1269.3727391586724,1271.84,1265.4,1268.395,53.74645596394765,NaN,NaN
1670727600,1268.883869579336,1278.13,1268.883869579336,1273.23,58.027752446574596,NaN,NaN
1670738400,1271.056934789668,1278.08,1271.056934789668,1275.1725000000001,59.64392755841005,NaN,NaN
1670749200,1273.114717394834,1274.24,1270.82,1273.165,57.192903665322206,NaN,NaN
1670760000,1273.139858697417,1275.98,1269.1,1272.775,56.70537598166853,NaN,NaN
1670770800,1272.9574293487085,1275.81,1271,1273.4125,57.3454392066841,NaN,NaN
1670781600,1273.1849646743542,1284.75,1262.72,1271.83,55.16520884845458,NaN,NaN
1670792400,1272.507482337177,1272.507482337177,1255.85,1263.3725,45.26117165616936,NaN,NaN
1670803200,1267.9399911685884,1267.9399911685884,1240.55,1252.8325,36.472947182365985,NaN,NaN
1670814000,1260.386245584294,1260.386245584294,1240.03,1245.0175,31.577170337729612,NaN,NaN
1670824800,1252.701872792147,1252.701872792147,1242.02,1246.565,33.48123329228898,NaN,NaN
1670835600,1249.6334363960736,1257.29,1247.7,1251.8425000000002,39.64924575547833,NaN,NaN
1670846400,1250.737968198037,1256.46,1243.58,1251.4125,39.32925190184688,NaN,NaN
1670857200,1251.0752340990184,1254.94,1248.72,1252.17,40.24417754415928,NaN,NaN
1670868000,1251.6226170495092,1267.13,1251.6226170495092,1259.855,48.69688941640945,NaN,NaN
1670878800,1255.7388085247546,1278.9,1255.7388085247546,1271.8049999999998,58.52208988251579,NaN,NaN
1670889600,1263.7719042623771,1278.47,1263.7719042623771,1272.71,59.15998455821333,NaN,NaN
1670900400,1268.2409521311886,1275.2,1267.35,1271.495,57.873153190973845,NaN,NaN
1670911200,1269.8679760655941,1274.33,1255.1,1266.7275,53.001453864728454,NaN,NaN
1670922000,1268.297738032797,1290,1264.6,1276.6725,60.475683960033564,NaN,NaN
1670932800,1272.4851190163986,1349,1272.4851190163986,1313.74,75.87545714946171,NaN,NaN
1670943600,1293.1125595081994,1336.75,1293.1125595081994,1320.585,77.6103108799138,NaN,NaN
1670954400,1306.8487797540997,1320.88,1306.62,1313.3275,71.72120171239109,NaN,NaN
1670965200,1310.0881398770498,1323.67,1310.0881398770498,1319.2825000000003,73.49819213717922,NaN,NaN
1670976000,1314.685319938525,1327,1314.685319938525,1321.1275,74.04242841285956,NaN,NaN
1670986800,1317.9064099692625,1324.58,1315.72,1320.1625000000001,73.19575965684498,NaN,NaN
1670997600,1319.0344549846313,1326.87,1319.0344549846313,1322.7575000000002,74.054936091007,NaN,NaN
1671008400,1320.8959774923158,1329,1319.32,1324.7375,74.72075401223286,NaN,NaN
1671019200,1322.8167387461579,1342.5,1322.8167387461579,1333.6375,77.5140758509924,NaN,NaN
1671030000,1328.227119373079,1344.51,1328.227119373079,1338.4125,78.86352777462534,NaN,NaN
1671040800,1333.3198096865394,1352.72,1301,1324.325,66.2343472175943,NaN,NaN
1671051600,1328.8224048432699,1328.8224048432699,1306.81,1309.4475,56.02970025904296,NaN,NaN
1671062400,1319.1349524216348,1319.1349524216348,1281.12,1297.7825,49.57972163101728,NaN,NaN
1671073200,1308.4587262108175,1308.4587262108175,1288.52,1291.0225,46.25649946190026,NaN,NaN
1671084000,1299.7406131054088,1299.7406131054088,1283.7,1287.4524999999999,44.557917978025486,NaN,NaN
1671094800,1293.5965565527044,1293.5965565527044,1282.79,1287.3,44.48277441231228,NaN,NaN
1671105600,1290.448278276352,1291.28,1263.44,1278.995,40.47915468256746,NaN,NaN
1671116400,1284.721639138176,1284.721639138176,1265.24,1269.845,36.57350182378861,NaN,NaN
1671127200,1277.283319569088,1277.283319569088,1264.76,1270.5575,37.08257661533157,NaN,NaN
1671138000,1273.920409784544,1273.920409784544,1259.27,1267.3600000000001,35.69785231360636,NaN,NaN
1671148800,1270.640204892272,1273.87,1265.65,1268.98,36.98180353855052,NaN,NaN
1671159600,1269.8101024461362,1272.23,1267.71,1270.21,37.99415303633086,NaN,NaN
1671170400,1270.010051223068,1280.06,1241.22,1259.2375,32.91447085277525,NaN,NaN
1671181200,1264.623775611534,1264.623775611534,1205.5,1226.8899999999999,23.10658578775829,NaN,NaN
1671192000,1245.7568878057668,1245.7568878057668,1195.04,1210.1675,19.81875131349331,NaN,NaN
1671202800,1227.9621939028834,1227.9621939028834,1183.37,1201.54,18.36672546720507,NaN,NaN
1671213600,1214.7510969514417,1214.7510969514417,1192.58,1200.685,18.224226084368865,NaN,NaN
1671224400,1207.718048475721,1207.718048475721,1155.32,1183.0149999999999,15.540694083604151,NaN,NaN
1671235200,1195.3665242378604,1195.3665242378604,1161.92,1169.5275000000001,13.86271835189794,NaN,NaN
1671246000,1182.4470121189302,1182.4470121189302,1171.59,1176.225,18.564832889442187,NaN,NaN
1671256800,1179.336006059465,1185.46,1173.48,1179.1075,20.57440590678364,NaN,NaN
1671267600,1179.2217530297326,1188.62,1173.89,1180.7075,21.728996594225777,NaN,NaN
1671278400,1179.9646265148663,1182.68,1174.86,1178.67,21.304282370190677,NaN,NaN
1671289200,1179.3173132574332,1181.9,1171.36,1176.1625,20.766328710803094,NaN,NaN
1671300000,1177.7399066287167,1179.83,1173.07,1176.2124999999999,20.80926910764832,NaN,NaN
1671310800,1176.9762033143584,1190.03,1176.17,1182.755,26.427867961960757,NaN,NaN
1671321600,1179.8656016571792,1188.8,1179.8656016571792,1185.715,28.886198265549027,NaN,NaN
1671332400,1182.7903008285896,1199.54,1182.7903008285896,1189.695,32.168181784675866,NaN,NaN
1671343200,1186.2426504142948,1188.4,1183.16,1186.5475000000001,30.951622522449725,NaN,NaN
1671354000,1186.3950752071473,1187.66,1170.32,1181.9225,29.203877951788854,NaN,NaN
1671364800,1184.1587876035737,1184.1587876035737,1173.39,1178.61,27.985031022874466,NaN,NaN
1671375600,1181.3843938017867,1181.3843938017867,1173.42,1176.2375,27.11224235636,NaN,NaN
1671386400,1178.8109469008932,1191.08,1175.1,1182.5275,33.07189492423575,NaN,NaN
1671397200,1180.6692234504467,1194.5,1180.64,1185.9575,36.13833679052903,NaN,NaN
1671408000,1183.3133617252233,1195,1181.47,1185.8249999999998,36.06958661469274,NaN,NaN
1671418800,1184.5691808626116,1184.5691808626116,1174,1180.3,33.23071094642468,NaN,NaN
1671429600,1182.4345904313059,1184.09,1177.62,1181.125,34.065210637441155,NaN,NaN
1671440400,1181.779795215653,1188.38,1181.779795215653,1184.44,37.44822124716071,NaN,NaN
1671451200,1183.1098976078265,1189.54,1177.56,1184.2,37.29901106990196,NaN,NaN
1671462000,1183.6549488039132,1188.34,1164.98,1178.325,33.75358472232831,NaN,NaN
1671472800,1180.9899744019567,1180.9899744019567,1167.14,1173.7125,31.242667213781942,NaN,NaN
1671483600,1177.3512372009784,1181.34,1150.51,1168.98,28.869689891412364,NaN,NaN
1671494400,1173.1656186004893,1198.14,1163.12,1180.5349999999999,40.71063333334835,NaN,NaN
1671505200,1176.8503093002446,1215.28,1176.8503093002446,1201.2775000000001,55.1455171019084,NaN,NaN
1671516000,1189.0639046501224,1213.87,1189.0639046501224,1209.7075,59.464874686225926,NaN,NaN
1671526800,1199.3857023250612,1219.08,1199.3857023250612,1212.4975,60.80996147564194,NaN,NaN
1671537600,1205.9416011625306,1224.43,1204.16,1214.7575,61.91249111921582,NaN,NaN
1671548400,1210.3495505812652,1230.47,1198.2,1214.8225,61.94565065838047,NaN,NaN
1671559200,1212.5860252906327,1219.99,1209.23,1213.67,60.93269928831597,NaN,NaN
1671570000,1213.1280126453164,1221,1211.6,1215.6325,62.070098459006736,NaN,NaN
1671580800,1214.3802563226582,1218.96,1206.81,1213.31,59.8493977707467,NaN,NaN
1671591600,1213.845128161329,1213.845128161329,1203.02,1209.255,56.07704309984272,NaN,NaN
1671602400,1211.5500640806645,1218.97,1207.46,1213.1325,58.75422472459258,NaN,NaN
1671613200,1212.3412820403323,1219.17,1212.3412820403323,1216.1924999999999,60.785582131576426,NaN,NaN
1671624000,1214.266891020166,1223.39,1205.16,1214.0675,58.62624170168623,NaN,NaN
1671634800,1214.167195510083,1216.22,1207,1211.48,56.01681526706778,NaN,NaN
1671645600,1212.8235977550416,1212.8235977550416,1206.42,1210.0925,54.613074393722634,NaN,NaN
1671656400,1211.458048877521,1215.07,1208.27,1211.71,55.99741421153162,NaN,NaN
1671667200,1211.5840244387605,1218.21,1211.5840244387605,1214.6025,58.43867986199155,NaN,NaN
1671678000,1213.0932622193802,1215.71,1209.65,1212.77,56.30731898068529,NaN,NaN
1671688800,1212.93163110969,1218.86,1209.52,1213.725,57.18373329576074,NaN,NaN
1671699600,1213.328315554845,1221.63,1213.328315554845,1217.1925,60.29770167529451,NaN,NaN
1671710400,1215.2604077774226,1218.56,1190.69,1204.915,47.20636203151213,NaN,NaN
1671721200,1210.0877038887113,1210.0877038887113,1182.54,1188.9775,36.21470397011903,NaN,NaN
1671732000,1199.5326019443555,1237.99,1185.61,1207.07,50.348482201497696,NaN,NaN
1671742800,1203.3013009721776,1218.95,1203.3013009721776,1216.79,55.9905235694214,NaN,NaN
1671753600,1210.0456504860888,1228,1210.0456504860888,1221.2725,58.341488761988145,NaN,NaN
1671764400,1215.6590752430443,1229.35,1215.6590752430443,1223.8425,59.67166088563834,NaN,NaN
1671775200,1219.7507876215222,1222.78,1215.78,1219.5524999999998,56.43243144058419,NaN,NaN
1671786000,1219.651643810761,1226.37,1216.9,1221.1875,57.381968928404014,NaN,NaN
1671796800,1220.4195719053805,1231.99,1210,1220.07,56.47597150881627,NaN,NaN
1671807600,1220.24478595269,1224.47,1214.09,1218.1725000000001,54.8911768709609,NaN,NaN
1671818400,1219.2086429763451,1221.21,1216.92,1219.2,55.61746034417287,NaN,NaN
1671829200,1219.2043214881726,1222.49,1217.21,1219.8775,56.119146233821034,NaN,NaN
1671840000,1219.5409107440864,1221.2,1215.15,1218.2725,54.54612684696171,NaN,NaN
1671850800,1218.9067053720432,1219.03,1215.03,1216.9025,53.17597501603979,NaN,NaN
1671861600,1217.9046026860215,1221.01,1214.69,1217.695,53.8974039326104,NaN,NaN
1671872400,1217.7998013430106,1220.16,1216.79,1218.69,54.83821919645592,NaN,NaN
1671883200,1218.2449006715053,1219.54,1217.78,1218.8125,54.96008286489647,NaN,NaN
1671894000,1218.5287003357525,1220.23,1217.63,1219.025,55.185987193143426,NaN,NaN
1671904800,1218.7768501678763,1227.99,1218.7768501678763,1222.3725,58.70014925524947,NaN,NaN
1671915600,1220.574675083938,1222.59,1218.02,1220.72,56.35097645488375,NaN,NaN
1671926400,1220.6473375419691,1224.31,1219.77,1221.1625,56.84896966169879,NaN,NaN
1671937200,1220.9049187709845,1222.27,1215.69,1219.255,53.98944589176204,NaN,NaN
1671948000,1220.0799593854922,1220.82,1218.01,1219.45,54.242833274926895,NaN,NaN
1671958800,1219.7649796927462,1222.34,1217.34,1219.3174999999999,54.025117851697885,NaN,NaN
1671969600,1219.5412398463732,1219.5412398463732,1193.18,1211.01,42.505645202898684,NaN,NaN
1671980400,1215.2756199231867,1217.66,1207.02,1212.06,44.12723379657163,NaN,NaN
1671991200,1213.6678099615933,1213.6678099615933,1195.22,1205.3725,36.97443233599625,NaN,NaN
1672002000,1209.5201549807966,1225,1205.88,1213.9325000000001,48.485023437565,NaN,NaN
1672012800,1211.7263274903985,1224.2,1211.7263274903985,1220.385,55.13643169665532,NaN,NaN
1672023600,1216.0556637451991,1223.43,1216.0556637451991,1221.225,55.93409344156618,NaN,NaN
1672034400,1218.6403318725995,1221.1,1218.12,1219.6575,54.00449127806575,NaN,NaN
1672045200,1219.1489159362998,1223.06,1218.59,1220.3875,54.786761472815755,NaN,NaN
1672056000,1219.76820796815,1220.82,1211.67,1217.44,51.014104965777186,NaN,NaN
1672066800,1218.604103984075,1218.604103984075,1213.44,1215.6325,48.79510611008928,NaN,NaN
1672077600,1217.1183019920375,1220.66,1212.79,1216.425,49.82562144143539,NaN,NaN
1672088400,1216.7716509960187,1231.09,1215.54,1223.0349999999999,57.50712108216481,NaN,NaN
1672099200,1219.9033254980093,1233.73,1219.9033254980093,1227.03,61.357707732765235,NaN,NaN
1672110000,1223.4666627490046,1224.75,1221.86,1223.4799999999998,56.46150441790036,NaN,NaN
1672120800,1223.4733313745023,1224.31,1215,1219.75,51.7856111906028,NaN,NaN
1672131600,1221.6116656872512,1223.51,1216.14,1218.9925,50.86434718453218,NaN,NaN
1672142400,1220.3020828436256,1220.3020828436256,1205.25,1213.505,44.66533898149141,NaN,NaN
1672153200,1216.9035414218129,1217.7,1200.58,1208.9,40.2339378754915,NaN,NaN
1672164000,1212.9017707109065,1212.9017707109065,1205.22,1208.4875,39.85251636828911,NaN,NaN
1672174800,1210.694635355453,1214.41,1208.49,1210.9725,43.33746031218463,NaN,NaN
1672185600,1210.8335676777265,1215.78,1204.58,1209.5075,41.79984081592541,NaN,NaN
1672196400,1210.1705338388633,1210.1705338388633,1186.69,1197.665,31.935820627131008,NaN,NaN
1672207200,1203.9177669194316,1203.9177669194316,1189.85,1193.345,29.226381430631022,NaN,NaN
1672218000,1198.6313834597158,1198.6313834597158,1193.87,1195.8075,32.72987051201329,NaN,NaN
1672228800,1197.2194417298579,1208,1190.81,1199.925,38.23553920198849,NaN,NaN
1672239600,1198.572220864929,1208.15,1186.32,1198.9075,37.42049193417069,NaN,NaN
1672250400,1198.7398604324644,1201.01,1191.33,1195.8400000000001,34.99835837125859,NaN,NaN
1672261200,1197.2899302162323,1197.2899302162323,1181.06,1190.0675,30.939813596430426,NaN,NaN
1672272000,1193.6787151081162,1195.45,1186.77,1191.015,32.327010123036985,NaN,NaN
1672282800,1192.3468575540583,1199,1190.36,1194.0974999999999,36.776376601025525,NaN,NaN
1672293600,1193.222178777029,1195.54,1190.19,1193.2875,36.10461959522245,NaN,NaN
1672304400,1193.2548393885145,1202.99,1191.88,1196.4475,40.65856731745959,NaN,NaN
1672315200,1194.8511696942574,1206.31,1194.8511696942574,1201.23,46.83448100589828,NaN,NaN
1672326000,1198.0405848471287,1206.57,1195.03,1200.3825,45.92239224152359,NaN,NaN
1672336800,1199.2115424235644,1202,1191.48,1196.9299999999998,42.30771420991935,NaN,NaN
1672347600,1198.0707712117821,1204.18,1194.14,1198.7975000000001,44.837037283904024,NaN,NaN
1672358400,1198.4341356058912,1202.15,1195.18,1198.8725000000002,44.94143638833522,NaN,NaN
1672369200,1198.6533178029458,1199.99,1191.48,1195.7825,41.45998578155871,NaN,NaN
1672380000,1197.217908901473,1197.217908901473,1184.59,1191.325,37.00641957097744,NaN,NaN
1672390800,1194.2714544507367,1194.84,1190.3,1191.7275,37.657629913870885,NaN,NaN
1672401600,1192.9994772253683,1194.11,1181.08,1188.8,34.83678766242147,NaN,NaN
1672412400,1190.8997386126841,1198.71,1187.46,1192.76,41.24788389670679,NaN,NaN
1672423200,1191.829869306342,1198.3,1191.829869306342,1196.32,46.357393051405296,NaN,NaN
1672434000,1194.074934653171,1201.63,1194.074934653171,1199.0875,49.9979340923759,NaN,NaN
1672444800,1196.5812173265856,1200.49,1195.77,1198.1550000000002,48.79625517010606,NaN,NaN
1672455600,1197.3681086632928,1197.3681086632928,1191.66,1194.5349999999999,44.340872308211054,NaN,NaN
1672466400,1195.9515543316463,1197.69,1193.03,1195.08,45.15281521522071,NaN,NaN
1672477200,1195.5157771658232,1200.23,1195.5157771658232,1197.28,48.423593024713114,NaN,NaN
1672488000,1196.3978885829115,1208.46,1196,1201.275,53.81026976372105,NaN,NaN
1672498800,1198.8364442914558,1206.35,1198.8364442914558,1202.3700000000001,55.19164247843584,NaN,NaN
1672509600,1200.603222145728,1205.61,1199.24,1201.9925,54.585561367833265,NaN,NaN
1672520400,1201.2978610728642,1203,1193.08,1198.635,49.39056581276795,NaN,NaN
1672531200,1199.9664305364322,1199.9664305364322,1192.72,1195.2475,44.76182222667645,NaN,NaN
1672542000,1197.606965268216,1197.606965268216,1190.57,1193.9825,43.13606551002909,NaN,NaN
1672552800,1195.7947326341082,1195.9,1193.04,1194.4424999999999,43.933514879265054,NaN,NaN
1672563600,1195.1186163170541,1197.41,1193.98,1195.5,45.81479791045235,NaN,NaN
1672574400,1195.309308158527,1198.5,1193.54,1195.7224999999999,46.22365955856911,NaN,NaN
1672585200,1195.5159040792635,1203.5,1194.34,1198.255,50.77640269901604,NaN,NaN
1672596000,1196.8854520396317,1204.67,1196.8854520396317,1201.8525,56.420565435856865,NaN,NaN
1672606800,1199.3689760198158,1203.08,1199.36,1201.045,54.89891003480582,NaN,NaN
1672617600,1200.206988009908,1201.04,1193,1197.79,49.14513882206415,NaN,NaN
1672628400,1198.998494004954,1203.53,1196.56,1199.8075,52.47021751270118,NaN,NaN
1672639200,1199.402997002477,1220,1199.402997002477,1209.7125,64.68016383722981,NaN,NaN
1672650000,1204.5577485012386,1224.29,1204.5577485012386,1217.9650000000001,71.29626424718218,NaN,NaN
1672660800,1211.2613742506194,1218.67,1211.2613742506194,1216.71,69.1741435819262,NaN,NaN
1672671600,1213.9856871253096,1220.98,1213.9856871253096,1217.57,69.83669805514114,NaN,NaN
1672682400,1215.7778435626547,1219.35,1215.7778435626547,1217.8624999999997,70.07230700410818,NaN,NaN
1672693200,1216.8201717813272,1223.85,1211.22,1216.865,68.11820245093598,NaN,NaN
1672704000,1216.8425858906635,1216.8425858906635,1211.5,1214.13,62.93583184866063,NaN,NaN
1672714800,1215.4862929453318,1217.86,1212.93,1215.715,64.61591167778185,NaN,NaN
1672725600,1215.6006464726659,1219.89,1213.99,1216.84,65.80085834975645,NaN,NaN
1672736400,1216.220323236333,1218.57,1214.19,1215.845,63.76690324131734,NaN,NaN
1672747200,1216.0326616181665,1219.24,1206,1212.6375,57.58724607018748,NaN,NaN
1672758000,1214.3350808090831,1214.3350808090831,1206.88,1209.6775,52.52817163113229,NaN,NaN
1672768800,1212.0062904045417,1212.92,1204.93,1209.3975,52.06224380869581,NaN,NaN
1672779600,1210.7018952022709,1216.39,1210.21,1213.035,57.35437387510716,NaN,NaN
1672790400,1211.8684476011354,1234.5,1211.8684476011354,1223.3425,68.10086600381587,NaN,NaN
1672801200,1217.6054738005678,1254.96,1217.6054738005678,1241.545,78.43548233307881,NaN,NaN
1672812000,1229.575236900284,1264,1229.575236900284,1252.5249999999999,82.18487070130722,NaN,NaN
1672822800,1241.0501184501418,1253.72,1241.0501184501418,1251.1625,80.3186796871112,NaN,NaN
1672833600,1246.1063092250708,1256.48,1246.1063092250708,1252.08,80.63752449149295,NaN,NaN
1672844400,1249.0931546125353,1272.6,1241.89,1256.48,82.13245589386442,NaN,NaN
1672855200,1252.7865773062676,1267.73,1245.44,1256.2325,81.75011043057455,NaN,NaN
1672866000,1254.5095386531339,1257.7,1250.48,1254.0875,78.34606687870127,NaN,NaN
1672876800,1254.298519326567,1259.95,1252.43,1255.8274999999999,79.10610065538539,NaN,NaN
1672887600,1255.0630096632835,1255.0630096632835,1252.19,1253.67,75.56449559682986,NaN,NaN
1672898400,1254.3665048316418,1254.3665048316418,1247.48,1251.4075,71.92778051172138,NaN,NaN
1672909200,1252.887002415821,1256.14,1245.3,1252.02,72.31621620265716,NaN,NaN
1672920000,1252.4535012079104,1256.01,1242.81,1250.7325,70.11982827130115,NaN,NaN
1672930800,1251.5930006039553,1252.75,1247,1248.825,66.8789352419812,NaN,NaN
1672941600,1250.2090003019775,1254.98,1246.71,1250.69,68.41599254690195,NaN,NaN
1672952400,1250.4495001509888,1254.03,1248.19,1251.7975000000001,69.32632731631024,NaN,NaN
1672963200,1251.1235000754946,1257.98,1248.17,1252.345,69.78989295112268,NaN,NaN
1672974000,1251.7342500377472,1253.32,1247.01,1250.43,66.03097781413399,NaN,NaN
1672984800,1251.0821250188737,1251.0821250188737,1246,1248.6975,62.73871312873595,NaN,NaN
1672995600,1249.889812509437,1249.889812509437,1237.98,1245.0425,56.35493493259623,NaN,NaN
1673006400,1247.4661562547185,1253.8,1236,1245.3825,56.79533667348643,NaN,NaN
1673017200,1246.4243281273593,1269.59,1246.4243281273593,1257.4575,68.82619478675676,NaN,NaN
1673028000,1251.9409140636797,1276.7,1251.9409140636797,1267.4250000000002,75.01182903178236,NaN,NaN
1673038800,1259.68295703184,1271.92,1259.68295703184,1268.0300000000002,75.33178190343659,NaN,NaN
1673049600,1263.8564785159201,1271.09,1263.8564785159201,1268.175,75.41303758398006,NaN,NaN
1673060400,1266.01573925796,1267.02,1263.6,1265.3975,70.61479289745867,NaN,NaN
1673071200,1265.70661962898,1267.11,1262.24,1264.6375,69.31519613333856,NaN,NaN
1673082000,1265.17205981449,1266,1262.89,1264.3400000000001,68.78156269986063,NaN,NaN
1673092800,1264.7560299072452,1265.76,1261.3,1264.0475000000001,68.22542236806117,NaN,NaN
1673103600,1264.4017649536227,1265.54,1261.87,1263.7925,67.71141042892631,NaN,NaN
1673114400,1264.0971324768113,1266,1262.41,1263.7725,67.66834913717321,NaN,NaN
1673125200,1263.9348162384058,1266.61,1261.87,1264.2024999999999,68.13751667784715,NaN,NaN
1673136000,1264.0686581192028,1264.61,1257.77,1262.005,63.0983019886492,NaN,NaN
1673146800,1263.0368290596016,1263.71,1260.62,1262.4025,63.622389321906546,NaN,NaN
1673157600,1262.7196645298009,1264.55,1262.3,1263.4575,65.04148067127318,NaN,NaN
1673168400,1263.0885822649004,1266.22,1261.65,1263.205,64.39401714679528,NaN,NaN
1673179200,1263.1467911324503,1266.34,1261.27,1263.905,65.42167875723963,NaN,NaN
1673190000,1263.5258955662252,1280,1261.91,1268.2125,70.97348156466998,NaN,NaN
1673200800,1265.8691977831127,1271.9,1263.48,1267.6675,69.45404158394531,NaN,NaN
1673211600,1266.7683488915563,1296,1266.7683488915563,1281.34,80.6474402187575,NaN,NaN
1673222400,1274.0541744457782,1312.5,1274.0541744457782,1298.5625,87.07327612851388,NaN,NaN
1673233200,1286.3083372228891,1314.73,1286.3083372228891,1308.2600000000002,89.23978487151183,NaN,NaN
1673244000,1297.2841686114448,1318.7,1297.2841686114448,1311.1125,89.7822570801945,NaN,NaN
1673254800,1304.1983343057223,1327.5,1304.1983343057223,1316.35,90.70850103913068,NaN,NaN
1673265600,1310.274167152861,1331.42,1310.274167152861,1322.8,91.70567684096127,NaN,NaN
1673276400,1316.5370835764306,1344.89,1316.5370835764306,1333.9225000000001,93.08404568330317,NaN,NaN
1673287200,1325.2297917882154,1344.91,1316.42,1331.105,89.04712166789557,NaN,NaN
1673298000,1328.1673958941078,1328.1673958941078,1315.08,1320.53,75.76558202528585,NaN,NaN
1673308800,1324.348697947054,1329.45,1316.8,1321.9775000000002,76.28694351907322,NaN,NaN
1673319600,1323.1630989735272,1328.68,1319.39,1324.12,77.07315187280888,NaN,NaN
1673330400,1323.6415494867636,1332.35,1321.7,1327.38,78.25455952697982,NaN,NaN
1673341200,1325.5107747433817,1334.73,1325.5107747433817,1329.7975,79.11405410400756,NaN,NaN
1673352000,1327.654137371691,1337,1323.07,1330.3774999999998,79.32519027789145,NaN,NaN
1673362800,1329.0158186858453,1340.9,1328,1333.2450000000001,80.38113802217512,NaN,NaN
1673373600,1331.1304093429226,1347.69,1331.1304093429226,1338.29,82.11215510336834,NaN,NaN
1673384400,1334.7102046714613,1343.21,1333.8,1338.65,82.23262452778238,NaN,NaN
1673395200,1336.6801023357307,1341.5,1330.14,1334.3675,75.70129386407046,NaN,NaN
1673406000,1335.5238011678653,1335.5238011678653,1327.29,1330.635,70.44933240713895,NaN,NaN
1673416800,1333.0794005839325,1335.77,1327.19,1332.125,71.30517317714073,NaN,NaN
1673427600,1332.6022002919663,1338.2,1332.6022002919663,1335.83,73.37044054765995,NaN,NaN
1673438400,1334.216100145983,1336.45,1328.66,1333.515,69.98120644830455,NaN,NaN
1673449200,1333.8655500729915,1334.98,1321.04,1329.0249999999999,63.823214154664,NaN,NaN
1673460000,1331.4452750364958,1345,1327.52,1335.4125,68.12088567567525,NaN,NaN
1673470800,1333.4288875182478,1398,1333.4288875182478,1367.095,80.49688775205342,NaN,NaN
1673481600,1350.2619437591238,1418.77,1350.2619437591238,1398.44,86.20348328241265,NaN,NaN
1673492400,1374.350971879562,1405.12,1374.350971879562,1398.325,86.10394034606776,NaN,NaN
1673503200,1386.337985939781,1402.46,1386.337985939781,1398.195,85.98306749596306,NaN,NaN
1673514000,1392.2664929698904,1403.11,1392.2664929698904,1399.1,86.12905034724798,NaN,NaN
1673524800,1395.6832464849451,1408,1361.92,1387.175,75.03906959714942,NaN,NaN
1673535600,1391.4291232424725,1432.79,1379.96,1405.6175,79.44673019009669,NaN,NaN
1673546400,1398.5233116212362,1437.6,1398.5233116212362,1428.0625,83.30951729877188,NaN,NaN
1673557200,1413.292905810618,1438,1413.292905810618,1425.3474999999999,81.31863834564375,NaN,NaN
1673568000,1419.320202905309,1419.320202905309,1401.03,1411.0375,71.60566685304985,NaN,NaN
1673578800,1415.1788514526545,1415.64,1406.08,1409.3899999999999,70.56071694063087,NaN,NaN
1673589600,1412.2844257263273,1412.2844257263273,1405.4,1408.2024999999999,69.77038042188252,NaN,NaN
1673600400,1410.2434628631636,1419.5,1404,1410.485,70.45537849020039,NaN,NaN
1673611200,1410.3642314315816,1416.59,1401.61,1409.3825,69.63458453571123,NaN,NaN
1673622000,1409.873365715791,1424.78,1406.96,1414.6175,71.3418123956722,NaN,NaN
1673632800,1412.2454328578956,1430.95,1412.2454328578956,1422.3775,73.70209064593391,NaN,NaN
1673643600,1417.3114664289478,1464,1417.3114664289478,1440.675,78.25066400638478,NaN,NaN
1673654400,1428.993233214474,1599.98,1428.993233214474,1514.52,87.58415710105163,NaN,NaN
1673665200,1471.756616607237,1559.5,1471.756616607237,1551.2875,89.90667971924772,NaN,NaN
1673676000,1511.5220583036185,1564.69,1511.5220583036185,1555.2375000000002,90.12049397208818,NaN,NaN
1673686800,1533.3797791518093,1563.68,1503.34,1540.0275000000001,82.84310224336012,NaN,NaN
1673697600,1536.7036395759046,1546.88,1507.15,1526.7075000000002,76.98047263962893,NaN,NaN
1673708400,1531.7055697879523,1536.96,1516.76,1526.4225000000001,76.85514859915506,NaN,NaN
1673719200,1529.0640348939762,1538.2,1525.29,1531.9325000000001,77.61394084512209,NaN,NaN
1673730000,1530.4982674469882,1559.91,1530.4982674469882,1543.975,79.21760637107286,NaN,NaN
1673740800,1537.236633723494,1552.22,1516.12,1535.12,74.9650361388594,NaN,NaN
1673751600,1536.178316861747,1536.178316861747,1516.03,1524.2325,69.99006610998691,NaN,NaN
1673762400,1530.2054084308734,1530.78,1518.76,1525.2475,70.18869174873913,NaN,NaN
1673773200,1527.7264542154367,1535.04,1520,1527.855,70.72475224677285,NaN,NaN
1673784000,1527.7907271077183,1543.06,1527.7907271077183,1536.3600000000001,72.46402582757202,NaN,NaN
1673794800,1532.0753635538592,1566.66,1532.0753635538592,1549.0849999999998,74.86968152281017,NaN,NaN
1673805600,1540.5801817769295,1557.19,1533,1548.8075000000001,74.7163827274403,NaN,NaN
1673816400,1544.6938408884648,1560.93,1542.29,1552.355,75.40955820120293,NaN,NaN
1673827200,1548.5244204442324,1584.58,1540.54,1562.5349999999999,77.33026258343921,NaN,NaN
1673838000,1555.5297102221161,1577.2,1555.5297102221161,1572.4599999999998,79.04847647338786,NaN,NaN
1673848800,1563.9948551110579,1578.54,1523.2,1553.8049999999998,68.53402972705376,NaN,NaN
1673859600,1558.8999275555288,1558.8999275555288,1536,1542.1875,62.92107942106701,NaN,NaN
1673870400,1550.5437137777644,1550.5437137777644,1531.79,1541.435,62.56365391556442,NaN,NaN
1673881200,1545.9893568888822,1562.14,1521.31,1546.815,64.13239824677348,NaN,NaN
1673892000,1546.4021784444412,1604.5,1546.4021784444412,1577.5925000000002,71.49209293067561,NaN,NaN
1673902800,1561.9973392222207,1587.58,1561.9973392222207,1581.1225,72.19675199279766,NaN,NaN
1673913600,1571.5599196111102,1582.6,1541.15,1565.7600000000002,64.70128823332558,NaN,NaN
1673924400,1568.6599598055552,1577.55,1558.18,1567.0349999999999,65.02582307114864,NaN,NaN
1673935200,1567.8474799027776,1570.53,1558.16,1566.9675,64.99175566969774,NaN,NaN
1673946000,1567.407489951389,1572.03,1558.2,1567.1025,65.03121487856649,NaN,NaN
1673956800,1567.2549949756944,1609,1564.43,1580.8600000000001,68.88066570830595,NaN,NaN
1673967600,1574.0574974878473,1587.89,1560.97,1577.2200000000003,66.7858340351916,NaN,NaN
1673978400,1575.6387487439238,1599.14,1575.6387487439238,1585.215,69.01482121240436,NaN,NaN
1673989200,1580.4268743719617,1587.88,1563.69,1575.975,63.69465280566997,NaN,NaN
1674000000,1578.2009371859808,1587.72,1562.93,1575.04,63.164040595399086,NaN,NaN
1674010800,1576.6204685929904,1592.01,1576.6204685929904,1585.5225,66.53041584417888,NaN,NaN
1674021600,1581.0714842964953,1587.75,1571.57,1580.81,63.71151594805405,NaN,NaN
1674032400,1580.9407421482476,1582,1570.67,1576.3075,61.049982073318205,NaN,NaN
1674043200,1578.6241210741237,1610,1575.6,1588.785,65.36769706300339,NaN,NaN
1674054000,1583.7045605370618,1602.7,1501.39,1559.8275,51.18632045300237,NaN,NaN
1674064800,1571.7660302685308,1571.7660302685308,1516.55,1533.6275,42.25427762332264,NaN,NaN
1674075600,1552.6967651342654,1552.6967651342654,1507.9,1518.4975,38.11765948641406,NaN,NaN
1674086400,1535.5971325671326,1535.5971325671326,1509.15,1518.01,37.988612295585376,NaN,NaN
1674097200,1526.8035662835664,1532.5,1523.45,1527.2925,42.01411081641649,NaN,NaN
1674108000,1527.0480331417832,1532.38,1525.12,1528.1675,42.39372791977047,NaN,NaN
1674118800,1527.6077665708917,1529.03,1516.17,1522.9624999999999,40.68733116031517,NaN,NaN
1674129600,1525.2851332854457,1538.91,1513.33,1526.185,42.237507869139776,NaN,NaN
1674140400,1525.7350666427228,1547.86,1522.65,1533.1924999999999,45.56897200043813,NaN,NaN
1674151200,1529.4637833213615,1564.43,1528.01,1544.815,50.652609166535264,NaN,NaN
1674162000,1537.1393916606808,1560.12,1537.1393916606808,1553.2325,54.00321787683555,NaN,NaN
1674172800,1545.1859458303404,1563.88,1545.1859458303404,1553.535,54.12376980988935,NaN,NaN
1674183600,1549.3604729151702,1556.66,1542.74,1550.045,52.41689088119694,NaN,NaN
1674194400,1549.7027364575852,1553.18,1542.02,1548.5674999999999,51.67391824568134,NaN,NaN
1674205200,1549.1351182287926,1555.85,1548.44,1551.4325,53.063220279131876,NaN,NaN
1674216000,1550.2838091143963,1568,1549.02,1556.8225,55.64661450469176,NaN,NaN
1674226800,1553.553154557198,1596.55,1553.553154557198,1577.1774999999998,63.7589391374192,NaN,NaN
1674237600,1565.365327278599,1644.39,1565.365327278599,1615.3575,73.53625014537073,NaN,NaN
1674248400,1590.3614136392994,1669.9,1590.3614136392994,1651.2849999999999,79.21799503013185,NaN,NaN
1674259200,1620.8232068196496,1676.61,1620.8232068196496,1656.55,79.8990815872422,NaN,NaN
1674270000,1638.6866034098248,1654.92,1638.6866034098248,1648.4699999999998,75.79377074179675,NaN,NaN
1674280800,1643.5783017049123,1654.33,1643.5783017049123,1648.1699999999998,75.63837431704238,NaN,NaN
1674291600,1645.874150852456,1679.26,1616.21,1647.45,75.23967056805475,NaN,NaN
1674302400,1646.662075426228,1660,1645.31,1650.3400000000001,75.79127789732783,NaN,NaN
1674313200,1648.501037713114,1667.29,1643.29,1653.7325,76.45439489806834,NaN,NaN
1674324000,1651.116768856557,1668.88,1649.88,1657.0725000000002,77.11891214885398,NaN,NaN
1674334800,1654.0946344282786,1664.57,1622.09,1641.8775,67.75084413100618,NaN,NaN
1674345600,1647.9860672141394,1647.9860672141394,1604,1620.7050000000002,57.30511724631338,NaN,NaN
1674356400,1634.3455336070697,1634.3455336070697,1615.67,1622.5425,57.91161074651129,NaN,NaN
1674367200,1628.4440168035349,1631.55,1620.83,1627.8625000000002,59.696699863497045,NaN,NaN
1674378000,1628.1532584017675,1631.85,1618.47,1626.56,59.036509693527236,NaN,NaN
1674388800,1627.3566292008836,1645.61,1620.18,1633.2175,61.387060900912594,NaN,NaN
1674399600,1630.2870646004417,1663.89,1617.54,1645.14,65.23442285497103,NaN,NaN
1674410400,1637.7135323002208,1659.7,1607.06,1634.37,59.46993528052949,NaN,NaN
1674421200,1636.0417661501103,1636.0417661501103,1607.35,1620.4500000000003,52.95648303790546,NaN,NaN
1674432000,1628.2458830750552,1642.19,1625.68,1634.0475000000001,57.816731888177905,NaN,NaN
1674442800,1631.1466915375277,1642.58,1628.33,1636,58.4800655575784,NaN,NaN
1674453600,1633.5733457687638,1639.26,1627.88,1632.685,56.84563631394019,NaN,NaN
1674464400,1633.129172884382,1640,1630.3,1634.5925,57.580304971790454,NaN,NaN
1674475200,1633.860836442191,1648.09,1585.29,1617.2925,49.37102319026022,NaN,NaN
1674486000,1625.5766682210956,1629.28,1594.61,1612.9575,47.54193056920005,NaN,NaN
1674496800,1619.2670841105478,1640.49,1610.04,1628.59,54.14006319328055,NaN,NaN
1674507600,1623.9285420552737,1635.75,1622.13,1629.7425,54.59350741646374,NaN,NaN
1674518400,1626.8355210276368,1641.46,1622.8,1631.43,55.290578397970236,NaN,NaN
1674529200,1629.1327605138185,1640.78,1629.1327605138185,1636.8025,57.52619605813799,NaN,NaN
1674540000,1632.9676302569092,1638.54,1632.9676302569092,1636.15,57.15241110715571,NaN,NaN
1674550800,1634.5588151284546,1635.28,1614.39,1627.52,52.311079808112865,NaN,NaN
1674561600,1631.0394075642273,1632.12,1604,1618.7775000000001,47.88574602989536,NaN,NaN
1674572400,1624.9084537821136,1624.9084537821136,1606.48,1614.48,45.833179416078956,NaN,NaN
1674583200,1619.6942268910568,1624.45,1608,1615.9725,46.687853062671344,NaN,NaN
1674594000,1617.8333634455284,1621.5,1535,1581.9350000000002,33.64839980720161,NaN,NaN
1674604800,1599.8841817227644,1599.8841817227644,1518,1542.96,25.028481754963636,NaN,NaN
1674615600,1571.4220908613822,1571.4220908613822,1540.28,1545.5075,26.3564454919929,NaN,NaN
1674626400,1558.464795430691,1558.91,1546.27,1551.355,29.44570292690331,NaN,NaN
1674637200,1554.9098977153456,1554.9098977153456,1538.59,1546.7949999999998,28.44366489036034,NaN,NaN
1674648000,1550.8524488576727,1566.58,1533.75,1545.5774999999999,28.16804673342554,NaN,NaN
1674658800,1548.2149744288363,1553.66,1525,1540.96,27.095676175525398,NaN,NaN
1674669600,1544.5874872144182,1583.6,1544.5874872144182,1565.2475,40.02850715578255,NaN,NaN
1674680400,1554.917493607209,1641,1554.917493607209,1601.23,53.25794336708352,NaN,NaN
1674691200,1578.0737468036045,1632.84,1578.0737468036045,1617.2050000000002,57.71749690767175,NaN,NaN
1674702000,1597.6393734018025,1620.76,1597.6393734018025,1616.73,57.541703047502835,NaN,NaN
1674712800,1607.1846867009012,1621.9,1597.3,1611.6975,55.609210615239824,NaN,NaN
1674723600,1609.4410933504505,1610.45,1590,1603.195,52.40684686280629,NaN,NaN
1674734400,1606.318046675225,1621.06,1592.89,1605.925,53.336040458451635,NaN,NaN
1674745200,1606.1215233376124,1616.26,1577.43,1597.815,50.200498276649036,NaN,NaN
1674756000,1601.9682616688062,1611.26,1590,1600.57,51.248980356133686,NaN,NaN
1674766800,1601.269130834403,1609.53,1594.38,1603.4725,52.386352981162,NaN,NaN
1674777600,1602.3708154172016,1606.53,1552.54,1582.665,44.39086408134079,NaN,NaN
1674788400,1592.517907708601,1592.517907708601,1563.08,1576.6275,42.370132603166084,NaN,NaN
1674799200,1584.5727038543005,1586.09,1577.66,1581.4524999999999,44.542821935629405,NaN,NaN
1674810000,1583.0126019271502,1583.0126019271502,1573.33,1578.2024999999999,43.357105022132956,NaN,NaN
1674820800,1580.607550963575,1590.13,1561,1577.49,43.086317371405094,NaN,NaN
1674831600,1579.0487754817875,1611.79,1573.98,1592.8125,50.2782328986456,NaN,NaN
1674842400,1585.9306377408939,1621,1585.9306377408939,1604.465,54.94138803504643,NaN,NaN
1674853200,1595.197818870447,1605.56,1586.75,1597.2625,51.713026925683465,NaN,NaN
1674864000,1596.2301594352234,1606.83,1592.49,1598.185,52.10124388732319,NaN,NaN
1674874800,1597.2075797176117,1603.39,1595.51,1598.72,52.3405564965132,NaN,NaN
1674885600,1597.9637898588057,1600.48,1585.81,1593.4125,49.688294972282605,NaN,NaN
1674896400,1595.6881449294028,1595.6881449294028,1578.63,1586.4375,46.363298221373235,NaN,NaN
1674907200,1591.0628224647014,1591.0628224647014,1561.76,1576.185,41.92255997554288,NaN,NaN
1674918000,1583.6239112323506,1583.6239112323506,1567.22,1573.72,40.908038290756956,NaN,NaN
1674928800,1578.6719556161752,1578.6719556161752,1560,1569.065,38.989170806662074,NaN,NaN
1674939600,1573.8684778080876,1574.06,1555.99,1565.8649999999998,37.680681857167585,NaN,NaN
1674950400,1569.8667389040438,1618.99,1566.33,1587.355,49.852297316402016,NaN,NaN
1674961200,1578.610869452022,1599.39,1578.610869452022,1594.335,53.059158020789035,NaN,NaN
1674972000,1586.4729347260109,1597.9,1586.4729347260109,1593.535,52.64363587224132,NaN,NaN
1674982800,1590.0039673630054,1619.79,1589.71,1602.2575,56.631529826167814,NaN,NaN
1674993600,1596.1307336815025,1626.64,1596.1307336815025,1613.6799999999998,61.235232859954486,NaN,NaN
1675004400,1604.9053668407512,1621.81,1604.9053668407512,1615.125,61.78785211392792,NaN,NaN
1675015200,1610.0151834203757,1660,1610.0151834203757,1631.8675,67.55852625973405,NaN,NaN
1675026000,1620.9413417101878,1654.4,1620.9413417101878,1641.9425,70.45044131069534,NaN,NaN
1675036800,1631.441920855094,1647.53,1631.441920855094,1639.885,69.0958251985088,NaN,NaN
1675047600,1635.6634604275469,1641.37,1631.99,1636.2575,66.66214199944741,NaN,NaN
1675058400,1635.9604802137733,1636.72,1615.43,1626.9875000000002,60.77141889714117,NaN,NaN
1675069200,1631.4739901068867,1631.4739901068867,1577,1599.7250000000001,47.48240679927289,NaN,NaN
1675080000,1615.5994950534434,1615.5994950534434,1567.68,1585.5125,42.29051347014041,NaN,NaN
1675090800,1600.5559975267217,1600.5559975267217,1570.8,1586.37,42.697625550230434,NaN,NaN
1675101600,1593.4629987633607,1593.4629987633607,1535,1563.3325,35.46006501149863,NaN,NaN
1675112400,1578.3977493816803,1578.3977493816803,1545.01,1558.06,34.03800316974308,NaN,NaN
1675123200,1568.2288746908403,1576.2,1561.82,1568.3999999999999,39.18854571458015,NaN,NaN
1675134000,1568.3144373454202,1573.36,1561.79,1566.6599999999999,38.641744709156164,NaN,NaN
1675144800,1567.48721867271,1583.98,1561.63,1569.8525,40.288003439360395,NaN,NaN
1675155600,1568.6698593363549,1575.48,1565.82,1570.975,40.88853650926357,NaN,NaN
1675166400,1569.8224296681774,1589.56,1569.8224296681774,1578.6150000000002,44.9468814093449,NaN,NaN
1675177200,1574.2187148340888,1605.18,1574.2187148340888,1590.8375,50.77003372595683,NaN,NaN
1675188000,1582.5281074170443,1598.83,1582.5281074170443,1590.6825000000001,50.69679966708966,NaN,NaN
1675198800,1586.6053037085221,1600.77,1564.02,1584.27,47.63542780534047,NaN,NaN
1675209600,1585.437651854261,1592.94,1576.43,1585.0875,48.06598662872362,NaN,NaN
1675220400,1585.2625759271305,1585.98,1578.8,1583.3775,47.19189811798251,NaN,NaN
1675231200,1584.3200379635653,1584.3200379635653,1566.72,1575.9375,43.48651071283631,NaN,NaN
1675242000,1580.1287689817827,1583.68,1566.24,1575.335,43.19075998610786,NaN,NaN
1675252800,1577.7318844908914,1589.8,1573.27,1582.2075000000002,47.57088183608785,NaN,NaN
1675263600,1579.969692245446,1585.7,1566.92,1577.26,44.887698842992215,NaN,NaN
1675274400,1578.614846122723,1639.8,1555.18,1599.8025000000002,56.83439636183198,NaN,NaN
1675285200,1589.2086730613617,1647.77,1589.2086730613617,1638.685,69.22584834360927,NaN,NaN
1675296000,1613.9468365306807,1696.38,1613.9468365306807,1661.8975,74.02059811762797,NaN,NaN
1675306800,1637.9221682653404,1677.27,1637.9221682653404,1671.6725,75.7350997417167,NaN,NaN
1675317600,1654.7973341326701,1671.35,1654.7973341326701,1667.865,73.69498535326738,NaN,NaN
1675328400,1661.3311670663352,1674.76,1661.3311670663352,1670.5175,74.2160680209537,NaN,NaN
1675339200,1665.9243335331676,1690,1650,1667.1374999999998,72.25196733248285,NaN,NaN
1675350000,1666.5309167665837,1685.78,1653.18,1668.9275,72.66455193595729,NaN,NaN
1675360800,1667.7292083832917,1714.68,1666.21,1685.3999999999999,76.17529834034377,NaN,NaN
1675371600,1676.5646041916457,1686.3,1626.85,1659.2025,62.440438724729034,NaN,NaN
1675382400,1667.8835520958228,1667.8835520958228,1631.04,1640.8375,54.95931042226274,NaN,NaN
1675393200,1654.3605260479114,1654.3605260479114,1630.67,1639.5575000000001,54.469466192394215,NaN,NaN
1675404000,1646.9590130239558,1647.24,1629.96,1640.5075000000002,54.7915247919236,NaN,NaN
1675414800,1643.733256511978,1650.83,1635.61,1644.1399999999999,56.07105239170068,NaN,NaN
1675425600,1643.936628255989,1664.92,1625.93,1650.5275000000001,58.305736199623716,NaN,NaN
1675436400,1647.2320641279946,1676,1647.2320641279946,1662.375,62.151595142532905,NaN,NaN
1675447200,1654.8035320639974,1662.8,1642.4,1655.48,58.754923665688004,NaN,NaN
1675458000,1655.1417660319987,1672.13,1651.81,1660.8000000000002,60.546553388642494,NaN,NaN
1675468800,1657.9708830159993,1665.95,1650,1659.29,59.75316280212761,NaN,NaN
1675479600,1658.6304415079996,1658.6304415079996,1646.1,1653.3674999999998,56.61933460408888,NaN,NaN
1675490400,1655.9989707539999,1660,1645.43,1652.2475,56.020974564220246,NaN,NaN
1675501200,1654.123235377,1662.73,1651.39,1657.0700000000002,58.0754688278809,NaN,NaN
1675512000,1655.5966176885,1695.29,1655.5966176885,1674.8425,64.63272182124611,NaN,NaN
1675522800,1665.21955884425,1685.46,1665.21955884425,1680.1399999999999,66.3235043220803,NaN,NaN
1675533600,1672.679779422125,1684.01,1672.66,1679.2575,65.75951209276623,NaN,NaN
1675544400,1675.9686397110625,1689,1658.53,1673.2275,61.88700348376,NaN,NaN
1675555200,1674.5980698555313,1674.5980698555313,1657.49,1663.9725,56.397449410672436,NaN,NaN
1675566000,1669.2852849277656,1669.2852849277656,1656.68,1662.9550000000002,55.81130788504964,NaN,NaN
1675576800,1666.120142463883,1673.81,1663.82,1668.6399999999999,58.412016095535414,NaN,NaN
1675587600,1667.3800712319414,1672.51,1660.86,1666.4825,57.03998207471824,NaN,NaN
1675598400,1666.9312856159709,1666.9312856159709,1635.93,1653.7649999999999,49.638525703288614,NaN,NaN
1675609200,1660.3481428079854,1660.3481428079854,1615.46,1635.7,41.417238107912205,NaN,NaN
1675620000,1648.0240714039928,1648.0240714039928,1609.3,1617.7649999999999,35.18643128541335,NaN,NaN
1675630800,1632.8945357019963,1639.6,1611.8,1624.88,39.10055622922487,NaN,NaN
1675641600,1628.8872678509983,1642.53,1622.62,1629.1975,41.412697560528954,NaN,NaN
1675652400,1629.042383925499,1629.6,1608.53,1620.575,38.28639459654731,NaN,NaN
1675663200,1624.8086919627494,1637.89,1619.47,1627.7625,42.203188835489726,NaN,NaN
1675674000,1626.2855959813746,1636.44,1622.45,1631.4575,44.1650891355352,NaN,NaN
1675684800,1628.8715479906873,1638.43,1623.07,1631.4799999999998,44.177515239375055,NaN,NaN
1675695600,1630.1757739953437,1658.56,1619.86,1638.875,48.253655941159224,NaN,NaN
1675706400,1634.5253869976718,1655,1634.5253869976718,1647.4474999999998,52.5766645274264,NaN,NaN
1675717200,1640.9864434988358,1647.23,1605.01,1628.3375,43.79345046562082,NaN,NaN
1675728000,1634.661971749418,1634.661971749418,1613.14,1621.7125,41.22243907815757,NaN,NaN
1675738800,1628.1872358747091,1637.77,1626.88,1632.27,46.60237010165187,NaN,NaN
1675749600,1630.2286179373546,1638.06,1628.84,1633.0774999999999,47.001938612821256,NaN,NaN
1675760400,1631.6530589686772,1647.87,1630.4,1637.3475,49.16802745293989,NaN,NaN
1675771200,1634.5002794843385,1644.92,1633.91,1639.1325,50.08642348722795,NaN,NaN
1675782000,1636.8163897421691,1675,1624.39,1652.0275,56.23764703961497,NaN,NaN
1675792800,1644.4219448710846,1678.37,1625.73,1660.24,59.648342324591326,NaN,NaN
1675803600,1652.3309724355422,1677.82,1652.3309724355422,1668.2575,62.70431270460989,NaN,NaN
1675814400,1660.294236217771,1697.91,1660.294236217771,1678.395,66.19088114086387,NaN,NaN
1675825200,1669.3446181088855,1683.3,1669.3446181088855,1676.9225,65.23689518243725,NaN,NaN
1675836000,1673.1335590544427,1679.15,1669.41,1674.43,63.56680939452853,NaN,NaN
1675846800,1673.7817795272213,1676.03,1667.9,1672.795,62.43763961387068,NaN,NaN
1675857600,1673.2883897636107,1681.98,1661.68,1672.21,62.01318072465414,NaN,NaN
1675868400,1672.7491948818054,1672.7491948818054,1630.47,1657.5825,52.417712995235384,NaN,NaN
1675879200,1665.1658474409028,1665.1658474409028,1637.76,1649.2749999999999,47.885873859437844,NaN,NaN
1675890000,1657.2204237204514,1657.2204237204514,1640.27,1647.2150000000001,46.805254893837834,NaN,NaN
1675900800,1652.2177118602258,1656.17,1631.51,1642.625,44.40096030004856,NaN,NaN
1675911600,1647.421355930113,1647.421355930113,1608.8,1625.73,36.88947626442154,NaN,NaN
1675922400,1636.5756779650565,1637.33,1625.53,1630.935,40.243497275177255,NaN,NaN
1675933200,1633.7553389825282,1640.24,1630.03,1633.9775,42.17792368840148,NaN,NaN
1675944000,1633.866419491264,1649.24,1625.7,1636.4225000000001,43.75369785619185,NaN,NaN
1675954800,1635.144459745632,1640.2,1616,1629.3375,40.324336870179124,NaN,NaN
1675965600,1632.240979872816,1632.240979872816,1560.47,1598.0275000000001,29.36918815617088,NaN,NaN
1675976400,1615.134239936408,1615.134239936408,1524.4,1556.23,21.120195740478437,NaN,NaN
1675987200,1585.682119968204,1585.682119968204,1541.8,1547.76,19.900396180258042,NaN,NaN
1675998000,1566.7210599841019,1566.7210599841019,1529.36,1542.2424999999998,19.12549412493884,NaN,NaN
1676008800,1554.4817799920509,1554.4817799920509,1539.77,1546.6599999999999,21.75257852156348,NaN,NaN
1676019600,1550.5708899960255,1552.53,1534.04,1543.6074999999998,21.239169248829327,NaN,NaN
1676030400,1547.0891949980128,1548.01,1532.02,1540.1399999999999,20.643131157120024,NaN,NaN
1676041200,1543.6145974990063,1547.78,1506,1530.89,19.10303181534765,NaN,NaN
1676052000,1537.252298749503,1539.19,1522.73,1529.4524999999999,18.86745245854536,NaN,NaN
1676062800,1533.3523993747515,1533.3523993747515,1490,1515.6149999999998,16.728826326985725,NaN,NaN
1676073600,1524.4836996873755,1524.4836996873755,1507.53,1513.925,16.483087420802676,NaN,NaN
1676084400,1519.2043498436879,1523.58,1516.23,1518.5575,19.954136458666326,NaN,NaN
1676095200,1518.8809249218439,1526.8,1514.96,1520.555,21.46971872333704,NaN,NaN
1676106000,1519.717962460922,1524.78,1515,1520.6799999999998,21.569795170265195,NaN,NaN
1676116800,1520.198981230461,1526.71,1515,1521.845,22.56030537089363,NaN,NaN
1676127600,1521.0219906152306,1526.52,1515,1521.3000000000002,22.417671925616006,NaN,NaN
1676138400,1521.1609953076154,1523.5,1505,1516.775,21.218195779250692,NaN,NaN
1676149200,1518.9679976538077,1543,1518.83,1530.1925,32.71454626984901,NaN,NaN
1676160000,1524.580248826904,1539.27,1524.580248826904,1535.7624999999998,36.83530111429943,NaN,NaN
1676170800,1530.1713744134518,1535.38,1528.97,1533.3225,35.80094659385617,NaN,NaN
1676181600,1531.7469372067258,1535.45,1530.05,1532.6725000000001,35.51484300521233,NaN,NaN
1676192400,1532.209718603363,1540.06,1531,1534.005,36.6328170994698,NaN,NaN
1676203200,1533.1073593016815,1537.67,1521.12,1531.2225,35.258190823249734,NaN,NaN
1676214000,1532.1649296508408,1548.02,1530,1537.9099999999999,40.98953712389125,NaN,NaN
1676224800,1535.0374648254203,1542.49,1535.0374648254203,1539.3525,42.17857937449337,NaN,NaN
1676235600,1537.19498241271,1538.44,1493.08,1521.1025,33.09327068994108,NaN,NaN
1676246400,1529.148741206355,1529.148741206355,1496.67,1512.0625,29.68259904831362,NaN,NaN
1676257200,1520.6056206031776,1522.71,1511.17,1516.1725000000001,33.060454438705506,NaN,NaN
1676268000,1518.3890603015889,1526.1,1504.18,1513.7849999999999,32.09592738521606,NaN,NaN
1676278800,1516.0870301507944,1516.0870301507944,1466,1492.1125,24.973406956679,NaN,NaN
1676289600,1504.099765075397,1504.099765075397,1477.66,1486.0974999999999,23.42001099160771,NaN,NaN
1676300400,1495.0986325376984,1495.0986325376984,1461.93,1478.2725,21.542693292275104,NaN,NaN
1676311200,1486.6855662688492,1493.91,1471.85,1481.845,24.517571030406785,NaN,NaN
1676322000,1484.2652831344246,1510.43,1482.18,1496.7125,35.48158993659506,NaN,NaN
1676332800,1490.4888915672122,1508.72,1490.4888915672122,1501.5775,38.62323751883784,NaN,NaN
1676343600,1496.033195783606,1503.15,1496.033195783606,1499.9325,37.950327371873136,NaN,NaN
1676354400,1497.982847891803,1507.62,1497.19,1501.1875,38.82599207498034,NaN,NaN
1676365200,1499.5851739459015,1519.82,1497.09,1505.7575,42.033953855936765,NaN,NaN
1676376000,1502.6713369729507,1563.99,1482.66,1527.2775000000001,54.21082741939548,NaN,NaN
1676386800,1514.9744184864753,1569,1514.9744184864753,1550.605,63.22832685845485,NaN,NaN
1676397600,1532.7897092432377,1564.69,1532.7897092432377,1553.2050000000002,64.07746841722776,NaN,NaN
1676408400,1542.9973546216188,1561.91,1542.9973546216188,1555.9525,64.99731851356594,NaN,NaN
1676419200,1549.4749273108096,1557.43,1542.55,1550.0625,61.36934673348534,NaN,NaN
1676430000,1549.7687136554048,1552.22,1543.42,1547.625,59.87977094873348,NaN,NaN
1676440800,1548.6968568277025,1552.09,1544.5,1548.28,60.15961494207417,NaN,NaN
1676451600,1548.4884284138511,1580,1546.23,1561.18,65.29401859927543,NaN,NaN
1676462400,1554.8342142069255,1593.67,1554.8342142069255,1576.2350000000001,70.13184817327016,NaN,NaN
1676473200,1565.5346071034628,1589.8,1565.5346071034628,1578.4375,70.77370742216708,NaN,NaN
1676484000,1571.9860535517314,1680,1571.9860535517314,1626.0925,80.52535867461799,NaN,NaN
1676494800,1599.0392767758658,1678,1599.0392767758658,1669.895,85.36047165310372,NaN,NaN
1676505600,1634.467138387933,1712.24,1634.467138387933,1688.1,86.82459480246322,NaN,NaN
1676516400,1661.2835691939663,1697.51,1661.2835691939663,1692.515,87.15997777219499,NaN,NaN
1676527200,1676.8992845969833,1696.84,1675,1686.8375,84.19201104915277,NaN,NaN
1676538000,1681.8683922984917,1692.62,1680,1684.4199999999998,82.89758331457888,NaN,NaN
1676548800,1683.1441961492458,1695.68,1665.24,1680.6525,80.81234312344652,NaN,NaN
1676559600,1681.8983480746228,1742.97,1675.66,1703.2975000000001,83.49908525102242,NaN,NaN
1676570400,1692.5979240373115,1721.9,1680,1700.6475,82.05115719243136,NaN,NaN
1676581200,1696.6227120186559,1696.6227120186559,1633.72,1660.3875,63.91710235620786,NaN,NaN
1676592000,1678.5051060093278,1678.5051060093278,1630.51,1647.725,59.46560206866384,NaN,NaN
1676602800,1663.1150530046639,1670.05,1653.61,1659.3674999999998,62.08054877755257,NaN,NaN
1676613600,1661.2412765023319,1665.17,1648.4,1658.3875000000003,61.71961557026973,NaN,NaN
1676624400,1659.814388251166,1674.75,1659.814388251166,1666.4199999999998,63.58824116408895,NaN,NaN
1676635200,1663.117194125583,1683.55,1646.09,1663.7325,62.48915167803422,NaN,NaN
1676646000,1663.4248470627915,1708.8,1658.12,1678.395,65.94736080861946,NaN,NaN
1676656800,1670.9099235313956,1722,1670.9099235313956,1701.4775,70.55029548207993,NaN,NaN
1676667600,1686.1937117656978,1712.67,1669.72,1696.78,68.52040510701812,NaN,NaN
1676678400,1691.4868558828489,1704.46,1691.4868558828489,1696.485,68.38733229915657,NaN,NaN
1676689200,1693.9859279414245,1703.99,1693.9859279414245,1698.1350000000002,68.75286498229367,NaN,NaN
1676700000,1696.0604639707124,1699.47,1686.11,1694.4424999999999,66.88888907645672,NaN,NaN
1676710800,1695.2514819853561,1695.58,1685.69,1691.6225000000002,65.42994272631941,NaN,NaN
1676721600,1693.4369909926781,1699.49,1686.64,1693.46,65.95107936894209,NaN,NaN
1676732400,1693.448495496339,1699,1688.8,1694.76,66.33770964653785,NaN,NaN
1676743200,1694.1042477481697,1713.13,1679.77,1692.62,65.02867092139269,NaN,NaN
1676754000,1693.3621238740848,1693.71,1681.81,1687.4325000000001,61.84292550511384,NaN,NaN
1676764800,1690.3973119370426,1700.62,1689.5,1694.01,64.23539832176732,NaN,NaN
1676775600,1692.2036559685212,1709.63,1692.2036559685212,1699.87,66.2648381656877,NaN,NaN
1676786400,1696.0368279842605,1702.12,1691.89,1697.2,64.46978490070393,NaN,NaN
1676797200,1696.6184139921302,1700.85,1690.8,1694.9599999999998,62.92960779395494,NaN,NaN
1676808000,1695.7892069960649,1707.64,1694.42,1700.4650000000001,65.13410354887571,NaN,NaN
1676818800,1698.1271034980325,1726.59,1675.96,1697.3874999999998,62.88277335970782,NaN,NaN
1676829600,1697.7573017490163,1697.7573017490163,1666.14,1681.45,52.719985571297116,NaN,NaN
1676840400,1689.6036508745083,1689.6036508745083,1676.57,1683.0375,53.525683779634676,NaN,NaN
1676851200,1686.320575437254,1686.44,1650.56,1673.985,48.454932876660536,NaN,NaN
1676862000,1680.152787718627,1694.32,1676.8,1685.0449999999998,54.16777556674268,NaN,NaN
1676872800,1682.5988938593134,1699.54,1682.5988938593134,1692.3425,57.51371141994913,NaN,NaN
1676883600,1687.4706969296567,1719.89,1687.4706969296567,1703.5300000000002,62.08371069370892,NaN,NaN
1676894400,1695.5003484648284,1716.53,1695.5003484648284,1709.815,64.40040790193402,NaN,NaN
1676905200,1702.6576742324141,1715.71,1684.32,1702.0974999999999,59.585991429870525,NaN,NaN
1676916000,1702.377587116207,1711.99,1690.62,1700.6875,58.72224778048613,NaN,NaN
1676926800,1701.5325435581035,1707.25,1691.77,1701.5125000000003,59.09586546523366,NaN,NaN
1676937600,1701.5225217790519,1716.66,1698.06,1706.5175,61.379686142225964,NaN,NaN
1676948400,1704.020010889526,1709.49,1695.01,1702.6925,58.68306685701286,NaN,NaN
1676959200,1703.356255444763,1715,1672,1690.22,50.83966589633037,NaN,NaN
1676970000,1696.7881277223814,1696.7881277223814,1666.17,1674.585,43.06858736045813,NaN,NaN
1676980800,1685.6865638611907,1685.6865638611907,1662.36,1672.8675,42.30362556928567,NaN,NaN
1676991600,1679.2770319305955,1679.2770319305955,1655.46,1671.315,41.58462139079229,NaN,NaN
1677002400,1675.2960159652978,1686.69,1663.34,1674.1924999999999,43.50134862177809,NaN,NaN
1677013200,1674.7442579826488,1674.7442579826488,1636.3,1659.035,36.67484490549013,NaN,NaN
1677024000,1666.8896289913246,1666.95,1621.59,1648.29,32.7512269712703,NaN,NaN
1677034800,1657.5898144956623,1657.5898144956623,1636.14,1643.7675,31.236489117427425,NaN,NaN
1677045600,1650.678657247831,1650.678657247831,1625.01,1635.7725,28.708661659765056,NaN,NaN
1677056400,1643.2255786239157,1646.11,1629.9,1637.84,30.27994556960749,NaN,NaN
1677067200,1640.532789311958,1650.62,1626.7,1637.3999999999999,30.127758917016408,NaN,NaN
1677078000,1638.966394655979,1638.966394655979,1595.07,1615.955,23.838969986615382,NaN,NaN
1677088800,1627.4606973279895,1630,1606.3,1616.24,24.06582113655567,NaN,NaN
1677099600,1621.8503486639947,1645,1613.01,1629.7050000000002,34.05912439974928,NaN,NaN
1677110400,1625.7776743319973,1675.06,1625.7776743319973,1656.8474999999999,48.71181209370975,NaN,NaN
1677121200,1641.3125871659986,1679,1641.3125871659986,1669.4125,53.82685594415588,NaN,NaN
1677132000,1655.3625435829993,1673.21,1655.3625435829993,1666.34,52.44937250905468,NaN,NaN
1677142800,1660.8512717914996,1672.11,1631.11,1652.1675,46.53381974451396,NaN,NaN
1677153600,1656.5093858957498,1671.31,1628.75,1649.515,45.4994989405444,NaN,NaN
1677164400,1653.012192947875,1662.32,1635,1651.1575,46.295532975619274,NaN,NaN
1677175200,1652.0848464739374,1658.76,1636.99,1648.72,45.23951095900502,NaN,NaN
1677186000,1650.4024232369688,1656.51,1638.85,1649.555,45.69648169303694,NaN,NaN
1677196800,1649.9787116184843,1664.66,1646.22,1652.4700000000003,47.34832935229905,NaN,NaN
1677207600,1651.2243558092423,1651.88,1642.25,1646.935,44.57562710060338,NaN,NaN
1677218400,1649.0796779046211,1657.65,1641.08,1649.4250000000002,46.10465783117815,NaN,NaN
1677229200,1649.2523389523108,1655.88,1642.6,1649.94,46.433811527410136,NaN,NaN
1677240000,1649.5961694761554,1654.76,1629.57,1642.0900000000001,42.202873747941176,NaN,NaN
1677250800,1645.8430847380778,1645.8430847380778,1575.64,1611.1025,30.4197681372611,NaN,NaN
1677261600,1628.4727923690389,1628.4727923690389,1585.57,1603.3024999999998,28.279435711046716,NaN,NaN
1677272400,1615.8876461845193,1615.8876461845193,1594,1606.2475,30.274211755516248,NaN,NaN
1677283200,1611.0675730922596,1611.0675730922596,1595.15,1602.5575000000001,29.17912515882513,NaN,NaN
1677294000,1606.8125365461299,1606.8125365461299,1593.95,1597.6525,27.742578389079526,NaN,NaN
1677304800,1602.232518273065,1607.56,1595.78,1600.67,30.024936331058115,NaN,NaN
1677315600,1601.4512591365324,1605.31,1596,1601.2325,30.465855865560044,NaN,NaN
1677326400,1601.3418795682662,1603.84,1592.46,1598.415,29.46438236744669,NaN,NaN
1677337200,1599.8784397841332,1600.92,1594.28,1597.6425,29.181146870443172,NaN,NaN
1677348000,1598.7604698920666,1598.7604698920666,1557.33,1581.52,23.99652315801883,NaN,NaN
1677358800,1590.1402349460332,1597.32,1564.61,1582.175,24.582768049789394,NaN,NaN
1677369600,1586.1576174730167,1604.43,1586.1576174730167,1597.6475,36.95385889365724,NaN,NaN
1677380400,1591.9025587365084,1606.21,1591.9025587365084,1601.8774999999998,39.858396284941925,NaN,NaN
1677391200,1596.890029368254,1603.24,1595.61,1599.475,38.766007458340674,NaN,NaN
1677402000,1598.182514684127,1607,1598.182514684127,1602.8400000000001,41.19689056666356,NaN,NaN
1677412800,1600.5112573420636,1614.96,1595.02,1604.1925,42.19025687716784,NaN,NaN
1677423600,1602.351878671032,1607.99,1598.54,1604.35,42.31247033862358,NaN,NaN
1677434400,1603.350939335516,1651.26,1603.350939335516,1626.9675,56.52586164329239,NaN,NaN
1677445200,1615.159219667758,1649,1615.159219667758,1638.57,61.73440098278086,NaN,NaN
1677456000,1626.864609833879,1650.91,1626.864609833879,1641.2875,62.85684932942654,NaN,NaN
1677466800,1634.0760549169395,1646.1,1631.15,1637.9799999999998,60.529611755567394,NaN,NaN
1677477600,1636.0280274584698,1639.88,1632.13,1635.025,58.44753550269512,NaN,NaN
1677488400,1635.526513729235,1643.57,1633.29,1638.0749999999998,59.977766861115015,NaN,NaN
1677499200,1636.8007568646174,1665.22,1636.8007568646174,1650.7849999999999,65.65407454134743,NaN,NaN
1677510000,1643.7928784323085,1663.59,1623.67,1644.665,61.15631267593391,NaN,NaN
1677520800,1644.2289392161542,1644.2289392161542,1608,1624.655,49.27109063776387,NaN,NaN
1677531600,1634.4419696080772,1636.44,1622.11,1628.665,51.31311068841377,NaN,NaN
1677542400,1631.5534848040386,1636.23,1626.79,1631.75,52.884429850741455,NaN,NaN
1677553200,1631.6517424020194,1635.54,1622.86,1628.9074999999998,51.243385999088844,NaN,NaN
1677564000,1630.2796212010096,1630.2796212010096,1616.34,1623.5075000000002,48.184404663841704,NaN,NaN
1677574800,1626.8935606005048,1631.87,1617.77,1625.0424999999998,49.11429999010504,NaN,NaN
1677585600,1625.9680303002524,1647.52,1625.9680303002524,1635.19,54.87912876940065,NaN,NaN
1677596400,1630.5790151501262,1646.38,1630.5790151501262,1639.2325,56.9705068046786,NaN,NaN
1677607200,1634.905757575063,1645.87,1621.54,1634.6974999999998,53.94948200046088,NaN,NaN
1677618000,1634.8016287875314,1634.8016287875314,1596.66,1614.2599999999998,42.90698340945091,NaN,NaN
1677628800,1624.5308143937655,1624.5308143937655,1595,1610.91,41.410764822804126,NaN,NaN
1677639600,1617.7204071968827,1661.56,1617.7204071968827,1638.4,55.2126168598239,NaN,NaN
1677650400,1628.0602035984414,1669.72,1628.0602035984414,1656.9175,61.74922016286579,NaN,NaN
1677661200,1642.4888517992208,1660.6,1642.4888517992208,1656.6025,61.58456278789612,NaN,NaN
1677672000,1649.5456758996104,1669.65,1646.06,1656.5425,61.55089539669813,NaN,NaN
1677682800,1653.044087949805,1661.1,1641.56,1653.3399999999997,59.67565324759074,NaN,NaN
1677693600,1653.1920439749024,1657.88,1631.03,1647,56.03588274154694,NaN,NaN
1677704400,1650.0960219874512,1666.19,1639.12,1653.2675000000002,58.716548037580665,NaN,NaN
1677715200,1651.6817609937257,1677.86,1644.43,1658.9250000000002,61.02662854037983,NaN,NaN
1677726000,1655.303380496863,1655.303380496863,1642.02,1646.5225,53.90543162902881,NaN,NaN
1677736800,1650.9129402484314,1650.9129402484314,1637.72,1644.3575,52.748319115267854,NaN,NaN
1677747600,1647.6352201242157,1647.6352201242157,1637.57,1644.0624999999998,52.58269076837183,NaN,NaN
1677758400,1645.8488600621076,1645.8488600621076,1619.18,1633.9525,47.12181974905887,NaN,NaN
1677769200,1639.900680031054,1639.900680031054,1621.45,1626.325,43.455116405012305,NaN,NaN
1677780000,1633.1128400155271,1652.48,1622.86,1636.1799999999998,48.97919814740286,NaN,NaN
1677790800,1634.6464200077635,1658,1634.6464200077635,1647.675,54.55594452374762,NaN,NaN
1677801600,1641.1607100038818,1649.25,1544.39,1601.4575,37.03032729330979,NaN,NaN
1677812400,1621.309105001941,1621.309105001941,1560.48,1566.9375,29.426686025057123,NaN,NaN
1677823200,1594.1233025009706,1594.1233025009706,1563.15,1568.6675,30.200217759879067,NaN,NaN
1677834000,1581.3954012504853,1581.3954012504853,1563.91,1568.7124999999999,30.22164219906975,NaN,NaN
1677844800,1575.0539506252426,1580.87,1560.56,1569.3375,30.54053083424256,NaN,NaN
1677855600,1572.1957253126213,1575.87,1564.09,1570.8649999999998,31.366080082016765,NaN,NaN
1677866400,1571.5303626563104,1573.38,1550.75,1563.9,29.636415900182584,NaN,NaN
1677877200,1567.7151813281553,1571.29,1547.21,1561.8149999999998,29.1187566323228,NaN,NaN
1677888000,1564.7650906640774,1577.53,1564.7650906640774,1571.755,34.952088423203946,NaN,NaN
1677898800,1568.2600453320388,1572.91,1562.71,1568.615,34.00018139556231,NaN,NaN
1677909600,1568.4375226660195,1572.57,1565.28,1568.2,33.86889324218512,NaN,NaN
1677920400,1568.3187613330097,1571.23,1566.62,1568.7624999999998,34.239546837006614,NaN,NaN
1677931200,1568.5406306665047,1572.12,1566.17,1568.7075,34.21935113091661,NaN,NaN
1677942000,1568.6240653332525,1569,1560,1564.6225,32.67766452845218,NaN,NaN
1677952800,1566.6232826666262,1566.6232826666262,1549.12,1558.4175,30.434674235709807,NaN,NaN
1677963600,1562.520391333313,1568.67,1549.27,1560.58,32.1817901496247,NaN,NaN
1677974400,1561.5501956666565,1588.77,1553.05,1568.7375000000002,38.46047501345261,NaN,NaN
1677985200,1565.1438478333284,1573.57,1565.1438478333284,1569.1775000000002,38.78965051086005,NaN,NaN
1677996000,1567.1606739166643,1572,1564.7,1568.235,38.31685151814187,NaN,NaN
1678006800,1567.6978369583321,1573.07,1564.03,1567.8725,38.124376327184244,NaN,NaN
1678017600,1567.785168479166,1574.31,1567.785168479166,1569.8325,39.882772108963444,NaN,NaN
1678028400,1568.8088342395831,1572.53,1566.93,1569.15,39.46222957197502,NaN,NaN
1678039200,1568.9794171197916,1570.58,1563,1567.93,38.67713717339788,NaN,NaN
1678050000,1568.4547085598958,1579.45,1556.15,1567.4325,38.34214588990803,NaN,NaN
1678060800,1567.943604279948,1572.8,1556.42,1564.105,36.090589519281735,NaN,NaN
1678071600,1566.024302139974,1566.024302139974,1554.44,1560.4675,33.756922557520696,NaN,NaN
1678082400,1563.245901069987,1566.39,1557.57,1562.1275,35.79719732296749,NaN,NaN
1678093200,1562.6867005349936,1568.42,1560.85,1564.26,38.42108839434959,NaN,NaN
1678104000,1563.4733502674967,1575,1561.46,1567.7675,42.57793451622071,NaN,NaN
1678114800,1565.6204251337483,1583.49,1565.6204251337483,1574.585,49.68716908442016,NaN,NaN
1678125600,1570.1027125668743,1577.08,1560.75,1568.27,44.22522805852108,NaN,NaN
1678136400,1569.1863562834371,1572,1559.41,1564.6225,41.394781395180615,NaN,NaN
1678147200,1566.9044281417187,1577.94,1561.48,1570.6325000000002,47.37158567326648,NaN,NaN
1678158000,1568.7684640708594,1584.49,1568.7684640708594,1577.24,53.04170789298823,NaN,NaN
1678168800,1573.0042320354296,1574.22,1567.92,1571.725,48.35855360290872,NaN,NaN
1678179600,1572.3646160177148,1572.3646160177148,1562.34,1566.8925,44.639350756981145,NaN,NaN
1678190400,1569.6285580088575,1569.6285580088575,1557.01,1562.7475000000002,41.67843964494703,NaN,NaN
1678201200,1566.1880290044287,1573,1536.14,1558.2525,38.681995318765495,NaN,NaN
1678212000,1562.2202645022144,1563.16,1543.1,1554.0449999999998,36.06804978608423,NaN,NaN
1678222800,1558.1326322511072,1563.98,1543.19,1554.3325000000002,36.38438664096359,NaN,NaN
1678233600,1556.2325661255536,1570.89,1556.2325661255536,1563.5275000000001,45.64737159201409,NaN,NaN
1678244400,1559.8800330627769,1563.48,1548.66,1556.125,40.53075055980254,NaN,NaN
1678255200,1558.0025165313884,1558.0025165313884,1548,1551.85,37.88939121041776,NaN,NaN
1678266000,1554.9262582656943,1561.91,1552.07,1555.9474999999998,41.80412785508451,NaN,NaN
1678276800,1555.436879132847,1560.36,1545.34,1552.765,39.710606393179276,NaN,NaN
1678287600,1554.1009395664237,1566.02,1541.2,1552.445,39.496424731318704,NaN,NaN
1678298400,1553.272969783212,1561.29,1548.45,1556.055,43.21720833214867,NaN,NaN
1678309200,1554.663984891606,1561.06,1523.61,1544.2825,35.54125517801326,NaN,NaN
1678320000,1549.473242445803,1549.473242445803,1531.03,1537.815,32.161647309057884,NaN,NaN
1678330800,1543.6441212229015,1543.82,1537.34,1540.44,34.86872479131978,NaN,NaN
1678341600,1542.0420606114508,1542.0420606114508,1522.52,1533.5675,31.34236018244563,NaN,NaN
1678352400,1537.8047803057254,1537.8047803057254,1527.28,1532.61,30.873880154526944,NaN,NaN
1678363200,1535.2073901528627,1546.45,1527.04,1537.1775,35.8033077505454,NaN,NaN
1678374000,1536.1924450764313,1544.03,1521.8,1533.795,33.876674647982725,NaN,NaN
1678384800,1534.9937225382157,1534.9937225382157,1408,1470.78,16.28992132989947,NaN,NaN
1678395600,1502.8868612691078,1502.8868612691078,1414.49,1428.6825,11.860218165506467,NaN,NaN
1678406400,1465.7846806345538,1465.7846806345538,1409.23,1427.4524999999999,11.75959878664787,NaN,NaN
1678417200,1446.6185903172768,1446.6185903172768,1410.71,1421.8375,11.288768018966948,NaN,NaN
1678428000,1434.2280451586385,1434.2280451586385,1391.56,1410.2525,10.366542327546142,NaN,NaN
1678438800,1422.2402725793193,1422.2402725793193,1368.39,1392.06,9.108186125854132,NaN,NaN
1678449600,1407.1501362896597,1434.68,1382,1400.63,14.380662625213475,NaN,NaN
1678460400,1403.89006814483,1439.43,1397.02,1411.275,20.54597798309797,NaN,NaN
1678471200,1407.582534072415,1427.5,1401.97,1413.7050000000002,21.928028354018423,NaN,NaN
1678482000,1410.6437670362075,1433.45,1406.46,1421.0725000000002,26.123793091873225,NaN,NaN
1678492800,1415.8581335181038,1476,1415.8581335181038,1447.96,39.00668056174099,NaN,NaN
1678503600,1431.909066759052,1466.91,1431.909066759052,1460.37,43.87182344274419,NaN,NaN
1678514400,1446.1395333795258,1463,1408.4,1441.9575,38.912442353054416,NaN,NaN
1678525200,1444.048516689763,1444.048516689763,1416.57,1429.7325,36.00243266724116,NaN,NaN
1678536000,1436.8905083448815,1436.8905083448815,1425.55,1430.2725,36.22929205615472,NaN,NaN
1678546800,1433.5815041724409,1455.97,1422.32,1440.0425,40.34926690349672,NaN,NaN
1678557600,1436.8120020862204,1470,1436.8120020862204,1457.3799999999999,46.90476193407475,NaN,NaN
1678568400,1447.0960010431102,1478.07,1447.0960010431102,1468.405,50.6210419988135,NaN,NaN
1678579200,1457.750500521555,1472.9,1449.9,1465.09,49.499177351657856,NaN,NaN
1678590000,1461.4202502607775,1475.05,1460.45,1466.0300000000002,49.838652184750956,NaN,NaN
1678600800,1463.7251251303887,1464.98,1453.64,1461.2075000000002,48.053943923125495,NaN,NaN
1678611600,1462.4663125651946,1467.53,1459.08,1463.7475,49.088054084000056,NaN,NaN
1678622400,1463.1069062825973,1466.16,1448.3,1458.4925,47.00324746601453,NaN,NaN
1678633200,1460.7997031412988,1521.98,1450.13,1485.3525,57.04522752976523,NaN,NaN
1678644000,1473.0761015706494,1548.8,1473.0761015706494,1528.7575,67.6971753821487,NaN,NaN
1678654800,1500.9168007853245,1594.19,1500.9168007853245,1560.7375,73.00814404123196,NaN,NaN
1678665600,1530.8271503926621,1622.6,1530.8271503926621,1591.325,76.91720035868595,NaN,NaN
1678676400,1561.0760751963312,1602.29,1561.0760751963312,1593.8775,77.21376421373752,NaN,NaN
1678687200,1577.4767875981656,1615.64,1577.4767875981656,1597.02,77.59541041874937,NaN,NaN
1678698000,1587.2483937990828,1593.68,1565,1581.6499999999999,71.30483191975942,NaN,NaN
1678708800,1584.4491968995412,1649,1572.54,1611.4875,75.46338662791953,NaN,NaN
1678719600,1597.9683484497705,1693.49,1597.9683484497705,1662.3274999999999,80.6176618582499,NaN,NaN
1678730400,1630.1479242248852,1685,1630.1479242248852,1669.9575,81.25410958428687,NaN,NaN
1678741200,1650.0527121124426,1681.72,1650.0527121124426,1670.5025,81.30134021018387,NaN,NaN
1678752000,1660.2776060562214,1684,1660.2776060562214,1672.0249999999999,81.44200781634032,NaN,NaN
1678762800,1666.1513030281108,1695,1666,1675.76,81.80365555529289,NaN,NaN
1678773600,1670.9556515140553,1678.61,1655.24,1667.9175,78.35104065517277,NaN,NaN
1678784400,1669.4365757570276,1689.9,1660.87,1674.9924999999998,79.20378024682705,NaN,NaN
1678795200,1672.2145378785137,1780.02,1671.5,1723.5175,83.8906359401507,NaN,NaN
1678806000,1697.8660189392567,1777.07,1697.8660189392567,1759.9650000000001,86.37454204979736,NaN,NaN
1678816800,1728.9155094696284,1758.13,1684.87,1724.7399999999998,74.42992332623506,NaN,NaN
1678827600,1726.827754734814,1726.827754734814,1659.29,1692.23,65.43591356026732,NaN,NaN
1678838400,1709.528877367407,1716.9,1679.95,1701.0575000000001,66.61556907130768,NaN,NaN
1678849200,1705.2931886837036,1708.76,1696.73,1703.0099999999998,66.88478189167195,NaN,NaN
1678860000,1704.1515943418517,1706.73,1692.65,1698.94,65.69552521227565,NaN,NaN
1678870800,1701.5457971709259,1701.5457971709259,1650.54,1681.8175,60.79780853503535,NaN,NaN
1678881600,1691.6816485854629,1698.29,1628.94,1665.5275,56.48343666906997,NaN,NaN
1678892400,1678.6045742927313,1678.6045742927313,1611,1637.995,50.02238398268533,NaN,NaN
1678903200,1658.2997871463656,1658.2997871463656,1620.58,1638.1375,50.05422850914892,NaN,NaN
1678914000,1648.2186435731828,1664.64,1641.12,1650.69,52.90111365622354,NaN,NaN
1678924800,1649.4543217865914,1659.71,1632.18,1647.9,52.18906544899418,NaN,NaN
1678935600,1648.6771608932959,1651.11,1636.6,1645.4449999999997,51.531783459220115,NaN,NaN
1678946400,1647.0610804466478,1659.9,1643.88,1650.4425,52.83401179191038,NaN,NaN
1678957200,1648.751790223324,1669.99,1639.22,1655.8125,54.25623631018006,NaN,NaN
1678968000,1652.282145111662,1666.73,1635.96,1655.5549999999998,54.17188326057515,NaN,NaN
1678978800,1653.918572555831,1666.62,1652.66,1658.67,55.08167128155026,NaN,NaN
1678989600,1656.2942862779155,1691.42,1652.53,1664.1275,56.703414995544506,NaN,NaN
1679000400,1660.2108931389578,1681.78,1654.66,1666.6174999999998,57.458100140028115,NaN,NaN
1679011200,1663.414196569479,1725,1662.65,1691.2725,64.12591243210605,NaN,NaN
1679022000,1677.3433482847395,1712.65,1677.3433482847395,1704.0025,67.00175682388027,NaN,NaN
1679032800,1690.6729241423698,1730.99,1690.6729241423698,1712.1625,68.73209028817288,NaN,NaN
1679043600,1701.4177120711847,1763.97,1701.4177120711847,1737.05,73.32618478671407,NaN,NaN
1679054400,1719.2338560355925,1762.1,1703.02,1734.345,72.08645952534718,NaN,NaN
1679065200,1726.7894280177961,1732.57,1707,1719.0674999999999,65.36475095666609,NaN,NaN
1679076000,1722.9284640088981,1754.97,1713.76,1733.945,68.44998362874051,NaN,NaN
1679086800,1728.436732004449,1800,1728.436732004449,1767.6350000000002,74.08053979691249,NaN,NaN
1679097600,1748.0358660022246,1831.34,1748.0358660022246,1798.4599999999998,77.95680138580038,NaN,NaN
1679108400,1773.2479330011122,1815.43,1773.2479330011122,1809.0575,79.11329207840454,NaN,NaN
1679119200,1791.152716500556,1821.4,1790.92,1808.6925,78.95963704403528,NaN,NaN
1679130000,1799.922608250278,1818,1799.922608250278,1810.4924999999998,79.17444885921527,NaN,NaN
1679140800,1805.2075541251388,1841,1803.31,1817.9225,80.07856963168562,NaN,NaN
1679151600,1811.5650270625692,1815.62,1747.47,1790.91,68.44455747735121,NaN,NaN
1679162400,1801.2375135312845,1801.2375135312845,1780.33,1789.5625,67.91449827339132,NaN,NaN
1679173200,1795.4000067656423,1795.4000067656423,1751,1773.0575000000001,61.619770214597665,NaN,NaN
1679184000,1784.2287533828212,1786.16,1757.92,1770.175,60.564004558845234,NaN,NaN
1679194800,1777.2018766914107,1786.65,1774.58,1779.1175,62.69921062495107,NaN,NaN
1679205600,1778.1596883457055,1779.96,1761.6,1773.1925,60.36703670810043,NaN,NaN
1679216400,1775.6760941728528,1788.58,1765.78,1778.1899999999998,61.662346129187,NaN,NaN
1679227200,1776.9330470864263,1795,1773.26,1784.78,63.36276892340495,NaN,NaN
1679238000,1780.8565235432131,1833.18,1780.8565235432131,1803.31,67.70084562313207,NaN,NaN
1679248800,1792.0832617716064,1841.36,1788,1807.96,68.70234034127859,NaN,NaN
1679259600,1800.0216308858032,1812.12,1773.98,1790.1525000000001,60.912976087121194,NaN,NaN
1679270400,1795.0870654429018,1795.0870654429018,1750.4,1770.7775000000001,53.76978565172345,NaN,NaN
1679281200,1782.932282721451,1782.932282721451,1736.57,1757.695,49.54489890320522,NaN,NaN
1679292000,1770.3136413607253,1803.05,1753.24,1776.0175,54.89079606339759,NaN,NaN
1679302800,1773.1655706803626,1794,1766.41,1782.105,56.53842681440589,NaN,NaN
1679313600,1777.6352853401813,1782.54,1752.27,1772.115,53.1100938676362,NaN,NaN
1679324400,1774.8751426700906,1777.7,1746.33,1761.3575,49.62082974968447,NaN,NaN
1679335200,1768.1163213350453,1768.1163213350453,1741.07,1753.28,47.117657357269174,NaN,NaN
1679346000,1760.6981606675226,1761,1722,1743.34,44.16508907609591,NaN,NaN
1679356800,1752.0190803337614,1757.64,1728.95,1742.0249999999999,43.77428474273726,NaN,NaN
1679367600,1747.0220401668807,1754.17,1736.3,1744.91,44.92570523023044,NaN,NaN
1679378400,1745.9660200834405,1746.45,1717.01,1735.2575000000002,41.83857782191088,NaN,NaN
1679389200,1740.6117600417203,1767.77,1734.53,1750.1925,47.81394031757774,NaN,NaN
1679400000,1745.40213002086,1835,1745.40213002086,1790.0375,59.707391854926236,NaN,NaN
1679410800,1767.71981501043,1825.98,1767.71981501043,1802.24,62.52424050188832,NaN,NaN
1679421600,1784.9799075052151,1803.53,1774.04,1791.1775,58.52938354793791,NaN,NaN
1679432400,1788.0787037526075,1805.75,1781.92,1796.4675000000002,59.850437918957866,NaN,NaN
1679443200,1792.2731018763038,1802.09,1778.02,1793.885,58.864603971084854,NaN,NaN
1679454000,1793.0790509381518,1807.66,1789.99,1798.875,60.22780800607657,NaN,NaN
1679464800,1795.977025469076,1804.18,1783.02,1794.2050000000002,58.28121657548008,NaN,NaN
1679475600,1795.091012734538,1795.091012734538,1781.1,1786.5425,55.13256751442017,NaN,NaN
1679486400,1790.8167563672691,1818,1783.23,1797.115,58.466707995791445,NaN,NaN
1679497200,1793.9658781836347,1819.98,1776.08,1796.31,58.112608007141034,NaN,NaN
1679508000,1795.1379390918173,1810.93,1710.12,1760.1975,44.958171031657685,NaN,NaN
1679518800,1777.6677195459088,1777.6677195459088,1713.46,1729.715,37.28589555692855,NaN,NaN
1679529600,1753.6913597729545,1753.6913597729545,1729.35,1736.94,39.90368867210686,NaN,NaN
1679540400,1745.3156798864773,1752.22,1730.17,1742.6799999999998,41.97591469628275,NaN,NaN
1679551200,1743.9978399432384,1756.82,1743.9978399432384,1750.5825,44.79806972516668,NaN,NaN
1679562000,1747.2901699716192,1759,1744.75,1752.4950000000001,45.48906930591546,NaN,NaN
1679572800,1749.8925849858097,1806.62,1741.33,1776.5674999999999,53.396672703485606,NaN,NaN
1679583600,1763.2300424929049,1857.16,1763.2300424929049,1822.0549999999998,64.01844084582163,NaN,NaN
1679594400,1792.6425212464524,1829.88,1792.42,1816.1275,62.03428469034381,NaN,NaN
1679605200,1804.3850106232262,1821.11,1802.55,1813.3125,61.066310105568846,NaN,NaN
1679616000,1808.848755311613,1818.99,1806.51,1812.165,60.65085121731378,NaN,NaN
1679626800,1810.5068776558064,1815.29,1803.12,1809.915,59.79187126390492,NaN,NaN
1679637600,1810.2109388279032,1817.48,1787.74,1802.9925,57.11185444296069,NaN,NaN
1679648400,1806.6017194139517,1806.6017194139517,1776.78,1790.2824999999998,52.46231344215812,NaN,NaN
1679659200,1798.4421097069758,1798.4421097069758,1756.87,1774.7524999999998,47.38604193351805,NaN,NaN
1679670000,1786.597304853488,1786.597304853488,1726.4,1749.54,40.52959920523983,NaN,NaN
1679680800,1768.068652426744,1768.068652426744,1736.08,1747.3325,39.984086238469885,NaN,NaN
1679691600,1757.700576213372,1757.700576213372,1728.47,1745.1299999999999,39.414074252735205,NaN,NaN
1679702400,1751.415288106686,1762.43,1746.48,1754.2849999999999,43.04844724577212,NaN,NaN
1679713200,1752.8501440533428,1759.12,1741.77,1750.8975,42.043457093140916,NaN,NaN
1679724000,1751.8738220266714,1752.8,1736.05,1744.0675,40.01505603773526,NaN,NaN
1679734800,1747.9706610133358,1750.61,1739.98,1744.8049999999998,40.349708468088224,NaN,NaN
1679745600,1746.3878305066678,1758.8,1738.78,1747.7849999999999,41.76350171205641,NaN,NaN
1679756400,1747.0864152533338,1763.23,1740.74,1749.155,42.43894834006396,NaN,NaN
1679767200,1748.120707626667,1748.120707626667,1713.09,1733.6000000000001,37.167889995874056,NaN,NaN
1679778000,1740.8603538133334,1743.92,1728.02,1736.095,38.48760770816264,NaN,NaN
1679788800,1738.4776769066666,1756.61,1738.4776769066666,1747.5974999999999,44.29643867084139,NaN,NaN
1679799600,1743.0375884533332,1754.87,1743.0375884533332,1751.6725,46.23356273089065,NaN,NaN
1679810400,1747.3550442266665,1787.64,1747.3550442266665,1766.355,52.62606658264663,NaN,NaN
1679821200,1756.8550221133332,1782.31,1756.8550221133332,1775.305,56.05586333278709,NaN,NaN
1679832000,1766.0800110566665,1801,1753.02,1773.855,55.356620285906736,NaN,NaN
1679842800,1769.9675055283333,1769.9675055283333,1754.33,1763.6875,50.591082221097295,NaN,NaN
1679853600,1766.8275027641666,1771.82,1754.39,1763.3850000000002,50.45192172436155,NaN,NaN
1679864400,1765.1062513820834,1783.7,1757.01,1768.7350000000001,52.91855653554118,NaN,NaN
1679875200,1766.9206256910418,1780.48,1758.94,1769.7075,53.372954575542664,NaN,NaN
1679886000,1768.3140628455208,1768.3140628455208,1747.23,1757.7375,47.31934227676063,NaN,NaN
1679896800,1763.0257814227602,1763.0257814227602,1746.57,1753.0449999999998,45.157053143317846,NaN,NaN
1679907600,1758.03539071138,1770.2,1754.49,1761.5775,49.661410208719126,NaN,NaN
1679918400,1759.80644535569,1769.33,1719.37,1743.4675,41.811957691355914,NaN,NaN
1679929200,1751.6369726778448,1751.6369726778448,1686.13,1711.45,32.139906625670804,NaN,NaN
1679940000,1731.5434863389223,1731.5434863389223,1696.29,1707.8625,31.267145315631723,NaN,NaN
1679950800,1719.702993169461,1719.702993169461,1706,1711.5400000000002,33.26761948201897,NaN,NaN
1679961600,1715.6214965847307,1726.94,1701.13,1714.2500000000002,34.77418957594247,NaN,NaN
1679972400,1714.9357482923656,1724.31,1709.25,1717.8925000000002,36.83824735438421,NaN,NaN
1679983200,1716.414124146183,1735.93,1716.414124146183,1727.4799999999998,42.037489602825474,NaN,NaN
1679994000,1721.9470620730913,1754.48,1709.87,1734.4724999999999,45.55743738776525,NaN,NaN
1680004800,1728.2097810365456,1751.41,1728.2097810365456,1741.735,49.02022087319791,NaN,NaN
1680015600,1734.9723905182727,1747.53,1727.35,1737.835,47.28107015233361,NaN,NaN
1680026400,1736.4036952591364,1795.73,1735.33,1760.5049999999999,56.86174546910265,NaN,NaN
1680037200,1748.454347629568,1777.75,1748.454347629568,1771.82,60.700612261703505,NaN,NaN
1680048000,1760.137173814784,1788.99,1760.137173814784,1778.4724999999999,62.79682560094448,NaN,NaN
1680058800,1769.304836907392,1799,1769.304836907392,1785.775,65.00353545547753,NaN,NaN
1680069600,1777.539918453696,1827.99,1777.539918453696,1806.1575,70.29902910219009,NaN,NaN
1680080400,1791.8487092268479,1824.76,1791.8487092268479,1815.4025000000001,72.34320506000331,NaN,NaN
1680091200,1803.625604613424,1816.42,1792.43,1804.18,66.37152151296303,NaN,NaN
1680102000,1803.9028023067121,1809.62,1791.88,1799.1625,63.83442807568418,NaN,NaN
1680112800,1801.532651153356,1812,1795.89,1802.4675000000002,64.78919937290613,NaN,NaN
1680123600,1802.0000755766782,1805.84,1782.71,1796.2749999999999,61.512428137416435,NaN,NaN
1680134400,1799.1375377883392,1829.69,1776.43,1803.9950000000001,63.959624323568406,NaN,NaN
1680145200,1801.5662688941698,1817.84,1766.5,1799.5674999999999,61.542765754242666,NaN,NaN
1680156000,1800.5668844470847,1813.27,1792.8,1800.58,61.89735179882247,NaN,NaN
1680166800,1800.5734422235423,1807.27,1793.4,1801.105,62.09252375629256,NaN,NaN
1680177600,1800.8392211117712,1805.88,1786.5,1798.0025,60.13229303083202,NaN,NaN
1680188400,1799.4208605558856,1799.4208605558856,1763,1781.1975,50.7808386589203,NaN,NaN
1680199200,1790.3091802779427,1798.96,1767.21,1782.8975,51.600820957389395,NaN,NaN
1680210000,1786.6033401389714,1800,1781.84,1792.6725,56.12689039845674,NaN,NaN
1680220800,1789.6379200694855,1817.99,1789.42,1801.0475000000001,59.611792110198834,NaN,NaN
1680231600,1795.3427100347428,1808.72,1792.63,1800.2875000000001,59.15261574000326,NaN,NaN
1680242400,1797.8151050173715,1800,1777.91,1791.1299999999999,53.77740818741996,NaN,NaN
1680253200,1794.4725525086856,1799.72,1787.12,1792.4325000000001,54.41194646002089,NaN,NaN
1680264000,1793.452526254343,1847.28,1790.56,1816.8674999999998,64.31034922732478,NaN,NaN
1680274800,1805.1600131271714,1842.28,1805.1600131271714,1830.8974999999998,68.53483709576344,NaN,NaN
1680285600,1818.0287565635856,1831.71,1813.95,1822.2224999999999,63.52767954200904,NaN,NaN
1680296400,1820.1256282817926,1830.03,1815.2,1821.1125000000002,62.89449444945785,NaN,NaN
1680307200,1820.6190641408964,1842.83,1819.61,1828.3025,65.30664590413802,NaN,NaN
1680318000,1824.4607820704482,1829.68,1820.19,1826.1775,63.98277983295917,NaN,NaN
1680328800,1825.3191410352242,1828.44,1812.12,1822.85,61.86785213637964,NaN,NaN
1680339600,1824.084570517612,1828.66,1822.25,1825.0525,62.745644919301654,NaN,NaN
1680350400,1824.5685352588062,1827.13,1814.51,1820.635,59.773599310036296,NaN,NaN
1680361200,1822.6017676294032,1824.33,1807.81,1816.4575,57.02288400022214,NaN,NaN
1680372000,1819.5296338147016,1824.7,1811.4,1817.39,57.49311641958059,NaN,NaN
1680382800,1818.4598169073508,1825.72,1815.99,1819.7825,58.74046382978719,NaN,NaN
1680393600,1819.1211584536754,1823.61,1809.73,1816.9775,56.641856217372734,NaN,NaN
1680404400,1818.0493292268377,1822.56,1812.11,1817.58,56.997241189916664,NaN,NaN
1680415200,1817.8146646134187,1824.81,1816.34,1820.3375,58.667054384098805,NaN,NaN
1680426000,1819.0760823067094,1823.66,1815.25,1818.6675,57.217983105426995,NaN,NaN
1680436800,1818.8717911533547,1819.91,1805.01,1813.795,53.097134939976264,NaN,NaN
1680447600,1816.3333955766775,1816.3333955766775,1785.12,1803.1599999999999,45.409827506115164,NaN,NaN
1680458400,1809.7466977883387,1809.7466977883387,1771.7,1790.9025,38.49263456056867,NaN,NaN
1680469200,1800.3245988941694,1800.3245988941694,1778.02,1789.1775,37.62403952948921,NaN,NaN
1680480000,1794.7510494470848,1794.7510494470848,1762.77,1781.7675,34.06775121317466,NaN,NaN
1680490800,1788.2592747235424,1788.2592747235424,1772.54,1777.1625000000001,32.04085396350361,NaN,NaN
1680501600,1782.7108873617713,1817.5,1777.59,1796.4375,46.41236134068024,NaN,NaN
1680512400,1789.5741936808856,1814.6,1789.5741936808856,1808.9825,53.329934791620644,NaN,NaN
1680523200,1799.2783468404427,1822.35,1791.1,1803.6049999999998,50.33066023597421,NaN,NaN
1680534000,1801.4416734202214,1806.86,1788.64,1797.35,47.01825647189474,NaN,NaN
1680544800,1799.3958367101106,1839.99,1776,1799.1625000000001,48.08446790724916,NaN,NaN
1680555600,1799.2791683550554,1818.18,1768.27,1794.255,45.41930041688868,NaN,NaN
1680566400,1796.7670841775277,1816.83,1796.7670841775277,1809.3100000000002,53.86696816705659,NaN,NaN
1680577200,1803.038542088764,1812.84,1803.038542088764,1808.1825,53.20283831353817,NaN,NaN
1680588000,1805.610521044382,1825,1805.610521044382,1816.175,57.22848691059831,NaN,NaN
1680598800,1810.892760522191,1875,1810.892760522191,1845.7624999999998,68.150997851339,NaN,NaN
1680609600,1828.3276302610955,1891.91,1828.3276302610955,1869.45,73.89795596672639,NaN,NaN
1680620400,1848.8888151305478,1873.74,1848.8888151305478,1864.9824999999998,71.2853581768242,NaN,NaN
1680631200,1856.9356575652737,1887,1856.9356575652737,1874.4250000000002,73.4239945510401,NaN,NaN
1680642000,1865.680328782637,1878.22,1859.21,1871.455,71.61721521619087,NaN,NaN
1680652800,1868.5676643913184,1925,1864.58,1892.68,76.13656536532082,NaN,NaN
1680663600,1880.6238321956594,1918,1880.6238321956594,1911.3450000000003,79.26351638345635,NaN,NaN
1680674400,1895.9844160978298,1915.02,1895.9844160978298,1910.3625,78.67908079668658,NaN,NaN
1680685200,1903.1734580489149,1921.7,1903.1734580489149,1913.8224999999998,79.25906981458249,NaN,NaN
1680696000,1908.4979790244574,1942.98,1889.45,1911.11,77.47964437171987,NaN,NaN
1680706800,1909.8039895122288,1909.8039895122288,1882.31,1895.7925000000002,68.17200180364303,NaN,NaN
1680717600,1902.7982447561144,1918,1891.1,1903.2475,70.05733033435175,NaN,NaN
1680728400,1903.0228723780572,1913.69,1903.0228723780572,1908.4650000000001,71.33700275515042,NaN,NaN
1680739200,1905.7439361890288,1909.91,1885.95,1899.6399999999999,66.18468392199213,NaN,NaN
1680750000,1902.6919680945143,1902.6919680945143,1880,1890.4475,61.22429982391015,NaN,NaN
1680760800,1896.569734047257,1896.569734047257,1870.2,1882.69,57.32005338602592,NaN,NaN
1680771600,1889.6298670236285,1889.6298670236285,1853.7,1871.8825000000002,52.314799577456164,NaN,NaN
1680782400,1880.7561835118145,1880.7561835118145,1854.66,1866.8925,50.13786518055289,NaN,NaN
1680793200,1873.8243417559072,1882.99,1867.24,1873.3174999999999,52.85797405882185,NaN,NaN
1680804000,1873.5709208779535,1879.22,1863.16,1870.1149999999998,51.35416807953664,NaN,NaN
1680814800,1871.8429604389767,1873.54,1860,1867.315,50.014399077920935,NaN,NaN
1680825600,1869.5789802194884,1882.61,1866,1873.6825000000001,53.01630450433517,NaN,NaN
1680836400,1871.6307401097442,1879,1865,1872.0925000000002,52.173713742011564,NaN,NaN
1680847200,1871.8616200548722,1871.8616200548722,1841.46,1858.5149999999999,45.52063152281621,NaN,NaN
1680858000,1865.188310027436,1865.188310027436,1843.35,1850.7725,42.21479121204695,NaN,NaN
1680868800,1857.9804050137182,1863.36,1842.7,1852.92,43.44168425124305,NaN,NaN
1680879600,1855.4502025068591,1861.91,1851.34,1857.115,45.8598866754913,NaN,NaN
1680890400,1856.2826012534297,1859.8,1851.23,1855.6499999999999,45.13412907354013,NaN,NaN
1680901200,1855.9663006267147,1872,1852.39,1860.1850000000002,47.883649573158095,NaN,NaN
1680912000,1858.0756503133575,1865.97,1854.62,1862.395,49.2191808176476,NaN,NaN
1680922800,1860.2353251566788,1878.6,1860.2353251566788,1871.615,54.46213489884622,NaN,NaN
1680933600,1865.9251625783395,1879.38,1865.9251625783395,1873.2675000000002,55.351898386304555,NaN,NaN
1680944400,1869.59633128917,1873.18,1865.5,1868.4524999999999,52.15424710094967,NaN,NaN
1680955200,1869.024415644585,1871.22,1862,1867.3725,51.436482575686995,NaN,NaN
1680966000,1868.1984578222923,1869.47,1853.87,1862.98,48.512221329774384,NaN,NaN
1680976800,1865.5892289111462,1865.5892289111462,1847.33,1855.725,44.056991861488434,NaN,NaN
1680987600,1860.657114455573,1860.657114455573,1847,1851.5,41.65767334063717,NaN,NaN
1680998400,1856.0785572277864,1859.6,1846.97,1852.395,42.37361143953333,NaN,NaN
1681009200,1854.2367786138932,1855.62,1848.82,1851.9875,42.12017378243037,NaN,NaN
1681020000,1853.1121393069466,1853.1121393069466,1824.01,1840.13,35.471881635405424,NaN,NaN
1681030800,1846.6210696534733,1846.6210696534733,1827.04,1836.0675,33.51976471134218,NaN,NaN
1681041600,1841.3442848267368,1845.53,1826.25,1836.1425,33.592424110136676,NaN,NaN
1681052400,1838.7433924133684,1843.64,1831.18,1837.1625000000001,34.63869361629638,NaN,NaN
1681063200,1837.9529462066844,1866.75,1837.9529462066844,1850.2975000000001,46.358965229542704,NaN,NaN
1681074000,1844.1252231033423,1873.99,1844.1252231033423,1861.2025,53.77062170137254,NaN,NaN
1681084800,1852.6638615516713,1863.46,1846.4,1856.0175000000002,50.2177222334716,NaN,NaN
1681095600,1854.3406807758356,1866.01,1853.62,1858.7524999999998,52.01867911056403,NaN,NaN
1681106400,1856.5465903879176,1862.73,1855.03,1858.7675,52.02892917451778,NaN,NaN
1681117200,1857.6570451939588,1862.64,1855.24,1858.2775,51.64083498938625,NaN,NaN
1681128000,1857.9672725969795,1860.88,1847.18,1855.615,49.481055449963876,NaN,NaN
1681138800,1856.7911362984896,1904.99,1856.37,1878.3025,63.49243139743041,NaN,NaN
1681149600,1867.5468181492447,1899.03,1867.5468181492447,1889.2725,68.09953704877697,NaN,NaN
1681160400,1878.4096590746224,1918.79,1878.4096590746224,1899.1274999999998,71.57049422888136,NaN,NaN
1681171200,1888.768579537311,1937.37,1888.768579537311,1919.9399999999998,77.21008177363218,NaN,NaN
1681182000,1904.3542897686555,1924.58,1904.3542897686555,1917.245,75.13172269990145,NaN,NaN
1681192800,1910.7996448843278,1926.71,1910.7996448843278,1918.0275000000001,75.33929164426856,NaN,NaN
1681203600,1914.413572442164,1922.84,1910.26,1916.8,74.29173143619505,NaN,NaN
1681214400,1915.606786221082,1922.91,1904,1913.185,71.15391353311048,NaN,NaN
1681225200,1914.395893110541,1918.5,1891.2,1906.6125,65.71908622089495,NaN,NaN
1681236000,1910.5041965552705,1917,1881.11,1899.4275,60.297033170978764,NaN,NaN
1681246800,1904.9658482776354,1904.9658482776354,1882.99,1890.81,54.49031476286435,NaN,NaN
1681257600,1897.8879241388177,1897.8879241388177,1852.65,1876.1274999999998,46.3077107474868,NaN,NaN
1681268400,1887.0077120694086,1887.0077120694086,1857.34,1863.9099999999999,40.815308646453765,NaN,NaN
1681279200,1875.4588560347042,1875.76,1860.99,1866.705,42.49563625532618,NaN,NaN
1681290000,1871.081928017352,1873.59,1864.04,1869.04,43.92789406687908,NaN,NaN
1681300800,1870.060964008676,1933,1867.05,1896.7925,57.48252676913858,NaN,NaN
1681311600,1883.426732004338,1922.92,1883.426732004338,1911.9499999999998,62.77528884571851,NaN,NaN
1681322400,1897.688366002169,1919.45,1893.35,1908.5749999999998,60.955753434460966,NaN,NaN
1681333200,1903.1316830010844,1930.37,1903.1316830010844,1915.0225,63.15298753576355,NaN,NaN
1681344000,1909.0770915005423,1920.76,1899.55,1911.1875,60.95567355300611,NaN,NaN
1681354800,1910.1322957502712,1920.19,1905.67,1912.9750000000001,61.62587000917872,NaN,NaN
1681365600,1911.5536478751355,1978,1907.7,1941.97,70.47806164083222,NaN,NaN
1681376400,1926.761823937568,1996.1,1926.761823937568,1976.9675000000002,77.28827813390285,NaN,NaN
1681387200,1951.864661968784,2008.39,1951.864661968784,1995.0475000000001,79.87156241628918,NaN,NaN
1681398000,1973.456080984392,2016.42,1973.456080984392,2004.2875,81.05738650152327,NaN,NaN
1681408800,1988.871790492196,2023,1988.871790492196,2009.98,81.7699345912572,NaN,NaN
1681419600,1999.425895246098,2017.02,1999.425895246098,2009.665,81.58704554862041,NaN,NaN
1681430400,2004.5454476230489,2128.76,2004.5454476230489,2063.085,86.92708518606062,NaN,NaN
1681441200,2033.8152238115244,2123.39,2033.8152238115244,2110.67,89.77247834431364,NaN,NaN
1681452000,2072.2426119057623,2124.52,2072.2426119057623,2113.12,89.89443656466023,NaN,NaN
1681462800,2092.6813059528813,2119.89,2092.6813059528813,2112.6825,89.68876447133411,NaN,NaN
1681473600,2102.6819029764406,2125,2080.15,2103.655,85.34948538151637,NaN,NaN
1681484400,2103.1684514882204,2103.1684514882204,2042.08,2076.4675,73.773305980135,NaN,NaN
1681495200,2089.8179757441103,2121.47,2071.92,2093.6,75.98387195812171,NaN,NaN
1681506000,2091.7089878720553,2111.61,2091.7089878720553,2102.965,77.11915391713374,NaN,NaN
1681516800,2097.3369939360277,2106.11,2071.13,2091.57,72.62080600158096,NaN,NaN
1681527600,2094.453496968014,2094.453496968014,2081.6,2088.4975,71.41126729308274,NaN,NaN
1681538400,2091.475498484007,2105,2083.66,2093.6175000000003,72.24097600808533,NaN,NaN
1681549200,2092.546499242004,2111.85,2092.546499242004,2101.1549999999997,73.46204512274319,NaN,NaN
1681560000,2096.850749621002,2108.01,2092.93,2099.3025000000002,72.61659592652686,NaN,NaN
1681570800,2098.076624810501,2108.98,2088.38,2095.87,70.9864115146126,NaN,NaN
1681581600,2096.9733124052505,2102.67,2082.75,2090.605,68.44815725775567,NaN,NaN
1681592400,2093.7891562026252,2098.38,2082.01,2089.4925000000003,67.89571285120766,NaN,NaN
1681603200,2091.6408281013128,2095.32,2072.72,2086.8849999999998,66.54015025138898,NaN,NaN
1681614000,2089.262914050656,2100.23,2084.99,2092.4325,68.00378757031008,NaN,NaN
1681624800,2090.847707025328,2102.6,2090.847707025328,2097.5775,69.343184442642,NaN,NaN
1681635600,2094.212603512664,2097.76,2082.64,2091.1475,65.64472533140358,NaN,NaN
1681646400,2092.680051756332,2095.35,2076.02,2087.0024999999996,63.300900383840414,NaN,NaN
1681657200,2089.841275878166,2108.09,2087.11,2095.8,66.06994129396381,NaN,NaN
1681668000,2092.820637939083,2141.54,2092.820637939083,2114.605,71.09110321847963,NaN,NaN
1681678800,2103.7128189695413,2131.77,2103.7128189695413,2121,72.57731755009068,NaN,NaN
1681689600,2112.3564094847707,2120.51,2072,2102.7075,62.65480794918128,NaN,NaN
1681700400,2107.531954742385,2107.531954742385,2091.23,2099.4849999999997,61.070794975990765,NaN,NaN
1681711200,2103.5084773711924,2103.5084773711924,2085.95,2097.1025,59.86573866033802,NaN,NaN
1681722000,2100.305488685596,2100.305488685596,2065.94,2084.7075,53.90622283693944,NaN,NaN
1681732800,2092.506494342798,2092.506494342798,2056.25,2073.3424999999997,49.08164483235705,NaN,NaN
1681743600,2082.924497171399,2088.73,2064.16,2077.9275000000002,50.9874661009918,NaN,NaN
1681754400,2080.4259985856997,2087,2074.01,2079.495,51.653695781543036,NaN,NaN
1681765200,2079.96049929285,2083.75,2067,2075.24,49.67958518312598,NaN,NaN
1681776000,2077.600249646425,2084.68,2051,2072.6675,48.47339979478653,NaN,NaN
1681786800,2075.1338748232124,2092.77,2075.1338748232124,2085.1125,54.25920741128694,NaN,NaN
1681797600,2080.1231874116065,2110.61,2080.1231874116065,2096.2475,58.725009630449996,NaN,NaN
1681808400,2088.1853437058035,2125,2088.1853437058035,2108.3875,62.969876802859105,NaN,NaN
1681819200,2098.2864218529016,2120.98,2089.94,2106.67,61.998426618324814,NaN,NaN
1681830000,2102.4782109264506,2102.4782109264506,2073.66,2086.88,52.03676639276642,NaN,NaN
1681840800,2094.6791054632254,2097.4,2069.91,2084.0125000000003,50.76399854677675,NaN,NaN
1681851600,2089.345802731613,2107.96,2086.3,2097.7775,56.29074759184083,NaN,NaN
1681862400,2093.5616513658065,2104.6,2089,2097.32,56.06548859467253,NaN,NaN
1681873200,2095.4408256829033,2096.98,2082.5,2090.2075,52.54508015815355,NaN,NaN
1681884000,2092.8241628414517,2092.8241628414517,1966,2033.4099999999999,34.12031122857621,NaN,NaN
1681894800,2063.1170814207258,2063.1170814207258,1962.06,1980.6150000000002,25.255428574604252,NaN,NaN
1681905600,2021.866040710363,2021.866040710363,1969.34,1988.2475,28.161305013846757,NaN,NaN
1681916400,2005.0567703551815,2005.0567703551815,1964.84,1984.7175,27.62635445795169,NaN,NaN
1681927200,1994.8871351775906,1994.8871351775906,1972.97,1980.4724999999999,26.963043083045207,NaN,NaN
1681938000,1987.6798175887952,1987.6798175887952,1923.03,1954.3249999999998,23.258661297896708,NaN,NaN
1681948800,1971.0024087943975,1971.0024087943975,1927.39,1938.5750000000003,21.355435416415418,NaN,NaN
1681959600,1954.788704397199,1959.54,1923.69,1943.855,23.612106188494437,NaN,NaN
1681970400,1949.3218521985996,1964.56,1946.08,1953.56,27.71771588224233,NaN,NaN
1681981200,1951.4409260992998,1962.88,1937.68,1947.6625000000001,26.77592454143526,NaN,NaN
1681992000,1949.55171304965,1982.99,1936.04,1956.8,30.70459683390237,NaN,NaN
1682002800,1953.1758565248251,1968.89,1914.43,1946.8175,28.881505813791023,NaN,NaN
1682013600,1949.9966782624126,1949.9966782624126,1916.06,1933.63,26.631859325938635,NaN,NaN
1682024400,1941.8133391312062,1955.02,1935.84,1942.9775,30.749380066585445,NaN,NaN
1682035200,1942.395419565603,1957.27,1934.5,1944.9825,31.635641018140078,NaN,NaN
1682046000,1943.6889597828017,1950.06,1926.14,1937.2275,30.03456691919844,NaN,NaN
1682056800,1940.4582298914008,1940.4582298914008,1898,1920.1025,26.80805310010379,NaN,NaN
1682067600,1930.2803649457005,1930.2803649457005,1902.25,1914.7675000000002,25.875467122369344,NaN,NaN
1682078400,1922.5239324728504,1923.61,1890.6,1907.7275,24.656537547190894,NaN,NaN
1682089200,1915.1257162364252,1915.1257162364252,1871.79,1893.415,22.351275735245252,NaN,NaN
1682100000,1904.2703581182127,1904.2703581182127,1825,1859.03,17.997721930348987,NaN,NaN
1682110800,1881.6501790591064,1881.6501790591064,1831.22,1843.2549999999999,16.4177802346358,NaN,NaN
1682121600,1862.4525895295533,1862.4525895295533,1846,1852.0225,20.590206582683095,NaN,NaN
1682132400,1857.2375447647767,1864.85,1852.8,1859.335,23.998009969491775,NaN,NaN
1682143200,1858.2862723823882,1865.15,1845.39,1856.1475,23.524114297301224,NaN,NaN
1682154000,1857.2168861911941,1857.2168861911941,1841.64,1849.3950000000002,22.51001075787994,NaN,NaN
1682164800,1853.3059430955973,1869,1845.91,1858.0875,26.87990146752034,NaN,NaN
1682175600,1855.6967215477987,1887.31,1855.6967215477987,1873.3925,33.94332139050141,NaN,NaN
1682186400,1864.5446107738994,1882.35,1864.5446107738994,1875.5874999999999,34.91438822896555,NaN,NaN
1682197200,1870.0660553869498,1879.37,1864.13,1871.75,33.97406229024011,NaN,NaN
1682208000,1870.9080276934749,1874.17,1846.45,1863.395,31.956111128093283,NaN,NaN
1682218800,1867.1515138467375,1869.66,1857.9,1863.3375,31.942049615944313,NaN,NaN
1682229600,1865.2445069233688,1877,1864.21,1870.6525000000001,35.81164468353589,NaN,NaN
1682240400,1867.9485034616846,1876.45,1863.18,1872.1200000000001,36.590557859183065,NaN,NaN
1682251200,1870.0342517308422,1882.01,1860,1870.53,36.07970076710211,NaN,NaN
1682262000,1870.2821258654212,1872.69,1847.94,1861.2225,33.16106765808679,NaN,NaN
1682272800,1865.7523129327105,1865.7523129327105,1836.37,1851.3425,30.354069752047977,NaN,NaN
1682283600,1858.5474064663554,1868.16,1847.59,1856.6575,33.609801101361256,NaN,NaN
1682294400,1857.6024532331776,1890,1850.46,1867.5625,39.8252720090819,NaN,NaN
1682305200,1862.5824766165888,1870.21,1855.19,1862.3425000000002,37.99173890018814,NaN,NaN
1682316000,1862.4624883082945,1862.4624883082945,1827.23,1844.7625000000003,32.555619137416045,NaN,NaN
1682326800,1853.6124941541475,1855.57,1834.8,1845.2875000000001,32.86456102323936,NaN,NaN
1682337600,1849.449997077074,1876.19,1843.07,1857.4399999999998,39.744985412464295,NaN,NaN
1682348400,1853.4449985385368,1855.24,1806,1837.69,33.70018657728363,NaN,NaN
1682359200,1845.5674992692684,1847.62,1827.64,1837.43,33.62767834344942,NaN,NaN
1682370000,1841.4987496346344,1845.66,1827.77,1838.8600000000001,34.4628769612643,NaN,NaN
1682380800,1840.1793748173172,1851.64,1831.58,1840.0149999999999,35.17244335950136,NaN,NaN
1682391600,1840.0971874086586,1840.0971874086586,1821.95,1830.9875,32.234788996898914,NaN,NaN
1682402400,1835.5423437043291,1835.5423437043291,1805.65,1822.865,29.821370370072117,NaN,NaN
1682413200,1829.2036718521645,1829.56,1812,1822.99,29.908342305803302,NaN,NaN
1682424000,1826.0968359260823,1833.32,1801.66,1818.275,28.47486037380527,NaN,NaN
1682434800,1822.1859179630412,1842.16,1808.93,1825.66,33.82479713016582,NaN,NaN
1682445600,1823.9229589815207,1864.31,1823.9229589815207,1848.3325,46.94522517316061,NaN,NaN
1682456400,1836.1277294907604,1877.86,1836.1277294907604,1866.1275,54.56025896951609,NaN,NaN
1682467200,1851.1276147453802,1884.36,1851.1276147453802,1870.2825,56.14312008475944,NaN,NaN
1682478000,1860.7050573726901,1873.01,1860.7050573726901,1868.2375000000002,55.125314083561356,NaN,NaN
1682488800,1864.4712786863452,1880.98,1858.25,1871.3375,56.41521524355388,NaN,NaN
1682499600,1867.9043893431726,1920.16,1867.9043893431726,1896.465,65.15768736196279,NaN,NaN
1682510400,1882.1846946715864,1964.72,1882.1846946715864,1934.8700000000001,73.80589466137192,NaN,NaN
1682521200,1908.5273473357934,1960.31,1908.5273473357934,1949.8175,76.27423385540628,NaN,NaN
1682532000,1929.1724236678967,1951,1785,1887.4499999999998,53.585031920417165,NaN,NaN
1682542800,1908.3112118339482,1908.3112118339482,1848.2,1865.8700000000001,48.238047982125046,NaN,NaN
1682553600,1887.0906059169743,1940.96,1861.19,1894.3425,54.665684288365505,NaN,NaN
1682564400,1890.7165529584872,1918.68,1890.7165529584872,1907.54,57.311744996896714,NaN,NaN
1682575200,1899.1282764792436,1908.5,1871.14,1892.5125000000003,53.48372551100363,NaN,NaN
1682586000,1895.820388239622,1895.820388239622,1875.37,1883.1925,51.199645459990705,NaN,NaN
1682596800,1889.506444119811,1898.57,1861.85,1881.52,50.78054137535718,NaN,NaN
1682607600,1885.5132220599055,1916.75,1879,1896.18,54.31090940058528,NaN,NaN
1682618400,1890.8466110299528,1937.77,1890.8466110299528,1915.8225,58.59611547694215,NaN,NaN
1682629200,1903.3345555149763,1925.35,1893.12,1911.5875,57.34725711782578,NaN,NaN
1682640000,1907.4610277574882,1915,1902.65,1908.13,56.29241443952232,NaN,NaN
1682650800,1907.7955138787443,1922.8,1902.16,1911.4775,57.11489306374138,NaN,NaN
1682661600,1909.636506939372,1923.88,1903.01,1912.7675000000002,57.447207855943205,NaN,NaN
1682672400,1911.2020034696861,1915.12,1895.02,1905.4775,54.860055982782136,NaN,NaN
1682683200,1908.339751734843,1915.31,1880.32,1896.5575,51.78683107370783,NaN,NaN
1682694000,1902.4486258674215,1902.4486258674215,1873.94,1886.8174999999999,48.58624010077416,NaN,NaN
1682704800,1894.6330629337108,1905.15,1884.22,1894.075,51.01554427970506,NaN,NaN
1682715600,1894.3540314668553,1900.78,1887.08,1893.6725000000001,50.87198056017193,NaN,NaN
1682726400,1894.0132657334277,1898.01,1886.11,1892.9775,50.60715633206232,NaN,NaN
1682737200,1893.495382866714,1904.51,1893.495382866714,1898.9099999999999,52.86284947988334,NaN,NaN
1682748000,1896.202691433357,1903.99,1896.202691433357,1900,53.28497923964913,NaN,NaN
1682758800,1898.1013457166785,1902.38,1893.33,1898.4175,52.54919477347975,NaN,NaN
1682769600,1898.2594228583393,1918,1896.6,1905.8149999999998,55.63329795581789,NaN,NaN
1682780400,1902.0372114291695,1913.39,1883.05,1900.4125000000001,52.92770262168493,NaN,NaN
1682791200,1901.224855714585,1906.93,1893.2,1899.365,52.39563469464435,NaN,NaN
1682802000,1900.2949278572924,1909.37,1897.79,1904.45,54.772519015317684,NaN,NaN
1682812800,1902.372463928646,1907.8,1893.14,1901.7825000000003,53.26992550014719,NaN,NaN
1682823600,1902.0774819643232,1903.89,1893,1899.72,52.08025656077184,NaN,NaN
1682834400,1900.8987409821616,1908.34,1900.8987409821616,1904.23,54.4744880573558,NaN,NaN
1682845200,1902.5643704910808,1913.37,1899.36,1904.3025,54.51383193450313,NaN,NaN
1682856000,1903.4334352455403,1910.89,1897.66,1904.5675,54.668044344077586,NaN,NaN
1682866800,1904.0004676227702,1939,1904.0004676227702,1919.6775,62.4792006333225,NaN,NaN
1682877600,1911.838983811385,1923.44,1878.31,1903.8725,52.32325544215202,NaN,NaN
1682888400,1907.8557419056924,1907.8557419056924,1866.16,1881.3500000000001,41.87687326349371,NaN,NaN
1682899200,1894.6028709528464,1894.6028709528464,1823,1855.86,33.681017912602215,NaN,NaN
1682910000,1875.231435476423,1875.231435476423,1833.99,1843.8474999999999,30.637845822509206,NaN,NaN
1682920800,1859.5394677382114,1859.5394677382114,1843.15,1848.0400000000002,32.916007589042266,NaN,NaN
1682931600,1853.789733869106,1853.789733869106,1840.96,1847.05,32.643358763504835,NaN,NaN
1682942400,1850.4198669345528,1852.08,1830.26,1842.745,31.42440782940139,NaN,NaN
1682953200,1846.5824334672764,1846.5824334672764,1821.05,1836.9675,29.815310884670396,NaN,NaN
1682964000,1841.7749667336382,1841.7749667336382,1807.15,1823.5975,26.4411100537298,NaN,NaN
1682974800,1832.6862333668191,1833.46,1806.12,1819.475,25.483466199825557,NaN,NaN
1682985600,1826.0806166834095,1837.73,1822.94,1830.08,32.2784144203321,NaN,NaN
1682996400,1828.0803083417047,1831.78,1823.81,1828.4225000000001,31.790483669431225,NaN,NaN
1683007200,1828.2514041708523,1841.26,1826.4,1832.28,34.28036263211942,NaN,NaN
1683018000,1830.2657020854263,1834.3,1825.8,1831.4924999999998,34.00744189123618,NaN,NaN
1683028800,1830.879101042713,1867.02,1824.25,1844.255,42.05846391591164,NaN,NaN
1683039600,1837.5670505213566,1868.9,1837.5670505213566,1856.62,48.601102142136355,NaN,NaN
1683050400,1847.0935252606782,1881.87,1847.0935252606782,1867.3425,53.504125274560444,NaN,NaN
1683061200,1857.2180126303392,1876.8,1857.2180126303392,1871.05,55.09903319985643,NaN,NaN
1683072000,1864.1340063151697,1870.84,1853.78,1863.97,51.468272962649024,NaN,NaN
1683082800,1864.0520031575847,1864.08,1857.37,1860.7649999999999,49.86635355342578,NaN,NaN
1683093600,1862.4085015787923,1872.39,1857.8,1864.7775000000001,51.88541487014757,NaN,NaN
1683104400,1863.5930007893962,1869.65,1858.53,1863.9924999999998,51.44886356079553,NaN,NaN
1683115200,1863.792750394698,1863.792750394698,1842.64,1853.2575000000002,45.77666731172303,NaN,NaN
1683126000,1858.525125197349,1888.35,1844.34,1863.995,51.53254420246022,NaN,NaN
1683136800,1861.2600625986745,1894.45,1858.11,1875.2875,56.73420024639233,NaN,NaN
1683147600,1868.2737812993373,1916.52,1868.2737812993373,1892.0575,63.072452514366944,NaN,NaN
1683158400,1880.1656406496686,1908.21,1880.1656406496686,1902.8575,66.4783071162901,NaN,NaN
1683169200,1891.5115703248343,1905.55,1891.5115703248343,1902.2175000000002,66.08930877458916,NaN,NaN
1683180000,1896.8645351624173,1904.48,1896.16,1901.365,65.5391755563547,NaN,NaN
1683190800,1899.1147675812085,1918.26,1898.43,1905.7875000000001,67.07054285338691,NaN,NaN
1683201600,1902.4511337906042,1908.2,1876.99,1894.1125,59.547539472573206,NaN,NaN
1683212400,1898.2818168953022,1898.2818168953022,1878.15,1885.0325,54.433766276870315,NaN,NaN
1683223200,1891.657158447651,1891.657158447651,1866.71,1877.48,50.54555230394584,NaN,NaN
1683234000,1884.5685792238255,1884.5685792238255,1869.75,1875.9175,49.75374137430473,NaN,NaN
1683244800,1880.2430396119128,1909,1875.65,1890.0275,56.39654109262874,NaN,NaN
1683255600,1885.1352698059563,1902.1,1885.1352698059563,1897.595,59.489837344720094,NaN,NaN
1683266400,1891.3651349029783,1907.22,1891.3651349029783,1898.13,59.70746356372769,NaN,NaN
1683277200,1894.7475674514892,1914.56,1894.7475674514892,1904.3225,62.23628878497862,NaN,NaN
1683288000,1899.5350337257446,1956.04,1888,1925.4099999999999,69.30189643519788,NaN,NaN
1683298800,1912.4725168628722,1998.36,1912.4725168628722,1968.9875,78.32646575807156,NaN,NaN
1683309600,1940.730008431436,1995.96,1940.730008431436,1986.1950000000002,80.73485841101028,NaN,NaN
1683320400,1963.4625042157181,1996.97,1963.4625042157181,1990.5525,81.30150022841147,NaN,NaN
1683331200,1977.0075021078592,2019,1973.72,1991.4250000000002,81.41934495694206,NaN,NaN
1683342000,1984.2162510539297,1984.2162510539297,1958.27,1969.3875000000003,69.50427755371543,NaN,NaN
1683352800,1976.801875526965,1976.801875526965,1923,1948.13,60.33247701645253,NaN,NaN
1683363600,1962.4659377634825,1962.4659377634825,1921.25,1935.9699999999998,55.79664246697838,NaN,NaN
1683374400,1949.2179688817412,1949.2179688817412,1860,1901.195,45.3064328673184,NaN,NaN
1683385200,1925.2064844408706,1925.2064844408706,1860.87,1877.0425,39.720784949310584,NaN,NaN
1683396000,1901.1244922204353,1907,1881.52,1891.42,44.135998337870184,NaN,NaN
1683406800,1896.2722461102176,1898.7,1884.49,1893.5674999999999,44.786522882466656,NaN,NaN
1683417600,1894.9198730551088,1918.6,1889.37,1899.0699999999997,46.505431911677434,NaN,NaN
1683428400,1896.9949365275543,1903.47,1887.45,1895.5175,45.52012848588902,NaN,NaN
1683439200,1896.256218263777,1915.24,1896.256218263777,1903.645,48.2229134544431,NaN,NaN
1683450000,1899.9506091318885,1910,1895.66,1902.685,47.92050374336079,NaN,NaN
1683460800,1901.3178045659442,1933.33,1901.3178045659442,1916.4424999999999,52.51609782369213,NaN,NaN
1683471600,1908.8801522829722,1928.68,1906.29,1918.8400000000001,53.28965380814072,NaN,NaN
1683482400,1913.8600761414862,1918.13,1903.38,1912.9525,51.08862099764896,NaN,NaN
1683493200,1913.4062880707431,1921.48,1867.59,1894.3175,44.783609635634726,NaN,NaN
1683504000,1903.8618940353717,1903.8618940353717,1840,1863.4075,36.69425218963198,NaN,NaN
1683514800,1883.634697017686,1883.634697017686,1850,1861.705,36.305263190888915,NaN,NaN
1683525600,1872.669848508843,1872.669848508843,1835,1853.29,34.36607104217276,NaN,NaN
1683536400,1862.9799242544213,1865.51,1839.69,1852.5575000000001,34.19485274065195,NaN,NaN
1683547200,1857.7687121272106,1874,1847.53,1863.235,38.9682008550663,NaN,NaN
1683558000,1860.5018560636054,1876.99,1826.66,1849.77,35.47365574621438,NaN,NaN
1683568800,1855.1359280318027,1855.1359280318027,1810.73,1830,31.068284043778803,NaN,NaN
1683579600,1842.5679640159015,1849.55,1833.57,1842.6825,36.51495255148274,NaN,NaN
1683590400,1842.6252320079507,1856.99,1837.09,1846.99,38.298212672288,NaN,NaN
1683601200,1844.8076160039755,1846.54,1837.49,1842.8225,37.20921058769439,NaN,NaN
1683612000,1843.8150580019878,1850.79,1830.99,1840.9225,36.69688961364365,NaN,NaN
1683622800,1842.368779000994,1849.5,1834.06,1842.83,37.625417518932295,NaN,NaN
1683633600,1842.599389500497,1854.59,1834.22,1844.6599999999999,38.55656109570467,NaN,NaN
1683644400,1843.6296947502483,1858,1836,1846.0575,39.30175712042852,NaN,NaN
1683655200,1844.843597375124,1861.88,1839.55,1849.2825,41.07773294164578,NaN,NaN
1683666000,1847.063048687562,1849.92,1841.33,1846.5774999999999,40.02003744744286,NaN,NaN
1683676800,1846.820274343781,1858.92,1844.22,1848.54,41.2029077155453,NaN,NaN
1683687600,1847.6801371718905,1848.79,1841,1844.42,39.44422852151856,NaN,NaN
1683698400,1846.0500685859452,1846.0500685859452,1834.23,1840.005,37.592496635713694,NaN,NaN
1683709200,1843.0275342929726,1851,1834.67,1843.54,40.02045480775852,NaN,NaN
1683720000,1843.2837671464863,1887.47,1843.2837671464863,1863.9525,51.7047013197956,NaN,NaN
1683730800,1853.618133573243,1880,1790.51,1842.9775,42.53536049514342,NaN,NaN
1683741600,1848.2978167866215,1863.8,1824.2,1843.945,43.037163636487,NaN,NaN
1683752400,1846.1214083933107,1857.56,1826.84,1845.6575,43.96981437880068,NaN,NaN
1683763200,1845.8894541966554,1845.8894541966554,1826.96,1835.6525,39.86331259729212,NaN,NaN
1683774000,1840.7709770983276,1840.7709770983276,1821.35,1829.8875,37.679623337326355,NaN,NaN
1683784800,1835.3292385491638,1835.36,1808,1823.59,35.398465002053186,NaN,NaN
1683795600,1829.4596192745819,1829.4596192745819,1817.21,1820.66,34.35629322886088,NaN,NaN
1683806400,1825.059809637291,1839,1785.5,1810.98,31.098749714113083,NaN,NaN
1683817200,1818.0199048186455,1818.0199048186455,1772.68,1791.165,25.722284244764026,NaN,NaN
1683828000,1804.5924524093227,1804.5924524093227,1776.36,1788.575,25.11118532535609,NaN,NaN
1683838800,1796.5837262046614,1801.2,1784.43,1793.8000000000002,28.78682995028649,NaN,NaN
1683849600,1795.191863102331,1801.99,1760,1781.6125000000002,25.62723554134378,NaN,NaN
1683860400,1788.4021815511655,1788.4021815511655,1740,1758.1375,20.87462851778713,NaN,NaN
1683871200,1773.269840775583,1773.269840775583,1741.83,1753.6625000000001,20.109043067396627,NaN,NaN
1683882000,1763.4661703877914,1771.87,1760.71,1764.5375,27.10568258407659,NaN,NaN
1683892800,1764.0018351938957,1783.23,1763.84,1769.5925000000002,30.167140399390547,NaN,NaN
1683903600,1766.797167596948,1777.6,1761.08,1769.0524999999998,30.02208538547997,NaN,NaN
1683914400,1767.9248337984739,1794.96,1742.69,1774.1625,33.29093741612296,NaN,NaN
1683925200,1771.043666899237,1818.63,1771.043666899237,1800.47,47.01369178316653,NaN,NaN
1683936000,1785.7568334496186,1817.03,1785.7568334496186,1807.7725,50.08327362814402,NaN,NaN
1683946800,1796.7646667248093,1808.33,1796.7646667248093,1802.13,47.77999568935901,NaN,NaN
1683957600,1799.4473333624046,1806.1,1796.8,1801.26,47.417895887931834,NaN,NaN
1683968400,1800.3536666812024,1811.46,1800.3536666812024,1805.4424999999999,49.40311013313372,NaN,NaN
1683979200,1802.8980833406013,1809.91,1785.23,1798.1100000000001,46.11594628335579,NaN,NaN
1683990000,1800.5040416703007,1800.5040416703007,1789.33,1793.7225,44.219960179017406,NaN,NaN
1684000800,1797.1132708351504,1806.45,1786.12,1797.22,46.12158193890815,NaN,NaN
1684011600,1797.1666354175752,1804.89,1793.91,1799.1675,47.20096532054959,NaN,NaN
1684022400,1798.1670677087877,1802,1789.82,1796.5349999999999,45.863436702152796,NaN,NaN
1684033200,1797.3510338543938,1805.8,1797.3510338543938,1801.3775,48.7408957290543,NaN,NaN
1684044000,1799.364266927197,1809.84,1799.364266927197,1804.3525,50.48222775668729,NaN,NaN
1684054800,1801.8583834635983,1806.79,1799.91,1802.885,49.58736298433879,NaN,NaN
1684065600,1802.3716917317993,1813.21,1797.5,1805.4625,51.222826200025274,NaN,NaN
1684076400,1803.9170958658997,1824,1803.34,1810.6999999999998,54.45609405463845,NaN,NaN
1684087200,1807.3085479329498,1807.3085479329498,1791.45,1800.665,47.904069926137694,NaN,NaN
1684098000,1803.9867739664749,1803.9867739664749,1794.64,1798.6825000000001,46.70841828660562,NaN,NaN
1684108800,1801.3346369832375,1829.93,1785.05,1809.345,53.43943981322715,NaN,NaN
1684119600,1805.3398184916186,1835.85,1805.3398184916186,1825.9975,61.59750067165595,NaN,NaN
1684130400,1815.6686592458093,1834.47,1815.6686592458093,1828.655,62.720093021327614,NaN,NaN
1684141200,1822.1618296229046,1836.06,1822.1618296229046,1828.98,62.8630690957348,NaN,NaN
1684152000,1825.5709148114524,1836.28,1812.97,1824.5700000000002,59.526946031378216,NaN,NaN
1684162800,1825.0704574057263,1846.7,1821.67,1831.73,62.963589562748,NaN,NaN
1684173600,1828.4002287028632,1835,1823.73,1829.5725,61.27518844189727,NaN,NaN
1684184400,1828.9863643514316,1828.9863643514316,1813,1820.2775,54.49521773094092,NaN,NaN
1684195200,1824.6319321757157,1824.6319321757157,1796.2,1811.25,48.84265708555363,NaN,NaN
1684206000,1817.9409660878578,1817.9409660878578,1809,1811.1425,48.77777355668338,NaN,NaN
1684216800,1814.5417330439288,1827.18,1806.03,1815.94,51.85179227895582,NaN,NaN
1684227600,1815.2408665219646,1821.22,1811.67,1817.305,52.72118694781683,NaN,NaN
1684238400,1816.2729332609824,1823.24,1810,1816.4975,52.12160412339984,NaN,NaN
1684249200,1816.3852166304912,1829.76,1816.21,1822.355,56.02815217236324,NaN,NaN
1684260000,1819.3701083152455,1832.64,1814.34,1823.8675,57.00370849305578,NaN,NaN
1684270800,1821.618804157623,1829.34,1818.49,1823.32,56.514927589600035,NaN,NaN
1684281600,1822.4694020788115,1837.5,1817.71,1825.6575,58.164269356237774,NaN,NaN
1684292400,1824.0634510394057,1826.69,1818.28,1821.7325,54.43099861746148,NaN,NaN
1684303200,1822.8979755197029,1822.8979755197029,1802.12,1812.0125,46.47548181373191,NaN,NaN
1684314000,1817.4552377598516,1817.4552377598516,1788.1,1798.0325,37.89632217772691,NaN,NaN
1684324800,1807.7438688799257,1807.7438688799257,1783.68,1793.0925000000002,35.40896292163242,NaN,NaN
1684335600,1800.418184439963,1821.49,1792.66,1807.0674999999999,46.17250416458995,NaN,NaN
1684346400,1803.7428422199814,1835.37,1803.7428422199814,1823.4875,55.545967836753235,NaN,NaN
1684357200,1813.6151711099906,1830.25,1813.6151711099906,1824.5575,56.082662450006715,NaN,NaN
1684368000,1819.0863355549952,1826.82,1818.28,1823.2024999999999,55.17423016545236,NaN,NaN
1684378800,1821.1444177774974,1827.82,1818.85,1822.9125,54.96900754953996,NaN,NaN
1684389600,1822.0284588887487,1831.92,1814.92,1823.1575,55.12088245323799,NaN,NaN
1684400400,1822.5929794443744,1828.61,1822.5929794443744,1825.915,56.8834767121688,NaN,NaN
1684411200,1824.2539897221873,1827.18,1805.11,1818.6625,51.18914434780645,NaN,NaN
1684422000,1821.4582448610936,1821.4582448610936,1771.12,1796.815,38.640471638510604,NaN,NaN
1684432800,1809.1366224305468,1809.1366224305468,1773.07,1787.3799999999999,34.68591403989862,NaN,NaN
1684443600,1798.2583112152734,1821.36,1796.74,1803.85,45.22441601525384,NaN,NaN
1684454400,1801.0541556076366,1807.59,1796.81,1801.3049999999998,44.04187371157889,NaN,NaN
1684465200,1801.1795778038181,1806.67,1797.92,1802.565,44.81129004726788,NaN,NaN
1684476000,1801.872288901909,1810.53,1801.872288901909,1806.9975,47.54377724603338,NaN,NaN
1684486800,1804.4348944509545,1811.87,1804.4348944509545,1808.175,48.2764217737509,NaN,NaN
1684497600,1806.3049472254772,1818.8,1806.3049472254772,1811.1675000000002,50.18079055573307,NaN,NaN
1684508400,1808.7362236127387,1829.54,1800.81,1815.1075,52.65254799805823,NaN,NaN
1684519200,1811.9218618063694,1822.2,1806.97,1815.0425,52.60617687887602,NaN,NaN
1684530000,1813.4821809031846,1815.05,1811.05,1812.625,50.813726904281,NaN,NaN
1684540800,1813.0535904515923,1813.7,1807.06,1810.4524999999999,49.19162021321135,NaN,NaN
1684551600,1811.753045225796,1813.94,1808.2,1810.3725,49.12942529004368,NaN,NaN
1684562400,1811.062772612898,1814.78,1808.41,1812.0825,50.56809777784117,NaN,NaN
1684573200,1811.572636306449,1815.99,1811.572636306449,1813.8875,52.107762644738635,NaN,NaN
1684584000,1812.7300681532247,1820,1812.69,1816.3174999999999,54.177026605821716,NaN,NaN
1684594800,1814.5237840766122,1827.57,1813.5,1821.815,58.54128315294566,NaN,NaN
1684605600,1818.1693920383061,1828.87,1814.4,1821.6875,58.40235604239596,NaN,NaN
1684616400,1819.928446019153,1820.16,1812.07,1817.0325,53.41802607322716,NaN,NaN
1684627200,1818.4804730095766,1828.98,1816.78,1821.0075000000002,56.80789509507248,NaN,NaN
1684638000,1819.7439865047884,1819.7439865047884,1813.62,1816.74,52.39919341935251,NaN,NaN
1684648800,1818.2419932523942,1818.2419932523942,1813.43,1815.3775,51.03731756582863,NaN,NaN
1684659600,1816.809746626197,1817.36,1806.54,1812.21,47.919235141361746,NaN,NaN
1684670400,1814.5098733130985,1817.76,1808.54,1811.9875,47.698787647133216,NaN,NaN
1684681200,1813.2486866565491,1816.98,1802.37,1809.5375,45.231299329221784,NaN,NaN
1684692000,1811.3930933282745,1811.72,1805.43,1807.35,43.08805672881813,NaN,NaN
1684702800,1809.3715466641372,1809.3715466641372,1797.21,1803.9475,39.91956332815457,NaN,NaN
1684713600,1806.6595233320686,1806.76,1792.01,1801.3825000000002,37.67064895598072,NaN,NaN
1684724400,1804.0210116660344,1804.96,1800.35,1802.7875,39.67537667300924,NaN,NaN
1684735200,1803.404255833017,1817.4,1803.404255833017,1809.185,47.89351130513134,NaN,NaN
1684746000,1806.2946279165085,1820.17,1806.2946279165085,1814.445,53.502313348692546,NaN,NaN
1684756800,1810.3698139582543,1828.27,1808.54,1817.62,56.54305920270566,NaN,NaN
1684767600,1813.994906979127,1821.32,1812.51,1817.535,56.43665227584128,NaN,NaN
1684778400,1815.7649534895636,1823.44,1813.33,1818.01,56.92449556807763,NaN,NaN
1684789200,1816.887476744782,1825.17,1816.887476744782,1819.4875000000002,58.481947418529266,NaN,NaN
1684800000,1818.187488372391,1844.63,1815.24,1829.8374999999999,67.37952979642824,NaN,NaN
1684810800,1824.0124941861955,1872.5,1824.0124941861955,1853.435,78.62625349182758,NaN,NaN
1684821600,1838.7237470930977,1862.5,1838.7237470930977,1855.6525,79.34686967579657,NaN,NaN
1684832400,1847.188123546549,1857.73,1847.188123546549,1855.4125000000001,79.03628346957186,NaN,NaN
1684843200,1851.3003117732746,1858,1842.37,1852.91,75.70857724941365,NaN,NaN
1684854000,1852.1051558866375,1860.61,1848,1853.675,76.0406743553769,NaN,NaN
1684864800,1852.8900779433188,1857.14,1842,1850.8325000000002,72.09655220417146,NaN,NaN
1684875600,1851.8612889716596,1856.82,1846.33,1852.9,73.1859742208374,NaN,NaN
1684886400,1852.3806444858299,1854.09,1844.31,1849.6474999999998,68.6454450066716,NaN,NaN
1684897200,1851.0140722429148,1851.0140722429148,1812.13,1832.675,50.89931226376645,NaN,NaN
1684908000,1841.8445361214574,1841.8445361214574,1813.35,1821.0925000000002,42.77285249038844,NaN,NaN
1684918800,1831.468518060729,1831.468518060729,1811,1816.6525000000001,40.12799497455213,NaN,NaN
1684929600,1824.0605090303645,1824.0605090303645,1777.6,1799.8424999999997,32.04809903854148,NaN,NaN
1684940400,1811.951504515182,1811.951504515182,1781,1789.205,28.18110996793979,NaN,NaN
1684951200,1800.578252257591,1809.29,1786.26,1798.2199999999998,35.30551751494866,NaN,NaN
1684962000,1799.3991261287954,1809.2,1791.8,1801.375,37.63712018574786,NaN,NaN
1684972800,1800.3870630643978,1807.33,1761.41,1787.1075,32.017489472605135,NaN,NaN
1684983600,1793.747281532199,1793.747281532199,1774.45,1780.7224999999999,29.868185067050703,NaN,NaN
1684994400,1787.2348907660994,1787.52,1777.65,1783.5825,32.06794467383919,NaN,NaN
1685005200,1785.4086953830497,1792.55,1782.43,1787.4050000000002,35.002374837615406,NaN,NaN
1685016000,1786.406847691525,1812.76,1786.406847691525,1797.8449999999998,42.3296020629454,NaN,NaN
1685026800,1792.1259238457624,1806.77,1786.71,1799.395,43.35066582538961,NaN,NaN
1685037600,1795.7604619228812,1818.81,1795.7604619228812,1809.2424999999998,49.471558857366134,NaN,NaN
1685048400,1802.5014809614404,1812.13,1802.5014809614404,1808.275,48.912382926865575,NaN,NaN
1685059200,1805.3882404807202,1808.98,1796.99,1803.3675,46.068011184887645,NaN,NaN
1685070000,1804.3778702403602,1809.58,1801.4,1803.9825,46.487981273398134,NaN,NaN
1685080800,1804.18018512018,1818.52,1802,1809.4824999999998,50.22124132887467,NaN,NaN
1685091600,1806.83134256009,1815.99,1806.83134256009,1813.43,52.76816461072396,NaN,NaN
1685102400,1810.1306712800451,1838.2,1809.03,1822.33,57.98736822334257,NaN,NaN
1685113200,1816.2303356400225,1837.34,1816.2303356400225,1828.5025,61.19042120507624,NaN,NaN
1685124000,1822.3664178200113,1837.79,1822.3664178200113,1829.82,61.85884557770231,NaN,NaN
1685134800,1826.0932089100056,1836.04,1826.0932089100056,1831.1675,62.56892749337106,NaN,NaN
1685145600,1828.6303544550028,1834.19,1825.01,1830.075,61.56812608233154,NaN,NaN
1685156400,1829.3526772275013,1836.12,1829.27,1832.5700000000002,63.0227721438135,NaN,NaN
1685167200,1830.9613386137507,1833.83,1825.98,1829.9,60.388588504989315,NaN,NaN
1685178000,1830.4306693068754,1830.4306693068754,1822.45,1826.9125,57.49294916384822,NaN,NaN
1685188800,1828.6715846534375,1832,1812.18,1823.4925,54.28398974473953,NaN,NaN
1685199600,1826.0820423267187,1826.0820423267187,1817.25,1822.4525,53.30956854853765,NaN,NaN
1685210400,1824.2672711633595,1829.2,1820.35,1825.315,55.668339654651405,NaN,NaN
1685221200,1824.7911355816798,1832.06,1824.41,1828.47,58.176290460809525,NaN,NaN
1685232000,1826.63056779084,1859.5,1823.6,1839.895,65.73570762022197,NaN,NaN
1685242800,1833.26278389542,1859,1833.26278389542,1849.7075,70.64342255207703,NaN,NaN
1685253600,1841.48514194771,1850,1841.48514194771,1846.5974999999999,67.35077272020392,NaN,NaN
1685264400,1844.041320973855,1851.79,1843.21,1845.9825,66.68882107652382,NaN,NaN
1685275200,1845.0119104869275,1845.21,1837.17,1841.3475,61.76202575514127,NaN,NaN
1685286000,1843.1797052434638,1852.77,1836.69,1844.1150000000002,63.496121471152115,NaN,NaN
1685296800,1843.647352621732,1858.93,1843.647352621732,1850.945,67.42267374643733,NaN,NaN
1685307600,1847.296176310866,1918.65,1847.296176310866,1883.555,79.02403759459128,NaN,NaN
1685318400,1865.4255881554332,1927.62,1865.4255881554332,1913.605,84.50133443756,NaN,NaN
1685329200,1889.5152940777166,1910,1889.5152940777166,1904.2075,77.67079975762992,NaN,NaN
1685340000,1896.8613970388583,1905.41,1895,1900.9675,75.40759634062654,NaN,NaN
1685350800,1898.9144485194292,1905.3,1893.92,1900.5225,75.08399310271918,NaN,NaN
1685361600,1899.7184742597146,1905.14,1885,1897.0375,72.46139404665276,NaN,NaN
1685372400,1898.3779871298573,1899.14,1873.65,1889.6800000000003,67.13031188269687,NaN,NaN
1685383200,1894.028993564929,1895.76,1889,1892.1924999999999,67.99621735898415,NaN,NaN
1685394000,1893.1107467824645,1903,1886.02,1893.6075,68.49951762515083,NaN,NaN
1685404800,1893.3591233912323,1900.87,1881.19,1893.5175,68.42580929990478,NaN,NaN
1685415600,1893.438311695616,1912.55,1892.72,1900.67,71.08838196092702,NaN,NaN
1685426400,1897.054155847808,1905,1897.054155847808,1900.8125,71.14059731893059,NaN,NaN
1685437200,1898.933327923904,1917,1898.933327923904,1909.2224999999999,74.11217594231549,NaN,NaN
1685448000,1904.077913961952,1915.7,1896.2,1906.045,71.13201811465854,NaN,NaN
1685458800,1905.061456980976,1912.64,1891.33,1900.91,66.47961069226179,NaN,NaN
1685469600,1902.9857284904879,1909.99,1900.84,1904.3400000000001,67.98584656646959,NaN,NaN
1685480400,1903.662864245244,1914.78,1897.35,1904.1100000000001,67.76595231386715,NaN,NaN
1685491200,1903.886432122622,1907.13,1884.29,1897,61.178456772159784,NaN,NaN
1685502000,1900.443216061311,1900.443216061311,1859.5,1879.5625,48.679948045653255,NaN,NaN
1685512800,1890.0028580306555,1890.0028580306555,1857.67,1865.9050000000002,41.524515023235935,NaN,NaN
1685523600,1877.953929015328,1877.953929015328,1862.2,1866.7975000000001,42.12321864445844,NaN,NaN
1685534400,1872.375714507664,1875.02,1846.95,1862.1425,39.832499946836265,NaN,NaN
1685545200,1867.259107253832,1868.34,1854.28,1862.4825,40.08877264666282,NaN,NaN
1685556000,1864.870803626916,1869.75,1861.62,1865.6100000000001,42.51428450932793,NaN,NaN
1685566800,1865.240401813458,1878.14,1861.48,1869.6050000000002,45.54693039349526,NaN,NaN
1685577600,1867.422700906729,1889.2,1848.87,1866.0749999999998,43.369764942753065,NaN,NaN
1685588400,1866.7488504533644,1866.7488504533644,1840,1851.6475,35.831113177041914,NaN,NaN
1685599200,1859.1981752266822,1861.34,1851.4,1857.2524999999998,40.18134569219066,NaN,NaN
1685610000,1858.225337613341,1865.96,1858,1861.5149999999999,43.3278690924787,NaN,NaN
1685620800,1859.8701688066703,1866.56,1855.68,1861.0275,43.04896687208186,NaN,NaN
1685631600,1860.4488344033352,1882.86,1858.09,1867.9924999999998,48.181165605540976,NaN,NaN
1685642400,1864.2206672016675,1877.28,1857.02,1868.4900000000002,48.53790083746193,NaN,NaN
1685653200,1866.355333600834,1873.6,1852.66,1864.2649999999999,45.662886366495904,NaN,NaN
1685664000,1865.310166800417,1880.62,1847.51,1866.87,47.71909801150898,NaN,NaN
1685674800,1866.0900834002084,1897.4,1866.0900834002084,1885.84,59.683656405847806,NaN,NaN
1685685600,1875.9650417001042,1893.88,1875.9650417001042,1891.19,62.30378429754157,NaN,NaN
1685696400,1883.5775208500522,1900.64,1883.5775208500522,1894.2475,63.75357046649466,NaN,NaN
1685707200,1888.912510425026,1899,1876.65,1888.9775,59.50549609397964,NaN,NaN
1685718000,1888.945005212513,1894.34,1885.3,1889.56,59.82415249308223,NaN,NaN
1685728800,1889.2525026062565,1910,1889.2525026062565,1899.6775,64.97901291953862,NaN,NaN
1685739600,1894.4650013031282,1908.47,1894.4650013031282,1905.605,67.60175945688457,NaN,NaN
1685750400,1900.0350006515641,1907.92,1897.42,1902.8375,65.14855645694388,NaN,NaN
1685761200,1901.436250325782,1902.51,1897.44,1899.9950000000001,62.63443542017972,NaN,NaN
1685772000,1900.7156251628912,1905.66,1900.71,1902.41,63.90877267833315,NaN,NaN
1685782800,1901.5628125814455,1906.7,1899,1902.9925,64.22569115677788,NaN,NaN
1685793600,1902.277656290723,1906.61,1899.25,1902.4225,63.63682308057205,NaN,NaN
1685804400,1902.3500781453613,1904.59,1888.02,1895.7599999999998,57.0522305823356,NaN,NaN
1685815200,1899.0550390726805,1899.0550390726805,1882.33,1888.625,50.96982978341954,NaN,NaN
1685826000,1893.8400195363402,1893.8400195363402,1881.6,1888.4849999999997,50.855263439037245,NaN,NaN
1685836800,1891.16250976817,1895.03,1884.22,1891.4675,53.26528311685328,NaN,NaN
1685847600,1891.3150048840848,1896.14,1890.87,1893.335,54.761240115781874,NaN,NaN
1685858400,1892.3250024420424,1901.58,1891.08,1895.9225000000001,56.823445460910925,NaN,NaN
1685869200,1894.1237512210214,1908.61,1894.1237512210214,1902.5525,61.64770266381504,NaN,NaN
1685880000,1898.3381256105108,1914.63,1898.3381256105108,1905.8,63.78233569184677,NaN,NaN
1685890800,1902.0690628052553,1906.31,1896.17,1901.7475,59.34355253401775,NaN,NaN
1685901600,1901.9082814026276,1905.91,1899,1902.0775,59.59017129967118,NaN,NaN
1685912400,1901.9928907013139,1912.89,1885,1898.0700000000002,55.21030257410773,NaN,NaN
1685923200,1900.0314453506571,1900.0314453506571,1868.8,1881.1075,41.35501233482493,NaN,NaN
1685934000,1890.5694726753286,1890.5694726753286,1861.76,1870.565,35.4075721641246,NaN,NaN
1685944800,1880.5672363376643,1880.5672363376643,1868.74,1870.7425,35.57556546887413,NaN,NaN
1685955600,1875.6548681688323,1875.6548681688323,1862.94,1868.9500000000003,34.59699033595871,NaN,NaN
1685966400,1872.3024340844163,1872.3024340844163,1859.04,1866.9325,33.480703008401534,NaN,NaN
1685977200,1869.617467042208,1869.617467042208,1778,1832.77,21.07851213286483,NaN,NaN
1685988000,1851.1937335211041,1851.1937335211041,1796.56,1808.685,16.451579865367577,NaN,NaN
1685998800,1829.939366760552,1829.939366760552,1793.01,1806.0975,16.044117579601618,NaN,NaN
1686009600,1818.018433380276,1818.018433380276,1803.15,1810.2375,19.480378991290706,NaN,NaN
1686020400,1814.127966690138,1819.18,1810.45,1814.815,23.222203403700362,NaN,NaN
1686031200,1814.471483345069,1817.28,1811.96,1815.2824999999998,23.612631601556686,NaN,NaN
1686042000,1814.8769916725344,1822.6,1809.19,1815.235,23.59950038334773,NaN,NaN
1686052800,1815.0559958362671,1841.29,1797.18,1822.5725,30.068984483855616,NaN,NaN
1686063600,1818.8142479181336,1887.74,1818.8142479181336,1858.9125,51.826287483880755,NaN,NaN
1686074400,1838.8633739590668,1898.29,1838.8633739590668,1880.7325,59.89475268772384,NaN,NaN
1686085200,1859.7979369795335,1888.21,1859.7979369795335,1880.925,59.95846922370096,NaN,NaN
1686096000,1870.3614684897666,1897.8,1870.3614684897666,1883.3024999999998,60.787087547567275,NaN,NaN
1686106800,1876.8319842448832,1881.5,1871.59,1877.4299999999998,57.61554377892242,NaN,NaN
1686117600,1877.1309921224415,1883.76,1872.77,1877.8025,57.76606884138744,NaN,NaN
1686128400,1877.4667460612209,1878.09,1842.57,1866.3975,51.71075352852975,NaN,NaN
1686139200,1871.9321230306105,1871.9321230306105,1838.83,1856.06,46.91075315512623,NaN,NaN
1686150000,1863.9960615153052,1863.9960615153052,1832.71,1844.84,42.31919756432874,NaN,NaN
1686160800,1854.4180307576526,1854.4180307576526,1839,1845.7725,42.820120987954816,NaN,NaN
1686171600,1850.0952653788263,1850.0952653788263,1821.18,1834.79,38.57153842345021,NaN,NaN
1686182400,1842.4426326894131,1842.4426326894131,1831,1835.5175,39.00327531175431,NaN,NaN
1686193200,1838.9800663447065,1841.06,1828.31,1835.925,39.26078760891661,NaN,NaN
1686204000,1837.4525331723532,1846.05,1833,1839.2075,41.40664868078533,NaN,NaN
1686214800,1838.3300165861765,1848.99,1838.19,1842.9825,43.86293534247577,NaN,NaN
1686225600,1840.6562582930883,1861.28,1837.86,1850.0724999999998,48.25075427630835,NaN,NaN
1686236400,1845.364379146544,1861.16,1841.35,1850.89,48.748187099939216,NaN,NaN
1686247200,1848.127189573272,1853.37,1842.15,1847.9875,47.02003288789577,NaN,NaN
1686258000,1848.057344786636,1854,1844.92,1849.3175,47.930927148029234,NaN,NaN
1686268800,1848.687422393318,1849.02,1827,1839.355,42.09289533383378,NaN,NaN
1686279600,1844.021211196659,1844.021211196659,1832.05,1837.1399999999999,40.900102280676826,NaN,NaN
1686290400,1840.5806055983294,1842.98,1831.25,1839.0225,42.39416461890098,NaN,NaN
1686301200,1839.8015527991647,1847.42,1839.8015527991647,1843.43,45.846033423716634,NaN,NaN
1686312000,1841.6157763995825,1855,1841.6157763995825,1846.4925,48.170038888179626,NaN,NaN
1686322800,1844.0541381997914,1852.03,1837.17,1843.8375,46.31438948084827,NaN,NaN
1686333600,1843.9458190998957,1843.9458190998957,1828.03,1837.2999999999997,42.02174543318743,NaN,NaN
1686344400,1840.6229095499477,1841.15,1834.17,1838.1975,42.80548318760385,NaN,NaN
1686355200,1839.4102047749739,1844.99,1825.48,1835.085,40.74829212621976,NaN,NaN
1686366000,1837.247602387487,1837.247602387487,1744.44,1789.1150000000002,23.09460119414817,NaN,NaN
1686376800,1813.1813011937436,1813.1813011937436,1715.03,1741.865,15.609157321260597,NaN,NaN
1686387600,1777.5231505968718,1777.5231505968718,1732.56,1742.58,16.05256522815455,NaN,NaN
1686398400,1760.0515752984359,1760.0515752984359,1737.33,1744.34,17.205751824609223,NaN,NaN
1686409200,1752.195787649218,1773.03,1718.5,1748.9575,20.299137685266786,NaN,NaN
1686420000,1750.576643824609,1762.14,1725,1747.5225,20.048443494436142,NaN,NaN
1686430800,1749.0495719123046,1757.58,1739.15,1747.76,20.224047765316044,NaN,NaN
1686441600,1748.4047859561524,1752.35,1743.64,1749.2675,21.404060384367668,NaN,NaN
1686452400,1748.8361429780762,1759.76,1743.88,1752.4625,23.97086567360239,NaN,NaN
1686463200,1750.6493214890381,1759.43,1747.36,1753.085,24.488305920557877,NaN,NaN
1686474000,1751.867160744519,1754.99,1745.15,1750.2925000000002,23.70878466553141,NaN,NaN
1686484800,1751.0798303722595,1752.39,1738.72,1746.6975,22.706679621585508,NaN,NaN
1686495600,1748.8886651861299,1765,1739.76,1751.0925,26.78115322216641,NaN,NaN
1686506400,1749.990582593065,1778.25,1749.990582593065,1764.67,37.70612891280288,NaN,NaN
1686517200,1757.3302912965326,1771,1741.64,1758.8125,35.26169685004956,NaN,NaN
1686528000,1758.0713956482664,1758.0713956482664,1720.11,1739.915,28.77945379739397,NaN,NaN
1686538800,1748.9931978241332,1748.9931978241332,1730.03,1734.825,27.322516338236653,NaN,NaN
1686549600,1741.9090989120666,1748,1732.77,1740.63,31.57684080799426,NaN,NaN
1686560400,1741.2695494560335,1759.33,1741.2695494560335,1748.1425,36.737926767110665,NaN,NaN
1686571200,1744.7060247280167,1747.25,1728.88,1739.97,33.755071823312065,NaN,NaN
1686582000,1742.3380123640084,1747.16,1720,1735.4225,32.18894580176051,NaN,NaN
1686592800,1738.8802561820041,1739.35,1727.66,1735.615,32.332070066803354,NaN,NaN
1686603600,1737.247628091002,1746.46,1737.247628091002,1741.5425,36.75837477788918,NaN,NaN
1686614400,1739.395064045501,1756,1728.43,1745.125,39.34095205989958,NaN,NaN
1686625200,1742.2600320227505,1754.43,1741.13,1749.605,42.50302441524262,NaN,NaN
1686636000,1745.9325160113754,1759.65,1745.9325160113754,1752.3350000000003,44.40489975698672,NaN,NaN
1686646800,1749.133758005688,1755.61,1746.32,1752.2799999999997,44.37305476818141,NaN,NaN
1686657600,1750.7068790028438,1770.13,1728.88,1748.2075,41.97277964160377,NaN,NaN
1686668400,1749.457189501422,1749.457189501422,1724.22,1735.335,35.44604479239631,NaN,NaN
1686679200,1742.396094750711,1750.85,1735,1740.29,39.355236652474645,NaN,NaN
1686690000,1741.3430473753556,1741.3430473753556,1733.36,1738.2024999999999,38.30287972403512,NaN,NaN
1686700800,1739.7727736876777,1748.45,1738.26,1743.4,42.430552802918754,NaN,NaN
1686711600,1741.586386843839,1747.53,1737,1742.4675,41.88907556961024,NaN,NaN
1686722400,1742.0269434219194,1746.33,1737.87,1741.735,41.44168952200921,NaN,NaN
1686733200,1741.8809717109598,1750.03,1741.8809717109598,1745.86,45.003861353162634,NaN,NaN
1686744000,1743.8704858554797,1749.3,1737.38,1743.5900000000001,43.4378975772922,NaN,NaN
1686754800,1743.73024292774,1745,1731.43,1740.4025000000001,41.266503608744486,NaN,NaN
1686765600,1742.06637146387,1747.31,1630.43,1689.9050000000002,22.27187093957515,NaN,NaN
1686776400,1715.985685731935,1715.985685731935,1631.28,1644.1675,15.370795247967024,NaN,NaN
1686787200,1680.0765928659675,1680.0765928659675,1643.73,1650.4050000000002,19.054425400989984,NaN,NaN
1686798000,1665.2407964329839,1665.2407964329839,1642.67,1648.63,18.803601293540112,NaN,NaN
1686808800,1656.935398216492,1656.935398216492,1632.04,1642.085,17.869524889787215,NaN,NaN
1686819600,1649.510199108246,1649.510199108246,1626.01,1638.5625,17.369429382621362,NaN,NaN
1686830400,1644.036349554123,1652.14,1635.91,1643.8100000000002,20.919957607610314,NaN,NaN
1686841200,1643.9231747770616,1651.58,1633.79,1644.9275000000002,21.691642680131196,NaN,NaN
1686852000,1644.4253373885308,1672.37,1644.4253373885308,1660.1125,31.476700976897774,NaN,NaN
1686862800,1652.2689186942653,1680.91,1652.2689186942653,1670.235,37.117525616403476,NaN,NaN
1686873600,1661.2519593471325,1666.96,1660,1664.9475,35.47477635895169,NaN,NaN
1686884400,1663.0997296735663,1674.19,1663.0997296735663,1669.5075,38.02234868532293,NaN,NaN
1686895200,1666.3036148367833,1677.13,1666.3036148367833,1672.7,39.813958893167545,NaN,NaN
1686906000,1669.5018074183918,1673,1662.97,1667.7325,37.97449174081185,NaN,NaN
1686916800,1668.617153709196,1677.34,1649.86,1665.75,37.23510900401308,NaN,NaN
1686927600,1667.183576854598,1703.24,1664.64,1684.4275,47.58872978508998,NaN,NaN
1686938400,1675.8055384272989,1729.5,1675.8055384272989,1712.6075,58.667148389742636,NaN,NaN
1686949200,1694.2065192136495,1728.34,1694.2065192136495,1722.4650000000001,61.715639698317126,NaN,NaN
1686960000,1708.335759606825,1721.71,1708.335759606825,1718.7075,59.90201301697909,NaN,NaN
1686970800,1713.5216298034125,1770,1713.5216298034125,1741.9524999999999,66.46708148336998,NaN,NaN
1686981600,1727.7370649017062,1762.35,1727.7370649017062,1751.9175,68.82362135614454,NaN,NaN
1686992400,1739.827282450853,1746.39,1734.1,1740.7975000000001,63.4638982770553,NaN,NaN
1687003200,1740.3123912254266,1742.22,1730.13,1736.4375,61.443454178489226,NaN,NaN
1687014000,1738.3749456127134,1738.3749456127134,1717.92,1728.285,57.74177140083463,NaN,NaN
1687024800,1733.3299728063566,1733.3299728063566,1722.79,1726.7800000000002,57.05837396843347,NaN,NaN
1687035600,1730.0549864031784,1732.67,1727.26,1729.085,57.88058757027417,NaN,NaN
1687046400,1729.569993201589,1729.569993201589,1720.47,1725.545,56.10387947887708,NaN,NaN
1687057200,1727.5574966007946,1738.32,1724.88,1728.9699999999998,57.46431686507517,NaN,NaN
1687068000,1728.2637483003973,1734.41,1722.43,1728.2125,57.043238106348646,NaN,NaN
1687078800,1728.2381241501987,1735.38,1726.93,1731.29,58.37765561586001,NaN,NaN
1687089600,1729.7640620750994,1741.85,1729.7640620750994,1736.805,60.731801190271085,NaN,NaN
1687100400,1733.2845310375496,1747.84,1733.2845310375496,1742.5625,63.07952584043253,NaN,NaN
1687111200,1737.9235155187748,1745.97,1720.77,1735.5500000000002,58.49251188159727,NaN,NaN
1687122000,1736.7367577593875,1736.7367577593875,1712,1723.3999999999999,51.50419864622606,NaN,NaN
1687132800,1730.0683788796937,1730.0683788796937,1714.32,1722.6525000000001,51.09970649483165,NaN,NaN
1687143600,1726.360439439847,1727.71,1720,1725.4625,52.60654140752606,NaN,NaN
1687154400,1725.9114697199234,1727.58,1721,1724.5900000000001,52.07002159381726,NaN,NaN
1687165200,1725.2507348599618,1727.21,1720.05,1723.975,51.670004200712995,NaN,NaN
1687176000,1724.6128674299807,1734.04,1716.01,1724.13,51.77056866039075,NaN,NaN
1687186800,1724.3714337149904,1734,1698,1720.5974999999999,49.255126356964226,NaN,NaN
1687197600,1722.4844668574951,1752.19,1703.23,1728.905,54.81538363327609,NaN,NaN
1687208400,1725.6947334287474,1737.99,1725.47,1732.7425,57.15102353442494,NaN,NaN
1687219200,1729.2186167143736,1749.79,1729.2186167143736,1738.605,60.509391388125344,NaN,NaN
1687230000,1733.9118083571868,1737.35,1727.87,1732.37,55.52497338130594,NaN,NaN
1687240800,1733.1409041785932,1733.1409041785932,1723.66,1727.0175,51.59571819461901,NaN,NaN
1687251600,1730.0792020892966,1734.59,1724.1,1729.6625000000001,53.352445846617414,NaN,NaN
1687262400,1729.8708510446484,1738.49,1714.72,1726.96,51.30367292936945,NaN,NaN
1687273200,1728.4154255223243,1778.7,1718.3,1746.5775,62.546878520142094,NaN,NaN
1687284000,1737.496462761162,1791.88,1737.496462761162,1778.6799999999998,73.37872816993405,NaN,NaN
1687294800,1758.088231380581,1796.99,1758.088231380581,1786.9575,75.3577052740051,NaN,NaN
1687305600,1772.5228656902905,1828.26,1772.5228656902905,1804.7125,78.96910737413455,NaN,NaN
1687316400,1788.6176828451453,1822.67,1788.6176828451453,1815.6125,80.82682319835729,NaN,NaN
1687327200,1802.1150914225727,1823.58,1802.1150914225727,1815.45,80.71235808019736,NaN,NaN
1687338000,1808.7825457112863,1833.44,1808.78,1820.2925,81.55084275831256,NaN,NaN
1687348800,1814.5375228556431,1848,1814.5375228556431,1834.1225,83.72669320943749,NaN,NaN
1687359600,1824.3300114278215,1900,1824.3300114278215,1863.91,87.22216843108671,NaN,NaN
1687370400,1844.1200057139108,1888.57,1844.1200057139108,1876.9924999999998,88.40060725212673,NaN,NaN
1687381200,1860.5562528569553,1901,1860.5562528569553,1885.4799999999998,89.10277294883542,NaN,NaN
1687392000,1873.0181264284774,1933.17,1873.0181264284774,1909.0949999999998,90.77587483432703,NaN,NaN
1687402800,1891.0565632142386,1931,1891.0565632142386,1919.945,91.42714103461756,NaN,NaN
1687413600,1905.5007816071193,1911.94,1902.83,1908.4950000000001,84.63591076971495,NaN,NaN
1687424400,1906.9978908035596,1912.32,1881.43,1897.1175,78.40378264249782,NaN,NaN
1687435200,1902.0576954017797,1909.4,1865.98,1883.4874999999997,71.60174539929687,NaN,NaN
1687446000,1892.7725977008897,1892.7725977008897,1870.1,1881.0375000000001,70.41911921579684,NaN,NaN
1687456800,1886.905048850445,1892,1880.02,1887.3925,71.72372767623835,NaN,NaN
1687467600,1887.1487744252224,1888.6,1867.07,1878.8575,67.42292671635266,NaN,NaN
1687478400,1883.0031372126114,1883.0031372126114,1862.56,1873.8325,64.95344450640427,NaN,NaN
1687489200,1878.4178186063057,1886.43,1878.02,1881.58,66.96260355802127,NaN,NaN
1687500000,1879.9989093031527,1888,1874.8,1882.54,67.21342196247994,NaN,NaN
1687510800,1881.2694546515763,1888.69,1874.64,1881.8575,66.8249956594851,NaN,NaN
1687521600,1881.5634773257882,1887,1861.01,1878.0075000000002,64.55853064812095,NaN,NaN
1687532400,1879.7854886628943,1936.42,1879.7854886628943,1906.635,72.12827627094156,NaN,NaN
1687543200,1893.210244331447,1925.05,1886.01,1910.1174999999998,72.88692498750675,NaN,NaN
1687554000,1901.6638721657234,1906.18,1876,1895.0975,64.70629209990084,NaN,NaN
1687564800,1898.3806860828618,1898.3806860828618,1878.15,1890.7125,62.50079169171267,NaN,NaN
1687575600,1894.546593041431,1897.86,1891.52,1894.825,63.748762597322,NaN,NaN
1687586400,1894.6857965207155,1894.6857965207155,1882.2,1889.6275,60.98635165439782,NaN,NaN
1687597200,1892.1566482603578,1893.08,1885.37,1889.1374999999998,60.71921778186716,NaN,NaN
1687608000,1890.6470741301787,1906,1887,1894.2549999999999,62.56354298660371,NaN,NaN
1687618800,1892.4510370650892,1894.11,1867.2,1884.36,56.99155102852141,NaN,NaN
1687629600,1888.4055185325446,1889.22,1874.4,1880.795,55.08795743375636,NaN,NaN
1687640400,1884.6002592662724,1884.6002592662724,1864.77,1873.7524999999998,51.4331941029673,NaN,NaN
1687651200,1879.176379633136,1886.45,1868.83,1878.4125,53.62561771774069,NaN,NaN
1687662000,1878.794439816568,1918.79,1878.794439816568,1899.3400000000001,61.93591313070308,NaN,NaN
1687672800,1889.0672199082842,1930,1889.0672199082842,1916.3775000000003,67.10425520010801,NaN,NaN
1687683600,1902.7223599541421,1924.51,1902.7223599541421,1916.6924999999999,67.19294882371679,NaN,NaN
1687694400,1909.7074299770711,1919.57,1887.98,1904.0325,60.17114364122175,NaN,NaN
1687705200,1906.8699649885357,1906.8699649885357,1881.47,1889.7525,53.39330723161003,NaN,NaN
1687716000,1898.3112324942679,1902.47,1881.56,1892.8600000000001,54.59198633467431,NaN,NaN
1687726800,1895.585616247134,1906.3,1892.39,1897.93,56.555227624929366,NaN,NaN
1687737600,1896.757808123567,1904.26,1866,1886.915,51.35975192574735,NaN,NaN
1687748400,1891.8364040617835,1891.8364040617835,1871.04,1877.0924999999997,47.19604291914997,NaN,NaN
1687759200,1884.4644520308916,1904.76,1875.62,1887.5325,51.67986844579094,NaN,NaN
1687770000,1885.9984760154457,1893.95,1872.38,1884.8,50.4718438905748,NaN,NaN
1687780800,1885.399238007723,1909.1,1871.01,1886.145,51.07802878170748,NaN,NaN
1687791600,1885.7721190038615,1894,1837.18,1865.395,42.44670462900137,NaN,NaN
1687802400,1875.5835595019307,1875.5835595019307,1842.11,1849.6825,37.30588341654928,NaN,NaN
1687813200,1862.6330297509653,1862.6330297509653,1847.02,1854.4625,39.6985573199973,NaN,NaN
1687824000,1858.5477648754827,1876.71,1855.19,1866.6175000000003,45.40447524338784,NaN,NaN
1687834800,1862.5826324377415,1878.93,1862.5826324377415,1871.4199999999998,47.51752263991199,NaN,NaN
1687845600,1867.0013162188707,1880.45,1862.01,1871.5225,47.56416940389051,NaN,NaN
1687856400,1869.2619081094354,1890.51,1869.2619081094354,1879.935,51.38341460578798,NaN,NaN
1687867200,1874.5984540547176,1896.55,1873.55,1884.005,53.16092328931952,NaN,NaN
1687878000,1879.301727027359,1912.53,1863.6,1890.5575000000001,55.953082044126475,NaN,NaN
1687888800,1884.9296135136797,1902.2,1884.9296135136797,1895.635,58.04040960548173,NaN,NaN
1687899600,1890.2823067568397,1897.39,1885.13,1891.17,55.547558872131454,NaN,NaN
1687910400,1890.72615337842,1890.72615337842,1853.7,1873.67,47.02290872008632,NaN,NaN
1687921200,1882.19807668921,1882.19807668921,1859,1864.4575,43.259214343957005,NaN,NaN
1687932000,1873.3277883446049,1873.3277883446049,1848.58,1860.3600000000001,41.6619719559098,NaN,NaN
1687942800,1866.8438941723025,1866.8438941723025,1855.5,1859.85,41.45679723842825,NaN,NaN
1687953600,1863.3469470861512,1868.41,1845.06,1858.1399999999999,40.73246906821628,NaN,NaN
1687964400,1860.7434735430757,1864.86,1842,1853.375,38.70320734768192,NaN,NaN
1687975200,1857.0592367715378,1857.0592367715378,1816.56,1837.3274999999999,32.78024831827065,NaN,NaN
1687986000,1847.1933683857687,1847.1933683857687,1826.01,1830.665,30.680945756323368,NaN,NaN
1687996800,1838.9291841928843,1843.08,1827.84,1832.875,32.231302596549554,NaN,NaN
1688007600,1835.9020920964422,1843.99,1831.25,1836.515,34.81716882410254,NaN,NaN
1688018400,1836.2085460482213,1850.71,1836.2085460482213,1843.7325,39.72807953669495,NaN,NaN
1688029200,1839.9705230241107,1872.84,1839.9705230241107,1859.7624999999998,48.93085486520553,NaN,NaN
1688040000,1849.8665115120552,1880,1847.01,1861.5525,49.85165336053125,NaN,NaN
1688050800,1855.7095057560277,1860,1841.38,1850.3449999999998,44.44787624667471,NaN,NaN
1688061600,1853.0272528780138,1859.5,1842.98,1850.525,44.55183318835045,NaN,NaN
1688072400,1851.776126439007,1856.27,1846.84,1851.08,44.894249864987536,NaN,NaN
1688083200,1851.4280632195034,1867.74,1841.5,1855.7024999999999,47.78639456958309,NaN,NaN
1688094000,1853.5652816097518,1907.99,1853.5652816097518,1878.0825,59.004654458664845,NaN,NaN
1688104800,1865.8238908048759,1892.2,1865.8238908048759,1884.32,61.488192818384924,NaN,NaN
1688115600,1875.071945402438,1894.38,1875.071945402438,1889.605,63.50554762981132,NaN,NaN
1688126400,1882.338472701219,1913.4,1825.01,1868.74,51.93820920166157,NaN,NaN
1688137200,1875.5392363506094,1948.6,1844.12,1892.4925,60.71150530327291,NaN,NaN
1688148000,1884.0158681753046,1943,1884.0158681753046,1929.15,69.85668187863132,NaN,NaN
1688158800,1906.5829340876523,1943.68,1906.5829340876523,1930.845,70.20206759967834,NaN,NaN
1688169600,1918.7139670438262,1944.56,1918.7139670438262,1929.8725,69.70854851391127,NaN,NaN
1688180400,1924.293233521913,1924.293233521913,1909.44,1917.9650000000001,63.79489793117467,NaN,NaN
1688191200,1921.1291167609565,1922.17,1911.6,1917.0425,63.34654191677982,NaN,NaN
1688202000,1919.0858083804783,1926.87,1913.8,1919.6375,64.11065606849503,NaN,NaN
1688212800,1919.3616541902393,1929.87,1919.3616541902393,1924.2350000000001,65.48355451364355,NaN,NaN
1688223600,1921.7983270951197,1924.4,1916.6,1920.5924999999997,63.41379843121957,NaN,NaN
1688234400,1921.1954135475598,1924.2,1918.3,1920.9025000000001,63.519478910000714,NaN,NaN
1688245200,1921.04895677378,1927.32,1920.63,1923.8125,64.55451235533934,NaN,NaN
1688256000,1922.43072838689,1926.7,1911.26,1920.5075,62.38946321707854,NaN,NaN
1688266800,1921.469114193445,1921.469114193445,1910.06,1915.7799999999997,59.324535367801175,NaN,NaN
1688277600,1918.6245570967224,1918.6245570967224,1912.06,1914.005,58.16908122585681,NaN,NaN
1688288400,1916.3147785483611,1922.4,1911.83,1916.5725,59.40085797539699,NaN,NaN
1688299200,1916.4436392741804,1927.5,1913.62,1921.73,61.8321954612396,NaN,NaN
1688310000,1919.0868196370902,1927.61,1885.75,1911.6075,54.884918029403835,NaN,NaN
1688320800,1915.3471598185452,1920.39,1901.61,1911.9125000000001,55.048802566058185,NaN,NaN
1688331600,1913.6298299092728,1959.2,1912.28,1931.8375,64.19839749352536,NaN,NaN
1688342400,1922.7336649546364,1953.5,1922.7336649546364,1943.43,68.24785734170312,NaN,NaN
1688353200,1933.0818324773181,1951.97,1933.0818324773181,1947.115,69.43148221417725,NaN,NaN
1688364000,1940.098416238659,1976,1940.098416238659,1955.975,72.1222695402035,NaN,NaN
1688374800,1948.0367081193294,1966.66,1948.0367081193294,1960.8200000000002,73.49617933451323,NaN,NaN
1688385600,1954.4283540596648,1971.4,1954.4283540596648,1962.125,73.8697271178505,NaN,NaN
1688396400,1958.2766770298324,1976.16,1953.26,1963.53,74.28986565718502,NaN,NaN
1688407200,1960.9033385149162,1974.71,1955.77,1963.3050000000003,74.08443444765035,NaN,NaN
1688418000,1962.1041692574581,1962.1041692574581,1948.22,1955.445,67.10359937721267,NaN,NaN
1688428800,1958.774584628729,1959.35,1950.34,1955.46,67.10996877085165,NaN,NaN
1688439600,1957.1172923143645,1967.08,1948.59,1956.0974999999999,67.39887434219143,NaN,NaN
1688450400,1956.6073961571822,1957,1946.39,1951.5100000000002,63.1032718998678,NaN,NaN
1688461200,1954.058698078591,1961.99,1946.54,1954.895,64.88183988697207,NaN,NaN
1688472000,1954.4768490392955,1961.7,1953.2,1958.0525,66.50382620346181,NaN,NaN
1688482800,1956.2646745196478,1965.57,1948,1955.045,63.49562954079393,NaN,NaN
1688493600,1955.654837259824,1955.654837259824,1931.58,1944.1325000000002,53.958405138959,NaN,NaN
1688504400,1949.893668629912,1949.893668629912,1935.2,1939.0425,50.17288589115011,NaN,NaN
1688515200,1944.468084314956,1944.468084314956,1933.64,1938.4724999999999,49.75194782727106,NaN,NaN
1688526000,1941.470292157478,1942.5,1932.15,1937.595,49.06942522026674,NaN,NaN
1688536800,1939.5326460787392,1939.5326460787392,1916.01,1929.3225,43.070648499160484,NaN,NaN
1688547600,1934.4275730393697,1934.4275730393697,1905,1918.8474999999999,36.91642452937309,NaN,NaN
1688558400,1926.6375365196848,1926.6375365196848,1894.51,1907.375,31.592156850309507,NaN,NaN
1688569200,1917.0062682598423,1917.0062682598423,1895,1908.67,32.77083265290865,NaN,NaN
1688580000,1912.8381341299212,1918,1904.03,1911.1175,35.048626548227034,NaN,NaN
1688590800,1911.9778170649606,1915.59,1906.66,1910.7099999999998,34.83699182002151,NaN,NaN
1688601600,1911.3439085324803,1915.63,1898.8,1909.0049999999999,33.91425124557799,NaN,NaN
1688612400,1910.17445426624,1924.27,1909.51,1916.7024999999999,41.45383578642751,NaN,NaN
1688623200,1913.43847713312,1950.59,1913.43847713312,1935.3075,54.85907848308452,NaN,NaN
1688634000,1924.3729885665598,1958,1910.39,1933.775,53.76701557211248,NaN,NaN
1688644800,1929.07399428328,1929.07399428328,1865.08,1895.57,35.04002586274001,NaN,NaN
1688655600,1912.32199714164,1912.32199714164,1873.58,1883.3775,31.294003148094575,NaN,NaN
1688666400,1897.8497485708199,1897.8497485708199,1880,1886.225,33.09301127140965,NaN,NaN
1688677200,1892.03737428541,1892.03737428541,1846,1865.625,27.485927476349744,NaN,NaN
1688688000,1878.831187142705,1878.831187142705,1826,1845.2399999999998,23.282049132971366,NaN,NaN
1688698800,1862.0355935713524,1863.33,1851.56,1856.6525000000001,29.759199149933025,NaN,NaN
1688709600,1859.3440467856763,1861.94,1852.2,1857.035,29.972597134598473,NaN,NaN
1688720400,1858.189523392838,1865.6,1856,1859.445,31.387014125568925,NaN,NaN
1688731200,1858.8172616964189,1878,1851.43,1866.0525,35.24858089482892,NaN,NaN
1688742000,1862.4348808482096,1875.3,1862.4348808482096,1870.3249999999998,37.69055305672199,NaN,NaN
1688752800,1866.3799404241047,1868.08,1856.29,1864.3325,35.659251968687926,NaN,NaN
1688763600,1865.3562202120524,1871.83,1865.3562202120524,1868.4874999999997,38.14834310260485,NaN,NaN
1688774400,1866.921860106026,1876,1866.921860106026,1871.0774999999999,39.713957782474324,NaN,NaN
1688785200,1868.999680053013,1869.87,1858.04,1865.1174999999998,37.36980681048114,NaN,NaN
1688796000,1867.0585900265064,1867.0585900265064,1855,1862.455,36.33792357696918,NaN,NaN
1688806800,1864.7567950132532,1867.8,1857.2,1862.44,36.33183685611893,NaN,NaN
1688817600,1863.5983975066265,1863.5983975066265,1855.86,1859.3025,35.01083653289358,NaN,NaN
1688828400,1861.4504487533131,1866,1858.9,1862.0674999999999,37.178635563622514,NaN,NaN
1688839200,1861.7589743766566,1862.22,1842.8,1853.9725,33.640703117985,NaN,NaN
1688850000,1857.8657371883282,1866.5,1846.25,1856.6625,35.826120989203545,NaN,NaN
1688860800,1857.264118594164,1874.45,1857.264118594164,1867.5225,43.86391810992824,NaN,NaN
1688871600,1862.393309297082,1871.5,1862.393309297082,1868.2225,44.347771962202565,NaN,NaN
1688882400,1865.307904648541,1868.96,1864.04,1867.1299999999999,43.71447779254412,NaN,NaN
1688893200,1866.2189523242705,1870.04,1864.21,1867.8674999999998,44.29280053660443,NaN,NaN
1688904000,1867.0432261621352,1879.36,1856.66,1868.185,44.55691207293575,NaN,NaN
1688914800,1867.6141130810674,1869.99,1861.68,1866.7450000000001,43.548466740262874,NaN,NaN
1688925600,1867.1795565405337,1871.66,1862.51,1867.775,44.51577788750453,NaN,NaN
1688936400,1867.4772782702669,1871.53,1856.15,1864.9575000000002,42.37668889024345,NaN,NaN
1688947200,1866.2173891351335,1866.2173891351335,1846.63,1860.14,38.93189740316091,NaN,NaN
1688958000,1863.1786945675667,1867.77,1854.12,1860.2675,39.07305960812095,NaN,NaN
1688968800,1861.7230972837833,1861.7230972837833,1849.4,1854.5349999999999,35.14005051611335,NaN,NaN
1688979600,1858.1290486418916,1865.32,1853.32,1859.6,40.809246475440666,NaN,NaN
1688990400,1858.8645243209457,1873.55,1858.8645243209457,1866.9724999999999,47.94192979579193,NaN,NaN
1689001200,1862.9185121604728,1874.41,1862.9185121604728,1869.6075,50.24946000007005,NaN,NaN
1689012000,1866.2630060802364,1905.5,1866.2630060802364,1883.5275,60.26871150196575,NaN,NaN
1689022800,1874.8952530401182,1893.98,1866.75,1883.3850000000002,60.13519758597227,NaN,NaN
1689033600,1879.1401265200593,1884.54,1875.5,1879.6525,56.59841370887841,NaN,NaN
1689044400,1879.3963132600297,1880.49,1876.12,1878.1875,55.22550405157547,NaN,NaN
1689055200,1878.7919066300149,1891.99,1877.77,1881.62,57.80792025750994,NaN,NaN
1689066000,1880.2059533150073,1880.2059533150073,1863.99,1872.4525,49.582647611232716,NaN,NaN
1689076800,1876.3292266575036,1877.35,1862.38,1870.235,47.81056396661846,NaN,NaN
1689087600,1873.2821133287516,1882.56,1866.01,1873.8025,50.853759395760186,NaN,NaN
1689098400,1873.5423066643757,1877.35,1867.61,1872.9524999999999,50.10410655899378,NaN,NaN
1689109200,1873.2474033321878,1880,1871.78,1875.985,52.77860590721349,NaN,NaN
1689120000,1874.6162016660937,1889.38,1874.6162016660937,1881.815,57.49558708585436,NaN,NaN
1689130800,1878.215600833047,1885.48,1878.215600833047,1882.67,58.15573839804255,NaN,NaN
1689141600,1880.4428004165234,1895.61,1880.4428004165234,1887.4275,61.718567682257344,NaN,NaN
1689152400,1883.9351502082618,1891.78,1883.9351502082618,1889.4699999999998,63.1684959290267,NaN,NaN
1689163200,1886.7025751041308,1902,1878.2,1891.0525,64.29681424529167,NaN,NaN
1689174000,1888.8775375520654,1902,1879.01,1890.395,63.427401849966735,NaN,NaN
1689184800,1889.6362687760327,1891,1866.98,1879.5425,51.13644655473514,NaN,NaN
1689195600,1884.5893843880162,1884.5893843880162,1864.37,1870.7925,43.77159451287499,NaN,NaN
1689206400,1877.6909421940081,1877.6909421940081,1868.19,1871.5349999999999,44.50203299160938,NaN,NaN
1689217200,1874.612971097004,1874.612971097004,1862.59,1867.8725,41.629314972888345,NaN,NaN
1689228000,1871.242735548502,1874.5,1866,1870.58,44.482428938115504,NaN,NaN
1689238800,1870.911367774251,1885.21,1870.911367774251,1878.93,52.23639845984369,NaN,NaN
1689249600,1874.9206838871255,1887.68,1874.9206838871255,1882.4575,55.09005305257804,NaN,NaN
1689260400,1878.6890919435627,1999,1878.6890919435627,1937.9325,77.67737064325134,NaN,NaN
1689271200,1908.3107959717813,2012.63,1908.3107959717813,1990.685,85.26611370609265,NaN,NaN
1689282000,1949.4978979858906,2009.54,1949.4978979858906,1992.3474999999999,85.43417315481251,NaN,NaN
1689292800,1970.9226989929452,2029.11,1970.9226989929452,2011.72,87.25803055242594,NaN,NaN
1689303600,1991.3213494964725,2017.77,1991.3213494964725,2010.5575000000001,86.55761946010941,NaN,NaN
1689314400,2000.9394247482364,2009.51,1987.11,2001.375,81.02513704916855,NaN,NaN
1689325200,2001.1572123741182,2001.1572123741182,1983.81,1994.1250000000002,76.8486354554805,NaN,NaN
1689336000,1997.6411061870592,2004.06,1984.7,1994.9375,76.99177054810976,NaN,NaN
1689346800,1996.2893030935297,2007.46,1959.55,1981.6799999999998,69.44700105708677,NaN,NaN
1689357600,1988.9846515467648,1988.9846515467648,1898.39,1934.7875,50.570378012406756,NaN,NaN
1689368400,1961.8860757733823,1961.8860757733823,1914.04,1926.185,47.99313199491595,NaN,NaN
1689379200,1944.0355378866911,1944.0355378866911,1927.6,1933.545,50.3256740174024,NaN,NaN
1689390000,1938.7902689433456,1938.7902689433456,1926.23,1929.9799999999998,49.17518835246292,NaN,NaN
1689400800,1934.3851344716727,1943.91,1926.99,1934.725,50.787785494782014,NaN,NaN
1689411600,1934.5550672358363,1946.37,1934.5550672358363,1940.6475,52.800761668005265,NaN,NaN
1689422400,1937.6012836179182,1941.23,1931.21,1936.105,51.07512364068582,NaN,NaN
1689433200,1936.8531418089592,1936.98,1929,1932.33,49.623663734434366,NaN,NaN
1689444000,1934.5915709044796,1939.05,1930.27,1933.0025,49.89682610396702,NaN,NaN
1689454800,1933.79703545224,1933.79703545224,1926.6,1930.255,48.73415251831819,NaN,NaN
1689465600,1932.02601772612,1937.72,1914,1928.0325,47.7645815261508,NaN,NaN
1689476400,1930.02925886306,1930.02925886306,1921.99,1926.305,46.98216114380326,NaN,NaN
1689487200,1928.1671294315302,1931.86,1920.61,1926.385,47.02543824521975,NaN,NaN
1689498000,1927.2760647157652,1936.52,1927.2760647157652,1931.3625,49.772591456058194,NaN,NaN
1689508800,1929.3192823578825,1943.55,1928.84,1936.44,52.47977288892756,NaN,NaN
1689519600,1932.8796411789413,1941.98,1932.8796411789413,1938.47,53.5575343477824,NaN,NaN
1689530400,1935.6748205894705,1938.35,1925.79,1932.5149999999999,49.97671617278395,NaN,NaN
1689541200,1934.0949102947352,1937.2,1916.73,1926.16,46.4105857964008,NaN,NaN
1689552000,1930.1274551473675,1930.1274551473675,1917.23,1923.5725,45.002542409833794,NaN,NaN
1689562800,1926.8499775736836,1936.18,1925.05,1929.3,48.71179102441286,NaN,NaN
1689573600,1928.074988786842,1932.59,1924.95,1928.2275,48.058167873613556,NaN,NaN
1689584400,1928.151244393421,1928.151244393421,1889.36,1912.9125,39.83777166976307,NaN,NaN
1689595200,1920.5318721967105,1920.5318721967105,1900.33,1910.405,38.67143364006937,NaN,NaN
1689606000,1915.4684360983551,1915.4684360983551,1890.72,1903.7325,35.67804712860506,NaN,NaN
1689616800,1909.6004680491776,1909.6004680491776,1873.26,1889.2125,30.199824675138473,NaN,NaN
1689627600,1899.4064840245887,1920.2,1890.06,1902.8825,39.602363106035654,NaN,NaN
1689638400,1901.1444920122944,1917.19,1901.1444920122944,1910.7600000000002,44.261925643776074,NaN,NaN
1689649200,1905.9522460061473,1911.73,1903.77,1906.83,42.50032963177383,NaN,NaN
1689660000,1906.3911230030735,1909.24,1893.21,1902.0175,40.38091909451117,NaN,NaN
1689670800,1904.2043115015367,1909.64,1890.8,1898.9450000000002,39.0422791337296,NaN,NaN
1689681600,1901.5746557507684,1903.66,1885.08,1895.8175,37.67325579977412,NaN,NaN
1689692400,1898.6960778753842,1901.24,1875.73,1892.1950000000002,36.094508642587286,NaN,NaN
1689703200,1895.4455389376922,1903.58,1889.57,1894.7125,38.03786119831621,NaN,NaN
1689714000,1895.0790194688461,1902.27,1892.81,1896.6375,39.55157695297775,NaN,NaN
1689724800,1895.858259734423,1913.26,1895.09,1903.9850000000001,45.06776132366618,NaN,NaN
1689735600,1899.9216298672115,1917.98,1899.9216298672115,1912.9675,50.95959114865434,NaN,NaN
1689746400,1906.4445649336058,1914.61,1903.53,1909.1275,48.56166845616078,NaN,NaN
1689757200,1907.786032466803,1911.95,1902.28,1907.0425,47.261276692233004,NaN,NaN
1689768000,1907.4142662334016,1922.04,1896.51,1906.66,47.01256020415052,NaN,NaN
1689778800,1907.0371331167007,1917.74,1894.24,1904.98,45.87074083110122,NaN,NaN
1689789600,1906.0085665583504,1915,1898.1,1905.2649999999999,46.10985927954004,NaN,NaN
1689800400,1905.6367832791752,1905.6367832791752,1882.17,1892.105,37.80509912124981,NaN,NaN
1689811200,1898.8708916395876,1899.9,1882.7,1892.1125,37.81197344735671,NaN,NaN
1689822000,1895.4916958197937,1909.61,1892.28,1901.4524999999999,45.84024957098359,NaN,NaN
1689832800,1898.4720979098968,1917.51,1898.4720979098968,1910.8374999999999,52.47882347292884,NaN,NaN
1689843600,1904.6547989549483,1929.05,1904.6547989549483,1919.715,57.753868529186065,NaN,NaN
1689854400,1912.1848994774741,1923,1884.45,1904.73,48.056723402711,NaN,NaN
1689865200,1908.457449738737,1908.457449738737,1878,1888.54,40.2026904636333,NaN,NaN
1689876000,1898.4987248693685,1898.4987248693685,1881.41,1887.76,39.864657512868746,NaN,NaN
1689886800,1893.1293624346843,1898.74,1887.81,1891.6225,42.44538782738309,NaN,NaN
1689897600,1892.375931217342,1901.76,1886.64,1894.6575,44.46224902077481,NaN,NaN
1689908400,1893.516715608671,1900.46,1890.63,1895.4825,45.02618742608519,NaN,NaN
1689919200,1894.4996078043355,1894.54,1887.6,1891.4575,42.74567630092799,NaN,NaN
1689930000,1892.9785539021677,1894.15,1884.64,1889.885,41.853786439356185,NaN,NaN
1689940800,1891.431776951084,1896.41,1886.17,1891.44,43.11770920205009,NaN,NaN
1689951600,1891.435888475542,1898.92,1888.77,1894.9850000000001,45.999531224093076,NaN,NaN
1689962400,1893.210444237771,1905.74,1885.13,1895.9775000000002,46.81199266151466,NaN,NaN
1689973200,1894.5939721188856,1896.24,1890.59,1893.3200000000002,44.865532605970415,NaN,NaN
1689984000,1893.956986059443,1897.35,1891.14,1893.75,45.262135685357734,NaN,NaN
1689994800,1893.8534930297214,1895.87,1892.38,1893.9575,45.465996899146695,NaN,NaN
1690005600,1893.9054965148607,1895.16,1890.42,1892.6575,44.35153469627769,NaN,NaN
1690016400,1893.2814982574305,1893.29,1883.79,1889.3400000000001,41.552380652596526,NaN,NaN
1690027200,1891.3107491287153,1891.3107491287153,1885,1887.775,40.26147091122902,NaN,NaN
1690038000,1889.5428745643576,1890.59,1884.6,1887.0374999999997,39.63654557716684,NaN,NaN
1690048800,1888.2901872821785,1888.54,1882.02,1885.7625,38.52329042927983,NaN,NaN
1690059600,1887.0263436410892,1888.3,1851.18,1873.3450000000003,29.75729823942723,NaN,NaN
1690070400,1880.1856718205447,1880.1856718205447,1857.82,1867.4524999999999,26.65741175471547,NaN,NaN
1690081200,1873.8190859102724,1879.14,1868.82,1873.76,34.520610712471324,NaN,NaN
1690092000,1873.7895429551363,1878.36,1872.54,1875.9899999999998,37.08866511668145,NaN,NaN
1690102800,1874.889771477568,1878.43,1873.96,1876.2849999999999,37.4382161254143,NaN,NaN
1690113600,1875.587385738784,1876.06,1872.04,1874.0249999999999,35.79723983081618,NaN,NaN
1690124400,1874.806192869392,1895.31,1872.48,1883.8525,46.73123933140572,NaN,NaN
1690135200,1879.329346434696,1905.25,1879.329346434696,1894.195,55.34948688618006,NaN,NaN
1690146000,1886.762173217348,1893.69,1875.23,1887.6625,49.86221463706821,NaN,NaN
1690156800,1887.212336608674,1890.86,1872.35,1881.7649999999999,45.47868430903539,NaN,NaN
1690167600,1884.488668304337,1884.488668304337,1862.6,1871.05,38.80390653919412,NaN,NaN
1690178400,1877.7693341521685,1877.7693341521685,1867.87,1871.6374999999998,39.32968830883439,NaN,NaN
1690189200,1874.7034170760842,1874.7034170760842,1833.19,1856.9075,31.923816510657133,NaN,NaN
1690200000,1865.805458538042,1865.805458538042,1841.73,1848.3525000000002,28.56011404959932,NaN,NaN
1690210800,1857.0789792690211,1857.0789792690211,1834.66,1842.71,26.5714805203082,NaN,NaN
1690221600,1849.8944896345106,1851.21,1842.84,1847.0175000000002,30.547262753089214,NaN,NaN
1690232400,1848.4559948172555,1851.82,1845.34,1849.4725,32.78114273143646,NaN,NaN
1690243200,1848.9642474086277,1856.44,1845.45,1851.2225,34.4008623221785,NaN,NaN
1690254000,1850.0933737043138,1854,1846.49,1851.2399999999998,34.41788072660407,NaN,NaN
1690264800,1850.6666868521568,1855,1849.01,1852.5549999999998,35.7663945321933,NaN,NaN
1690275600,1851.6108434260782,1863.2,1851.6108434260782,1855.94,39.23036500688134,NaN,NaN
1690286400,1853.7754217130391,1868.71,1852.34,1857.1825000000001,40.49877654865829,NaN,NaN
1690297200,1855.4789608565197,1864,1852.92,1858.0325,41.39988944346876,NaN,NaN
1690308000,1856.75573042826,1866.38,1856.01,1861.3525000000002,44.9093095921821,NaN,NaN
1690318800,1859.05411521413,1864.85,1856.7,1860.3274999999999,44.03254860291083,NaN,NaN
1690329600,1859.690807607065,1859.71,1851.73,1857.2025,41.38009863540971,NaN,NaN
1690340400,1858.4466538035326,1866.94,1854.3,1860.0775,44.6816288205952,NaN,NaN
1690351200,1859.2620769017662,1860.99,1852.08,1856.78,41.77544605322632,NaN,NaN
1690362000,1858.0210384508832,1858.0210384508832,1848.35,1852.46,38.264133894893995,NaN,NaN
1690372800,1855.2405192254416,1860,1850.2,1854.8275,41.18189862565611,NaN,NaN
1690383600,1855.0340096127209,1864.19,1855.0340096127209,1858.6750000000002,45.67537809318199,NaN,NaN
1690394400,1856.8545048063606,1888,1855.61,1870.3200000000002,56.505865483843145,NaN,NaN
1690405200,1863.5872524031804,1883.37,1863.5872524031804,1875.56,60.337691280169636,NaN,NaN
1690416000,1869.5736262015903,1878.55,1867.05,1873.8975,58.57450285901829,NaN,NaN
1690426800,1871.7355631007952,1882.08,1871.7355631007952,1878.5875,61.9523053827126,NaN,NaN
1690437600,1875.1615315503977,1879.39,1864.7,1875.3700000000001,58.432249723353266,NaN,NaN
1690448400,1875.2657657751988,1886.11,1875.2657657751988,1879.4775,61.44405641963267,NaN,NaN
1690459200,1877.3716328875994,1878.71,1868.71,1873.4875000000002,55.166638672338905,NaN,NaN
1690470000,1875.4295664437998,1875.4295664437998,1862.9,1867.7675,49.92165636126835,NaN,NaN
1690480800,1871.5985332218997,1871.5985332218997,1855,1861.55,44.922094457972584,NaN,NaN
1690491600,1866.57426661095,1866.57426661095,1854.84,1859.185,43.15181407820743,NaN,NaN
1690502400,1862.879633305475,1864.62,1860.26,1862.1325,46.00757748981838,NaN,NaN
1690513200,1862.5060666527374,1864.99,1856.52,1860.635,44.77686392196421,NaN,NaN
1690524000,1861.5705333263686,1863.44,1856.56,1860.325,44.51141645643632,NaN,NaN
1690534800,1860.9477666631842,1869.04,1860.9477666631842,1864.98,49.365570005965665,NaN,NaN
1690545600,1862.9638833315921,1883.39,1862.9638833315921,1873.8300000000002,57.05705151220666,NaN,NaN
1690556400,1868.396941665796,1881.25,1866.27,1874.3649999999998,57.477562569724846,NaN,NaN
1690567200,1871.380970832898,1876.97,1871,1873.8825,56.93605917520305,NaN,NaN
1690578000,1872.631735416449,1877.7,1872.631735416449,1875.6025,58.439209625288086,NaN,NaN
1690588800,1874.1171177082244,1877,1873.06,1874.8125,57.44736841715265,NaN,NaN
1690599600,1874.464808854112,1877.09,1873.11,1874.985,57.61652196006216,NaN,NaN
1690610400,1874.7249044270561,1874.76,1869.54,1872.7299999999998,54.56303996003121,NaN,NaN
1690621200,1873.727452213528,1873.727452213528,1869.71,1871.2575,52.602619884404554,NaN,NaN
1690632000,1872.4924761067641,1875.79,1870.47,1872.3475,53.922384430219104,NaN,NaN
1690642800,1872.419988053382,1877.68,1871.25,1874.5675,56.57453259121249,NaN,NaN
1690653600,1873.493744026691,1886.58,1873.31,1880.1275,62.410127516539106,NaN,NaN
1690664400,1876.8106220133454,1885.59,1876.8106220133454,1882.43,64.53554134520607,NaN,NaN
1690675200,1879.6203110066726,1881.52,1877.47,1879.3125,59.620159201199485,NaN,NaN
1690686000,1879.4664055033363,1879.4664055033363,1876.17,1877.58,57.02093278528087,NaN,NaN
1690696800,1878.5232027516681,1878.5232027516681,1873.44,1875.6225,54.14849530827936,NaN,NaN
1690707600,1877.072851375834,1877.072851375834,1872.44,1875.1925,53.51080601144337,NaN,NaN
1690718400,1876.132675687917,1882.6,1871.37,1877.6,56.593033535200796,NaN,NaN
1690729200,1876.8663378439585,1885.3,1874.15,1879.545,58.96033969564865,NaN,NaN
1690740000,1878.2056689219794,1879.21,1848.17,1867.8475,43.57019697369482,NaN,NaN
1690750800,1873.0265844609899,1873.0265844609899,1855,1862.0249999999999,38.22211006863429,NaN,NaN
1690761600,1867.525792230495,1877.4,1861.12,1867.6374999999998,45.204232886098744,NaN,NaN
1690772400,1867.5816461152474,1870.8,1862.42,1866.8125,44.40969523156347,NaN,NaN
1690783200,1867.1970730576236,1869.32,1863.2,1866.215,43.80911844908509,NaN,NaN
1690794000,1866.7060365288116,1870,1865.61,1867.9875,46.13624699622971,NaN,NaN
1690804800,1867.346768264406,1873.21,1860.2,1865.6399999999999,43.56302867655848,NaN,NaN
1690815600,1866.493384132203,1866.493384132203,1854.41,1860.2399999999998,38.27469390714914,NaN,NaN
1690826400,1863.3666920661012,1863.3666920661012,1851.64,1857.595,35.971273116579326,NaN,NaN
1690837200,1860.4808460330505,1860.4808460330505,1851.02,1854.86,33.712030824530714,NaN,NaN
1690848000,1857.670423016525,1864.7,1815.98,1841.4674999999997,25.324459981251707,NaN,NaN
1690858800,1849.5689615082624,1849.5689615082624,1821.28,1827.5349999999999,19.804188688850047,NaN,NaN
1690869600,1838.5519807541311,1838.5519807541311,1828,1833.105,26.68477181045769,NaN,NaN
1690880400,1835.8284903770655,1837.33,1830.2,1833.8525,27.582730569057887,NaN,NaN
1690891200,1834.8404951885327,1836.3,1826.37,1830.2625,25.93952408854902,NaN,NaN
1690902000,1832.5514975942665,1842.19,1813.8,1830.2649999999999,25.942832749159123,NaN,NaN
1690912800,1831.4082487971332,1857.46,1831.4082487971332,1845.6925,42.896651267846394,NaN,NaN
1690923600,1838.5503743985666,1875.62,1838.5503743985666,1861.5800000000002,54.45903449522455,NaN,NaN
1690934400,1850.0651871992834,1879.74,1850.0651871992834,1871.9424999999999,60.12964191425743,NaN,NaN
1690945200,1861.0038435996416,1867.79,1859.4,1864.3525,54.75202963698238,NaN,NaN
1690956000,1862.6781717998208,1864.22,1853.66,1859.42,51.52691600952278,NaN,NaN
1690966800,1861.0490858999106,1861.0490858999106,1854,1858.0749999999998,50.6507814307743,NaN,NaN
1690977600,1859.5620429499552,1861,1841.13,1850.9450000000002,46.16910915862886,NaN,NaN
1690988400,1855.2535214749778,1855.2535214749778,1821.21,1835.4825,38.262320714471414,NaN,NaN
1690999200,1845.368010737489,1845.368010737489,1829.61,1837.02,39.374120965714106,NaN,NaN
1691010000,1841.1940053687445,1845.58,1837.6,1841.3674999999998,42.52591399457773,NaN,NaN
1691020800,1841.2807526843721,1846.07,1837.2,1841.205,42.437107674023366,NaN,NaN
1691031600,1841.242876342186,1841.95,1834.07,1839.0725,41.22057269875676,NaN,NaN
1691042400,1840.157688171093,1840.83,1826,1834.5774999999999,38.702092128146035,NaN,NaN
1691053200,1837.3675940855464,1838.78,1832.04,1835.33,39.36993471684863,NaN,NaN
1691064000,1836.3487970427732,1849.53,1833.7,1842.1374999999998,45.18789520197821,NaN,NaN
1691074800,1839.2431485213865,1859.12,1839.03,1848.1225,49.75303184721665,NaN,NaN
1691085600,1843.6828242606932,1853.7,1841.41,1846.4850000000001,48.56132437674156,NaN,NaN
1691096400,1845.0839121303466,1847.18,1831.11,1839.565,43.788062028777915,NaN,NaN
1691107200,1842.3244560651733,1842.3244560651733,1828.35,1834.4699999999998,40.62207140212195,NaN,NaN
1691118000,1838.3972280325866,1838.3972280325866,1831.21,1834.9875000000002,41.087988449679386,NaN,NaN
1691128800,1836.6923640162934,1840.58,1831.67,1835.9724999999999,42.02053035416995,NaN,NaN
1691139600,1836.3324320081465,1838.69,1833.38,1835.455,41.6475271765674,NaN,NaN
1691150400,1835.8937160040732,1851.31,1831.5,1841.0525,47.11574520693212,NaN,NaN
1691161200,1838.4731080020365,1849.19,1838.4731080020365,1844.62,50.3116628792654,NaN,NaN
1691172000,1841.5465540010182,1841.5465540010182,1815.74,1830.2375,39.85473325244534,NaN,NaN
1691182800,1835.8920270005092,1835.8920270005092,1821.68,1826.8775,37.87425884491305,NaN,NaN
1691193600,1831.3847635002546,1834.02,1827.5,1830.6375,41.38448550349296,NaN,NaN
1691204400,1831.0111317501273,1833.97,1828.69,1831.7200000000003,42.39364250118196,NaN,NaN
1691215200,1831.3655658750638,1833.56,1830.2,1832.545,43.19630590332705,NaN,NaN
1691226000,1831.955282937532,1835,1830.72,1832.8675,43.52755908608363,NaN,NaN
1691236800,1832.411391468766,1836.53,1830.51,1833.8825,44.622122166563315,NaN,NaN
1691247600,1833.1469457343828,1837.09,1830.86,1834.505,45.3220837230297,NaN,NaN
1691258400,1833.8259728671915,1839,1833.76,1835.3925,46.36300058313467,NaN,NaN
1691269200,1834.6092364335957,1838.35,1834.5,1835.96,47.05705633794778,NaN,NaN
1691280000,1835.2846182167978,1838.58,1833.34,1836.175,47.33509708741973,NaN,NaN
1691290800,1835.729809108399,1836.54,1833.92,1835.8025000000002,46.875770813114066,NaN,NaN
1691301600,1835.7661545541996,1837.86,1832.36,1835.5674999999999,46.56875628695172,NaN,NaN
1691312400,1835.6668272770999,1835.6668272770999,1828.51,1833.035,43.27906850333268,NaN,NaN
1691323200,1834.35091363855,1834.35091363855,1825.86,1830.28,39.97108867705063,NaN,NaN
1691334000,1832.315456819275,1836.06,1828.49,1831.83,42.6280155292443,NaN,NaN
1691344800,1832.0727284096374,1834.4,1830.75,1832.6225000000002,43.99295700553072,NaN,NaN
1691355600,1832.347614204819,1838.05,1828,1832.1924999999999,43.38976534556314,NaN,NaN
1691366400,1832.2700571024093,1844.96,1826.41,1836.5124999999998,50.702752634076894,NaN,NaN
1691377200,1834.3912785512046,1847,1834.3912785512046,1842.2825,58.427477053578826,NaN,NaN
1691388000,1838.3368892756023,1839.71,1832.02,1836.1875,49.58812221955748,NaN,NaN
1691398800,1837.2621946378013,1837.39,1832.55,1834.3700000000001,47.2905801658104,NaN,NaN
1691409600,1835.8160973189006,1837.3,1826.49,1831.9725,44.37015784044206,NaN,NaN
1691420400,1833.8942986594502,1833.8942986594502,1802,1819.305,32.83300529487457,NaN,NaN
1691431200,1826.5996493297253,1831.33,1813.63,1821.87,36.43707102082423,NaN,NaN
1691442000,1824.2348246648626,1830.68,1824.2348246648626,1827.8850000000002,44.02254742729445,NaN,NaN
1691452800,1826.0599123324314,1835.41,1826.0599123324314,1830.01,46.45372248315651,NaN,NaN
1691463600,1828.0349561662156,1839.2,1828.0349561662156,1832.9825,49.741910826065734,NaN,NaN
1691474400,1830.5087280831078,1837.17,1830.24,1833.165,49.94514619351018,NaN,NaN
1691485200,1831.8368640415538,1839.31,1830.09,1834.715,51.73048150095694,NaN,NaN
1691496000,1833.275932020777,1848.96,1833.275932020777,1840.5325,57.812488092276496,NaN,NaN
1691506800,1836.9042160103886,1858.79,1836.9042160103886,1847.375,63.6189576697284,NaN,NaN
1691517600,1842.1396080051943,1871.43,1842.1396080051943,1859.8875,71.37707330163525,NaN,NaN
1691528400,1851.0135540025972,1876.51,1851.0135540025972,1862.7375,72.79985348294164,NaN,NaN
1691539200,1856.8755270012985,1861.02,1852.18,1855.7275,64.32966801243447,NaN,NaN
1691550000,1856.3015135006492,1859.14,1853.15,1855.815,64.38536934410456,NaN,NaN
1691560800,1856.0582567503247,1864.45,1854.38,1859.65,66.83017114121448,NaN,NaN
1691571600,1857.8541283751624,1866.25,1857.8541283751624,1862.325,68.45671305678263,NaN,NaN
1691582400,1860.0895641875813,1871.99,1853.28,1860.3374999999999,65.87212268859022,NaN,NaN
1691593200,1860.2135320937905,1860.2135320937905,1846.83,1851.3325,55.62489977972326,NaN,NaN
1691604000,1855.7730160468952,1855.7730160468952,1846.28,1850.8225,55.10208995685497,NaN,NaN
1691614800,1853.2977580234476,1858.75,1847.28,1853.495,57.36354424856895,NaN,NaN
1691625600,1853.3963790117236,1858.02,1853.3963790117236,1855.1074999999998,58.71475546867063,NaN,NaN
1691636400,1854.2519395058616,1854.79,1850.82,1853.1774999999998,56.410429967407126,NaN,NaN
1691647200,1853.7147197529307,1855.48,1849.75,1852.645,55.76019867140763,NaN,NaN
1691658000,1853.1798598764653,1854.66,1850.17,1851.8825000000002,54.786362625749085,NaN,NaN
1691668800,1852.5311799382328,1865.95,1848.1,1854.4825,57.511280154833756,NaN,NaN
1691679600,1853.5068399691163,1856.5,1845.38,1850.7775000000001,52.642502005697295,NaN,NaN
1691690400,1852.1421699845582,1852.47,1847.28,1849.605,51.16625210977692,NaN,NaN
1691701200,1850.8735849922791,1853.25,1849.89,1851.5100000000002,53.45030927666035,NaN,NaN
1691712000,1851.1917924961397,1854.8,1842.81,1848.605,49.63760133108577,NaN,NaN
1691722800,1849.8983962480697,1850.15,1843.01,1846.9125000000001,47.51119388341818,NaN,NaN
1691733600,1848.405448124035,1851.6,1848.405448124035,1849.7649999999999,51.29792786337578,NaN,NaN
1691744400,1849.0852240620175,1851.72,1845.85,1849.3899999999999,50.77927722695271,NaN,NaN
1691755200,1849.2376120310087,1857.26,1847.63,1852.475,54.82573294059648,NaN,NaN
1691766000,1850.8563060155043,1855.19,1838.05,1847.46,47.92785854388428,NaN,NaN
1691776800,1849.1581530077522,1849.1581530077522,1842.22,1844.2225,44.072848781256276,NaN,NaN
1691787600,1846.6903265038761,1850.99,1843.96,1847.4175,48.47720690426419,NaN,NaN
1691798400,1847.053913251938,1854.01,1847.053913251938,1849.9025,51.665494023480555,NaN,NaN
1691809200,1848.478206625969,1848.89,1847.06,1847.9075,49.04172870608478,NaN,NaN
1691820000,1848.1928533129844,1851.46,1847.06,1848.6074999999998,50.001182267077205,NaN,NaN
1691830800,1848.400176656492,1851.49,1848.400176656492,1849.98,51.91295540600661,NaN,NaN
1691841600,1849.190088328246,1853.09,1849.190088328246,1851.7525,54.34102617626719,NaN,NaN
1691852400,1850.471294164123,1853.67,1848.64,1850.9700000000003,53.06710821040847,NaN,NaN
1691863200,1850.7206470820615,1850.7206470820615,1847.2,1848.2875,48.84012554790528,NaN,NaN
1691874000,1849.5040735410307,1849.94,1846.08,1848.3675,48.97067042886965,NaN,NaN
1691884800,1848.9357867705153,1851.55,1848.9357867705153,1850.3875,52.28168820877512,NaN,NaN
1691895600,1849.6616433852578,1850.65,1846.68,1848.9975000000002,49.88316584186325,NaN,NaN
1691906400,1849.329571692629,1851.28,1848.01,1849.53,50.814111195756375,NaN,NaN
1691917200,1849.4297858463146,1851.11,1849,1850.08,51.809807694129674,NaN,NaN
1691928000,1849.7548929231573,1851.85,1849.31,1849.9924999999998,51.63073687244533,NaN,NaN
1691938800,1849.8736964615787,1851.5,1846,1849.2524999999998,50.055052887970085,NaN,NaN
1691949600,1849.5630982307894,1862,1849.5630982307894,1854.2075,59.063809348656115,NaN,NaN
1691960400,1851.8852991153947,1854.77,1834.51,1846.15,44.8855931043407,NaN,NaN
1691971200,1849.0176495576975,1849.0176495576975,1835,1841.8049999999998,39.393933170498336,NaN,NaN
1691982000,1845.4113247788487,1851.72,1843.61,1847.4699999999998,48.27895982845964,NaN,NaN
1691992800,1846.4406623894242,1852.25,1846.4406623894242,1850.1825000000001,51.91405126806173,NaN,NaN
1692003600,1848.3115811947123,1850,1846.4,1848.4250000000002,49.48715695574811,NaN,NaN
1692014400,1848.3682905973562,1854.65,1844.33,1849.8175,51.42476275702591,NaN,NaN
1692025200,1849.0928952986783,1856.5,1846.72,1850.7824999999998,52.77664010045424,NaN,NaN
1692036000,1849.937697649339,1849.937697649339,1839.83,1845.085,44.841661512238375,NaN,NaN
1692046800,1847.5113488246695,1847.5113488246695,1844.54,1845.4375,45.388735074319776,NaN,NaN
1692057600,1846.4744244123349,1847.36,1843.4,1845.0075000000002,44.80494790425844,NaN,NaN
1692068400,1845.7409622061675,1845.7409622061675,1841.47,1843.2325,42.38169166654344,NaN,NaN
1692079200,1844.486731103084,1845.16,1840.39,1842.86,41.86990619437801,NaN,NaN
1692090000,1843.6733655515418,1844.83,1839,1841.8024999999998,40.37915331588908,NaN,NaN
1692100800,1842.7379327757708,1846,1838,1842.0725,40.957168064534955,NaN,NaN
1692111600,1842.4052163878855,1845.71,1837.45,1842.065,40.945293246886315,NaN,NaN
1692122400,1842.2351081939428,1842.28,1814,1831.7075,28.609131303771065,NaN,NaN
1692133200,1836.9713040969714,1836.9713040969714,1827.73,1829.4850000000001,26.746950437103678,NaN,NaN
1692144000,1833.2281520484858,1833.2281520484858,1827.82,1829.865,27.614501939980002,NaN,NaN
1692154800,1831.5465760242428,1831.5465760242428,1821.64,1826.9625,25.163138625244798,NaN,NaN
1692165600,1829.2545380121214,1829.2545380121214,1818.97,1824.035,22.950214258177425,NaN,NaN
1692176400,1826.6447690060609,1826.6447690060609,1819.85,1824.285,23.568376725130534,NaN,NaN
1692187200,1825.4648845030306,1828.31,1818.8,1824.695,24.636256087771017,NaN,NaN
1692198000,1825.0799422515151,1826.79,1816.13,1823.7425,23.804170548644265,NaN,NaN
1692208800,1824.4112211257575,1829.22,1798.17,1815.81,18.269911458770466,NaN,NaN
1692219600,1820.1106105628787,1820.1106105628787,1803.12,1809.0700000000002,15.065036308495166,NaN,NaN
1692230400,1814.5903052814394,1814.5903052814394,1780.04,1798.4275,11.603725704196805,NaN,NaN
1692241200,1806.5089026407197,1806.5089026407197,1795.84,1799.4075,13.572914510072508,NaN,NaN
1692252000,1802.9582013203599,1802.9582013203599,1792.79,1797.7549999999999,13.04519395120721,NaN,NaN
1692262800,1800.35660066018,1800.35660066018,1784.49,1790.32,10.977210414226505,NaN,NaN
1692273600,1795.33830033009,1795.33830033009,1777.58,1784.4499999999998,9.673391933179744,NaN,NaN
1692284400,1789.894150165045,1789.894150165045,1726,1756.7324999999998,6.030851313920465,NaN,NaN
1692295200,1773.3133250825224,1773.3133250825224,1706.78,1727.7125,4.233441184365162,NaN,NaN
1692306000,1750.5129125412614,1750.5129125412614,1550,1668.225,2.553445538956254,NaN,NaN
1692316800,1709.3689562706306,1709.3689562706306,1677,1683.9225000000001,12.429059334427379,NaN,NaN
1692327600,1696.6457281353155,1696.6457281353155,1662.06,1675.7,11.756934734495815,NaN,NaN
1692338400,1686.1728640676579,1697.28,1679.54,1688,18.828282221849705,NaN,NaN
1692349200,1687.086432033829,1695.48,1678.48,1688.8325,19.299651008098465,NaN,NaN
1692360000,1687.9594660169146,1687.9594660169146,1653.74,1672.61,17.203205041906145,NaN,NaN
1692370800,1680.2847330084574,1680.2847330084574,1641.02,1661.0800000000002,15.882658749376603,NaN,NaN
1692381600,1670.6823665042289,1678.57,1655.16,1663.4175,17.269155065643403,NaN,NaN
1692392400,1667.0499332521144,1670,1657.79,1661.7925,17.058649176756774,NaN,NaN
1692403200,1664.4212166260572,1671.64,1659,1663.0625,17.90094828393231,NaN,NaN
1692414000,1663.7418583130286,1663.7418583130286,1655.9,1658.9425,17.28759868334363,NaN,NaN
1692424800,1661.3421791565142,1665.92,1654.31,1659.6375,17.799257030726494,NaN,NaN
1692435600,1660.489839578257,1664.39,1659.7,1661.5275000000001,19.26193742744678,NaN,NaN
1692446400,1661.0086697891286,1665.33,1658.05,1661.6,19.321242765184778,NaN,NaN
1692457200,1661.3043348945644,1696.72,1661.3043348945644,1675.4375,29.90430005893515,NaN,NaN
1692468000,1668.3709174472822,1680.59,1666.66,1674.5149999999999,29.62529756010042,NaN,NaN
1692478800,1671.442958723641,1673.73,1663.6,1669.5525,28.10616765882071,NaN,NaN
1692489600,1670.4977293618203,1675.19,1665.11,1669.8449999999998,28.33941814364735,NaN,NaN
1692500400,1670.17136468091,1670.33,1663.52,1667.025,27.415908399269455,NaN,NaN
1692511200,1668.598182340455,1669.82,1662.03,1666.4650000000001,27.22616762470632,NaN,NaN
1692522000,1667.5315911702276,1675.85,1667.16,1671.7725,32.02766687232837,NaN,NaN
1692532800,1669.6520455851137,1679.76,1666.5,1672.2975000000001,32.50206838770764,NaN,NaN
1692543600,1670.974772792557,1679.79,1664.44,1671.7524999999998,32.25043322634059,NaN,NaN
1692554400,1671.3636363962783,1694.75,1671.3636363962783,1683.2325,42.37152815841143,NaN,NaN
1692565200,1677.2980681981392,1689.8,1677.2980681981392,1686.1399999999999,44.62771938352142,NaN,NaN
1692576000,1681.7190340990696,1685.66,1676.47,1681.6200000000001,41.88251342060506,NaN,NaN
1692586800,1681.669517049535,1688.59,1674.96,1680.2175000000002,41.038954073166686,NaN,NaN
1692597600,1680.9435085247676,1680.9435085247676,1669.52,1674.9775000000002,37.962497542082026,NaN,NaN
1692608400,1677.960504262384,1677.960504262384,1660.21,1670.1,35.309159671606025,NaN,NaN
1692619200,1674.030252131192,1683.95,1666.99,1674.4525,39.380841794031056,NaN,NaN
1692630000,1674.241376065596,1675.33,1649.4,1666.0025,34.80123360044978,NaN,NaN
1692640800,1670.121938032798,1676.94,1662.69,1669.2275,37.77538609461343,NaN,NaN
1692651600,1669.674719016399,1675.91,1666.5,1670.515,38.97227336501298,NaN,NaN
1692662400,1670.0948595081995,1670.0948595081995,1663.07,1666.255,36.47248395374362,NaN,NaN
1692673200,1668.1749297540998,1668.1749297540998,1661.05,1663.8674999999998,35.11312054354313,NaN,NaN
1692684000,1666.0212148770497,1667.57,1661.11,1664.37,35.65668498119388,NaN,NaN
1692694800,1665.1956074385248,1668.03,1660.17,1663.9425,35.385103995854394,NaN,NaN
1692705600,1664.5690537192625,1667.37,1652.55,1659.4175,32.558350502401055,NaN,NaN
1692716400,1661.9932768596314,1661.9932768596314,1619,1639.6875,23.67687640645505,NaN,NaN
1692727200,1650.8403884298157,1650.8403884298157,1620.31,1630.1225,20.725228448383717,NaN,NaN
1692738000,1640.4814442149077,1640.4814442149077,1580,1621.4699999999998,18.48081626618051,NaN,NaN
1692748800,1630.9757221074537,1642.47,1629.05,1635.0300000000002,31.077766133488865,NaN,NaN
1692759600,1633.002861053727,1640.69,1630.85,1636.0475,31.92779719319141,NaN,NaN
1692770400,1634.5251805268636,1658.09,1634.5251805268636,1644.7925,38.90225873871956,NaN,NaN
1692781200,1639.6588402634318,1647.38,1639.6588402634318,1643.5625000000002,38.307750994370544,NaN,NaN
1692792000,1641.610670131716,1658.74,1634.46,1646.9950000000001,41.016706280943,NaN,NaN
1692802800,1644.302835065858,1693.9,1644.302835065858,1670.4275,55.41103430684024,NaN,NaN
1692813600,1657.365167532929,1702.11,1657.365167532929,1686.7250000000001,62.3018342547026,NaN,NaN
1692824400,1672.0450837664646,1685.56,1660,1677.4174999999998,56.894203790725484,NaN,NaN
1692835200,1674.7312918832322,1683.37,1672.36,1677.2349999999997,56.79011752025073,NaN,NaN
1692846000,1675.983145941616,1678.5,1673.09,1674.995,55.4492347410029,NaN,NaN
1692856800,1675.489072970808,1679,1670.31,1674.5500000000002,55.170544352561606,NaN,NaN
1692867600,1675.019536485404,1677.86,1666.2,1671.46,53.17209406124644,NaN,NaN
1692878400,1673.239768242702,1673.239768242702,1644.46,1656.9875000000002,44.95794955134476,NaN,NaN
1692889200,1665.113634121351,1665.113634121351,1635.28,1646.8025,40.24597257159786,NaN,NaN
1692900000,1655.9580670606756,1655.9580670606756,1642.8,1649.305,41.85840434368548,NaN,NaN
1692910800,1652.631533530338,1665.28,1649.42,1656.4724999999999,46.32583443648807,NaN,NaN
1692921600,1654.552016765169,1664.28,1653.5,1659.3675,48.06173098672081,NaN,NaN
1692932400,1656.9597583825844,1659.33,1645.66,1654.0349999999999,45.164251718202216,NaN,NaN
1692943200,1655.497379191292,1658.96,1649,1653.73,44.99715817277529,NaN,NaN
1692954000,1654.613689595646,1656.6,1652.06,1654.2725,45.38420870736087,NaN,NaN
1692964800,1654.443094797823,1677.22,1638.56,1652.4724999999999,44.27104319035988,NaN,NaN
1692975600,1653.4577973989115,1658.2,1635.51,1644.0775,39.41533004043737,NaN,NaN
1692986400,1648.7676486994558,1655.65,1640.97,1647.3474999999999,42.08017674207376,NaN,NaN
1692997200,1648.057574349728,1655,1647.42,1651.6025000000002,45.44294470237201,NaN,NaN
1693008000,1649.8300371748642,1655.17,1649.8300371748642,1653.7375,47.10248551526717,NaN,NaN
1693018800,1651.783768587432,1655.59,1651.32,1653.3899999999999,46.852673680983905,NaN,NaN
1693029600,1652.586884293716,1654.15,1646.66,1650.8725,44.99103859273966,NaN,NaN
1693040400,1651.7296921468578,1651.7296921468578,1647.53,1649.81,44.192938792114475,NaN,NaN
1693051200,1650.7698460734289,1652.49,1646.91,1650.53,44.90615711336091,NaN,NaN
1693062000,1650.6499230367144,1653,1644,1648.905,43.55327574809096,NaN,NaN
1693072800,1649.777461518357,1649.777461518357,1644.01,1646.4550000000002,41.52217565048721,NaN,NaN
1693083600,1648.1162307591785,1650.5,1645.26,1647.575,42.83461799442151,NaN,NaN
1693094400,1647.8456153795892,1650.5,1646.32,1647.5499999999997,42.81152095296381,NaN,NaN
1693105200,1647.6978076897944,1655.28,1646.35,1649.9424999999999,45.82229839700744,NaN,NaN
1693116000,1648.820153844897,1652.22,1647.38,1650.5875,46.63793218680267,NaN,NaN
1693126800,1649.7038269224486,1652.69,1648.24,1650.3000000000002,46.30331401235211,NaN,NaN
1693137600,1650.0019134612244,1659.39,1648.43,1653.6975,50.79610316848787,NaN,NaN
1693148400,1651.849706730612,1660.24,1650.05,1654.905,52.3229323395926,NaN,NaN
1693159200,1653.3773533653061,1658.81,1650.18,1653.7425,50.692054803095054,NaN,NaN
1693170000,1653.559926682653,1659,1651.19,1655.7125,53.345908403045435,NaN,NaN
1693180800,1654.6362133413265,1658.33,1648.06,1653.8274999999999,50.5427432947856,NaN,NaN
1693191600,1654.231856670663,1654.231856670663,1636.09,1645.3275,40.26745529002925,NaN,NaN
1693202400,1649.7796783353315,1649.7796783353315,1638.57,1642.57,37.59708982977158,NaN,NaN
1693213200,1646.1748391676656,1646.1748391676656,1621.75,1636.62,32.57697752269077,NaN,NaN
1693224000,1641.3974195838327,1664.34,1640.03,1648.9225,48.02889129976437,NaN,NaN
1693234800,1645.1599597919162,1655.14,1642.86,1649.675,48.80179714081781,NaN,NaN
1693245600,1647.417479895958,1653,1637.88,1646.8875,46.068649193265024,NaN,NaN
1693256400,1647.1524899479791,1657.26,1644.53,1650.4575,49.93581257571091,NaN,NaN
1693267200,1648.8049949739896,1662.32,1648.8049949739896,1655.0549999999998,54.4641888389732,NaN,NaN
1693278000,1651.9299974869946,1653.98,1648.92,1651.6650000000002,50.81442320541817,NaN,NaN
1693288800,1651.7974987434973,1652.85,1644.94,1648.4450000000002,47.55464720060929,NaN,NaN
1693299600,1650.1212493717487,1650.1212493717487,1640,1643.835,43.27446548275437,NaN,NaN
1693310400,1646.9781246858743,1736.5,1640.27,1685.06,69.61332112942078,NaN,NaN
1693321200,1666.019062342937,1745.84,1666.019062342937,1727.4775,79.93619609986703,NaN,NaN
1693332000,1696.7482811714685,1742.29,1696.7482811714685,1732.055,80.69824391463129,NaN,NaN
1693342800,1714.4016405857342,1734.83,1714.4016405857342,1728.105,77.94704476926815,NaN,NaN
1693353600,1721.253320292867,1730.93,1713.23,1722.5549999999998,74.12326345483515,NaN,NaN
1693364400,1721.9041601464335,1722.2,1712.76,1718.1025000000002,71.10945018058214,NaN,NaN
1693375200,1720.0033300732168,1720.8,1715,1718.925,71.34126197767382,NaN,NaN
1693386000,1719.4641650366084,1720.55,1711.19,1716.7625,69.75648123680682,NaN,NaN
1693396800,1718.113332518304,1722.23,1694.34,1708.9050000000002,64.17786342712975,NaN,NaN
1693407600,1713.5091662591522,1713.5091662591522,1695.93,1702.0575,59.697334182258395,NaN,NaN
1693418400,1707.783333129576,1707.783333129576,1696.93,1701.93,59.61387881565465,NaN,NaN
1693429200,1704.8566665647882,1708.34,1701.27,1704.67,60.87957072647854,NaN,NaN
1693440000,1704.7633332823941,1705.23,1698.93,1702.3400000000001,59.1810586781801,NaN,NaN
1693450800,1703.5516666411972,1704.71,1697.29,1701.5025,58.548751276899736,NaN,NaN
1693461600,1702.5270833205986,1708.36,1702.5270833205986,1705.3774999999998,60.64396554109913,NaN,NaN
1693472400,1703.9522916602991,1729,1703.75,1713.1924999999999,64.53716160563934,NaN,NaN
1693483200,1708.5723958301496,1714.08,1697.14,1707.5375,59.918223107674734,NaN,NaN
1693494000,1708.0549479150748,1708.0549479150748,1643.12,1678.4474999999998,42.90641870726214,NaN,NaN
1693504800,1693.2512239575371,1693.2512239575371,1645,1654.7475,34.3497558984737,NaN,NaN
1693515600,1673.9993619787685,1673.9993619787685,1630,1643.9125000000001,31.278646053188183,NaN,NaN
1693526400,1658.9559309893843,1658.9559309893843,1645.23,1648.89,34.189586695942836,NaN,NaN
1693537200,1653.922965494692,1653.922965494692,1648.44,1650.0275000000001,34.86856687545806,NaN,NaN
1693548000,1651.9752327473461,1651.9752327473461,1643.35,1646.375,33.66742079568196,NaN,NaN
1693558800,1649.175116373673,1649.175116373673,1641.15,1645.0975,33.236171803534845,NaN,NaN
1693569600,1647.1363081868367,1652.3,1622.01,1637.9425,30.852522619388182,NaN,NaN
1693580400,1642.5394040934184,1642.5394040934184,1602.33,1620.2825,25.912715285074057,NaN,NaN
1693591200,1631.410952046709,1638.09,1604.74,1619.5525,25.729329929589895,NaN,NaN
1693602000,1625.4817260233544,1632.34,1625.1,1628.8974999999998,32.33139888139081,NaN,NaN
1693612800,1627.189613011677,1634.42,1627.189613011677,1630.255,33.259504403833816,NaN,NaN
1693623600,1628.7223065058386,1636.56,1628.7223065058386,1632.2475,34.67571550692928,NaN,NaN
1693634400,1630.4849032529191,1634.9,1630.18,1632.4225,34.80656343327762,NaN,NaN
1693645200,1631.4537016264594,1636.95,1630.19,1633.205,35.429377108267985,NaN,NaN
1693656000,1632.3293508132297,1639.8,1632.3293508132297,1636.3925,38.026605146583215,NaN,NaN
1693666800,1634.3609254066148,1645,1632.36,1637.04,38.567172574325305,NaN,NaN
1693677600,1635.7004627033075,1635.7004627033075,1628.21,1632.6100000000001,36.238222844116464,NaN,NaN
1693688400,1634.1552313516538,1639.67,1633.76,1636.1625,39.398607610859685,NaN,NaN
1693699200,1635.1588656758267,1637.38,1631.72,1635.1425,38.80389703901954,NaN,NaN
1693710000,1635.1506828379133,1637.42,1633.68,1635.4125,39.06609666037783,NaN,NaN
1693720800,1635.2815914189566,1639.2,1631.06,1634.6174999999998,38.54245318689646,NaN,NaN
1693731600,1634.9495457094781,1634.9495457094781,1631.74,1633.2625,37.61695377305664,NaN,NaN
1693742400,1634.106022854739,1641.08,1628.17,1634.94,39.55215242390669,NaN,NaN
1693753200,1634.5230114273695,1636.3,1625.14,1632.2325,37.52861106242597,NaN,NaN
1693764000,1633.3777557136848,1647.5,1631.02,1638.1825,44.27574619768535,NaN,NaN
1693774800,1635.7801278568422,1645.81,1633.38,1639.47,45.64379727301701,NaN,NaN
1693785600,1637.6250639284212,1641.33,1632.3,1637.0525,43.485049287663834,NaN,NaN
1693796400,1637.3387819642107,1644.82,1635.16,1638.5325,45.19399489575216,NaN,NaN
1693807200,1637.9356409821053,1640.63,1634.41,1637.4150000000002,44.10940248381629,NaN,NaN
1693818000,1637.6753204910528,1640.69,1631.14,1635.8000000000002,42.52121710060573,NaN,NaN
1693828800,1636.7376602455265,1636.7376602455265,1628.15,1631.285,38.362608382388856,NaN,NaN
1693839600,1634.0113301227634,1635.91,1618.6,1628.6950000000002,36.17686109604522,NaN,NaN
1693850400,1631.3531650613818,1632.88,1627,1629.7375000000002,37.71514072886069,NaN,NaN
1693861200,1630.545332530691,1632.8,1616.32,1627.0675,35.36420421534923,NaN,NaN
1693872000,1628.8064162653454,1631.32,1617.49,1624.3925,33.13567563911779,NaN,NaN
1693882800,1626.5994581326727,1627.94,1609.69,1620.3475000000003,30.051752510221462,NaN,NaN
1693893600,1623.4734790663365,1629.33,1620.84,1625.07,37.37937724740152,NaN,NaN
1693904400,1624.2717395331683,1638.74,1623.89,1630.6925,44.79438809977543,NaN,NaN
1693915200,1627.4821197665842,1639.56,1625.96,1632.8575,47.37826994777602,NaN,NaN
1693926000,1630.1698098832921,1648.02,1630.1698098832921,1636.1825,51.15913520698609,NaN,NaN
1693936800,1633.176154941646,1639.17,1626.91,1632.9975,47.6289343713676,NaN,NaN
1693947600,1633.086827470823,1634.46,1629.67,1632.1200000000001,46.67335317789228,NaN,NaN
1693958400,1632.6034137354116,1640.24,1631.68,1636.45,51.811062553666936,NaN,NaN
1693969200,1634.5267068677058,1640.31,1628.58,1634.3125,49.286665829105424,NaN,NaN
1693980000,1634.419603433853,1634.419603433853,1627.92,1630.1,44.66767663416289,NaN,NaN
1693990800,1632.2598017169264,1636.36,1629.48,1632.5024999999998,47.679290559127494,NaN,NaN
1694001600,1632.3811508584631,1635.65,1619.56,1628.0675,43.024006831507215,NaN,NaN
1694012400,1630.2243254292316,1670,1609.2,1637.4425,53.38505869959228,NaN,NaN
1694023200,1633.8334127146159,1655.55,1624.27,1638.695,54.573592341279124,NaN,NaN
1694034000,1636.264206357308,1636.264206357308,1627.61,1631.13,46.81033522895477,NaN,NaN
1694044800,1633.697103178654,1639.05,1631.8,1634.45,50.16109833568417,NaN,NaN
1694055600,1634.073551589327,1642.47,1633.31,1637.02,52.64786893371185,NaN,NaN
1694066400,1635.5467757946635,1639.07,1632.01,1635.74,51.27559904589709,NaN,NaN
1694077200,1635.6433878973316,1635.6433878973316,1626.1,1630.3,45.81050736316785,NaN,NaN
1694088000,1632.9716939486657,1633.48,1623.4,1629.1050000000002,44.68385221640309,NaN,NaN
1694098800,1631.0383469743329,1641,1628.96,1635.3200000000002,51.38099937437512,NaN,NaN
1694109600,1633.1791734871665,1641.18,1633.15,1638.0975,54.05798227264419,NaN,NaN
1694120400,1635.6383367435833,1660,1635.6383367435833,1646.5024999999998,61.047445803353895,NaN,NaN
1694131200,1641.0704183717917,1658.93,1641.0704183717917,1649.1175,62.936725357817906,NaN,NaN
1694142000,1645.093959185896,1654.04,1644.32,1647.3675,60.81106472021818,NaN,NaN
1694152800,1646.2307295929481,1648.57,1643.16,1645.6799999999998,58.750474736512516,NaN,NaN
1694163600,1645.955364796474,1645.955364796474,1616.21,1633.275,46.32389262643502,NaN,NaN
1694174400,1639.615182398237,1639.615182398237,1624.44,1628.685,42.72305747738959,NaN,NaN
1694185200,1634.1500911991184,1634.1500911991184,1624.65,1629.2324999999998,43.28932174253828,NaN,NaN
1694196000,1631.691295599559,1637,1626.24,1632.5449999999998,46.72133613556499,NaN,NaN
1694206800,1632.1181477997793,1639,1632.1181477997793,1636.6774999999998,50.72751541183768,NaN,NaN
1694217600,1634.3978238998895,1636.98,1634.3978238998895,1635.9575,50.021782235674564,NaN,NaN
1694228400,1635.1776619499446,1635.53,1632.01,1633.9025000000001,47.970455692656856,NaN,NaN
1694239200,1634.5400809749724,1635.8,1631.97,1633.6525,47.71410453565685,NaN,NaN
1694250000,1634.0962904874862,1636.1,1633.46,1634.7725,49.02828020452517,NaN,NaN
1694260800,1634.434395243743,1635.68,1629.74,1633.37,47.42093730368546,NaN,NaN
1694271600,1633.9021976218714,1637.52,1632.76,1634.33,48.66160984238035,NaN,NaN
1694282400,1634.1160988109357,1634.85,1632.32,1633.7725,47.95394600727761,NaN,NaN
1694293200,1633.944299405468,1636.91,1633.68,1634.9550000000002,49.62725859194808,NaN,NaN
1694304000,1634.449649702734,1635.7,1626.8,1632.245,45.978875457731256,NaN,NaN
1694314800,1633.347324851367,1633.347324851367,1618.23,1626.6950000000002,39.563993726035484,NaN,NaN
1694325600,1630.0211624256835,1630.0211624256835,1622.68,1625.5175000000002,38.34175807504452,NaN,NaN
1694336400,1627.7693312128417,1627.7693312128417,1619.25,1623.9050000000002,36.671045998763645,NaN,NaN
1694347200,1625.837165606421,1628.35,1620.97,1624.0475000000001,36.93258379049046,NaN,NaN
1694358000,1624.9423328032105,1624.9423328032105,1600,1613.3899999999999,27.71412259786615,NaN,NaN
1694368800,1619.166166401605,1626.15,1602.85,1614.1825,29.130684607280358,NaN,NaN
1694379600,1616.6743332008025,1628.23,1616.53,1620.3525,39.13169578233973,NaN,NaN
1694390400,1618.5134166004013,1619,1603.22,1613.0700000000002,33.17998437043535,NaN,NaN
1694401200,1615.7917083002008,1617.38,1608,1613.8500000000001,34.332019310126356,NaN,NaN
1694412000,1614.8208541501003,1617.96,1603.9,1611.5925,32.58118980205805,NaN,NaN
1694422800,1613.2066770750503,1613.2066770750503,1575.53,1594.3525,22.95403844277878,NaN,NaN
1694433600,1603.7795885375251,1603.7795885375251,1550,1573.4975,16.57407939517755,NaN,NaN
1694444400,1588.6385442687624,1588.6385442687624,1551.36,1560.665,13.996239633948093,NaN,NaN
1694455200,1574.6517721343812,1574.6517721343812,1531.01,1550.2825,12.325846797659878,NaN,NaN
1694466000,1562.4671360671905,1562.4671360671905,1538.89,1546.1475,11.725638483665435,NaN,NaN
1694476800,1554.3073180335953,1559.25,1549.67,1554.5525,20.228761524838134,NaN,NaN
1694487600,1554.4299090167976,1594.82,1554.4299090167976,1572.635,34.783565732978815,NaN,NaN
1694498400,1563.5324545083988,1585.02,1563.5324545083988,1579.5375,39.33385549295329,NaN,NaN
1694509200,1571.5349772541995,1626,1571.5349772541995,1597.4274999999998,49.22259838306816,NaN,NaN
1694520000,1584.4812386270996,1613.55,1584.4812386270996,1603.8999999999999,52.2548835982427,NaN,NaN
1694530800,1594.1906193135496,1622,1584.57,1597.5825,49.16853673209082,NaN,NaN
1694541600,1595.8865596567748,1609.21,1584.94,1594.7575000000002,47.808712481461804,NaN,NaN
1694552400,1595.3220298283875,1604.31,1590.02,1596.515,48.75818321459953,NaN,NaN
1694563200,1595.9185149141938,1601.29,1589.17,1594.44,47.65586401871358,NaN,NaN
1694574000,1595.1792574570968,1595.93,1581.88,1589.1625,44.876932507371585,NaN,NaN
1694584800,1592.1708787285484,1603.6,1581.99,1590.6925,45.86254723773112,NaN,NaN
1694595600,1591.4316893642742,1607.05,1591.01,1598.825,50.88908719371599,NaN,NaN
1694606400,1595.1283446821371,1611.52,1592.2,1603.0375,53.30743932799069,NaN,NaN
1694617200,1599.0829223410685,1619.3,1596.61,1604.3449999999998,54.06355010421205,NaN,NaN
1694628000,1601.7139611705343,1605.69,1595.43,1600.6174999999998,51.503013353438185,NaN,NaN
1694638800,1601.165730585267,1609.85,1601.165730585267,1606.0525,54.86003578528262,NaN,NaN
1694649600,1603.6091152926335,1638,1603.6091152926335,1618.9475,61.643943346053966,NaN,NaN
1694660400,1611.2783076463168,1623.98,1611.2783076463168,1618.4725,61.278613973290064,NaN,NaN
1694671200,1614.8754038231584,1625.74,1613.32,1618.3049999999998,61.141009463172466,NaN,NaN
1694682000,1616.5902019115792,1627.01,1616.5902019115792,1622.4125,63.31642786694927,NaN,NaN
1694692800,1619.5013509557896,1637.56,1617.07,1628.9175,66.5136546866854,NaN,NaN
1694703600,1624.209425477895,1644.13,1624.209425477895,1635.975,69.60852125224514,NaN,NaN
1694714400,1630.0922127389474,1644.29,1627.47,1634.0124999999998,67.73385721667427,NaN,NaN
1694725200,1632.0523563694737,1632.13,1624.27,1627.5875,61.86005286443293,NaN,NaN
1694736000,1629.819928184737,1635.8,1622.36,1629.3374999999999,62.80614718833008,NaN,NaN
1694746800,1629.5787140923685,1635.88,1629.25,1632.1325000000002,64.32812638991527,NaN,NaN
1694757600,1630.8556070461843,1631.91,1625.58,1629.4625,61.729496573161356,NaN,NaN
1694768400,1630.159053523092,1632.07,1617.75,1625.04,57.58034731044031,NaN,NaN
1694779200,1627.599526761546,1627.599526761546,1611.42,1618.1050000000002,51.71072377982959,NaN,NaN
1694790000,1622.8522633807731,1623.48,1614.17,1617.8425,51.496738834667994,NaN,NaN
1694800800,1620.3473816903866,1623.33,1617.47,1620.5825,53.652662274233734,NaN,NaN
1694811600,1620.4649408451933,1654.08,1620.4649408451933,1635.0625,63.00995019766543,NaN,NaN
1694822400,1627.7637204225966,1653.17,1627.7637204225966,1644.6475,67.66389422628728,NaN,NaN
1694833200,1636.2056102112983,1647.95,1636.2056102112983,1642.3500000000001,65.53545789148964,NaN,NaN
1694844000,1639.2778051056493,1639.46,1633.22,1636.42,60.26606738318136,NaN,NaN
1694854800,1637.8489025528247,1638.6,1631.31,1635.0949999999998,59.12218753355734,NaN,NaN
1694865600,1636.4719512764123,1639.37,1633.1,1635.35,59.28236414298728,NaN,NaN
1694876400,1635.910975638206,1639.42,1631.41,1635.3675,59.29415243276474,NaN,NaN
1694887200,1635.639237819103,1638.88,1631.74,1635.6950000000002,59.5302852406226,NaN,NaN
1694898000,1635.6671189095516,1638.1,1633.11,1635.0749999999998,58.83446603107418,NaN,NaN
1694908800,1635.3710594547756,1635.3710594547756,1619.54,1629.115,52.483751715321006,NaN,NaN
1694919600,1632.2430297273877,1632.2430297273877,1627.09,1629.2475,52.60623203191,NaN,NaN
1694930400,1630.7452648636938,1632.9,1627.24,1630.55,53.86515670215568,NaN,NaN
1694941200,1630.647632431847,1635,1629.3,1631.3875,54.698422580061056,NaN,NaN
1694952000,1631.0175662159236,1632.13,1627.33,1629.3925,52.27626781082362,NaN,NaN
1694962800,1630.2050331079618,1632.09,1620.36,1625.405,47.72707459714822,NaN,NaN
1694973600,1627.8050165539807,1627.8050165539807,1613.73,1619.5325,41.938756725558875,NaN,NaN
1694984400,1623.6687582769905,1623.6687582769905,1612,1618.7150000000001,41.18985092073791,NaN,NaN
1694995200,1621.1918791384953,1636.54,1603.88,1623.1074999999998,46.69751902174122,NaN,NaN
1695006000,1622.1496895692476,1635.32,1622.1496895692476,1629.955,53.93938044868315,NaN,NaN
1695016800,1626.0523447846238,1638.48,1626.0523447846238,1632.4975000000002,56.31277971085157,NaN,NaN
1695027600,1629.274922392312,1658.52,1629.274922392312,1645.2075,65.79995590138739,NaN,NaN
1695038400,1637.241211196156,1669.5,1637.241211196156,1658.3100000000002,72.44350109621001,NaN,NaN
1695049200,1647.775605598078,1662.02,1635,1648.23,62.400722407091855,NaN,NaN
1695060000,1648.002802799039,1648.002802799039,1632.97,1638.4625,54.51441997079921,NaN,NaN
1695070800,1643.2326513995195,1643.2326513995195,1635.28,1637.8274999999999,54.03629179459036,NaN,NaN
1695081600,1640.5300756997597,1640.5300756997597,1626.32,1635.5625,52.27509872405604,NaN,NaN
1695092400,1638.0462878498797,1639.88,1633.31,1637.2199999999998,53.47024807787847,NaN,NaN
1695103200,1637.6331439249398,1644.57,1632.7,1639.285,54.98278831388943,NaN,NaN
1695114000,1638.4590719624698,1661.04,1638.4590719624698,1648.4650000000001,61.04518866714994,NaN,NaN
1695124800,1643.462035981235,1650.55,1634.44,1644.4975,57.44459486248236,NaN,NaN
1695135600,1643.9797679906173,1659.52,1642.19,1648.095,59.7621294745153,NaN,NaN
1695146400,1646.0373839953086,1649.38,1639.05,1644.0375000000001,56.05427525663464,NaN,NaN
1695157200,1645.0374419976542,1645.0374419976542,1637.11,1641.7624999999998,54.030136829628994,NaN,NaN
1695168000,1643.399970998827,1649.34,1638.98,1642.8925000000002,54.90125613689927,NaN,NaN
1695178800,1643.1462354994137,1643.1462354994137,1633.26,1637.325,49.88540754373922,NaN,NaN
1695189600,1640.2356177497068,1640.2356177497068,1630.42,1635.1825,48.06553405771797,NaN,NaN
1695200400,1637.7090588748533,1638.42,1618.48,1631.0425,44.67406877625244,NaN,NaN
1695211200,1634.3757794374267,1634.39,1620.68,1628.075,42.366517098230595,NaN,NaN
1695222000,1631.2253897187134,1632.53,1625.16,1628.4675000000002,42.78745767421938,NaN,NaN
1695232800,1629.8464448593568,1640.79,1604.51,1624.6475,39.74492017481422,NaN,NaN
1695243600,1627.2469724296784,1629.82,1619.72,1624.1075,39.31928244227555,NaN,NaN
1695254400,1625.6772362148392,1625.6772362148392,1613.68,1619.8125,36.01556556032675,NaN,NaN
1695265200,1622.7448681074197,1624.57,1617.99,1621.1025,37.70848904565985,NaN,NaN
1695276000,1621.9236840537098,1623.86,1616.48,1620.3174999999999,37.06579984796074,NaN,NaN
1695286800,1621.1205920268549,1621.1205920268549,1588.72,1604.6625,27.13373498678071,NaN,NaN
1695297600,1612.8915460134274,1612.8915460134274,1567.77,1585.935,20.1707002296141,NaN,NaN
1695308400,1599.4132730067136,1599.4132730067136,1581.01,1586.62,20.96957508177161,NaN,NaN
1695319200,1593.0166365033567,1593.0166365033567,1583.03,1588.0275000000001,22.681722348364673,NaN,NaN
1695330000,1590.5220682516783,1590.5220682516783,1583.64,1586.1075,21.982115903181622,NaN,NaN
1695340800,1588.3147841258392,1595.08,1576.58,1586.04,21.956475336238725,NaN,NaN
1695351600,1587.1773920629196,1596.32,1587.1773920629196,1591.8075000000001,29.521074468373214,NaN,NaN
1695362400,1589.4924460314598,1602.68,1587.66,1595.1950000000002,33.59246522115359,NaN,NaN
1695373200,1592.3437230157301,1597.79,1592.3437230157301,1596.04,34.607252891705585,NaN,NaN
1695384000,1594.191861507865,1600.58,1593.1,1597.3225,36.200776724717095,NaN,NaN
1695394800,1595.7571807539325,1599.02,1586.83,1594.0975,33.959733258570424,NaN,NaN
1695405600,1594.9273403769662,1599.2,1589.59,1593.085,33.26350696261366,NaN,NaN
1695416400,1594.006170188483,1594.99,1589.22,1592.2425,32.663429257914174,NaN,NaN
1695427200,1593.1243350942416,1598.24,1592.05,1593.8999999999999,35.14238482700476,NaN,NaN
1695438000,1593.5121675471207,1594.17,1589.91,1592.5749999999998,34.062828082911494,NaN,NaN
1695448800,1593.0435837735604,1595.39,1591.83,1593.5425,35.61807021706437,NaN,NaN
1695459600,1593.2930418867802,1594.65,1591.06,1592.9950000000001,35.11334187134902,NaN,NaN
1695470400,1593.1440209433902,1595,1590.33,1592.64,34.76929931856472,NaN,NaN
1695481200,1592.8920104716951,1594.33,1587.45,1591.2325,33.37311895121839,NaN,NaN
1695492000,1592.0622552358477,1595.46,1590.96,1592.7075,36.26163514152509,NaN,NaN
1695502800,1592.3848776179238,1593.88,1590.01,1592.7325,36.31203338237593,NaN,NaN
1695513600,1592.558688808962,1594.82,1590.9,1593.3775,37.68114333038424,NaN,NaN
1695524400,1592.968094404481,1593.98,1591.35,1592.9950000000001,37.17082687425325,NaN,NaN
1695535200,1592.9815472022406,1594.46,1591.45,1593.2649999999999,37.81107097745633,NaN,NaN
1695546000,1593.1232736011202,1596.27,1592.19,1594.1974999999998,40.082039049092984,NaN,NaN
1695556800,1593.66038680056,1596.47,1592.63,1594.56,40.98425335758204,NaN,NaN
1695567600,1594.11019340028,1601.12,1588.2,1595.6675,43.76999731050867,NaN,NaN
1695578400,1594.88884670014,1599.68,1578.17,1591.6375,36.937402896096756,NaN,NaN
1695589200,1593.26317335007,1593.26317335007,1570.01,1583.1325,27.26443775035719,NaN,NaN
1695600000,1588.197836675035,1588.2,1563.01,1578.0225,23.31403032454709,NaN,NaN
1695610800,1583.1101683375175,1583.1101683375175,1574.34,1578.2675,23.883478418883,NaN,NaN
1695621600,1580.6888341687586,1583.12,1572.52,1577.5975,23.37234541052119,NaN,NaN
1695632400,1579.1431670843795,1579.1431670843795,1565.81,1572.9524999999999,20.152334699327454,NaN,NaN
1695643200,1576.0478335421897,1577.44,1564.35,1571.705,19.380097877498144,NaN,NaN
1695654000,1573.8764167710947,1597.5,1573.8764167710947,1585.5049999999999,44.64849874914129,NaN,NaN
1695664800,1579.6907083855472,1596.68,1579.6907083855472,1590.3375,50.499407783397245,NaN,NaN
1695675600,1585.0141041927736,1589.96,1584.45,1587.2675,47.093695839880766,NaN,NaN
1695686400,1586.1408020963868,1593.01,1586.1408020963868,1590.0675,50.380532098923666,NaN,NaN
1695697200,1588.1041510481934,1594.53,1588.1041510481934,1592.54,53.148476214546996,NaN,NaN
1695708000,1590.3220755240968,1595.11,1587.29,1591.1100000000001,51.36385025312818,NaN,NaN
1695718800,1590.7160377620485,1599.78,1585.8,1591.7225,52.10566468500508,NaN,NaN
1695729600,1591.2192688810242,1593.74,1580.43,1588.14,47.53850304220779,NaN,NaN
1695740400,1589.679634440512,1592.85,1580.05,1586.4825,45.54922953451149,NaN,NaN
1695751200,1588.081067220256,1591.61,1583.79,1587.1575,46.530502909958734,NaN,NaN
1695762000,1587.6192836101282,1595.67,1584,1590.2050000000002,50.83813825792919,NaN,NaN
1695772800,1588.912141805064,1597.47,1588.912141805064,1592.915,54.35937086650149,NaN,NaN
1695783600,1590.913570902532,1597.97,1590.28,1592.84,54.24357545297243,NaN,NaN
1695794400,1591.876785451266,1594.32,1589.99,1592.35,53.44259126320676,NaN,NaN
1695805200,1592.1133927256328,1634.1,1592.1133927256328,1612.1475,71.65458290946825,NaN,NaN
1695816000,1602.1304463628164,1631.5,1592.56,1612.0925000000002,71.57082194529463,NaN,NaN
1695826800,1607.1114731814082,1607.1114731814082,1593.37,1597.055,53.24466414950092,NaN,NaN
1695837600,1602.083236590704,1602.083236590704,1583.5,1593.89,50.323925580343825,NaN,NaN
1695848400,1597.986618295352,1599.52,1594.04,1596.805,52.8872556085888,NaN,NaN
1695859200,1597.3958091476761,1615.59,1597.3958091476761,1604.6875000000002,59.041951706531975,NaN,NaN
1695870000,1601.041654573838,1615,1601.041654573838,1609.7275000000002,62.422215703359896,NaN,NaN
1695880800,1605.384577286919,1621.93,1605.384577286919,1615.635,65.96758893633222,NaN,NaN
1695891600,1610.5097886434596,1637.76,1610.5097886434596,1623.9475,70.22456766272575,NaN,NaN
1695902400,1617.22864432173,1648,1617.22864432173,1633.1375,74.08416891527516,NaN,NaN
1695913200,1625.1830721608649,1668.21,1625.1830721608649,1651.37,79.70488119594424,NaN,NaN
1695924000,1638.2765360804324,1665.99,1638.2765360804324,1657.1175,81.09669576792027,NaN,NaN
1695934800,1647.6970180402163,1657.67,1643.51,1652.615,76.66136750253543,NaN,NaN
1695945600,1650.1560090201083,1658.7,1650,1653.1275,76.8167925332881,NaN,NaN
1695956400,1651.6417545100542,1656.89,1648.37,1652.975,76.6532101387555,NaN,NaN
1695967200,1652.3083772550272,1688,1652.3083772550272,1667.4375,80.82382895481368,NaN,NaN
1695978000,1659.8729386275136,1677.35,1659.8729386275136,1671.0674999999999,81.70711906525763,NaN,NaN
1695988800,1665.4702193137568,1684.29,1655,1670.3525,80.91650832952338,NaN,NaN
1695999600,1667.9113596568784,1675,1662.65,1668.4524999999999,78.73624108831687,NaN,NaN
1696010400,1668.181929828439,1670.8,1657,1664.675,74.441628281125,NaN,NaN
1696021200,1666.4284649142196,1669.6,1665.27,1667.6024999999997,75.55445164508242,NaN,NaN
1696032000,1667.0154824571096,1672.54,1666.19,1669.19,76.16061491301232,NaN,NaN
1696042800,1668.1027412285548,1673.38,1668.1027412285548,1671.625,77.09865362618174,NaN,NaN
1696053600,1669.8638706142774,1675.57,1669.8638706142774,1673.55,77.84097640059342,NaN,NaN
1696064400,1671.7069353071388,1679.24,1671.7069353071388,1675.8375,78.72354035454322,NaN,NaN
1696075200,1673.7722176535694,1687.11,1673.02,1679.4,80.05580508083386,NaN,NaN
1696086000,1676.5861088267848,1694.32,1673.6,1682.2800000000002,81.08684942376897,NaN,NaN
1696096800,1679.4330544133925,1681.2,1675.15,1679.0175000000002,76.27631576543453,NaN,NaN
1696107600,1679.2252772066963,1683.4,1666.33,1675.1625000000001,70.92224793431906,NaN,NaN
1696118400,1677.1938886033481,1677.8,1670.42,1673.21,68.30701247727148,NaN,NaN
1696129200,1675.201944301674,1680.06,1672.13,1676.3025,70.1824540941135,NaN,NaN
1696140000,1675.752222150837,1681.36,1675.752222150837,1679.1799999999998,71.85156404132273,NaN,NaN
1696150800,1677.4661110754184,1692.08,1677.4661110754184,1684.9074999999998,74.86725864964687,NaN,NaN
1696161600,1681.186805537709,1691.1,1678.36,1684.9474999999998,74.88749362723183,NaN,NaN
1696172400,1683.0671527688544,1684.45,1671,1677.4475,64.41529602841572,NaN,NaN
1696183200,1680.2573263844272,1680.2573263844272,1668,1673.08,59.22172671449207,NaN,NaN
1696194000,1676.6686631922134,1751,1673.65,1708.1499999999999,75.9733678362294,NaN,NaN
1696204800,1692.4093315961068,1735.53,1692.4093315961068,1728.65,80.91005840461871,NaN,NaN
1696215600,1710.5296657980534,1733.42,1710.5296657980534,1722.6875,76.01771395394226,NaN,NaN
1696226400,1716.6085828990267,1744,1716.6085828990267,1728.2175,77.38361465980486,NaN,NaN
1696237200,1722.4130414495135,1736.14,1722.4130414495135,1730.0874999999999,77.84316950013852,NaN,NaN
1696248000,1726.2502707247568,1734.04,1704.17,1719.815,69.48992455472167,NaN,NaN
1696258800,1723.0326353623784,1723.0326353623784,1679.76,1700.445,57.05680031549553,NaN,NaN
1696269600,1711.7388176811892,1711.7388176811892,1640,1671.625,44.34397468985816,NaN,NaN
1696280400,1691.6819088405946,1691.6819088405946,1636.79,1657.7849999999999,39.762217496262025,NaN,NaN
1696291200,1674.7334544202972,1674.7334544202972,1659.91,1664.51,42.852077358110655,NaN,NaN
1696302000,1669.6217272101485,1670.65,1663.41,1666.85,43.9298076864901,NaN,NaN
1696312800,1668.2358636050742,1670.51,1662,1665.73,43.50689125673035,NaN,NaN
1696323600,1666.9829318025372,1666.9829318025372,1650.15,1659.1950000000002,41.025143614919266,NaN,NaN
1696334400,1663.0889659012687,1663.24,1643,1652.77,38.688493900455015,NaN,NaN
1696345200,1657.9294829506343,1658.6,1643.95,1651.6275,38.27106566887676,NaN,NaN
1696356000,1654.7784914753172,1659.71,1645.68,1654.3899999999999,39.95795363999891,NaN,NaN
1696366800,1654.5842457376584,1659.84,1648.7,1655.53,40.678393304053465,NaN,NaN
1696377600,1655.057122868829,1657.66,1625,1645.3375,36.46546178828379,NaN,NaN
1696388400,1650.1973114344146,1650.1973114344146,1636.06,1641.2424999999998,34.901512296610335,NaN,NaN
1696399200,1645.7199057172072,1648.56,1636.29,1643.04,36.1950966006922,NaN,NaN
1696410000,1644.3799528586037,1652.57,1644.3799528586037,1647.6999999999998,39.548842537116286,NaN,NaN
1696420800,1646.0399764293018,1650.28,1627.39,1639.5600000000002,35.990206189362596,NaN,NaN
1696431600,1642.799988214651,1643.37,1631.7,1637.035,34.939953467278684,NaN,NaN
1696442400,1639.9174941073256,1654.81,1637.37,1643.2875,39.63732548542174,NaN,NaN
1696453200,1641.6024970536628,1652.79,1641.6024970536628,1645.72,41.409678783464486,NaN,NaN
1696464000,1643.6612485268315,1655.47,1643.08,1647.25,42.55223667294886,NaN,NaN
1696474800,1645.4556242634158,1646.44,1640.13,1642.6825000000001,40.04186274545304,NaN,NaN
1696485600,1644.069062131708,1644.069062131708,1631.88,1637.9475,37.567547784736426,NaN,NaN
1696496400,1641.0082810658541,1642,1636.14,1638.2525,37.83402372674299,NaN,NaN
1696507200,1639.630390532927,1649.53,1631.44,1639.87,39.31336975176704,NaN,NaN
1696518000,1639.7501952664634,1642.2,1606.73,1626.835,32.584019961183245,NaN,NaN
1696528800,1633.2925976332317,1633.2925976332317,1612.4,1616.3974999999998,28.393046064925812,NaN,NaN
1696539600,1624.8450488166159,1624.8450488166159,1610.29,1614.4225,27.66787349413589,NaN,NaN
1696550400,1619.633774408308,1625.35,1611.79,1618.0575000000001,31.153136373755515,NaN,NaN
1696561200,1618.8456372041542,1624.89,1618.75,1621.9475,34.77512776825692,NaN,NaN
1696572000,1620.396568602077,1637.78,1619.16,1627.7424999999998,39.85174919057847,NaN,NaN
1696582800,1624.0695343010384,1639.5,1624.0695343010384,1634.0500000000002,44.8804490370797,NaN,NaN
1696593600,1629.0597671505193,1638.69,1611.68,1629.8025000000002,42.31486367000871,NaN,NaN
1696604400,1629.4311335752598,1649.71,1629.4311335752598,1641.0175,50.38039772200194,NaN,NaN
1696615200,1635.22431678763,1654.67,1635.22431678763,1648.125,54.70296039739577,NaN,NaN
1696626000,1641.674658393815,1662,1641.674658393815,1649.1,55.27850209351019,NaN,NaN
1696636800,1645.3873291969076,1647.71,1641,1643.6875,51.37598251758388,NaN,NaN
1696647600,1644.5374145984538,1644.5374145984538,1639.17,1640.9924999999998,49.50203501366316,NaN,NaN
1696658400,1642.7649572992268,1643.29,1636.12,1640.5175,49.161671153060205,NaN,NaN
1696669200,1641.6412286496134,1643.18,1637.6,1640.4650000000001,49.12146966607908,NaN,NaN
1696680000,1641.0531143248068,1643,1638.35,1640.4800000000002,49.13426811726851,NaN,NaN
1696690800,1640.7665571624034,1642.54,1634.18,1638.7525,47.64772832587419,NaN,NaN
1696701600,1639.7595285812017,1639.7595285812017,1630.03,1634.0775,43.786867334500506,NaN,NaN
1696712400,1636.9185142906008,1636.9185142906008,1631.34,1633.5325,43.345916945148225,NaN,NaN
1696723200,1635.2255071453005,1641.4,1633.56,1636.4325000000001,46.43690749594453,NaN,NaN
1696734000,1635.8290035726504,1639.85,1625,1632.815,43.265830872784385,NaN,NaN
1696744800,1634.3220017863252,1634.3220017863252,1624.52,1628.2600000000002,39.598989871708135,NaN,NaN
1696755600,1631.2910008931626,1631.2910008931626,1616.17,1623.005,35.8265600955486,NaN,NaN
1696766400,1627.1480004465814,1637.45,1617.19,1626.5249999999999,39.95306643811048,NaN,NaN
1696777200,1626.8365002232906,1637,1626.8365002232906,1632.9575,46.69820460427372,NaN,NaN
1696788000,1629.8970001116454,1638.95,1629.89,1634.2725,47.9845656693546,NaN,NaN
1696798800,1632.0847500558227,1638.32,1627.46,1633.7150000000001,47.461607091752434,NaN,NaN
1696809600,1632.8998750279115,1633.49,1623.37,1630.3175,44.293464974220456,NaN,NaN
1696820400,1631.6086875139558,1636,1628.24,1631.0825,45.18078780992172,NaN,NaN
1696831200,1631.345593756978,1631.345593756978,1613,1621.4850000000001,37.17949190409747,NaN,NaN
1696842000,1626.415296878489,1626.415296878489,1583.32,1601.745,26.704309462608578,NaN,NaN
1696852800,1614.0801484392446,1614.0801484392446,1583.32,1590.7350000000001,22.83918410032433,NaN,NaN
1696863600,1602.4075742196223,1602.4075742196223,1546,1577.6574999999998,19.271268117266956,NaN,NaN
1696874400,1590.032537109811,1590.032537109811,1576.29,1579.9425,21.576560826718648,NaN,NaN
1696885200,1584.9875185549056,1584.9875185549056,1573.76,1577.93,21.0075663403733,NaN,NaN
1696896000,1581.4587592774528,1592.91,1576.03,1584.7324999999998,27.92620386281297,NaN,NaN
1696906800,1583.0956296387262,1590.35,1582.79,1587.2875000000001,30.392241880820663,NaN,NaN
1696917600,1585.191564819363,1594.9,1585.191564819363,1589.2475000000002,32.30572297344996,NaN,NaN
1696928400,1587.2195324096815,1590.68,1577.2,1584.335,30.0742457979469,NaN,NaN
1696939200,1585.7772662048408,1588.46,1564.41,1576.0549999999998,26.723655642954782,NaN,NaN
1696950000,1580.9161331024202,1580.9161331024202,1557.57,1566.6674999999998,23.523748425525298,NaN,NaN
1696960800,1573.79181655121,1573.79181655121,1550.55,1560.55,21.700212912847803,NaN,NaN
1696971600,1567.1709082756051,1570.45,1559,1564.2525,25.466100196186872,NaN,NaN
1696982400,1565.7117041378026,1575.75,1544.26,1561.7425,24.602237577285038,NaN,NaN
1696993200,1563.7271020689013,1563.7271020689013,1551.92,1557.625,23.211243697438817,NaN,NaN
1697004000,1560.6760510344507,1564.42,1548.24,1558.6025,24.30540989609021,NaN,NaN
1697014800,1559.6392755172253,1578.43,1559.6392755172253,1569.72,35.55308689761472,NaN,NaN
1697025600,1564.6796377586127,1576.64,1564.6796377586127,1571.395,37.070298049298316,NaN,NaN
1697036400,1568.0373188793064,1572.72,1549.02,1561.4975,32.24038311144186,NaN,NaN
1697047200,1564.7674094396532,1566.66,1548.92,1558.3175,30.84963117440472,NaN,NaN
1697058000,1561.5424547198268,1569.37,1561.5424547198268,1565.7099999999998,37.58956434574337,NaN,NaN
1697068800,1563.6262273599132,1568.56,1556.27,1564.2575000000002,36.82998675522464,NaN,NaN
1697079600,1563.9418636799567,1565.74,1557.8,1563.435,36.38166290272301,NaN,NaN
1697090400,1563.6884318399784,1567.03,1556.77,1561.5825,35.338282408520854,NaN,NaN
1697101200,1562.6354659199892,1562.6354659199892,1534.55,1550.8474999999999,29.973772099112196,NaN,NaN
1697112000,1556.7414829599945,1556.7414829599945,1539,1547.3600000000001,28.462130272743124,NaN,NaN
1697122800,1552.0507414799972,1552.0507414799972,1521,1535.725,24.09606282239838,NaN,NaN
1697133600,1543.8878707399986,1543.8878707399986,1526.66,1532.5500000000002,23.056665570329116,NaN,NaN
1697144400,1538.2189353699994,1540.42,1533.85,1537.6125,28.36282072223949,NaN,NaN
1697155200,1537.9157176849997,1547.58,1537.9157176849997,1542.0724999999998,32.76206249575692,NaN,NaN
1697166000,1539.9941088424998,1545,1538.12,1541.7725,32.6169669746007,NaN,NaN
1697176800,1540.88330442125,1554.79,1539.6,1545.8425,36.712040500193865,NaN,NaN
1697187600,1543.362902210625,1550.42,1543.02,1546.92,37.78994256446161,NaN,NaN
1697198400,1545.1414511053126,1553.87,1540.95,1545.77,37.06437127016594,NaN,NaN
1697209200,1545.4557255526563,1549.04,1537.76,1543.3025,35.48983786080005,NaN,NaN
1697220000,1544.3791127763282,1563.3,1541.51,1552.225,44.6468114983195,NaN,NaN
1697230800,1548.3020563881641,1575.36,1545.38,1558.075,49.68922894277476,NaN,NaN
1697241600,1553.1885281940822,1556.48,1549.43,1553.0300000000002,45.81328427420893,NaN,NaN
1697252400,1553.1092640970412,1555.47,1549.49,1552.2925,45.257518767973984,NaN,NaN
1697263200,1552.7008820485207,1552.7008820485207,1545.12,1548.3925,42.33292402599276,NaN,NaN
1697274000,1550.5466910242603,1550.5466910242603,1544.55,1547.1725,41.43097902141785,NaN,NaN
1697284800,1548.85959551213,1552.58,1546.19,1548.8224999999998,43.193792581364754,NaN,NaN
1697295600,1548.8410477560649,1558.62,1548.8410477560649,1552.9099999999999,47.41609879267286,NaN,NaN
1697306400,1550.8755238780323,1556.13,1550.8755238780323,1554.81,49.30244525713836,NaN,NaN
1697317200,1552.842761939016,1561.72,1552.842761939016,1556.44,50.92879544676821,NaN,NaN
1697328000,1554.6413809695082,1557.84,1549.6,1554.4724999999999,48.89006645249518,NaN,NaN
1697338800,1554.556940484754,1556.03,1552.7,1554.4675,48.884710840665406,NaN,NaN
1697349600,1554.512220242377,1558.19,1552.46,1555.5025,50.10318498584609,NaN,NaN
1697360400,1555.0073601211884,1560.17,1553.95,1556.8475,51.714027549515954,NaN,NaN
1697371200,1555.9274300605944,1560.45,1547.44,1554.0400000000002,48.21502069575424,NaN,NaN
1697382000,1554.9837150302974,1557.86,1550.35,1554.67,49.0481300786528,NaN,NaN
1697392800,1554.8268575151487,1567.62,1554.8268575151487,1561.6574999999998,57.26089825097,NaN,NaN
1697403600,1558.2421787575743,1566.33,1552.74,1560.29,55.37955057537628,NaN,NaN
1697414400,1559.266089378787,1567,1555.06,1560.51,55.6321077621151,NaN,NaN
1697425200,1559.8880446893936,1588.97,1559.8880446893936,1574.2725,67.87998582141833,NaN,NaN
1697436000,1567.0802723446968,1587.68,1567.0802723446968,1582.645,72.79939673365065,NaN,NaN
1697446800,1574.8626361723484,1587.13,1574.8626361723484,1581.4,71.05662375122499,NaN,NaN
1697457600,1578.1313180861744,1639.43,1566,1593.7150000000001,76.93779272422621,NaN,NaN
1697468400,1585.9231590430873,1588,1573.33,1581.6924999999999,63.39483825993807,NaN,NaN
1697479200,1583.8078295215437,1602.47,1578.7,1586.85,66.14773875345644,NaN,NaN
1697490000,1585.3289147607718,1604.85,1577.74,1592.3875,68.8559495418835,NaN,NaN
1697500800,1588.858207380386,1600.53,1588.858207380386,1596.3375,70.65911675889703,NaN,NaN
1697511600,1592.597853690193,1595.85,1583.3,1590.6775,64.86392081836892,NaN,NaN
1697522400,1591.6376768450964,1593.16,1582.66,1588.0749999999998,62.33244897902176,NaN,NaN
1697533200,1589.856338422548,1594.05,1582.89,1587.535,61.793558126452474,NaN,NaN
1697544000,1588.695669211274,1588.695669211274,1565,1577.13,52.394114740228936,NaN,NaN
1697554800,1582.912834605637,1582.912834605637,1564.48,1571.4575,48.0986612094614,NaN,NaN
1697565600,1577.1851673028186,1577.1851673028186,1551.08,1562.2224999999999,42.05389117458982,NaN,NaN
1697576400,1569.7038336514092,1569.7038336514092,1557.46,1562.0775,41.96471540559689,NaN,NaN
1697587200,1565.8906668257046,1571.94,1562.4,1566.7150000000001,45.91491293888934,NaN,NaN
1697598000,1566.3028334128524,1582.13,1563.66,1571.4975,49.716036090636315,NaN,NaN
1697608800,1568.9001667064263,1578,1566.66,1573.775,51.46537585565372,NaN,NaN
1697619600,1571.3375833532132,1585.42,1568.94,1577.7200000000003,54.42313251157738,NaN,NaN
1697630400,1574.5287916766067,1581.76,1568.56,1574.9025000000001,51.98643078320078,NaN,NaN
1697641200,1574.7156458383033,1574.86,1566.09,1570.185,48.10293300522816,NaN,NaN
1697652000,1572.4503229191516,1572.71,1559.16,1565.835,44.781014176169165,NaN,NaN
1697662800,1569.1426614595757,1569.1426614595757,1555.88,1561.8450000000003,41.921312979742176,NaN,NaN
1697673600,1565.493830729788,1567.12,1541.61,1554.955,37.47134373930936,NaN,NaN
1697684400,1560.224415364894,1560.224415364894,1545.8,1549.91,34.57708629796174,NaN,NaN
1697695200,1555.0672076824471,1555.0672076824471,1546.88,1550.2000000000003,34.88841393574202,NaN,NaN
1697706000,1552.6336038412237,1555.36,1541.76,1549.7475,34.61164628961984,NaN,NaN
1697716800,1551.1905519206118,1562.43,1551,1557.0675,42.551138083797646,NaN,NaN
1697727600,1554.129025960306,1574.45,1554.129025960306,1563.48,48.45553223020215,NaN,NaN
1697738400,1558.804512980153,1573.15,1558.804512980153,1565.7025,50.359793632093854,NaN,NaN
1697749200,1562.2535064900767,1568,1562.2535064900767,1566.1175,50.72585559771361,NaN,NaN
1697760000,1564.1855032450385,1588.89,1561.19,1575.4875,58.21771171209088,NaN,NaN
1697770800,1569.8365016225193,1594.99,1569.8365016225193,1585.7350000000001,64.56348261933984,NaN,NaN
1697781600,1577.7857508112597,1621.04,1577.7857508112597,1598.87,70.70507971371106,NaN,NaN
1697792400,1588.3278754056298,1630.4,1588.3278754056298,1615.3925,76.27518588674425,NaN,NaN
1697803200,1601.860187702815,1616.49,1597.71,1608.1625000000001,70.0027865401422,NaN,NaN
1697814000,1605.0113438514077,1609.85,1597.15,1605.2949999999998,67.62746003290185,NaN,NaN
1697824800,1605.1531719257036,1609.77,1602.7,1606.045,67.93393581712033,NaN,NaN
1697835600,1605.5990859628519,1610,1602.39,1604.7775000000001,66.78324591794052,NaN,NaN
1697846400,1605.188292981426,1606.45,1592.36,1599.5225,62.08769557638869,NaN,NaN
1697857200,1602.355396490713,1602.355396490713,1592.36,1597.0025,59.91225537447933,NaN,NaN
1697868000,1599.6789482453564,1608.1,1598.58,1602.9925,63.211849546812516,NaN,NaN
1697878800,1601.3357241226781,1609.85,1601.3357241226781,1606.7975000000001,65.17285713550419,NaN,NaN
1697889600,1604.0666120613391,1624.91,1602.5,1614.56,68.82395877374678,NaN,NaN
1697900400,1609.3133060306695,1639.62,1609.3133060306695,1628.5700000000002,74.10119976021976,NaN,NaN
1697911200,1618.9416530153349,1644.53,1618.9416530153349,1634.65,75.99987055904715,NaN,NaN
1697922000,1626.7958265076675,1633.29,1625.86,1629.4724999999999,71.21218573572838,NaN,NaN
1697932800,1628.1341632538338,1641.25,1623.26,1629.77,71.32397066644971,NaN,NaN
1697943600,1628.9520816269169,1648,1624.12,1634.9275,73.26233328348681,NaN,NaN
1697954400,1631.9397908134583,1647.12,1624.29,1635.4125,73.44412072627982,NaN,NaN
1697965200,1633.6761454067291,1635.98,1624.5,1629.33,67.26724220459963,NaN,NaN
1697976000,1631.5030727033645,1637.41,1625.58,1630.0575,67.61803509728134,NaN,NaN
1697986800,1630.7802863516822,1638.22,1621.1,1630.9524999999999,68.07137415475887,NaN,NaN
1697997600,1630.866393175841,1642,1630.866393175841,1637.745,71.34962068980703,NaN,NaN
1698008400,1634.3056965879205,1667.8,1634.21,1651.4675,76.58101767510202,NaN,NaN
1698019200,1642.88659829396,1689.1,1642.88659829396,1672.3899999999999,81.982824325878,NaN,NaN
1698030000,1657.63829914698,1705.79,1657.63829914698,1689.075,84.96178416304,NaN,NaN
1698040800,1673.35664957349,1700,1671.39,1686.8675,83.00632695650135,NaN,NaN
1698051600,1680.1120747867449,1682.92,1662.34,1676.2375,74.1554736790994,NaN,NaN
1698062400,1678.1747873933723,1684.05,1663.44,1675.7675,73.78087432951602,NaN,NaN
1698073200,1676.971143696686,1694.65,1671.09,1682.875,75.77389199628303,NaN,NaN
1698084000,1679.9230718483432,1723,1679.48,1699.4500000000003,79.65737409806594,NaN,NaN
1698094800,1689.6865359241717,1800,1689.6865359241717,1744.3799999999999,86.14221212344229,NaN,NaN
1698105600,1717.0332679620858,1850,1717.0332679620858,1801.88,90.372174064439,NaN,NaN
1698116400,1759.456633981043,1839.88,1759.456633981043,1823.52,91.43213369858279,NaN,NaN
1698127200,1791.4883169905215,1819.26,1791.4883169905215,1813.0575000000001,86.4751734478244,NaN,NaN
1698138000,1802.2729084952607,1845.69,1802.2729084952607,1830.8899999999999,87.69925266544739,NaN,NaN
1698148800,1816.5814542476303,1854.38,1807.15,1832.42,87.80126588805334,NaN,NaN
1698159600,1824.500727123815,1828.76,1762.13,1797.4775,72.926288708615,NaN,NaN
1698170400,1810.9891135619075,1810.9891135619075,1756.21,1772.2749999999999,64.44573783310733,NaN,NaN
1698181200,1791.6320567809537,1796.38,1763.54,1779.19,65.6268536436251,NaN,NaN
1698192000,1785.411028390477,1807.01,1777.21,1790.605,67.5436205371261,NaN,NaN
1698202800,1788.0080141952385,1795,1779,1787.5275,66.46748715931012,NaN,NaN
1698213600,1787.7677570976193,1790.78,1760,1776.6325,62.661259657348914,NaN,NaN
1698224400,1782.2001285488095,1793.32,1770,1780.4375,63.448491935117296,NaN,NaN
1698235200,1781.3188142744048,1809.79,1779.24,1795.35,66.43529471697391,NaN,NaN
1698246000,1788.3344071372023,1817.69,1779.29,1798.68,67.08215590097994,NaN,NaN
1698256800,1793.5072035686012,1793.75,1782.38,1788.58,63.109466723986266,NaN,NaN
1698267600,1791.0436017843006,1796.42,1776.04,1786.7125,62.3739295930848,NaN,NaN
1698278400,1788.8780508921504,1797.43,1779.42,1789.6925,63.11272969410177,NaN,NaN
1698289200,1789.2852754460753,1817.61,1789.2852754460753,1801.3875,65.93930303295082,NaN,NaN
1698300000,1795.3363877230377,1865.54,1790.76,1825.0225,70.80775893540486,NaN,NaN
1698310800,1810.1794438615188,1857.1,1803.77,1829.5275,71.63984859908513,NaN,NaN
1698321600,1819.8534719307595,1825.06,1767.11,1798.4924999999998,59.13475064156399,NaN,NaN
1698332400,1809.1729859653797,1809.1729859653797,1762.21,1781.9700000000003,53.755024174939464,NaN,NaN
1698343200,1795.57149298269,1800.45,1781.77,1791.02,56.110278200018364,NaN,NaN
1698354000,1793.295746491345,1811.55,1793.295746491345,1802.07,58.865031721069435,NaN,NaN
1698364800,1797.6828732456725,1803.91,1772.83,1792.515,55.614453017368675,NaN,NaN
1698375600,1795.0989366228364,1796.67,1784.16,1791.1925,55.16042715014266,NaN,NaN
1698386400,1793.1457183114182,1796,1776.07,1788.0475,54.03077743935653,NaN,NaN
1698397200,1790.596609155709,1791.37,1775.44,1783.5675,52.385021801781726,NaN,NaN
1698408000,1787.0820545778547,1796.84,1770.25,1780.6825000000001,51.30133132375461,NaN,NaN
1698418800,1783.8822772889275,1788.14,1744.66,1767.14,46.44432677122972,NaN,NaN
1698429600,1775.5111386444637,1783,1750.01,1768.9,47.14469584093719,NaN,NaN
1698440400,1772.205569322232,1784.35,1772.205569322232,1779.9699999999998,51.445690414654436,NaN,NaN
1698451200,1776.0877846611158,1793.46,1776.0877846611158,1785.8049999999998,53.589444701827404,NaN,NaN
1698462000,1780.946392330558,1795.41,1780.946392330558,1789.9825,55.117314475233584,NaN,NaN
1698472800,1785.464446165279,1791,1785.29,1788.1550000000002,54.275533157117316,NaN,NaN
1698483600,1786.8097230826397,1803.23,1786.36,1791.5874999999999,55.645734747235245,NaN,NaN
1698494400,1789.1986115413197,1791.02,1775.58,1785.2524999999998,52.51776319771999,NaN,NaN
1698505200,1787.2255557706599,1791.71,1784.03,1786.82,53.2184932321152,NaN,NaN
1698516000,1787.02277788533,1787.02277788533,1776.29,1781.3600000000001,50.42690320777156,NaN,NaN
1698526800,1784.191388942665,1784.191388942665,1770,1777.0674999999999,48.28261956541881,NaN,NaN
1698537600,1780.6294444713326,1781.9,1762.66,1774.6025000000002,47.04545100839077,NaN,NaN
1698548400,1777.6159722356665,1778.75,1772.34,1776.3525,48.06292046911277,NaN,NaN
1698559200,1776.9842361178332,1788.94,1775.47,1782.5100000000002,51.587646456945386,NaN,NaN
1698570000,1779.7471180589168,1793.01,1779.7471180589168,1788.48,54.79115468764237,NaN,NaN
1698580800,1784.1135590294584,1800.92,1784.1135590294584,1793.15,57.17820591642896,NaN,NaN
1698591600,1788.6317795147293,1806.77,1786.01,1795.35,58.29536026983865,NaN,NaN
1698602400,1791.9908897573646,1802.11,1788.8,1795.3799999999999,58.31133191308068,NaN,NaN
1698613200,1793.6854448786821,1811.3,1790.82,1798.59,60.07329637277336,NaN,NaN
1698624000,1796.137722439341,1798.1,1778.43,1789.0525,52.916996768271595,NaN,NaN
1698634800,1792.5951112196703,1792.5951112196703,1779.2,1783.2324999999998,49.07513552294221,NaN,NaN
1698645600,1787.913805609835,1822.57,1777.77,1800.1575,58.50902004050155,NaN,NaN
1698656400,1794.0356528049174,1827.45,1794.0356528049174,1817.0675,65.40470385839728,NaN,NaN
1698667200,1805.5515764024587,1829.84,1805.4,1817.21,65.4568043834079,NaN,NaN
1698678000,1811.3807882012293,1822.32,1777.77,1803.98,56.89048355901985,NaN,NaN
1698688800,1807.6803941006146,1807.6803941006146,1796.27,1799.4475000000002,54.27011183237385,NaN,NaN
1698699600,1803.5639470503074,1816.33,1799.23,1806.2375,57.43319749043209,NaN,NaN
1698710400,1804.9007235251538,1819.41,1798.35,1807.6325,58.074813124120034,NaN,NaN
1698721200,1806.2666117625768,1806.2666117625768,1793.06,1800.6750000000002,53.72524623109156,NaN,NaN
1698732000,1803.4708058812885,1804.83,1780.99,1797.1625000000001,51.62315975572973,NaN,NaN
1698742800,1800.3166529406444,1813.99,1796.55,1805.3375,55.943684065494836,NaN,NaN
1698753600,1802.8270764703223,1812.72,1785.92,1801.785,53.699293002142745,NaN,NaN
1698764400,1802.3060382351612,1806,1781.36,1797.0875,50.797242339880455,NaN,NaN
1698775200,1799.6967691175805,1817.67,1798.91,1808.0749999999998,56.69266162636718,NaN,NaN
1698786000,1803.8858845587902,1816.61,1801.97,1811.7675,58.49259780395752,NaN,NaN
1698796800,1807.826692279395,1829,1807.826692279395,1815.705,60.38344762785093,NaN,NaN
1698807600,1811.7658461396975,1812.19,1800,1805.76,53.72631182318109,NaN,NaN
1698818400,1808.7629230698487,1810,1797.57,1803.1574999999998,52.10734087363525,NaN,NaN
1698829200,1805.9602115349244,1807.4,1792.46,1801.17,50.847197014919345,NaN,NaN
1698840000,1803.5651057674622,1827.58,1783.19,1799.1799999999998,49.55496930323486,NaN,NaN
1698850800,1801.372552883731,1808.95,1785.8,1797.1075,48.18162440953363,NaN,NaN
1698861600,1799.2400264418657,1855,1799.2400264418657,1830.0425,64.85188154872398,NaN,NaN
1698872400,1814.6412632209328,1857.66,1814.6412632209328,1848.8725,70.6629085631303,NaN,NaN
1698883200,1831.7568816104663,1868.21,1831.7568816104663,1855.1675,72.31102463957721,NaN,NaN
1698894000,1843.4621908052331,1875,1834.75,1852.4225000000001,70.45237439446127,NaN,NaN
1698904800,1847.9423454026166,1847.9423454026166,1820.53,1831.925,58.38442696752925,NaN,NaN
1698915600,1839.9336727013083,1840,1827.01,1833.8475,59.09220003973808,NaN,NaN
1698926400,1836.8905863506543,1842.45,1808.21,1825.55,54.76315399510477,NaN,NaN
1698937200,1831.2202931753272,1831.2202931753272,1785.01,1805.2925,45.918633870337004,NaN,NaN
1698948000,1818.2563965876636,1818.2563965876636,1798.01,1805.2200000000003,45.89006840065992,NaN,NaN
1698958800,1811.7381982938318,1811.7381982938318,1792.05,1800.8100000000002,44.09322773434061,NaN,NaN
1698969600,1806.274099146916,1806.274099146916,1777.11,1794.5425,41.60020212211318,NaN,NaN
1698980400,1800.408299573458,1800.408299573458,1787.46,1795.8274999999999,42.320266886128074,NaN,NaN
1698991200,1798.117899786729,1804.46,1788.51,1796.89,42.946666860807014,NaN,NaN
1699002000,1797.5039498933645,1797.5039498933645,1780.61,1790.955,40.313061268075394,NaN,NaN
1699012800,1794.2294749466823,1813.62,1784.78,1798.5125,44.943006763246515,NaN,NaN
1699023600,1796.3709874733413,1819.26,1796.3709874733413,1807.7975,50.06768615647872,NaN,NaN
1699034400,1802.0842437366705,1832,1802.0842437366705,1817.1775,54.65913380412976,NaN,NaN
1699045200,1809.6308718683354,1834.58,1809.6308718683354,1830.0325,60.07718415469211,NaN,NaN
1699056000,1819.8316859341676,1839.77,1819.8316859341676,1832.2350000000001,60.93843834044821,NaN,NaN
1699066800,1826.0333429670839,1835.15,1825.59,1831.015,60.16419604056706,NaN,NaN
1699077600,1828.524171483542,1842.56,1828.524171483542,1836.0475,62.292445714876706,NaN,NaN
1699088400,1832.2858357417708,1847.58,1832.2858357417708,1840.1475,63.98081568596783,NaN,NaN
1699099200,1836.2166678708854,1841.03,1830.94,1835.55,60.69879088179166,NaN,NaN
1699110000,1835.8833339354428,1839.19,1828.06,1834.75,60.120867510927106,NaN,NaN
1699120800,1835.3166669677214,1840.46,1834.35,1837.8799999999999,61.65899639593622,NaN,NaN
1699131600,1836.5983334838606,1869.9,1836.5983334838606,1850.2125,67.05132607009276,NaN,NaN
1699142400,1843.4054167419304,1857.26,1843.4054167419304,1853.475,68.32065234206411,NaN,NaN
1699153200,1848.4402083709651,1894.18,1848.4402083709651,1872.53,74.49972507644401,NaN,NaN
1699164000,1860.4851041854827,1896.55,1860.4851041854827,1884.4775,77.46736876503498,NaN,NaN
1699174800,1872.4813020927413,1894,1872.4813020927413,1884.73,77.52689371317953,NaN,NaN
1699185600,1878.6056510463707,1900,1864.41,1882.3875,75.53333658029194,NaN,NaN
1699196400,1880.4965755231854,1912.67,1868,1889.5,77.4309870896463,NaN,NaN
1699207200,1884.9982877615926,1904.8,1881.7,1893.1174999999998,78.35070813237992,NaN,NaN
1699218000,1889.0578938807962,1910.55,1855.45,1885.9,72.04264350033037,NaN,NaN
1699228800,1887.4789469403981,1899.98,1880.5,1889.4475000000002,73.18537760497975,NaN,NaN
1699239600,1888.4632234701992,1889.84,1868.48,1879.5800000000002,65.20211881682604,NaN,NaN
1699250400,1884.0216117350997,1885.75,1872.18,1879.3200000000002,65.00091959951351,NaN,NaN
1699261200,1881.67080586755,1898.99,1881.67080586755,1891.3975,69.68113553733203,NaN,NaN
1699272000,1886.534152933775,1914.23,1886.534152933775,1903.515,73.50878224794869,NaN,NaN
1699282800,1895.0245764668875,1913.33,1885.45,1902.225,72.46001599289369,NaN,NaN
1699293600,1898.6247882334437,1904,1885.83,1895.4975,67.08461246905914,NaN,NaN
1699304400,1897.0611441167218,1907.23,1881.72,1896.2675,67.38286229261743,NaN,NaN
1699315200,1896.664322058361,1903.84,1878.98,1891.0725000000002,63.22069080446554,NaN,NaN
1699326000,1893.8684110291806,1896.52,1878,1887.39,60.373861948877995,NaN,NaN
1699336800,1890.6292055145905,1895.88,1886.66,1891.395,62.35907385450682,NaN,NaN
1699347600,1891.0121027572952,1891.0121027572952,1867.01,1879.4575000000002,53.720180142407514,NaN,NaN
1699358400,1885.2348013786477,1885.2348013786477,1866,1874.11,50.35489214660463,NaN,NaN
1699369200,1879.6724006893237,1879.6724006893237,1850.32,1869.52,47.59859830122849,NaN,NaN
1699380000,1874.5962003446618,1906.99,1872.86,1888.5375,57.88466864434247,NaN,NaN
1699390800,1881.5668501723308,1902.56,1872.72,1890.42,58.74788380931083,NaN,NaN
1699401600,1885.9934250861654,1893,1880,1886.4675,56.14582055440835,NaN,NaN
1699412400,1886.2304625430827,1888.51,1876.68,1882.97,53.87198461986166,NaN,NaN
1699423200,1884.6002312715414,1884.6002312715414,1872.51,1877.6325000000002,50.51008574172271,NaN,NaN
1699434000,1881.1163656357708,1889.08,1877.68,1881.3850000000002,52.74291785834631,NaN,NaN
1699444800,1881.2506828178855,1892.49,1880.88,1885.2,54.96738043837382,NaN,NaN
1699455600,1883.2253414089428,1902.01,1880,1890.2175,57.782083104259165,NaN,NaN
1699466400,1886.7214207044713,1904.69,1886.7214207044713,1895.685,60.66709390192602,NaN,NaN
1699477200,1891.2032103522356,1904.59,1883.01,1892.8274999999999,58.42013400259982,NaN,NaN
1699488000,1892.0153551761177,1925.89,1882.07,1903.4724999999999,63.79917342378494,NaN,NaN
1699498800,1897.7439275880588,1929.27,1897.7439275880588,1918.795,69.84608937989024,NaN,NaN
1699509600,1908.2694637940294,1928.88,1908.2694637940294,1917.9175,69.13387859351744,NaN,NaN
1699520400,1913.0934818970147,1919.57,1904.39,1913.2275,65.30123656604516,NaN,NaN
1699531200,1913.1604909485072,1992,1907.15,1949.0925,76.17745922250907,NaN,NaN
1699542000,1931.1264954742537,2050.86,1931.1264954742537,2008.6925,84.7384350275218,NaN,NaN
1699552800,1969.909497737127,2036.14,1969.909497737127,2022.9,86.02747442801824,NaN,NaN
1699563600,1996.4047488685635,2132,1996.4047488685635,2079.8125,89.75898581877077,NaN,NaN
1699574400,2038.1086244342819,2128.88,2038.1086244342819,2117.09,91.38237060192283,NaN,NaN
1699585200,2077.5993122171412,2136.99,2077.5993122171412,2123.5575,91.6302638026325,NaN,NaN
1699596000,2100.5784061085706,2124.64,2082.27,2107.045,84.91415145608012,NaN,NaN
1699606800,2103.8117030542853,2108.99,2084.27,2097.075,81.05131694908212,NaN,NaN
1699617600,2100.4433515271426,2100.4433515271426,2064.61,2085.1600000000003,76.56841483315635,NaN,NaN
1699628400,2092.8016757635714,2102.9,2077.79,2089.205,77.03283988796116,NaN,NaN
1699639200,2091.0033378817857,2103.57,2081.57,2092.2575,77.39692533561305,NaN,NaN
1699650000,2091.630418940893,2099.45,2070.24,2083.6675,73.84909085347273,NaN,NaN
1699660800,2087.6489594704462,2087.6489594704462,2030.3,2059.8675000000003,64.96365798595468,NaN,NaN
1699671600,2073.7582297352233,2073.7582297352233,2034.66,2048.925,61.31110232436707,NaN,NaN
1699682400,2061.3416148676115,2061.3416148676115,2048.73,2053.475,62.26125490258889,NaN,NaN
1699693200,2057.408307433806,2066.19,2046.23,2054.86,62.562649291775,NaN,NaN
1699704000,2056.134153716903,2088.73,2052.54,2070.08,65.79546509407454,NaN,NaN
1699714800,2063.1070768584514,2089.6,2063.1070768584514,2076.935,67.17051181454022,NaN,NaN
1699725600,2070.021038429226,2079.99,2055.36,2066.0350000000003,62.84434099408296,NaN,NaN
1699736400,2068.028019214613,2068.028019214613,2032.37,2051.33,57.46700940813699,NaN,NaN
1699747200,2059.6790096073064,2059.6790096073064,2012.1,2040.4,53.78327983563697,NaN,NaN
1699758000,2050.0395048036535,2053.54,2038.59,2046.5075000000002,55.4998387949605,NaN,NaN
1699768800,2048.2735024018266,2060,2048.2735024018266,2054.4475,57.699456759412605,NaN,NaN
1699779600,2051.3605012009134,2056.44,2046.13,2051.5099999999998,56.58508599414884,NaN,NaN
1699790400,2051.4352506004566,2058,2035.75,2049.6925,55.86615371148077,NaN,NaN
1699801200,2050.5638753002286,2066.5,2046.39,2055.2175,57.628543408628666,NaN,NaN
1699812000,2052.890687650114,2057.13,2045,2051.29,55.91908393221443,NaN,NaN
1699822800,2052.090343825057,2065.87,2030,2048.2775,54.58167694670151,NaN,NaN
1699833600,2050.1839219125286,2074.4,2035.99,2054.66,56.93189292456766,NaN,NaN
1699844400,2052.4219609562642,2064.1,2030.52,2049.715,54.57556840310909,NaN,NaN
1699855200,2051.068480478132,2061.42,2028.49,2047.1675,53.35052698373046,NaN,NaN
1699866000,2049.117990239066,2059.62,2038.8,2050.81,54.909045564514216,NaN,NaN
1699876800,2049.963995119533,2080.12,2039.16,2060.465,58.83488040432755,NaN,NaN
1699887600,2055.2144975597666,2118,2055.2144975597666,2084.895,66.72842150291675,NaN,NaN
1699898400,2070.054748779883,2102.72,2070.054748779883,2085.7075,66.95537034329483,NaN,NaN
1699909200,2077.8811243899418,2085.99,2043.47,2067.195,57.355677035658836,NaN,NaN
1699920000,2072.5380621949707,2072.5380621949707,2031.55,2048.8999999999996,49.7624600675336,NaN,NaN
1699930800,2060.719031097485,2063.95,2047.61,2057.02,52.75223804961105,NaN,NaN
1699941600,2058.8695155487426,2064.96,2055.92,2061.6425,54.41539909981647,NaN,NaN
1699952400,2060.256007774371,2063,2026.41,2045.8925,48.19087443034056,NaN,NaN
1699963200,2053.0742538871855,2055.9,2020.85,2039.7775000000001,45.99119373937414,NaN,NaN
1699974000,2046.4258769435928,2053.8,2020,2037.065,45.00976327764818,NaN,NaN
1699984800,2041.7454384717964,2041.7454384717964,1936.6,1990.7225,32.320061308048224,NaN,NaN
1699995600,2016.2339692358983,2016.2339692358983,1968.8,1977.8725000000002,29.810369435824185,NaN,NaN
1700006400,1997.0532346179493,1997.0532346179493,1967.01,1977.88,29.81379508439275,NaN,NaN
1700017200,1987.4666173089747,1987.4666173089747,1967.5,1978.18,29.961044705184307,NaN,NaN
1700028000,1982.8233086544874,1991.9,1978.86,1986.5475000000001,34.113077699685434,NaN,NaN
1700038800,1984.6854043272438,2014.46,1982.66,2000.1825,40.321524468336655,NaN,NaN
1700049600,1992.4339521636218,2023.21,1992.4339521636218,2012.655,45.390658066792724,NaN,NaN
1700060400,2002.544476081811,2024.8,2001.83,2012.435,45.31753806784712,NaN,NaN
1700071200,2007.4897380409054,2062.4,2002.9,2030.9075000000003,52.27014238735719,NaN,NaN
1700082000,2019.198619020453,2061.27,2019.198619020453,2050.02,58.19292442591072,NaN,NaN
1700092800,2034.6093095102265,2080.97,2034.6093095102265,2061.6974999999998,61.34877166776266,NaN,NaN
1700103600,2048.153404755113,2058.91,2048.02,2055.18,58.68610197646195,NaN,NaN
1700114400,2051.6667023775562,2065,2037.96,2050.8199999999997,56.90673619725791,NaN,NaN
1700125200,2051.243351188778,2090.4,2036.07,2059.2725,59.47220267456098,NaN,NaN
1700136000,2055.2579255943892,2069.2,2007.91,2043.4325,53.09322944110518,NaN,NaN
1700146800,2049.3452127971946,2049.3452127971946,1980.1,2009.7824999999998,42.63191662559366,NaN,NaN
1700157600,2029.5638563985972,2029.5638563985972,1939.1,1972.865,34.58143361214603,NaN,NaN
1700168400,2001.2144281992987,2001.2144281992987,1947.95,1959.2350000000001,32.166324406325174,NaN,NaN
1700179200,1980.2247140996494,1991.5,1959.4,1974.62,37.47440987798098,NaN,NaN
1700190000,1977.4223570498248,1987.09,1971.48,1980.4499999999998,39.40929118044968,NaN,NaN
1700200800,1978.9361785249123,1987.2,1967.68,1977.6075,38.77918775742815,NaN,NaN
1700211600,1978.271839262456,1982.02,1954.64,1970.1200000000001,37.09663467773655,NaN,NaN
1700222400,1974.1959196312282,1974.1959196312282,1926.1,1948.8825,32.75547988512447,NaN,NaN
1700233200,1961.539209815614,1961.539209815614,1904,1931.2549999999999,29.653630894782935,NaN,NaN
1700244000,1946.3971049078068,1950.72,1935.79,1943.2224999999999,34.20877433985733,NaN,NaN
1700254800,1944.8098024539033,1967.92,1939.06,1952.7199999999998,37.65882825267193,NaN,NaN
1700265600,1948.7649012269517,1961.39,1947.8,1954.915,38.46200504681408,NaN,NaN
1700276400,1951.8399506134758,1951.8399506134758,1929.4,1940.1075,35.17013885075278,NaN,NaN
1700287200,1945.9737253067378,1945.9737253067378,1916,1931.9050000000002,33.46167006873425,NaN,NaN
1700298000,1938.939362653369,1944.91,1933.78,1938.0075,35.95436280362634,NaN,NaN
1700308800,1938.4734313266845,1944.32,1930.67,1937.4875,35.83118335889091,NaN,NaN
1700319600,1937.9804656633423,1971.22,1937.9804656633423,1953.9699999999998,42.54983813591566,NaN,NaN
1700330400,1945.975232831671,1970,1945.975232831671,1964.0425,46.253308761472226,NaN,NaN
1700341200,1955.0088664158357,1965.51,1950.25,1960.4899999999998,45.14786572977242,NaN,NaN
1700352000,1957.7494332079177,1962.99,1943.43,1954.3525,43.22575564794929,NaN,NaN
1700362800,1956.0509666039588,1962.6,1942.89,1952.7225,42.70574987315042,NaN,NaN
1700373600,1954.3867333019793,1966.72,1954.3867333019793,1959.575,45.66506263141702,NaN,NaN
1700384400,1956.9808666509898,1964.68,1946,1955.2925,44.13095386330167,NaN,NaN
1700395200,1956.136683325495,1956.136683325495,1945.21,1951.6999999999998,42.831039339338055,NaN,NaN
1700406000,1953.9183416627475,1979.64,1949.34,1964.0425,48.44924408208646,NaN,NaN
1700416800,1958.9804208313737,1987.66,1958.9804208313737,1979.3200000000002,54.42019581157861,NaN,NaN
1700427600,1969.150210415687,2015.75,1969.150210415687,1996.985,60.165510379238434,NaN,NaN
1700438400,1983.0676052078434,2013.02,1983.0676052078434,2007.2524999999998,63.07860885797125,NaN,NaN
1700449200,1995.1600526039215,2009.88,1993.55,2002.99,61.08155241549445,NaN,NaN
1700460000,1999.0750263019609,2024.5,1997.09,2009.6225,63.04225296774908,NaN,NaN
1700470800,2004.3487631509804,2042.15,2004.3487631509804,2024.85,67.13592636468647,NaN,NaN
1700481600,2014.59938157549,2041.6,1990,2023.505,66.43594069284691,NaN,NaN
1700492400,2019.052190787745,2066.4,2011.3,2043.1275,71.16028803283908,NaN,NaN
1700503200,2031.0898453938726,2062.2,2029.09,2045.7675,71.73668893390169,NaN,NaN
1700514000,2038.4286726969362,2038.4286726969362,2015,2026.6425,62.059982197910095,NaN,NaN
1700524800,2032.535586348468,2034.6,2007.38,2018.6550000000002,58.51012110288855,NaN,NaN
1700535600,2025.595293174234,2025.595293174234,2010.01,2013.7725,56.38690577655383,NaN,NaN
1700546400,2019.683896587117,2019.683896587117,2002,2011.775,55.49958228933399,NaN,NaN
1700557200,2015.7294482935586,2017.59,2001.71,2008.8575,54.159031226499536,NaN,NaN
1700568000,2012.2934741467793,2015.23,1982.56,1997.8725,49.32778531234808,NaN,NaN
1700578800,2005.0829870733896,2020.63,1952.01,1984.54,44.1769230693126,NaN,NaN
1700589600,1994.8114935366948,2006,1960.33,1983.4724999999999,43.7827091780634,NaN,NaN
1700600400,1989.1419967683473,1997.59,1931.43,1963.4450000000002,37.09476520127534,NaN,NaN
1700611200,1976.2934983841737,1976.2934983841737,1928.41,1952.4125,34.01256230217491,NaN,NaN
1700622000,1964.3529991920868,1990.8,1964.3529991920868,1979.8174999999999,46.01257635463183,NaN,NaN
1700632800,1972.0852495960435,2004,1972.0852495960435,1993.9099999999999,50.95208717722181,NaN,NaN
1700643600,1982.9976247980217,2029.4,1982.9976247980217,2012.4125000000001,56.57038057230243,NaN,NaN
1700654400,1997.7050623990108,2042,1997.7050623990108,2023.2,59.484329861402635,NaN,NaN
1700665200,2010.4525311995053,2052.47,2010.4525311995053,2031.6725000000001,61.66014447847282,NaN,NaN
1700676000,2021.0625155997527,2082.78,2021.0625155997527,2056.3,67.17785874810745,NaN,NaN
1700686800,2038.6812577998764,2092.46,2038.6812577998764,2072.3199999999997,70.18384657199962,NaN,NaN
1700697600,2055.500628899938,2071.52,2052.07,2062.42,66.15185426060134,NaN,NaN
1700708400,2058.960314449969,2068.77,2055.75,2062.7974999999997,66.23151796760871,NaN,NaN
1700719200,2060.8789072249842,2083.2,2058.08,2071.6925,68.1346048575339,NaN,NaN
1700730000,2066.2857036124924,2088.94,2041.5,2068.685,66.7645518077706,NaN,NaN
1700740800,2067.4853518062464,2070.44,2048.18,2060.1575,62.902330514683186,NaN,NaN
1700751600,2063.821425903123,2063.821425903123,2040.35,2055.09,60.65675780600993,NaN,NaN
1700762400,2059.4557129515615,2067.79,2055.79,2062.0025,62.61721819340464,NaN,NaN
1700773200,2060.729106475781,2077.31,2059.88,2066.3525,63.83838377140052,NaN,NaN
1700784000,2063.5408032378905,2077.88,2059.37,2067.335,64.12344728232944,NaN,NaN
1700794800,2065.437901618945,2073.61,2062.04,2069.635,64.8225454562729,NaN,NaN
1700805600,2067.5364508094726,2085,2064.83,2075.4325,66.5898194583788,NaN,NaN
1700816400,2071.4844754047363,2127.29,2071.4844754047363,2095,71.74871719787342,NaN,NaN
1700827200,2083.242237702368,2114,2083.242237702368,2104.95,73.95132024155836,NaN,NaN
1700838000,2094.0961188511837,2133.02,2086.16,2108.895,74.79052974309243,NaN,NaN
1700848800,2101.4955594255916,2103.85,2077,2093.8275,66.03935466751707,NaN,NaN
1700859600,2097.6615297127955,2097.6615297127955,2060,2081.8625,60.032308202781444,NaN,NaN
1700870400,2089.762014856398,2089.762014856398,2073.22,2082.0775,60.1025367838587,NaN,NaN
1700881200,2085.919757428199,2089.58,2080.03,2085.1675,61.158871063235736,NaN,NaN
1700892000,2085.543628714099,2090.54,2080,2084.8675000000003,60.990036079876425,NaN,NaN
1700902800,2085.2055643570498,2085.51,2065.3,2076.4875,56.313513346025886,NaN,NaN
1700913600,2080.846532178525,2080.846532178525,2069.9,2073.41,54.65606039012287,NaN,NaN
1700924400,2077.1282660892625,2084.07,2067.47,2075.35,55.544328585917285,NaN,NaN
1700935200,2076.239133044631,2086.43,2074.04,2079.9375,57.65669218400634,NaN,NaN
1700946000,2078.088316522316,2086.01,2078.088316522316,2083.13,59.11271858064216,NaN,NaN
1700956800,2080.609158261158,2083.63,2067.38,2077.5425,55.51469707555302,NaN,NaN
1700967600,2079.075829130579,2083.46,2070.83,2077.91,55.705662841702114,NaN,NaN
1700978400,2078.4929145652895,2094.99,2077.35,2085.7775,59.69467605518386,NaN,NaN
1700989200,2082.135207282645,2091.01,2081.89,2086.7525,60.17335414312979,NaN,NaN
1701000000,2084.4438536413227,2090,2060.41,2074.89,52.07064286344585,NaN,NaN
1701010800,2079.6669268206615,2079.6669268206615,2036.42,2055.76,42.2015363978172,NaN,NaN
1701021600,2067.713463410331,2081.92,2044.36,2063.295,46.502551191953344,NaN,NaN
1701032400,2065.5042317051657,2081.33,2060.67,2070.325,50.22415418616814,NaN,NaN
1701043200,2067.9146158525828,2071.24,2046.56,2057.605,44.2287543897163,NaN,NaN
1701054000,2062.7598079262916,2062.7598079262916,2038.79,2047.3125,40.06148993099436,NaN,NaN
1701064800,2055.036153963146,2055.036153963146,2030,2044.6575,39.03965519955408,NaN,NaN
1701075600,2049.846826981573,2052.86,2016.84,2035.28,35.58700751977891,NaN,NaN
1701086400,2042.5634134907864,2042.5634134907864,2011.47,2020.4275,30.92238555609724,NaN,NaN
1701097200,2031.4954567453933,2031.4954567453933,2000.24,2013.5774999999999,29.03229731865072,NaN,NaN
1701108000,2022.5364783726966,2022.5364783726966,1985.78,2002.9599999999998,26.344393778152366,NaN,NaN
1701118800,2012.7482391863482,2029.99,1995.52,2012.28,32.271993831657696,NaN,NaN
1701129600,2012.5141195931742,2040.39,2012.5141195931742,2028.6350000000002,41.21277319981298,NaN,NaN
1701140400,2020.5745597965872,2031.86,1997.39,2013.3175,36.37021371523268,NaN,NaN
1701151200,2016.9460298982935,2017.2,1995.15,2004.0275000000001,33.777896000531555,NaN,NaN
1701162000,2010.4867649491468,2028.93,2005.77,2017.2375,40.294597008463384,NaN,NaN
1701172800,2013.8621324745734,2042.4,2013.8621324745734,2030.3,45.95784581408625,NaN,NaN
1701183600,2022.0810662372867,2075,2022.0810662372867,2050.8,53.42443683720097,NaN,NaN
1701194400,2036.4405331186435,2072.92,2036.4405331186435,2064.705,57.69408974045569,NaN,NaN
1701205200,2050.5727665593217,2064.22,2043.1,2054.5274999999997,53.80613622198846,NaN,NaN
1701216000,2052.5501332796607,2057.8,2038.79,2048.5600000000004,51.60999843586167,NaN,NaN
1701226800,2050.5550666398303,2056.47,2047.69,2051.8225,52.74556635807498,NaN,NaN
1701237600,2051.1887833199153,2071.5,2050.39,2061.695,56.102613571243126,NaN,NaN
1701248400,2056.441891659958,2075.7,2045,2061.2299999999996,55.90117329704536,NaN,NaN
1701259200,2058.8359458299788,2061.8,2033,2046,49.61729290749813,NaN,NaN
1701270000,2052.417972914989,2052.417972914989,2019.31,2032.2075,44.71511456398446,NaN,NaN
1701280800,2042.3127364574946,2042.56,2020.01,2030.5124999999998,44.137976322339924,NaN,NaN
1701291600,2036.4126182287473,2036.4126182287473,2022.3,2027.5625,43.09543384679599,NaN,NaN
1701302400,2031.9875591143737,2036.64,2022.5,2030.9450000000002,44.70809587351266,NaN,NaN
1701313200,2031.466279557187,2044.19,2029.84,2035.995,47.11769541896124,NaN,NaN
1701324000,2033.7306397785933,2039.12,2020.85,2030.0225,44.63995103996103,NaN,NaN
1701334800,2031.8765698892967,2046.82,2022.25,2035.1425,47.20313108190192,NaN,NaN
1701345600,2033.5095349446483,2052.32,2025.02,2038.215,48.73701725739636,NaN,NaN
1701356400,2035.8622674723242,2041.11,2026.14,2034.1950000000002,46.8203850093171,NaN,NaN
1701367200,2035.0286337361622,2046,2035.0286337361622,2041.35,50.548007374155205,NaN,NaN
1701378000,2038.189316868081,2054.75,2038.189316868081,2047.5975,53.60595649633469,NaN,NaN
1701388800,2042.8934084340406,2093.76,2042.8934084340406,2069.225,62.29757219800017,NaN,NaN
1701399600,2056.05920421702,2100.51,2056.05920421702,2090.3525,68.50493670878807,NaN,NaN
1701410400,2073.20585210851,2107.26,2073.20585210851,2094.965,69.67864322224786,NaN,NaN
1701421200,2084.085426054255,2110.87,2084.085426054255,2096.2425,70.01197301725286,NaN,NaN
1701432000,2090.1639630271275,2094.79,2074.6,2085.2275,63.527217405800386,NaN,NaN
1701442800,2087.6957315135637,2110,2071,2088.4925,64.57463296963857,NaN,NaN
1701453600,2088.094115756782,2098.76,2081,2091.2475,65.47558072602035,NaN,NaN
1701464400,2089.670807878391,2095.79,2082.44,2089.0525,64.07732304314163,NaN,NaN
1701475200,2089.361653939195,2097,2086.25,2090.5025,64.61490707082321,NaN,NaN
1701486000,2089.932076969598,2096.14,2089.932076969598,2093.1825,65.63844043975121,NaN,NaN
1701496800,2091.557288484799,2106.63,2091.557288484799,2098.77,67.73397377285923,NaN,NaN
1701507600,2095.1636442423996,2107,2095.1636442423996,2100.6499999999996,68.43156302795448,NaN,NaN
1701518400,2097.9068221211996,2109.12,2093.39,2100.3225,68.15512932919594,NaN,NaN
1701529200,2099.1146610606,2106.35,2094.04,2101.4449999999997,68.62297861143217,NaN,NaN
1701540000,2100.2798305303,2186.6,2100.2798305303,2138.6775000000002,79.42209411971734,NaN,NaN
1701550800,2119.47866526515,2175.8,2119.47866526515,2162.96,83.42804857167792,NaN,NaN
1701561600,2141.219332632575,2177.41,2141.219332632575,2166.1175000000003,83.86782544599973,NaN,NaN
1701572400,2153.6684163162877,2166.19,2153.43,2161.3225,80.37936931106086,NaN,NaN
1701583200,2157.495458158144,2165.44,2152.92,2159.8975,79.32340277364678,NaN,NaN
1701594000,2158.696479079072,2168.42,2156.47,2161.18,79.58336894338179,NaN,NaN
1701604800,2159.938239539536,2165.71,2149,2156.4725,75.81535435963032,NaN,NaN
1701615600,2158.205369769768,2167.23,2150.46,2155.865,75.31974473510581,NaN,NaN
1701626400,2157.035184884884,2173.21,2153.17,2162.03,76.9653853441973,NaN,NaN
1701637200,2159.5325924424424,2217.27,2159.5325924424424,2186.4849999999997,82.07203088119914,NaN,NaN
1701648000,2173.008796221221,2228.59,2173.008796221221,2206.2275,84.96910030088037,NaN,NaN
1701658800,2189.6181481106105,2253.19,2189.6181481106105,2230.4425,87.61308016569615,NaN,NaN
1701669600,2210.0303240553053,2265,2210.0303240553053,2251.555,89.36893918159794,NaN,NaN
1701680400,2230.7926620276526,2274.28,2213.66,2245.0875,85.37643140057781,NaN,NaN
1701691200,2237.9400810138263,2255.86,2214.83,2233.365,78.52856444401843,NaN,NaN
1701702000,2235.6525405069133,2235.6525405069133,2201.77,2219.0975,71.05816806492625,NaN,NaN
1701712800,2227.3750202534566,2235.65,2216.04,2224.9049999999997,72.21674565313,NaN,NaN
1701723600,2226.140010126728,2254,2220.06,2236.5924999999997,74.43476807282654,NaN,NaN
1701734400,2231.366255063364,2253.52,2222.77,2237.225,74.5531649318941,NaN,NaN
1701745200,2234.295627531682,2235.19,2222.33,2230.3950000000004,70.74320812529477,NaN,NaN
1701756000,2232.345313765841,2237.99,2188.33,2215.66,63.23516523567799,NaN,NaN
1701766800,2224.0026568829207,2224.0026568829207,2193.43,2202.4525000000003,57.358941967536126,NaN,NaN
1701777600,2213.2275784414605,2219.31,2199.58,2210.0425,59.677878409844205,NaN,NaN
1701788400,2211.6350392207305,2299.9,2209.68,2254.465,69.97100960076503,NaN,NaN
1701799200,2233.0500196103653,2309.72,2233.0500196103653,2279.795,74.0403161667155,NaN,NaN
1701810000,2256.422509805183,2298.63,2256.422509805183,2278.8875,73.65521105467081,NaN,NaN
1701820800,2267.6550049025914,2312.23,2267.6550049025914,2293.1825,75.79123385267468,NaN,NaN
1701831600,2280.4187524512954,2292.77,2258.38,2278.1975,69.43571055526492,NaN,NaN
1701842400,2279.308126225648,2282,2260.17,2272.7974999999997,67.24729958600493,NaN,NaN
1701853200,2276.052813112824,2287.78,2233.72,2263.5049999999997,63.5362959099037,NaN,NaN
1701864000,2269.778906556412,2269.778906556412,2250.11,2256.7575,60.90793257411486,NaN,NaN
1701874800,2263.268203278206,2284.6,2247.45,2263.9575,62.681945536348756,NaN,NaN
1701885600,2263.6128516391027,2275.59,2251.7,2262.0575,61.883856566928856,NaN,NaN
1701896400,2262.8351758195513,2262.8351758195513,2220,2241.5074999999997,53.891545354325046,NaN,NaN
1701907200,2252.1713379097755,2252.1713379097755,2230.63,2240.3125,53.45917290462109,NaN,NaN
1701918000,2246.2419189548878,2269.42,2244,2256.7325,58.39817987302319,NaN,NaN
1701928800,2251.4872094774437,2268.96,2244.4,2255.9175,58.068784558641624,NaN,NaN
1701939600,2253.7023547387216,2253.7023547387216,2222,2237.8025,51.1612275912227,NaN,NaN
1701950400,2245.7524273693607,2269.98,2232.05,2251.2725,55.40883615613676,NaN,NaN
1701961200,2248.5124636846804,2353.24,2248.5124636846804,2305.365,67.59660900311044,NaN,NaN
1701972000,2276.93873184234,2356,2276.93873184234,2339.5950000000003,72.68451410753195,NaN,NaN
1701982800,2308.2668659211704,2382.8,2308.2668659211704,2355.5025,74.67465416876095,NaN,NaN
1701993600,2331.8846829605855,2387.16,2331.8846829605855,2368.3424999999997,76.18302814344088,NaN,NaN
1702004400,2350.1135914802926,2392,2350.1135914802926,2378.415,77.32400524727883,NaN,NaN
1702015200,2364.2642957401463,2381.31,2349.1,2364.4025,72.14596451158081,NaN,NaN
1702026000,2364.333397870073,2373,2345.17,2358.8225,70.13191530247062,NaN,NaN
1702036800,2361.5779489350366,2372,2336.34,2359.5525000000002,70.24892826992203,NaN,NaN
1702047600,2360.5652244675184,2376.8,2340.65,2357.9425,69.60129132487509,NaN,NaN
1702058400,2359.2538622337593,2367.72,2345.32,2357.2,69.28405677008574,NaN,NaN
1702069200,2358.2269311168793,2376.41,2353.97,2363.64,70.53833689706141,NaN,NaN
1702080000,2360.93346555844,2366.43,2349.38,2356.75,67.3687182892076,NaN,NaN
1702090800,2358.84173277922,2372.66,2352.47,2361.1299999999997,68.34257910982294,NaN,NaN
1702101600,2359.98586638961,2403,2356.73,2372.1575,70.71249421072883,NaN,NaN
1702112400,2366.071683194805,2374.55,2348.12,2360.25,65.0497001956195,NaN,NaN
1702123200,2363.1608415974024,2369.01,2337,2353.5875,62.05526737257487,NaN,NaN
1702134000,2358.374170798701,2366.91,2342.1,2352.2275,61.43359498899324,NaN,NaN
1702144800,2355.3008353993505,2360.44,2346.29,2351.8925,61.270767836147556,NaN,NaN
1702155600,2353.596667699675,2362.79,2328.01,2346.055,58.36768048480815,NaN,NaN
1702166400,2349.825833849837,2354.85,2340,2345.2,57.934698886467864,NaN,NaN
1702177200,2347.5129169249185,2358.86,2345.27,2351.6675,60.33184242607467,NaN,NaN
1702188000,2349.5902084624595,2357.72,2340.77,2349.8849999999998,59.32835910279626,NaN,NaN
1702198800,2349.73760423123,2349.73760423123,2320,2336.83,52.447812067219566,NaN,NaN
1702209600,2343.283802115615,2352.75,2337.45,2343.4624999999996,55.28506651891517,NaN,NaN
1702220400,2343.3731510578073,2356.2,2340.16,2346.9449999999997,56.74444591765005,NaN,NaN
1702231200,2345.1590755289035,2377.29,2345.1590755289035,2361.0249999999996,62.12649152764985,NaN,NaN
1702242000,2353.0920377644516,2377.47,2343.57,2362.41,62.61919536175056,NaN,NaN
1702252800,2357.7510188822257,2357.7510188822257,2161,2274.5474999999997,33.153444013840144,NaN,NaN
1702263600,2316.149259441113,2316.149259441113,2225.02,2240.6575000000003,27.73274189326689,NaN,NaN
1702274400,2278.4033797205566,2278.4033797205566,2226.6,2242.9975,28.600800815242152,NaN,NaN
1702285200,2260.7004398602785,2260.7004398602785,2237.6,2246.0775,29.79613189515183,NaN,NaN
1702296000,2253.388969930139,2253.388969930139,2217.27,2234.6775000000002,27.93216462485867,NaN,NaN
1702306800,2244.03323496507,2244.03323496507,2186.03,2209.58,24.324453317530754,NaN,NaN
1702317600,2226.806617482535,2226.806617482535,2156.62,2191.725,22.1341507003508,NaN,NaN
1702328400,2209.2658087412674,2227,2200,2213.2349999999997,30.279114646790035,NaN,NaN
1702339200,2211.2504043706335,2244.12,2211.2504043706335,2232.2925,36.60613952904482,NaN,NaN
1702350000,2221.771452185317,2240.4,2216.52,2230.3175,36.23911081929765,NaN,NaN
1702360800,2226.0444760926584,2239.46,2211.91,2228.1549999999997,35.8156698415975,NaN,NaN
1702371600,2227.099738046329,2235.66,2207.08,2221.6974999999998,34.51860534092137,NaN,NaN
1702382400,2224.3986190231644,2233.26,2200.21,2212.105,32.628287422321335,NaN,NaN
1702393200,2218.251809511582,2218.251809511582,2166.98,2189.4849999999997,28.644724058521533,NaN,NaN
1702404000,2203.868404755791,2203.868404755791,2171,2181.38,27.35595689282296,NaN,NaN
1702414800,2192.6242023778955,2206.42,2166,2190.7325,31.20242663991192,NaN,NaN
1702425600,2191.678351188948,2206.89,2150,2183.7124999999996,29.921738987422003,NaN,NaN
1702436400,2187.695425594474,2187.695425594474,2144.32,2167.5550000000003,27.15870836030399,NaN,NaN
1702447200,2177.625212797237,2186.09,2148.65,2173.2175,29.61182013836948,NaN,NaN
1702458000,2175.4213563986186,2185.38,2168.16,2177.5425,31.509115964978903,NaN,NaN
1702468800,2176.4819281993096,2195.27,2169.07,2181.145,33.126059273022065,NaN,NaN
1702479600,2178.813464099655,2228,2178.813464099655,2204.72,42.66526521122216,NaN,NaN
1702490400,2191.7667320498276,2262.81,2191.7667320498276,2236.025,52.379265062893815,NaN,NaN
1702501200,2213.8958660249136,2284.02,2213.8958660249136,2263.1,58.86980070286066,NaN,NaN
1702512000,2238.497933012457,2262.23,2238.497933012457,2255.2149999999997,56.456474034497106,NaN,NaN
1702522800,2246.8564665062286,2262.28,2246.7,2255.8250000000003,56.60468461771329,NaN,NaN
1702533600,2251.340733253114,2288,2251.340733253114,2270.4875,60.118582098762374,NaN,NaN
1702544400,2260.914116626557,2308,2260.914116626557,2290.1375,64.29164812645342,NaN,NaN
1702555200,2275.5258083132785,2320.21,2228.2,2285.9474999999998,62.78308506283441,NaN,NaN
1702566000,2280.736654156639,2313.77,2267.8,2293.5575,64.41619928681084,NaN,NaN
1702576800,2287.1470770783194,2304.64,2282.95,2295.675,64.87802547969312,NaN,NaN
1702587600,2291.4110385391596,2332.11,2289.19,2306.7775,67.27615482165291,NaN,NaN
1702598400,2299.09426926958,2317.81,2285.55,2301.42,64.97079899017925,NaN,NaN
1702609200,2300.25713463479,2300.25713463479,2263.15,2276.2774999999997,55.37988833967014,NaN,NaN
1702620000,2288.267317317395,2288.267317317395,2256.8,2269.4125,53.07602459566867,NaN,NaN
1702630800,2278.8399086586974,2286.59,2269.22,2276.4024999999997,55.1231678048077,NaN,NaN
1702641600,2277.6212043293485,2277.6212043293485,2233.46,2255.875,48.43974625723019,NaN,NaN
1702652400,2266.7481021646745,2266.7481021646745,2224.82,2236.9900000000002,43.244980123946526,NaN,NaN
1702663200,2251.869051082337,2252.18,2229.41,2240.58,44.4642474756587,NaN,NaN
1702674000,2246.2245255411685,2251.98,2200,2230.76,41.81783272585939,NaN,NaN
1702684800,2238.4922627705846,2246.84,2210,2230.495,41.74562610680848,NaN,NaN
1702695600,2234.4936313852922,2259,2234.4936313852922,2248.96,48.42782037291792,NaN,NaN
1702706400,2241.726815692646,2250.76,2237.74,2245.0525000000002,47.19411138209855,NaN,NaN
1702717200,2243.389657846323,2253.86,2243.389657846323,2248.8950000000004,48.581309191800706,NaN,NaN
1702728000,2246.1423289231616,2259.3,2240,2250.2125,49.07528544705806,NaN,NaN
1702738800,2248.177414461581,2263.4,2245.43,2251.61,49.62807456702137,NaN,NaN
1702749600,2249.893707230791,2249.99,2230.6,2242.0125,45.93989648049542,NaN,NaN
1702760400,2245.9531036153953,2245.9531036153953,2220.12,2231.5125,42.24129497253544,NaN,NaN
1702771200,2238.732801807698,2238.732801807698,2210.77,2221.7925,39.102829443064806,NaN,NaN
1702782000,2230.262650903849,2230.262650903849,2205.8,2214.415,36.86405237183758,NaN,NaN
1702792800,2222.3388254519245,2222.3388254519245,2200.77,2211.6900000000005,36.04319459864669,NaN,NaN
1702803600,2217.0144127259628,2220.15,2209.41,2215.08,37.8958860007065,NaN,NaN
1702814400,2216.0472063629813,2220.12,2200.28,2211.2575,36.60815072346991,NaN,NaN
1702825200,2213.652353181491,2241.71,2205.88,2220.675,41.850803157789734,NaN,NaN
1702836000,2217.1636765907456,2248.68,2210.8,2233.2375,48.02572182020222,NaN,NaN
1702846800,2225.2005882953727,2247,2191.5,2220.5025,43.036508131817904,NaN,NaN
1702857600,2222.8515441476866,2222.8515441476866,2161.78,2182.3250000000003,32.2276454171423,NaN,NaN
1702868400,2202.5882720738437,2202.5882720738437,2164.6,2169.2,29.485861034929002,NaN,NaN
1702879200,2185.8941360369217,2185.8941360369217,2160,2170.83,30.27916617761413,NaN,NaN
1702890000,2178.362068018461,2178.362068018461,2116.6,2150.8675000000003,26.366847069038855,NaN,NaN
1702900800,2164.614784009231,2173.85,2127.4,2153.12,27.5050834624828,NaN,NaN
1702911600,2158.8673920046153,2172,2149.47,2163.3825,32.61589195947475,NaN,NaN
1702922400,2161.1249460023078,2188.62,2158.34,2174,37.52331832290438,NaN,NaN
1702933200,2167.562473001154,2224,2167.562473001154,2203.3625,48.658984551551306,NaN,NaN
1702944000,2185.462486500577,2252.8,2185.462486500577,2229.3775,56.12121016848459,NaN,NaN
1702954800,2207.419993250289,2245,2207.419993250289,2238.3825,58.376424759946104,NaN,NaN
1702965600,2222.9012466251443,2255,2222.9012466251443,2245.9025,60.21536419096272,NaN,NaN
1702976400,2234.401873312572,2253.42,2234.401873312572,2242.955,59.112983544138096,NaN,NaN
1702987200,2238.678436656286,2241.27,2182.65,2211.9649999999997,48.96339896587502,NaN,NaN
1702998000,2225.321718328143,2225.321718328143,2139.04,2168.2275,38.830098093009575,NaN,NaN
1703008800,2196.7746091640715,2196.7746091640715,2135.55,2158.3625,36.97154571505318,NaN,NaN
1703019600,2177.568554582036,2186.4,2170.01,2176.21,42.347883618466206,NaN,NaN
1703030400,2176.889277291018,2190.85,2170.44,2181.125,43.77036304604481,NaN,NaN
1703041200,2179.0071386455093,2218,2179.0071386455093,2198.61,48.62655890182876,NaN,NaN
1703052000,2188.808569322755,2222.8,2188.808569322755,2210.8675000000003,51.77111321847169,NaN,NaN
1703062800,2199.8380346613776,2224.26,2199.8380346613776,2212.0025,52.06370595638375,NaN,NaN
1703073600,2205.920267330689,2266,2202.92,2230.3824999999997,56.65017037844115,NaN,NaN
1703084400,2218.1513836653444,2259.33,2213.02,2236.435,58.07277326250141,NaN,NaN
1703095200,2227.293191832672,2238.39,2156,2202.5275,48.475197800984375,NaN,NaN
1703106000,2214.910345916336,2214.910345916336,2171.52,2189.965,45.47644630955283,NaN,NaN
1703116800,2202.437672958168,2202.437672958168,2182.98,2194.8575,46.85530651121562,NaN,NaN
1703127600,2198.647586479084,2206.59,2190,2195.8075,47.134871530239025,NaN,NaN
1703138400,2197.227543239542,2220,2193.6,2204.51,49.74297495384943,NaN,NaN
1703149200,2200.868771619771,2256.4,2200.868771619771,2230.885,56.71316292873209,NaN,NaN
1703160000,2215.8768858098856,2279.31,2213.42,2240.33,58.91086534562447,NaN,NaN
1703170800,2228.1034429049428,2245.4,2201,2223.5825,53.70426200327521,NaN,NaN
1703181600,2225.8429714524714,2241.14,2217.75,2232.685,55.981406734917385,NaN,NaN
1703192400,2229.2639857262357,2262.83,2229.2639857262357,2243.1150000000002,58.50026237561597,NaN,NaN
1703203200,2236.189492863118,2261.16,2230.59,2243.165,58.51251853977907,NaN,NaN
1703214000,2239.677246431559,2265,2236.23,2250.4275,60.344469351666284,NaN,NaN
1703224800,2245.0523732157794,2304.47,2245.0523732157794,2275.3575,65.9093167482844,NaN,NaN
1703235600,2260.20493660789,2331,2260.20493660789,2305.98,71.24682282189822,NaN,NaN
1703246400,2283.0924683039448,2343.15,2283.0924683039448,2321.5125000000003,73.51216850931488,NaN,NaN
1703257200,2302.3024841519727,2342.72,2302.3024841519727,2329.1099999999997,74.56764660058572,NaN,NaN
1703268000,2315.706242075986,2341.47,2305.88,2321.9350000000004,71.66338317790915,NaN,NaN
1703278800,2318.820621037993,2327.58,2303.18,2317.1375,69.70837626850684,NaN,NaN
1703289600,2317.9790605189964,2330.65,2271.97,2300.5525,63.28132546947512,NaN,NaN
1703300400,2309.265780259498,2309.265780259498,2265,2280.5125,56.502403808199205,NaN,NaN
1703311200,2294.8891401297487,2295.57,2281,2289.48,58.637653032909455,NaN,NaN
1703322000,2292.1845700648746,2293.8,2281.32,2288.115,58.16956762702818,NaN,NaN
1703332800,2290.149785032437,2298.13,2286.2,2290.4300000000003,58.77068280127227,NaN,NaN
1703343600,2290.289892516219,2298.51,2283.21,2291.735,59.12725163359879,NaN,NaN
1703354400,2291.01244625811,2312.38,2285.3,2295.6025,60.225120828601554,NaN,NaN
1703365200,2293.307473129055,2315.63,2286,2299.9425,61.475656529355014,NaN,NaN
1703376000,2296.6249865645277,2326.19,2294.11,2312.1825,64.8337279513629,NaN,NaN
1703386800,2304.403743282264,2324.6,2275,2301.3975,59.88076122772428,NaN,NaN
1703397600,2302.9006216411317,2302.9006216411317,2278.2,2288.1425,54.382011548720364,NaN,NaN
1703408400,2295.521560820566,2298.13,2273.57,2288.3275,54.4448883488839,NaN,NaN
1703419200,2291.924530410283,2306.89,2284.41,2292.3824999999997,55.88034544984945,NaN,NaN
1703430000,2292.153515205141,2299.8,2286.55,2291.2700000000004,55.36490146196156,NaN,NaN
1703440800,2291.7117576025707,2293.28,2271,2283.135,51.61563834211197,NaN,NaN
1703451600,2287.4233788012853,2287.4233788012853,2245,2267.7174999999997,45.34791528804266,NaN,NaN
1703462400,2277.5704394006425,2277.5704394006425,2253.1,2265.9874999999997,44.69210811011549,NaN,NaN
1703473200,2271.778969700321,2286.18,2268.02,2277.75,49.987913634041064,NaN,NaN
1703484000,2274.7644848501604,2290,2271.63,2279.7974999999997,50.86977962129957,NaN,NaN
1703494800,2277.28099242508,2283.36,2264.44,2274.6575,48.555123010195906,NaN,NaN
1703505600,2275.96924621254,2304.8,2273.28,2286.9675,53.95839452018182,NaN,NaN
1703516400,2281.46837310627,2293.8,2269.02,2283.2875000000004,52.19355199254665,NaN,NaN
1703527200,2282.3779365531354,2283.4,2256.61,2271.8725000000004,47.05260213593572,NaN,NaN
1703538000,2277.125218276568,2286.43,2261.18,2271.79,47.01655754854812,NaN,NaN
1703548800,2274.457609138284,2274.99,2263.73,2269.6075,46.01236735039393,NaN,NaN
1703559600,2272.032554569142,2273.01,2220,2249.0125000000003,37.80650995403872,NaN,NaN
1703570400,2260.522527284571,2260.522527284571,2220,2233.8075,33.11149018570468,NaN,NaN
1703581200,2247.1650136422854,2247.1650136422854,2218.32,2235.5025,34.094059864640755,NaN,NaN
1703592000,2241.3337568211427,2250.66,2237.46,2243.1400000000003,38.47935589108709,NaN,NaN
1703602800,2242.2368784105715,2245.6,2178.45,2216.2625,30.730090624349415,NaN,NaN
1703613600,2229.249689205286,2229.249689205286,2194.35,2208.1425,28.84041981727391,NaN,NaN
1703624400,2218.696094602643,2232.4,2214.72,2223.7924999999996,36.89477255073997,NaN,NaN
1703635200,2221.2442973013212,2233.84,2215.8,2225.38,37.66551577210671,NaN,NaN
1703646000,2223.3121486506607,2228.64,2211.88,2221.93,36.61877712566722,NaN,NaN
1703656800,2222.6210743253305,2254.2,2221.8,2237.6725,44.23431637820002,NaN,NaN
1703667600,2230.1467871626655,2291.28,2230.1467871626655,2266.94,55.04824115787022,NaN,NaN
1703678400,2248.5433935813326,2341,2248.5433935813326,2307.3450000000003,65.10779818623641,NaN,NaN
1703689200,2277.9441967906664,2376.59,2277.9441967906664,2343.8599999999997,71.34811034615207,NaN,NaN
1703700000,2310.9020983953333,2355.93,2310.9020983953333,2346.9275,71.80431378823666,NaN,NaN
1703710800,2328.9147991976665,2392.44,2328.9147991976665,2367.535,74.7167932072674,NaN,NaN
1703721600,2348.224899598833,2445.8,2348.224899598833,2402.805,78.7605755762197,NaN,NaN
1703732400,2375.514949799416,2425.58,2375.514949799416,2401.555,78.28270457608696,NaN,NaN
1703743200,2388.534974899708,2392.6,2364.77,2381.8075,70.95800243933853,NaN,NaN
1703754000,2385.171237449854,2410.56,2378.3,2392.38,72.44456007044684,NaN,NaN
1703764800,2388.775618724927,2413,2345,2382.51,68.89894192884096,NaN,NaN
1703775600,2385.6428093624636,2385.6428093624636,2352.23,2365.485,63.15695722691688,NaN,NaN
1703786400,2375.563904681232,2375.563904681232,2340.54,2355.6125,60.03259553393613,NaN,NaN
1703797200,2365.588202340616,2365.588202340616,2335,2348.44,57.79561059481183,NaN,NaN
1703808000,2357.014101170308,2363.77,2311.16,2340.3525,55.29365466608028,NaN,NaN
1703818800,2348.683300585154,2358.91,2339.8,2349.7650000000003,57.59447457548756,NaN,NaN
1703829600,2349.224150292577,2360,2331,2348.655,57.220478011088034,NaN,NaN
1703840400,2348.939575146289,2378.2,2338.99,2358.7275,59.77318750667151,NaN,NaN
1703851200,2353.8335375731444,2385.41,2350.8,2372.58,63.03964607353222,NaN,NaN
1703862000,2363.206768786572,2382.58,2283,2336.5625,51.361600395544286,NaN,NaN
1703872800,2349.884634393286,2349.884634393286,2296.89,2305.085,43.736108066466485,NaN,NaN
1703883600,2327.4848171966432,2327.4848171966432,2255.34,2292.66,41.13970922391143,NaN,NaN
1703894400,2310.0724085983215,2310.0724085983215,2289.38,2298.04,42.72520602513317,NaN,NaN
1703905200,2304.0562042991605,2308,2287.24,2299.24,43.0934105984413,NaN,NaN
1703916000,2301.64810214958,2308.62,2270,2289.8799999999997,40.8855349317844,NaN,NaN
1703926800,2295.7640510747897,2295.7640510747897,2268,2280.48,38.73894905082765,NaN,NaN
1703937600,2288.1220255373946,2302.48,2282.44,2293.7349999999997,43.26255648801563,NaN,NaN
1703948400,2290.928512768697,2322.84,2290.928512768697,2307.605,47.621070968284535,NaN,NaN
1703959200,2299.266756384349,2310.96,2294.95,2303.1400000000003,46.385741175048395,NaN,NaN
1703970000,2301.2033781921746,2304.36,2277,2292.9075000000003,43.594723067215334,NaN,NaN
1703980800,2297.0554390960874,2304.55,2277.63,2289.8725,42.77265832541395,NaN,NaN
1703991600,2293.4639695480437,2293.4639695480437,2277.77,2283.8399999999997,41.113161994213876,NaN,NaN
1704002400,2288.651984774022,2304.6,2279.28,2289.8675000000003,43.47304366768443,NaN,NaN
1704013200,2289.259742387011,2315.74,2289.259742387011,2303.08,48.3584811923651,NaN,NaN
1704024000,2296.1698711935055,2321.34,2295.18,2306.38,49.531703021892525,NaN,NaN
1704034800,2301.2749355967526,2309.42,2290.7,2299.7200000000003,47.20104929174056,NaN,NaN
1704045600,2300.4974677983764,2305.79,2280.28,2291.7025,44.487239678971264,NaN,NaN
1704056400,2296.0999838991884,2296.0999838991884,2258.88,2279.285,40.594340985073494,NaN,NaN
1704067200,2287.692491949594,2306.6,2281.27,2290.69,45.32650996431622,NaN,NaN
1704078000,2289.1912459747973,2294.5,2265.24,2282.165,42.59516524665823,NaN,NaN
1704088800,2285.6781229873986,2287.88,2274.16,2281.235,42.295736104323915,NaN,NaN
1704099600,2283.456561493699,2305.05,2283.456561493699,2295.8825,48.44306047388834,NaN,NaN
1704110400,2289.66953074685,2308.2,2289.66953074685,2302.125,50.84639026066334,NaN,NaN
1704121200,2295.897265373425,2319.55,2295.897265373425,2308.375,53.198678337233105,NaN,NaN
1704132000,2302.1361326867127,2348.78,2302.1361326867127,2329.3225,60.09204567147565,NaN,NaN
1704142800,2315.7293163433565,2352.37,2315.7293163433565,2342.2625,63.65346476297562,NaN,NaN
1704153600,2328.995908171678,2397.56,2328.995908171678,2369.8775,69.83932528435835,NaN,NaN
1704164400,2349.4367040858388,2392.4,2349.4367040858388,2381.0775,71.92619815957192,NaN,NaN
1704175200,2365.2571020429195,2431.3,2365.2571020429195,2402.2375,75.39067013848981,NaN,NaN
1704186000,2383.74730102146,2428.43,2380.36,2406.63,76.05135974284144,NaN,NaN
1704196800,2395.18865051073,2404.68,2354.92,2379.53,64.53905017047329,NaN,NaN
1704207600,2387.359325255365,2387.359325255365,2350.19,2361.5075,58.226477110537374,NaN,NaN
1704218400,2374.4334126276826,2380,2354.79,2363.0225,58.59311612630585,NaN,NaN
1704229200,2368.7279563138413,2372.5,2341,2357.175,56.530755325599124,NaN,NaN
1704240000,2362.9514781569205,2384.66,2347.4,2364.04,58.382777314655634,NaN,NaN
1704250800,2363.4957390784602,2379.61,2363.21,2372.1275,60.51696686264313,NaN,NaN
1704261600,2367.8116195392304,2380.9,2356.99,2371.3325,60.190211082282936,NaN,NaN
1704272400,2369.5720597696154,2385.45,2294.01,2339.41,48.79683930445467,NaN,NaN
1704283200,2354.4910298848076,2354.4910298848076,2100,2227.59,28.468599339847117,NaN,NaN
1704294000,2291.040514942404,2291.040514942404,2190,2213.0975,26.904237277831413,NaN,NaN
1704304800,2252.069007471202,2252.069007471202,2188,2214.6725,27.371327967490245,NaN,NaN
1704315600,2233.3707537356013,2233.3707537356013,2196.23,2213.0274999999997,27.175999937918803,NaN,NaN
1704326400,2223.1991268678003,2232.89,2201.91,2219.0275,29.16166981426089,NaN,NaN
1704337200,2221.1133134339,2244.04,2221.1133134339,2234.2,34.05815233144061,NaN,NaN
1704348000,2227.6566567169502,2244.93,2211.13,2226.9849999999997,32.893775670463484,NaN,NaN
1704358800,2227.320828358475,2230.71,2205,2219.9525,31.754229119505098,NaN,NaN
1704369600,2223.6366641792374,2274.48,2222.7,2249.6400000000003,41.04011869270396,NaN,NaN
1704380400,2236.638332089619,2289.26,2236.638332089619,2274.085,47.38806368508385,NaN,NaN
1704391200,2255.3616660448097,2294.69,2255.3616660448097,2277.7725,48.29245655640031,NaN,NaN
1704402000,2266.567083022405,2288.46,2261.57,2272.635,47.07823617835596,NaN,NaN
1704412800,2269.6010415112023,2274.76,2212,2248.5675,41.77870964465988,NaN,NaN
1704423600,2259.084270755601,2259.084270755601,2234.3,2242.9075,40.62064231956125,NaN,NaN
1704434400,2250.9958853778007,2265.72,2240.48,2251.2225,43.115265903376624,NaN,NaN
1704445200,2251.1091926889003,2269,2233.23,2249.1099999999997,42.62531085710672,NaN,NaN
1704456000,2250.10959634445,2253.64,2221,2235.85,39.584549335974685,NaN,NaN
1704466800,2242.979798172225,2242.979798172225,2206.17,2226.835,37.61966661046846,NaN,NaN
1704477600,2234.9073990861125,2261,2224.2,2241.415,42.58357285314961,NaN,NaN
1704488400,2238.1611995430562,2277.21,2234.18,2257.1325,47.43923216763034,NaN,NaN
1704499200,2247.646849771528,2270,2247.646849771528,2261.2375,48.660409735055765,NaN,NaN
1704510000,2254.442174885764,2256.2,2229.63,2244.0499999999997,44.04608011799051,NaN,NaN
1704520800,2249.2460874428816,2249.2460874428816,2216.4,2231.7974999999997,41.05713348458229,NaN,NaN
1704531600,2240.5217937214406,2240.5217937214406,2229.92,2236.5325000000003,42.67605908871016,NaN,NaN
1704542400,2238.5271468607207,2248.27,2228.37,2239.0625,43.56793978850277,NaN,NaN
1704553200,2238.7948234303603,2252.45,2237.79,2244.96,45.68917692899358,NaN,NaN
1704564000,2241.87741171518,2254.77,2233,2244.55,45.5609566428538,NaN,NaN
1704574800,2243.21370585759,2243.21370585759,2230.62,2238.92,43.74549946997033,NaN,NaN
1704585600,2241.066852928795,2254.03,2235.58,2242.645,45.298581267795555,NaN,NaN
1704596400,2241.8559264643973,2250.67,2240.19,2243.51,45.67365963840535,NaN,NaN
1704607200,2242.6829632321987,2253,2238.73,2243.62,45.724626455508464,NaN,NaN
1704618000,2243.1514816160993,2243.1514816160993,2230.26,2237.5225,43.29966200744546,NaN,NaN
1704628800,2240.3369908080494,2258.01,2231.6,2244.025,46.554854736078795,NaN,NaN
1704639600,2242.1809954040245,2249.9,2221,2239.8925,44.79476228620616,NaN,NaN
1704650400,2241.0367477020122,2251.27,2236.71,2241.565,45.689695627733464,NaN,NaN
1704661200,2241.300873851006,2244.37,2203.46,2227.075,39.68700846311361,NaN,NaN
1704672000,2234.187936925503,2234.187936925503,2171.54,2200.2875,31.458607862385676,NaN,NaN
1704682800,2217.237718462751,2217.237718462751,2166.38,2186.29,28.171730067870882,NaN,NaN
1704693600,2201.7638592313756,2234,2194.67,2211.785,40.388661923072746,NaN,NaN
1704704400,2206.774429615688,2242,2204.47,2227.2400000000002,46.34618865469995,NaN,NaN
1704715200,2217.0072148078443,2275,2217.0072148078443,2254.15,54.813987277887435,NaN,NaN
1704726000,2235.5786074039224,2307.69,2235.5786074039224,2282.93,61.76425149799195,NaN,NaN
1704736800,2259.2543037019614,2358.2,2259.2543037019614,2326.6800000000003,69.45557671652237,NaN,NaN
1704747600,2292.967151850981,2347.39,2292.967151850981,2334.895,70.6494599931593,NaN,NaN
1704758400,2313.9310759254904,2336.7,2289.98,2317.3025,64.80748390179957,NaN,NaN
1704769200,2315.616787962745,2319.01,2300.4,2310.0675,62.517928447708904,NaN,NaN
1704780000,2312.842143981373,2312.842143981373,2290.26,2300.4025,59.49416120219046,NaN,NaN
1704790800,2306.6223219906865,2306.6223219906865,2285.4,2294.6325,57.699932809793985,NaN,NaN
1704801600,2300.6274109953433,2304.21,2226.78,2269.29,50.49673991176083,NaN,NaN
1704812400,2284.958705497672,2284.958705497672,2241.58,2255.885,47.144156052005336,NaN,NaN
1704823200,2270.421852748836,2278.03,2247.72,2260.09,48.303627984796876,NaN,NaN
1704834000,2265.255926374418,2371.72,2247.74,2303.5874999999996,58.45583083226971,NaN,NaN
1704844800,2284.4217131872088,2400.53,2284.4217131872088,2357.9375,67.13935851179758,NaN,NaN
1704855600,2321.179606593604,2393.22,2321.179606593604,2367.785,68.42705164162331,NaN,NaN
1704866400,2344.482303296802,2388.54,2344.482303296802,2375.6974999999998,69.46253181052111,NaN,NaN
1704877200,2360.089901648401,2431,2360.089901648401,2390.6825,71.37708821819115,NaN,NaN
1704888000,2375.3862008242004,2417.9,2342,2387.1025,70.24402153728434,NaN,NaN
1704898800,2381.2443504121,2457.6,2381.2443504121,2415.89,73.84016675273648,NaN,NaN
1704909600,2398.56717520605,2488.56,2398.56717520605,2455.2200000000003,77.78951712345923,NaN,NaN
1704920400,2426.893587603025,2643.1,2426.893587603025,2546.0275,83.85140492819468,NaN,NaN
1704931200,2486.4605438015124,2608,2486.4605438015124,2584.6975,85.64781342647375,NaN,NaN
1704942000,2535.5790219007563,2630,2535.5790219007563,2594.6725,86.07803704210535,NaN,NaN
1704952800,2565.125760950378,2616.96,2565.125760950378,2600.57,86.33877575841996,NaN,NaN
1704963600,2582.8478804751894,2665.74,2582.8478804751894,2636.0075,87.81547927832374,NaN,NaN
1704974400,2609.427690237595,2686.6,2609.427690237595,2660.8325,88.73418646373257,NaN,NaN
1704985200,2635.1300951187977,2689.39,2570,2635.9275,82.05027518567651,NaN,NaN
1704996000,2635.5287975593988,2635.5287975593988,2587.48,2604.0375,74.32961811809764,NaN,NaN
1705006800,2619.7831487796993,2624.81,2592.23,2607.245,74.58861786339054,NaN,NaN
1705017600,2613.5140743898496,2624.29,2580,2607.505,74.61097953778378,NaN,NaN
1705028400,2610.5095371949246,2610.5095371949246,2585.62,2603.0325,73.4141901507476,NaN,NaN
1705039200,2606.771018597462,2626.43,2584.11,2605.3175,73.64676856341623,NaN,NaN
1705050000,2606.044259298731,2667.99,2585.34,2625.7125,75.69090763918746,NaN,NaN
1705060800,2615.8783796493653,2712.78,2615.8783796493653,2675.0275,79.77585720069312,NaN,NaN
1705071600,2645.4529398246827,2717.32,2560.71,2646.7075,72.26569943765212,NaN,NaN
1705082400,2646.0802199123414,2646.0802199123414,2565.78,2588.0400000000004,59.722589541736944,NaN,NaN
1705093200,2617.060109956171,2617.060109956171,2458,2531.545,50.61240621885527,NaN,NaN
1705104000,2574.3025549780855,2574.3025549780855,2497.5,2529.9474999999998,50.37838873983569,NaN,NaN
1705114800,2552.1250274890426,2557.15,2537.09,2548.6375,53.11003428161325,NaN,NaN
1705125600,2550.381263744521,2561.68,2542.66,2553.5675,53.83200044020259,NaN,NaN
1705136400,2551.974381872261,2557.54,2521.18,2544.205,52.188604518620984,NaN,NaN
1705147200,2548.0896909361304,2551.86,2531.15,2541.2625,51.65487365903734,NaN,NaN
1705158000,2544.676095468065,2572.2,2539.49,2551.715,53.47508011962304,NaN,NaN
1705168800,2548.1955477340325,2580.95,2548.1955477340325,2564.3375,55.64679518682887,NaN,NaN
1705179600,2556.266523867016,2590,2556.266523867016,2574.935,57.442901146638405,NaN,NaN
1705190400,2565.600761933508,2578.69,2554.88,2568.0625,55.86300956915281,NaN,NaN
1705201200,2566.831630966754,2566.831630966754,2541.8,2554.8675000000003,52.85711526931765,NaN,NaN
1705212000,2560.849565483377,2560.849565483377,2543.65,2551.3,52.04177157211119,NaN,NaN
1705222800,2556.0747827416885,2556.0747827416885,2534.58,2544.8775,50.53059069050004,NaN,NaN
1705233600,2550.4761413708443,2550.4761413708443,2524.39,2537.4775,48.77324062912077,NaN,NaN
1705244400,2543.9768206854224,2544.93,2521.35,2534.54,48.058732689555555,NaN,NaN
1705255200,2539.258410342711,2539.258410342711,2480.41,2514.575,43.40461387199943,NaN,NaN
1705266000,2526.9167051713557,2531.93,2470,2495.935,39.55329807354739,NaN,NaN
1705276800,2511.4258525856776,2512.64,2470.92,2490.6150000000002,38.503222112765584,NaN,NaN
1705287600,2501.020426292839,2519.29,2501.020426292839,2511.38,44.67697087308418,NaN,NaN
1705298400,2506.2002131464196,2521,2503.46,2514.035,45.43129416459611,NaN,NaN
1705309200,2510.1176065732097,2542.86,2509.87,2526.3175,48.90233372065856,NaN,NaN
1705320000,2518.217553286605,2549.02,2505.8,2525.5475,48.693224549882636,NaN,NaN
1705330800,2521.8825266433023,2536.76,2508,2521.2875000000004,47.483491087558626,NaN,NaN
1705341600,2521.5850133216513,2553.82,2521.5850133216513,2535.4800000000005,51.78151390301458,NaN,NaN
1705352400,2528.5325066608257,2530.61,2500.33,2518.33,46.79743589292985,NaN,NaN
1705363200,2523.431253330413,2528.86,2505,2515.7875,46.089179368707754,NaN,NaN
1705374000,2519.6093766652066,2542.14,2516.4,2526.7725,49.63579628127222,NaN,NaN
1705384800,2523.1909383326033,2547.18,2522.3,2536.1325,52.50304007943183,NaN,NaN
1705395600,2529.6617191663017,2549.38,2521.98,2536.5375,52.62870722335677,NaN,NaN
1705406400,2533.0996095831506,2547.95,2500.05,2528.2725,49.736661969475456,NaN,NaN
1705417200,2530.6860547915753,2579.62,2524.99,2550.7425000000003,56.70273114119321,NaN,NaN
1705428000,2540.7142773957876,2588.97,2540.7142773957876,2573.6725,62.42560436307778,NaN,NaN
1705438800,2557.193388697894,2614.43,2557.193388697894,2593.3974999999996,66.52459648792063,NaN,NaN
1705449600,2575.295444348947,2592.97,2573.35,2582.5924999999997,62.50230485528203,NaN,NaN
1705460400,2578.9439721744734,2578.9439721744734,2561.29,2569.89,58.05801281566231,NaN,NaN
1705471200,2574.4169860872366,2574.4169860872366,2534.4,2553.6575,52.883085718765464,NaN,NaN
1705482000,2564.037243043618,2564.037243043618,2540.28,2545.9100000000003,50.56641101700418,NaN,NaN
1705492800,2554.973621521809,2574.75,2532.67,2550.11,51.79916169019028,NaN,NaN
1705503600,2552.541810760905,2563.74,2522,2541.3975,49.06572207269334,NaN,NaN
1705514400,2546.9696553804524,2546.9696553804524,2517.22,2532.4775,46.36791395042966,NaN,NaN
1705525200,2539.723577690226,2544.81,2506.75,2530.4075000000003,45.73940202794971,NaN,NaN
1705536000,2535.065538845113,2535.065538845113,2510.03,2525.56,44.227510570411084,NaN,NaN
1705546800,2530.312769422557,2540.69,2524.72,2530.9175,46.338668021787676,NaN,NaN
1705557600,2530.615134711278,2542.5,2528.24,2534.475,47.752930258914255,NaN,NaN
1705568400,2532.545067355639,2550,2514.04,2530.9799999999996,46.45750798077482,NaN,NaN
1705579200,2531.762533677819,2533.95,2503.77,2523.47,43.713387124476874,NaN,NaN
1705590000,2527.6162668389097,2535.27,2467.17,2504.3675000000003,37.625524523406,NaN,NaN
1705600800,2515.991883419455,2515.991883419455,2428.56,2460.425,27.974193785260013,NaN,NaN
1705611600,2488.2084417097276,2488.2084417097276,2442.15,2458.065,27.565236189868102,NaN,NaN
1705622400,2473.1367208548636,2474.59,2451.32,2462.3774999999996,29.590827060287495,NaN,NaN
1705633200,2467.7571104274316,2468.22,2443.13,2457.1800000000003,28.55442521318635,NaN,NaN
1705644000,2462.468555213716,2477.23,2460.44,2468.9375,34.171261669109484,NaN,NaN
1705654800,2465.703027606858,2496.62,2465.703027606858,2482.9725,40.213548463547106,NaN,NaN
1705665600,2474.337763803429,2499.87,2470,2483.3675000000003,40.37941219023155,NaN,NaN
1705676400,2478.8526319017146,2481.75,2415.2,2460.7349999999997,34.47736329400658,NaN,NaN
1705687200,2469.793815950857,2504.2,2461.87,2480.5099999999998,42.399425882479854,NaN,NaN
1705698000,2475.1519079754285,2497.96,2475.1519079754285,2488.8875,45.41061303351253,NaN,NaN
1705708800,2482.019703987714,2492,2475,2486.3725,44.65587236781602,NaN,NaN
1705719600,2484.196101993857,2486.75,2475.1,2481.4725,43.151085860043445,NaN,NaN
1705730400,2482.8343009969285,2486.27,2471.71,2477.5375,41.92915738461479,NaN,NaN
1705741200,2480.1859004984644,2480.1859004984644,2463.31,2471.46,40.043134173419006,NaN,NaN
1705752000,2475.8229502492322,2475.91,2460,2468.285,39.05478901333934,NaN,NaN
1705762800,2472.053975124616,2473.99,2456.24,2464.74,37.92912043752593,NaN,NaN
1705773600,2468.396987562308,2472.48,2454.2,2463.9249999999997,37.66037141217532,NaN,NaN
1705784400,2466.1609937811536,2474.88,2465.6,2469.8575,40.94077080084344,NaN,NaN
1705795200,2468.009246890577,2477.12,2465,2472.8125,42.562079241431896,NaN,NaN
1705806000,2470.4108734452884,2481,2470.4108734452884,2475.9275000000002,44.298015546448916,NaN,NaN
1705816800,2473.1691867226446,2479.36,2466.64,2473.3424999999997,43.132999476980814,NaN,NaN
1705827600,2473.255843361322,2482.18,2471.98,2475.5049999999997,44.44918861771581,NaN,NaN
1705838400,2474.380421680661,2481.05,2471.27,2476.0250000000005,44.78015590362825,NaN,NaN
1705849200,2475.202710840331,2480.74,2464.08,2474.365,43.88135374498764,NaN,NaN
1705860000,2474.7838554201653,2478.49,2466.77,2471.7700000000004,42.44705369443025,NaN,NaN
1705870800,2473.276927710083,2474.1,2452.13,2462.645,37.7717742286189,NaN,NaN
1705881600,2467.9609638550414,2467.9609638550414,2432.24,2447.9125,31.70079861251837,NaN,NaN
1705892400,2457.9367319275207,2457.9367319275207,2402.5,2426.3199999999997,25.28600739549769,NaN,NaN
1705903200,2442.12836596376,2442.12836596376,2395.23,2417.3999999999996,23.1976583852217,NaN,NaN
1705914000,2429.76418298188,2429.76418298188,2361.6,2392.5150000000003,18.585922594239534,NaN,NaN
1705924800,2411.13959149094,2411.13959149094,2356,2378.22,16.55046663195317,NaN,NaN
1705935600,2394.67979574547,2394.67979574547,2353.61,2371.4625,15.676464888881043,NaN,NaN
1705946400,2383.0711478727353,2383.0711478727353,2305.27,2350.9925,13.372702378907007,NaN,NaN
1705957200,2367.031823936368,2367.031823936368,2303.59,2324.6899999999996,11.112855084067434,NaN,NaN
1705968000,2345.8609119681837,2345.8609119681837,2312.67,2326.455,12.185262200087536,NaN,NaN
1705978800,2336.157955984092,2352.23,2336.157955984092,2344.365,22.414366366093148,NaN,NaN
1705989600,2340.261477992046,2350.7,2286.15,2319.7825,19.121932123570176,NaN,NaN
1706000400,2330.0219889960226,2330.0219889960226,2203.11,2253.1324999999997,13.382335730773036,NaN,NaN
1706011200,2291.577244498011,2291.577244498011,2168.07,2202.1325,10.728650608359672,NaN,NaN
1706022000,2246.854872249006,2246.854872249006,2191.8,2207.085,12.542304816906068,NaN,NaN
1706032800,2226.969936124503,2226.969936124503,2181,2203.3275,12.337505299376886,NaN,NaN
1706043600,2215.1487180622516,2248.21,2189.13,2219.7174999999997,18.582525565363838,NaN,NaN
1706054400,2217.4331090311257,2255.66,2217.4331090311257,2235.1,24.051100473614042,NaN,NaN
1706065200,2226.266554515563,2230.36,2211.64,2222.9925,22.755544988157993,NaN,NaN
1706076000,2224.6295272577813,2244.98,2220.52,2232.2775,26.045556749897898,NaN,NaN
1706086800,2228.4535136288905,2264.6,2228.4535136288905,2244.7125,30.32563511442261,NaN,NaN
1706097600,2236.583006814445,2248.19,2218.3,2235.2775,28.956295275233174,NaN,NaN
1706108400,2235.9302534072226,2244.52,2224.33,2234.09,28.78015008457544,NaN,NaN
1706119200,2235.0101267036116,2237.38,2196.12,2217.7200000000003,26.39634201931088,NaN,NaN
1706130000,2226.365063351806,2239.8,2199.43,2218.645,26.76546568613165,NaN,NaN
1706140800,2222.505031675903,2239.6,2206.32,2222.645,28.4368069841629,NaN,NaN
1706151600,2222.5750158379515,2222.5750158379515,2203.37,2211.195,26.56770322775263,NaN,NaN
1706162400,2216.885007918976,2233.76,2209.59,2219.9900000000002,30.354406411633164,NaN,NaN
1706173200,2218.437503959488,2242.89,2216.75,2229.2675,34.2085124671879,NaN,NaN
1706184000,2223.852501979744,2234.2,2198.01,2218.88,32.06869808097568,NaN,NaN
1706194800,2221.3662509898722,2221.3662509898722,2171.3,2199.9525,28.562725890646476,NaN,NaN
1706205600,2210.6593754949363,2224.55,2203.27,2213.44,34.092235362935355,NaN,NaN
1706216400,2212.049687747468,2231.65,2212.049687747468,2221.6549999999997,37.27680463480205,NaN,NaN
1706227200,2216.852343873734,2237.8,2211.12,2223.9,38.15623907962902,NaN,NaN
1706238000,2220.3761719368667,2230.74,2218.59,2224.5975,38.445008447888284,NaN,NaN
1706248800,2222.4868359684333,2224.18,2195.84,2212.6425,35.39444288758962,NaN,NaN
1706259600,2217.5646679842166,2260.66,2204.52,2232.1825000000003,43.3119999162751,NaN,NaN
1706270400,2224.8735839921083,2265.19,2224.8735839921083,2252.9075000000003,50.272952306029374,NaN,NaN
1706281200,2238.8905419960543,2282.36,2238.8905419960543,2264.8875,53.804190941935566,NaN,NaN
1706292000,2251.8890209980273,2276.76,2251.07,2263.8475000000003,53.44934650902385,NaN,NaN
1706302800,2257.8682604990136,2272,2253,2262.82,53.076902804289695,NaN,NaN
1706313600,2260.3441302495066,2282.94,2260.3441302495066,2272.635,56.21547442358958,NaN,NaN
1706324400,2266.4895651247534,2276.84,2261.15,2269.12,54.80176666654407,NaN,NaN
1706335200,2267.8047825623767,2267.8047825623767,2251.4,2259.085,50.86870149040081,NaN,NaN
1706346000,2263.4448912811886,2271.49,2251.58,2260.625,51.444621221580675,NaN,NaN
1706356800,2262.0349456405943,2275.1,2262.0349456405943,2268,54.21267771040169,NaN,NaN
1706367600,2265.0174728202974,2274.38,2261.35,2267.6675,54.06303611073997,NaN,NaN
1706378400,2266.342486410149,2277.49,2263.43,2269.5025,54.80447610821525,NaN,NaN
1706389200,2267.9224932050747,2275,2261.47,2268.96,54.52428646974812,NaN,NaN
1706400000,2268.4412466025374,2288.88,2263,2274.7574999999997,57.05132304782316,NaN,NaN
1706410800,2271.5993733012683,2308.24,2271.5993733012683,2289.25,62.64019144654384,NaN,NaN
1706421600,2280.424686650634,2293.59,2277.87,2287.0775000000003,61.35135034026108,NaN,NaN
1706432400,2283.751093325317,2301.41,2276.97,2286.3775,60.91643600041265,NaN,NaN
1706443200,2285.0642966626583,2286.08,2263.65,2274.6675,54.017845047706025,NaN,NaN
1706454000,2279.865898331329,2279.865898331329,2261.91,2268.76,50.88698165764381,NaN,NaN
1706464800,2274.3129491656646,2274.3129491656646,2245.03,2261.6675,47.33941892522614,NaN,NaN
1706475600,2267.9902245828325,2267.9902245828325,2239.89,2256.2625,44.77750619262197,NaN,NaN
1706486400,2262.126362291416,2274.23,2250.57,2262.6175000000003,48.31892651569511,NaN,NaN
1706497200,2262.371931145708,2278.19,2262.371931145708,2268.8025000000002,51.573916376976484,NaN,NaN
1706508000,2265.587215572854,2271.16,2253.98,2263.3075,48.6426962750227,NaN,NaN
1706518800,2264.447357786427,2277,2255.28,2264.985,49.58471611807428,NaN,NaN
1706529600,2264.7161788932135,2269.31,2233.8,2252.8424999999997,43.381802971321356,NaN,NaN
1706540400,2258.7793394466066,2315.45,2239.45,2275.395,54.71335254453234,NaN,NaN
1706551200,2267.0871697233033,2312.94,2267.0871697233033,2302.6325,64.06705097936292,NaN,NaN
1706562000,2284.8598348616515,2322.34,2284.8598348616515,2310.9500000000003,66.35252318940124,NaN,NaN
1706572800,2297.9049174308257,2327.97,2297.9049174308257,2316.8525,67.91225575775373,NaN,NaN
1706583600,2307.378708715413,2320,2304.41,2311.7799999999997,65.11859662987914,NaN,NaN
1706594400,2309.5793543577065,2314,2301,2307.055,62.53792261367101,NaN,NaN
1706605200,2308.317177178853,2318.22,2303.02,2310.89,63.79215785296594,NaN,NaN
1706616000,2309.603588589426,2332.85,2297,2314.285,64.91212005074857,NaN,NaN
1706626800,2311.944294294713,2379.79,2303.33,2341.6800000000003,72.3454515611802,NaN,NaN
1706637600,2326.812147147357,2385,2326.812147147357,2373.36,78.1184664843697,NaN,NaN
1706648400,2350.0860735736787,2391.98,2337.06,2361.445,72.02825260297104,NaN,NaN
1706659200,2355.765536786839,2355.765536786839,2327.27,2340.1400000000003,62.626493735089625,NaN,NaN
1706670000,2347.95276839342,2347.95276839342,2334.37,2339.085,62.193574035178024,NaN,NaN
1706680800,2343.51888419671,2343.52,2330,2337.835,61.64979417475729,NaN,NaN
1706691600,2340.676942098355,2340.676942098355,2280.77,2314.78,52.527498940375736,NaN,NaN
1706702400,2327.7284710491776,2327.7284710491776,2296.89,2305.6524999999997,49.41032118711989,NaN,NaN
1706713200,2316.6904855245884,2350.3,2291.69,2324.1650000000004,55.21532116952903,NaN,NaN
1706724000,2320.4277427622947,2348.05,2286.11,2317.355,52.81449796351693,NaN,NaN
1706734800,2318.891371381147,2318.891371381147,2263.57,2281.765,42.43089008559206,NaN,NaN
1706745600,2300.3281856905733,2300.3281856905733,2240,2268.3125,39.286756467724736,NaN,NaN
1706756400,2284.3203428452866,2284.3203428452866,2251.91,2262.5175,37.98112153949002,NaN,NaN
1706767200,2273.4189214226435,2277.78,2266.4,2271.35,41.18921807221172,NaN,NaN
1706778000,2272.3844607113215,2278.12,2265.2,2270.5950000000003,40.99401262207202,NaN,NaN
1706788800,2271.489730355661,2300.45,2263.2,2281.8599999999997,45.16943165832837,NaN,NaN
1706799600,2276.6748651778303,2311.72,2267.54,2295.275,49.731329431070755,NaN,NaN
1706810400,2285.974932588915,2309.49,2285.974932588915,2301.35,51.69146867746053,NaN,NaN
1706821200,2293.6624662944578,2309.78,2287,2300.13,51.259194262633955,NaN,NaN
1706832000,2296.896233147229,2320.48,2296.896233147229,2306.405,53.41697318687879,NaN,NaN
1706842800,2301.6506165736146,2307.23,2296.87,2302.8975,52.03040857522035,NaN,NaN
1706853600,2302.2740582868073,2319.81,2302.2740582868073,2309.9399999999996,54.579728950965475,NaN,NaN
1706864400,2306.1070291434035,2319.37,2305.01,2313.32,55.79399593035057,NaN,NaN
1706875200,2309.713514571702,2324.74,2281.94,2304.36,51.83772191365182,NaN,NaN
1706886000,2307.0367572858513,2323.88,2290,2299.8025,49.899521725358184,NaN,NaN
1706896800,2303.4196286429255,2303.6,2286.69,2295.2475,47.969063743563886,NaN,NaN
1706907600,2299.3335643214627,2310,2296.33,2303.29,51.534281014389734,NaN,NaN
1706918400,2301.311782160731,2329.98,2301.311782160731,2317.1475,57.00138494048031,NaN,NaN
1706929200,2309.2296410803656,2326.55,2309.2296410803656,2323.5275,59.27890689524287,NaN,NaN
1706940000,2316.378570540183,2324.21,2307,2315.9325,55.50954728400311,NaN,NaN
1706950800,2316.1555352700916,2316.39,2300.24,2307.205,51.46019486726907,NaN,NaN
1706961600,2311.6802676350458,2311.6802676350458,2301.33,2303.87,49.96039129013426,NaN,NaN
1706972400,2307.775133817523,2313.88,2292.75,2304.4075000000003,50.21224757549924,NaN,NaN
1706983200,2306.0913169087617,2309.05,2297,2304.46,50.238592506327834,NaN,NaN
1706994000,2305.275658454381,2305.38,2293.83,2299.625,47.73352240706153,NaN,NaN
1707004800,2302.45032922719,2306.53,2291,2299.3825,47.60530772955214,NaN,NaN
1707015600,2300.9164146135954,2305.38,2294.14,2300.76,48.45231660514612,NaN,NaN
1707026400,2300.838207306798,2302.81,2287,2295.01,45.16978010352009,NaN,NaN
1707037200,2297.924103653399,2309.99,2286.71,2298.13,47.25775402582989,NaN,NaN
1707048000,2298.0270518267,2309.66,2297.46,2302.9925,50.426204734078084,NaN,NaN
1707058800,2300.5097759133496,2308.13,2297.48,2302.835,50.320756060743314,NaN,NaN
1707069600,2301.672387956675,2311,2266,2296.8025,46.324976670291754,NaN,NaN
1707080400,2299.237443978337,2309.84,2275.83,2294.795,45.043159463250795,NaN,NaN
1707091200,2297.0162219891686,2297.0162219891686,2269.11,2283.6200000000003,38.63455505578685,NaN,NaN
1707102000,2290.3181109945845,2299.4,2281.26,2289.3475,43.10271214223463,NaN,NaN
1707112800,2289.832805497292,2325.08,2289.832805497292,2309.24,55.2814263820019,NaN,NaN
1707123600,2299.5364027486457,2332.9,2299.5364027486457,2324.8949999999995,62.14809387689492,NaN,NaN
1707134400,2312.2157013743226,2338.41,2312.2157013743226,2326.09,62.619936990852935,NaN,NaN
1707145200,2319.1528506871614,2319.1528506871614,2291,2307.855,51.973294728536686,NaN,NaN
1707156000,2313.5039253435807,2313.5039253435807,2283.63,2298.2925,47.4201321375909,NaN,NaN
1707166800,2305.89821267179,2305.89821267179,2286.02,2296.16,46.44299525511161,NaN,NaN
1707177600,2301.029106335895,2329.78,2299,2313.7275,54.720507030278604,NaN,NaN
1707188400,2307.3783031679477,2328.61,2307.3783031679477,2318.78,56.78902198994228,NaN,NaN
1707199200,2313.0791515839737,2339,2309.29,2324.7525,59.163872006490365,NaN,NaN
1707210000,2318.915825791987,2344,2316.9,2330.77,61.46200836170046,NaN,NaN
1707220800,2324.8429128959933,2349,2311.9,2331.2149999999997,61.633960192899735,NaN,NaN
1707231600,2328.0289564479963,2365.42,2328.0289564479963,2347.19,67.27836620932548,NaN,NaN
1707242400,2337.609478223998,2392.4,2337.609478223998,2368.8975,73.07505213640312,NaN,NaN
1707253200,2353.253489111999,2386.42,2353.253489111999,2377.8175,75.0323720000607,NaN,NaN
1707264000,2365.5354945559993,2390.66,2365.5354945559993,2377.8875,75.04770176000699,NaN,NaN
1707274800,2371.7114972779996,2377.26,2357.06,2369,69.23534594328326,NaN,NaN
1707285600,2370.355748639,2370.355748639,2356.94,2363.5525000000002,65.867971635108,NaN,NaN
1707296400,2366.9541243195,2377.42,2354,2364.085,66.04183767566116,NaN,NaN
1707307200,2365.51956215975,2385.45,2361,2368.5025,67.51996154553929,NaN,NaN
1707318000,2367.011031079875,2424.34,2361.57,2390.515,73.67019713472214,NaN,NaN
1707328800,2378.7630155399374,2444.44,2378.7630155399374,2425.0825000000004,80.05661550458447,NaN,NaN
1707339600,2401.922757769969,2439.8,2401.922757769969,2431.63,80.99683224430194,NaN,NaN
1707350400,2416.7763788849843,2444.39,2416.7763788849843,2432.04,81.05705624737955,NaN,NaN
1707361200,2424.408189442492,2436.81,2422.08,2429.1825,79.17378832666034,NaN,NaN
1707372000,2426.795344721246,2427.85,2411.01,2421.5925,74.23979811291188,NaN,NaN
1707382800,2424.193922360623,2429.58,2416.06,2423.835,74.74065573730724,NaN,NaN
1707393600,2424.0144611803116,2443.96,2416.63,2430.9700000000003,76.31835118544396,NaN,NaN
1707404400,2427.492230590156,2463.15,2413.44,2434.8325,77.15038168941723,NaN,NaN
1707415200,2431.162365295078,2434.23,2421.12,2426.975,71.63644331183133,NaN,NaN
1707426000,2429.068682647539,2431.44,2418.49,2424.3225,69.82229155520287,NaN,NaN
1707436800,2426.69559132377,2458.6,2419.16,2438.7075,73.71059002532692,NaN,NaN
1707447600,2432.7015456618847,2466,2432.7015456618847,2454.3475,77.15680075160186,NaN,NaN
1707458400,2443.5245228309423,2477,2443.5245228309423,2463.265,78.85851825466594,NaN,NaN
1707469200,2453.3947614154713,2507.4,2453.3947614154713,2487.1575000000003,82.59886081334713,NaN,NaN
1707480000,2470.276130707736,2525,2470.276130707736,2501.0425,84.33352790145179,NaN,NaN
1707490800,2485.659315353868,2502.72,2476.57,2492.7475,79.25079514335692,NaN,NaN
1707501600,2489.203407676934,2523.66,2481.68,2498.0975000000003,80.08449625094741,NaN,NaN
1707512400,2493.650453838467,2506.64,2483.89,2491.7349999999997,76.16506171572823,NaN,NaN
1707523200,2492.6927269192333,2506.48,2483.09,2495.5325000000003,76.89199100119725,NaN,NaN
1707534000,2494.112613459617,2516,2494.112613459617,2506.7174999999997,78.93025443827382,NaN,NaN
1707544800,2500.4150567298084,2507.5,2485.2,2495.5575,72.09699601421136,NaN,NaN
1707555600,2497.986278364904,2497.986278364904,2471.57,2483.6150000000002,65.55642940839971,NaN,NaN
1707566400,2490.800639182452,2496.97,2480.76,2488.4525,66.86760670947464,NaN,NaN
1707577200,2489.626569591226,2496.6,2483.72,2489.43,67.13981648155487,NaN,NaN
1707588000,2489.528284795613,2511.6,2483.4,2496.4075000000003,69.09186863179463,NaN,NaN
1707598800,2492.9678923978067,2516.45,2492.21,2503.7775,71.04822915217308,NaN,NaN
1707609600,2498.372696198903,2514.74,2493.8,2503.64,70.95798951587007,NaN,NaN
1707620400,2501.0063480994513,2537.58,2501.0063480994513,2517.685,74.51821607722177,NaN,NaN
1707631200,2509.345674049726,2539.63,2509.345674049726,2527.4375,76.65799098017868,NaN,NaN
1707642000,2518.391587024863,2531.63,2511.79,2524.8650000000002,74.87198979145046,NaN,NaN
1707652800,2521.628293512432,2532.31,2505,2520.715,71.95933607489931,NaN,NaN
1707663600,2521.171646756216,2521.171646756216,2501.41,2511.855,66.05157446269993,NaN,NaN
1707674400,2516.513323378108,2516.513323378108,2493.45,2504.0874999999996,61.30009165632457,NaN,NaN
1707685200,2510.300411689054,2510.300411689054,2496.66,2502.2225,60.180691358808986,NaN,NaN
1707696000,2506.2614558445266,2525,2493.01,2507.0775,62.119925294140444,NaN,NaN
1707706800,2506.6694779222635,2506.6694779222635,2493.99,2498.9975,57.133026786505845,NaN,NaN
1707717600,2502.8334889611315,2505.5,2481.05,2492.7025000000003,53.52767970408079,NaN,NaN
1707728400,2497.767994480566,2497.767994480566,2472,2485.1875,49.510894967921935,NaN,NaN
1707739200,2491.477747240283,2529.8,2481.08,2506.81,59.03589907407498,NaN,NaN
1707750000,2499.1438736201417,2616.39,2499.1438736201417,2568.6275,74.08715655824044,NaN,NaN
1707760800,2533.885686810071,2647.67,2533.885686810071,2625.3450000000003,80.9889946551615,NaN,NaN
1707771600,2579.6153434050357,2665.58,2579.6153434050357,2648.9925,83.01970409723985,NaN,NaN
1707782400,2614.303921702518,2686,2614.303921702518,2663.5775,84.14463254197436,NaN,NaN
1707793200,2638.9407108512587,2657.6,2635.96,2650.06,78.92580108935168,NaN,NaN
1707804000,2644.500355425629,2664.67,2640.8,2655.215,79.44927022036359,NaN,NaN
1707814800,2649.8576777128146,2686.06,2649.8576777128146,2672.0875,81.1037136209711,NaN,NaN
1707825600,2660.972588856407,2686.12,2590,2647.7825000000003,72.09927881317708,NaN,NaN
1707836400,2654.3775444282037,2654.3775444282037,2592.37,2622.1325,64.02107002538563,NaN,NaN
1707847200,2638.2550222141017,2638.2550222141017,2610,2623.2425,64.2079620946026,NaN,NaN
1707858000,2630.748761107051,2648.6,2615.02,2632.815,65.85519259920109,NaN,NaN
1707868800,2631.7818805535253,2641.16,2618.4,2633.3075,65.94203906223807,NaN,NaN
1707879600,2632.5446902767626,2644,2620.76,2634.9025,66.24150653774383,NaN,NaN
1707890400,2633.7235951383814,2711,2633.7235951383814,2674.7574999999997,72.70083285992288,NaN,NaN
1707901200,2654.2405475691903,2760,2654.2405475691903,2732.3374999999996,78.96340947833016,NaN,NaN
1707912000,2693.289023784595,2772.28,2693.289023784595,2754.8625,80.81732774627979,NaN,NaN
1707922800,2724.0757618922976,2760.46,2724.0757618922976,2747.2225,78.29690681330922,NaN,NaN
1707933600,2735.649130946149,2767,2726.54,2749.7625000000003,78.53656532285609,NaN,NaN
1707944400,2742.705815473075,2786,2742.705815473075,2770.2149999999997,80.41222362716209,NaN,NaN
1707955200,2756.4604077365375,2825.75,2756.4604077365375,2789.7174999999997,82.02526520935709,NaN,NaN
1707966000,2773.0889538682686,2803.71,2759.25,2780.1825,78.61655915451178,NaN,NaN
1707976800,2776.6357269341343,2785.18,2761.32,2774.675,76.63553133911512,NaN,NaN
1707987600,2775.655363467067,2801.97,2775.655363467067,2788.9825,78.17418522797396,NaN,NaN
1707998400,2782.3189317335336,2857.8,2775.91,2819.88,81.0729456826001,NaN,NaN
1708009200,2801.099465866767,2867.65,2801.099465866767,2834.43,82.2673203074844,NaN,NaN
1708020000,2817.764732933383,2842.5,2808.28,2823.59,78.30284207844505,NaN,NaN
1708030800,2820.6773664666916,2845.59,2786.2,2820.7425000000003,77.24972953053457,NaN,NaN
1708041600,2820.709933233346,2857.4,2820.35,2836.8225,78.96980519900116,NaN,NaN
1708052400,2828.766216616673,2856.55,2828.766216616673,2845.2825000000003,79.83369113704804,NaN,NaN
1708063200,2837.0243583083366,2852.4,2811.75,2830.5625,74.12788698947423,NaN,NaN
1708074000,2833.7934291541683,2835.4,2794.31,2817.35,69.33760209729994,NaN,NaN
1708084800,2825.571714577084,2847.22,2783.09,2812.8775,67.74177323609878,NaN,NaN
1708095600,2819.224607288542,2819.224607288542,2740,2780.595,57.46167485250321,NaN,NaN
1708106400,2799.909803644271,2799.909803644271,2756.75,2775.31,55.96435451111467,NaN,NaN
1708117200,2787.6099018221357,2810,2774.63,2792.0199999999995,59.55306332225008,NaN,NaN
1708128000,2789.8149509110676,2804.21,2777.64,2793.115,59.784350360888006,NaN,NaN
1708138800,2791.464975455534,2796.6,2778.99,2787.3824999999997,57.91716437697826,NaN,NaN
1708149600,2789.423737727767,2798.51,2772,2782.6625,56.35643992868699,NaN,NaN
1708160400,2786.043118863883,2786.043118863883,2765.22,2776.5375,54.311141650998934,NaN,NaN
1708171200,2781.2903094319418,2786.96,2719.01,2756.6349999999998,48.19095261885437,NaN,NaN
1708182000,2768.9626547159705,2771.43,2731.01,2752.7275,47.0694732718043,NaN,NaN
1708192800,2760.8450773579852,2780.26,2760.8450773579852,2773.29,53.23673283059481,NaN,NaN
1708203600,2767.0675386789926,2801.16,2767.0675386789926,2785.355,56.44355262149188,NaN,NaN
1708214400,2776.2112693394965,2797.4,2764.25,2779.7974999999997,54.58663407748489,NaN,NaN
1708225200,2778.004384669748,2804.82,2768.8,2787.0325000000003,56.588905704958506,NaN,NaN
1708236000,2782.518442334874,2806.99,2778.9,2798.5675,59.64391199457711,NaN,NaN
1708246800,2790.542971167437,2822.93,2790.542971167437,2807.4625,61.87217496974423,NaN,NaN
1708257600,2799.0027355837183,2813.2,2785.89,2803.0875,60.11404835533912,NaN,NaN
1708268400,2801.0451177918594,2822.13,2794.33,2809.58,61.84667787343188,NaN,NaN
1708279200,2805.3125588959297,2844.5,2805.3125588959297,2822.75,65.15344839672068,NaN,NaN
1708290000,2814.031279447965,2895,2814.031279447965,2856.7300000000005,71.91653153056546,NaN,NaN
1708300800,2835.3806397239828,2893,2835.3806397239828,2878.4825,75.23066336675369,NaN,NaN
1708311600,2856.931569861991,2911.2,2856.931569861991,2894.265,77.32178461832477,NaN,NaN
1708322400,2875.5982849309958,2931,2875.5982849309958,2911.7425000000003,79.39622012628627,NaN,NaN
1708333200,2893.670392465498,2920.72,2892.25,2908.215,77.84842565449709,NaN,NaN
1708344000,2900.942696232749,2919.4,2886.03,2904.8525000000004,76.32107795994716,NaN,NaN
1708354800,2902.897598116375,2944.44,2887.29,2918.7675,78.22501081601933,NaN,NaN
1708365600,2910.8325490581874,2953.84,2910.8325490581874,2937.6525,80.51488271238478,NaN,NaN
1708376400,2924.2425245290938,2984.52,2924.2425245290938,2949.0250000000005,81.75890398851554,NaN,NaN
1708387200,2936.633762264547,2955.56,2903.31,2932.62,74.38163719654065,NaN,NaN
1708398000,2934.6268811322734,2935.2,2902.38,2923.1225,70.4200043217151,NaN,NaN
1708408800,2928.8746905661365,2935.38,2904.36,2921.0875,69.5650568492319,NaN,NaN
1708419600,2924.9810952830685,2941,2874.56,2916.845,67.71920286440678,NaN,NaN
1708430400,2920.913047641534,3004.6,2918.16,2949.2675,73.50517771044683,NaN,NaN
1708441200,2935.090273820767,2940.34,2885.47,2920.5275,62.765774861637226,NaN,NaN
1708452000,2927.8088869103835,2988.08,2908.41,2947.8075,67.60409502885851,NaN,NaN
1708462800,2937.808193455192,3033.09,2937.808193455192,2998.8399999999997,74.32527157711351,NaN,NaN
1708473600,2968.324096727596,3017.15,2968.324096727596,3007.665,75.28037334181975,NaN,NaN
1708484400,2987.994548363798,3011.09,2972.77,2992.5625000000005,70.45038613426944,NaN,NaN
1708495200,2990.2785241818992,2990.2785241818992,2921.9,2955,60.118843705167336,NaN,NaN
1708506000,2972.6392620909496,2972.6392620909496,2887.23,2917.3725,51.906957576355396,NaN,NaN
1708516800,2945.005881045475,2945.005881045475,2868,2896.9125,48.062593995491724,NaN,NaN
1708527600,2920.959190522737,2938,2878.19,2901.615,48.99756395698761,NaN,NaN
1708538400,2911.2870952613684,2916.85,2886,2901.77,49.03013401049864,NaN,NaN
1708549200,2906.5285476306844,2980,2899.84,2938.4825,56.169659400715105,NaN,NaN
1708560000,2922.5055238153423,2968.59,2906.51,2940.855,56.592809524938204,NaN,NaN
1708570800,2931.680261907671,2945.21,2917,2929.1025,53.82089845618219,NaN,NaN
1708581600,2930.3913809538353,3022.96,2930.3913809538353,2977.21,62.021148220893885,NaN,NaN
1708592400,2953.8006904769177,3032.86,2953.8006904769177,3003.8575,65.65883264912085,NaN,NaN
1708603200,2978.8290952384586,3005,2929.39,2972.8,58.61242757070713,NaN,NaN
1708614000,2975.8145476192294,2998.6,2960.93,2977.585,59.336495619820035,NaN,NaN
1708624800,2976.6997738096147,3036.02,2975.75,3002.395,62.95529931934986,NaN,NaN
1708635600,2989.5473869048074,3014.06,2969.35,2991.9575,60.51535338265541,NaN,NaN
1708646400,2990.752443452404,2993.8,2936,2961.5725,53.959041933943475,NaN,NaN
1708657200,2976.162471726202,2976.162471726202,2932.81,2949.825,51.63005277177671,NaN,NaN
1708668000,2962.993735863101,2967.89,2913.3,2941.1874999999995,49.92381978313306,NaN,NaN
1708678800,2952.0906179315502,2952.0906179315502,2916.92,2933.3375000000005,48.35964545626857,NaN,NaN
1708689600,2942.7140589657756,2962.77,2924.32,2944.9575,50.816168590776506,NaN,NaN
1708700400,2943.835779482888,2950,2906.05,2937.72,49.24486632014656,NaN,NaN
1708711200,2940.7778897414437,2953.98,2933.43,2946.1324999999997,51.13619197607979,NaN,NaN
1708722000,2943.4551948707217,2953.69,2906.87,2933.5525000000002,48.24121683385665,NaN,NaN
1708732800,2938.503847435361,2938.503847435361,2906.4,2922.49,45.78644728222513,NaN,NaN
1708743600,2930.49692371768,2954.97,2918.51,2936.5625,49.3193928015752,NaN,NaN
1708754400,2933.52971185884,2965.55,2933.52971185884,2952.57,53.06612314883521,NaN,NaN
1708765200,2943.04985592942,2966.53,2943.04985592942,2957.2100000000005,54.12481033050144,NaN,NaN
1708776000,2950.12992796471,2968.9,2950.12992796471,2961.0975000000003,55.03986271865329,NaN,NaN
1708786800,2955.613713982355,3007.48,2954.49,2979.08,59.10353099839165,NaN,NaN
1708797600,2967.3468569911774,3004.2,2967.3468569911774,2991.19,61.619362560528494,NaN,NaN
1708808400,2979.2684284955885,2995.9,2979.2684284955885,2989.3199999999997,60.99537660840009,NaN,NaN
1708819200,2984.294214247794,3049,2983.61,3014.0575,65.91290114238879,NaN,NaN
1708830000,2999.175857123897,3036.88,2999.175857123897,3027.9125000000004,68.32184012151426,NaN,NaN
1708840800,3013.5441785619487,3048,3013.5441785619487,3028.705,68.4591452130382,NaN,NaN
1708851600,3021.1245892809743,3040.93,3010.49,3027.5925,68.01348164300185,NaN,NaN
1708862400,3024.3585446404873,3074.03,3024.3585446404873,3051.9575,72.27103756958302,NaN,NaN
1708873200,3038.1580223202436,3070.78,3027.88,3057.1925,73.09952938449938,NaN,NaN
1708884000,3047.675261160122,3122,3047.675261160122,3083.5675,76.85208358676869,NaN,NaN
1708894800,3065.6213805800608,3115.2,3065.6213805800608,3103.35,79.1962193054191,NaN,NaN
1708905600,3084.48569029003,3135.65,3084.48569029003,3108.1400000000003,79.73143984029667,NaN,NaN
1708916400,3096.312845145015,3110.71,3085.81,3099.22,75.81955761367277,NaN,NaN
1708927200,3097.7664225725075,3115.4,3086.1,3100.1875,75.95734497772483,NaN,NaN
1708938000,3098.9769612862538,3098.9769612862538,3036.59,3070.3425,63.86727465291782,NaN,NaN
1708948800,3084.6597306431267,3105.84,3038,3076.1925,65.04183842811909,NaN,NaN
1708959600,3080.4261153215634,3166.62,3080.4261153215634,3129.5875,73.50701740952056,NaN,NaN
1708970400,3105.0068076607818,3196,3105.0068076607818,3163.71,77.29145840316454,NaN,NaN
1708981200,3134.3584038303907,3190.62,3134.3584038303907,3178.5225,78.71299379001516,NaN,NaN
1708992000,3156.4404519151954,3270,3156.4404519151954,3211.4775,81.4893085912002,NaN,NaN
1709002800,3183.9589759575974,3252.33,3183.9589759575974,3229.035,82.7780409083916,NaN,NaN
1709013600,3206.4969879787986,3239.01,3206.4969879787986,3222.8424999999997,80.64544800831595,NaN,NaN
1709024400,3214.669743989399,3269,3214.669743989399,3240.9624999999996,82.09874122747232,NaN,NaN
1709035200,3227.8161219946996,3288.14,3227.8161219946996,3258.595,83.40460563236772,NaN,NaN
1709046000,3243.2055609973495,3262.71,3203.72,3236.4325,75.90914774470274,NaN,NaN
1709056800,3239.8190304986747,3260.38,3220.78,3239.8125,76.25956019669226,NaN,NaN
1709067600,3239.8157652493373,3268.34,3236.85,3250.025,77.33239547479927,NaN,NaN
1709078400,3244.9203826246685,3258.39,3230.12,3243.6925,75.0671158016187,NaN,NaN
1709089200,3244.3064413123343,3269.99,3232.15,3249.475,75.76522675423186,NaN,NaN
1709100000,3246.890720656167,3334.17,3246.890720656167,3291.8625,80.1522510075869,NaN,NaN
1709110800,3269.3766103280836,3369.8,3269.3766103280836,3318.575,82.32385239322727,NaN,NaN
1709121600,3293.975805164042,3366.26,3287.07,3326.2125,82.89993913301579,NaN,NaN
1709132400,3310.094152582021,3488,3176.16,3340.395,83.94625513731395,NaN,NaN
1709143200,3325.24457629101,3360,3204.57,3301.4300000000003,71.07831811994441,NaN,NaN
1709154000,3313.337288145505,3384.54,3273.65,3335.105,74.68932949889484,NaN,NaN
1709164800,3324.2211440727524,3467.77,3324.2211440727524,3406.9249999999997,80.33001433889187,NaN,NaN
1709175600,3365.5730720363763,3474.81,3365.5730720363763,3434.5950000000003,81.99485702018097,NaN,NaN
1709186400,3400.0840360181883,3500.25,3400.0840360181883,3473.915,84.05956383744174,NaN,NaN
1709197200,3436.999518009094,3522.81,3436.999518009094,3489.2725,84.79305597484368,NaN,NaN
1709208000,3463.1360090045473,3517.92,3445.42,3486.5675,84.05936563749191,NaN,NaN
1709218800,3474.8517545022737,3485.66,3351.61,3422.785,68.91688283272089,NaN,NaN
1709229600,3448.8183772511366,3448.8183772511366,3351,3386.3125,62.035154448934335,NaN,NaN
1709240400,3417.5654386255683,3417.5654386255683,3300,3358.1775,57.283270992838005,NaN,NaN
1709251200,3387.871469312784,3388.82,3338.54,3358.5474999999997,57.329561773389976,NaN,NaN
1709262000,3373.209484656392,3386.65,3355.18,3369.365,58.737432018364835,NaN,NaN
1709272800,3371.287242328196,3437.08,3353.74,3395.165,61.96103606482053,NaN,NaN
1709283600,3383.226121164098,3431.76,3383.226121164098,3415.5525000000002,64.33234914871022,NaN,NaN
1709294400,3399.389310582049,3449.81,3382.1,3414.6625,64.14436145488412,NaN,NaN
1709305200,3407.025905291024,3428.28,3379.6,3410.7775,63.27516292766359,NaN,NaN
1709316000,3408.901702645512,3450,3408.901702645512,3430.8025,65.84431427702893,NaN,NaN
1709326800,3419.852101322756,3450,3419.852101322756,3437.6725,66.7048708211707,NaN,NaN
1709337600,3428.762300661378,3460.04,3424.71,3438.9625,66.87364566017271,NaN,NaN
1709348400,3433.862400330689,3445,3390.01,3423.0950000000003,62.66578851832033,NaN,NaN
1709359200,3428.478700165345,3452.76,3405.17,3423.78,62.774684317006084,NaN,NaN
1709370000,3426.1293500826723,3426.1293500826723,3391.83,3408.875,58.75860994548154,NaN,NaN
1709380800,3417.502175041336,3427.01,3394.47,3409.5249999999996,58.88215166710771,NaN,NaN
1709391600,3413.513587520668,3430.84,3409.2,3416.8174999999997,60.31836092368667,NaN,NaN
1709402400,3415.165543760334,3431.31,3404.4,3414,59.45430310498329,NaN,NaN
1709413200,3414.582771880167,3421.48,3402.56,3412.935,59.10961857171596,NaN,NaN
1709424000,3413.7588859400835,3434,3409.1,3420.1475,60.76842294442883,NaN,NaN
1709434800,3416.9531929700415,3446.23,3415.16,3424.725,61.82684593566875,NaN,NaN
1709445600,3420.8390964850205,3425.8,3360,3400.6425,53.62930544694063,NaN,NaN
1709456400,3410.74079824251,3414.91,3391.94,3403.9049999999997,54.509265709158335,NaN,NaN
1709467200,3407.322899121255,3447.53,3403.92,3420.8225,58.86808384819752,NaN,NaN
1709478000,3414.0726995606274,3484.44,3414.0726995606274,3445.355,64.22179200062203,NaN,NaN
1709488800,3429.7138497803135,3474.48,3429.7138497803135,3465.12,67.8522846342536,NaN,NaN
1709499600,3447.4169248901567,3491.8,3447.4169248901567,3477.2125,69.86691133515524,NaN,NaN
1709510400,3462.3147124450784,3528.96,3423.78,3482.0575000000003,70.66025823127343,NaN,NaN
1709521200,3472.1861062225394,3487.84,3456.36,3474.3325000000004,67.60405915143505,NaN,NaN
1709532000,3473.25930311127,3544.14,3462,3501.4,72.14947972866338,NaN,NaN
1709542800,3487.329651555635,3535,3481.67,3514.3975,74.03353108134372,NaN,NaN
1709553600,3500.8635757778175,3546,3459.03,3511.5275,72.86143318371958,NaN,NaN
1709564400,3506.195537888909,3585.34,3506.195537888909,3546.2325,77.50025644860901,NaN,NaN
1709575200,3526.2140189444544,3610,3526.2140189444544,3566.7024999999994,79.70391209321875,NaN,NaN
1709586000,3546.458259472227,3640.94,3546.458259472227,3602.595,82.87166846051126,NaN,NaN
1709596800,3574.526629736113,3655.27,3574.526629736113,3628.34,84.71452772180776,NaN,NaN
1709607600,3601.4333148680566,3740,3601.4333148680566,3672.8774999999996,87.26682589096336,NaN,NaN
1709618400,3637.1554074340283,3727.25,3637.1554074340283,3696.8825,88.39188374167209,NaN,NaN
1709629200,3667.0189537170145,3742,3667.0189537170145,3710.0125,88.96614956291987,NaN,NaN
1709640000,3688.515726858507,3806.3,3688.515726858507,3768.1275000000005,91.0715530658417,NaN,NaN
1709650800,3728.321613429254,3822.04,3556.46,3717.2400000000002,77.18352964674814,NaN,NaN
1709661600,3722.780806714627,3722.780806714627,3200,3490.2075000000004,44.545534598273534,NaN,NaN
1709672400,3606.4941533573137,3606.4941533573137,3385.21,3476.8174999999997,43.38041693133001,NaN,NaN
1709683200,3541.655826678657,3591.23,3499.4,3536.7699999999995,49.72144666478028,NaN,NaN
1709694000,3539.212913339328,3770.63,3500.01,3635.7200000000003,58.06839608102068,NaN,NaN
1709704800,3587.4664566696642,3868.07,3587.4664566696642,3800.9300000000003,67.70776032958616,NaN,NaN
1709715600,3694.1982283348325,3899.47,3694.1982283348325,3848.1575,69.84204394136974,NaN,NaN
1709726400,3771.1778641674164,3900,3755,3829.1724999999997,67.89928249812483,NaN,NaN
1709737200,3800.175182083708,3850.62,3724,3800.9075000000003,65.00032955773116,NaN,NaN
1709748000,3800.541341041854,3892.58,3800.541341041854,3856.5199999999995,67.90392446537972,NaN,NaN
1709758800,3828.530670520927,3861.97,3792.7,3832.8275000000003,65.41411178901294,NaN,NaN
1709769600,3830.6790852604636,3852.69,3774.82,3807.7125,62.78601302895457,NaN,NaN
1709780400,3819.195792630232,3819.195792630232,3742.51,3771.66,59.11445171805644,NaN,NaN
1709791200,3795.427896315116,3814.85,3735,3773.8424999999997,59.2697292880063,NaN,NaN
1709802000,3784.635198157558,3814.92,3770.36,3791.0975000000003,60.54552336398693,NaN,NaN
1709812800,3787.8663490787794,3853.8,3765.12,3803.3375,61.467544978829096,NaN,NaN
1709823600,3795.60192453939,3872.6,3795.60192453939,3833.64,63.72752074351637,NaN,NaN
1709834400,3814.620962269695,3933.16,3814.620962269695,3891.1324999999997,67.60917243963428,NaN,NaN
1709845200,3852.8767311348474,3933.81,3840,3892.86,67.72094922687447,NaN,NaN
1709856000,3872.868365567424,3940.6,3863.56,3893.98,67.79853638420008,NaN,NaN
1709866800,3883.4241827837122,3912.38,3880,3895.86,67.93784765970518,NaN,NaN
1709877600,3889.6420913918564,3952.91,3883.59,3916.15,69.47283908578414,NaN,NaN
1709888400,3902.8960456959285,3954.98,3902.8960456959285,3942.01,71.35514849346563,NaN,NaN
1709899200,3922.4530228479643,3986.2,3922.4530228479643,3960.8775,72.67880357726654,NaN,NaN
1709910000,3941.665261423982,3993.75,3820,3932.3875,67.5991699019578,NaN,NaN
1709920800,3937.026380711991,3950.74,3885.12,3929.42,67.07332529532698,NaN,NaN
1709931600,3933.2231903559955,3950.85,3871.28,3911.2325,63.79774427183506,NaN,NaN
1709942400,3922.2278451779976,3925.66,3877.5,3901.1699999999996,61.993875800592924,NaN,NaN
1709953200,3911.6989225889984,3931.39,3911.33,3919.8175,64.0239522861902,NaN,NaN
1709964000,3915.7582112944992,3942,3915.7582112944992,3925.2,64.61153451833566,NaN,NaN
1709974800,3920.4791056472495,3930.6,3887.99,3913.49,62.23023414971348,NaN,NaN
1709985600,3916.9845528236247,3927.05,3901.62,3912.5575,62.03416390739754,NaN,NaN
1709996400,3914.7710264118123,3921.57,3870.01,3895.9300000000003,58.49506824483662,NaN,NaN
1710007200,3905.3505132059063,3905.3505132059063,3878.02,3890.63,57.37152102580551,NaN,NaN
1710018000,3897.990256602953,3912.68,3892.1,3902.665,59.28398074460919,NaN,NaN
1710028800,3900.3276283014766,3940.1,3899.51,3916.6225,61.444343999108966,NaN,NaN
1710039600,3908.475064150738,3950,3908.475064150738,3930.37,63.4986770404486,NaN,NaN
1710050400,3919.422532075369,3964.67,3919.422532075369,3948.1125,66.0154284605937,NaN,NaN
1710061200,3933.767516037685,3959.2,3920.02,3942.7725,64.57235165397445,NaN,NaN
1710072000,3938.2700080188424,3947.18,3860.65,3909.345,56.27887325026478,NaN,NaN
1710082800,3923.807504009421,3927.05,3874.35,3902.5699999999997,54.74419178260952,NaN,NaN
1710093600,3913.1887520047103,3918,3888.85,3904.8125,55.179858033292525,NaN,NaN
1710104400,3909.000626002355,3909.000626002355,3791.26,3868.3725,47.22422045530077,NaN,NaN
1710115200,3888.6865630011775,3888.6865630011775,3722.95,3831.2524999999996,40.775058452110095,NaN,NaN
1710126000,3859.9695315005883,3879.17,3833.8,3849.04,44.67410622532678,NaN,NaN
1710136800,3854.504765750294,4019.64,3834.22,3929.4075000000003,58.09707276516756,NaN,NaN
1710147600,3891.956132875147,4054.6,3891.956132875147,4023.66,67.92537943979539,NaN,NaN
1710158400,3957.8080664375734,4065.8,3957.8080664375734,4037.8275,69.0986464666087,NaN,NaN
1710169200,3997.8177832187866,4053.12,3997.8177832187866,4031.24,67.85575244480066,NaN,NaN
1710180000,4014.528891609393,4086.23,4014.528891609393,4046.13,69.20414271497597,NaN,NaN
1710190800,4030.3294458046967,4082,4029.61,4052.0299999999997,69.74569638599064,NaN,NaN
1710201600,4041.179722902348,4093.92,4041.179722902348,4064.8824999999997,70.94436692804447,NaN,NaN
1710212400,4053.031111451174,4059.63,4021.19,4043.26,66.19290667670795,NaN,NaN
1710223200,4048.145555725587,4048.145555725587,3965,4007.605,59.157080029981124,NaN,NaN
1710234000,4027.8752778627936,4065,3984,4013.805,59.95418721339785,NaN,NaN
1710244800,4020.8401389313967,4053.8,3977.16,4007.9024999999997,58.778086873223444,NaN,NaN
1710255600,4014.3713194656984,4014.3713194656984,3828.98,3941.2999999999997,47.46381274915585,NaN,NaN
1710266400,3977.8356597328493,3991,3927.18,3954.4625,49.53140548185967,NaN,NaN
1710277200,3966.1490798664245,3980.54,3930,3959.9049999999997,50.40062090268186,NaN,NaN
1710288000,3963.027039933212,4037,3963.027039933212,4005.7775,57.106241392963305,NaN,NaN
1710298800,3984.402269966606,4045.86,3984.402269966606,4035.1525,60.764327937478605,NaN,NaN
1710309600,4009.777384983303,4083,4009.777384983303,4054.3475,62.98571463110607,NaN,NaN
1710320400,4032.0624424916514,4066.67,4032.0624424916514,4055.5775,63.129767074689624,NaN,NaN
1710331200,4043.8199712458254,4053,3932.23,3999.9874999999997,53.07606086317196,NaN,NaN
1710342000,4021.903735622913,4021.903735622913,3948,3973.6875,49.09267431945824,NaN,NaN
1710352800,3997.7956178114564,4021,3973.51,3991.1275,51.68229119267384,NaN,NaN
1710363600,3994.4615589057285,4011.61,3978.43,3995.9525000000003,52.40367137655854,NaN,NaN
1710374400,3995.2070294528644,4010.98,3955,3988.8275000000003,51.18832237973329,NaN,NaN
1710385200,3992.0172647264326,4005.69,3940.64,3975.005,48.82268920068734,NaN,NaN
1710396000,3983.5111323632163,3993.21,3959,3974.995,48.820931355390904,NaN,NaN
1710406800,3979.253066181608,3997.7,3943.12,3968.615,47.642355495024795,NaN,NaN
1710417600,3973.934033090804,3973.934033090804,3850,3914.91,39.08822038943257,NaN,NaN
1710428400,3944.4220165454017,3944.4220165454017,3820.2,3871.555,33.8105289235544,NaN,NaN
1710439200,3907.9885082727005,3907.9885082727005,3723,3829.2025000000003,29.605279084623675,NaN,NaN
1710450000,3868.5955041363504,3892,3820.86,3859.6899999999996,35.7958458572801,NaN,NaN
1710460800,3864.142752068175,3934.02,3700,3815.7825,31.499531982170126,NaN,NaN
1710471600,3839.9626260340874,3839.9626260340874,3623,3703.7474999999995,23.687252736629176,NaN,NaN
1710482400,3771.8550630170434,3779.92,3658.2,3693.515,23.123181488442313,NaN,NaN
1710493200,3732.6850315085217,3732.6850315085217,3570,3654.8624999999997,21.081014311881106,NaN,NaN
1710504000,3693.7737657542607,3742,3670.77,3705.7250000000004,29.859459635049163,NaN,NaN
1710514800,3699.7493828771303,3725.8,3659.01,3700.09,29.468372823834514,NaN,NaN
1710525600,3699.919691438565,3806.62,3606.65,3684.415,28.35579261517742,NaN,NaN
1710536400,3692.167345719283,3749.93,3626.8,3687.145,28.8595616764527,NaN,NaN
1710547200,3689.6561728596416,3781.12,3689.6561728596416,3745.1475,38.71885974164528,NaN,NaN
1710558000,3717.401836429821,3749.31,3690.18,3721.225,36.47366800951685,NaN,NaN
1710568800,3719.3134182149106,3741.35,3705.25,3719.7125,36.33022727730019,NaN,NaN
1710579600,3719.5129591074556,3731.8,3661.83,3701.0425000000005,34.52528252975827,NaN,NaN
1710590400,3710.277729553728,3711.37,3637.73,3676.6,32.26523963759617,NaN,NaN
1710601200,3693.4388647768637,3693.4388647768637,3626.39,3651.9475,30.123416094811276,NaN,NaN
1710612000,3672.693182388432,3672.693182388432,3570,3614.9824999999996,27.20703402699212,NaN,NaN
1710622800,3643.837841194216,3643.837841194216,3468.8,3560.0175,23.555227892035745,NaN,NaN
1710633600,3601.927670597108,3601.927670597108,3504.95,3545.5099999999998,22.689574767125094,NaN,NaN
1710644400,3573.718835298554,3574.18,3536,3556.89,25.017405619212028,NaN,NaN
1710655200,3565.3044176492767,3575,3412,3522.3475000000003,22.77568731866795,NaN,NaN
1710666000,3543.8259588246383,3606.41,3543.8259588246383,3571.75,32.14107171800981,NaN,NaN
1710676800,3557.787979412319,3601.8,3528.36,3577.05,33.078735881563134,NaN,NaN
1710687600,3567.4189897061597,3649,3567.4189897061597,3618.295,40.02413150402825,NaN,NaN
1710698400,3592.85699485308,3658,3592.85699485308,3639.9425,43.34746066036998,NaN,NaN
1710709200,3616.3997474265398,3678.68,3616.3997474265398,3645.4224999999997,44.190527912747015,NaN,NaN
1710720000,3630.9111237132697,3645.02,3557.31,3611.2749999999996,40.178200546983945,NaN,NaN
1710730800,3621.0930618566344,3642.52,3576.9,3612.95,40.463755166160794,NaN,NaN
1710741600,3617.021530928317,3640.97,3562.2,3608.8525,39.961230476664554,NaN,NaN
1710752400,3612.9370154641583,3615,3548.99,3589.9399999999996,37.63779783196482,NaN,NaN
1710763200,3601.438507732079,3613.41,3489.56,3553.5499999999997,33.59082987412505,NaN,NaN
1710774000,3577.4942538660393,3577.4942538660393,3454.09,3509.88,29.492532671692004,NaN,NaN
1710784800,3543.6871269330195,3543.6871269330195,3465,3499.4875,28.59831212877836,NaN,NaN
1710795600,3521.58731346651,3548,3502.81,3519.9525000000003,32.91204759996873,NaN,NaN
1710806400,3520.769906733255,3548.09,3380,3463.9249999999997,27.936010640037495,NaN,NaN
1710817200,3492.3474533666276,3492.3474533666276,3353,3394.9674999999997,23.27228790417098,NaN,NaN
1710828000,3443.6574766833137,3443.6574766833137,3228,3311.2575,19.1030902842233,NaN,NaN
1710838800,3377.457488341657,3377.457488341657,3202.84,3254.1675,16.881826132338702,NaN,NaN
1710849600,3315.8124941708284,3316.73,3223.5,3268.92,19.487093780793558,NaN,NaN
1710860400,3292.366247085414,3357.68,3225,3288.9750000000004,23.019563511568336,NaN,NaN
1710871200,3290.6706235427073,3359.8,3266.13,3304.8750000000005,25.799154784557757,NaN,NaN
1710882000,3297.772811771354,3298.9,3150.88,3221.9224999999997,21.448001027706127,NaN,NaN
1710892800,3259.847655885677,3259.847655885677,3156.02,3194.4725,20.231996356646277,NaN,NaN
1710903600,3227.160077942838,3266.01,3056.56,3164.215,18.95621727795225,NaN,NaN
1710914400,3195.687538971419,3234.19,3108.23,3165.04,19.10599893956791,NaN,NaN
1710925200,3180.36376948571,3296.72,3180.36376948571,3250.84,32.97893244267567,NaN,NaN
1710936000,3215.601884742855,3388,3215.601884742855,3335.55,43.314937140401504,NaN,NaN
1710946800,3275.5759423714276,3397,3140.71,3305.6225,40.91424568576847,NaN,NaN
1710957600,3290.5992211857138,3492.56,3290.5992211857138,3386.975,49.16259719843423,NaN,NaN
1710968400,3338.787110592857,3535.24,3338.787110592857,3492.235,57.441101853632844,NaN,NaN
1710979200,3415.511055296429,3558.99,3415.511055296429,3527.6400000000003,59.81168017475126,NaN,NaN
1710990000,3471.5755276482146,3555,3446.47,3512.9474999999998,58.35894272487861,NaN,NaN
1711000800,3492.261513824107,3585.76,3492.261513824107,3541.8275000000003,60.39521105172621,NaN,NaN
1711011600,3517.0445069120537,3587.32,3517.0445069120537,3552.0225,61.118040972053905,NaN,NaN
1711022400,3534.5335034560267,3574.41,3511,3536.5275,59.34522667810973,NaN,NaN
1711033200,3535.5305017280134,3545.99,3462.1,3502.6525,55.551532889547545,NaN,NaN
1711044000,3519.091500864007,3519.091500864007,3412,3467.3175,51.82962978714003,NaN,NaN
1711054800,3493.2045004320034,3521.91,3468.36,3491.8450000000003,54.12714128009169,NaN,NaN
1711065600,3492.524750216002,3519.8,3454.01,3486.1675000000005,53.49115430691781,NaN,NaN
1711076400,3489.346125108001,3533.49,3475.86,3504.7925,55.34480927781271,NaN,NaN
1711087200,3497.0693125540006,3542.52,3476.6,3508.48,55.72108890273495,NaN,NaN
1711098000,3502.7746562770003,3502.7746562770003,3394.42,3444.1625,48.1068350907437,NaN,NaN
1711108800,3473.4685781385,3473.4685781385,3281,3349.855,39.568727891227844,NaN,NaN
1711119600,3411.66178906925,3411.66178906925,3281.12,3320.49,37.34609145314086,NaN,NaN
1711130400,3366.075894534625,3366.075894534625,3305.46,3330.2774999999997,38.584379383379726,NaN,NaN
1711141200,3348.176697267312,3348.176697267312,3250,3310.0525000000002,36.958855253517,NaN,NaN
1711152000,3329.114598633656,3362.38,3315.51,3338.2075,40.70392194246699,NaN,NaN
1711162800,3333.661049316828,3339.5,3270.08,3319.95,39.08252790172502,NaN,NaN
1711173600,3326.805524658414,3383.8,3321.21,3346.8550000000005,42.704532156304914,NaN,NaN
1711184400,3336.8302623292075,3380.57,3328.34,3356.1725,43.94748114387175,NaN,NaN
1711195200,3346.501381164604,3422.55,3343.41,3386.5275,47.911963935937365,NaN,NaN
1711206000,3366.514440582302,3435.48,3366.514440582302,3409.4175,50.741238719556044,NaN,NaN
1711216800,3387.9659702911513,3413.39,3378.17,3395.5924999999997,49.00973460744333,NaN,NaN
1711227600,3391.7792351455755,3401.6,3327.28,3361.3550000000005,44.92147851501483,NaN,NaN
1711238400,3376.567117572788,3376.567117572788,3327.44,3342.3,42.78246683786737,NaN,NaN
1711249200,3359.4335587863943,3359.4335587863943,3298.76,3328.015,41.198674168175515,NaN,NaN
1711260000,3343.7242793931973,3379.69,3315.01,3349.355,44.50384746335252,NaN,NaN
1711270800,3346.539639696599,3392.72,3346.539639696599,3378.6225000000004,48.75796405824673,NaN,NaN
1711281600,3362.5810698482996,3414.46,3362.5810698482996,3394.1349999999998,50.90606747412,NaN,NaN
1711292400,3378.3580349241497,3409.5,3333,3377,48.48809724911176,NaN,NaN
1711303200,3377.6790174620746,3425.45,3367.08,3393.56,50.91467375664928,NaN,NaN
1711314000,3385.619508731037,3471.22,3385.619508731037,3436.595,56.63210438342343,NaN,NaN
1711324800,3411.107254365518,3461.17,3411.107254365518,3444.22,57.57502162192149,NaN,NaN
1711335600,3427.6636271827592,3506.49,3427.6636271827592,3466.905,60.33791655249171,NaN,NaN
1711346400,3447.28431359138,3487.98,3440.8,3466.0225,60.173740291363345,NaN,NaN
1711357200,3456.65340679569,3472,3432.15,3447.3325,56.65766631397504,NaN,NaN
1711368000,3451.9929533978448,3565,3430,3498.415,63.01811266157087,NaN,NaN
1711378800,3475.2039766989224,3666,3475.2039766989224,3605.0375,72.19125437197519,NaN,NaN
1711389600,3540.120738349461,3646.66,3540.120738349461,3633.0675,74.01596712883524,NaN,NaN
1711400400,3586.5941191747306,3628.53,3566.47,3603.2575,68.84237136719334,NaN,NaN
1711411200,3594.9258095873656,3623.82,3580.95,3604.3275000000003,68.92633014466875,NaN,NaN
1711422000,3599.626654793683,3643.71,3599.626654793683,3626.9399999999996,70.72186797567468,NaN,NaN
1711432800,3613.2833273968413,3678.86,3613.2833273968413,3647.37,72.28032427334861,NaN,NaN
1711443600,3630.326663698421,3670.32,3630,3646.315,72.06699206177143,NaN,NaN
1711454400,3638.3208318492107,3654.34,3545.13,3606.1425000000004,64.28633788100353,NaN,NaN
1711465200,3622.2316659246053,3622.2316659246053,3542.62,3580.865,59.90381547432594,NaN,NaN
1711476000,3601.5483329623025,3601.5483329623025,3555.56,3577.6825,59.355181030985776,NaN,NaN
1711486800,3589.6154164811514,3613.5,3570,3586.8025000000002,60.47240460027662,NaN,NaN
1711497600,3588.208958240576,3627.67,3577,3602.6949999999997,62.41138442933828,NaN,NaN
1711508400,3595.451979120288,3622.22,3581.24,3608.665,63.142796412931226,NaN,NaN
1711519200,3602.058489560144,3616.5,3545.67,3581.4475,57.636472933397165,NaN,NaN
1711530000,3591.752994780072,3591.752994780072,3532.96,3565.02,54.544761955625,NaN,NaN
1711540800,3578.3864973900363,3665.84,3496.15,3576.3999999999996,56.2938029192569,NaN,NaN
1711551600,3577.393248695018,3577.393248695018,3484,3525.3125,47.46423241885752,NaN,NaN
1711562400,3551.352874347509,3551.352874347509,3460.02,3496.3025,43.3100511051393,NaN,NaN
1711573200,3523.8276871737544,3523.8276871737544,3485.04,3504.9775000000004,44.86408334087392,NaN,NaN
1711584000,3514.4025935868776,3531.47,3465,3494.465,43.31452227666583,NaN,NaN
1711594800,3504.433796793439,3542.37,3475.05,3507.825,45.87315383339932,NaN,NaN
1711605600,3506.1293983967194,3595.7,3506.1293983967194,3557.795,54.20013712571918,NaN,NaN
1711616400,3531.9621991983595,3594.95,3531.9621991983595,3580.2124999999996,57.36872533069515,NaN,NaN
1711627200,3556.0873495991796,3611.78,3552.55,3587.8625,58.425749676482894,NaN,NaN
1711638000,3571.9749247995896,3609.71,3537.48,3577.105,56.311349387417856,NaN,NaN
1711648800,3574.5399623997946,3576.14,3551.05,3560.51,53.117800389789956,NaN,NaN
1711659600,3567.5249811998974,3580,3541.37,3560.7149999999997,53.15314468942574,NaN,NaN
1711670400,3564.1199905999483,3584.37,3551.35,3564.5424999999996,53.852670901250626,NaN,NaN
1711681200,3564.331245299974,3580.8,3550.05,3562.71,53.44122435991299,NaN,NaN
1711692000,3563.5206226499868,3576.27,3512.85,3545.9875,49.708877245795875,NaN,NaN
1711702800,3554.7540613249935,3562.71,3521.26,3542.6525,48.974273819442516,NaN,NaN
1711713600,3548.7032806624966,3558,3527.99,3544.875,49.50977070996946,NaN,NaN
1711724400,3546.7891403312483,3547.95,3445.91,3505.6875,41.28299861783849,NaN,NaN
1711735200,3526.238320165624,3526.238320165624,3475.39,3489.7074999999995,38.475396536199256,NaN,NaN
1711746000,3507.9729100828117,3524.55,3476.01,3501.8725,41.724548255168536,NaN,NaN
1711756800,3504.9227050414056,3521.89,3501.16,3509.7625,43.79767117351001,NaN,NaN
1711767600,3507.3426025207027,3532.77,3486.58,3508.405,43.510867529606976,NaN,NaN
1711778400,3507.8738012603517,3510,3492.2,3503.86,42.507233858309064,NaN,NaN
1711789200,3505.866900630176,3564,3500.6,3532.46,50.27922348582153,NaN,NaN
1711800000,3519.163450315088,3565.81,3519.163450315088,3547.7475,53.86899682113811,NaN,NaN
1711810800,3533.4554751575442,3548.92,3526.08,3535.2875000000004,50.65867057866856,NaN,NaN
1711821600,3534.3714875787723,3534.3714875787723,3485,3513.6874999999995,45.5867829975167,NaN,NaN
1711832400,3524.029493789386,3524.029493789386,3494.88,3506.3324999999995,43.97238911943175,NaN,NaN
1711843200,3515.1809968946927,3544.07,3505.09,3521.7575,48.12176632096873,NaN,NaN
1711854000,3518.469248447346,3607.97,3518.469248447346,3566.865,57.933128286265344,NaN,NaN
1711864800,3542.667124223673,3632.8,3542.667124223673,3614.7125,65.40674359719732,NaN,NaN
1711875600,3578.6898121118365,3618.45,3578.6898121118365,3611.46,64.56700540744993,NaN,NaN
1711886400,3595.0749060559183,3638,3595.0749060559183,3619.0825,65.67910775620209,NaN,NaN
1711897200,3607.078703027959,3633.81,3607.078703027959,3623.9425,66.40314196149997,NaN,NaN
1711908000,3615.5106015139795,3655.32,3613.75,3632.2275,67.65581478701625,NaN,NaN
1711918800,3623.86905075699,3650.6,3617.8,3636.7325,68.34691651857156,NaN,NaN
1711929600,3630.300775378495,3645.95,3606.06,3627.5775,65.29364842776039,NaN,NaN
1711940400,3628.939137689247,3628.939137689247,3500,3560.7525,48.323961077852,NaN,NaN
1711951200,3594.845818844624,3594.845818844624,3502.23,3525.535,42.112195878037134,NaN,NaN
1711962000,3560.190409422312,3560.190409422312,3529.69,3540.5075,45.32973731033099,NaN,NaN
1711972800,3550.348954711156,3570.58,3491.7,3527.1874999999995,43.037905282671815,NaN,NaN
1711983600,3538.7682273555774,3538.7682273555774,3413.71,3469.9375,34.87614239467844,NaN,NaN
1711994400,3504.3528636777887,3504.3528636777887,3418.93,3463.9625,34.14828081710979,NaN,NaN
1712005200,3484.1576818388944,3514.88,3484.1576818388944,3499.7775,41.96654764972743,NaN,NaN
1712016000,3491.9675909194475,3505.6,3319.2,3423.6974999999998,33.00288490972352,NaN,NaN
1712026800,3457.8325454597234,3457.8325454597234,3337.25,3363.955,27.95372107257552,NaN,NaN
1712037600,3410.8937727298617,3410.8937727298617,3326.73,3355.0249999999996,27.281837646192415,NaN,NaN
1712048400,3382.9593863649307,3382.9593863649307,3276.72,3318.89,24.69524022843217,NaN,NaN
1712059200,3350.9246931824655,3350.9246931824655,3235,3290.2875,22.848626985307305,NaN,NaN
1712070000,3320.606096591233,3320.606096591233,3212,3271.4825,21.699755230021964,NaN,NaN
1712080800,3296.0442982956165,3296.0442982956165,3256.93,3272.8275,22.00184041729412,NaN,NaN
1712091600,3284.4358991478084,3305,3241.69,3273.865,22.251019462905603,NaN,NaN
1712102400,3279.150449573904,3312.03,3202.79,3275.2374999999997,22.603275685900428,NaN,NaN
1712113200,3277.193974786952,3324.6,3277.193974786952,3301.205,29.144237551611624,NaN,NaN
1712124000,3289.199487393476,3357.58,3289.199487393476,3321.1025,33.76346849444293,NaN,NaN
1712134800,3305.1509936967377,3355.11,3290.55,3326.7975,35.06823148711413,NaN,NaN
1712145600,3315.974246848369,3363.58,3292.8,3332.89,36.50912489241093,NaN,NaN
1712156400,3324.4321234241843,3367.4,3308.8,3339.5925,38.13557801169916,NaN,NaN
1712167200,3332.012311712092,3341.3,3281.21,3313.2000000000003,34.39876413303553,NaN,NaN
1712178000,3322.606155856046,3325.64,3288.39,3307.6575,33.65299448639962,NaN,NaN
1712188800,3315.131827928023,3333,3264.63,3295.7749999999996,32.04878796324165,NaN,NaN
1712199600,3305.4534139640114,3305.4534139640114,3250.92,3281.1,30.138027035282946,NaN,NaN
1712210400,3293.2767069820056,3336.83,3293.2767069820056,3314.6775,39.08675686000597,NaN,NaN
1712221200,3303.9771034910027,3355.48,3303.9771034910027,3339.0599999999995,44.63285137718404,NaN,NaN
1712232000,3321.518551745501,3395.19,3321.518551745501,3363.925,49.66591727246869,NaN,NaN
1712242800,3342.7217758727506,3416.83,3342.7217758727506,3392.5975,54.77159619804432,NaN,NaN
1712253600,3367.6596379363755,3443.93,3278.02,3364.965,49.554664153998644,NaN,NaN
1712264400,3366.312318968188,3366.312318968188,3299.71,3322.775,42.84455682326786,NaN,NaN
1712275200,3344.543659484094,3344.543659484094,3252.8,3295.9449999999997,39.20857411483062,NaN,NaN
1712286000,3320.244329742047,3320.244329742047,3242.01,3275.665,36.675029330805465,NaN,NaN
1712296800,3297.9546648710234,3312.8,3270,3285.4475,38.73163219750259,NaN,NaN
1712307600,3291.701082435512,3291.701082435512,3236.8,3262.6825000000003,35.816482552200355,NaN,NaN
1712318400,3277.191791217756,3329.54,3210,3275.4474999999998,38.6067972859517,NaN,NaN
1712329200,3276.319645608878,3333.31,3276.319645608878,3316.4425,46.631186426080056,NaN,NaN
1712340000,3296.381072804439,3350,3296.381072804439,3325.515,48.24345625853902,NaN,NaN
1712350800,3310.9480364022193,3342.59,3310.46,3326.3275,48.393816494347504,NaN,NaN
1712361600,3318.63776820111,3337.74,3306.68,3320.92,47.406706926237916,NaN,NaN
1712372400,3319.778884100555,3352.81,3319.778884100555,3333.0999999999995,49.886229201117,NaN,NaN
1712383200,3326.439442050277,3346.5,3325,3337.3624999999997,50.76110763579259,NaN,NaN
1712394000,3331.9009710251385,3351.52,3328.98,3338.0175,50.902950539756056,NaN,NaN
1712404800,3334.959235512569,3339.4,3313.4,3329.63,48.95804151302686,NaN,NaN
1712415600,3332.2946177562844,3361.77,3331.22,3342.2574999999997,51.93552954635137,NaN,NaN
1712426400,3337.276058878142,3364.7,3336.94,3351.0874999999996,53.958101263017134,NaN,NaN
1712437200,3344.181779439071,3398.42,3344.181779439071,3365.27,57.08199375030881,NaN,NaN
1712448000,3354.725889719535,3413.61,3344.08,3373.025,58.73084735659224,NaN,NaN
1712458800,3363.8754448597674,3406.51,3363.8754448597674,3390.9825,62.338986819037146,NaN,NaN
1712469600,3377.4289724298837,3401.08,3377.4289724298837,3393.7575,62.87909176343806,NaN,NaN
1712480400,3385.593236214942,3393.81,3376.83,3388.45,61.07498908884845,NaN,NaN
1712491200,3387.021618107471,3420,3384.71,3400.8100000000004,63.68787140344794,NaN,NaN
1712502000,3393.9158090537358,3417.38,3377.34,3397.3775,62.43446400863613,NaN,NaN
1712512800,3395.6466545268677,3403,3368,3389.7200000000003,59.61570872764201,NaN,NaN
1712523600,3392.683327263434,3459.94,3392.683327263434,3427.6549999999997,67.45468326791942,NaN,NaN
1712534400,3410.169163631717,3457.27,3410.169163631717,3438.6099999999997,69.30751434626976,NaN,NaN
1712545200,3424.389581815858,3432.24,3406.36,3423.0475,63.754723014429466,NaN,NaN
1712556000,3423.7185409079293,3611.84,3421.12,3514.4725,75.94673449578599,NaN,NaN
1712566800,3469.0955204539646,3640.44,3469.0955204539646,3613.84,82.7416862546338,NaN,NaN
1712577600,3541.467760226982,3672.11,3541.467760226982,3640.7325,84.05455266573188,NaN,NaN
1712588400,3591.100130113491,3677,3591.100130113491,3653.5725,84.65477741585582,NaN,NaN
1712599200,3622.3363150567457,3710.45,3622.3363150567457,3684.21,86.00817256672002,NaN,NaN
1712610000,3653.273157528373,3730.71,3653.273157528373,3699.4350000000004,86.63881759621354,NaN,NaN
1712620800,3676.354078764187,3727.34,3665.25,3698.4500000000003,86.36759555591135,NaN,NaN
1712631600,3687.402039382094,3716.89,3673.4,3697.31,86.03191563859514,NaN,NaN
1712642400,3692.3560196910466,3696.34,3580.57,3649.51,73.18737870961178,NaN,NaN
1712653200,3670.9330098455234,3670.9330098455234,3612.26,3630.1225,68.70677029530685,NaN,NaN
1712664000,3650.5277549227617,3650.5277549227617,3490.72,3572.4275,57.437465709246574,NaN,NaN
1712674800,3611.4776274613805,3611.4776274613805,3450.46,3502.595,47.320486074133335,NaN,NaN
1712685600,3557.0363137306904,3557.0363137306904,3494.42,3510.0625,48.36780397790149,NaN,NaN
1712696400,3533.549406865345,3533.549406865345,3485.82,3507.2075,47.97509737964253,NaN,NaN
1712707200,3520.3784534326724,3537.5,3465.64,3496.7774999999997,46.49006851870415,NaN,NaN
1712718000,3508.577976716336,3541.71,3473.33,3506.49,48.1011164129687,NaN,NaN
1712728800,3507.533988358168,3554.19,3501.59,3526.7275,51.38547534976174,NaN,NaN
1712739600,3517.130744179084,3540.36,3493.07,3518.1325,49.93998658006326,NaN,NaN
1712750400,3517.6316220895424,3527.99,3411.82,3486.8824999999997,44.985119114750844,NaN,NaN
1712761200,3502.257061044771,3547.49,3462.03,3503.4674999999997,47.93741245962508,NaN,NaN
1712772000,3502.8622805223854,3529.62,3478.42,3510,49.096133068618144,NaN,NaN
1712782800,3506.431140261193,3562.95,3495.58,3529.5424999999996,52.50189766687199,NaN,NaN
1712793600,3517.9868201305962,3576.6,3517.9868201305962,3553.2675,56.32250462375999,NaN,NaN
1712804400,3535.627160065298,3581.86,3535.627160065298,3566.16,58.28610216150532,NaN,NaN
1712815200,3550.893580032649,3618.3,3550.893580032649,3587.9075,61.435579212524516,NaN,NaN
1712826000,3569.400540016324,3608.78,3514.57,3563.6025,56.317877998765375,NaN,NaN
1712836800,3566.501520008162,3575,3486.31,3519.5975,48.44871851265735,NaN,NaN
1712847600,3543.0495100040807,3543.0495100040807,3474.52,3500.6625,45.502497856453985,NaN,NaN
1712858400,3521.8560050020405,3532.25,3495.53,3515.9725000000003,48.24309882248715,NaN,NaN
1712869200,3518.91425250102,3524.39,3490.63,3510.4325,47.315852465555366,NaN,NaN
1712880000,3514.67337625051,3530.55,3501.34,3513.66,47.94358603817674,NaN,NaN
1712890800,3514.166688125255,3552.4,3514.166688125255,3533.75,51.79389689213881,NaN,NaN
1712901600,3523.9583440626275,3543.14,3507.95,3529.815,50.998239298404975,NaN,NaN
1712912400,3526.8866720313135,3541.78,3508.95,3527.2400000000002,50.452049458797376,NaN,NaN
1712923200,3527.063336015657,3532.48,3439.23,3486.4975,42.66587371084805,NaN,NaN
1712934000,3506.7804180078283,3506.7804180078283,3296,3380.265,29.766521796714983,NaN,NaN
1712944800,3443.5227090039143,3443.5227090039143,3100,3248.3675000000003,21.19743692034578,NaN,NaN
1712955600,3345.9451045019573,3345.9451045019573,3207.19,3229.2625000000003,20.2864591765656,NaN,NaN
1712966400,3287.603802250979,3287.603802250979,3141.6,3207.4775,19.269529922061167,NaN,NaN
1712977200,3247.5406511254896,3265,3202.99,3232.3124999999995,23.94985297958239,NaN,NaN
1712988000,3239.926575562745,3272.31,3239.926575562745,3254.56,27.977999546597943,NaN,NaN
1712998800,3247.2432877813726,3301.9,3247.2432877813726,3267.4775,30.28688111835615,NaN,NaN
1713009600,3257.3603938906863,3291.23,3250.7,3268.0800000000004,30.398957856862452,NaN,NaN
1713020400,3262.7201969453436,3296.83,3189.23,3235.5675,27.80150718144931,NaN,NaN
1713031200,3249.143848472672,3249.143848472672,2852,3048.87,18.189961788537417,NaN,NaN
1713042000,3149.006924236336,3149.006924236336,2859.4,2960.29,15.459146902000128,NaN,NaN
1713052800,3054.648462118168,3054.648462118168,2906.73,2972.5150000000003,17.30433686793525,NaN,NaN
1713063600,3013.581731059084,3079.07,2912.41,3005.36,22.216438720104108,NaN,NaN
1713074400,3009.470865529542,3102.15,3009.470865529542,3074.5575000000003,31.45428556964515,NaN,NaN
1713085200,3042.0141827647712,3076.63,3008.86,3045.2775,29.839411927641777,NaN,NaN
1713096000,3043.6458413823857,3068.26,3006,3034.2775,29.232218868482448,NaN,NaN
1713106800,3038.961670691193,3101.27,2980,3042.165,30.327012697726104,NaN,NaN
1713117600,3040.5633353455964,3091.52,3039,3062.285,33.16727982459368,NaN,NaN
1713128400,3051.424167672798,3174.23,3047.29,3110.9175000000005,39.57888530193408,NaN,NaN
1713139200,3081.170833836399,3155.55,3081.170833836399,3137.23,42.77751920820871,NaN,NaN
1713150000,3109.2004169181996,3161.02,3109.2004169181996,3145.0200000000004,43.72732194192193,NaN,NaN
1713160800,3127.1102084591002,3264.5,3127.1102084591002,3207.04,50.73796801510191,NaN,NaN
1713171600,3167.07510422955,3277.85,3167.07510422955,3245.89,54.557146844003725,NaN,NaN
1713182400,3206.482552114775,3246.03,3126.2,3182.6749999999997,48.03184317319975,NaN,NaN
1713193200,3194.5787760573876,3194.5787760573876,3088.93,3128.1875,43.23211161075878,NaN,NaN
1713204000,3161.383138028694,3161.383138028694,3023.19,3086.6250000000005,39.952509035123086,NaN,NaN
1713214800,3124.004069014347,3128.44,3057.29,3092.33,40.6184033551095,NaN,NaN
1713225600,3108.1670345071734,3120.59,3051.35,3092.045,40.594184803641525,NaN,NaN
1713236400,3100.1060172535867,3107,2986,3058.585,37.74847574768351,NaN,NaN
1713247200,3079.345508626793,3128.01,3042.86,3075.7525000000005,40.069812311284764,NaN,NaN
1713258000,3077.549004313397,3103.07,3003,3071.1075,39.63911180466693,NaN,NaN
1713268800,3074.3282521566985,3095.37,3036.94,3066.9925000000003,39.2367471029651,NaN,NaN
1713279600,3070.660376078349,3084.99,2995,3041.395,36.73853025307838,NaN,NaN
1713290400,3056.027688039175,3077.77,3035.46,3056.6850000000004,39.22760592682462,NaN,NaN
1713301200,3056.3563440195876,3118.24,3056.3563440195876,3085.185,43.67610553649109,NaN,NaN
1713312000,3070.770672009794,3107.24,3068.39,3086.4075000000003,43.86591704240181,NaN,NaN
1713322800,3078.589086004897,3123.75,3078.589086004897,3095.2925,45.30850693849393,NaN,NaN
1713333600,3086.9407930024486,3098.73,3064.05,3081.3750000000005,43.425925310076565,NaN,NaN
1713344400,3084.1578965012245,3087.34,3037.65,3059.5975,40.584319639195,NaN,NaN
1713355200,3071.8776982506124,3071.8776982506124,2942.6,3007.26,34.7065124057583,NaN,NaN
1713366000,3039.5688491253063,3039.5688491253063,2914.47,2976.72,31.811307346399317,NaN,NaN
1713376800,3008.144424562653,3043.73,2964.35,2995.7075,35.41842591616479,NaN,NaN
1713387600,3001.9259622813265,3014.91,2972.39,2986.2749999999996,34.44365842182624,NaN,NaN
1713398400,2994.100481140663,3014.83,2950.98,2990.6049999999996,35.32361908466228,NaN,NaN
1713409200,2992.352740570331,3035.08,2977.58,3001.9875,37.691344704512176,NaN,NaN
1713420000,2997.1701202851655,2997.1701202851655,2954.01,2978.8375000000005,34.893472496583556,NaN,NaN
1713430800,2988.003810142583,3065.56,2982.6,3019.915,42.9814527561263,NaN,NaN
1713441600,3003.9594050712913,3093.33,2985.69,3051.4049999999997,48.28521019068203,NaN,NaN
1713452400,3027.6822025356455,3094.4,3027.6822025356455,3061.0474999999997,49.824295369701936,NaN,NaN
1713463200,3044.364851267823,3075,3018.2,3049.7675000000004,48.02373390329273,NaN,NaN
1713474000,3047.0661756339114,3080.82,3047.0661756339114,3067.395,51.00360333530678,NaN,NaN
1713484800,3057.2305878169554,3070.24,2865.18,2985.9025,39.678158539155625,NaN,NaN
1713495600,3021.566543908478,3024.64,2936.47,2976.43,38.60508237613955,NaN,NaN
1713506400,2998.9982719542386,3128.89,2989.57,3057.685,50.8774895779104,NaN,NaN
1713517200,3028.341635977119,3119.25,3028.341635977119,3103.9275,56.238706505794305,NaN,NaN
1713528000,3066.1345679885594,3121,3054.35,3089.5725,54.25899834275546,NaN,NaN
1713538800,3077.85353399428,3094.36,3029.72,3071.2200000000003,51.750812332966184,NaN,NaN
1713549600,3074.53676699714,3107.94,3069.63,3084.0899999999997,53.37839547375292,NaN,NaN
1713560400,3079.31338349857,3105.68,3020.63,3065.2725,50.68617421150144,NaN,NaN
1713571200,3072.292941749285,3072.292941749285,3018.75,3049.9975,48.54574729708778,NaN,NaN
1713582000,3061.1452208746423,3070.18,3049.31,3059.2225,49.92116604185518,NaN,NaN
1713592800,3060.183860437321,3071.03,3044.37,3057.1025000000004,49.59307912925004,NaN,NaN
1713603600,3058.6431802186607,3058.6431802186607,3029.99,3045.4849999999997,47.74142007786213,NaN,NaN
1713614400,3052.06409010933,3069.94,3040.34,3055.9,49.5596520862386,NaN,NaN
1713625200,3053.982045054665,3166.46,3053.982045054665,3110.8225,57.88182837817249,NaN,NaN
1713636000,3082.4022725273326,3171.88,3082.4022725273326,3152.39,62.874362573864566,NaN,NaN
1713646800,3117.3961362636664,3162.39,3117.3961362636664,3153.87,63.04233906627545,NaN,NaN
1713657600,3135.633068131833,3192.94,3126.87,3164.3475,64.27468131673317,NaN,NaN
1713668400,3149.9902840659165,3197.18,3149.9902840659165,3176.9825,65.75752139240454,NaN,NaN
1713679200,3163.486392032958,3191.22,3163.486392032958,3175.1525,65.33453970448984,NaN,NaN
1713690000,3169.319446016479,3183,3153.66,3168.73,63.78385117168243,NaN,NaN
1713700800,3169.0247230082396,3176.7,3137.32,3157.6575000000003,61.0917548222423,NaN,NaN
1713711600,3163.34111150412,3165.39,3116.49,3144.5499999999997,57.97243255002073,NaN,NaN
1713722400,3153.9455557520596,3156.73,3129.82,3146.0649999999996,58.237855145225815,NaN,NaN
1713733200,3150.0052778760296,3169.57,3140,3151.6125,59.252636576076576,NaN,NaN
1713744000,3150.808888938015,3191.79,3129.15,3154.15,59.734601180365985,NaN,NaN
1713754800,3152.479444469008,3231.29,3145.6,3188.1349999999998,65.60279781200062,NaN,NaN
1713765600,3170.3072222345036,3235,3170.3072222345036,3215.4725,69.45862407046502,NaN,NaN
1713776400,3192.8898611172517,3224,3187.99,3202.7875000000004,65.77422683317785,NaN,NaN
1713787200,3197.838680558626,3211.64,3177.54,3191.88,62.69465578693621,NaN,NaN
1713798000,3194.859340279313,3216.99,3166.8,3191.6625,62.63168381594894,NaN,NaN
1713808800,3193.2609201396563,3204.9,3175.75,3192.46,62.779307936071,NaN,NaN
1713819600,3192.860460069828,3224.2,3184.47,3199.7474999999995,64.17216613279031,NaN,NaN
1713830400,3196.303980034914,3223.36,3190.23,3202.1425,64.64048365754593,NaN,NaN
1713841200,3199.223240017457,3200,3168.52,3187.0775,59.38241763922273,NaN,NaN
1713852000,3193.1503700087287,3193.1503700087287,3152,3174.3824999999997,55.30019792580335,NaN,NaN
1713862800,3183.766435004364,3185.55,3163,3174.3725000000004,55.29697320708421,NaN,NaN
1713873600,3179.0694675021823,3263.61,3173.11,3216.0875,64.57663077010774,NaN,NaN
1713884400,3197.578483751091,3249.15,3197.578483751091,3238.0475,68.30647224751623,NaN,NaN
1713895200,3217.812991875546,3240.3,3186.43,3218.4325000000003,62.024389317288495,NaN,NaN
1713906000,3218.1227459377733,3222.08,3200.78,3212.9800000000005,60.36250381241935,NaN,NaN
1713916800,3215.551372968887,3249.28,3210.4,3227.685,63.22439102355472,NaN,NaN
1713927600,3221.6181864844434,3275.54,3221.6181864844434,3248.5275,66.87504796489208,NaN,NaN
1713938400,3235.072843242222,3265.77,3235.072843242222,3254.9725,67.93503302045522,NaN,NaN
1713949200,3245.022671621111,3287,3241.86,3265.7349999999997,69.6798533316357,NaN,NaN
1713960000,3255.3788358105553,3293.56,3186.99,3244.1525,62.3525012599253,NaN,NaN
1713970800,3249.765667905278,3249.765667905278,3158.02,3191.6025,48.87565981072514,NaN,NaN
1713981600,3220.684083952639,3220.684083952639,3104.9,3149.8875,41.25318593779364,NaN,NaN
1713992400,3185.285791976319,3185.285791976319,3112.05,3134.67,38.87157304391815,NaN,NaN
1714003200,3159.9778959881596,3171.2,3126.6,3148.205,42.074752076142204,NaN,NaN
1714014000,3154.0914479940798,3165,3126.17,3150.88,42.713661461315965,NaN,NaN
1714024800,3152.4857239970397,3167.35,3123.33,3146.9125,41.97417309170127,NaN,NaN
1714035600,3149.6991119985196,3152.99,3072.2,3119.005,37.10767088921073,NaN,NaN
1714046400,3134.35205599926,3154.51,3082.58,3116.6875,36.72686632748634,NaN,NaN
1714057200,3125.5197779996297,3172,3113.8,3141.0175,43.30483117682403,NaN,NaN
1714068000,3133.268638999815,3180,3133.268638999815,3165.9075,49.1311180910589,NaN,NaN
1714078800,3149.5880694999073,3191.64,3149.5880694999073,3168.4349999999995,49.69643957554907,NaN,NaN
1714089600,3159.011534749953,3164.08,3124.25,3149.5274999999997,45.61271149008636,NaN,NaN
1714100400,3154.269517374976,3155,3129,3147.5775,45.20018020151668,NaN,NaN
1714111200,3150.923508687488,3154.13,3130.76,3144.9975,44.625111024107554,NaN,NaN
1714122000,3147.960504343744,3157.99,3121.8,3137.795,42.98109646473933,NaN,NaN
1714132800,3142.877752171872,3167.7,3110.38,3133.1549999999997,41.90991625667814,NaN,NaN
1714143600,3138.016376085936,3145.74,3102,3129.7325,41.09633983635571,NaN,NaN
1714154400,3133.874438042968,3155,3133.48,3144.52,45.976151523700416,NaN,NaN
1714165200,3139.1972190214838,3153.8,3120.77,3137.5475000000006,44.120158688107296,NaN,NaN
1714176000,3138.372359510742,3138.8,3066.74,3114.3125,38.5372195384923,NaN,NaN
1714186800,3126.342429755371,3129.48,3107.69,3118.7475,40.09541355948349,NaN,NaN
1714197600,3122.5449648776857,3133.25,3112,3119.3075,40.30121759682051,NaN,NaN
1714208400,3120.926232438843,3128.57,3107.8,3118.9625,40.209566228030845,NaN,NaN
1714219200,3119.9443662194217,3167.01,3119.9443662194217,3141.2650000000003,48.381832473401204,NaN,NaN
1714230000,3130.604683109711,3264.64,3130.604683109711,3202.95,63.31641969026512,NaN,NaN
1714240800,3166.7773415548554,3285,3166.7773415548554,3250.94,70.47379957403912,NaN,NaN
1714251600,3208.8586707774275,3263.3,3208.8586707774275,3247.3275,69.37647185099871,NaN,NaN
1714262400,3228.093085388714,3322.28,3228.093085388714,3284.7225,73.90588202392013,NaN,NaN
1714273200,3256.407792694357,3329.6,3256.407792694357,3313.3575,76.74259861127648,NaN,NaN
1714284000,3284.8826463471787,3339.99,3284.8826463471787,3317.7774999999997,77.15542380880473,NaN,NaN
1714294800,3301.330073173589,3318,3275.01,3297.7025,70.99186475809785,NaN,NaN
1714305600,3299.516286586794,3327.79,3283.8,3303.25,71.66547317451264,NaN,NaN
1714316400,3301.383143293397,3331.11,3301.383143293397,3320.2000000000003,73.67680346730802,NaN,NaN
1714327200,3310.7915716466987,3357.4,3308.81,3326.0375,74.35204939409647,NaN,NaN
1714338000,3318.414535823349,3318.414535823349,3251.97,3285.13,62.29276158369799,NaN,NaN
1714348800,3301.7722679116746,3301.7722679116746,3215,3246.7124999999996,53.514456334076534,NaN,NaN
1714359600,3274.242383955837,3274.242383955837,3168.01,3204.835,45.91828001535748,NaN,NaN
1714370400,3239.5386919779185,3239.5386919779185,3153.44,3184.695,42.77368994689246,NaN,NaN
1714381200,3212.1168459889595,3212.1168459889595,3147.54,3168.79,40.419567855049806,NaN,NaN
1714392000,3190.4534229944798,3190.4534229944798,3115.13,3158.175,38.8815313769597,NaN,NaN
1714402800,3174.3142114972397,3189.6,3155.23,3173.6075,42.31802888386002,NaN,NaN
1714413600,3173.96085574862,3193.04,3161.6,3176.3225,42.92602377604494,NaN,NaN
1714424400,3175.14167787431,3235.43,3163.91,3198.2174999999997,47.71251624207957,NaN,NaN
1714435200,3186.679588937155,3250.95,3150,3202.8349999999996,48.68981968446921,NaN,NaN
1714446000,3194.757294468577,3194.79,3152,3177.3375,43.819328278534826,NaN,NaN
1714456800,3186.047397234289,3186.047397234289,3056.11,3116.9225,34.908833586761475,NaN,NaN
1714467600,3151.4849486171443,3151.4849486171443,3003.7,3038.2725,27.164605537475737,NaN,NaN
1714478400,3094.878724308572,3094.878724308572,2966.01,3007.8150000000005,24.864233497156746,NaN,NaN
1714489200,3051.346862154286,3051.346862154286,2945,2994.9100000000003,23.939209658398113,NaN,NaN
1714500000,3023.1284310771434,3023.1284310771434,2921,2966.2725,21.984607629812558,NaN,NaN
1714510800,2994.7004655385717,3029.4,2966.28,2994.1825,28.142473413042993,NaN,NaN
1714521600,2994.441482769286,3023.24,2960.03,2996.2799999999997,28.598597994197235,NaN,NaN
1714532400,2995.360741384643,3013.87,2985.9,2995.645,28.539535124106138,NaN,NaN
1714543200,2995.5028706923213,2997.11,2817,2917.925,22.43293312150999,NaN,NaN
1714554000,2956.7139353461607,2956.7139353461607,2857.36,2882.9025,20.322687993937123,NaN,NaN
1714564800,2919.8082176730804,2934,2880,2906.35,25.383451957653577,NaN,NaN
1714575600,2913.0791088365404,2933.63,2865.91,2906.8650000000002,25.49538542268496,NaN,NaN
1714586400,2909.97205441827,3015.73,2909.97,2947.2025,33.8639244865341,NaN,NaN
1714597200,2928.587277209135,2984.89,2928.587277209135,2958.59,36.04779115292473,NaN,NaN
1714608000,2943.5886386045677,2982.18,2893.26,2941.2749999999996,34.19862824062187,NaN,NaN
1714618800,2942.4318193022837,2942.4318193022837,2898.2,2917.3624999999997,31.774464625670717,NaN,NaN
1714629600,2929.897159651142,2946.16,2910.14,2928.5375000000004,34.12455224497474,NaN,NaN
1714640400,2929.217329825571,3002.51,2929.217329825571,2968.615,41.85944112061953,NaN,NaN
1714651200,2948.9161649127855,3013,2948.9161649127855,2988.3,45.259295829476436,NaN,NaN
1714662000,2968.608082456393,3001.45,2968.608082456393,2990.46,45.6349635287246,NaN,NaN
1714672800,2979.5340412281967,3006,2968.84,2988.34,45.30632452908209,NaN,NaN
1714683600,2983.9370206140984,3016.72,2983.9370206140984,2993.3425,46.28924542022596,NaN,NaN
1714694400,2988.639760307049,3036.17,2977.7,3003.0650000000005,48.23631806057474,NaN,NaN
1714705200,2995.852380153525,3023.8,2995.11,3007.07,49.055587417671084,NaN,NaN
1714716000,3001.4611900767623,3001.4611900767623,2958.71,2981.8025,44.29262249038302,NaN,NaN
1714726800,2991.631845038381,2991.631845038381,2958.32,2975.1375,43.103773328519814,NaN,NaN
1714737600,2983.3846725191906,3073.73,2969.75,3019.4925,52.28281407842827,NaN,NaN
1714748400,3001.4385862595955,3087.99,3001.4385862595955,3067.835,59.87990010347022,NaN,NaN
1714759200,3034.6367931297978,3126.99,3034.6367931297978,3095.4875,63.46327175760778,NaN,NaN
1714770000,3065.062146564899,3120,3065.062146564899,3107.45,64.92284677504477,NaN,NaN
1714780800,3086.2560732824495,3130.85,3086.2560732824495,3106.7749999999996,64.76562675606294,NaN,NaN
1714791600,3096.5155366412246,3123.06,3096.5155366412246,3110.4675,65.26122100030656,NaN,NaN
1714802400,3103.491518320612,3118.6,3095.37,3110.2425,65.20103978932335,NaN,NaN
1714813200,3106.867009160306,3168,3101.08,3126.9849999999997,67.59563297836519,NaN,NaN
1714824000,3116.926004580153,3158.95,3116.926004580153,3134.3925,68.62434614036958,NaN,NaN
1714834800,3125.6592522900764,3135.42,3114.08,3125.5775000000003,65.9415644103253,NaN,NaN
1714845600,3125.6183761450384,3147,3118.31,3128.7875000000004,66.4558347865682,NaN,NaN
1714856400,3127.2029380725194,3130,3104.34,3119.8,63.56194144319651,NaN,NaN
1714867200,3123.5014690362596,3126.41,3072.99,3099.3824999999997,57.442254270536154,NaN,NaN
1714878000,3111.4419845181296,3111.4419845181296,3074,3084.6125,53.43436825156463,NaN,NaN
1714888800,3098.027242259065,3171.93,3081.47,3123.7249999999995,61.162209114820506,NaN,NaN
1714899600,3110.8761211295323,3157.33,3110.8761211295323,3144.7775,64.57045578799807,NaN,NaN
1714910400,3127.826810564766,3155,3127.04,3143.3525,64.16002784981151,NaN,NaN
1714921200,3135.5896552823833,3168,3135.5896552823833,3152.99,65.74583600392074,NaN,NaN
1714932000,3144.2898276411916,3147.94,3130.68,3140.975,62.059176255807046,NaN,NaN
1714942800,3142.6324138205955,3146.66,3122.89,3135.8574999999996,60.50299409781899,NaN,NaN
1714953600,3139.2449569102973,3165.97,3132.21,3141.7799999999997,61.69997008941909,NaN,NaN
1714964400,3140.5124784551485,3178.58,3124.38,3153.505,64.02442674900972,NaN,NaN
1714975200,3147.0087392275746,3221.4,3147.0087392275746,3191.5425,70.3180239921896,NaN,NaN
1714986000,3169.275619613787,3207.45,3131.2,3171.3724999999995,63.93123010389442,NaN,NaN
1714996800,3170.3240598068933,3170.3240598068933,3073.77,3113.8625,49.989487008768094,NaN,NaN
1715007600,3142.0932799034467,3142.0932799034467,3056.61,3075.2325,43.17812695846628,NaN,NaN
1715018400,3108.6628899517236,3108.6628899517236,3046.35,3069.81,42.30671405034795,NaN,NaN
1715029200,3089.2364449758616,3089.2364449758616,3060.98,3072.53,42.92891454093065,NaN,NaN
1715040000,3080.8832224879307,3096.8,3048.52,3073.5025,43.16492264649671,NaN,NaN
1715050800,3077.192861243965,3087.9,3021.34,3066.1825,41.76492081778256,NaN,NaN
1715061600,3071.6876806219825,3125.54,3058.15,3093.1175,48.39718222177366,NaN,NaN
1715072400,3082.4025903109914,3129.85,3059.09,3092.93,48.35589692758696,NaN,NaN
1715083200,3087.6662951554954,3092.73,3045.7,3073.4049999999997,44.133863140372746,NaN,NaN
1715094000,3080.5356475777476,3106,3054.9,3078.0225,45.34912515851879,NaN,NaN
1715104800,3079.2790737888736,3079.2790737888736,3027,3048.6075,39.46030426848349,NaN,NaN
1715115600,3063.943286894437,3063.943286894437,2998,3028.32,35.989139288020496,NaN,NaN
1715126400,3046.1316434472183,3046.1316434472183,2994.58,3015.18,33.90859873722681,NaN,NaN
1715137200,3030.655821723609,3038.15,3000.28,3022.5875,36.14953631057714,NaN,NaN
1715148000,3026.6216608618042,3030.43,2982.89,3010.1,34.053335065322074,NaN,NaN
1715158800,3018.360830430902,3018.360830430902,2978.4,2995.3475,31.713680729404018,NaN,NaN
1715169600,3006.854165215451,3032.5,2985,3007.0074999999997,35.48645289028087,NaN,NaN
1715180400,3006.9308326077253,3024.11,2986,3010.355,36.56995218248665,NaN,NaN
1715191200,3008.642916303863,3022.16,2936.48,2980.3375,31.46649274838755,NaN,NaN
1715202000,2994.4902081519313,2994.4902081519313,2942.74,2962.7174999999997,28.915619690626983,NaN,NaN
1715212800,2978.6038540759655,3005.1,2972.2,2987.4975,36.68883813619291,NaN,NaN
1715223600,2983.0506770379825,3014.96,2983.0506770379825,3001.42,40.61784894971243,NaN,NaN
1715234400,2992.2353385189913,3013.04,2975.07,2994.2925,39.274112783476454,NaN,NaN
1715245200,2993.2639192594957,2993.2639192594957,2950.77,2974.9399999999996,35.81004423802055,NaN,NaN
1715256000,2984.1019596297474,2998.21,2955.86,2979.6175000000003,37.25066809906257,NaN,NaN
1715266800,2981.859729814874,3025.98,2980.79,2999.4449999999997,43.08205168470725,NaN,NaN
1715277600,2990.652364907437,3029.18,2990.652364907437,3014.1099999999997,47.00486212406327,NaN,NaN
1715288400,3002.3811824537183,3059,3002.3811824537183,3033.2699999999995,51.68961517944333,NaN,NaN
1715299200,3017.8255912268587,3044,3017.8255912268587,3032.3275,51.44868263166587,NaN,NaN
1715310000,3025.0765456134295,3033.82,3021.64,3029.0249999999996,50.5593991425102,NaN,NaN
1715320800,3027.0507728067146,3053.89,3027.0507728067146,3037.125,52.71807766891376,NaN,NaN
1715331600,3032.0878864033575,3038.94,3022,3033.9475,51.763280231658335,NaN,NaN
1715342400,3033.017693201679,3044.53,2924.18,2985.585,39.9141508778547,NaN,NaN
1715353200,3009.3013466008397,3009.3013466008397,2878.03,2913.175,29.15365746793117,NaN,NaN
1715364000,2961.23817330042,2961.23817330042,2885.4,2897.0225,27.380403191498004,NaN,NaN
1715374800,2929.1303366502098,2929.1303366502098,2887.4,2901.715,28.736511148737492,NaN,NaN
1715385600,2915.422668325105,2936.59,2907.61,2918.2425000000003,33.45034030085891,NaN,NaN
1715396400,2916.832584162553,2922.69,2905.2,2916.3875,33.18502012623675,NaN,NaN
1715407200,2916.6100420812763,2927.74,2909.84,2916.7475,33.29559781304606,NaN,NaN
1715418000,2916.678771040638,2916.678771040638,2886.46,2903.0750000000003,31.184708495378132,NaN,NaN
1715428800,2909.876885520319,2916.44,2896,2904.545,31.686174317313316,NaN,NaN
1715439600,2907.2109427601595,2945.67,2902.33,2920.1525,36.94039514695836,NaN,NaN
1715450400,2913.6817213800796,2940.37,2912.41,2926.4725,38.986801727487176,NaN,NaN
1715461200,2920.0771106900397,2922.85,2906.48,2916.1549999999997,36.88252245750311,NaN,NaN
1715472000,2918.11605534502,2925.33,2909.11,2916.6225,37.04832259836403,NaN,NaN
1715482800,2917.36927767251,2932.26,2916.45,2923.5575,39.58367929387128,NaN,NaN
1715493600,2920.463388836255,2927.2,2901.17,2917.5275,38.145124756477216,NaN,NaN
1715504400,2918.9954444181276,2943.73,2910,2924.38,40.77904136340065,NaN,NaN
1715515200,2921.687722209064,2939.57,2921.687722209064,2930.6275,43.15564801966407,NaN,NaN
1715526000,2926.157611104532,2955.2,2921.25,2936.8975,45.51871054590301,NaN,NaN
1715536800,2931.5275555522658,2941.8,2921.62,2932.1600000000003,44.029360986868895,NaN,NaN
1715547600,2931.843777776133,2936.27,2913.78,2925.7349999999997,42.02126527950759,NaN,NaN
1715558400,2928.7893888880662,2942.97,2874,2907.905,36.980691789335005,NaN,NaN
1715569200,2918.3471944440334,2918.3471944440334,2864.76,2879.945,30.751309932651807,NaN,NaN
1715580000,2899.1460972220166,2987.97,2872.6,2927.2375,47.01051790445457,NaN,NaN
1715590800,2913.1917986110084,2996.4,2913.1917986110084,2970.835,57.027416643417745,NaN,NaN
1715601600,2942.013399305504,2987,2942.013399305504,2963.4375,55.12332822720627,NaN,NaN
1715612400,2952.725449652752,2977.89,2935.2,2951.4975,52.09960602972314,NaN,NaN
1715623200,2952.1114748263763,2960,2928.66,2946.0024999999996,50.72068430383145,NaN,NaN
1715634000,2949.056987413188,2956.28,2938,2949.9175,51.7015003626863,NaN,NaN
1715644800,2949.487243706594,2960.6,2937.51,2949.57,51.60332369207772,NaN,NaN
1715655600,2949.5286218532974,2956.81,2931.01,2944.9225,50.22955456100169,NaN,NaN
1715666400,2947.2255609266485,2947.2255609266485,2882.29,2920.4325,43.63711471016435,NaN,NaN
1715677200,2933.829030463324,2933.829030463324,2897.53,2909.5275,41.053327292874876,NaN,NaN
1715688000,2921.6782652316624,2924.14,2870.25,2899.1575000000003,38.70628960576568,NaN,NaN
1715698800,2910.4178826158313,2915.94,2862,2887.075,36.11552271977509,NaN,NaN
1715709600,2898.7464413079156,2900.71,2870.86,2885.0325000000003,35.680741663232055,NaN,NaN
1715720400,2891.8894706539577,2903,2878.65,2889.0225,37.269475485500415,NaN,NaN
1715731200,2890.455985326979,2894.99,2863.75,2882.265,35.662816899669025,NaN,NaN
1715742000,2886.3604926634894,2913.22,2886.3604926634894,2899.2425,42.3831693708495,NaN,NaN
1715752800,2892.8014963317446,2922,2892.8014963317446,2908.76,45.80103387271636,NaN,NaN
1715763600,2900.7807481658724,2933.8,2886.81,2906.1375,45.00875195916231,NaN,NaN
1715774400,2903.459124082936,2982,2893.02,2937.46,55.01738494757823,NaN,NaN
1715785200,2920.459562041468,2992.99,2920.459562041468,2980.4300000000003,64.54963658847709,NaN,NaN
1715796000,2950.444781020734,3029,2950.444781020734,3004.0675,68.5035995302798,NaN,NaN
1715806800,2977.256140510367,3041.36,2977.256140510367,3026.1674999999996,71.68358797063932,NaN,NaN
1715817600,3001.7118202551833,3041.24,2997,3018.6475,69.1260811272111,NaN,NaN
1715828400,3010.179660127592,3018.55,2999,3006.9575,65.23001853471337,NaN,NaN
1715839200,3008.5685800637957,3027.85,3004.4,3011.98,66.11370498093274,NaN,NaN
1715850000,3010.274290031898,3010.4,2989.72,3003.9375,63.33775149951329,NaN,NaN
1715860800,3007.105895015949,3009.12,2937.7,2973.635,54.11772274271103,NaN,NaN
1715871600,2990.370447507975,2990.370447507975,2925.02,2943.81,46.883724269690326,NaN,NaN
1715882400,2967.0902237539876,2967.0902237539876,2933.51,2943.5725,46.83004194787937,NaN,NaN
1715893200,2955.331361876994,2955.331361876994,2922.8,2937.7425000000003,45.4541868260199,NaN,NaN
1715904000,2946.536930938497,2956.03,2933.06,2946,47.7937530478377,NaN,NaN
1715914800,2946.2684654692484,2957,2941,2948.8875,48.62359564118554,NaN,NaN
1715925600,2947.577982734624,3059.53,2940,2993.7575,59.41852563126432,NaN,NaN
1715936400,2970.6677413673124,3039.75,2970.6677413673124,3029.0724999999998,65.55321578570425,NaN,NaN
1715947200,2999.870120683656,3094.55,2999.870120683656,3059.2625000000003,69.76157296597736,NaN,NaN
1715958000,3029.5663103418283,3120,3029.5663103418283,3093.4100000000003,73.67857494590066,NaN,NaN
1715968800,3061.488155170914,3091.99,3061.488155170914,3083.3925,70.7818861011691,NaN,NaN
1715979600,3072.440327585457,3095.76,3072.440327585457,3090.5475,71.63953387442515,NaN,NaN
1715990400,3081.4939137927286,3114,3081.4939137927286,3097.1675,72.44543791767948,NaN,NaN
1716001200,3089.330706896364,3126.66,3089.330706896364,3104.095,73.30045932536768,NaN,NaN
1716012000,3096.7128534481817,3120.37,3090.71,3106.39,73.59280494263601,NaN,NaN
1716022800,3101.5514267240906,3146.98,3101.5514267240906,3127.5175,76.17868637749945,NaN,NaN
1716033600,3114.5344633620452,3135,3095.71,3117.39,72.51311467215974,NaN,NaN
1716044400,3115.962231681023,3121.2,3101.58,3110.5175,70.04984149908908,NaN,NaN
1716055200,3113.2398658405114,3126.89,3110.07,3117.8025,71.16791798215888,NaN,NaN
1716066000,3115.5211829202553,3126.38,3106.05,3118.8425,71.33245038009053,NaN,NaN
1716076800,3117.1818414601275,3136.64,3112.61,3126.3475,72.54982053757148,NaN,NaN
1716087600,3121.7646707300637,3134.12,3114.28,3125.2250000000004,72.05695514845655,NaN,NaN
1716098400,3123.494835365032,3123.494835365032,3103.33,3112.3625,66.48344003248229,NaN,NaN
1716109200,3117.928667682516,3125,3082.04,3104.2949999999996,63.18242258090548,NaN,NaN
1716120000,3111.111833841258,3111.111833841258,3068.03,3088.2425000000003,57.106550107569554,NaN,NaN
1716130800,3099.677166920629,3099.677166920629,3057.82,3072.7174999999997,51.907585971660694,NaN,NaN
1716141600,3086.1973334603144,3086.1973334603144,3059.14,3072.7474999999995,51.91669557637093,NaN,NaN
1716152400,3079.472416730157,3079.7,3053.38,3069.8300000000004,50.90680780588858,NaN,NaN
1716163200,3074.6512083650787,3093.59,3047.67,3076.2675,53.07578099810773,NaN,NaN
1716174000,3075.4593541825393,3140,3075.4593541825393,3110.7025000000003,62.595502886324205,NaN,NaN
1716184800,3093.0809270912696,3125.62,3065,3103.515,59.86548094467817,NaN,NaN
1716195600,3098.297963545635,3113.94,3086.5,3098.1875,57.851443733078995,NaN,NaN
1716206400,3098.2427317728175,3100,3076.69,3090.31,54.90979717329652,NaN,NaN
1716217200,3094.2763658864087,3151.44,3086.6,3118.1099999999997,62.212244785678,NaN,NaN
1716228000,3106.193182943204,3580,3106.193182943204,3339.7875,84.19415611504748,NaN,NaN
1716238800,3222.990341471602,3694,3222.990341471602,3585.2175,90.6672746458573,NaN,NaN
1716249600,3404.103920735801,3721,3404.103920735801,3674.1625,91.95340908980826,NaN,NaN
1716260400,3539.1332103679006,3708.48,3539.1332103679006,3663.5225,90.34939599600999,NaN,NaN
1716271200,3601.3278551839503,3687.44,3601.3278551839503,3659.2,89.66510379994793,NaN,NaN
1716282000,3630.263927591975,3823.5,3630.263927591975,3729.5875,90.87683695682544,NaN,NaN
1716292800,3679.9257137959876,3836,3679.9257137959876,3784.6375,91.69679752442343,NaN,NaN
1716303600,3732.2816068979937,3841.54,3723.25,3772.39,89.76383367619772,NaN,NaN
1716314400,3752.3358034489966,3759.25,3680.68,3733.8975,83.78586449242857,NaN,NaN
1716325200,3743.1166517244983,3821.5,3737.35,3773.8325,84.90876027625848,NaN,NaN
1716336000,3758.4745758622494,3807.54,3758.4745758622494,3791.2975,85.38544457392351,NaN,NaN
1716346800,3774.8860379311245,3813.69,3720.01,3771.31,82.18597340012602,NaN,NaN
1716357600,3773.098018965562,3779.8,3734.38,3760.0025000000005,80.35162500151861,NaN,NaN
1716368400,3766.5502594827813,3768.65,3690,3729.17,75.40925132523405,NaN,NaN
1716379200,3747.8601297413907,3754.61,3653.15,3710.7200000000003,72.53413345272276,NaN,NaN
1716390000,3729.2900648706955,3798,3723.08,3751.405,74.81449795066608,NaN,NaN
1716400800,3740.3475324353476,3771,3700.6,3740.2075,73.0176543509973,NaN,NaN
1716411600,3740.277516217674,3781,3723.38,3747.835,73.48481367674701,NaN,NaN
1716422400,3744.056258108837,3776.4,3736.67,3755.1050000000005,73.94779836703314,NaN,NaN
1716433200,3749.5806290544188,3794.75,3749.5806290544188,3772.3875000000003,75.06255665869432,NaN,NaN
1716444000,3760.9840645272097,3833.65,3759.41,3793.2225,76.37499758524254,NaN,NaN
1716454800,3777.103282263605,3925.24,3777.103282263605,3864.16,80.19651999095571,NaN,NaN
1716465600,3820.631641131802,3949.29,3723,3838.6825,75.47447353161787,NaN,NaN
1716476400,3829.657070565901,3840,3759,3786.8275,66.84714902211937,NaN,NaN
1716487200,3808.2422852829504,3824,3498,3715.5875,57.17733909331381,NaN,NaN
1716498000,3761.9148926414755,3901,3720,3790.155,63.181014708751874,NaN,NaN
1716508800,3776.0349463207376,3829.61,3744.34,3794.8875,63.53047624685082,NaN,NaN
1716519600,3785.4612231603687,3825.79,3726.06,3775.58,60.98724029299554,NaN,NaN
1716530400,3780.5206115801843,3780.5206115801843,3626.1,3692.5125,51.445238226875716,NaN,NaN
1716541200,3736.516555790092,3736.516555790092,3645.04,3687.3324999999995,50.910317247759615,NaN,NaN
1716552000,3711.9245278950457,3731.87,3671.15,3706.125,52.82669124613167,NaN,NaN
1716562800,3709.024763947523,3732.83,3655.26,3702.08,52.35294064343889,NaN,NaN
1716573600,3705.5523819737614,3759,3705.5523819737614,3727.71,55.100533090518056,NaN,NaN
1716584400,3716.631190986881,3747,3716.631190986881,3732.5975000000003,55.62602662569712,NaN,NaN
1716595200,3724.614345493441,3736.51,3709.03,3726.7025000000003,54.79304891142553,NaN,NaN
1716606000,3725.6584227467206,3779.43,3725.6584227467206,3747.7425000000003,57.253434525048384,NaN,NaN
1716616800,3736.7004613733607,3759.64,3736.7004613733607,3749.0025,57.40295028583196,NaN,NaN
1716627600,3742.8514806866806,3775,3736.42,3748.4075,57.30102563134464,NaN,NaN
1716638400,3745.62949034334,3753.73,3719.8,3740.2174999999997,55.831504009316475,NaN,NaN
1716649200,3742.92349517167,3758.2,3736.68,3745.9725,56.67236589952876,NaN,NaN
1716660000,3744.447997585835,3766.02,3740,3748.11,56.9998030724356,NaN,NaN
1716670800,3746.2789987929173,3751.93,3730.12,3744.165,56.1562992517859,NaN,NaN
1716681600,3745.2219993964586,3760.49,3731.17,3744.6275,56.2380627850488,NaN,NaN
1716692400,3744.9247496982293,3772.93,3734.44,3751.375,57.48378965498146,NaN,NaN
1716703200,3748.149874849115,3816.57,3748.149874849115,3781.0299999999997,62.53188814982839,NaN,NaN
1716714000,3764.5899374245573,3822.4,3764.5899374245573,3804.8725000000004,66.02469947240257,NaN,NaN
1716724800,3784.731218712279,3865.59,3784.731218712279,3833.48,69.67723851366824,NaN,NaN
1716735600,3809.105609356139,3884.2,3809.105609356139,3854.1925,72.02243269074026,NaN,NaN
1716746400,3831.6490546780697,3879.63,3831.6490546780697,3854.2875,72.03311659275784,NaN,NaN
1716757200,3842.968277339035,3860.75,3817.39,3841.3374999999996,68.20932223652719,NaN,NaN
1716768000,3842.1528886695173,3939.59,3823.37,3875.98,72.42613323383938,NaN,NaN
1716778800,3859.0664443347587,3938.05,3859.0664443347587,3911.4825,75.94727159020839,NaN,NaN
1716789600,3885.2744721673794,3954.35,3885.2744721673794,3915.3775,76.30477441225017,NaN,NaN
1716800400,3900.3259860836897,3924.13,3884.17,3905.0675,73.2032077105123,NaN,NaN
1716811200,3902.696743041845,3953.4,3891.81,3922.39,75.03901748111619,NaN,NaN
1716822000,3912.5433715209224,3977,3912.5433715209224,3945.815,77.30344546751039,NaN,NaN
1716832800,3929.179185760461,3942.32,3854.16,3906.855,66.49828299675883,NaN,NaN
1716843600,3918.017092880231,3918.017092880231,3879.15,3892.8549999999996,63.08589437140902,NaN,NaN
1716854400,3905.436046440115,3910,3834.74,3875.3900000000003,59.01722783183503,NaN,NaN
1716865200,3890.4130232200578,3890.4130232200578,3821.63,3852.715,54.13558442892875,NaN,NaN
1716876000,3871.564011610029,3881.01,3839,3864.3,56.13207720004913,NaN,NaN
1716886800,3867.9320058050143,3931.09,3867.9320058050143,3895.0575,60.98758236939098,NaN,NaN
1716897600,3881.494752902507,3912,3841.05,3878.595,57.32996346016934,NaN,NaN
1716908400,3880.0448764512535,3880.0448764512535,3818.48,3842.95,50.29631415598073,NaN,NaN
1716919200,3861.497438225627,3861.497438225627,3773.9,3820.505,46.43323455087629,NaN,NaN
1716930000,3841.0012191128135,3871.76,3827.11,3844.1425000000004,50.725497879034194,NaN,NaN
1716940800,3842.5718595564067,3862.41,3835.15,3847.415,51.307223604385435,NaN,NaN
1716951600,3844.9934297782033,3888.55,3844,3862.0525,53.92728670337083,NaN,NaN
1716962400,3853.522964889102,3871.91,3781,3830.54,47.94593133855554,NaN,NaN
1716973200,3842.031482444551,3842.031482444551,3792.43,3808.37,44.229148935958165,NaN,NaN
1716984000,3825.2007412222756,3838.83,3763.38,3797.8925,42.550363059168674,NaN,NaN
1716994800,3811.5466206111378,3811.5466206111378,3744.41,3772.0950000000003,38.65948660029722,NaN,NaN
1717005600,3791.820810305569,3791.820810305569,3742.59,3758.5975000000003,36.765217357216784,NaN,NaN
1717016400,3775.2091551527847,3792.99,3749.2,3765.8075,38.49876613560877,NaN,NaN
1717027200,3770.5083275763923,3791.78,3750.75,3772.445,40.126081302703774,NaN,NaN
1717038000,3771.476663788196,3801.65,3770.72,3784.1975,43.00188189860936,NaN,NaN
1717048800,3777.8370818940984,3786,3702.58,3752.245,37.70008932658637,NaN,NaN
1717059600,3765.041040947049,3765.041040947049,3715,3736.2625,35.35220685816172,NaN,NaN
1717070400,3750.6517704735243,3798.97,3733.39,3759.1425,41.01548601326152,NaN,NaN
1717081200,3754.897135236762,3825.35,3754.897135236762,3790.145,47.70097581247866,NaN,NaN
1717092000,3772.521067618381,3819.8,3719.3,3772.1775000000002,44.5495020213675,NaN,NaN
1717102800,3772.3492838091906,3772.3492838091906,3734.33,3743.975,40.074074063999674,NaN,NaN
1717113600,3758.162141904595,3770,3740.45,3752.825,42.04172262310868,NaN,NaN
1717124400,3755.4935709522974,3766.72,3735.02,3750.335,41.62757549362705,NaN,NaN
1717135200,3752.9142854761485,3752.9142854761485,3724.41,3739.3149999999996,39.760783139073645,NaN,NaN
1717146000,3746.114642738074,3813.2,3730.01,3770.26,46.95455366803126,NaN,NaN
1717156800,3758.187321369037,3849.94,3757.99,3795.9849999999997,52.07799559188951,NaN,NaN
1717167600,3777.0861606845183,3777.59,3723.75,3760.7200000000003,45.57892864733585,NaN,NaN
1717178400,3768.9030803422593,3800.94,3764.02,3781.92,49.647088360241455,NaN,NaN
1717189200,3775.4115401711297,3795.59,3742,3773.6099999999997,48.12835418983364,NaN,NaN
1717200000,3774.5107700855647,3779.36,3752.67,3768.0275,47.086289123527514,NaN,NaN
1717210800,3771.269135042782,3794.11,3771.19,3783.2200000000003,50.24367265486011,NaN,NaN
1717221600,3777.244567521391,3802,3770.31,3790.3025000000002,51.69087841246504,NaN,NaN
1717232400,3783.7735337606955,3809.55,3782.07,3794.7525,52.6232843423496,NaN,NaN
1717243200,3789.263016880348,3814.67,3787,3799.9025,53.73616706121329,NaN,NaN
1717254000,3794.582758440174,3812.69,3790.21,3804.8925000000004,54.84301357004368,NaN,NaN
1717264800,3799.737629220087,3809.81,3797.15,3805.1875,54.91169129295401,NaN,NaN
1717275600,3802.4625646100435,3833.3,3802.4625646100435,3815.35,57.319823722624115,NaN,NaN
1717286400,3808.9062823050217,3838.59,3797.7,3814.6525,57.09443171464168,NaN,NaN
1717297200,3811.779391152511,3824.5,3802.71,3809.8149999999996,55.46544472576216,NaN,NaN
1717308000,3810.797195576255,3815,3781.43,3799.0375000000004,51.91181777862277,NaN,NaN
1717318800,3804.9173477881277,3810,3770.99,3795.0499999999997,50.619600928498336,NaN,NaN
1717329600,3799.983673894064,3810,3776.86,3799.4675,52.043812016311044,NaN,NaN
1717340400,3799.725586947032,3807.93,3772.11,3789.5375000000004,48.6472800668619,NaN,NaN
1717351200,3794.631543473516,3794.631543473516,3752.62,3774.905,44.08186247818638,NaN,NaN
1717362000,3784.768271736758,3796.44,3775.91,3785.1775,47.78651059185566,NaN,NaN
1717372800,3784.972885868379,3821.32,3761.05,3792.925,50.452661421643285,NaN,NaN
1717383600,3788.9489429341893,3830.83,3788.9489429341893,3811.4425,56.208367218615095,NaN,NaN
1717394400,3800.1957214670947,3842.01,3800.1957214670947,3823.205,59.43212553528449,NaN,NaN
1717405200,3811.7003607335473,3826,3804.7,3816.1125,56.72070221165936,NaN,NaN
1717416000,3813.9064303667737,3849.99,3758.43,3796.7125,50.00111189323896,NaN,NaN
1717426800,3805.309465183387,3805.309465183387,3759,3776.8125,44.214764038423304,NaN,NaN
1717437600,3791.0609825916936,3791.0609825916936,3767.5,3777.29,44.38108705597113,NaN,NaN
1717448400,3784.1754912958468,3784.1754912958468,3759.67,3769.89,42.27738502800957,NaN,NaN
1717459200,3777.0327456479235,3783.08,3730,3762.91,40.33524996476684,NaN,NaN
1717470000,3769.9713728239617,3785.19,3757.96,3769.16,42.86614491281846,NaN,NaN
1717480800,3769.565686411981,3782.99,3752.1,3764.55,41.46886307637178,NaN,NaN
1717491600,3767.0578432059906,3770,3741.6,3759.34,39.886461955314864,NaN,NaN
1717502400,3763.198921602995,3795.98,3753.57,3773.05,45.75266724983887,NaN,NaN
1717513200,3768.1244608014977,3831.65,3768.1244608014977,3798.6699999999996,54.65734604121024,NaN,NaN
1717524000,3783.3972304007484,3826,3776.2,3805.6275,56.73437076411013,NaN,NaN
1717534800,3794.512365200374,3822,3794.512365200374,3810.345,58.134706734512555,NaN,NaN
1717545600,3802.428682600187,3839.92,3800,3813.4275,59.066970844055824,NaN,NaN
1717556400,3807.9280913000935,3812.63,3777.33,3795.5725,51.86282568561559,NaN,NaN
1717567200,3801.7502956500466,3820.81,3784.17,3799.13,53.09045903118386,NaN,NaN
1717578000,3800.4401478250234,3807.6,3788.9,3800.8999999999996,53.72282424378683,NaN,NaN
1717588800,3800.6700739125117,3824.44,3782,3801.415,53.917477501895036,NaN,NaN
1717599600,3801.042536956256,3848.41,3792.34,3819.145,60.13444795234592,NaN,NaN
1717610400,3810.093768478128,3887.47,3810.093768478128,3856.545,69.48609157051013,NaN,NaN
1717621200,3833.3193842390638,3869.5,3833.3193842390638,3860.4125,70.26293181744992,NaN,NaN
1717632000,3846.8659421195316,3878.6,3846.8659421195316,3866.5825,71.50910801083207,NaN,NaN
1717642800,3856.724221059766,3873.03,3839.69,3857.06,66.85270274027565,NaN,NaN
1717653600,3856.892110529883,3856.892110529883,3838.53,3846.925,62.20963997641943,NaN,NaN
1717664400,3851.9085552649417,3856.5,3844.99,3849.2925,62.858565969660134,NaN,NaN
1717675200,3850.600527632471,3866.48,3820,3845.095,60.8630586929342,NaN,NaN
1717686000,3847.8477638162353,3855.6,3817.27,3837.6275,57.37350838035833,NaN,NaN
1717696800,3842.7376319081177,3842.7376319081177,3760,3808.6325,46.278502168963165,NaN,NaN
1717707600,3825.6850659540587,3825.6850659540587,3793.92,3805.8,45.35576060137671,NaN,NaN
1717718400,3815.7425329770294,3815.7425329770294,3792.34,3804.995,45.08065360197956,NaN,NaN
1717729200,3810.3687664885147,3825.75,3793.21,3809.4825,47.01019787613861,NaN,NaN
1717740000,3809.9256332442574,3824.41,3808.36,3815.5475,49.58813985076296,NaN,NaN
1717750800,3812.7365666221285,3839.98,3801.11,3821.8125,52.17634421636032,NaN,NaN
1717761600,3817.2745333110643,3841.39,3771.39,3817.5175,50.27084487465327,NaN,NaN
1717772400,3817.396016655532,3822.49,3723.8,3773.16,35.74981231956991,NaN,NaN
1717783200,3795.2780083277657,3795.2780083277657,3600,3686.3624999999997,22.222741030409622,NaN,NaN
1717794000,3740.820254163883,3740.820254163883,3678.31,3687.0074999999997,22.457545703970737,NaN,NaN
1717804800,3713.9138770819413,3713.9138770819413,3673.82,3683.0975,22.023493427357764,NaN,NaN
1717815600,3698.5056885409704,3698.5056885409704,3677.22,3684.0699999999997,22.425097879321612,NaN,NaN
1717826400,3691.287844270485,3709.5,3679.52,3691.4025,25.53903989132101,NaN,NaN
1717837200,3691.3451721352426,3698.89,3678.53,3689.1225000000004,25.20030299358804,NaN,NaN
1717848000,3690.2338360676213,3696.48,3660.08,3683.925,24.405623190637314,NaN,NaN
1717858800,3687.0794180338107,3697.47,3672.18,3688.29,26.50184522740591,NaN,NaN
1717869600,3687.6847090169053,3694.5,3670.53,3681.655,25.351082815904277,NaN,NaN
1717880400,3684.6698545084528,3684.6698545084528,3670.37,3677.5599999999995,24.639955858712298,NaN,NaN
1717891200,3681.114927254226,3684.66,3666.36,3675.215,24.220954428924585,NaN,NaN
1717902000,3678.164963627113,3684.45,3668.26,3675.3975,24.328802130374655,NaN,NaN
1717912800,3676.7812318135566,3692,3676.7812318135566,3685.095,30.027440832472394,NaN,NaN
1717923600,3680.938115906778,3693.87,3680.938115906778,3690.1275,32.853445817216354,NaN,NaN
1717934400,3685.5328079533892,3712.5,3680.99,3694.805,35.46243591522209,NaN,NaN
1717945200,3690.1689039766943,3702.11,3683.43,3694.445,35.34859608009002,NaN,NaN
1717956000,3692.3069519883475,3709.43,3692.3069519883475,3701.1974999999998,39.28558578225179,NaN,NaN
1717966800,3696.7522259941734,3721.52,3693.72,3705.4874999999997,41.714027841026386,NaN,NaN
1717977600,3701.119862997087,3706.94,3685.54,3697.5475,38.63400746444354,NaN,NaN
1717988400,3699.3336814985432,3699.3336814985432,3680.01,3687.0825,34.96912812333582,NaN,NaN
1717999200,3693.208090749272,3693.208090749272,3642.74,3670.5375,30.106583322795643,NaN,NaN
1718010000,3681.8727953746356,3681.8727953746356,3658.16,3671.535,30.73196120741342,NaN,NaN
1718020800,3676.7038976873177,3682.4,3662.96,3675.5025000000005,33.28874538937549,NaN,NaN
1718031600,3676.103198843659,3713.67,3676.103198843659,3692.0775000000003,42.789501999617634,NaN,NaN
1718042400,3684.0903494218296,3701,3650.64,3680.0675,38.50988007235634,NaN,NaN
1718053200,3682.078924710915,3682.078924710915,3660,3669.2425000000003,35.102105055720955,NaN,NaN
1718064000,3675.6607123554577,3675.6607123554577,3567,3627.6125,25.68779076488447,NaN,NaN
1718074800,3651.636606177729,3651.636606177729,3533.46,3577.63,19.073512559252208,NaN,NaN
1718085600,3614.6333030888645,3614.6333030888645,3503.4,3542.35,15.951392560828353,NaN,NaN
1718096400,3578.491651544432,3578.491651544432,3505,3529.58,14.994635183676507,NaN,NaN
1718107200,3554.035825772216,3554.035825772216,3508.91,3524.6099999999997,14.626924365588508,NaN,NaN
1718118000,3539.3229128861076,3539.3229128861076,3432,3486.8725,12.18375731079928,NaN,NaN
1718128800,3513.0977064430535,3513.0977064430535,3465.71,3481.9575000000004,11.904850466429806,NaN,NaN
1718139600,3497.527603221527,3509.65,3485.8,3495.1200000000003,17.360720305727554,NaN,NaN
1718150400,3496.3238016107634,3507.33,3462.07,3491.335,17.03402605333136,NaN,NaN
1718161200,3493.8294008053817,3532.39,3493.8294008053817,3508.705,24.093485107641868,NaN,NaN
1718172000,3501.267200402691,3531.71,3501.267200402691,3517.0425000000005,27.291477590937873,NaN,NaN
1718182800,3509.1548502013457,3563.56,3509.1548502013457,3533.1074999999996,33.136882186883085,NaN,NaN
1718193600,3521.1311751006724,3659.01,3521.1311751006724,3589.3525,48.69004631425853,NaN,NaN
1718204400,3555.241837550336,3646.7,3555.241837550336,3623.29,55.42728358719313,NaN,NaN
1718215200,3589.265918775168,3623.98,3513.32,3579.1375,46.8148817253321,NaN,NaN
1718226000,3584.201709387584,3584.201709387584,3556.05,3561.6525,43.90541246245646,NaN,NaN
1718236800,3572.927104693792,3572.927104693792,3504.35,3534.6225000000004,39.78866434101875,NaN,NaN
1718247600,3553.774802346896,3553.774802346896,3476.21,3504.05,35.71018787214841,NaN,NaN
1718258400,3528.9124011734484,3528.9124011734484,3484.04,3502.4375000000005,35.50347717918471,NaN,NaN
1718269200,3515.6749505867247,3515.6749505867247,3472.6,3496.33,34.684531536227084,NaN,NaN
1718280000,3506.0024752933623,3539.83,3475.05,3504.9624999999996,36.90002842983798,NaN,NaN
1718290800,3505.482487646681,3509.48,3428,3478.8250000000003,33.22521693070645,NaN,NaN
1718301600,3492.153743823341,3492.153743823341,3462,3475.4575000000004,32.772377169946836,NaN,NaN
1718312400,3483.8056219116706,3485.93,3461.59,3473.7975,32.53695960553314,NaN,NaN
1718323200,3478.801560955835,3509.64,3457.37,3485.505,36.02728915441895,NaN,NaN
1718334000,3482.1532804779176,3528.6,3482.1532804779176,3511.3875,43.0430386737242,NaN,NaN
1718344800,3496.7703902389585,3532.61,3496.7703902389585,3521.9874999999997,45.67086371906034,NaN,NaN
1718355600,3509.378945119479,3523.5,3505.69,3516.875,44.602014967658384,NaN,NaN
1718366400,3513.1269725597394,3525.56,3466.38,3499.1825000000003,41.023898104879684,NaN,NaN
1718377200,3506.15473627987,3506.15473627987,3380.1,3439.0675,31.714257422594542,NaN,NaN
1718388000,3472.611118139935,3472.611118139935,3362.26,3398.04,27.18075013090605,NaN,NaN
1718398800,3435.3255590699673,3528.93,3411,3458.7625,40.69343921624585,NaN,NaN
1718409600,3447.0440295349836,3503.03,3447.0440295349836,3485.7325,45.528284923217576,NaN,NaN
1718420400,3466.388264767492,3529.7,3466.388264767492,3506.6525,49.00128303057361,NaN,NaN
1718431200,3486.520382383746,3557.81,3486.520382383746,3536.43,53.541817236263626,NaN,NaN
1718442000,3511.475191191873,3542.3,3511.475191191873,3533.9225,53.112986588419396,NaN,NaN
1718452800,3522.6988455959363,3570.79,3522.6988455959363,3551.4925000000003,55.78522748900388,NaN,NaN
1718463600,3537.0956727979683,3594.39,3537.0956727979683,3568.9825,58.33110636526261,NaN,NaN
1718474400,3553.039086398984,3571.98,3536.76,3558.6,56.26016336670017,NaN,NaN
1718485200,3555.819543199492,3575.36,3554.14,3563.0975,56.972794816625104,NaN,NaN
1718496000,3559.458521599746,3573.79,3554.16,3564.6275,57.22809513855827,NaN,NaN
1718506800,3562.0430107998727,3569.49,3541.05,3560.0874999999996,56.16319439205481,NaN,NaN
1718517600,3561.065255399936,3574.54,3547.5,3560.885,56.316964589457314,NaN,NaN
1718528400,3560.975127699968,3570.99,3546.92,3556.6725,55.21520741862439,NaN,NaN
1718539200,3558.823813849984,3611.98,3553.17,3574.98,58.97186994569446,NaN,NaN
1718550000,3566.901906924992,3608.44,3566.901906924992,3589.41,61.698987401547626,NaN,NaN
1718560800,3578.1559534624957,3606.38,3578.1559534624957,3596.6875,63.03352473883026,NaN,NaN
1718571600,3587.421726731248,3653.79,3587.421726731248,3616.8325,66.51193111298551,NaN,NaN
1718582400,3602.1271133656237,3638.37,3580,3609.54,64.15840153750075,NaN,NaN
1718593200,3605.833556682812,3605.833556682812,3564.83,3582.8975,56.3178060116066,NaN,NaN
1718604000,3594.365528341406,3594.365528341406,3535.1,3557.7,50.08389275520656,NaN,NaN
1718614800,3576.0327641707026,3576.0327641707026,3490.95,3528.3450000000003,43.97663392737095,NaN,NaN
1718625600,3552.1888820853515,3552.1888820853515,3485.44,3521.4100000000003,42.65335761900806,NaN,NaN
1718636400,3536.799441042676,3555.4,3463.39,3524.62,43.500807540009795,NaN,NaN
1718647200,3530.7097205213377,3577.77,3508.2,3538.7475,47.199029079971275,NaN,NaN
1718658000,3534.7286102606686,3534.7286102606686,3500.8,3514.7675,42.155096040254804,NaN,NaN
1718668800,3524.7480551303343,3524.7480551303343,3355,3453.3050000000003,32.552881403853206,NaN,NaN
1718679600,3489.0265275651673,3489.0265275651673,3420.92,3439.48,30.850625302570094,NaN,NaN
1718690400,3464.2532637825834,3464.2532637825834,3432.05,3445.5175,32.51039949690113,NaN,NaN
1718701200,3454.8853818912917,3454.8853818912917,3391.86,3425.6975,29.96742843862073,NaN,NaN
1718712000,3440.291440945646,3440.73,3370.92,3406.7375,27.732672021820676,NaN,NaN
1718722800,3423.514470472823,3436,3393.6,3409.945,28.701340343146583,NaN,NaN
1718733600,3416.7297352364117,3469.41,3386.92,3431.8824999999997,35.107969897672646,NaN,NaN
1718744400,3424.3061176182055,3490,3424.3061176182055,3472.1275,44.89113140847722,NaN,NaN
1718755200,3448.216808809103,3547.68,3448.216808809103,3509.11,52.04571410863221,NaN,NaN
1718766000,3478.6634044045513,3585,3478.6634044045513,3550.9675,58.59738780321449,NaN,NaN
1718776800,3514.815452202276,3566,3514.815452202276,3543.36,57.071243756335164,NaN,NaN
1718787600,3529.0877261011383,3564,3518.46,3537.6675,55.89807659786659,NaN,NaN
1718798400,3533.3776130505694,3550.61,3512.2,3530.0424999999996,54.288283136431474,NaN,NaN
1718809200,3531.7100565252845,3590.01,3515.94,3547.0375000000004,57.243831553615834,NaN,NaN
1718820000,3539.373778262642,3575,3532.14,3555.4874999999997,58.67453147943139,NaN,NaN
1718830800,3547.430639131321,3576.69,3547.430639131321,3560.06,59.46495904932581,NaN,NaN
1718841600,3553.745319565661,3594.47,3533.49,3560.1175,59.47545595380021,NaN,NaN
1718852400,3556.93140978283,3584.79,3544.49,3565.6099999999997,60.526976885143654,NaN,NaN
1718863200,3561.270704891415,3616.06,3561.270704891415,3589.89,64.86687795289228,NaN,NaN
1718874000,3575.5803524457074,3625.96,3572.24,3596.1200000000003,65.90278872402729,NaN,NaN
1718884800,3585.850176222854,3611.81,3491.46,3555.8624999999997,54.68264208641532,NaN,NaN
1718895600,3570.856338111427,3570.856338111427,3486,3515.6,46.20916794418345,NaN,NaN
1718906400,3543.2281690557134,3543.2281690557134,3514.13,3526.3574999999996,48.50516329336398,NaN,NaN
1718917200,3534.7928345278565,3534.7928345278565,3511,3520.145,47.25083291450639,NaN,NaN
1718928000,3527.4689172639282,3536.21,3491.66,3512.4,45.66538917084939,NaN,NaN
1718938800,3519.934458631964,3521.74,3493,3510.575,45.27984650662604,NaN,NaN
1718949600,3515.254729315982,3520.42,3446.82,3486.3725,40.40758870821872,NaN,NaN
1718960400,3500.813614657991,3532.83,3454,3487.345,40.683781812923975,NaN,NaN
1718971200,3494.079307328995,3519.99,3455.1,3498.1299999999997,43.79487496181372,NaN,NaN
1718982000,3496.104653664497,3519.8,3469.96,3495.68,43.24004952788964,NaN,NaN
1718992800,3495.8923268322487,3547.55,3476,3506.195,46.3797606746042,NaN,NaN
1719003600,3501.043663416124,3528,3500,3517.25,49.54006240781013,NaN,NaN
1719014400,3509.146831708062,3521.19,3493.24,3509.575,47.449165129620866,NaN,NaN
1719025200,3509.360915854031,3512.27,3499.06,3506.4449999999997,46.5856324443849,NaN,NaN
1719036000,3507.9029579270154,3509.76,3475.09,3494.6325,43.37719320398258,NaN,NaN
1719046800,3501.2677289635076,3501.2677289635076,3482.55,3489.8275000000003,42.10682228151083,NaN,NaN
1719057600,3495.547614481754,3511.84,3486.78,3498.7525000000005,45.310665479235446,NaN,NaN
1719068400,3497.1500572408772,3508.37,3497.01,3501.5699999999997,46.320596994806415,NaN,NaN
1719079200,3499.3600286204382,3501.4,3485.56,3495.2,44.32752511551584,NaN,NaN
1719090000,3497.280014310219,3507.86,3493.29,3498.255,45.53784481619043,NaN,NaN
1719100800,3497.7675071551093,3513.49,3494.67,3504.3525,47.96918367869639,NaN,NaN
1719111600,3501.0600035775547,3521.45,3501.0600035775547,3513.2275,51.37199857600938,NaN,NaN
1719122400,3507.143751788777,3514.38,3503.2,3508.36,49.46141303427831,NaN,NaN
1719133200,3507.751875894389,3507.8,3488.2,3500.1575000000003,46.33413801795426,NaN,NaN
1719144000,3503.9546879471945,3504.62,3480.45,3492.0150000000003,43.40060139104688,NaN,NaN
1719154800,3497.9848439735974,3497.9848439735974,3461.38,3477.2124999999996,38.61429473631013,NaN,NaN
1719165600,3487.5986719867988,3487.5986719867988,3406.38,3449.2525,31.53906737799116,NaN,NaN
1719176400,3468.425585993399,3468.425585993399,3406.89,3425.97,27.088156741907568,NaN,NaN
1719187200,3447.1977929966997,3447.1977929966997,3387.05,3412.0525000000002,24.832196384775855,NaN,NaN
1719198000,3429.6251464983497,3429.6251464983497,3354.22,3387.855,21.48233092881955,NaN,NaN
1719208800,3408.740073249175,3408.740073249175,3355.27,3376.3875000000003,20.098572209929245,NaN,NaN
1719219600,3392.563786624588,3392.563786624588,3240,3333.88,15.987606032157402,NaN,NaN
1719230400,3363.221893312294,3363.221893312294,3292.18,3314.8325,14.551328266250977,NaN,NaN
1719241200,3339.0271966561468,3339.0271966561468,3242.44,3289.95,12.918609167027995,NaN,NaN
1719252000,3314.4885983280733,3330,3256.35,3298.0975,16.232949475525615,NaN,NaN
1719262800,3306.2930491640363,3363.18,3306.2930491640363,3333.6349999999998,28.93750263349102,NaN,NaN
1719273600,3319.9640245820183,3360.64,3319.9640245820183,3348.7875,33.56419352602582,NaN,NaN
1719284400,3334.375762291009,3394.92,3334.375762291009,3364.3275,38.021021188305404,NaN,NaN
1719295200,3349.351631145504,3379.37,3345.79,3363.6875,37.90823113743357,NaN,NaN
1719306000,3356.519565572752,3394.31,3353.85,3369.645,39.70140728034602,NaN,NaN
1719316800,3363.082282786376,3413.76,3358.2,3387.5775,44.86310640897794,NaN,NaN
1719327600,3375.3298913931876,3425.37,3375.3298913931876,3399.6099999999997,48.07500404244323,NaN,NaN
1719338400,3387.4699456965936,3430.88,3384.9,3403.9525,49.224590077594,NaN,NaN
1719349200,3395.7112228482965,3415.89,3388.88,3402.7299999999996,48.89639236516122,NaN,NaN
1719360000,3399.220611424148,3426.75,3385.22,3402.8475,48.931635868304504,NaN,NaN
1719370800,3401.034055712074,3408.66,3376.81,3394.5249999999996,46.48622193771881,NaN,NaN
1719381600,3397.779527856037,3406,3376.4,3388.6850000000004,44.79449217184698,NaN,NaN
1719392400,3393.2322639280187,3393.2322639280187,3366.37,3379.7425,42.25847965473687,NaN,NaN
1719403200,3386.4873819640093,3396.53,3367.75,3380.9325000000003,42.72318570416711,NaN,NaN
1719414000,3383.709940982005,3383.709940982005,3325.01,3363.72,37.963891911315685,NaN,NaN
1719424800,3373.7149704910025,3417.43,3354.82,3383.975,45.638300059385045,NaN,NaN
1719435600,3378.8449852455014,3394,3367.15,3381.045,44.77540120821893,NaN,NaN
1719446400,3379.9449926227508,3388,3361.74,3377.1800000000003,43.60421627243719,NaN,NaN
1719457200,3378.5624963113755,3393,3368.6,3379.505,44.54392500427533,NaN,NaN
1719468000,3379.033748155688,3380.42,3366.05,3373.12,42.451902225357244,NaN,NaN
1719478800,3376.076874077844,3414.05,3374.21,3392.1274999999996,49.9827899176773,NaN,NaN
1719489600,3384.102187038922,3477,3384.102187038922,3433.055,61.627119737711226,NaN,NaN
1719500400,3408.578593519461,3464.23,3408.578593519461,3453.3425,65.86885788344433,NaN,NaN
1719511200,3430.9605467597303,3467.5,3430.9605467597303,3453.4700000000003,65.89437383794062,NaN,NaN
1719522000,3442.2152733798653,3455.06,3440.97,3447.62,63.54697834063205,NaN,NaN
1719532800,3444.917636689933,3487.7,3435.95,3456.0375,65.45396678063338,NaN,NaN
1719543600,3450.477568344966,3466.34,3445.01,3452.5025000000005,63.941151317130405,NaN,NaN
1719554400,3451.4900341724833,3455.79,3420.24,3440.9125,59.116793058833046,NaN,NaN
1719565200,3446.2012670862414,3461.39,3433.27,3446.6125,60.687745902128476,NaN,NaN
1719576000,3446.406883543121,3476.73,3403.06,3436.37,56.48739529294906,NaN,NaN
1719586800,3441.3884417715603,3441.3884417715603,3373.04,3397.8325,44.115460962859196,NaN,NaN
1719597600,3419.61047088578,3419.61047088578,3365.22,3383.7400000000002,40.612502430110084,NaN,NaN
1719608400,3401.67523544289,3401.67523544289,3368.73,3382.3199999999997,40.26555565454791,NaN,NaN
1719619200,3391.997617721445,3399.98,3380.01,3387.2749999999996,42.12355248643566,NaN,NaN
1719630000,3389.6363088607222,3391.55,3381.56,3386.9325,42.02624587741272,NaN,NaN
1719640800,3388.284404430361,3408.32,3383.4,3392.4574999999995,44.262995449457385,NaN,NaN
1719651600,3390.3709522151803,3406.05,3387.2,3396.5375000000004,45.92226519480729,NaN,NaN
1719662400,3393.4542261075903,3403.2,3383,3393.6625,44.90775347430602,NaN,NaN
1719673200,3393.558363053795,3396.53,3381.56,3388.835,43.18266136813356,NaN,NaN
1719684000,3391.1966815268975,3392.31,3376.81,3385.6499999999996,42.035359857798476,NaN,NaN
1719694800,3388.4233407634483,3389.01,3371.86,3380.9700000000003,40.339388284408614,NaN,NaN
1719705600,3384.6966703817243,3389.61,3352.66,3370.8575,36.87713863567762,NaN,NaN
1719716400,3377.777085190862,3377.777085190862,3358.49,3365.4525,35.14107377599801,NaN,NaN
1719727200,3371.614792595431,3400,3362,3381.0425,43.415556935687576,NaN,NaN
1719738000,3376.3286462977157,3399.23,3376.3286462977157,3392.38,48.55558212743993,NaN,NaN
1719748800,3384.354323148858,3404.88,3379.81,3391.8324999999995,48.327278899871445,NaN,NaN
1719759600,3388.0934115744285,3421.31,3388.0934115744285,3405.0375,53.9510955568446,NaN,NaN
1719770400,3396.565455787214,3435,3396.565455787214,3419.3549999999996,59.14324476027342,NaN,NaN
1719781200,3407.9602278936068,3460,3407.9602278936068,3431.9575,63.08840683773179,NaN,NaN
1719792000,3419.9588639468034,3524.94,3419.9588639468034,3474.4825000000005,72.67613002089821,NaN,NaN
1719802800,3447.220681973402,3508.38,3447.220681973402,3496.69,76.15885959224524,NaN,NaN
1719813600,3471.9553409867012,3495,3471.9553409867012,3485.65,71.29385003639136,NaN,NaN
1719824400,3478.802670493351,3490,3457.59,3472.7000000000003,65.97034806499477,NaN,NaN
1719835200,3475.751335246676,3481.27,3453,3465.7700000000004,63.248621062178934,NaN,NaN
1719846000,3470.760667623338,3493.11,3462.09,3478.86,66.09414100356949,NaN,NaN
1719856800,3474.810333811669,3499,3465.25,3480.4300000000003,66.42986759266572,NaN,NaN
1719867600,3477.6201669058346,3477.6201669058346,3423.78,3450.1825,55.10838751725133,NaN,NaN
1719878400,3463.9013334529172,3463.9013334529172,3434.02,3445.915,53.71739906678719,NaN,NaN
1719889200,3454.9081667264586,3464.12,3450.41,3455.995,56.509746448533186,NaN,NaN
1719900000,3455.4515833632295,3459.01,3431.6,3447.7349999999997,53.65313613534771,NaN,NaN
1719910800,3451.5932916816146,3454.73,3440.69,3447.5950000000003,53.60367604712197,NaN,NaN
1719921600,3449.5941458408074,3462.5,3402,3432.13,48.30619758470139,NaN,NaN
1719932400,3440.862072920404,3440.862072920404,3407.05,3416.6850000000004,43.664993195205355,NaN,NaN
1719943200,3428.773536460202,3433.65,3412.41,3422.8525,45.900257919734834,NaN,NaN
1719954000,3425.813018230101,3428.58,3418,3422.1825000000003,45.68817545779788,NaN,NaN
1719964800,3423.997759115051,3432.1,3371.7,3401.8575,39.69609241822601,NaN,NaN
1719975600,3412.9276295575255,3412.9276295575255,3331.23,3366.2574999999997,31.823379234856773,NaN,NaN
1719986400,3389.5925647787626,3389.5925647787626,3333,3353.4125000000004,29.54644396278809,NaN,NaN
1719997200,3371.5025323893815,3371.5025323893815,3281.63,3319.965,24.608901385293507,NaN,NaN
1720008000,3345.733766194691,3345.733766194691,3275.48,3304.105,22.67400350916509,NaN,NaN
1720018800,3324.9193830973454,3324.9193830973454,3292.4,3306.1775,23.52023350388842,NaN,NaN
1720029600,3315.5484415486726,3315.5484415486726,3251,3280.6325,20.536947842424766,NaN,NaN
1720040400,3298.0904707743366,3306.17,3251.46,3278.0474999999997,20.25694242797951,NaN,NaN
1720051200,3288.068985387168,3313.45,3155,3248.0999999999995,17.312083025318714,NaN,NaN
1720062000,3268.084492693584,3268.084492693584,3223.1,3230.5625,15.858178872118316,NaN,NaN
1720072800,3249.323496346792,3249.323496346792,3144.14,3190.9925,13.170528855099022,NaN,NaN
1720083600,3220.1579981733958,3220.1579981733958,3126.6,3158.4350000000004,11.450920714087857,NaN,NaN
1720094400,3189.296499086698,3189.296499086698,3088.25,3132.8775,10.312642922970667,NaN,NaN
1720105200,3161.086999543349,3161.086999543349,3108.61,3130.9925000000003,10.231856207504762,NaN,NaN
1720116000,3146.039749771675,3152.64,3126.2,3141.6575,14.321414900138663,NaN,NaN
1720126800,3143.848624885837,3169.79,3050.34,3106.0074999999997,12.303646154055528,NaN,NaN
1720137600,3124.9280624429184,3124.9280624429184,2905,3001.195,8.508208769178012,NaN,NaN
1720148400,3063.0615312214595,3063.0615312214595,2810,2899.8450000000003,6.439585993337985,NaN,NaN
1720159200,2981.45326561073,2981.45326561073,2843.76,2874.8625,6.0491630921177375,NaN,NaN
1720170000,2928.1578828053653,2956.93,2820,2894.075,10.541099124489094,NaN,NaN
1720180800,2911.1164414026825,2992.74,2911.1164414026825,2954.715,23.047086170449333,NaN,NaN
1720191600,2932.9157207013413,3005.42,2932.9157207013413,2975.4075,26.807201977425066,NaN,NaN
1720202400,2954.1616103506703,2996.32,2954.1616103506703,2979.7875,27.61347055914362,NaN,NaN
1720213200,2966.974555175335,2993.2,2965.96,2978.735,27.534977944253825,NaN,NaN
1720224000,2972.8547775876677,3026.45,2955.06,2985.8824999999997,29.010742848910056,NaN,NaN
1720234800,2979.3686387938337,2984.27,2961.65,2974.5074999999997,28.032313186024652,NaN,NaN
1720245600,2976.938069396917,3016.37,2970.52,2990.3625,31.500159525932332,NaN,NaN
1720256400,2983.6502846984586,3014.08,2983.6502846984586,3001.8624999999997,33.98490457872356,NaN,NaN
1720267200,2992.756392349229,3020,2989.49,3006.77,35.067341531180375,NaN,NaN
1720278000,2999.7631961746147,3065.94,2999.7631961746147,3034.055,40.872294602454566,NaN,NaN
1720288800,3016.909098087307,3075.49,3016.909098087307,3058.8025,45.62083484731134,NaN,NaN
1720299600,3037.8557990436534,3081.78,3037.8557990436534,3067.25,47.18019852209991,NaN,NaN
1720310400,3052.5528995218265,3073.08,3039.4,3061.575,46.221285436154396,NaN,NaN
1720321200,3057.063949760913,3067.4,3016.25,3045.1974999999998,43.475120001874146,NaN,NaN
1720332000,3051.1307248804565,3051.1307248804565,2993.51,3018.89,39.423264785459715,NaN,NaN
1720342800,3035.010362440228,3035.010362440228,3006.96,3016.9100000000003,39.12768983141716,NaN,NaN
1720353600,3025.9601812201145,3025.9601812201145,2955.12,2989.3174999999997,35.170358747346015,NaN,NaN
1720364400,3007.638840610057,3007.638840610057,2960.4,2979.3275,33.83604815405515,NaN,NaN
1720375200,2993.4831703050286,3009.58,2978.94,2995.6725,37.98180098620231,NaN,NaN
1720386000,2994.577835152514,2999.48,2922.24,2962.9325,33.45931299549018,NaN,NaN
1720396800,2978.755167576257,2978.755167576257,2822.8,2898.8,26.74219351070643,NaN,NaN
1720407600,2938.7775837881286,2938.7775837881286,2866,2898.51,26.71607531182326,NaN,NaN
1720418400,2918.6437918940646,3065.56,2902.16,2985.4975,44.29166517901976,NaN,NaN
1720429200,2952.070645947032,3097.06,2952.070645947032,3053.8549999999996,53.69070274687623,NaN,NaN
1720440000,3002.962822973516,3064.71,2890,2997.775,46.725640685495044,NaN,NaN
1720450800,3000.368911486758,3036.17,2945.4,2987.1875,45.52491137302144,NaN,NaN
1720461600,2993.7782057433787,3015.6,2974.11,2993.02,46.34292928797632,NaN,NaN
1720472400,2993.399102871689,3046,2981.82,3011.105,48.905003427434366,NaN,NaN
1720483200,3002.252051435845,3076.74,3002.252051435845,3043.46,53.209569230311914,NaN,NaN
1720494000,3022.8560257179224,3085.76,3022.8560257179224,3067.93,56.21400839625353,NaN,NaN
1720504800,3045.393012858961,3115.2,3045.393012858961,3080.5150000000003,57.71773388241466,NaN,NaN
1720515600,3062.9540064294806,3100.7,3062.9540064294806,3082.7724999999996,57.99639677502822,NaN,NaN
1720526400,3072.8632532147403,3108.72,3031.06,3067.1375,55.27910246935832,NaN,NaN
1720537200,3070.00037660737,3089.34,3036.13,3055.7050000000004,53.312167445379885,NaN,NaN
1720548000,3062.852688303685,3081.68,3047.05,3063.19,54.45480084366815,NaN,NaN
1720558800,3063.0213441518426,3077.02,3046.32,3065.4975,54.82188521459967,NaN,NaN
1720569600,3064.259422075921,3072.4,3024,3058.5325,53.42226665117166,NaN,NaN
1720580400,3061.3959610379607,3129.89,3061.3959610379607,3092.83,58.97639123500454,NaN,NaN
1720591200,3077.1129805189803,3113.82,3077.1129805189803,3095.76,59.42155773700797,NaN,NaN
1720602000,3086.4364902594903,3109.1,3078.43,3094.3174999999997,59.08163983240324,NaN,NaN
1720612800,3090.376995129745,3121.95,3077.76,3100.675,60.16324606635647,NaN,NaN
1720623600,3095.5259975648723,3151.51,3090,3111.2725,61.96793600023372,NaN,NaN
1720634400,3103.399248782436,3112.1,3090.17,3100.2675,58.97984653679155,NaN,NaN
1720645200,3101.833374391218,3108.24,3080.21,3096.3774999999996,57.916744512520566,NaN,NaN
1720656000,3099.105437195609,3130,3085.7,3105.1974999999998,59.69084677246967,NaN,NaN
1720666800,3102.1514685978045,3107.74,3054.76,3091.1875,55.67580507772078,NaN,NaN
1720677600,3096.6694842989023,3130.5,3093.79,3111.3375,59.85798826619412,NaN,NaN
1720688400,3104.003492149451,3156.93,3104.003492149451,3136.6549999999997,64.40273122150694,NaN,NaN
1720699200,3120.3292460747252,3217.24,3120.3292460747252,3160.255,68.03562181941547,NaN,NaN
1720710000,3140.2921230373627,3157.49,3097.3,3133.7975,60.5723149509747,NaN,NaN
1720720800,3137.0448115186814,3148.58,3088.98,3121.0625,57.313308303424094,NaN,NaN
1720731600,3129.0536557593405,3129.0536557593405,3086,3106.1925,53.68142556976462,NaN,NaN
1720742400,3117.6230778796703,3117.92,3055.11,3094.9525000000003,51.04814963450057,NaN,NaN
1720753200,3106.287788939835,3108.78,3064.62,3090.8325,50.078446573311744,NaN,NaN
1720764000,3098.5601444699178,3098.67,3057.87,3080.0699999999997,47.53805422781191,NaN,NaN
1720774800,3089.3150722349587,3089.3150722349587,3045.58,3069.5175,45.121162967119574,NaN,NaN
1720785600,3079.416286117479,3127.9,3057.58,3093.435,51.17961923174788,NaN,NaN
1720796400,3086.4256430587393,3157.89,3086.4256430587393,3133.7200000000003,59.32477369026033,NaN,NaN
1720807200,3110.07282152937,3153.87,3090,3124.1375,56.89324708202736,NaN,NaN
1720818000,3117.105160764685,3135.4,3108,3121.6625000000004,56.251946622723,NaN,NaN
1720828800,3119.3838303823427,3140.4,3119.3838303823427,3131.1025,58.1878547995433,NaN,NaN
1720839600,3125.243165191171,3139.06,3113.37,3128.4575000000004,57.421135905186354,NaN,NaN
1720850400,3126.8503325955858,3142.62,3126.8503325955858,3133.7225,58.59079183724786,NaN,NaN
1720861200,3130.286416297793,3171,3128.99,3146.56,61.376780191191195,NaN,NaN
1720872000,3138.4232081488963,3165.67,3138.4232081488963,3154.455,63.02438894855346,NaN,NaN
1720882800,3146.439104074448,3162.73,3146.439104074448,3155.13,63.16905107546706,NaN,NaN
1720893600,3150.784552037224,3168.42,3148.15,3158.97,64.03119084827014,NaN,NaN
1720904400,3154.877276018612,3201.8,3144.26,3171.1800000000003,66.70034484674171,NaN,NaN
1720915200,3163.028638009306,3193.61,3163.028638009306,3176.5199999999995,67.82489247829429,NaN,NaN
1720926000,3169.774319004653,3206.7,3169.72,3187.6324999999997,70.08864722733209,NaN,NaN
1720936800,3178.7034095023264,3220.9,3178.7034095023264,3204.865,73.23364147184608,NaN,NaN
1720947600,3191.784204751163,3225.13,3191.784204751163,3208.86,73.91829823808173,NaN,NaN
1720958400,3200.3221023755814,3204.48,3173.68,3193.255,66.73731345810391,NaN,NaN
1720969200,3196.7885511877907,3197.9,3181.53,3190.4300000000003,65.49682800269287,NaN,NaN
1720980000,3193.6092755938953,3206.89,3183.31,3195.1749999999997,66.61916330289961,NaN,NaN
1720990800,3194.3921377969473,3268.72,3194.3921377969473,3227.4075,73.03563466495679,NaN,NaN
1721001600,3210.8998188984733,3339.55,3210.8998188984733,3287.3525,80.53091947501557,NaN,NaN
1721012400,3249.1261594492366,3346.34,3249.1261594492366,3332.455,84.10988363268974,NaN,NaN
1721023200,3290.7905797246185,3373,3290.7905797246185,3348.0299999999997,85.12667554514519,NaN,NaN
1721034000,3319.410289862309,3363.04,3319.410289862309,3345.8775,84.32360452071605,NaN,NaN
1721044800,3332.6438949311546,3376.31,3332.6438949311546,3355.45,85.00126149894777,NaN,NaN
1721055600,3344.0469474655774,3404.66,3344.0469474655774,3379.5874999999996,86.57693747007794,NaN,NaN
1721066400,3361.8172237327885,3445.6,3361.8172237327885,3409.3275000000003,88.21912612012962,NaN,NaN
1721077200,3385.572361866394,3493.63,3385.572361866394,3456.71,90.2630163361288,NaN,NaN
1721088000,3421.141180933197,3498.59,3421.141180933197,3475.39,90.93102464406408,NaN,NaN
1721098800,3448.2655904665985,3478.52,3403.57,3440.965,80.03387251325861,NaN,NaN
1721109600,3444.6152952332995,3444.6152952332995,3346.55,3393.03,67.84217549684638,NaN,NaN
1721120400,3418.82264761665,3425,3366.52,3396.535,68.22334529211841,NaN,NaN
1721131200,3407.678823808325,3432.46,3375.6,3410.3775,69.74841984906293,NaN,NaN
1721142000,3409.0281619041625,3494.38,3409.0281619041625,3444.9225,73.20461495747203,NaN,NaN
1721152800,3426.975330952081,3484.66,3426.975330952081,3454.3125,74.07175334964464,NaN,NaN
1721163600,3440.6439154760405,3460.2,3414.31,3439.1925,70.13589346868966,NaN,NaN
1721174400,3439.91820773802,3517,3439.91820773802,3470.235,73.27557084254579,NaN,NaN
1721185200,3455.07660386901,3514.54,3455.07660386901,3488.89,74.97804299772878,NaN,NaN
1721196000,3471.983301934505,3508.4,3463.41,3487.75,74.66501511846448,NaN,NaN
1721206800,3479.8666509672526,3498.91,3440.96,3467.4275000000002,69.12464478581941,NaN,NaN
1721217600,3473.6470754836264,3475.5,3437.69,3454.7675000000004,65.84673397099506,NaN,NaN
1721228400,3464.207287741813,3467.32,3376,3427.165,59.24968562013506,NaN,NaN
1721239200,3445.6861438709066,3445.6861438709066,3405.71,3414.6324999999997,56.4827124313387,NaN,NaN
1721250000,3430.159321935453,3430.159321935453,3385.5,3401.87,53.73085833280222,NaN,NaN
1721260800,3416.0146609677267,3441.49,3383.43,3409.1524999999997,55.07584866592376,NaN,NaN
1721271600,3412.5835804838634,3433.5,3408.95,3422.6175000000003,57.53384487944824,NaN,NaN
1721282400,3417.600540241932,3458.84,3417.600540241932,3440.015,60.53814937125217,NaN,NaN
1721293200,3428.807770120966,3461.01,3428.807770120966,3453.4249999999997,62.727027825780795,NaN,NaN
1721304000,3441.1163850604826,3489.98,3420.2,3450.2199999999993,61.84409758022273,NaN,NaN
1721314800,3445.668192530241,3445.668192530241,3367.2,3407.5374999999995,51.45643414828888,NaN,NaN
1721325600,3426.60284626512,3426.60284626512,3385.5,3403.7875000000004,50.651467754188396,NaN,NaN
1721336400,3415.1951731325603,3437.3,3412.4,3422.77,54.529197235387336,NaN,NaN
1721347200,3418.98258656628,3428.75,3384.04,3411.6049999999996,51.94380165484503,NaN,NaN
1721358000,3415.29379328314,3434.4,3404.53,3417.5675,53.21941168415403,NaN,NaN
1721368800,3416.43064664157,3450.5,3377,3411.6575000000003,51.753026584738926,NaN,NaN
1721379600,3414.044073320785,3414.044073320785,3380.85,3398.0825000000004,48.45073526883628,NaN,NaN
1721390400,3406.063286660393,3473.32,3395.99,3435.4675,56.65374840493866,NaN,NaN
1721401200,3420.7653933301963,3514.7,3420.7653933301963,3480.7524999999996,64.1049620966397,NaN,NaN
1721412000,3450.758946665098,3540.27,3450.758946665098,3509.21,67.8455789124072,NaN,NaN
1721422800,3479.984473332549,3525.96,3479.984473332549,3508.305,67.60429984642684,NaN,NaN
1721433600,3494.144736666274,3508.49,3480,3496.4375,64.37144154284829,NaN,NaN
1721444400,3495.291118333137,3508.18,3491.95,3498.87,64.7436006060187,NaN,NaN
1721455200,3497.0805591665685,3504.64,3480.5,3493.1525,63.07584864912177,NaN,NaN
1721466000,3495.1165295832843,3495.1165295832843,3480.77,3486.5025,61.10430421627089,NaN,NaN
1721476800,3490.809514791642,3507.84,3481.2,3492.8149999999996,62.3086456800712,NaN,NaN
1721487600,3491.812257395821,3539.65,3490.53,3513.6875,66.0516825929578,NaN,NaN
1721498400,3502.7498786979104,3538,3502.7498786979104,3524.0625,67.7652642352538,NaN,NaN
1721509200,3513.406189348955,3523,3500.2,3515.745,64.93545086206313,NaN,NaN
1721520000,3514.5755946744775,3528.8,3503.7,3516.0625,64.99554188829443,NaN,NaN
1721530800,3515.3190473372388,3520.55,3494,3507.45,61.896838427688806,NaN,NaN
1721541600,3511.3845236686193,3511.3845236686193,3476.6,3492.48,56.82556036383046,NaN,NaN
1721552400,3501.9322618343094,3507.21,3487.13,3495.4325,57.56403541070724,NaN,NaN
1721563200,3498.6823809171547,3517.1,3482.47,3502.2749999999996,59.30142763648699,NaN,NaN
1721574000,3500.478690458577,3526.12,3450.1,3488.89,54.59286916532469,NaN,NaN
1721584800,3494.6843452292887,3523.73,3411.4,3475.385,50.25696225181786,NaN,NaN
1721595600,3485.0346726146445,3547,3485.0346726146445,3517.7925,60.78847062600137,NaN,NaN
1721606400,3501.4135863073225,3562.82,3501.4135863073225,3538.1324999999997,64.65385983859377,NaN,NaN
1721617200,3519.773043153661,3536.11,3485,3512.8374999999996,57.113583267840454,NaN,NaN
1721628000,3516.3052715768304,3516.3052715768304,3459.6,3482.8575,49.71331935080671,NaN,NaN
1721638800,3499.581385788415,3503.85,3469,3487.0924999999997,50.68537253271565,NaN,NaN
1721649600,3493.3369428942074,3507.35,3443.7,3475.0299999999997,47.848289361459,NaN,NaN
1721660400,3484.1834714471033,3484.1834714471033,3435.6,3456.6375000000003,43.82060086340161,NaN,NaN
1721671200,3470.4104857235516,3499.53,3463.93,3480.8025,49.79958602576182,NaN,NaN
1721682000,3475.6064928617757,3489.79,3422.34,3460.2225000000003,45.37093583840567,NaN,NaN
1721692800,3467.914496430888,3490.14,3435.43,3463.0150000000003,46.07173661549805,NaN,NaN
1721703600,3465.464748215444,3488.41,3425,3460.4874999999997,45.50276413788345,NaN,NaN
1721714400,3462.976124107722,3532.38,3432.42,3481.985,51.0409913424752,NaN,NaN
1721725200,3472.480562053861,3541,3472.480562053861,3514.8725,58.06244435778628,NaN,NaN
1721736000,3493.67653102693,3518.8,3429.59,3488.255,51.61098967915566,NaN,NaN
1721746800,3490.965765513465,3490.965765513465,3389,3448.5775,43.798594082580536,NaN,NaN
1721757600,3469.7716327567323,3496.49,3418.89,3456.2475,45.51551632216404,NaN,NaN
1721768400,3463.009566378366,3500,3456.9,3480.265,50.60425453176837,NaN,NaN
1721779200,3471.637283189183,3487.82,3427.4,3461.8849999999998,46.98747707291274,NaN,NaN
1721790000,3466.761141594591,3466.761141594591,3429.61,3445.2650000000003,43.929980610702145,NaN,NaN
1721800800,3456.0130707972958,3462.61,3437.09,3450.385,45.114828199938934,NaN,NaN
1721811600,3453.199035398648,3472.33,3453.199035398648,3461.3325000000004,47.66155453065983,NaN,NaN
1721822400,3457.265767699324,3471.54,3429.82,3449.16,45.15278204842295,NaN,NaN
1721833200,3453.212883849662,3453.212883849662,3401.53,3423.0925,40.26486723898262,NaN,NaN
1721844000,3438.152691924831,3438.152691924831,3357.4,3394.0075,35.63026435279262,NaN,NaN
1721854800,3416.0800959624157,3416.0800959624157,3300,3346.9874999999997,29.682143810096065,NaN,NaN
1721865600,3381.5337979812075,3381.5337979812075,3153.04,3253.9175,21.891835241098534,NaN,NaN
1721876400,3317.725648990604,3317.725648990604,3130,3173.0325000000003,17.57474292543654,NaN,NaN
1721887200,3245.379074495302,3245.379074495302,3152.89,3174.575,17.907215645744344,NaN,NaN
1721898000,3209.977037247651,3209.977037247651,3155,3173.025,17.82938988093339,NaN,NaN
1721908800,3191.5010186238255,3191.5010186238255,3105.35,3158.4075,17.075687944713593,NaN,NaN
1721919600,3174.9542593119127,3175.32,3132,3161.3725,17.834421592721327,NaN,NaN
1721930400,3168.1633796559563,3171.75,3087.53,3145.0650000000005,16.917582459331243,NaN,NaN
1721941200,3156.6141898279784,3198.5,3150.8,3169.895,23.376642299544244,NaN,NaN
1721952000,3163.2545949139894,3253.12,3163.2545949139894,3211.15,32.73375618459926,NaN,NaN
1721962800,3187.2022974569945,3269.99,3187.2022974569945,3254.2675,40.86220256747301,NaN,NaN
1721973600,3220.7348987284972,3276,3220.7348987284972,3261.435,42.11441950593273,NaN,NaN
1721984400,3241.0849493642486,3263.76,3234.43,3249.6850000000004,40.59680613291691,NaN,NaN
1721995200,3245.3849746821243,3271.14,3221.43,3245.0625,39.986334265887415,NaN,NaN
1722006000,3245.223737341062,3264.8,3239,3248.06,40.61000310401036,NaN,NaN
1722016800,3246.641868670531,3285.61,3246.54,3258.5,42.83811215903733,NaN,NaN
1722027600,3252.5709343352655,3286.36,3251.95,3266.7799999999997,44.61289938398776,NaN,NaN
1722038400,3259.6754671676326,3275.06,3243.75,3263.1025,43.96006194233536,NaN,NaN
1722049200,3261.3889835838163,3261.3889835838163,3241.31,3253.9399999999996,42.299239686006956,NaN,NaN
1722060000,3257.664491791908,3282.98,3254.28,3264.995,44.99923513459878,NaN,NaN
1722070800,3261.329745895954,3279.8,3261.329745895954,3272.55,46.83030970793099,NaN,NaN
1722081600,3266.939872947977,3327.59,3266.939872947977,3298.85,52.729995830365766,NaN,NaN
1722092400,3282.8949364739883,3315.38,3257,3286.0950000000003,49.84154065487525,NaN,NaN
1722103200,3284.4949682369943,3284.4949682369943,3191.01,3242.21,41.43213131451567,NaN,NaN
1722114000,3263.352484118497,3294.5,3233.81,3255.0175,44.38148185793822,NaN,NaN
1722124800,3259.1849920592485,3259.1849920592485,3225.73,3245.77,42.70911258373382,NaN,NaN
1722135600,3252.4774960296245,3252.4774960296245,3198.11,3230.2275,39.98215843231171,NaN,NaN
1722146400,3241.352498014812,3241.352498014812,3214.6,3223.49,38.82490034705999,NaN,NaN
1722157200,3232.421249007406,3265.72,3226.7,3244.3625,44.21211476833127,NaN,NaN
1722168000,3238.391874503703,3279.93,3238.391874503703,3263.8675,48.75370758988261,NaN,NaN
1722178800,3251.1296872518515,3275,3251.1296872518515,3267.9500000000003,49.677126262132504,NaN,NaN
1722189600,3259.5398436259256,3284.3,3259.5398436259256,3268.8050000000003,49.880813967459595,NaN,NaN
1722200400,3264.172421812963,3273.47,3251.08,3263.6025,48.59198676048867,NaN,NaN
1722211200,3263.8874609064815,3331.5,3263.8874609064815,3299.955,56.96028949070568,NaN,NaN
1722222000,3281.9212304532407,3374,3281.9212304532407,3350.2875,65.36652471084717,NaN,NaN
1722232800,3316.1043652266203,3389,3316.1043652266203,3372.9024999999997,68.35701511751422,NaN,NaN
1722243600,3344.50343261331,3396.77,3344.50343261331,3379.4775,69.18997155383644,NaN,NaN
1722254400,3361.990466306655,3386.8,3315.36,3350.7625,61.567526578377276,NaN,NaN
1722265200,3356.376483153327,3356.376483153327,3258,3307.7475000000004,52.27668643235367,NaN,NaN
1722276000,3332.061991576664,3332.061991576664,3302.71,3316.545,53.81186103425168,NaN,NaN
1722286800,3324.303495788332,3353.38,3312.99,3326.3975,55.53689949162753,NaN,NaN
1722297600,3325.350497894166,3337.94,3282.3,3312.3250000000003,52.51972611082094,NaN,NaN
1722308400,3318.837748947083,3324,3298.12,3311.08,52.24927939014512,NaN,NaN
1722319200,3314.9588744735415,3355.5,3308.4,3327.835,55.56547097262427,NaN,NaN
1722330000,3321.396937236771,3344.88,3321.396937236771,3335.8125,57.09335810161018,NaN,NaN
1722340800,3328.6047186183855,3366.4,3293.82,3323.97,54.118425650428385,NaN,NaN
1722351600,3326.2873593091927,3327.42,3285.71,3302.1400000000003,49.045211887878175,NaN,NaN
1722362400,3314.2136796545965,3314.2136796545965,3233.18,3276.6275,43.86934473736082,NaN,NaN
1722373200,3295.4205898272985,3295.4205898272985,3262.6,3277.1324999999997,43.995334065614244,NaN,NaN
1722384000,3286.276544913649,3304.89,3262.04,3284.3950000000004,45.8768008604163,NaN,NaN
1722394800,3285.335772456825,3307.34,3262.49,3290.615,47.50344326092747,NaN,NaN
1722405600,3287.9753862284124,3332.04,3287.9753862284124,3312.59,52.89037485113904,NaN,NaN
1722416400,3300.2826931142063,3325,3300.2826931142063,3318.3949999999995,54.22660656646532,NaN,NaN
1722427200,3309.338846557103,3350,3307.1,3325.2124999999996,55.81181331643546,NaN,NaN
1722438000,3317.275673278551,3326.79,3282.76,3311.455,51.905348039659735,NaN,NaN
1722448800,3314.3653366392755,3324.38,3217.35,3269.8950000000004,42.2782473969136,NaN,NaN
1722459600,3292.130168319638,3292.130168319638,3213.75,3228.475,35.25924147581431,NaN,NaN
1722470400,3260.302584159819,3260.302584159819,3176.81,3212.4525,32.97840991437583,NaN,NaN
1722481200,3236.3775420799093,3236.3775420799093,3136.47,3179.2925,28.82287887608628,NaN,NaN
1722492000,3207.835021039955,3207.835021039955,3163.57,3179.6325,28.921775727812644,NaN,NaN
1722502800,3193.7337605199773,3194.23,3176.24,3185.795,30.798583238434716,NaN,NaN
1722513600,3189.7643802599887,3207,3142.73,3170.2149999999997,28.732926164557497,NaN,NaN
1722524400,3179.9896901299944,3179.9896901299944,3090.48,3124.8199999999997,23.737355847829903,NaN,NaN
1722535200,3152.404845064997,3172.55,3080.02,3136.1275000000005,27.135669481509368,NaN,NaN
1722546000,3144.266172532499,3219.34,3144.266172532499,3188.3325,40.35117247627522,NaN,NaN
1722556800,3166.299336266249,3218.6,3136.41,3179.4674999999997,39.05576848914351,NaN,NaN
1722567600,3172.8834181331245,3175.52,3142.52,3156.575,35.85470430315881,NaN,NaN
1722578400,3164.7292090665624,3164.93,3127,3150.0975,34.98104745288117,NaN,NaN
1722589200,3157.413354533281,3166.95,3144.91,3156.3125,36.5778603282934,NaN,NaN
1722600000,3156.8629272666403,3182.8,3031.61,3101.6375000000003,29.673606720205427,NaN,NaN
1722610800,3129.2502136333205,3129.2502136333205,2985.13,3024.4025,23.053732586553835,NaN,NaN
1722621600,3076.8263568166603,3076.8263568166603,2989.21,3019.155,22.683468291940812,NaN,NaN
1722632400,3047.9906784083305,3047.9906784083305,2967,2999.1975,21.283397749071156,NaN,NaN
1722643200,3023.5940892041654,3023.5940892041654,2913.56,2967.2400000000002,19.235981467688617,NaN,NaN
1722654000,2995.4170446020826,2995.4170446020826,2958.41,2969.9725,19.9451102474151,NaN,NaN
1722664800,2982.694772301041,2996.63,2974.02,2982.2025,23.195567407053687,NaN,NaN
1722675600,2982.4486361505205,3006.64,2977.25,2990.9399999999996,25.522205349182073,NaN,NaN
1722686400,2986.69431807526,3018.02,2986.69431807526,3002.64,28.639540628437942,NaN,NaN
1722697200,2994.66715903763,3005.36,2900,2952.0475,23.967879966052806,NaN,NaN
1722708000,2973.3573295188153,2973.3573295188153,2878,2900.7174999999997,20.342316897296357,NaN,NaN
1722718800,2937.0374147594075,2937.0374147594075,2859,2894.7549999999997,19.964530124850995,NaN,NaN
1722729600,2915.896207379704,2935.46,2876.22,2908.96,23.604610802666855,NaN,NaN
1722740400,2912.428103689852,2921,2900.03,2914.2275000000004,24.967393260958048,NaN,NaN
1722751200,2913.3278018449264,2922,2876.93,2905.1375000000003,24.16624555521551,NaN,NaN
1722762000,2909.232650922463,2925,2904.44,2912.4825,26.226183986105568,NaN,NaN
1722772800,2910.8575754612316,2925.8,2851.8,2889.055,23.9879586694763,NaN,NaN
1722783600,2899.9562877306157,2899.9562877306157,2630,2766.0275,16.179143264187545,NaN,NaN
1722794400,2832.991893865308,2832.991893865308,2683.69,2727.2625,14.569736458191613,NaN,NaN
1722805200,2780.127196932654,2780.127196932654,2681.04,2718.8824999999997,14.239968648446876,NaN,NaN
1722816000,2749.5048484663266,2749.5048484663266,2111,2457.9900000000002,8.096158197692944,NaN,NaN
1722826800,2603.7474242331637,2603.7474242331637,2262.28,2323.7574999999997,6.534105488319554,NaN,NaN
1722837600,2463.7524621165817,2463.7524621165817,2160,2291.2925,6.221460508589857,NaN,NaN
1722848400,2377.522481058291,2377.522481058291,2224.22,2294.5375,6.7019917932585855,NaN,NaN
1722859200,2336.0299905291454,2442.59,2183.51,2330.0675,12.017902804762684,NaN,NaN
1722870000,2333.048745264573,2518,2333.048745264573,2442.8125,26.357048649546613,NaN,NaN
1722880800,2387.9306226322865,2472.6,2364.14,2435.8099999999995,26.072826709054027,NaN,NaN
1722891600,2411.8703113161428,2474.75,2410.71,2435.48,26.05856548404688,NaN,NaN
1722902400,2423.675155658071,2547.43,2415.8,2472.6975,30.66474412383525,NaN,NaN
1722913200,2448.1863278290357,2526.17,2448.1863278290357,2509.3225,34.95869685067133,NaN,NaN
1722924000,2478.754413914518,2535.19,2440.32,2490.205,33.782622848204014,NaN,NaN
1722934800,2484.4797069572587,2484.4797069572587,2442.82,2459.25,31.91065035473366,NaN,NaN
1722945600,2471.8648534786294,2556.23,2414.19,2488.31,35.5227686423205,NaN,NaN
1722956400,2480.0874267393147,2549.73,2480.0874267393147,2509.5074999999997,38.102244094525446,NaN,NaN
1722967200,2494.797463369657,2526.03,2473.89,2492.9399999999996,36.86102224394728,NaN,NaN
1722978000,2493.868731684828,2513.84,2446.08,2477.4225,35.68835486492931,NaN,NaN
1722988800,2485.6456158424144,2530,2425.53,2477.965,35.76529268740451,NaN,NaN
1722999600,2481.8053079212073,2534.6,2481.8053079212073,2506.4100000000003,39.829928837592064,NaN,NaN
1723010400,2494.107653960604,2526.59,2485.12,2510.3525,40.392918257193365,NaN,NaN
1723021200,2502.230076980302,2551.32,2470,2504.7275,39.82043704507397,NaN,NaN
1723032000,2503.4787884901507,2503.4787884901507,2364.76,2428.9049999999997,33.025756556804495,NaN,NaN
1723042800,2466.191894245075,2466.191894245075,2355.28,2383.7925000000005,29.770855370154862,NaN,NaN
1723053600,2424.9921971225376,2424.9921971225376,2309.04,2351.0675,27.642565289319236,NaN,NaN
1723064400,2388.029848561269,2388.029848561269,2313.48,2343.75,27.174751680316447,NaN,NaN
1723075200,2365.8899242806347,2465.25,2320.4,2395.92,35.54936045353658,NaN,NaN
1723086000,2380.9049621403174,2459.27,2380.9049621403174,2439.1000000000004,41.541434761265585,NaN,NaN
1723096800,2410.002481070159,2440,2408.6,2424.7775,40.20618144963479,NaN,NaN
1723107600,2417.3899905350795,2460.68,2414.85,2437.6375,42.00858767341765,NaN,NaN
1723118400,2427.51374526754,2525.68,2411.02,2470.8875,46.499070891858146,NaN,NaN
1723129200,2449.20062263377,2607.29,2449.20062263377,2541.5825,54.556285749107246,NaN,NaN
1723140000,2495.3915613168847,2595.38,2495.3915613168847,2577.5150000000003,58.01710871379088,NaN,NaN
1723150800,2536.4532806584425,2724.1,2536.4532806584425,2636.3675000000003,62.98876711400445,NaN,NaN
1723161600,2586.4103903292216,2694.59,2586.4103903292216,2673.09,65.71687386299038,NaN,NaN
1723172400,2629.750195164611,2707.98,2629.750195164611,2675.7425000000003,65.91232268367392,NaN,NaN
1723183200,2652.7463475823056,2704,2652.7463475823056,2677.0725,66.01693819325683,NaN,NaN
1723194000,2664.909423791153,2681.28,2617.2,2651.1475,62.02125521357298,NaN,NaN
1723204800,2658.0284618955766,2663.96,2557.47,2611.9775,56.46089539278963,NaN,NaN
1723215600,2635.0029809477883,2635.0029809477883,2552.61,2586.0074999999997,53.06412336512367,NaN,NaN
1723226400,2610.505240473894,2610.505240473894,2575,2591.4775,53.69600705077056,NaN,NaN
1723237200,2600.9913702369468,2613.07,2562.39,2591.835,53.73984121507889,NaN,NaN
1723248000,2596.4131851184734,2644.7,2576.49,2605.9175,55.52587669060581,NaN,NaN
1723258800,2601.1653425592367,2610.97,2588.4,2602.2875,54.93708707955216,NaN,NaN
1723269600,2601.726421279618,2640.97,2601.726421279618,2620.2275,57.34444575160385,NaN,NaN
1723280400,2610.976960639809,2642.84,2610.976960639809,2633.41,59.07456052809019,NaN,NaN
1723291200,2622.1934803199047,2637.89,2604.07,2622.2999999999997,56.97706817298807,NaN,NaN
1723302000,2622.2467401599524,2622.94,2589.51,2608.4375,54.38246491528726,NaN,NaN
1723312800,2615.342120079976,2622.84,2595.29,2608.3599999999997,54.367559107289985,NaN,NaN
1723323600,2611.8510600399877,2618,2600.21,2608.1975,54.33393086975255,NaN,NaN
1723334400,2610.024280019994,2631.9,2606.02,2618.1925,56.131283596316564,NaN,NaN
1723345200,2614.108390009997,2668.28,2614.108390009997,2644.8525,60.58721815940756,NaN,NaN
1723356000,2629.4804450049987,2697.6,2629.4804450049987,2674.0925,64.80918752432686,NaN,NaN
1723366800,2651.7864725024992,2720,2644.91,2675.8250000000003,65.0480948133787,NaN,NaN
1723377600,2663.80573625125,2663.80573625125,2604.2,2632.0225,54.90003405685403,NaN,NaN
1723388400,2647.914118125625,2647.914118125625,2594.46,2622.2925,52.924853650762095,NaN,NaN
1723399200,2635.1033090628125,2645.92,2540,2594.9825,47.733819514892815,NaN,NaN
1723410000,2615.0429045314063,2615.0429045314063,2540.99,2562.245,42.36904592349634,NaN,NaN
1723420800,2588.643952265703,2588.643952265703,2510.05,2548.635,40.33925911266831,NaN,NaN
1723431600,2568.6394761328515,2568.6394761328515,2531,2548.4175,40.30602703050682,NaN,NaN
1723442400,2558.528488066426,2596.8,2516.36,2557.525,42.444202360398954,NaN,NaN
1723453200,2558.0267440332127,2683.2,2558.0267440332127,2620.685,54.59145448763747,NaN,NaN
1723464000,2589.3558720166066,2723.7,2589.3558720166066,2672.9925,61.78480990283553,NaN,NaN
1723474800,2631.174186008303,2711.42,2631.174186008303,2678.8500000000004,62.50119148732258,NaN,NaN
1723485600,2655.0120930041517,2706,2627.89,2667.485,60.145317604178985,NaN,NaN
1723496400,2661.248546502076,2750,2658.13,2702.8575,64.61579754853861,NaN,NaN
1723507200,2682.053023251038,2738.4,2682.053023251038,2715.295,66.05748410974783,NaN,NaN
1723518000,2698.674011625519,2715.72,2641.46,2681.0074999999997,58.9292820899625,NaN,NaN
1723528800,2689.840755812759,2689.840755812759,2633,2647.565,52.929898507806904,NaN,NaN
1723539600,2668.7028779063794,2668.7028779063794,2611.37,2636.9325,51.147038229596546,NaN,NaN
1723550400,2652.8176889531896,2674.99,2630.91,2653.225,53.719513368621655,NaN,NaN
1723561200,2653.021344476595,2730.28,2643.77,2687.345,58.63229733797564,NaN,NaN
1723572000,2670.1831722382976,2718.72,2670.1831722382976,2701.37,60.48893443382332,NaN,NaN
1723582800,2685.7765861191488,2734,2685.7765861191488,2706.9950000000003,61.240298437309974,NaN,NaN
1723593600,2696.3857930595746,2719.93,2685.8,2704.3075,60.64689393735701,NaN,NaN
1723604400,2700.346646529787,2744,2700.346646529787,2720.5425,62.98052549923904,NaN,NaN
1723615200,2710.4445732648937,2750,2710.4445732648937,2728.77,64.14104174359164,NaN,NaN
1723626000,2719.6072866324466,2764.05,2719.6072866324466,2740.0724999999998,65.73039830517806,NaN,NaN
1723636800,2729.8398933162234,2780,2632.2,2704.0575,57.05289229403449,NaN,NaN
1723647600,2716.9486966581117,2716.9486966581117,2638.35,2659.12,48.45692621342491,NaN,NaN
1723658400,2688.034348329056,2688.034348329056,2647,2665.09,49.54454147074501,NaN,NaN
1723669200,2676.562174164528,2679.81,2641.3,2664.6775,49.4668713955076,NaN,NaN
1723680000,2670.619837082264,2673.57,2634,2654.415,47.472905941014595,NaN,NaN
1723690800,2662.517418541132,2662.517418541132,2631.13,2643.3549999999996,45.351230722899956,NaN,NaN
1723701600,2652.936209270566,2652.936209270566,2589,2622.3175,41.54756495744133,NaN,NaN
1723712400,2637.626854635283,2644.1,2614.09,2629.4275,43.27904294894665,NaN,NaN
1723723200,2633.5271773176414,2669.95,2633,2648.7675,47.80791994686216,NaN,NaN
1723734000,2641.1473386588204,2675.6,2604.56,2637.1375,45.45742287523678,NaN,NaN
1723744800,2639.14241932941,2639.14241932941,2515.71,2573.29,35.21986411758175,NaN,NaN
1723755600,2606.2162096647053,2606.2162096647053,2533.2,2560.5225,33.59072694749314,NaN,NaN
1723766400,2583.3693548323527,2610.35,2552.17,2581.6549999999997,38.64920495434531,NaN,NaN
1723777200,2582.512177416176,2604.41,2576.48,2593,41.237020136719266,NaN,NaN
1723788000,2587.756088708088,2628.83,2587.756088708088,2609.3325,44.843960683294966,NaN,NaN
1723798800,2598.544294354044,2626.41,2598.544294354044,2615.87,46.265733531609804,NaN,NaN
1723809600,2607.207147177022,2619.89,2560.71,2593.8025,42.30183551261158,NaN,NaN
1723820400,2600.5048235885106,2615,2550.04,2589.505,41.555154081967096,NaN,NaN
1723831200,2595.0049117942553,2630.97,2595.0049117942553,2613.5474999999997,47.173124944944455,NaN,NaN
1723842000,2604.2762058971275,2612.31,2587,2600.1475,44.59990418126128,NaN,NaN
1723852800,2602.211852948564,2607.92,2587.5,2596.615,43.919754714434006,NaN,NaN
1723863600,2599.4134264742816,2602.92,2588.47,2597.69,44.19864038104309,NaN,NaN
1723874400,2598.5517132371406,2603.65,2590.9,2599.245,44.627599842012835,NaN,NaN
1723885200,2598.8983566185702,2607.28,2593,2600.23,44.9164574784635,NaN,NaN
1723896000,2599.564178309285,2616.21,2596.7,2606.4300000000003,46.797768064064876,NaN,NaN
1723906800,2602.9970891546427,2629.69,2602.9970891546427,2615.9825,49.65101523004041,NaN,NaN
1723917600,2609.4897945773214,2618.23,2607.68,2613.9775,49.0563307321926,NaN,NaN
1723928400,2611.733647288661,2617.04,2600,2611.54,48.29895540471254,NaN,NaN
1723939200,2611.6368236443304,2638.22,2605.05,2622.22,51.80960805947846,NaN,NaN
1723950000,2616.928411822165,2638.22,2594.53,2616.705,49.92439557325463,NaN,NaN
1723960800,2616.8167059110824,2619.75,2601.47,2610.4174999999996,47.789391697089286,NaN,NaN
1723971600,2613.6171029555408,2669.49,2613.6171029555408,2638.0674999999997,56.58266944522793,NaN,NaN
1723982400,2625.84230147777,2689.16,2625.84230147777,2661.4075,62.347381524408206,NaN,NaN
1723993200,2643.624900738885,2678.38,2643.624900738885,2659.2275,61.52568530614709,NaN,NaN
1724004000,2651.4262003694425,2670,2647.28,2658.4375,61.21085480905328,NaN,NaN
1724014800,2654.931850184721,2665.7,2610.05,2638.4,53.704453724348866,NaN,NaN
1724025600,2646.6659250923603,2646.6659250923603,2603.53,2624.75,49.27169003221486,NaN,NaN
1724036400,2635.70796254618,2648.08,2620.11,2633.2825000000003,51.94198032175782,NaN,NaN
1724047200,2634.49523127309,2634.49523127309,2610.6,2621.05,48.03792524887982,NaN,NaN
1724058000,2627.772615636545,2627.772615636545,2565.84,2597.7675,41.62506945770629,NaN,NaN
1724068800,2612.7700578182726,2612.7700578182726,2563.58,2585.1975,38.62695598525707,NaN,NaN
1724079600,2598.983778909136,2629.96,2574.28,2598.9525000000003,43.42870255146381,NaN,NaN
1724090400,2598.9681394545682,2626.19,2590.63,2609.8824999999997,46.97860922872969,NaN,NaN
1724101200,2604.4253197272837,2641.15,2604.4253197272837,2626.59,51.942870333423215,NaN,NaN
1724112000,2615.507659863642,2677,2615.507659863642,2646.6725,57.137685592734236,NaN,NaN
1724122800,2631.090079931821,2695,2631.090079931821,2671.1025,62.45459700709372,NaN,NaN
1724133600,2651.0962899659107,2685.44,2651.0962899659107,2672.0125,62.64050046392729,NaN,NaN
1724144400,2661.5543949829553,2666.36,2639.4,2652.3525,56.16967867407428,NaN,NaN
1724155200,2656.9534474914776,2656.9534474914776,2582.78,2616.6075,46.71988263755952,NaN,NaN
1724166000,2636.780473745739,2636.780473745739,2555,2580.9075,39.56127759836032,NaN,NaN
1724176800,2608.843986872869,2609.93,2585.02,2593.59,42.90802593891046,NaN,NaN
1724187600,2601.2169934364347,2601.2169934364347,2565.23,2580.265,40.37813901478482,NaN,NaN
1724198400,2590.7409967182175,2598.2,2557,2579.6675,40.263500781646805,NaN,NaN
1724209200,2585.2042483591085,2596,2585.2042483591085,2591.4525,43.66106872190107,NaN,NaN
1724220000,2588.328374179554,2607.87,2578.6,2591.0125,43.561450568220444,NaN,NaN
1724230800,2589.670437089777,2591.89,2567.35,2580.4225,41.12912574877685,NaN,NaN
1724241600,2585.0464685448887,2618,2536.22,2580.5375,41.16754269063073,NaN,NaN
1724252400,2582.791984272444,2630,2582.791984272444,2608.0575,49.63722681621115,NaN,NaN
1724263200,2595.424742136222,2663.74,2595.424742136222,2635.55,56.391408957277875,NaN,NaN
1724274000,2615.4873710681113,2647.43,2615.4873710681113,2632.125,55.39471350187228,NaN,NaN
1724284800,2623.8061855340557,2640.25,2584.2,2614.5375,50.46245194435358,NaN,NaN
1724295600,2619.1718427670276,2626.6,2598.06,2611.8575,49.73574093810243,NaN,NaN
1724306400,2615.514671383514,2642.33,2615.514671383514,2628.6400000000003,54.18518612178263,NaN,NaN
1724317200,2622.077335691757,2644.49,2619.6,2635.0525,55.79534949187129,NaN,NaN
1724328000,2628.5649178458784,2644.69,2599.6,2621.9475,51.789453452512525,NaN,NaN
1724338800,2625.2562089229395,2625.2562089229395,2590.5,2603.11,46.60927261666538,NaN,NaN
1724349600,2614.18310446147,2627.06,2598.89,2613.6324999999997,49.639491841490745,NaN,NaN
1724360400,2613.907802230735,2626.61,2613.907802230735,2622.545,52.11830080191737,NaN,NaN
1724371200,2618.2264011153675,2652.95,2618.2264011153675,2632.865,54.887262647726274,NaN,NaN
1724382000,2625.5457005576836,2677.5,2625.5457005576836,2654.9025,60.18253536353319,NaN,NaN
1724392800,2640.224100278842,2689,2640.224100278842,2676.09,64.49726011512232,NaN,NaN
1724403600,2658.157050139421,2681,2650.99,2664.965,60.77336238338057,NaN,NaN
1724414400,2661.5610250697105,2699,2632.83,2658.8375,58.76096661872001,NaN,NaN
1724425200,2660.1992625348553,2731.35,2647.2,2688.95,64.91029906795248,NaN,NaN
1724436000,2674.5746312674273,2762.4,2674.5746312674273,2738.6399999999994,72.26084492424306,NaN,NaN
1724446800,2706.6073156337134,2799.13,2706.6073156337134,2759.5325000000003,74.6640115009994,NaN,NaN
1724457600,2733.069907816857,2769.6,2733.069907816857,2757.1549999999997,73.879624971038,NaN,NaN
1724468400,2745.1124539084285,2755.8,2739.4,2751.2625,71.86452265801456,NaN,NaN
1724479200,2748.187476954214,2779.12,2748.187476954214,2766.0375,73.79460447803619,NaN,NaN
1724490000,2757.112488477107,2786.29,2755.98,2768.6475,74.13218615049624,NaN,NaN
1724500800,2762.8799942385535,2764.58,2751.36,2757.95,70.14374175382153,NaN,NaN
1724511600,2760.4149971192764,2820,2754.24,2779.2975,73.23805207549321,NaN,NaN
1724522400,2769.8562485596385,2807.61,2769.8562485596385,2788.3475,74.44713032277542,NaN,NaN
1724533200,2779.101874279819,2791.97,2731.26,2770.59,67.9592450745203,NaN,NaN
1724544000,2774.8459371399094,2782.73,2748.9,2765.9624999999996,66.33684011237231,NaN,NaN
1724554800,2770.4042185699545,2770.4042185699545,2755.52,2763.355,65.3895529294297,NaN,NaN
1724565600,2766.879609284977,2766.879609284977,2733.21,2753.0175,61.63196800147597,NaN,NaN
1724576400,2759.9485546424885,2761.5,2745,2752.22,61.339122975540796,NaN,NaN
1724587200,2756.0842773212444,2772.9,2746,2758.7475,62.89324688886522,NaN,NaN
1724598000,2757.415888660622,2773.8,2757.415888660622,2767.6499999999996,64.96197467897738,NaN,NaN
1724608800,2762.532944330311,2772.91,2760.88,2768.895,65.25371790940127,NaN,NaN
1724619600,2765.7139721651556,2792.28,2739.77,2762.0675,62.195307081619596,NaN,NaN
1724630400,2763.890736082578,2763.890736082578,2718.14,2741.965,54.14807335474508,NaN,NaN
1724641200,2752.927868041289,2752.927868041289,2738.97,2744.0874999999996,54.81286585109979,NaN,NaN
1724652000,2748.5076840206443,2748.5076840206443,2728.54,2738.845,52.77745363659958,NaN,NaN
1724662800,2743.676342010322,2749.12,2710.01,2733.2200000000003,50.60604751960267,NaN,NaN
1724673600,2738.4481710051614,2742.47,2704.36,2727.4425,48.40327581396395,NaN,NaN
1724684400,2732.9453355025807,2732.9453355025807,2688.47,2710.2599999999998,42.48094908688348,NaN,NaN
1724695200,2721.60266775129,2721.60266775129,2671.59,2689.8475,36.73121876178566,NaN,NaN
1724706000,2705.725083875645,2705.725083875645,2666.66,2682.145,34.8162760975966,NaN,NaN
1724716800,2693.9350419378225,2693.9350419378225,2671.79,2680.745,34.46457447716422,NaN,NaN
1724727600,2687.340020968911,2699.98,2667.12,2685.2124999999996,36.66328862168531,NaN,NaN
1724738400,2686.2762604844556,2698.72,2673.6,2688.55,38.327937027875585,NaN,NaN
1724749200,2687.413130242228,2688.78,2619.3,2654.95,29.828333227381165,NaN,NaN
1724760000,2671.1815651211136,2671.1815651211136,2555,2599.2425,21.367738772846053,NaN,NaN
1724770800,2635.2120325605565,2635.2120325605565,2563.49,2582.9875,19.619067254963397,NaN,NaN
1724781600,2609.0997662802783,2609.0997662802783,2573.57,2583.3775,19.788675778471656,NaN,NaN
1724792400,2596.2386331401394,2596.2386331401394,2392.96,2504.2625,13.544879873715672,NaN,NaN
1724803200,2550.2505665700696,2550.2505665700696,2418.8,2450.1099999999997,10.989028347905787,NaN,NaN
1724814000,2500.1802832850344,2500.1802832850344,2458.74,2467.2725,16.37475828375436,NaN,NaN
1724824800,2483.7263916425172,2483.7263916425172,2429.14,2456.6825,15.741827424736655,NaN,NaN
1724835600,2470.2044458212586,2550.31,2462.41,2499.7875,27.949544994070763,NaN,NaN
1724846400,2484.9959729106295,2539.4,2481.52,2511.915,30.979451053958883,NaN,NaN
1724857200,2498.4554864553147,2528.25,2456.19,2497.4750000000004,29.394419483413387,NaN,NaN
1724868000,2497.9652432276575,2554,2497.25,2522.5475,35.55949323265155,NaN,NaN
1724878800,2510.256371613829,2554.6,2510.256371613829,2534.145,38.2455721905647,NaN,NaN
1724889600,2522.2006858069144,2537.99,2512.2,2526.785,37.18622092619972,NaN,NaN
1724900400,2524.492842903457,2541.74,2518.44,2532.3900000000003,38.58143540612795,NaN,NaN
1724911200,2528.4414214517287,2559.39,2528.4414214517287,2545.3725,41.80572268017553,NaN,NaN
1724922000,2536.9069607258643,2574.22,2536.63,2552.735,43.613564255943075,NaN,NaN
1724932800,2544.8209803629325,2581.72,2544.8209803629325,2564.6549999999997,46.51078727647135,NaN,NaN
1724943600,2554.737990181466,2595.4,2554.737990181466,2575.8300000000004,49.148728187189626,NaN,NaN
1724954400,2565.2839950907332,2577.84,2509.66,2551.06,43.97218264960051,NaN,NaN
1724965200,2558.1719975453666,2558.1719975453666,2505.88,2528.5275,39.85947889341771,NaN,NaN
1724976000,2543.3497487726836,2543.3497487726836,2512,2522.555,38.8229779264357,NaN,NaN
1724986800,2532.952374386342,2532.952374386342,2503.8,2514.2375,37.365731760800564,NaN,NaN
1724997600,2523.594937193171,2533.52,2506.33,2518.2924999999996,38.57622758136988,NaN,NaN
1725008400,2520.9437185965853,2528.37,2507.31,2517.5625,38.432227238903415,NaN,NaN
1725019200,2519.2531092982927,2552.17,2462.04,2497.34,34.58116883253588,NaN,NaN
1725030000,2508.2965546491464,2508.2965546491464,2431.14,2459.2549999999997,28.740275469876025,NaN,NaN
1725040800,2483.775777324573,2542.19,2465.21,2498.1525,39.904617344162126,NaN,NaN
1725051600,2490.9641386622866,2530.66,2490.9641386622866,2522.31,45.60451221412457,NaN,NaN
1725062400,2506.6370693311433,2533.95,2506.6370693311433,2525.35,46.29482851233037,NaN,NaN
1725073200,2515.9935346655716,2529.86,2515.9935346655716,2524.2775,46.072683197729624,NaN,NaN
1725084000,2520.1355173327856,2528.19,2512.8,2519.355,45.005249379650245,NaN,NaN
1725094800,2519.745258666393,2529.81,2511.47,2520.0025,45.18515072364474,NaN,NaN
1725105600,2519.873879333197,2527.8,2513.8,2522.3675000000003,45.881512424830724,NaN,NaN
1725116400,2521.1206896665985,2523.5,2491.92,2510.305,42.88875860412642,NaN,NaN
1725127200,2515.712844833299,2515.712844833299,2493.42,2503.4175,41.23486775806845,NaN,NaN
1725138000,2509.5651724166496,2528.22,2503.4,2512.9125,44.41703581321789,NaN,NaN
1725148800,2511.2388362083248,2516.28,2476.44,2498.3275000000003,40.76537073754212,NaN,NaN
1725159600,2504.7831681041625,2504.7831681041625,2458.84,2476.7225,36.03881880136007,NaN,NaN
1725170400,2490.752834052081,2490.752834052081,2464.06,2474.4825,35.578227452671,NaN,NaN
1725181200,2482.6176670260406,2492.88,2459.02,2477.3375,36.68885432749295,NaN,NaN
1725192000,2479.9775835130204,2481,2438,2463.0924999999997,33.578316738413946,NaN,NaN
1725202800,2471.53504175651,2489.31,2449.56,2466.3775,34.947998184175745,NaN,NaN
1725213600,2468.956270878255,2516,2468.45,2489.415,43.713880947305015,NaN,NaN
1725224400,2479.1856354391275,2502.68,2400,2457.6524999999997,36.42587108024646,NaN,NaN
1725235200,2468.419067719564,2468.419067719564,2423.52,2435.495,32.37133673569876,NaN,NaN
1725246000,2451.957033859782,2466.2,2434.97,2448.1975,36.71995181513688,NaN,NaN
1725256800,2450.0772669298913,2476.15,2433.18,2458.0699999999997,39.951742294992236,NaN,NaN
1725267600,2454.0736334649455,2539.53,2454.0736334649455,2496.46,50.53160173295331,NaN,NaN
1725278400,2475.2668167324728,2528,2475.2668167324728,2513.9925,54.476414257446315,NaN,NaN
1725289200,2494.629658366236,2525.79,2494.629658366236,2518.4875,55.45713906164384,NaN,NaN
1725300000,2506.558579183118,2564.83,2506.558579183118,2539.3275,59.78300463719071,NaN,NaN
1725310800,2522.9430395915588,2563.07,2522.9430395915588,2547.4125000000004,61.35119220534087,NaN,NaN
1725321600,2535.1777697957796,2553.6,2527.63,2537.0825,58.2271362960197,NaN,NaN
1725332400,2536.1301348978895,2536.1301348978895,2513.39,2523.6074999999996,54.34001008957502,NaN,NaN
1725343200,2529.8688174489444,2529.8688174489444,2494.24,2510.0175,50.66635611169231,NaN,NaN
1725354000,2519.943158724472,2519.943158724472,2498.14,2505.2,49.391624392954164,NaN,NaN
1725364800,2512.5715793622358,2519.12,2443.21,2479.545,43.16358177180079,NaN,NaN
1725375600,2496.058289681118,2496.058289681118,2435.79,2447.09,36.83566126307494,NaN,NaN
1725386400,2471.574144840559,2471.574144840559,2435.83,2452.9025,38.57255024516623,NaN,NaN
1725397200,2462.2383224202795,2470.57,2411.12,2442.65,36.65777542369915,NaN,NaN
1725408000,2452.44416121014,2452.44416121014,2306.65,2386.3975,28.344015708087525,NaN,NaN
1725418800,2419.42083060507,2419.42083060507,2363.56,2368.93,26.345911229566582,NaN,NaN
1725429600,2394.175415302535,2414.71,2365.24,2386.6475,31.612055318462467,NaN,NaN
1725440400,2390.4114576512675,2405,2387.15,2398.0825,34.84971081428627,NaN,NaN
1725451200,2394.246978825634,2450.68,2393.16,2420.2749999999996,40.715752422115266,NaN,NaN
1725462000,2407.260989412817,2490,2407.260989412817,2451.12,47.75657872847576,NaN,NaN
1725472800,2429.1904947064086,2459.6,2429.1904947064086,2450.9175,47.716512547385385,NaN,NaN
1725483600,2440.053997353204,2469.55,2440.053997353204,2454.7425000000003,48.59381871372799,NaN,NaN
1725494400,2447.398248676602,2466,2443.12,2451.4725,47.85453568459169,NaN,NaN
1725505200,2449.435374338301,2449.435374338301,2401.77,2425.8824999999997,42.416170352279394,NaN,NaN
1725516000,2437.6589371691502,2437.6589371691502,2376.72,2402.6075,38.16758770153428,NaN,NaN
1725526800,2420.133218584575,2420.133218584575,2383.16,2396.6425,37.140826102377645,NaN,NaN
1725537600,2408.3878592922874,2415.15,2363.68,2386.3925,35.37955823423239,NaN,NaN
1725548400,2397.3901796461437,2397.3901796461437,2355.8,2380.15,34.312363065705156,NaN,NaN
1725559200,2388.770089823072,2395.99,2348.04,2376.4049999999997,33.656462706580385,NaN,NaN
1725570000,2382.5875449115356,2382.5875449115356,2350,2365.935,31.824851991013503,NaN,NaN
1725580800,2374.2612724557675,2408.4,2357.6,2384.3075,38.18231312831106,NaN,NaN
1725591600,2379.2843862278837,2402.95,2375.28,2391.23,40.436136489450924,NaN,NaN
1725602400,2385.257193113942,2386.06,2321.21,2360.4175,34.42060174241574,NaN,NaN
1725613200,2372.837346556971,2379.4,2345.84,2362.085,34.984299646960636,NaN,NaN
1725624000,2367.4611732784856,2408.83,2311.54,2355.135,33.684683468439815,NaN,NaN
1725634800,2361.2980866392427,2361.2980866392427,2226,2284.5125,23.948907087428324,NaN,NaN
1725645600,2322.9052933196213,2322.9052933196213,2166,2207.5775000000003,17.884582066819092,NaN,NaN
1725656400,2265.2413966598106,2265.2413966598106,2150.55,2192.9300000000003,17.001872647202887,NaN,NaN
1725667200,2229.0856983299054,2243,2220.98,2230.5775,26.977757948040022,NaN,NaN
1725678000,2229.8315991649524,2275.7,2229.8315991649524,2251.6575,31.912555447386197,NaN,NaN
1725688800,2240.744549582476,2299.47,2240.744549582476,2279.7974999999997,37.94165597550555,NaN,NaN
1725699600,2260.271024791238,2297.37,2260.271024791238,2288.91,39.80063933068714,NaN,NaN
1725710400,2274.590512395619,2298.79,2274.590512395619,2289.8275000000003,39.995539434045185,NaN,NaN
1725721200,2282.2090061978097,2311.27,2263.4,2285.5499999999997,39.35580805593781,NaN,NaN
1725732000,2283.879503098905,2293.97,2267.43,2276.2974999999997,37.942095340648166,NaN,NaN
1725742800,2280.0885015494523,2280.0885015494523,2257.37,2269.45,36.88607471067472,NaN,NaN
1725753600,2274.769250774726,2288.33,2263.22,2277.2275,38.963999488131044,NaN,NaN
1725764400,2275.998375387363,2304.8,2275.998375387363,2288.4075000000003,41.923974110531226,NaN,NaN
1725775200,2282.2029376936816,2299.48,2282.2029376936816,2291.38,42.71935393486703,NaN,NaN
1725786000,2286.791468846841,2309.86,2286.791468846841,2299.3675000000003,44.902985861109514,NaN,NaN
1725796800,2293.0794844234206,2299,2267,2282.7125,41.362245475037206,NaN,NaN
1725807600,2287.89599221171,2287.89599221171,2240.94,2268.5075,38.56882353370872,NaN,NaN
1725818400,2278.201746105855,2283.46,2267.39,2277.3675000000003,41.234644429440976,NaN,NaN
1725829200,2277.7846230529276,2333.58,2274.55,2295.535,46.37351411148306,NaN,NaN
1725840000,2286.6598115264637,2320.74,2286.6598115264637,2303.415,48.478040333999786,NaN,NaN
1725850800,2295.0374057632316,2307.79,2283.1,2296.6275,46.77525661195554,NaN,NaN
1725861600,2295.8324528816156,2330.61,2287.11,2308.185,49.996012538693286,NaN,NaN
1725872400,2302.0087264408075,2339,2302.0087264408075,2322.6925,53.77708442748159,NaN,NaN
1725883200,2312.350613220404,2325.51,2276,2298.8375,47.42663922955803,NaN,NaN
1725894000,2305.5940566102017,2352.89,2272.8,2311.5525,50.76405867592565,NaN,NaN
1725904800,2308.5732783051008,2352.69,2308.5732783051008,2340.1150000000002,57.31867769587578,NaN,NaN
1725915600,2324.3441391525503,2381.41,2324.3441391525503,2355.615,60.39962763800575,NaN,NaN
1725926400,2339.979569576275,2360.59,2334.99,2350.0175,58.75031102336852,NaN,NaN
1725937200,2344.9985347881375,2349.94,2328,2343.1675,56.7094820736656,NaN,NaN
1725948000,2344.0830173940685,2372,2339.58,2354.0299999999997,59.13377376150897,NaN,NaN
1725958800,2349.056508697034,2356.14,2339.08,2350.255,57.91985011883783,NaN,NaN
1725969600,2349.655754348517,2364.16,2320.41,2343.09,55.58738096467497,NaN,NaN
1725980400,2346.3728771742585,2363,2323.75,2343.6125,55.72739717486795,NaN,NaN
1725991200,2344.992688587129,2395.59,2344.992688587129,2368.355,61.85938876042185,NaN,NaN
1726002000,2356.673844293565,2400,2356.673844293565,2384.7075,65.28192025713633,NaN,NaN
1726012800,2370.690672146782,2389.32,2339,2367.65,59.30388020876013,NaN,NaN
1726023600,2369.170336073391,2369.170336073391,2318.66,2338.5975,50.775392934586144,NaN,NaN
1726034400,2353.8839180366954,2353.8839180366954,2322.34,2328.8,48.255113569453705,NaN,NaN
1726045200,2341.3419590183476,2341.3419590183476,2306.45,2323.0825,46.79537883346911,NaN,NaN
1726056000,2332.212229509174,2355.32,2277.68,2317.58,45.37283684092232,NaN,NaN
1726066800,2324.896114754587,2368.87,2302.48,2334.565,50.3864687981477,NaN,NaN
1726077600,2329.7305573772937,2359.63,2329.63,2348.525,54.11405767807907,NaN,NaN
1726088400,2339.1277786886467,2351.8,2333,2343.2475000000004,52.50792925650313,NaN,NaN
1726099200,2341.1876393443235,2391.93,2339.54,2358.725,56.578302361576995,NaN,NaN
1726110000,2349.956319672162,2379.33,2349.956319672162,2363.4,57.75602593287759,NaN,NaN
1726120800,2356.6781598360812,2366,2352.74,2358.5975,56.07348906179502,NaN,NaN
1726131600,2357.6378299180406,2361.23,2343.2,2353.0475,54.1116282917458,NaN,NaN
1726142400,2355.34266495902,2366.98,2327.71,2342.86,50.6112348717045,NaN,NaN
1726153200,2349.1013324795103,2350,2315.39,2335.7825000000003,48.2748513169829,NaN,NaN
1726164000,2342.4419162397553,2361.54,2338.5,2350.3575,53.07861263170189,NaN,NaN
1726174800,2346.3997081198777,2373.64,2341.5,2357.1875,55.179270925074405,NaN,NaN
1726185600,2351.793604059939,2364.56,2350.27,2358.205,55.49890543235304,NaN,NaN
1726196400,2354.9993020299694,2360.79,2345.13,2352.7525,53.30514203092859,NaN,NaN
1726207200,2353.8759010149847,2353.8759010149847,2337.35,2344.9275000000002,50.23615458124887,NaN,NaN
1726218000,2349.4017005074925,2376.22,2341.66,2353.77,53.49456036179228,NaN,NaN
1726228800,2351.5858502537462,2370.8,2342.41,2358.6150000000002,55.22451582344241,NaN,NaN
1726239600,2355.1004251268732,2427.78,2355.1004251268732,2392.215,64.95943670624156,NaN,NaN
1726250400,2373.6577125634367,2428.38,2373.6577125634367,2416.8625,70.09566749398385,NaN,NaN
1726261200,2395.2601062817184,2464.82,2395.2601062817184,2436.8975,73.4964485897341,NaN,NaN
1726272000,2416.0788031408592,2440.6,2416.0788031408592,2431.765,71.26072007459368,NaN,NaN
1726282800,2423.9219015704293,2434.72,2414.8,2422.3325,67.21407181336453,NaN,NaN
1726293600,2423.127200785215,2423.127200785215,2412,2416.3374999999996,64.69933731569029,NaN,NaN
1726304400,2419.7323503926073,2420.49,2407.98,2415.27,64.2384546244742,NaN,NaN
1726315200,2417.501175196304,2424.11,2412.17,2418.37,65.01777580205126,NaN,NaN
1726326000,2417.935587598152,2422.9,2411.69,2417.2625000000003,64.47717964138795,NaN,NaN
1726336800,2417.599043799076,2422.99,2376.72,2407.5424999999996,59.77933007724036,NaN,NaN
1726347600,2412.5707718995377,2419.4,2411.48,2416.1975,62.40595251313678,NaN,NaN
1726358400,2414.384135949769,2430.32,2414.384135949769,2422.5575000000003,64.25334221784487,NaN,NaN
1726369200,2418.470817974885,2425.95,2414.1,2421.0724999999998,63.469090052146946,NaN,NaN
1726380000,2419.7716589874426,2424.49,2413.55,2418.0275,61.803311462046096,NaN,NaN
1726390800,2418.8995794937214,2418.8995794937214,2401.75,2409.9700000000003,57.50260110508664,NaN,NaN
1726401600,2414.4347897468606,2418.72,2396.28,2408.4125000000004,56.681526888537086,NaN,NaN
1726412400,2411.4236448734305,2415.4,2376,2396.6375000000003,50.7782859992805,NaN,NaN
1726423200,2404.0305724367154,2404.0305724367154,2355.77,2372.6275,41.326860654703864,NaN,NaN
1726434000,2388.329036218358,2388.329036218358,2283.75,2331.5625,30.775856940842303,NaN,NaN
1726444800,2359.945768109179,2359.945768109179,2252.39,2288.085,23.836969770436554,NaN,NaN
1726455600,2324.0153840545895,2324.0153840545895,2259.62,2277.415,22.496435500301644,NaN,NaN
1726466400,2300.7151920272945,2335.7,2290,2308.7025,34.18458198417402,NaN,NaN
1726477200,2304.7088460136474,2319.87,2289,2308.1375,34.08461774488708,NaN,NaN
1726488000,2306.4231730068236,2312.6,2269.52,2292.0175,31.27460969971216,NaN,NaN
1726498800,2299.220336503412,2311.06,2269.25,2291.1225,31.121201641010927,NaN,NaN
1726509600,2295.171418251706,2306.46,2267.6,2288.6625,30.675802915757558,NaN,NaN
1726520400,2291.9169591258533,2301.6,2270.5,2285.5925,30.096904456612748,NaN,NaN
1726531200,2288.7547295629265,2298.91,2263.29,2286.215,30.383785941245634,NaN,NaN
1726542000,2287.4848647814633,2306.34,2281.9,2294.2675,34.1486299590666,NaN,NaN
1726552800,2290.8761823907316,2316.27,2290.8761823907316,2305.8725000000004,39.24778045753846,NaN,NaN
1726563600,2298.374341195366,2323.69,2298.374341195366,2311.01,41.41071120701552,NaN,NaN
1726574400,2304.692170597683,2364.48,2302.61,2330.3475000000003,48.79971692938007,NaN,NaN
1726585200,2317.519835298842,2393.63,2317.519835298842,2363.29,58.420095737975544,NaN,NaN
1726596000,2340.404917649421,2370.8,2327.9,2352.4875,54.78485849611638,NaN,NaN
1726606800,2346.4462088247105,2351.81,2328.79,2341.6,51.31880242499655,NaN,NaN
1726617600,2344.023104412355,2344.023104412355,2309.69,2331.1575000000003,48.17090314647963,NaN,NaN
1726628400,2337.5903022061775,2343.28,2312.64,2327.1,46.96541970145447,NaN,NaN
1726639200,2332.345151103089,2335,2317.8,2323.755,45.94463639868475,NaN,NaN
1726650000,2328.0500755515445,2328.0500755515445,2277.34,2305.0325000000003,40.62262571829971,NaN,NaN
1726660800,2316.5412877757726,2318,2288,2301.3925,39.660738946502946,NaN,NaN
1726671600,2308.9668938878863,2318.4,2288.25,2303.7075,40.62368835853179,NaN,NaN
1726682400,2306.337196943943,2364.42,2290,2322.4075000000003,47.861939555330714,NaN,NaN
1726693200,2314.3723484719717,2376.14,2314.3723484719717,2350.475,56.444390635693274,NaN,NaN
1726704000,2332.423674235986,2409.4,2332.423674235986,2389.335,65.02785302717182,NaN,NaN
1726714800,2360.8793371179927,2422.79,2360.8793371179927,2408.2875,68.30815845639837,NaN,NaN
1726725600,2384.5834185589965,2442.6,2384.5834185589965,2422.575,70.55070426257376,NaN,NaN
1726736400,2403.579209279498,2441.6,2403.579209279498,2432.925,72.0913455596134,NaN,NaN
1726747200,2418.252104639749,2453,2418.252104639749,2433.765,72.21837601945083,NaN,NaN
1726758000,2426.0085523198745,2483.66,2421.93,2451.86,74.871731955814,NaN,NaN
1726768800,2438.9342761599373,2494.95,2438.9342761599373,2473.0275,77.57043111784344,NaN,NaN
1726779600,2455.9808880799687,2478.8,2452.26,2465.3275000000003,74.43861647081752,NaN,NaN
1726790400,2460.6541940399848,2467.17,2437.31,2456.4900000000002,70.90049687008538,NaN,NaN
1726801200,2458.5720970199927,2557.79,2454.38,2503.1099999999997,77.08743140533956,NaN,NaN
1726812000,2480.841048509996,2571.93,2480.841048509996,2549.8225,81.36314093107468,NaN,NaN
1726822800,2515.331774254998,2555.39,2515.331774254998,2546.3875,80.17827439438874,NaN,NaN
1726833600,2530.859637127499,2570,2516.2,2544.375,79.44827911091544,NaN,NaN
1726844400,2537.6173185637494,2569,2523.35,2543.925,79.27447580371194,NaN,NaN
1726855200,2540.771159281875,2549.4,2525.36,2538.0825,76.92163291981844,NaN,NaN
1726866000,2539.4268296409373,2562.4,2539.4268296409373,2551.09,78.45480128340525,NaN,NaN
1726876800,2545.2584148204687,2587.4,2534.17,2556.2925,79.05415821015194,NaN,NaN
1726887600,2550.7754574102346,2550.7754574102346,2528.97,2541.345,72.78886860752293,NaN,NaN
1726898400,2546.060228705117,2558.99,2542.99,2548.9675,73.92381172155136,NaN,NaN
1726909200,2547.513864352559,2557.14,2545.04,2552.01,74.38308601956909,NaN,NaN
1726920000,2549.7619321762795,2576.47,2549.7619321762795,2562.9725,76.02181821129957,NaN,NaN
1726930800,2556.3672160881397,2573,2550.44,2565.2725,76.36345767720347,NaN,NaN
1726941600,2560.81985804407,2578.4,2560.81985804407,2569.67,77.0371178588444,NaN,NaN
1726952400,2565.2449290220347,2623.34,2560,2590.31,79.92861520060693,NaN,NaN
1726963200,2577.7774645110176,2632.57,2577.7774645110176,2606.9449999999997,81.90615429859213,NaN,NaN
1726974000,2592.3612322555086,2614.68,2579.31,2592.6899999999996,75.0796397300509,NaN,NaN
1726984800,2592.525616127754,2595.76,2576.01,2587.205,72.57322461910742,NaN,NaN
1726995600,2589.865308063877,2595.01,2569.61,2585.0550000000003,71.56472362645628,NaN,NaN
1727006400,2587.4601540319386,2588,2554.82,2571.8625,65.54580924319376,NaN,NaN
1727017200,2579.6613270159696,2591.69,2552.49,2573.4024999999997,65.90628149515894,NaN,NaN
1727028000,2576.5319135079844,2586,2562.62,2576.8399999999997,66.74269964436219,NaN,NaN
1727038800,2576.6859567539923,2594,2524.58,2568.23,62.60013338685561,NaN,NaN
1727049600,2572.457978376996,2643.19,2539.49,2599.9175,69.98405699261663,NaN,NaN
1727060400,2586.187739188498,2687.24,2586.187739188498,2653.2675,77.89648289468798,NaN,NaN
1727071200,2619.727619594249,2661.61,2619.727619594249,2650.3875,76.7207377828779,NaN,NaN
1727082000,2635.0575597971247,2662.47,2633.91,2647.1125,75.3283591818839,NaN,NaN
1727092800,2641.0850298985624,2672.72,2631.45,2652.5924999999997,76.10966445714683,NaN,NaN
1727103600,2646.838764949281,2702.82,2646.838764949281,2670.0525000000002,78.45116801551771,NaN,NaN
1727114400,2658.4456324746407,2692.61,2658.4456324746407,2670.96,78.56874094417053,NaN,NaN
1727125200,2664.7028162373203,2666.33,2639.55,2653.605,70.63190852904299,NaN,NaN
1727136000,2659.15390811866,2659.15390811866,2609.4,2632.3175,62.316472876127115,NaN,NaN
1727146800,2645.73570405933,2645.73570405933,2617.74,2626.0975,60.090399061252555,NaN,NaN
1727157600,2635.9166020296652,2667.75,2631.79,2648.1375,64.87803764991031,NaN,NaN
1727168400,2642.0270510148325,2662.61,2619.35,2645.0025,63.70734175358802,NaN,NaN
1727179200,2643.5147755074163,2646.36,2591.56,2621.96,55.74518880804478,NaN,NaN
1727190000,2632.7373877537084,2657,2605.73,2630.8500000000004,57.92979188103947,NaN,NaN
1727200800,2631.7936938768544,2659.72,2631.7936938768544,2647.77,61.795344723326444,NaN,NaN
1727211600,2639.7818469384274,2670.96,2639.7818469384274,2653.7375,63.083689200361945,NaN,NaN
1727222400,2646.759673469214,2673.5,2632.5,2651.75,62.32979430729443,NaN,NaN
1727233200,2649.254836734607,2649.254836734607,2620.6,2635.1575,56.282558275479786,NaN,NaN
1727244000,2642.2061683673037,2642.2061683673037,2610.53,2622.045,51.98978815552948,NaN,NaN
1727254800,2632.125584183652,2632.125584183652,2613.99,2624.29,52.655594603574166,NaN,NaN
1727265600,2628.207792091826,2629.56,2604.11,2622.0325,51.876516007488846,NaN,NaN
1727276400,2625.120146045913,2629,2564.77,2599.0625,44.63929266051795,NaN,NaN
1727287200,2612.091323022956,2612.091323022956,2568,2578.3624999999997,39.31617066668477,NaN,NaN
1727298000,2595.2269115114777,2595.2269115114777,2554.05,2574.935,38.49756605079692,NaN,NaN
1727308800,2585.0809557557386,2600.6,2559.2,2584.29,42.04446571510887,NaN,NaN
1727319600,2584.6854778778693,2616.61,2584.6854778778693,2604.7075,48.962594530218006,NaN,NaN
1727330400,2594.6964889389346,2634.95,2594.6964889389346,2620.085,53.46780537730312,NaN,NaN
1727341200,2607.3907444694673,2639.5,2607.3907444694673,2625.3199999999997,54.92649696452835,NaN,NaN
1727352000,2616.3553722347333,2653.75,2613.2,2627.355,55.51034708067764,NaN,NaN
1727362800,2621.8551861173664,2666.22,2607.92,2629.4375,56.136511672530304,NaN,NaN
1727373600,2625.646343058683,2660,2625.646343058683,2636.9350000000004,58.40623969937412,NaN,NaN
1727384400,2631.290671529342,2648.5,2617.49,2632.3125,56.46622708969204,NaN,NaN
1727395200,2631.801585764671,2644.9,2617.17,2628.3075,54.768808769047865,NaN,NaN
1727406000,2630.054542882335,2655.12,2615.21,2635.7000000000003,57.319196429885935,NaN,NaN
1727416800,2632.877271441168,2677.61,2632.877271441168,2662.6525,65.05558613048458,NaN,NaN
1727427600,2647.764885720584,2673.65,2641.3,2658.4875,63.15063385844492,NaN,NaN
1727438400,2653.126192860292,2696.99,2642.2,2668.2925,65.69715301004274,NaN,NaN
1727449200,2660.709346430146,2728.6,2660.709346430146,2698.145,72.03390304923401,NaN,NaN
1727460000,2679.427173215073,2709.1,2679.427173215073,2698.3450000000003,72.07112711368683,NaN,NaN
1727470800,2688.8860866075365,2708.41,2688.8860866075365,2696.6825,71.22248342237597,NaN,NaN
1727481600,2692.784293303768,2704.35,2688.01,2696.7799999999997,71.24386905838428,NaN,NaN
1727492400,2694.782146651884,2703.35,2682.69,2692.3625,68.75097210393409,NaN,NaN
1727503200,2693.5723233259423,2693.5723233259423,2665,2675.27,60.00236500860434,NaN,NaN
1727514000,2684.421161662971,2684.421161662971,2650,2667.0899999999997,56.309414564268835,NaN,NaN
1727524800,2675.7555808314855,2675.9,2652.2,2669.2225,57.05153296164896,NaN,NaN
1727535600,2672.4890404157427,2683.74,2662.21,2673.745,58.655435499856196,NaN,NaN
1727546400,2673.117020207871,2684.51,2673.117020207871,2677.185,59.88266814414597,NaN,NaN
1727557200,2675.1510101039357,2680.33,2655.5,2671.6400000000003,56.94828436336501,NaN,NaN
1727568000,2673.395505051968,2683.7,2663.64,2674.39,58.04628359400308,NaN,NaN
1727578800,2673.892752525984,2676,2662.06,2669.5924999999997,55.392126736441945,NaN,NaN
1727589600,2671.742626262992,2671.742626262992,2629.73,2652.685,47.20085830336815,NaN,NaN
1727600400,2662.213813131496,2662.213813131496,2638.2,2648.295,45.326613983776525,NaN,NaN
1727611200,2655.254406565748,2659.16,2641,2651.38,46.92164486111265,NaN,NaN
1727622000,2653.3172032828743,2671.8,2650.49,2659.49,50.97109181942383,NaN,NaN
1727632800,2656.403601641437,2673.41,2656.403601641437,2663.7775,53.01204375271108,NaN,NaN
1727643600,2660.090550820719,2671.52,2648,2659.5074999999997,50.74638703864842,NaN,NaN
1727654400,2659.7990254103593,2663.5,2601.12,2633.8775,39.76165579745774,NaN,NaN
1727665200,2646.8382627051797,2646.8382627051797,2604.99,2623.0175,36.187235501559286,NaN,NaN
1727676000,2634.92788135259,2643.53,2625.31,2636.5824999999995,43.07133037579613,NaN,NaN
1727686800,2635.7551906762947,2642.25,2592.42,2626.225,39.56190278518983,NaN,NaN
1727697600,2630.9900953381475,2638.94,2605.32,2621.1400000000003,37.927991243820024,NaN,NaN
1727708400,2626.065047669074,2626.065047669074,2590,2608.4625,34.14209364015862,NaN,NaN
1727719200,2617.263773834537,2617.46,2575,2604.0625,32.914103737654386,NaN,NaN
1727730000,2610.6631369172683,2615.69,2576.58,2602.2275,32.390870479032984,NaN,NaN
1727740800,2606.445318458634,2629.37,2591.34,2610.67,37.32728373280946,NaN,NaN
1727751600,2608.5576592293173,2647.25,2608.5576592293173,2631.0825,47.33893309141439,NaN,NaN
1727762400,2619.8200796146584,2659,2619.8200796146584,2643.84,52.45127670498976,NaN,NaN
1727773200,2631.8300398073293,2645.47,2628.47,2635.95,49.26581654769222,NaN,NaN
1727784000,2633.8900199036643,2633.8900199036643,2536,2586.955,35.036215015943284,NaN,NaN
1727794800,2610.422509951832,2610.422509951832,2428.34,2508.8450000000003,23.4216294389539,NaN,NaN
1727805600,2559.6337549759164,2559.6337549759164,2414,2472.87,20.114346760240295,NaN,NaN
1727816400,2516.251877487958,2516.251877487958,2440,2453.54,18.594970167374015,NaN,NaN
1727827200,2484.895938743979,2499,2442.13,2470.3575,23.97552653264306,NaN,NaN
1727838000,2477.6267193719896,2496.27,2472.64,2484.86,28.37219491026491,NaN,NaN
1727848800,2481.2433596859946,2492.93,2467.19,2479.7275,27.760316031664814,NaN,NaN
1727859600,2480.4854298429973,2481.92,2441.71,2464.9075000000003,26.01565439707204,NaN,NaN
1727870400,2472.696464921499,2472.696464921499,2418.8,2442.4075,23.59149452851247,NaN,NaN
1727881200,2457.551982460749,2478.89,2433.47,2448.3675000000003,25.5699365020332,NaN,NaN
1727892000,2452.9597412303747,2452.9597412303747,2360,2409.9900000000002,21.67761872644519,NaN,NaN
1727902800,2431.4748706151877,2431.4748706151877,2352,2372.3475,18.674847973502096,NaN,NaN
1727913600,2401.9111853075938,2401.9111853075938,2352.59,2376.5075,19.99381434911308,NaN,NaN
1727924400,2389.2093426537967,2403.38,2380.8,2389.9,24.253006635001043,NaN,NaN
1727935200,2389.5546713268986,2393.52,2328.26,2360.73,21.56069187493449,NaN,NaN
1727946000,2375.1423356634496,2375.1423356634496,2318.72,2344.6425,20.227077698457933,NaN,NaN
1727956800,2359.8924178317247,2366.09,2315,2337.7475000000004,19.665634446507994,NaN,NaN
1727967600,2348.8199589158626,2349.73,2310,2330.2775,19.048741194560407,NaN,NaN
1727978400,2339.5487294579316,2354.83,2337.65,2344.5699999999997,23.963438863517382,NaN,NaN
1727989200,2342.0593647289656,2357.9,2332.6,2345.5675,24.308827322101948,NaN,NaN
1728000000,2343.8134323644827,2380,2339.15,2359.8375,29.25934039033224,NaN,NaN
1728010800,2351.825466182241,2385.12,2351.825466182241,2375.055,34.20158705256095,NaN,NaN
1728021600,2363.4402330911207,2393.52,2363.4402330911207,2382.3175,36.48233531357123,NaN,NaN
1728032400,2372.8788665455604,2387.82,2372.8788665455604,2382.41,36.51252025182666,NaN,NaN
1728043200,2377.64443327278,2399.99,2352.6,2376.5,35.356422604736466,NaN,NaN
1728054000,2377.0722166363903,2441.64,2366.95,2397.7625,42.42016208560516,NaN,NaN
1728064800,2387.417358318195,2436.1,2387.417358318195,2422.66,49.39351383317504,NaN,NaN
1728075600,2405.0386791590972,2431.22,2405.0386791590972,2421.83,49.17968615418314,NaN,NaN
1728086400,2413.4343395795486,2428.23,2401.05,2411.315,46.4370124747008,NaN,NaN
1728097200,2412.374669789774,2417.95,2390.26,2406.9325,45.30301312610656,NaN,NaN
1728108000,2409.653584894887,2427,2409.653584894887,2419.455,49.12596242928517,NaN,NaN
1728118800,2414.5542924474435,2428.22,2414.5542924474435,2420.4275,49.4216161420659,NaN,NaN
1728129600,2417.4908962237214,2424.15,2404.7,2415.125,47.790792082691155,NaN,NaN
1728140400,2416.3079481118607,2417,2402.28,2410.975,46.49757169592967,NaN,NaN
1728151200,2413.6414740559303,2413.6414740559303,2390.05,2401.09,43.479522335589955,NaN,NaN
1728162000,2407.365737027965,2419.5,2392.12,2404.6575000000003,44.87028743997748,NaN,NaN
1728172800,2406.0116185139827,2423,2406.0116185139827,2415.29,48.905601543302936,NaN,NaN
1728183600,2410.650809256991,2421.68,2410.35,2416.3975,49.32171005152685,NaN,NaN
1728194400,2413.5241546284956,2426.6,2413.5241546284956,2419.5699999999997,50.563710496818665,NaN,NaN
1728205200,2416.547077314248,2430.73,2416.547077314248,2424.355,52.45630563334577,NaN,NaN
1728216000,2420.4510386571237,2457.8,2420.4510386571237,2440.5625,58.28207542203078,NaN,NaN
1728226800,2430.506769328562,2455.4,2430.506769328562,2446.395,60.1733624170831,NaN,NaN
1728237600,2438.450884664281,2452.84,2437.6,2442.78,58.40598093018429,NaN,NaN
1728248400,2440.6154423321404,2444.6,2415.65,2434.7625000000003,54.57726504231649,NaN,NaN
1728259200,2437.6889711660706,2512.92,2435.84,2473.3825,66.1039197089074,NaN,NaN
1728270000,2455.5357355830356,2511.9,2455.5357355830356,2495.6349999999998,70.71521804353527,NaN,NaN
1728280800,2475.5853677915175,2492.18,2475.5853677915175,2484.23,65.77616751218744,NaN,NaN
1728291600,2479.907683895759,2482.6,2437.9,2469.735,60.036900127707604,NaN,NaN
1728302400,2474.82134194788,2521,2462.67,2489.5075,64.57733242564159,NaN,NaN
1728313200,2482.1644209739397,2500,2458.42,2483.355,62.208877508205596,NaN,NaN
1728324000,2482.75971048697,2482.75971048697,2420.01,2453.875,52.309150309432916,NaN,NaN
1728334800,2468.317355243485,2468.317355243485,2403,2431.3424999999997,46.250771465744,NaN,NaN
1728345600,2449.829927621742,2449.829927621742,2422.7,2434.7974999999997,47.25943630980925,NaN,NaN
1728356400,2442.313713810871,2448.1,2419.18,2435.3675,47.434697318098394,NaN,NaN
1728367200,2438.8406069054354,2438.8406069054354,2410.51,2426.0825,44.82180440740067,NaN,NaN
1728378000,2432.4615534527175,2441.74,2417.4,2431.3824999999997,46.62901732003931,NaN,NaN
1728388800,2431.9220267263586,2453.23,2413.2,2435.385,48.013764069805625,NaN,NaN
1728399600,2433.6535133631796,2450,2401.18,2432.3625,47.02160287533729,NaN,NaN
1728410400,2433.00800668159,2456.62,2424.1,2441.875,50.48920623785674,NaN,NaN
1728421200,2437.441503340795,2466.66,2434.06,2446.3774999999996,52.087737077604565,NaN,NaN
1728432000,2441.9095016703973,2473.61,2427.44,2447.3825,52.4567208667016,NaN,NaN
1728442800,2444.6460008351987,2454.28,2439.5,2448.1275,52.74723198055091,NaN,NaN
1728453600,2446.3867504175996,2452.61,2429.28,2441.0025,49.62417303764346,NaN,NaN
1728464400,2443.6946252088,2443.6946252088,2427.79,2435.76,47.40034958818621,NaN,NaN
1728475200,2439.7273126044,2445.62,2423.13,2436.8374999999996,47.9169643775807,NaN,NaN
1728486000,2438.2824063022,2472.08,2428.47,2442.93,50.85608027818331,NaN,NaN
1728496800,2440.6062031511,2440.6062031511,2353.2,2395.24,34.462247815120705,NaN,NaN
1728507600,2417.92310157555,2417.92310157555,2351.42,2364.8675,28.222453473406148,NaN,NaN
1728518400,2391.395300787775,2400.6,2366.87,2383.0924999999997,35.74097559992801,NaN,NaN
1728529200,2387.243900393887,2411.38,2387.243900393887,2400.6274999999996,42.03244086384883,NaN,NaN
1728540000,2393.9357001969433,2410,2380.61,2394.545,40.54936698743912,NaN,NaN
1728550800,2394.240350098472,2408.12,2368.55,2391.3075,39.745510362467584,NaN,NaN
1728561600,2392.773925049236,2408.93,2370,2391.8275,39.95141944913832,NaN,NaN
1728572400,2392.3007125246177,2421.36,2364.05,2385.1000000000004,38.13568354540105,NaN,NaN
1728583200,2388.700356262309,2388.700356262309,2330.66,2362.755,32.80300470370996,NaN,NaN
1728594000,2375.727678131155,2387.09,2362.01,2376.2175,38.39255812027625,NaN,NaN
1728604800,2375.9725890655773,2415.4,2375.9725890655773,2395.9674999999997,45.548447094287866,NaN,NaN
1728615600,2385.9700445327885,2416.94,2385.9700445327885,2405.855,48.7574160727741,NaN,NaN
1728626400,2395.9125222663943,2418.55,2395.9125222663943,2407.7275,49.365995874945256,NaN,NaN
1728637200,2401.820011133197,2426.22,2401.820011133197,2412.4474999999998,50.94743715915018,NaN,NaN
1728648000,2407.1337555665987,2439.71,2407.1337555665987,2426.1375,55.30748931958905,NaN,NaN
1728658800,2416.6356277832992,2453.84,2416.6356277832992,2442.1425,59.80562150287438,NaN,NaN
1728669600,2429.3890638916496,2471.45,2429.3890638916496,2454.595,62.931605780244965,NaN,NaN
1728680400,2441.9920319458247,2461.3,2434.22,2448.04,60.27422414499223,NaN,NaN
1728691200,2445.016015972912,2451.37,2435.49,2440.755,57.3745706208511,NaN,NaN
1728702000,2442.885507986456,2451.77,2434.35,2442.5475,57.911103462082,NaN,NaN
1728712800,2442.716503993228,2448.98,2442.61,2446.2,59.0424033698188,NaN,NaN
1728723600,2444.458251996614,2467.51,2443.45,2452.315,60.9355441519019,NaN,NaN
1728734400,2448.386625998307,2479.33,2448.386625998307,2463.015,64.06545917118692,NaN,NaN
1728745200,2455.7008129991536,2486.75,2455.7008129991536,2475.02,67.23718105624822,NaN,NaN
1728756000,2465.360406499577,2482,2465.360406499577,2473.765,66.57562824814407,NaN,NaN
1728766800,2469.5627032497887,2490.51,2469.5627032497887,2476.9425,67.44889568020832,NaN,NaN
1728777600,2473.2526016248944,2484.92,2462.35,2473.335,65.36100294870741,NaN,NaN
1728788400,2473.2938008124474,2473.2938008124474,2452.55,2464.005,60.17305744771676,NaN,NaN
1728799200,2468.649400406224,2471.74,2459.87,2464.585,60.383572444976494,NaN,NaN
1728810000,2466.6172002031117,2470.98,2457.52,2462.4750000000004,59.15849834092734,NaN,NaN
1728820800,2464.546100101556,2470.49,2444.8,2455.155,54.990348371212825,NaN,NaN
1728831600,2459.850550050778,2462.31,2436.4,2448.0150000000003,51.20090317176293,NaN,NaN
1728842400,2453.932775025389,2460.79,2440,2451.95,53.11834969008558,NaN,NaN
1728853200,2452.9413875126947,2484.6,2452.9413875126947,2467.9575,60.0032767739657,NaN,NaN
1728864000,2460.449443756347,2469.8,2443.39,2458.6025,54.92655054093019,NaN,NaN
1728874800,2459.5259718781736,2548.43,2451.25,2495.8525,66.92602729590276,NaN,NaN
1728885600,2477.6892359390868,2543.72,2477.6892359390868,2528.95,73.64075094604596,NaN,NaN
1728896400,2503.3196179695433,2547.49,2503.3196179695433,2532.4049999999997,74.22893293996906,NaN,NaN
1728907200,2517.8623089847715,2638.05,2517.8623089847715,2583.255,80.96216793801287,NaN,NaN
1728918000,2550.558654492386,2642.88,2550.558654492386,2626.905,84.66581808936158,NaN,NaN
1728928800,2588.731827246193,2635.68,2588.731827246193,2625.5275,84.10972090068546,NaN,NaN
1728939600,2607.1296636230963,2654,2607.1296636230963,2630.3950000000004,84.49720303713842,NaN,NaN
1728950400,2618.7623318115484,2637.38,2617.93,2628.125,83.47489768118804,NaN,NaN
1728961200,2623.443665905774,2627.5,2590.29,2610.045,75.6266873677724,NaN,NaN
1728972000,2616.744332952887,2623.7,2592.73,2607.1975,74.4396374656344,NaN,NaN
1728982800,2611.9709164764436,2620.64,2580.01,2601.0550000000003,71.82079006517583,NaN,NaN
1728993600,2606.512958238222,2688.6,2562.35,2601.29,71.86157625063103,NaN,NaN
1729004400,2603.901479119111,2619.33,2537.36,2576.6875,61.78000392281212,NaN,NaN
1729015200,2590.2944895595556,2605.62,2563.6,2580.8125,62.724254512560805,NaN,NaN
1729026000,2585.553494779778,2609.08,2568.42,2589.2275,64.64329133230798,NaN,NaN
1729036800,2587.390497389889,2630.6,2587.390497389889,2612.19,69.28945241033594,NaN,NaN
1729047600,2599.7902486949442,2624.44,2599.7902486949442,2617.195,70.20838996963,NaN,NaN
1729058400,2608.492624347472,2621.9,2598.77,2612.185,68.01448318045652,NaN,NaN
1729069200,2610.338812173736,2642.69,2608,2622.5375,70.0940772133762,NaN,NaN
1729080000,2616.438156086868,2647.79,2595,2620.1975,69.00202766213759,NaN,NaN
1729090800,2618.317828043434,2626.83,2591.58,2611.75,65.061262673449,NaN,NaN
1729101600,2615.033914021717,2628.83,2611.12,2619.765,66.98769828733796,NaN,NaN
1729112400,2617.3994570108584,2625.36,2608.94,2615.8775,65.11243274625929,NaN,NaN
1729123200,2616.6384785054292,2643.39,2610.03,2622.255,66.7565708066254,NaN,NaN
1729134000,2619.446739252715,2648.37,2619.446739252715,2630.6375,68.83548133241891,NaN,NaN
1729144800,2625.0421196263574,2636.37,2615.3,2626.285,66.50972074360676,NaN,NaN
1729155600,2625.663559813179,2627.81,2596.49,2612.2799999999997,59.53892066423778,NaN,NaN
1729166400,2618.9717799065893,2618.9717799065893,2583.5,2601.605,54.8223674049127,NaN,NaN
1729177200,2610.2883899532944,2632.73,2600.37,2611.7,58.19504385822489,NaN,NaN
1729188000,2610.994194976647,2610.994194976647,2575.4,2596.845,52.03862651396553,NaN,NaN
1729198800,2603.9195974883232,2614.91,2597.67,2604.0924999999997,54.56409243138597,NaN,NaN
1729209600,2604.0060487441615,2651.66,2596.49,2621.935,60.130138448667886,NaN,NaN
1729220400,2612.970524372081,2634.36,2608.76,2626.1,61.32128076539939,NaN,NaN
1729231200,2619.53526218604,2650,2619.53526218604,2635.2250000000004,63.86817754596925,NaN,NaN
1729242000,2627.3801310930203,2639.5,2621,2630.195,61.46552670673437,NaN,NaN
1729252800,2628.7875655465105,2646.44,2612.2,2630.6025,61.59158656591129,NaN,NaN
1729263600,2629.695032773255,2663.4,2629.5,2645.4225,65.95375013550952,NaN,NaN
1729274400,2637.5587663866277,2675.58,2637.5587663866277,2651.8525,67.66943051921885,NaN,NaN
1729285200,2644.7056331933136,2648.12,2633.59,2641.85,62.4014511719286,NaN,NaN
1729296000,2643.2778165966565,2648.4,2635.22,2643.225,62.82982698926998,NaN,NaN
1729306800,2643.251408298328,2663.49,2640.55,2649.59,64.82755698669143,NaN,NaN
1729317600,2646.420704149164,2647.55,2638,2644.61,62.01900404884194,NaN,NaN
1729328400,2645.515352074582,2648.6,2631.02,2639.1974999999998,59.02591959977435,NaN,NaN
1729339200,2642.356426037291,2651.44,2631.04,2641.0125,59.72779972383279,NaN,NaN
1729350000,2641.684463018645,2654.41,2637,2645.6949999999997,61.55738433479574,NaN,NaN
1729360800,2643.6897315093224,2649.07,2638.5,2643.4625,60.15421031354555,NaN,NaN
1729371600,2643.5761157546613,2655.5,2641.2,2647.475,61.83793658317191,NaN,NaN
1729382400,2645.5255578773304,2653.56,2636.53,2644.3700000000003,59.73442466457779,NaN,NaN
1729393200,2644.9477789386656,2646.78,2635.54,2640.45,57.093908048844575,NaN,NaN
1729404000,2642.6988894693327,2652.03,2638.45,2644.3,59.01035887979125,NaN,NaN
1729414800,2643.499444734666,2651.02,2643.499444734666,2647.625,60.64525957289246,NaN,NaN
1729425600,2645.562222367333,2721,2642,2680.8775,72.47093698337794,NaN,NaN
1729436400,2663.2198611836666,2714,2663.2198611836666,2701.2725,77.02998656763752,NaN,NaN
1729447200,2682.2461805918333,2717.98,2682.2461805918333,2704.2075,77.60477419440986,NaN,NaN
1729458000,2693.2268402959166,2759,2693.2268402959166,2730.5825,81.97084342648492,NaN,NaN
1729468800,2711.9046701479583,2769.48,2711.9046701479583,2744.005,83.71124218976084,NaN,NaN
1729479600,2727.954835073979,2744.24,2725.3,2733.96,77.6686882244498,NaN,NaN
1729490400,2730.95741753699,2742.76,2714.39,2726.9125,73.6517982790008,NaN,NaN
1729501200,2728.9349587684947,2728.9349587684947,2701.41,2710.56,65.2227794892893,NaN,NaN
1729512000,2719.7474793842475,2719.7474793842475,2659.12,2686.8675,55.34067322046938,NaN,NaN
1729522800,2703.3074896921235,2703.3074896921235,2655.01,2670.915,49.8626016790366,NaN,NaN
1729533600,2687.1112448460617,2687.1112448460617,2658.4,2672.9925,50.54912330063057,NaN,NaN
1729544400,2680.0518724230305,2685.02,2665.69,2673.37,50.681272608820805,NaN,NaN
1729555200,2676.710936211515,2676.710936211515,2613.49,2647.2275,42.259070113638124,NaN,NaN
1729566000,2661.9692181057576,2661.9692181057576,2635.1,2642.33,40.888224852632376,NaN,NaN
1729576800,2652.149609052879,2659.39,2628.2,2641.015,40.508255966524004,NaN,NaN
1729587600,2646.5823045264397,2646.5823045264397,2613.2,2629.1625,37.156633925741836,NaN,NaN
1729598400,2637.8724022632196,2645.5,2606.56,2630.9749999999995,38.00141850938528,NaN,NaN
1729609200,2634.4237011316095,2642,2607,2628.2375,37.188300338326464,NaN,NaN
1729620000,2631.330600565805,2635.21,2621.12,2628.83,37.50001175161742,NaN,NaN
1729630800,2630.0803002829025,2644.1,2618.21,2629.78,38.03102627172198,NaN,NaN
1729641600,2629.930150141451,2629.930150141451,2610.37,2618.6425,34.346683221477306,NaN,NaN
1729652400,2624.2863250707255,2624.2863250707255,2601.18,2612.315,32.42479395705463,NaN,NaN
1729663200,2618.300662535363,2624.68,2571.57,2596.96,28.288130802763064,NaN,NaN
1729674000,2607.6303312676814,2607.6303312676814,2563.73,2577.5125000000003,24.095328153941992,NaN,NaN
1729684800,2592.571415633841,2592.571415633841,2556.8,2572.2075,23.089949979211738,NaN,NaN
1729695600,2582.38945781692,2582.38945781692,2485,2527.445,16.742168737387544,NaN,NaN
1729706400,2554.91722890846,2554.91722890846,2450,2495.1324999999997,13.794124418137784,NaN,NaN
1729717200,2525.02486445423,2528.49,2502,2517.6475,23.85528607598097,NaN,NaN
1729728000,2521.336182227115,2560.75,2508.98,2537.6,31.486560666694245,NaN,NaN
1729738800,2529.4680911135574,2559.59,2529.4680911135574,2553.2925,36.84734614135129,NaN,NaN
1729749600,2541.380295556779,2562.65,2518.1,2539.3125,34.27444661077398,NaN,NaN
1729760400,2540.3463977783895,2540.3463977783895,2508.8,2523.1575000000003,31.534239147646673,NaN,NaN
1729771200,2531.751948889195,2545.75,2513.4,2528.4224999999997,33.402958262619194,NaN,NaN
1729782000,2530.0872244445973,2536,2507.31,2522.45,32.32512094985036,NaN,NaN
1729792800,2526.2686122222985,2541.91,2520.24,2530.3599999999997,35.30267475307832,NaN,NaN
1729803600,2528.314306111149,2560,2528.314306111149,2540.785,39.10540187084296,NaN,NaN
1729814400,2534.5496530555747,2538.53,2509.89,2526.66,36.016478338057816,NaN,NaN
1729825200,2530.6048265277873,2532.06,2485.86,2508.8075,32.52010636664859,NaN,NaN
1729836000,2519.7061632638934,2519.7061632638934,2462.06,2498.47,30.663824713369564,NaN,NaN
1729846800,2509.088081631947,2547,2509.088081631947,2531.2124999999996,41.96367775415408,NaN,NaN
1729857600,2520.150290815973,2566.33,2520.150290815973,2545.3374999999996,46.048540034519206,NaN,NaN
1729868400,2532.743895407986,2557.43,2480.36,2517.305,40.027228305654404,NaN,NaN
1729879200,2525.0244477039932,2525.0244477039932,2455.6,2484.0550000000003,34.29842483611978,NaN,NaN
1729890000,2504.5397238519968,2504.5397238519968,2382.59,2450.025,29.62512561595969,NaN,NaN
1729900800,2477.2823619259984,2477.2823619259984,2430.12,2443.4425,28.807474193004325,NaN,NaN
1729911600,2460.3624309629995,2475,2439.23,2457.7375,33.12420465228999,NaN,NaN
1729922400,2459.0499654815,2479.7,2459.0499654815,2471.5675,37.0980188605444,NaN,NaN
1729933200,2465.30873274075,2478.99,2463.23,2471.6,37.10747651587957,NaN,NaN
1729944000,2468.4543663703753,2478.8,2442.2,2460.2075,35.114396531595915,NaN,NaN
1729954800,2464.330933185188,2483.35,2443.4,2463.2225,36.09268479197608,NaN,NaN
1729965600,2463.776716592594,2508,2463.776716592594,2488.935,43.86568363935168,NaN,NaN
1729976400,2476.355858296297,2493.6,2476.355858296297,2487.205,43.482471959189276,NaN,NaN
1729987200,2481.7804291481484,2483.55,2470.71,2477.455,41.29302834132115,NaN,NaN
1729998000,2479.617714574074,2486.84,2469.52,2477.9474999999998,41.453392598469534,NaN,NaN
1730008800,2478.7826072870366,2484.4,2475.68,2479.5350000000003,42.003329852116586,NaN,NaN
1730019600,2479.1588036435187,2479.1588036435187,2464.13,2471.3475,39.9206100867163,NaN,NaN
1730030400,2475.2531518217593,2503.98,2469.75,2484.3,44.60054269733155,NaN,NaN
1730041200,2479.7765759108797,2511.7,2479.7765759108797,2498.6074999999996,49.298704592189814,NaN,NaN
1730052000,2489.1920379554394,2498.57,2486,2493.5775000000003,47.76507032720901,NaN,NaN
1730062800,2491.38476897772,2527.99,2490.83,2504.66,51.35571598762987,NaN,NaN
1730073600,2498.0223844888596,2512.53,2488.2,2499.6324999999997,49.68710815198039,NaN,NaN
1730084400,2498.8274422444297,2498.8274422444297,2471.67,2485.8700000000003,45.34386665803148,NaN,NaN
1730095200,2492.348721122215,2527,2482.38,2502.2250000000004,50.842991761585914,NaN,NaN
1730106000,2497.2868605611075,2544.74,2497.2868605611075,2522.51,56.66653447328918,NaN,NaN
1730116800,2509.898430280554,2536.6,2509.05,2524.68,57.249989588650166,NaN,NaN
1730127600,2517.2892151402766,2526.33,2488,2510.3875,52.25908800350717,NaN,NaN
1730138400,2513.838357570138,2524.3,2489.1,2507.9025,51.41975086911768,NaN,NaN
1730149200,2510.870428785069,2589.67,2510.870428785069,2547.4125,61.897980775612496,NaN,NaN
1730160000,2529.1414643925345,2631.66,2529.1414643925345,2593.295,69.99237770449051,NaN,NaN
1730170800,2561.2182321962673,2626.49,2561.2182321962673,2615.555,72.9902916992202,NaN,NaN
1730181600,2588.3866160981333,2630.2,2588.3866160981333,2619.7075,73.52172220838331,NaN,NaN
1730192400,2604.0470580490664,2638.8,2604.0470580490664,2627.96,74.59167165345434,NaN,NaN
1730203200,2616.0035290245332,2645.41,2611.33,2629.7375,74.82761441540848,NaN,NaN
1730214000,2622.8705145122667,2681.86,2622.8,2647.815,77.15143667631034,NaN,NaN
1730224800,2635.342757256133,2674.79,2606.82,2639.565,73.80292093927825,NaN,NaN
1730235600,2637.4538786280664,2648.25,2616.99,2631.1775,70.45493950527734,NaN,NaN
1730246400,2634.315689314033,2641.6,2599.66,2626.915,68.74812283096074,NaN,NaN
1730257200,2630.6153446570165,2654.64,2627.17,2640.5775,71.15982558558792,NaN,NaN
1730268000,2635.596422328508,2684.21,2635.596422328508,2663.24,74.65382215383585,NaN,NaN
1730278800,2649.418211164254,2696.5,2649.418211164254,2668.9275000000002,75.45742773791797,NaN,NaN
1730289600,2659.1728555821273,2722.3,2653.03,2686,77.73900621597332,NaN,NaN
1730300400,2672.5864277910637,2713,2660,2689.125,78.13960617315334,NaN,NaN
1730311200,2680.855713895532,2682.5,2635.52,2667.88,69.04303686369009,NaN,NaN
1730322000,2674.367856947766,2686.13,2644.74,2667.3875,68.84295850165353,NaN,NaN
1730332800,2670.877678473883,2670.877678473883,2637.63,2657.2475000000004,64.68661829119816,NaN,NaN
1730343600,2664.0625892369417,2667.16,2642.99,2655.8175,64.09887894845411,NaN,NaN
1730354400,2659.940044618471,2659.940044618471,2625.26,2640.6975,58.089013441364564,NaN,NaN
1730365200,2650.3187723092356,2650.3187723092356,2625.61,2637.38,56.82998459330204,NaN,NaN
1730376000,2643.8493861546176,2643.8493861546176,2541.23,2594.2124999999996,43.590661294457256,NaN,NaN
1730386800,2619.0309430773086,2619.0309430773086,2523.15,2549.4775,34.59592519291401,NaN,NaN
1730397600,2584.2542215386543,2584.2542215386543,2503,2527.31,31.164254045690527,NaN,NaN
1730408400,2555.782110769327,2555.782110769327,2506.55,2519.0125000000003,29.966064167891673,NaN,NaN
1730419200,2537.397305384664,2537.397305384664,2467.67,2507.385,28.322723176139206,NaN,NaN
1730430000,2522.391152692332,2522.391152692332,2498.32,2509.615,29.125493353788272,NaN,NaN
1730440800,2516.003076346166,2516.003076346166,2485.35,2503.0375000000004,28.12493607808817,NaN,NaN
1730451600,2509.520288173083,2525.8,2498.62,2510.2225,30.916784322090322,NaN,NaN
1730462400,2509.8713940865414,2586.8,2509.8713940865414,2544.6875,42.462054665873076,NaN,NaN
1730473200,2527.279447043271,2565,2481.68,2530.5225,39.53747490239571,NaN,NaN
1730484000,2528.9009735216355,2528.9009735216355,2495.2,2514.2174999999997,36.42734260321935,NaN,NaN
1730494800,2521.559236760818,2521.559236760818,2485.05,2509.4849999999997,35.55315904735917,NaN,NaN
1730505600,2515.5221183804088,2523.45,2510.61,2514.3525,37.22187906496873,NaN,NaN
1730516400,2514.9373091902044,2515.4,2499.59,2509.965,36.30924861279508,NaN,NaN
1730527200,2512.4511545951023,2513.87,2495,2504.4674999999997,35.14643337562778,NaN,NaN
1730538000,2508.4593272975508,2508.4593272975508,2491.2,2498.91,33.96232940092541,NaN,NaN
1730548800,2503.6846636487753,2504.5,2470,2491.73,32.441638270563004,NaN,NaN
1730559600,2497.7073318243874,2497.73,2478.1,2488,31.648826257558383,NaN,NaN
1730570400,2492.8536659121937,2496.76,2479.3,2489.3875,32.311487028277156,NaN,NaN
1730581200,2491.1205829560968,2497.89,2485.1,2493.2025,34.2004119350334,NaN,NaN
1730592000,2492.161541478048,2496.39,2426.5,2462.93,27.61499694060467,NaN,NaN
1730602800,2477.545770739024,2477.545770739024,2421.29,2440.5625,23.94606387111756,NaN,NaN
1730613600,2459.054135369512,2462.84,2442.04,2451.6125,28.96699746660589,NaN,NaN
1730624400,2455.3333176847564,2462.37,2447.22,2455.7774999999997,30.820850955634597,NaN,NaN
1730635200,2455.555408842378,2460.6,2418,2439.5474999999997,27.778481608161357,NaN,NaN
1730646000,2447.5514544211887,2459.53,2413.38,2436.3,27.199919152274063,NaN,NaN
1730656800,2441.9257272105942,2470.78,2411,2449.1475,33.13334467049215,NaN,NaN
1730667600,2445.536613605297,2475.52,2445.536613605297,2462.1275,38.57993435516754,NaN,NaN
1730678400,2453.8320568026484,2485.23,2434.99,2465.4375,39.92379892980738,NaN,NaN
1730689200,2459.634778401324,2491.39,2459.634778401324,2474.4475,43.544815726286686,NaN,NaN
1730700000,2467.041139200662,2480.73,2451.48,2463.145,40.266111942769356,NaN,NaN
1730710800,2465.093069600331,2478,2447.34,2463.365,40.360243325055144,NaN,NaN
1730721600,2464.229034800165,2486,2445.4,2462.9875,40.243055213588605,NaN,NaN
1730732400,2463.6082674000827,2463.6082674000827,2405.8,2434.02,32.455562358143155,NaN,NaN
1730743200,2448.8141337000416,2448.8141337000416,2417.92,2425.5950000000003,30.600820934640396,NaN,NaN
1730754000,2437.204566850021,2437.204566850021,2357.59,2402.05,26.110098508539878,NaN,NaN
1730764800,2419.6272834250103,2419.6272834250103,2380.74,2400.0075,25.756975470239055,NaN,NaN
1730775600,2409.817391712505,2435,2405,2419.3875,34.771290279450355,NaN,NaN
1730786400,2414.6024458562524,2445.7,2414.6024458562524,2435.615,41.20818573777167,NaN,NaN
1730797200,2425.108722928126,2448,2425.108722928126,2440.3599999999997,42.980063191204856,NaN,NaN
1730808000,2432.734361464063,2480,2432.734361464063,2456.5125,48.653143091018194,NaN,NaN
1730818800,2444.6234307320315,2475,2427.4,2455.9325,48.46667337574241,NaN,NaN
1730829600,2450.2779653660155,2459.39,2401.3,2434.6775,42.098920956589595,NaN,NaN
1730840400,2442.4777326830076,2442.4777326830076,2407.71,2424.21,39.35654810200058,NaN,NaN
1730851200,2433.3438663415036,2577.68,2420.3,2497.2200000000003,59.28070180425567,NaN,NaN
1730862000,2465.281933170752,2638,2465.281933170752,2590.995,72.00363051554729,NaN,NaN
1730872800,2528.1384665853757,2643.2,2528.1384665853757,2604.165,73.26696530842513,NaN,NaN
1730883600,2566.151733292688,2637,2566.151733292688,2619.075,74.66102793716932,NaN,NaN
1730894400,2592.613366646344,2648,2592.613366646344,2624.705,75.18719697157789,NaN,NaN
1730905200,2608.659183323172,2666.66,2608.659183323172,2635.945,76.24763606978772,NaN,NaN
1730916000,2622.302091661586,2700,2622.302091661586,2673.2325,79.39385093967181,NaN,NaN
1730926800,2647.767295830793,2744.7,2647.767295830793,2709.68,81.91546210116334,NaN,NaN
1730937600,2678.723647915396,2877.43,2678.723647915396,2792.6499999999996,86.08880262484593,NaN,NaN
1730948400,2735.686823957698,2880,2735.686823957698,2854.0025,88.24838518583695,NaN,NaN
1730959200,2794.844661978849,2839.2,2779.91,2819.825,80.72986711126359,NaN,NaN
1730970000,2807.3348309894245,2829.99,2790,2808.39,78.3254546734517,NaN,NaN
1730980800,2807.862415494712,2822.97,2776,2795.9674999999997,75.68815097459006,NaN,NaN
1730991600,2801.914957747356,2871.57,2780.9,2826.52,77.67881049221386,NaN,NaN
1731002400,2814.217478873678,2907.75,2814.217478873678,2875.7075,80.4536470713712,NaN,NaN
1731013200,2844.962489436839,2916.11,2844.962489436839,2893.1275,81.33844868105352,NaN,NaN
1731024000,2869.0449947184197,2954.94,2869.0449947184197,2906.615,82.01719214757273,NaN,NaN
1731034800,2887.8299973592098,2924.2,2886.5,2906.135,81.9030220667551,NaN,NaN
1731045600,2896.9824986796048,2924.19,2892,2909.8900000000003,82.11279205529817,NaN,NaN
1731056400,2903.4362493398025,2930.89,2897.61,2910.5175,82.1500280797738,NaN,NaN
1731067200,2906.976874669901,2956.56,2906.976874669901,2923.2875,82.92886237209522,NaN,NaN
1731078000,2915.1321873349507,2946.25,2890.04,2917.2200000000003,81.11782506394579,NaN,NaN
1731088800,2916.1760936674755,2981.69,2915.51,2937.925,82.52063093502531,NaN,NaN
1731099600,2927.050546833738,2975.45,2915.8,2947,83.11281787777432,NaN,NaN
1731110400,2937.025273416869,2995.22,2937.025273416869,2971.8799999999997,84.6484067479782,NaN,NaN
1731121200,2954.4526367084345,3051.22,2953.71,3005.1050000000005,86.42380263172461,NaN,NaN
1731132000,2979.7788183542175,3058.77,2979.7788183542175,3036.1000000000004,87.83697368914288,NaN,NaN
1731142800,3007.939409177109,3055.88,3007.939409177109,3039.5925,87.9886914319112,NaN,NaN
1731153600,3023.7659545885545,3054.17,3023.7659545885545,3043.7799999999997,88.17908354893846,NaN,NaN
1731164400,3033.772977294277,3049,2990.58,3029.3099999999995,83.26738227950484,NaN,NaN
1731175200,3031.541488647138,3094.55,3031.541488647138,3062.2975,85.28031979696313,NaN,NaN
1731186000,3046.919494323569,3157.4,3046.919494323569,3110.62,87.628236518834,NaN,NaN
1731196800,3078.7697471617844,3151.41,3078.7697471617844,3127.075,88.31192829608919,NaN,NaN
1731207600,3102.922373580892,3216.47,3102.922373580892,3160.5424999999996,89.57392873480491,NaN,NaN
1731218400,3131.7324367904457,3202.83,3131.7324367904457,3182.2125,90.30394421062037,NaN,NaN
1731229200,3156.9724683952227,3230,3156.9724683952227,3203.275,90.96604625758924,NaN,NaN
1731240000,3180.123734197611,3236.64,3167.56,3204.9049999999997,91.0171679794192,NaN,NaN
1731250800,3192.5143670988055,3240.8,3185.5,3207.9325000000003,91.11770683659707,NaN,NaN
1731261600,3200.223433549403,3248.52,3115.21,3172.7750000000005,79.92982106418967,NaN,NaN
1731272400,3186.499216774702,3225.99,3069,3148.8900000000003,73.34132991691077,NaN,NaN
1731283200,3167.694608387351,3221.8,3167.694608387351,3195.4375,77.27298432058372,NaN,NaN
1731294000,3181.5660541936754,3202.94,3105,3159.9624999999996,68.92940991142912,NaN,NaN
1731304800,3170.7642770968378,3170.7642770968378,3117.32,3137.2875,64.16067728691307,NaN,NaN
1731315600,3154.025888548419,3212.49,3142,3175.3875,68.14813134063918,NaN,NaN
1731326400,3164.7066942742094,3208.42,3139.5,3182.1274999999996,68.80925284001897,NaN,NaN
1731337200,3173.4170971371045,3323.05,3173.4170971371045,3243.6425,74.0942862973451,NaN,NaN
1731348000,3208.529798568552,3368.18,3208.529798568552,3321.75,78.96744348245768,NaN,NaN
1731358800,3265.139899284276,3387.61,3265.139899284276,3348.245,80.3198263320732,NaN,NaN
1731369600,3306.692449642138,3374.78,3248.42,3325.2075000000004,75.75846115994779,NaN,NaN
1731380400,3315.949974821069,3350.92,3292.5,3319.6175,74.65064727984691,NaN,NaN
1731391200,3317.7837374105347,3424.92,3317.7837374105347,3373.97,78.01670020721141,NaN,NaN
1731402000,3345.876868705267,3442.5,3207.67,3338.3075,71.32448844506959,NaN,NaN
1731412800,3342.0921843526335,3342.0921843526335,3208.33,3268.23,60.366526594781575,NaN,NaN
1731423600,3305.1610921763167,3305.1610921763167,3209.5,3253.9225,58.393972256168844,NaN,NaN
1731434400,3279.5417960881587,3304.78,3226.13,3261.3375,59.139170884321665,NaN,NaN
1731445200,3270.439648044079,3291.82,3238.63,3265.0625,59.531305151814706,NaN,NaN
1731456000,3267.7510740220396,3285.52,3206.9,3247.055,56.69853530727435,NaN,NaN
1731466800,3257.4030370110195,3258.2,3129.8,3195.23,49.41130081554624,NaN,NaN
1731477600,3226.3165185055095,3226.3165185055095,3116.69,3149.6725,44.05140964604337,NaN,NaN
1731488400,3187.994509252755,3191.74,3140.75,3164.8075,46.141620928918776,NaN,NaN
1731499200,3176.4010046263775,3328.53,3152.15,3242.2200000000003,55.33335977168244,NaN,NaN
1731510000,3209.310502313189,3331,3209.310502313189,3295.325,60.33447241537873,NaN,NaN
1731520800,3252.3177511565946,3286.33,3127,3213.9849999999997,50.928610190795645,NaN,NaN
1731531600,3233.151375578297,3233.151375578297,3118.39,3167.4825,46.46847211830474,NaN,NaN
1731542400,3200.3169377891486,3228.35,3163.64,3197.415,49.532213542068696,NaN,NaN
1731553200,3198.8659688945745,3240.4,3180.41,3213.46,51.14628039424942,NaN,NaN
1731564000,3206.1629844472873,3239.32,3174.37,3209.7349999999997,50.74055358837673,NaN,NaN
1731574800,3207.9489922236435,3219.59,3155,3190.6375,48.611467117626404,NaN,NaN
1731585600,3199.2932461118216,3199.2932461118216,3108.01,3150.4049999999997,44.38604827288584,NaN,NaN
1731596400,3174.8491230559107,3181,3060,3120.1825,41.4699472264165,NaN,NaN
1731607200,3147.5158115279555,3149,3094.51,3118.25,41.28317898918061,NaN,NaN
1731618000,3132.8829057639778,3132.8829057639778,3028.56,3077.18,37.42549237998661,NaN,NaN
1731628800,3105.031452881989,3105.031452881989,3034.87,3066.9900000000002,36.51380679352848,NaN,NaN
1731639600,3086.0107264409944,3090.39,3014.79,3060.9049999999997,35.950616718318386,NaN,NaN
1731650400,3073.457863220497,3073.457863220497,3022,3055.455,35.42361580041987,NaN,NaN
1731661200,3064.4564316102487,3114,3064.4564316102487,3089.2475000000004,41.18107191068443,NaN,NaN
1731672000,3076.8519658051246,3131.06,3043.13,3084.465,40.62897901289058,NaN,NaN
1731682800,3080.6584829025624,3080.6584829025624,3014.5,3042.915,36.100721391363514,NaN,NaN
1731693600,3061.786741451281,3091.22,3015.6,3058.485,38.85106153563127,NaN,NaN
1731704400,3060.1358707256404,3120,3060.1358707256404,3094.5125000000003,44.77433279437834,NaN,NaN
1731715200,3077.3241853628206,3122.72,3072,3098.8775,45.463609959725545,NaN,NaN
1731726000,3088.1008426814105,3165,3088.1008426814105,3128.6200000000003,50.039326471189554,NaN,NaN
1731736800,3108.360421340705,3131.4,3101.11,3120.8500000000004,48.885394830166135,NaN,NaN
1731747600,3114.605210670353,3195.63,3106.82,3154.5425,53.8546724592674,NaN,NaN
1731758400,3134.5738553351766,3219.97,3134.5738553351766,3184.9574999999995,57.83936369445026,NaN,NaN
1731769200,3159.765677667588,3176.3,3120.41,3158.0775,53.44683076007844,NaN,NaN
1731780000,3158.921588833794,3184.6,3144.66,3161.6949999999997,53.953647224745005,NaN,NaN
1731790800,3160.308294416897,3164.6,3121.91,3142.375,50.77436398463389,NaN,NaN
1731801600,3151.341647208448,3154,3034.99,3096.8075,44.16420912757884,NaN,NaN
1731812400,3124.074573604224,3136.64,3053.07,3089.63,43.209977376644034,NaN,NaN
1731823200,3106.852286802112,3161.49,3102.51,3128.1974999999998,49.521353691243824,NaN,NaN
1731834000,3117.524893401056,3162.11,3100.81,3128.445,49.56009414469186,NaN,NaN
1731844800,3122.984946700528,3126.72,3067.33,3096.9625,44.84539931270893,NaN,NaN
1731855600,3109.9737233502638,3115.72,3071.6,3095.645,44.65395279602638,NaN,NaN
1731866400,3102.809361675132,3107.9,3057.45,3086.4299999999994,43.26280383766028,NaN,NaN
1731877200,3094.6196808375657,3094.6196808375657,3042.93,3070.4725,40.887296798553656,NaN,NaN
1731888000,3082.546090418783,3124.2,3069,3094.8974999999996,45.79351965275226,NaN,NaN
1731898800,3088.7217952093915,3118.6,3088.7217952093915,3110.505,48.722246677271606,NaN,NaN
1731909600,3099.613397604696,3149.71,3099.613397604696,3125.7125,51.47341150738699,NaN,NaN
1731920400,3112.662948802348,3123.8,3050.01,3087.9,45.00743483082177,NaN,NaN
1731931200,3100.281474401174,3108.79,3052.19,3076.0975,43.18397138882875,NaN,NaN
1731942000,3088.189487200587,3189,3083.62,3133.665,53.153563760209366,NaN,NaN
1731952800,3110.9272436002934,3199,3090.3,3154.8599999999997,56.200847994681624,NaN,NaN
1731963600,3132.8936218001463,3224.94,3132.8936218001463,3182.01,59.807486912994825,NaN,NaN
1731974400,3157.4518109000733,3221.2,3141.7,3181.9624999999996,59.798209356642936,NaN,NaN
1731985200,3169.707155450036,3169.707155450036,3114.99,3141.73,52.38579513056975,NaN,NaN
1731996000,3155.718577725018,3155.718577725018,3104.25,3123.3975,49.38200505390693,NaN,NaN
1732006800,3139.558038862509,3139.558038862509,3091.13,3116.82,48.31164061860528,NaN,NaN
1732017600,3128.1890194312546,3150,3076,3112.3225,47.5526564234494,NaN,NaN
1732028400,3120.2557597156274,3129.65,3087.25,3107.7799999999997,46.753732038197555,NaN,NaN
1732039200,3114.0178798578136,3145,3085,3111.9025,47.61392749743537,NaN,NaN
1732050000,3112.960189928907,3114.87,3065.4,3096.9700000000003,44.7912717890707,NaN,NaN
1732060800,3104.965094964454,3127.64,3084,3101.3825,45.81350928350551,NaN,NaN
1732071600,3103.173797482227,3115.01,3071.6,3095.3875000000003,44.605090030082835,NaN,NaN
1732082400,3099.2806487411135,3129.54,3098.8,3115.0775000000003,49.33221623200386,NaN,NaN
1732093200,3107.179074370557,3135.13,3083.8,3110.55,48.31133826612826,NaN,NaN
1732104000,3108.8645371852786,3159.2,3081.56,3113.765,49.11658077364651,NaN,NaN
1732114800,3111.314768592639,3135,3063.81,3094.325,44.59285141292221,NaN,NaN
1732125600,3102.8198842963193,3102.8198842963193,3029.41,3061.9049999999997,38.26355744974738,NaN,NaN
1732136400,3082.3624421481595,3093.16,3062.21,3074.4149999999995,41.70208141364127,NaN,NaN
1732147200,3078.3887210740795,3098.43,3032.59,3064.3,39.77316305564641,NaN,NaN
1732158000,3071.34436053704,3143.64,3053.67,3090.3075,46.61109161597173,NaN,NaN
1732168800,3080.82593026852,3148.11,3080.82593026852,3124.1275,53.93532529897035,NaN,NaN
1732179600,3102.4767151342603,3155,3102.4767151342603,3140.5775000000003,57.02361488005037,NaN,NaN
1732190400,3121.5271075671303,3372.6,3121.5271075671303,3253.01,71.22380204622175,NaN,NaN
1732201200,3187.268553783565,3350,3187.268553783565,3320.41,76.28295179459624,NaN,NaN
1732212000,3253.8392768917824,3386.73,3253.8392768917824,3354.375,78.34873092320036,NaN,NaN
1732222800,3304.107138445891,3378.68,3304.107138445891,3354.1625,78.3027780767173,NaN,NaN
1732233600,3329.134819222945,3372.56,3304.39,3340.96,75.34597478441222,NaN,NaN
1732244400,3335.0474096114726,3425.92,3321,3363.515,76.94750293445571,NaN,NaN
1732255200,3349.2812048057363,3386.87,3349.2812048057363,3372.5075,77.57302094199574,NaN,NaN
1732266000,3360.894352402868,3383.84,3311.68,3353.07,72.96433500963964,NaN,NaN
1732276800,3356.9821762014344,3357.18,3257.54,3311.87,64.25094026547148,NaN,NaN
1732287600,3334.426088100717,3334.426088100717,3282.67,3297.7025,61.52984785785772,NaN,NaN
1732298400,3316.0642940503585,3316.0642940503585,3264.84,3290.0075,60.0424662338185,NaN,NaN
1732309200,3303.035897025179,3330,3279.39,3307.12,62.22913509503186,NaN,NaN
1732320000,3305.0779485125895,3364.98,3305.0779485125895,3332.8175,65.3000987801279,NaN,NaN
1732330800,3318.947724256295,3361.71,3318.947724256295,3339.085,66.02563197839305,NaN,NaN
1732341600,3329.016362128147,3402.98,3329.016362128147,3364.04,68.82100091617802,NaN,NaN
1732352400,3346.5281810640736,3373.82,3342.6,3360.0875,67.8685225270631,NaN,NaN
1732363200,3353.3078405320366,3497.51,3349.68,3418.51,73.6693359833254,NaN,NaN
1732374000,3385.9089202660184,3480.42,3377,3438.57,75.31708167486963,NaN,NaN
1732384800,3412.2394601330093,3433,3379.2,3410.4925,68.8249616281482,NaN,NaN
1732395600,3411.3659800665046,3427.73,3382,3402.1875,66.9857101736652,NaN,NaN
1732406400,3406.7767400332523,3450,3389.03,3415.8325,68.47627623983541,NaN,NaN
1732417200,3411.3046200166264,3432.6,3398.12,3418.6800000000003,68.79292458088638,NaN,NaN
1732428000,3414.9923100083133,3430,3388.7,3406.575,65.76849583165216,NaN,NaN
1732438800,3410.7836550041566,3410.7836550041566,3339.11,3370.8075,57.69688153772018,NaN,NaN
1732449600,3390.7955775020782,3390.7955775020782,3281.4,3327.2325,49.69505456018713,NaN,NaN
1732460400,3359.014038751039,3359.014038751039,3287.19,3313.965,47.533467669012396,NaN,NaN
1732471200,3336.4895193755196,3343.82,3307.07,3325.52,49.59002829500252,NaN,NaN
1732482000,3331.00475968776,3372.22,3331.00475968776,3351.6724999999997,53.98620511443614,NaN,NaN
1732492800,3341.33862984388,3365.68,3300.01,3341.265,52.04118642225262,NaN,NaN
1732503600,3341.3018149219397,3391.79,3338.16,3362.4575,55.552793423106706,NaN,NaN
1732514400,3351.8796574609696,3419.81,3351.8796574609696,3395.7775,60.455451253003346,NaN,NaN
1732525200,3373.828578730485,3527,3373.828578730485,3455.535,67.40043228665442,NaN,NaN
1732536000,3414.6817893652424,3521.5,3403.66,3451.185,66.48507608090847,NaN,NaN
1732546800,3432.933394682621,3546.66,3348.72,3441.3275,64.35225972698979,NaN,NaN
1732557600,3437.13044734131,3503,3429.26,3474.0600000000004,68.02080507927982,NaN,NaN
1732568400,3455.5952236706553,3505.45,3363.62,3446.3375,62.183960057839464,NaN,NaN
1732579200,3450.966361835328,3462.49,3395.84,3429.4525,58.870458574709026,NaN,NaN
1732590000,3440.2094309176637,3447.57,3410,3433.6749999999997,59.452331245914344,NaN,NaN
1732600800,3436.942215458832,3442.72,3350.99,3399.7649999999994,52.971121510426,NaN,NaN
1732611600,3418.3536077294157,3418.3536077294157,3280.1,3341.765,44.11305037065362,NaN,NaN
1732622400,3380.0593038647075,3380.0593038647075,3290.35,3330.4575000000004,42.616800507650055,NaN,NaN
1732633200,3355.258401932354,3355.258401932354,3291.49,3329.605,42.49976005665874,NaN,NaN
1732644000,3342.4317009661772,3342.4317009661772,3252,3309.06,39.672041779371156,NaN,NaN
1732654800,3325.7458504830884,3344.31,3302.8,3324.005,42.660701649912966,NaN,NaN
1732665600,3324.8754252415442,3366.61,3302.4,3339.63,45.690029133834166,NaN,NaN
1732676400,3332.2527126207724,3436.05,3332.2527126207724,3387.605,53.766636667026255,NaN,NaN
1732687200,3359.9288563103864,3445.73,3359.9288563103864,3416.45,57.82750534227122,NaN,NaN
1732698000,3388.189428155193,3485.5,3388.189428155193,3442.585,61.156537831285895,NaN,NaN
1732708800,3415.3872140775966,3528.8,3415.3872140775966,3487.7599999999998,66.13305098005684,NaN,NaN
1732719600,3451.5736070387984,3574.89,3451.5736070387984,3543.4425,71.05547380982179,NaN,NaN
1732730400,3497.5080535193993,3630,3497.5080535193993,3592.09,74.5374882587856,NaN,NaN
1732741200,3544.7990267596997,3684.92,3544.7990267596997,3643.9575,77.62773746476661,NaN,NaN
1732752000,3594.37826337985,3661.92,3594.37826337985,3637.92,76.464420202513,NaN,NaN
1732762800,3616.149131689925,3627.8,3564.75,3600.7475000000004,69.55330220721794,NaN,NaN
1732773600,3608.448315844963,3638.39,3566.91,3605.85,69.95473320006916,NaN,NaN
1732784400,3607.149157922481,3636.36,3577.91,3615.98,70.7784631770891,NaN,NaN
1732795200,3611.564578961241,3642.19,3548.01,3594.4700000000003,66.60287706478255,NaN,NaN
1732806000,3603.0172894806205,3603.0172894806205,3529.76,3556.735,59.92396832857384,NaN,NaN
1732816800,3579.8761447403103,3584.87,3547.86,3560.56,60.35791936335431,NaN,NaN
1732827600,3570.218072370155,3599.2,3556.53,3572.7625,61.77976178296999,NaN,NaN
1732838400,3571.4902861850774,3600,3550.07,3582.2125,62.88984483479587,NaN,NaN
1732849200,3576.8513930925387,3602.85,3563.16,3586.005,63.349906067670304,NaN,NaN
1732860000,3581.4281965462696,3586.5,3534.28,3566.9225000000006,59.36216487540612,NaN,NaN
1732870800,3574.175348273135,3599.66,3560.5,3580.945,61.290461511881944,NaN,NaN
1732881600,3577.5601741365676,3636.36,3574,3609.6775000000002,64.95945378525343,NaN,NaN
1732892400,3593.618837068284,3647.98,3578.48,3610.7625,65.09399950934585,NaN,NaN
1732903200,3602.190668534142,3603.08,3559.24,3584.5425,59.18024336560374,NaN,NaN
1732914000,3593.3665842670707,3604,3575.56,3591.16,60.16390373636413,NaN,NaN
1732924800,3592.2632921335353,3647.4,3568.4,3608.185,62.657122560484716,NaN,NaN
1732935600,3600.2241460667674,3694.08,3600.2241460667674,3657.5825,68.7654394188872,NaN,NaN
1732946400,3628.9033230333835,3726.71,3628.9033230333835,3699.9574999999995,72.86578502844196,NaN,NaN
1732957200,3664.4304115166915,3696.4,3631.23,3668.735,65.99166951752645,NaN,NaN
1732968000,3666.5827057583456,3684.18,3651.63,3661.3199999999997,64.43693508438099,NaN,NaN
1732978800,3663.9513528791726,3687.49,3651.38,3667.9175,65.2220336983778,NaN,NaN
1732989600,3665.9344264395863,3712.85,3663.64,3691.3775,67.93295702309672,NaN,NaN
1733000400,3678.655963219793,3738.98,3678.655963219793,3712.4025,70.17664389196503,NaN,NaN
1733011200,3695.5292316098967,3732.34,3659.2,3689.7850000000003,64.91477338945768,NaN,NaN
1733022000,3692.6571158049483,3712.55,3663.5,3680.8325,62.904237287652265,NaN,NaN
1733032800,3686.7448079024743,3717,3682,3697.4700000000003,65.06945755026125,NaN,NaN
1733043600,3692.1074039512373,3710.83,3675.47,3696.5825,64.85200417334568,NaN,NaN
1733054400,3694.3449519756186,3714.74,3678.61,3697.9475,65.04548645741605,NaN,NaN
1733065200,3696.1462259878094,3746.8,3696.1462259878094,3719.3775,68.02173840993642,NaN,NaN
1733076000,3707.7618629939047,3731.47,3679,3706.1,64.36499097079613,NaN,NaN
1733086800,3706.9309314969523,3734.26,3686.66,3704.7400000000002,63.985556769995505,NaN,NaN
1733097600,3705.835465748476,3740.9,3692.84,3720.465,66.44839819259192,NaN,NaN
1733108400,3713.150232874238,3760,3650,3706.83,62.45989308714368,NaN,NaN
1733119200,3709.990116437119,3709.990116437119,3586.5,3638.03,47.09796419393003,NaN,NaN
1733130000,3674.0100582185596,3674.0100582185596,3569.58,3595.8224999999998,40.5146774211111,NaN,NaN
1733140800,3634.9162791092795,3664.5,3582.6,3619.1275,45.07945516605628,NaN,NaN
1733151600,3627.0218895546395,3682.01,3554.32,3610.775,43.782681353666646,NaN,NaN
1733162400,3618.89844477732,3632.88,3564.5,3594.6349999999998,41.309761774628676,NaN,NaN
1733173200,3606.76672238866,3644.44,3598.5,3625.295,47.388853637651444,NaN,NaN
1733184000,3616.03086119433,3658.16,3607.8,3638.4425,49.79052841449784,NaN,NaN
1733194800,3627.236680597165,3664.54,3627.236680597165,3649.83,51.8411360017348,NaN,NaN
1733205600,3638.5333402985825,3670,3600,3634.735,48.985183009877794,NaN,NaN
1733216400,3636.634170149291,3636.634170149291,3585,3607.8775,44.30808300383569,NaN,NaN
1733227200,3622.255835074646,3622.255835074646,3500,3577.9525000000003,39.7535759404308,NaN,NaN
1733238000,3600.104167537323,3600.104167537323,3538.55,3573.7175,39.14039650786171,NaN,NaN
1733248800,3586.9108337686616,3609.5,3550.07,3586.315,42.00596215325414,NaN,NaN
1733259600,3586.612916884331,3634.81,3586.612916884331,3612.905,47.612882656796174,NaN,NaN
1733270400,3599.7589584421657,3707.57,3599.7589584421657,3646.3050000000003,53.6718525927515,NaN,NaN
1733281200,3623.031979221083,3686.56,3623.031979221083,3666.42,56.90454248380078,NaN,NaN
1733292000,3644.7259896105415,3721.73,3644.7259896105415,3692.6125,60.74558585075101,NaN,NaN
1733302800,3668.669244805271,3751.44,3668.669244805271,3719.91,64.31527705823491,NaN,NaN
1733313600,3694.2896224026354,3794.89,3690,3748.22,67.60542972885125,NaN,NaN
1733324400,3721.2548112013174,3853.38,3721.2548112013174,3794.125,72.09781274050619,NaN,NaN
1733335200,3757.6899056006587,3887,3757.6899056006587,3843.315,75.94704797342163,NaN,NaN
1733346000,3800.5024528003296,3887.24,3800.5024528003296,3856.6375,76.87743944025388,NaN,NaN
1733356800,3828.5699764001647,3880,3765.71,3834.8775,71.98002167742959,NaN,NaN
1733367600,3831.723738200082,3905,3817.74,3856.1825,73.74366088853517,NaN,NaN
1733378400,3843.953119100041,3922.99,3818.61,3873.7250000000004,75.13164241103884,NaN,NaN
1733389200,3858.8390595500205,3943.28,3858.8390595500205,3920.39,78.40234189246323,NaN,NaN
1733400000,3889.61452977501,3956,3889.61452977501,3929.04,78.95487036717203,NaN,NaN
1733410800,3909.327264887505,3930,3861,3909.125,74.24545739040103,NaN,NaN
1733421600,3909.2261324437522,3923.61,3785.49,3863.4025,64.70326078409019,NaN,NaN
1733432400,3886.314316221876,3886.314316221876,3677,3787.6575000000003,52.63461346693994,NaN,NaN
1733443200,3836.985908110938,3888.2,3777.26,3831.9525,57.61363517179301,NaN,NaN
1733454000,3834.469204055469,3914,3834.469204055469,3882.6525,62.47582611639744,NaN,NaN
1733464800,3858.5608520277347,3929,3858.5608520277347,3893.99,63.48455952849393,NaN,NaN
1733475600,3876.275426013867,3886.65,3845.3,3869.5875000000005,59.76078590579999,NaN,NaN
1733486400,3872.931463006934,3986.15,3831.9,3917.3875,64.19155285162336,NaN,NaN
1733497200,3895.159481503467,4041.81,3895.159481503467,4004.325,70.5443135887232,NaN,NaN
1733508000,3949.7422407517333,4087.73,3949.7422407517333,4039.2574999999997,72.64436988701388,NaN,NaN
1733518800,3994.4998703758665,4056.22,3990.03,4022.3575,70.04261798670711,NaN,NaN
1733529600,4008.4286851879333,4024.46,3975.08,3997.4425,66.27413254679385,NaN,NaN
1733540400,4002.9355925939667,4003.16,3970,3988.4300000000003,64.91359907808462,NaN,NaN
1733551200,3995.6827962969837,3996.02,3968,3983.115,64.07815411522654,NaN,NaN
1733562000,3989.3988981484918,4009,3975,3990.3774999999996,64.74582173136268,NaN,NaN
1733572800,3989.8881990742457,4008.46,3976.2,3995.1850000000004,65.20683500964769,NaN,NaN
1733583600,3992.536599537123,4007.83,3986,3995.7474999999995,65.26407106208771,NaN,NaN
1733594400,3994.1420497685613,4024.01,3991.36,4005.9125,66.34162356309645,NaN,NaN
1733605200,4000.027274884281,4022.5,3993.02,4007.1625,66.47933166871772,NaN,NaN
1733616000,4003.59488744214,4008.99,3985.47,3997.0424999999996,64.18959184408598,NaN,NaN
1733626800,4000.31869372107,4001.6,3961,3982.725,60.98905549887358,NaN,NaN
1733637600,3991.521846860535,3991.521846860535,3937.1,3958.5775,55.92440813581816,NaN,NaN
1733648400,3975.0496734302674,3980.41,3923.5,3953.9325,54.97862962553356,NaN,NaN
1733659200,3964.491086715134,4003.4,3959.4,3978.3325,58.90974403365563,NaN,NaN
1733670000,3971.411793357567,4000,3956.16,3980.005,59.17289594722782,NaN,NaN
1733680800,3975.7083966787836,3992.9,3964.4,3979.77,59.11560892181632,NaN,NaN
1733691600,3977.739198339392,4015.58,3975.4,3992.9325,61.371393851593645,NaN,NaN
1733702400,3985.335849169696,4006.17,3935,3971.7125,56.00639701193753,NaN,NaN
1733713200,3978.524174584848,3978.524174584848,3903.66,3935.9275,48.333001637870424,NaN,NaN
1733724000,3957.225837292424,3957.225837292424,3860.48,3903.555,42.6413213544936,NaN,NaN
1733734800,3930.390418646212,3930.390418646212,3841.24,3861.7875000000004,36.645314650844256,NaN,NaN
1733745600,3896.088959323106,3946,3836.84,3891.3750000000005,42.783081578068725,NaN,NaN
1733756400,3893.731979661553,3937.4,3804.32,3875.2275,40.478270622528285,NaN,NaN
1733767200,3884.4797398307765,3884.4797398307765,3723.33,3788.1324999999997,30.830678350885748,NaN,NaN
1733778000,3836.306119915388,3836.306119915388,3509,3678.1825,23.28550337559379,NaN,NaN
1733788800,3757.244309957694,3780.76,3678.26,3714.4900000000002,29.4274734589673,NaN,NaN
1733799600,3735.867154978847,3735.867154978847,3615.11,3679.5775,27.17447590607064,NaN,NaN
1733810400,3707.722327489423,3752,3691.5,3722.3675,33.858357393300125,NaN,NaN
1733821200,3715.0449137447113,3773.39,3715.0449137447113,3750.785,37.93251244770321,NaN,NaN
1733832000,3732.9149568723556,3754.5,3655.18,3707.8050000000003,34.47378187796471,NaN,NaN
1733842800,3720.3599784361777,3720.3599784361777,3520.2,3602.19,27.77242431780327,NaN,NaN
1733853600,3661.274989218089,3661.274989218089,3515.89,3586.995,26.96041644097697,NaN,NaN
1733864400,3624.1349946090445,3673.2,3613.3,3640.3625,34.23340109074549,NaN,NaN
1733875200,3632.248747304522,3658.48,3562.34,3625.0649999999996,33.212498703094056,NaN,NaN
1733886000,3628.656873652261,3681.5,3628.656873652261,3659.4725000000003,37.71191802560232,NaN,NaN
1733896800,3644.0646868261306,3707,3644.0646868261306,3678.3275,40.09364655818936,NaN,NaN
1733907600,3661.1960934130652,3728,3661.1960934130652,3706.235,43.53512275355282,NaN,NaN
1733918400,3683.7155467065327,3777.57,3683.7155467065327,3743.5950000000003,47.853932432270966,NaN,NaN
1733929200,3713.6552733532662,3821,3713.6552733532662,3777.94,51.52462640739071,NaN,NaN
1733940000,3745.7976366766334,3840,3745.7976366766334,3797.0525000000002,53.48681764185237,NaN,NaN
1733950800,3771.425068338317,3848.64,3771.425068338317,3831.1575,56.843796725887046,NaN,NaN
1733961600,3801.2912841691586,3884.94,3796.8,3848.4875,58.48347545852899,NaN,NaN
1733972400,3824.8893920845794,3947.81,3824.8893920845794,3900.8199999999997,63.04908094303995,NaN,NaN
1733983200,3862.8546960422896,3941.6,3862.8546960422896,3920.1475,64.59753995965191,NaN,NaN
1733994000,3891.5010980211446,3937.99,3891.32,3913.67,63.63506948381995,NaN,NaN
1734004800,3902.5855490105723,3984.8,3902.5855490105723,3948.3700000000003,66.51345227792649,NaN,NaN
1734015600,3925.477774505286,3987.41,3925.477774505286,3964.8275000000003,67.81464943020063,NaN,NaN
1734026400,3945.152637252643,3966.38,3853.83,3917.2174999999997,60.49167768911882,NaN,NaN
1734037200,3931.1850686263215,3931.1850686263215,3836.07,3875.01,54.838111765686186,NaN,NaN
1734048000,3903.097534313161,3928.05,3852.94,3892.52,56.648261695589696,NaN,NaN
1734058800,3897.8087671565804,3941.19,3897.8087671565804,3914.9575,58.92043421898694,NaN,NaN
1734069600,3906.38313357829,3926.8,3871,3901.2774999999997,56.96022338117631,NaN,NaN
1734080400,3903.830316789145,3923.66,3872.2,3898.9174999999996,56.61032407819249,NaN,NaN
1734091200,3901.373908394572,3951.4,3901.373908394572,3926.35,59.708611446845154,NaN,NaN
1734102000,3913.8619541972857,3968.47,3879,3934.49,60.607473054609,NaN,NaN
1734112800,3924.1759770986428,3941.39,3910.14,3927.125,59.3180352936186,NaN,NaN
1734123600,3925.6504885493214,3925.6504885493214,3891,3908.325,56.040509888110364,NaN,NaN
1734134400,3916.9877442746606,3945,3895.67,3915.0200000000004,56.952694407374565,NaN,NaN
1734145200,3916.0038721373303,3921.65,3904.5,3914.8375,56.91802257250946,NaN,NaN
1734156000,3915.4206860686654,3935.71,3915.4206860686654,3924.74,58.39796161122192,NaN,NaN
1734166800,3920.0803430343326,3927.27,3886.2,3908.4375000000005,55.04549820855341,NaN,NaN
1734177600,3914.2589215171665,3914.2589215171665,3846.3,3880.9575000000004,49.85052516857575,NaN,NaN
1734188400,3897.6082107585835,3898.23,3842,3870.91,48.064403584071066,NaN,NaN
1734199200,3884.2591053792917,3884.2591053792917,3825.03,3845.7475000000004,43.82910227373024,NaN,NaN
1734210000,3865.0033026896463,3876.87,3831.97,3853.0199999999995,45.328565601870174,NaN,NaN
1734220800,3859.011651344823,3895.53,3856.02,3876.4875,49.96971199093257,NaN,NaN
1734231600,3867.7495756724115,3911.5,3867.7495756724115,3890.2575,52.516870267630885,NaN,NaN
1734242400,3879.003537836206,3895.2,3831.5,3870.4875,48.68447060294576,NaN,NaN
1734253200,3874.745518918103,3879.01,3851.8,3867.7075000000004,48.15234735873565,NaN,NaN
1734264000,3871.2265094590516,3910.33,3867.99,3890.7525,52.7616294381189,NaN,NaN
1734274800,3880.989504729526,3919.6,3880.989504729526,3905.87,55.55310338686648,NaN,NaN
1734285600,3893.429752364763,3913.61,3889.74,3901.44,54.53607981360531,NaN,NaN
1734296400,3897.4348761823812,3974.61,3844.4,3917.5275,57.57366018310671,NaN,NaN
1734307200,3907.4811880911907,4025.18,3907.4811880911907,3976.0575,66.37578782253333,NaN,NaN
1734318000,3941.769344045595,3977.78,3928.88,3961.1800000000003,62.80874494845393,NaN,NaN
1734328800,3951.4746720227977,3983,3950.4,3963.0225,63.0734120987219,NaN,NaN
1734339600,3957.248586011399,3961.21,3902.39,3931.2775,55.71650022041892,NaN,NaN
1734350400,3944.2630430056997,3960,3884,3920.9175,53.52241235604132,NaN,NaN
1734361200,3932.5902715028496,4042.11,3917.95,3980.9400000000005,62.689650475441894,NaN,NaN
1734372000,3956.765135751425,4107.8,3956.765135751425,4054.1499999999996,70.3670035340722,NaN,NaN
1734382800,4005.4575678757124,4054.41,3980,4016.0099999999998,63.08421253333677,NaN,NaN
1734393600,4010.733783937856,4024.08,3943,3990.7599999999998,58.74914640023552,NaN,NaN
1734404400,4000.746891968928,4041.82,3999.6,4018.9175,61.89390210413315,NaN,NaN
1734415200,4009.8321959844643,4030.8,3982.77,4012.1800000000003,60.70144605873131,NaN,NaN
1734426000,4011.0060979922323,4031.38,3990,4007.2825,59.79955758461919,NaN,NaN
1734436800,4009.144298996116,4025.6,3975.4,4004.54,59.26850848993623,NaN,NaN
1734447600,4006.842149498058,4020.02,3916.57,3982.7825000000003,55.08879051737392,NaN,NaN
1734458400,3994.8123247490294,3994.8123247490294,3917.2,3952.455,49.81530149689348,NaN,NaN
1734469200,3973.6336623745146,3973.6336623745146,3847.96,3907.1375000000003,43.16580623409453,NaN,NaN
1734480000,3940.3855811872572,3940.3855811872572,3834.66,3875.3824999999997,39.21563413641972,NaN,NaN
1734490800,3907.8840405936285,3907.8840405936285,3814.4,3848.975,36.2451583518471,NaN,NaN
1734501600,3878.429520296814,3878.429520296814,3803.63,3835.99,34.84738636125108,NaN,NaN
1734512400,3857.209760148407,3887.32,3841.6,3863.5475,40.12474103150809,NaN,NaN
1734523200,3860.3786300742036,3891.09,3833.07,3861.0924999999997,39.81533330165396,NaN,NaN
1734534000,3860.735565037102,3892,3825,3858.5249999999996,39.47252019976931,NaN,NaN
1734544800,3859.6302825185508,3907.19,3650,3782.935,31.00773906789155,NaN,NaN
1734555600,3821.2826412592754,3821.2826412592754,3617.42,3663.3925,22.712505831577076,NaN,NaN
1734566400,3742.3375706296374,3742.3375706296374,3542.22,3620.7025000000003,20.593743230581765,NaN,NaN
1734577200,3681.520035314819,3681.520035314819,3644.47,3661.135,27.49276788773919,NaN,NaN
1734588000,3671.3275176574098,3699.58,3664.4,3676.0825,29.91696821062655,NaN,NaN
1734598800,3673.705008828705,3720,3664.28,3689.785,32.15627099843705,NaN,NaN
1734609600,3681.7450044143525,3710.2,3634.34,3672.1875,30.79538596550256,NaN,NaN
1734620400,3676.9662522071762,3676.9662522071762,3394.97,3538.585,22.87880864357419,NaN,NaN
1734631200,3607.7756261035884,3607.7756261035884,3326.8,3429.1974999999998,18.651187273588874,NaN,NaN
1734642000,3518.4865630517943,3518.4865630517943,3350,3403.4,17.81511114743431,NaN,NaN
1734652800,3460.943281525897,3465.6,3370.47,3427.045,21.297476843985507,NaN,NaN
1734663600,3443.9941407629485,3457.35,3352,3405.3275,20.440765050258463,NaN,NaN
1734674400,3424.660820381474,3424.660820381474,3280,3336.4175000000005,17.97059850611535,NaN,NaN
1734685200,3380.539160190737,3380.539160190737,3103,3203.31,14.36060257441433,NaN,NaN
1734696000,3291.9245800953686,3356.85,3101.9,3222.9925000000003,17.01523832562475,NaN,NaN
1734706800,3257.4585400476844,3452.21,3257.4585400476844,3386.485,35.03058261683269,NaN,NaN
1734717600,3321.9717700238425,3497.84,3321.9717700238425,3447.365,40.23368296484503,NaN,NaN
1734728400,3384.668385011921,3489.99,3384.668385011921,3449.01,40.37263815292346,NaN,NaN
1734739200,3416.8391925059605,3489.96,3416.8391925059605,3470.5575,42.26613495220958,NaN,NaN
1734750000,3443.69834625298,3532.99,3443.69834625298,3498.825,44.74507033159017,NaN,NaN
1734760800,3471.2616731264898,3555.18,3471.2616731264898,3512.9,45.98862670847849,NaN,NaN
1734771600,3492.0808365632447,3497.12,3423.91,3461.9399999999996,42.27857086909422,NaN,NaN
1734782400,3477.010418281622,3477.010418281622,3347,3402.185,38.369727773377946,NaN,NaN
1734793200,3439.5977091408113,3439.5977091408113,3349.85,3377.82,36.87276668015524,NaN,NaN
1734804000,3408.7088545704055,3408.7088545704055,3326.59,3364.6175000000003,36.05198912793749,NaN,NaN
1734814800,3386.663177285203,3386.663177285203,3293.11,3338.0275,34.39156684954763,NaN,NaN
1734825600,3362.3453386426017,3374.48,3323.64,3343.4574999999995,35.04943435222741,NaN,NaN
1734836400,3352.9014193213006,3362.31,3295.07,3331.1325,34.21091095002163,NaN,NaN
1734847200,3342.01695966065,3366.66,3322.63,3344.2574999999997,35.967742236729805,NaN,NaN
1734858000,3343.137229830325,3403,3343.137229830325,3372.855,39.743413295466596,NaN,NaN
1734868800,3357.9961149151623,3397.88,3275,3332.9625,36.509358279177576,NaN,NaN
1734879600,3345.479307457581,3345.479307457581,3277.37,3301.9674999999997,34.18199229315174,NaN,NaN
1734890400,3323.7234037287903,3338.65,3221.1,3291.4475,33.40366302861548,NaN,NaN
1734901200,3307.5854518643955,3310.93,3235,3279.6425,32.5091101753782,NaN,NaN
1734912000,3293.6139759321977,3297.6,3216.97,3269.73,31.740462955800098,NaN,NaN
1734922800,3281.6719879660986,3363.12,3275.46,3310.12,38.156828095785876,NaN,NaN
1734933600,3295.8959939830493,3322,3260.48,3304.64,37.63985838135448,NaN,NaN
1734944400,3300.2679969915243,3355.54,3300.2679969915243,3331.835,41.85035291177274,NaN,NaN
1734955200,3316.051498495762,3361.78,3281.4,3323.9525000000003,40.98652601236287,NaN,NaN
1734966000,3320.001999247881,3384.6,3269.35,3325.7725,41.28785964283323,NaN,NaN
1734976800,3322.8872496239405,3415.67,3297.52,3363.2000000000003,47.25272401836427,NaN,NaN
1734987600,3343.0436248119704,3466.99,3343.0436248119704,3424.0800000000004,55.22179739495047,NaN,NaN
1734998400,3383.5618124059856,3426.4,3358.19,3394.9700000000003,51.2358294166413,NaN,NaN
1735009200,3389.265906202993,3434.97,3372.76,3401.1175,52.02340760652922,NaN,NaN
1735020000,3395.1917031014964,3426.81,3385.02,3412.3775,53.50465252415856,NaN,NaN
1735030800,3403.7846015507484,3416.04,3385.98,3407.5674999999997,52.75535313493173,NaN,NaN
1735041600,3405.6760507753743,3471.29,3395.59,3434.3375,56.413831586778606,NaN,NaN
1735052400,3420.0067753876874,3519,3420.0067753876874,3480.1575,61.85812288187175,NaN,NaN
1735063200,3450.082137693844,3539.65,3431.99,3480.9025,61.941362823195064,NaN,NaN
1735074000,3465.492318846922,3505,3446.52,3473.725,60.56988724131562,NaN,NaN
1735084800,3469.608659423461,3495.88,3458,3483.0899999999997,61.75961831737523,NaN,NaN
1735095600,3476.34932971173,3499,3468.16,3486.1674999999996,62.16364039194291,NaN,NaN
1735106400,3481.258414855865,3509.68,3480,3492.7675,63.06490568198042,NaN,NaN
1735117200,3487.0129574279326,3547.95,3465.43,3493.4049999999997,63.15619683483882,NaN,NaN
1735128000,3490.208978713966,3501.05,3457.7,3480.0950000000003,59.831138305250605,NaN,NaN
1735138800,3485.151989356983,3491.63,3440.93,3473.54,58.205854099113544,NaN,NaN
1735149600,3479.3459946784915,3488.55,3465.77,3474.7625,58.43263963445917,NaN,NaN
1735160400,3477.0542473392456,3500,3449.64,3480.0924999999997,59.46537507299226,NaN,NaN
1735171200,3478.573373669623,3514.94,3455.93,3482.1200000000003,59.87377278362202,NaN,NaN
1735182000,3480.3466868348114,3480.3466868348114,3426.79,3448.8425,50.822888771658924,NaN,NaN
1735192800,3464.594593417406,3464.594593417406,3346.87,3401.5299999999997,41.27064282310949,NaN,NaN
1735203600,3433.062296708703,3433.062296708703,3358.4,3370.5600000000004,36.442262481266816,NaN,NaN
1735214400,3401.8111483543516,3401.8111483543516,3328.21,3353.8725000000004,34.12553742394233,NaN,NaN
1735225200,3377.841824177176,3377.841824177176,3313.5,3336.5550000000003,31.86183882798892,NaN,NaN
1735236000,3357.198412088588,3357.198412088588,3308.33,3326.9175,30.643572137835392,NaN,NaN
1735246800,3342.057956044294,3350,3304.63,3329.875,31.509037809577904,NaN,NaN
1735257600,3335.966478022147,3388.57,3317.27,3351.4675,37.62848614982939,NaN,NaN
1735268400,3343.7169890110736,3392.45,3343.7169890110736,3375.2625,43.60797623718691,NaN,NaN
1735279200,3359.4897445055367,3398.79,3317.25,3364.745,41.70481510278334,NaN,NaN
1735290000,3362.1173722527683,3444.16,3358.09,3395.13,48.67395004031009,NaN,NaN
1735300800,3378.623686126384,3423,3338.85,3385.03,46.676432237105196,NaN,NaN
1735311600,3381.8268430631924,3381.8268430631924,3306.6,3344.245,39.607756131206195,NaN,NaN
1735322400,3363.035921531596,3366.62,3335,3347.9725,40.49470364507826,NaN,NaN
1735333200,3355.5042107657982,3355.5042107657982,3310,3332.0525000000002,37.932363654259944,NaN,NaN
1735344000,3343.7783553828995,3347.8,3322.23,3332.7225000000003,38.109854702658104,NaN,NaN
1735354800,3338.2504276914497,3361.14,3326.92,3340.855,40.339976687764405,NaN,NaN
1735365600,3339.5527138457246,3350.8,3332.71,3344.1349999999998,41.25932587876144,NaN,NaN
1735376400,3341.843856922862,3363.53,3337.36,3351.2825000000003,43.3094162788525,NaN,NaN
1735387200,3346.563178461431,3396,3346.563178461431,3369.8625,48.35528767340397,NaN,NaN
1735398000,3358.212839230716,3413,3358.212839230716,3386.5750000000003,52.45462728214517,NaN,NaN
1735408800,3372.393919615358,3404.18,3372.393919615358,3395.7925000000005,54.59527637927734,NaN,NaN
1735419600,3384.093209807679,3428.68,3384.093209807679,3405.6875,56.841686400203486,NaN,NaN
1735430400,3394.8903549038396,3406.6,3375.62,3393.5975,53.36744802677104,NaN,NaN
1735441200,3394.2439274519197,3394.2439274519197,3377.74,3386.565,51.399473588824385,NaN,NaN
1735452000,3390.40446372596,3409.81,3380,3393.4925,53.22913162538823,NaN,NaN
1735462800,3391.94848186298,3413.78,3390,3399.6375000000003,54.85277286013137,NaN,NaN
1735473600,3395.79299093149,3410.92,3354.68,3383.5225,49.95512254768771,NaN,NaN
1735484400,3389.657745465745,3389.657745465745,3345.9,3365.09,45.00528116149122,NaN,NaN
1735495200,3377.3738727328728,3377.3738727328728,3335,3356.2974999999997,42.825434954867596,NaN,NaN
1735506000,3366.835686366436,3368.35,3326.17,3352.59,41.903778588373335,NaN,NaN
1735516800,3359.712843183218,3437.59,3347.77,3389.7625,52.85838944050113,NaN,NaN
1735527600,3374.737671591609,3425,3374.737671591609,3409.8399999999997,57.517777136200465,NaN,NaN
1735538400,3392.2888357958045,3434.35,3392.2888357958045,3418.02,59.28350266312333,NaN,NaN
1735549200,3405.154417897902,3427.99,3395.05,3417.3175,59.056484158174456,NaN,NaN
1735560000,3411.235958948951,3430.2,3310,3369.965,46.210917597717824,NaN,NaN
1735570800,3390.600479474476,3408.56,3305,3355.1000000000004,43.045573976145555,NaN,NaN
1735581600,3372.850239737238,3419,3372.850239737238,3398.085,53.05866963611719,NaN,NaN
1735592400,3385.4676198686193,3401.25,3308.87,3367.8325,46.819881750971646,NaN,NaN
1735603200,3376.65005993431,3376.65005993431,3315.59,3346.4249999999997,42.9695834823611,NaN,NaN
1735614000,3361.537529967155,3361.537529967155,3328.77,3342.59,42.298505205791116,NaN,NaN
1735624800,3352.0637649835776,3410,3339.85,3368.58,48.20250566684015,NaN,NaN
1735635600,3360.3218824917885,3399.99,3360.3218824917885,3388.215,52.183117979694465,NaN,NaN
1735646400,3374.2684412458943,3451,3374.2684412458943,3416.4025,57.26092912034924,NaN,NaN
1735657200,3395.3354706229475,3434,3330,3388.5425,51.445859076412646,NaN,NaN
1735668000,3391.9389853114735,3391.9389853114735,3337.44,3355.0600000000004,45.46948171037869,NaN,NaN
1735678800,3373.499492655737,3373.499492655737,3328.47,3341.7225,43.311101001024944,NaN,NaN
1735689600,3357.6109963278686,3368.42,3335.84,3351.1625000000004,45.29058661707462,NaN,NaN
1735700400,3354.3867481639345,3363.72,3339.45,3352.7974999999997,45.644606308925155,NaN,NaN
1735711200,3353.592124081967,3353.592124081967,3331.56,3341.1175,43.480067673203806,NaN,NaN
1735722000,3347.3548120409832,3348.35,3313.88,3335.0575,42.357731314165285,NaN,NaN
1735732800,3341.2061560204916,3359.37,3328.2,3343.61,44.53376999690448,NaN,NaN
1735743600,3342.408078010246,3357.19,3323.03,3342.4449999999997,44.2885058310833,NaN,NaN
1735754400,3342.426539005123,3364.14,3333.26,3350.3775,46.45104737005032,NaN,NaN
1735765200,3346.4020195025614,3374.85,3346.4020195025614,3362.075,49.56032557868359,NaN,NaN
1735776000,3354.2385097512806,3405.6,3354.2385097512806,3379.745,53.91354066283545,NaN,NaN
1735786800,3366.9917548756403,3427.54,3366.9917548756403,3406.4125,59.58289373540403,NaN,NaN
1735797600,3386.7021274378203,3442.62,3386.7021274378203,3423.7700000000004,62.7913330216445,NaN,NaN
1735808400,3405.2360637189104,3476,3405.2360637189104,3454.875,67.73439580284746,NaN,NaN
1735819200,3430.055531859455,3509.99,3430.055531859455,3479.185,70.97928290399568,NaN,NaN
1735830000,3454.620265929728,3496.26,3428.99,3467.715,67.52855747669501,NaN,NaN
1735840800,3461.167632964864,3475.28,3440.21,3454.7275,63.74934467237152,NaN,NaN
1735851600,3457.947566482432,3457.947566482432,3421.79,3446.8624999999997,61.50453829627658,NaN,NaN
1735862400,3452.405033241216,3477.03,3442.62,3458.3199999999997,63.519820859200635,NaN,NaN
1735873200,3455.362516620608,3472.89,3444.81,3457.91,63.39193012995485,NaN,NaN
1735884000,3456.6362583103037,3461.51,3423.44,3442.7825000000003,58.69615350856322,NaN,NaN
1735894800,3449.709379155152,3468.01,3429.11,3448.2349999999997,59.85057907418561,NaN,NaN
1735905600,3448.9721895775756,3536.64,3448.9721895775756,3497.675,68.45892016581985,NaN,NaN
1735916400,3473.323594788788,3598.8,3473.323594788788,3555.3875,75.15542105457536,NaN,NaN
1735927200,3514.355547394394,3630,3514.355547394394,3595.0299999999997,78.52771529459336,NaN,NaN
1735938000,3554.6927736971966,3624.38,3554.6927736971966,3607.2400000000002,79.45280872356194,NaN,NaN
1735948800,3580.9663868485986,3620.86,3579.92,3601.545,77.76982009592355,NaN,NaN
1735959600,3591.2556934242994,3600.42,3584.16,3594.4075,75.60820709955506,NaN,NaN
1735970400,3592.83159671215,3609.81,3585,3594.12,75.51715522714721,NaN,NaN
1735981200,3593.475798356075,3605.57,3572.42,3591.2525,74.55280630796321,NaN,NaN
1735992000,3592.364149178037,3649.66,3592.364149178037,3622.32,77.8526800277994,NaN,NaN
1736002800,3607.342074589019,3663.25,3592.06,3631.4049999999997,78.72163829640434,NaN,NaN
1736013600,3619.3735372945093,3668,3619.3735372945093,3645.35,80.01763220038066,NaN,NaN
1736024400,3632.3617686472544,3671.6,3632.3617686472544,3658.7375,81.201372832008,NaN,NaN
1736035200,3645.5496343236273,3675.25,3631.28,3651.205,78.38764827047785,NaN,NaN
1736046000,3648.3773171618136,3650.44,3629.66,3638.5425,73.76056368902766,NaN,NaN
1736056800,3643.459908580907,3643.459908580907,3607.35,3625.46,69.21472255762944,NaN,NaN
1736067600,3634.4599542904534,3634.4599542904534,3603.33,3615.0499999999997,65.74270232003623,NaN,NaN
1736078400,3624.754977145227,3628.15,3593.7,3614.6050000000005,65.5912334003398,NaN,NaN
1736089200,3619.6799885726136,3648.11,3619.43,3629.6175,68.24896746117834,NaN,NaN
1736100000,3624.6487442863067,3656.88,3613.04,3633.375,68.89653028478776,NaN,NaN
1736110800,3629.0118721431536,3656,3629.0118721431536,3640.19,70.0881004032828,NaN,NaN
1736121600,3634.600936071577,3684.03,3610.63,3647.2799999999997,71.31912904767346,NaN,NaN
1736132400,3640.9404680357884,3698.04,3640.9404680357884,3672.8500000000004,75.27176219915542,NaN,NaN
1736143200,3656.8952340178944,3684.98,3636.41,3660.725,70.32267337433782,NaN,NaN
1736154000,3658.810117008947,3659.58,3633,3646.9975,65.10360940038909,NaN,NaN
1736164800,3652.9038085044735,3702.8,3622.1,3666.22,68.61604245916462,NaN,NaN
1736175600,3659.5619042522367,3744.83,3655.55,3689.9325,72.31759202516803,NaN,NaN
1736186400,3674.7472021261183,3703.38,3662.14,3680.7174999999997,68.9158777492405,NaN,NaN
1736197200,3677.732351063059,3689.2,3666.37,3681.6075,69.06721722246608,NaN,NaN
1736208000,3679.6699255315298,3700.86,3663,3682.3424999999997,69.2005810798319,NaN,NaN
1736218800,3681.0062127657648,3688.68,3659,3673.7825000000003,65.65057730391743,NaN,NaN
1736229600,3677.3943563828825,3680,3660.33,3671.0825000000004,64.52615476594264,NaN,NaN
1736240400,3674.2384281914415,3676.74,3625.55,3654.0475,57.799791454716825,NaN,NaN
1736251200,3664.142964095721,3664.142964095721,3532.41,3596.5975,41.926533593022036,NaN,NaN
1736262000,3630.3702320478606,3630.3702320478606,3413.81,3501.8774999999996,28.18374553696617,NaN,NaN
1736272800,3566.12386602393,3566.12386602393,3364.85,3415.7475000000004,21.33541841355982,NaN,NaN
1736283600,3490.935683011965,3490.935683011965,3356.31,3387.0674999999997,19.625353272051953,NaN,NaN
1736294400,3439.001591505982,3439.001591505982,3375.01,3388.58,19.989569270077524,NaN,NaN
1736305200,3413.790795752991,3413.790795752991,3336.95,3364.8,18.565144780415693,NaN,NaN
1736316000,3389.2953978764954,3389.2953978764954,3306.41,3350.2025,17.729937048382567,NaN,NaN
1736326800,3369.748948938248,3374.28,3323,3353.3,18.567106832621022,NaN,NaN
1736337600,3361.524474469124,3381.6,3338.83,3359.935,20.434815293905515,NaN,NaN
1736348400,3360.729737234562,3386.36,3208.2,3306.7899999999995,17.059711899905466,NaN,NaN
1736359200,3333.7598686172805,3333.7598686172805,3259.1,3284.705,15.885524037486476,NaN,NaN
1736370000,3309.23243430864,3334.8,3270,3304.4425,21.11140528605327,NaN,NaN
1736380800,3306.83746715432,3357.27,3306.5,3333.06,28.087573852588704,NaN,NaN
1736391600,3319.94873357716,3343.36,3312.13,3331.3875,27.93211135903823,NaN,NaN
1736402400,3325.66811678858,3334.99,3265.77,3309.8825,25.943720905092675,NaN,NaN
1736413200,3317.77530839429,3327.75,3284.88,3305.99,25.588646734675976,NaN,NaN
1736424000,3311.882654197145,3311.882654197145,3210.28,3268.325,22.394710097884882,NaN,NaN
1736434800,3290.1038270985723,3337,3235.8,3268.645,22.483236191534246,NaN,NaN
1736445600,3279.374413549286,3279.374413549286,3158,3218.59,18.859249795121897,NaN,NaN
1736456400,3248.982206774643,3248.982206774643,3187.58,3210.4800000000005,18.343351034017402,NaN,NaN
1736467200,3229.731103387322,3260.47,3213.74,3233.72,24.700091406438688,NaN,NaN
1736478000,3231.725551693661,3281.57,3231.725551693661,3256.5975,30.440667158688967,NaN,NaN
1736488800,3244.1615258468305,3313.65,3244.1615258468305,3283.5375,36.572783254016436,NaN,NaN
1736499600,3263.849512923415,3321.25,3263.849512923415,3304.9275,41.01875570658086,NaN,NaN
1736510400,3284.3885064617075,3317.03,3215.76,3275.36,37.142998380545,NaN,NaN
1736521200,3279.874253230854,3322.49,3193.97,3272.1324999999997,36.73497024038234,NaN,NaN
1736532000,3276.0033766154265,3315.06,3257.38,3286.7725,39.95703873687137,NaN,NaN
1736542800,3281.3879383077133,3281.3879383077133,3256.9,3266.2200000000003,37.10038420341698,NaN,NaN
1736553600,3273.803969153857,3273.803969153857,3236.54,3255.3875,35.653559079933416,NaN,NaN
1736564400,3264.5957345769284,3264.5957345769284,3230,3243.13,34.03609285128543,NaN,NaN
1736575200,3253.8628672884643,3253.8628672884643,3217.56,3234.8325,32.9464819926806,NaN,NaN
1736586000,3244.3476836442323,3280.5,3223.53,3250.62,37.07421100911512,NaN,NaN
1736596800,3247.483841822116,3281.23,3247.483841822116,3272.965,42.47205296548767,NaN,NaN
1736607600,3260.224420911058,3282.94,3259.06,3273.0775000000003,42.498796898355984,NaN,NaN
1736618400,3266.6509604555295,3300.69,3266.6509604555295,3284.88,45.368240890688824,NaN,NaN
1736629200,3275.765480227765,3320.18,3275.765480227765,3295.9775,47.99604520219441,NaN,NaN
1736640000,3285.8714901138824,3289.94,3274.12,3284.17,45.48894777553746,NaN,NaN
1736650800,3285.0207450569415,3290.91,3274.28,3283.6925,45.38569900447914,NaN,NaN
1736661600,3284.356622528471,3284.356622528471,3235.47,3259.1474999999996,40.31964263283957,NaN,NaN
1736672400,3271.752061264235,3271.752061264235,3224.49,3243.9675,37.529555127287395,NaN,NaN
1736683200,3257.8597806321177,3280.78,3247.89,3262.7000000000003,42.79065757923608,NaN,NaN
1736694000,3260.279890316059,3296.14,3260.279890316059,3279.825,47.170869711272836,NaN,NaN
1736704800,3270.0524451580295,3300,3270.0524451580295,3285.955,48.68541947864439,NaN,NaN
1736715600,3278.0037225790147,3282.94,3234.38,3266.5699999999997,44.35488446754887,NaN,NaN
1736726400,3272.286861289507,3339,3237,3274.8149999999996,46.53327508689918,NaN,NaN
1736737200,3273.5509306447534,3273.5509306447534,3213,3240.53,39.592338987842716,NaN,NaN
1736748000,3257.040465322377,3257.040465322377,3161.7,3197.6025,32.96265614483141,NaN,NaN
1736758800,3227.3214826611884,3227.3214826611884,3055.88,3114.8450000000003,24.459420623809052,NaN,NaN
1736769600,3171.0832413305943,3171.0832413305943,2920,3025.735,18.827480998652334,NaN,NaN
1736780400,3098.4091206652975,3098.4091206652975,3004.2,3034.3575,20.72950005946001,NaN,NaN
1736791200,3066.3833103326488,3104.85,2986.4,3050.85,24.379423847925437,NaN,NaN
1736802000,3058.6166551663246,3143.2,3058.6166551663246,3113.7999999999997,36.413926149752264,NaN,NaN
1736812800,3086.208327583162,3167.38,3086.208327583162,3146.9750000000004,41.68131917672604,NaN,NaN
1736823600,3116.591663791581,3182.69,3116.591663791581,3164.2599999999998,44.27163746891171,NaN,NaN
1736834400,3140.4258318957905,3192.6,3140.4258318957905,3174.1400000000003,45.75476760332466,NaN,NaN
1736845200,3157.282915947895,3256.67,3157.282915947895,3209.085,50.74756002811999,NaN,NaN
1736856000,3183.1839579739476,3233.27,3178.11,3205.1375,50.18562890746826,NaN,NaN
1736866800,3194.1607289869735,3216.11,3172.12,3198.0975000000003,49.140564012794584,NaN,NaN
1736877600,3196.1291144934867,3235.99,3194.86,3216.4725000000003,51.952919797114845,NaN,NaN
1736888400,3206.3008072467437,3240.69,3206.3008072467437,3225.1925,53.2734142792951,NaN,NaN
1736899200,3215.746653623372,3245.77,3205.17,3222.415,52.7758750844196,NaN,NaN
1736910000,3219.080826811686,3252.35,3208.4,3226.0425,53.388156508967064,NaN,NaN
1736920800,3222.5616634058433,3250.92,3216.62,3232.62,54.53912406933065,NaN,NaN
1736931600,3227.5908317029216,3237.63,3186.36,3214.0575000000003,50.73190173372876,NaN,NaN
1736942400,3220.8241658514607,3331.78,3186.73,3261.9,58.72861010363013,NaN,NaN
1736953200,3241.3620829257306,3366.54,3241.3620829257306,3336.4374999999995,67.56228405847403,NaN,NaN
1736964000,3288.8997914628653,3473.75,3288.8997914628653,3389.85,72.16065544248424,NaN,NaN
1736974800,3339.374895731433,3454.11,3339.374895731433,3439.5175,75.62144935246485,NaN,NaN
1736985600,3389.4461978657164,3460.79,3381.6,3419.6825,71.78361148503582,NaN,NaN
1736996400,3404.564348932858,3404.564348932858,3346,3371.7749999999996,63.412681114542345,NaN,NaN
1737007200,3388.1696744664287,3391.5,3303.2,3344.825,59.228422349908364,NaN,NaN
1737018000,3366.4973372332142,3366.4973372332142,3300.21,3330.9225,57.13403906211355,NaN,NaN
1737028800,3348.709918616607,3365.16,3265.44,3314.75,54.71041664557665,NaN,NaN
1737039600,3331.7299593083035,3365.95,3269.7,3314.1625000000004,54.61977342617204,NaN,NaN
1737050400,3322.946229654152,3354.01,3310.47,3336.4175,57.49275393777543,NaN,NaN
1737061200,3329.681864827076,3337.94,3269,3313.0825000000004,53.656945943848626,NaN,NaN
1737072000,3321.3821824135384,3397.66,3307.5,3346.625,57.9951999465174,NaN,NaN
1737082800,3334.003591206769,3377.49,3334.003591206769,3366.325,60.34322741488666,NaN,NaN
1737093600,3350.1642956033847,3413.86,3350.1642956033847,3387.7225,62.77709006014211,NaN,NaN
1737104400,3368.9433978016923,3439,3368.9433978016923,3417.5525,65.91749139394811,NaN,NaN
1737115200,3393.247948900846,3433.09,3393.247948900846,3420.0874999999996,66.17863258921318,NaN,NaN
1737126000,3406.6677244504226,3450.53,3404.24,3424.51,66.65858962535532,NaN,NaN
1737136800,3415.5888622252114,3525,3410.18,3466.1,70.84827340009653,NaN,NaN
1737147600,3440.844431112606,3525.72,3440.844431112606,3494.25,73.29437342524265,NaN,NaN
1737158400,3467.547215556303,3494.39,3447.72,3466.7775,67.35445196179606,NaN,NaN
1737169200,3467.1623577781515,3467.1623577781515,3290.01,3372.925,51.88474464688279,NaN,NaN
1737180000,3420.0436788890756,3420.0436788890756,3251.65,3294.8125,43.027117111475285,NaN,NaN
1737190800,3357.428089444538,3357.428089444538,3227,3288.9825,42.44470030006287,NaN,NaN
1737201600,3323.205294722269,3326.99,3274.17,3302.5725,44.33617394075311,NaN,NaN
1737212400,3312.8888973611347,3347.34,3253.46,3289.125,42.83603655727151,NaN,NaN
1737223200,3301.0069486805673,3301.0069486805673,3250,3266.8625,40.399008173339574,NaN,NaN
1737234000,3283.9347243402835,3321.11,3263.59,3289.6075,43.91002754531611,NaN,NaN
1737244800,3286.771112170142,3378.11,3286.771112170142,3334.4849999999997,50.14986753698697,NaN,NaN
1737255600,3310.628056085071,3365.82,3259.9,3319.7575,48.25274530736056,NaN,NaN
1737266400,3315.192778042536,3315.192778042536,3215.81,3259.6575,41.374354085571646,NaN,NaN
1737277200,3287.4251390212676,3287.4251390212676,3130.48,3184.0299999999997,34.67579711758809,NaN,NaN
1737288000,3235.7275695106337,3397.7,3145,3268.46,45.31932544183566,NaN,NaN
1737298800,3252.093784755317,3447.7,3252.093784755317,3406.1025,57.48190611781064,NaN,NaN
1737309600,3329.0981423776584,3448.99,3329.0981423776584,3407.61,57.59316052624672,NaN,NaN
1737320400,3368.354071188829,3378.96,3156.7,3282.1099999999997,46.64952222308727,NaN,NaN
1737331200,3325.2320355944144,3325.2320355944144,3142.78,3219.4625,42.32595435539391,NaN,NaN
1737342000,3272.347267797207,3320,3228.06,3271.115,46.7112875132357,NaN,NaN
1737352800,3271.7311338986037,3453.69,3271.7311338986037,3355.9125000000004,53.026032341691476,NaN,NaN
1737363600,3313.821816949302,3412.28,3313.821816949302,3378.6150000000002,54.577929109026215,NaN,NaN
1737374400,3346.2184084746514,3379.34,3257.2,3342.8399999999997,51.68043610972102,NaN,NaN
1737385200,3344.5292042373258,3390.68,3205.42,3312.1075,49.26101412857908,NaN,NaN
1737396000,3328.318352118663,3364.12,3284.02,3315.34,49.528656975069325,NaN,NaN
1737406800,3321.8291760593315,3337.17,3255.92,3299.33,48.173287731510605,NaN,NaN
1737417600,3310.5795880296655,3310.5795880296655,3204.6,3259.0950000000003,44.85147488386393,NaN,NaN
1737428400,3284.837294014833,3284.837294014833,3213.82,3241.7225,43.458054523934166,NaN,NaN
1737439200,3263.2798970074164,3266.24,3213.03,3239.6375,43.284248937439614,NaN,NaN
1737450000,3251.458698503708,3314,3250.92,3281.0299999999997,47.75175774129268,NaN,NaN
1737460800,3266.244349251854,3335.44,3266.244349251854,3302.2525,49.9294843688931,NaN,NaN
1737471600,3284.2484246259273,3356.59,3265.11,3315.53,51.29718238028082,NaN,NaN
1737482400,3299.8892123129635,3368,3299.8892123129635,3334.35,53.24661920123624,NaN,NaN
1737493200,3317.1196061564815,3347.12,3302.03,3322.7700000000004,51.87082999338921,NaN,NaN
1737504000,3319.944803078241,3365.99,3319.944803078241,3339.655,53.7474350024338,NaN,NaN
1737514800,3329.7999015391206,3348,3316.18,3331.61,52.693220685673936,NaN,NaN
1737525600,3330.70495076956,3330.70495076956,3273.83,3304.0375,49.13603867040747,NaN,NaN
1737536400,3317.37122538478,3329.99,3289.14,3311.3099999999995,50.09302310729802,NaN,NaN
1737547200,3314.3406126923896,3332.7,3267.17,3305.0975,49.24073471386215,NaN,NaN
1737558000,3309.7190563461945,3309.7190563461945,3259.93,3286.2425,46.64670400559212,NaN,NaN
1737568800,3297.980778173097,3297.980778173097,3239.4,3268.1775000000002,44.24189588094335,NaN,NaN
1737579600,3283.079139086549,3283.079139086549,3222.85,3247.1025,41.550660401610855,NaN,NaN
1737590400,3265.0908195432744,3265.0908195432744,3204.18,3232.8150000000005,39.783818155711366,NaN,NaN
1737601200,3248.9529097716377,3248.9529097716377,3185,3216.5875,37.816901989578156,NaN,NaN
1737612000,3232.770204885819,3234,3199,3214.5125,37.56117900112259,NaN,NaN
1737622800,3223.6413524429095,3223.6413524429095,3188.89,3208.4474999999998,36.778338447077026,NaN,NaN
1737633600,3216.0444262214546,3286.72,3189.69,3241.26,43.62408620933878,NaN,NaN
1737644400,3228.6522131107276,3297.49,3225.68,3266.1425,48.204322476864796,NaN,NaN
1737655200,3247.397356555364,3295.47,3195,3250.875,45.748324100369366,NaN,NaN
1737666000,3249.136178277682,3347.97,3213.93,3286.8199999999997,51.95482869341412,NaN,NaN
1737676800,3267.978089138841,3349.6,3267.978089138841,3313.3675,55.96194439882497,NaN,NaN
1737687600,3290.67279456942,3409.99,3275.9,3345.3149999999996,60.25764199322571,NaN,NaN
1737698400,3317.99389728471,3421,3317.99389728471,3401.1499999999996,66.42232214213232,NaN,NaN
1737709200,3359.571948642355,3415,3359.571948642355,3401.5624999999995,66.4637101047398,NaN,NaN
1737720000,3380.5672243211775,3428,3378.56,3401.3575,66.41989375867968,NaN,NaN
1737730800,3390.962362160589,3409.73,3355.67,3390.7425,64.06472849049489,NaN,NaN
1737741600,3390.852431080294,3409.4,3327.19,3365.9375000000005,58.81634943887026,NaN,NaN
1737752400,3378.3949655401475,3378.3949655401475,3304.11,3322.62,50.964330116149824,NaN,NaN
1737763200,3350.5074827700737,3350.5074827700737,3268.66,3296.935,46.9609991839305,NaN,NaN
1737774000,3323.7212413850366,3325,3288,3301.1275,47.68339120675926,NaN,NaN
1737784800,3312.424370692518,3312.424370692518,3282.62,3293.3725,46.42385057646933,NaN,NaN
1737795600,3302.8984353462592,3311.5,3272.09,3295.39,46.817428566716764,NaN,NaN
1737806400,3299.14421767313,3319.5,3294.24,3309.125,49.53540628100448,NaN,NaN
1737817200,3304.134608836565,3349.58,3304.134608836565,3329.8975,53.4131960763105,NaN,NaN
1737828000,3317.0160544182827,3350.68,3317.0160544182827,3341.645,55.4959519481015,NaN,NaN
1737838800,3329.330527209141,3346,3314.87,3329.17,52.796590079054475,NaN,NaN
1737849600,3329.2502636045706,3337.78,3313.9,3324.6975,51.823350484295574,NaN,NaN
1737860400,3326.973881802285,3362,3326.36,3339.77,54.8443171680004,NaN,NaN
1737871200,3333.371940901143,3348.01,3323.43,3336.46,54.04286957632166,NaN,NaN
1737882000,3334.9159704505714,3334.9159704505714,3292.82,3317.4224999999997,49.55729867503524,NaN,NaN
1737892800,3326.169235225286,3326.169235225286,3297.47,3308.505,47.565747213208866,NaN,NaN
1737903600,3317.337117612643,3344.88,3307.96,3325.4925000000003,51.55935032463452,NaN,NaN
1737914400,3321.4148088063216,3342.92,3321.4148088063216,3334.4625,53.57026516240593,NaN,NaN
1737925200,3327.938654403161,3330,3230,3280.5725,42.228311680658166,NaN,NaN
1737936000,3304.2555772015803,3304.2555772015803,3164,3205.335,32.03171727838496,NaN,NaN
1737946800,3254.79528860079,3254.79528860079,3115,3156.6800000000003,27.42059986060184,NaN,NaN
1737957600,3205.737644300395,3205.737644300395,3020.01,3094.5875,22.89163349701937,NaN,NaN
1737968400,3150.162572150198,3150.162572150198,3034.48,3062.55,20.967346794039685,NaN,NaN
1737979200,3106.356286075099,3146.61,3053.67,3099.1825000000003,28.380715418937356,NaN,NaN
1737990000,3102.76939303755,3152,3066.68,3107.2225,29.934138220740067,NaN,NaN
1738000800,3104.995946518775,3148.97,3046.68,3103.4325,29.608122597936273,NaN,NaN
1738011600,3104.2142232593874,3239,3104.2142232593874,3177.2025,42.69140389271649,NaN,NaN
1738022400,3140.7083616296936,3203.89,3140.7083616296936,3182.695,43.532923805663344,NaN,NaN
1738033200,3161.701680814847,3223.01,3161.701680814847,3201.13,46.37894258437882,NaN,NaN
1738044000,3181.4158404074233,3216.11,3181.4158404074233,3202.7149999999997,46.62801556561769,NaN,NaN
1738054800,3192.0654202037113,3208,3177.1,3192.56,45.180001338535746,NaN,NaN
1738065600,3192.3127101018554,3196.01,3156.86,3177.9825,43.11035881273294,NaN,NaN
1738076400,3185.1476050509277,3214.38,3136.74,3172.7650000000003,42.36237281332731,NaN,NaN
1738087200,3178.956302525464,3178.956302525464,3093.03,3133.4075000000003,37.129072456027025,NaN,NaN
1738098000,3156.181901262732,3156.181901262732,3040.03,3082.11,31.642301544452096,NaN,NaN
1738108800,3119.145950631366,3129.43,3076.31,3099.39,35.12040943334446,NaN,NaN
1738119600,3109.2679753156826,3140,3108.15,3123.3125,39.695041294047186,NaN,NaN
1738130400,3116.2902376578413,3164.11,3116.2902376578413,3142.8175,43.21094343260264,NaN,NaN
1738141200,3129.5538688289207,3148.46,3119.8,3137.7225,42.51368239974754,NaN,NaN
1738152000,3133.6381844144603,3140.38,3080.57,3113.175,39.22925636617006,NaN,NaN
1738162800,3123.4065922072305,3132.08,3072.57,3103.215,37.94822723008587,NaN,NaN
1738173600,3113.3107961036153,3182.52,3054.06,3121.185,41.65042849664767,NaN,NaN
1738184400,3117.2478980518076,3163.36,3109.5,3130.83,43.595598939564425,NaN,NaN
1738195200,3124.038949025904,3155.51,3091.06,3128.96,43.29424682901918,NaN,NaN
1738206000,3126.499474512952,3215.73,3126.499474512952,3179.93,52.85926224319834,NaN,NaN
1738216800,3153.214737256476,3211.35,3153.214737256476,3197.5275,55.641272060843264,NaN,NaN
1738227600,3175.371118628238,3229.82,3175.371118628238,3214.5325000000003,58.207921748403706,NaN,NaN
1738238400,3194.951809314119,3281,3194.951809314119,3246.0475,62.534498593631135,NaN,NaN
1738249200,3220.4996546570596,3283.43,3220.4996546570596,3268.8925,65.33598101348741,NaN,NaN
1738260000,3244.69607732853,3276.97,3228.68,3252.4625,61.75922532523309,NaN,NaN
1738270800,3248.579288664265,3272,3231.5,3245.6225,60.2797373719044,NaN,NaN
1738281600,3247.100894332132,3279.5,3237.23,3252.9300000000003,61.34513364981549,NaN,NaN
1738292400,3250.015447166066,3250.015447166066,3213.8,3238.9125,58.12447616798897,NaN,NaN
1738303200,3244.4639735830333,3276.93,3234.05,3248.3275,59.656523509352915,NaN,NaN
1738314000,3246.3957367915164,3338.55,3235,3286.4300000000003,65.20470089248309,NaN,NaN
1738324800,3266.4128683957583,3374.02,3266.4128683957583,3346.3975,71.78203451701535,NaN,NaN
1738335600,3306.405184197879,3437.31,3306.405184197879,3378.8525,74.58239695144326,NaN,NaN
1738346400,3342.6288420989395,3385.11,3285.68,3340.6625,66.25072931237989,NaN,NaN
1738357200,3341.6456710494695,3341.6456710494695,3278.5,3304.1,59.40825317627228,NaN,NaN
1738368000,3322.872835524735,3331.98,3288.35,3306.88,59.74865868605181,NaN,NaN
1738378800,3314.8764177623675,3314.8764177623675,3283.01,3299.7125,58.38909923165097,NaN,NaN
1738389600,3307.294458881184,3307.294458881184,3246.1,3280.2,54.7374858656363,NaN,NaN
1738400400,3293.7472294405916,3293.7472294405916,3224.01,3253.3625,50.09685230570894,NaN,NaN
1738411200,3273.554864720296,3273.554864720296,3234.53,3249.6625000000004,49.474100936415944,NaN,NaN
1738422000,3261.608682360148,3266.66,3228.93,3249.1575,49.38386828994415,NaN,NaN
1738432800,3255.383091180074,3267.24,3151.71,3211.2999999999997,43.04573779476467,NaN,NaN
1738443600,3233.3415455900367,3233.3415455900367,3101.7,3140.6825,34.22242069340646,NaN,NaN
1738454400,3187.0120227950183,3187.0120227950183,3111.8,3127.0875,32.82737188196779,NaN,NaN
1738465200,3157.0497613975094,3157.0497613975094,3069.36,3108.435,30.96246672189133,NaN,NaN
1738476000,3132.7423806987545,3139,3082.82,3112.8875,31.956179532067793,NaN,NaN
1738486800,3122.814940349377,3122.814940349377,3052.19,3084.985,29.126793698836906,NaN,NaN
1738497600,3103.899970174689,3103.899970174689,3050.64,3076.125,28.270837990502315,NaN,NaN
1738508400,3090.0124850873444,3090.0124850873444,2951.58,3024.6825,23.88240305239438,NaN,NaN
1738519200,3057.347492543672,3057.347492543672,2894.4,2952.1324999999997,19.32607762133864,NaN,NaN
1738530000,3004.739996271836,3004.739996271836,2750.71,2881.9625,16.122299446704375,NaN,NaN
1738540800,2943.351248135918,2943.351248135918,2125.01,2588.52,9.2307949523654,NaN,NaN
1738551600,2765.935624067959,2765.935624067959,2447.25,2503.605,8.145713643659874,NaN,NaN
1738562400,2634.7703120339793,2634.7703120339793,2483.91,2551.1275,14.222789352872653,NaN,NaN
1738573200,2592.94890601699,2616.5,2557.87,2582.1475,18.03478167341453,NaN,NaN
1738584000,2587.548203008495,2647.11,2529.39,2594.6225,19.582577568665286,NaN,NaN
1738594800,2591.0853515042472,2733.9,2591.0853515042472,2665.5425,27.91621375084793,NaN,NaN
1738605600,2628.3139257521234,2770.26,2628.3139257521234,2719.42,33.55002869744955,NaN,NaN
1738616400,2673.8669628760617,2921,2673.8669628760617,2801.3125,41.08700987261808,NaN,NaN
1738627200,2737.589731438031,2888.5,2737.589731438031,2842.795,44.519791619586364,NaN,NaN
1738638000,2790.1923657190155,2836.68,2663.21,2748.1724999999997,38.94531018597176,NaN,NaN
1738648800,2769.1824328595076,2769.1824328595076,2677,2700.22,36.45415971025573,NaN,NaN
1738659600,2734.701216429754,2789.44,2690.78,2734.13,39.40588839611448,NaN,NaN
1738670400,2734.415608214877,2846.3,2734.415608214877,2795.1025,44.406300315058125,NaN,NaN
1738681200,2764.7590541074387,2842.77,2730.18,2801.6275,44.93004697005742,NaN,NaN
1738692000,2783.1932770537196,2869.39,2721.05,2784.635,43.77348669204477,NaN,NaN
1738702800,2783.91413852686,2783.91413852686,2632.6,2711.1975,39.090259352626035,NaN,NaN
1738713600,2747.55581926343,2767.78,2699.13,2734.4025,41.2298907858453,NaN,NaN
1738724400,2740.979159631715,2788,2709.2,2755.36,43.171496425745204,NaN,NaN
1738735200,2748.1695798158576,2785.5,2735.29,2769.8175,44.532874024601995,NaN,NaN
1738746000,2758.9935399079286,2817.89,2746.85,2784.6475,45.96287793295325,NaN,NaN
1738756800,2771.8205199539643,2826.95,2771.42,2796.4399999999996,47.130115718572284,NaN,NaN
1738767600,2784.130259976982,2800.46,2730.4,2764.7325,44.355785206879695,NaN,NaN
1738778400,2774.4313799884912,2787.56,2715.27,2751.635,43.223919435802884,NaN,NaN
1738789200,2763.0331899942457,2803,2739.49,2773.435,45.70727586765345,NaN,NaN
1738800000,2768.234094997123,2817.27,2755.69,2792.3050000000003,47.834235819840984,NaN,NaN
1738810800,2780.2695474985617,2849.5,2780.2695474985617,2820.0975,50.88608211791089,NaN,NaN
1738821600,2800.1835237492805,2856.21,2800.1835237492805,2835.1724999999997,52.509022555819314,NaN,NaN
1738832400,2817.67801187464,2857.64,2793.05,2821.0025,50.80945000493517,NaN,NaN
1738843200,2819.34025593732,2819.34025593732,2737.62,2774.4475,45.58857866736661,NaN,NaN
1738854000,2796.89387796866,2796.89387796866,2683.71,2723.2375,40.64157578493132,NaN,NaN
1738864800,2760.0656889843303,2760.0656889843303,2672.03,2705.4350000000004,39.054954945297055,NaN,NaN
1738875600,2732.7503444921654,2732.7503444921654,2655.28,2697.0525,38.296826735660694,NaN,NaN
1738886400,2714.901422246083,2739.61,2679.79,2707.7325,39.897639070014094,NaN,NaN
1738897200,2711.3169611230414,2736.47,2703.2,2719.6375,41.7129370521026,NaN,NaN
1738908000,2715.4772305615206,2743.77,2668.03,2713.8450000000003,41.0630632015656,NaN,NaN
1738918800,2714.6611152807604,2764.78,2714.6611152807604,2745.7200000000003,46.04458635238904,NaN,NaN
1738929600,2730.1905576403806,2797.5,2723.68,2766.6825000000003,49.092044926459714,NaN,NaN
1738940400,2748.4365288201907,2782.95,2662.02,2726.9825,44.02102780267791,NaN,NaN
1738951200,2737.7095144100954,2737.7095144100954,2579.53,2637.7425,35.21523790737703,NaN,NaN
1738962000,2687.7260072050476,2687.7260072050476,2562.51,2599.495,32.23868482247195,NaN,NaN
1738972800,2643.6105036025237,2667.3,2615.88,2636.56,37.731523919244026,NaN,NaN
1738983600,2640.0852518012616,2656.99,2613.35,2632.87,37.406430362580146,NaN,NaN
1738994400,2636.4776259006308,2638,2594.63,2614.7625,35.77739847712036,NaN,NaN
1739005200,2625.6200629503155,2630.5,2601.4,2612.8599999999997,35.60196673995193,NaN,NaN
1739016000,2619.2400314751576,2636.9,2599,2616.3575,36.22111417074163,NaN,NaN
1739026800,2617.798765737579,2633.79,2588.8,2617.1775000000002,36.375563573095604,NaN,NaN
1739037600,2617.4881328687898,2649.9,2617.4881328687898,2633.5699999999997,39.52822990261919,NaN,NaN
1739048400,2625.5290664343947,2645.6,2623.78,2634.415,39.69411598397474,NaN,NaN
1739059200,2629.9720332171973,2657.11,2626.63,2638.955,40.63635621745041,NaN,NaN
1739070000,2634.4635166085986,2698.9,2634,2658.4975,44.64560508693321,NaN,NaN
1739080800,2646.4805083042993,2673.38,2646.4805083042993,2662.7825000000003,45.51452272606629,NaN,NaN
1739091600,2654.63150415215,2669.37,2650.99,2660.5325,45.114066677186976,NaN,NaN
1739102400,2657.582002076075,2661.81,2611.78,2639.005,41.364125341280115,NaN,NaN
1739113200,2648.2935010380374,2666.38,2626.99,2640.685,41.770899118258775,NaN,NaN
1739124000,2644.4892505190187,2649.55,2616.81,2636.3250000000003,40.976414693864946,NaN,NaN
1739134800,2640.4071252595095,2646.99,2520.02,2607.8475,36.14121547148872,NaN,NaN
1739145600,2624.1273126297547,2658.6,2559.85,2608.7924999999996,36.40937186907123,NaN,NaN
1739156400,2616.459906314877,2660,2584.65,2618.1475,39.13419040162962,NaN,NaN
1739167200,2617.3037031574386,2652.5,2617.3037031574386,2640.5625,45.1939149673733,NaN,NaN
1739178000,2628.9331015787193,2662,2628.9331015787193,2649.74,47.498646351565526,NaN,NaN
1739188800,2639.3365507893595,2684.55,2631.24,2654.9525,48.81520101517097,NaN,NaN
1739199600,2647.1445253946795,2685.45,2643.52,2664.71,51.278225167246895,NaN,NaN
1739210400,2655.9272626973398,2693.79,2655.9272626973398,2681.1675,55.194465353441544,NaN,NaN
1739221200,2668.5473813486697,2684.96,2651.74,2670.545,52.27382514771503,NaN,NaN
1739232000,2669.546190674335,2725.04,2660.72,2682.1099999999997,55.06187815685005,NaN,NaN
1739242800,2675.8280953371673,2722,2668.41,2697.23,58.4771290221773,NaN,NaN
1739253600,2686.5290476685836,2724.98,2686.5290476685836,2714.9175000000005,62.10528296683773,NaN,NaN
1739264400,2700.723273834292,2717.88,2690.24,2708.0550000000003,59.91775092285097,NaN,NaN
1739275200,2704.389136917146,2710.29,2626.13,2677.2575,51.201557822416284,NaN,NaN
1739286000,2690.8233184585733,2690.8233184585733,2632,2653.365,45.65309842884748,NaN,NaN
1739296800,2672.0941592292866,2672.0941592292866,2580,2615.2275,38.484275385155485,NaN,NaN
1739307600,2643.6608296146433,2643.6608296146433,2558.24,2597.6275,35.69834169637346,NaN,NaN
1739318400,2620.6441648073214,2624.36,2587.31,2602.7275,37.1188703174038,NaN,NaN
1739329200,2611.6858324036607,2611.6858324036607,2569.31,2596.49,36.069349185983405,NaN,NaN
1739340000,2604.08791620183,2637.24,2597.51,2618.425,42.25290573163928,NaN,NaN
1739350800,2611.256458100915,2639.49,2610.78,2626.8225,44.46739860197984,NaN,NaN
1739361600,2619.039479050458,2665.16,2546.92,2609.6475,41.004005042117015,NaN,NaN
1739372400,2614.343489525229,2683.65,2569.29,2631.3374999999996,46.65472246814792,NaN,NaN
1739383200,2622.840494762614,2695.72,2622.840494762614,2673.5325000000003,55.57014753303314,NaN,NaN
1739394000,2648.186497381307,2795.45,2648.186497381307,2720.8825,63.03584709274549,NaN,NaN
1739404800,2684.534498690654,2757.28,2684.534498690654,2737.81,65.28184718865634,NaN,NaN
1739415600,2711.172249345327,2746.95,2703.97,2727.845,62.86039830906953,NaN,NaN
1739426400,2719.5086246726632,2723.62,2658.1,2692.2749999999996,55.01594483193796,NaN,NaN
1739437200,2705.8918123363314,2705.8918123363314,2650.65,2665.4725,49.95702017167471,NaN,NaN
1739448000,2685.6821561681654,2685.6821561681654,2616.04,2646.63,46.70550621805002,NaN,NaN
1739458800,2666.1560780840828,2667.04,2618.7,2638.415,45.320543963434936,NaN,NaN
1739469600,2652.2855390420414,2662.17,2612.76,2639.985,45.652230881969714,NaN,NaN
1739480400,2646.1352695210207,2679.99,2646.1352695210207,2665.2375,50.81977378446821,NaN,NaN
1739491200,2655.6863847605105,2706.58,2655.6863847605105,2684.3525,54.35751647725447,NaN,NaN
1739502000,2670.019442380255,2721.4,2670.019442380255,2699.915,57.06541705346037,NaN,NaN
1739512800,2684.9672211901275,2716.21,2684.9672211901275,2703.15,57.628173190261414,NaN,NaN
1739523600,2694.058610595064,2716.48,2682.42,2697.3624999999997,56.20872952008583,NaN,NaN
1739534400,2695.7105552975318,2736.76,2677.43,2704.935,57.67760998866346,NaN,NaN
1739545200,2700.3227776487656,2791,2688.79,2743.6275,64.2720664025947,NaN,NaN
1739556000,2721.975138824383,2791.78,2721.16,2753.7749999999996,65.77808414505057,NaN,NaN
1739566800,2737.8750694121914,2751.1,2706,2727.8125,58.93336599827848,NaN,NaN
1739577600,2732.843784706096,2734.76,2703.99,2724.025,57.98541919615788,NaN,NaN
1739588400,2728.4343923530478,2739,2715.69,2727.1375,58.575111512690015,NaN,NaN
1739599200,2727.785946176524,2727.785946176524,2694,2710.9700000000003,54.310973845457525,NaN,NaN
1739610000,2719.377973088262,2719.377973088262,2695.7,2705.9925,53.03100029666145,NaN,NaN
1739620800,2712.685236544131,2713.99,2662.28,2693.33,49.814649868984496,NaN,NaN
1739631600,2703.0076182720654,2703.0076182720654,2679,2688.16,48.520703146681825,NaN,NaN
1739642400,2695.583809136033,2707.93,2679.16,2689.83,48.98169783958717,NaN,NaN
1739653200,2692.7069045680164,2704,2685.8,2692.235,49.68054553352355,NaN,NaN
1739664000,2692.4709522840085,2705.98,2687.71,2694.3100000000004,50.312939248752436,NaN,NaN
1739674800,2693.3904761420044,2727.31,2687.81,2703.7225,53.1869608597454,NaN,NaN
1739685600,2698.556488071002,2720,2690.56,2704.13,53.31286825040867,NaN,NaN
1739696400,2701.343244035501,2713,2689.49,2702.5675,52.72727400266206,NaN,NaN
1739707200,2701.9553720177505,2712.49,2676.73,2698.035,50.97803047217209,NaN,NaN
1739718000,2699.995186008875,2703.46,2685.55,2692.2925,48.77043516286974,NaN,NaN
1739728800,2696.1438430044373,2696.1438430044373,2659.1,2676.5425,43.23969484170301,NaN,NaN
1739739600,2686.343171502219,2689.13,2651.26,2668.0950000000003,40.58149857670964,NaN,NaN
1739750400,2677.2190857511096,2684,2658.28,2668.2575,40.657074458684065,NaN,NaN
1739761200,2672.738292875555,2674.19,2637.71,2663.0375000000004,38.943517569512565,NaN,NaN
1739772000,2667.8878964377777,2717.5,2667.8878964377777,2692.8075,51.4983731943212,NaN,NaN
1739782800,2680.3476982188886,2774.98,2680.3476982188886,2739.2425000000003,63.95022193990224,NaN,NaN
1739793600,2709.7950991094444,2828.7,2709.7950991094444,2791.1225,72.45794093814143,NaN,NaN
1739804400,2750.458799554722,2849.7,2723.76,2783.1625,69.73849218720996,NaN,NaN
1739815200,2766.810649777361,2766.810649777361,2686.91,2724.4925,53.731448144792225,NaN,NaN
1739826000,2745.6515748886804,2778.15,2731.7,2746.5975,57.67339808383148,NaN,NaN
1739836800,2746.12453744434,2756.93,2707.5,2730.4925,54.05968551705977,NaN,NaN
1739847600,2738.30851872217,2738.30851872217,2674.03,2697.25,47.45065297513711,NaN,NaN
1739858400,2717.7792593610848,2717.7792593610848,2652.17,2669.2475000000004,42.71350061596561,NaN,NaN
1739869200,2693.5133796805426,2706.12,2663.65,2679.2075,44.82347283882448,NaN,NaN
1739880000,2686.3604398402713,2732.8,2672.6,2693.3199999999997,47.759506460637915,NaN,NaN
1739890800,2689.8402199201355,2693.8,2605.44,2651.9025,40.883729535026895,NaN,NaN
1739901600,2670.871359960068,2670.871359960068,2608.74,2626.5225,37.33650984416141,NaN,NaN
1739912400,2648.696929980034,2672.4,2629.13,2651.105,42.537007802025784,NaN,NaN
1739923200,2649.900964990017,2700,2649.900964990017,2679.8325000000004,47.97115053362365,NaN,NaN
1739934000,2664.866732495009,2696.89,2664.54,2684.9875,48.90491522594584,NaN,NaN
1739944800,2674.9271162475043,2725.5,2674.9271162475043,2701.605,51.90162920173715,NaN,NaN
1739955600,2688.2660581237524,2736.7,2688.2660581237524,2718.875,54.8643914680459,NaN,NaN
1739966400,2703.570529061876,2731.16,2687.68,2709.1675,52.89216173858368,NaN,NaN
1739977200,2706.3690145309383,2719.86,2677.51,2699.8050000000003,50.98842180778336,NaN,NaN
1739988000,2703.0870072654693,2725.6,2694.78,2713.0924999999997,53.54402828841936,NaN,NaN
1739998800,2708.0897536327348,2734.37,2706.02,2719.23,54.71851699848944,NaN,NaN
1740009600,2713.6598768163676,2751.5,2709.69,2729.61,56.71179295296694,NaN,NaN
1740020400,2721.634938408184,2758.68,2721.634938408184,2740.3775,58.740738744350246,NaN,NaN
1740031200,2731.0062192040923,2737.6,2722.23,2731.2325,56.32603668680013,NaN,NaN
1740042000,2731.119359602046,2746.99,2725.28,2736.5074999999997,57.413512012718506,NaN,NaN
1740052800,2733.8134298010227,2770.59,2726,2741.6200000000003,58.492263478078215,NaN,NaN
1740063600,2737.7167149005118,2738.36,2707.18,2727.5275,54.401539572502976,NaN,NaN
1740074400,2732.622107450256,2767.93,2731.59,2746.145,58.527974410091865,NaN,NaN
1740085200,2739.383553725128,2751.69,2722.2,2740.4075000000003,56.82140941521459,NaN,NaN
1740096000,2739.895526862564,2745.87,2726,2736.62,55.66748967536803,NaN,NaN
1740106800,2738.257763431282,2758.5,2733.83,2746.2225,57.99646964066879,NaN,NaN
1740117600,2742.240131715641,2769.56,2742.240131715641,2756.0724999999998,60.300384006103705,NaN,NaN
1740128400,2749.15631585782,2831.71,2749.15631585782,2780.3375,65.34344962569685,NaN,NaN
1740139200,2764.7469079289103,2845.32,2764.7469079289103,2804.7625,69.53817210512923,NaN,NaN
1740150000,2784.754703964455,2831.8,2653.57,2741.2525,51.93562583673827,NaN,NaN
1740160800,2763.0036019822273,2763.0036019822273,2625.94,2655.9775,38.019392645853536,NaN,NaN
1740171600,2709.4905509911137,2709.4905509911137,2616.72,2644.3325,36.57801139936037,NaN,NaN
1740182400,2676.911525495557,2688.97,2653.33,2672.0099999999998,42.18802069572818,NaN,NaN
1740193200,2674.460762747778,2695.43,2666.87,2683.9325,44.466796541312675,NaN,NaN
1740204000,2679.196631373889,2697.1,2676.8,2688.8975,45.43143136507813,NaN,NaN
1740214800,2684.0470656869447,2753.59,2684.0470656869447,2717.15,50.68125310451599,NaN,NaN
1740225600,2700.5985328434726,2744.58,2700.5985328434726,2734.24,53.5898581498981,NaN,NaN
1740236400,2717.419266421736,2798.07,2717.419266421736,2764.4,58.26744298638299,NaN,NaN
1740247200,2740.9096332108684,2789.8,2740.9096332108684,2775.485,59.86841639385099,NaN,NaN
1740258000,2758.197316605434,2778.14,2758.197316605434,2768.275,58.301755491573516,NaN,NaN
1740268800,2763.236158302717,2775.88,2748.2,2759.3825,56.34339107673747,NaN,NaN
1740279600,2761.3093291513587,2789.51,2745.41,2766.7749999999996,57.617910288870966,NaN,NaN
1740290400,2764.042164575679,2831.58,2764.042164575679,2799.2599999999998,62.76252477842905,NaN,NaN
1740301200,2781.6510822878395,2812.93,2781.6510822878395,2800,62.873083468339665,NaN,NaN
1740312000,2790.8255411439195,2827,2782.3,2799.455,62.72537500199613,NaN,NaN
1740322800,2795.1402705719597,2823.85,2773.48,2800.72,62.94299044173069,NaN,NaN
1740333600,2797.9301352859798,2824,2794,2809.765,64.53722376618013,NaN,NaN
1740344400,2803.84756764299,2857.34,2784.01,2816.9,65.78758453938543,NaN,NaN
1740355200,2810.3737838214947,2839.95,2774.15,2802.795,61.19416200143523,NaN,NaN
1740366000,2806.5843919107474,2806.5843919107474,2691.49,2744.4775,46.68148295379976,NaN,NaN
1740376800,2775.5309459553737,2775.5309459553737,2678.26,2706.82,40.07267406784336,NaN,NaN
1740387600,2741.1754729776867,2741.1754729776867,2663.03,2686.78,37.06536703531351,NaN,NaN
1740398400,2713.977736488843,2713.977736488843,2650,2673.335,35.158969965448705,NaN,NaN
1740409200,2693.6563682444216,2693.6563682444216,2636.33,2659.97,33.32413590405902,NaN,NaN
1740420000,2676.8131841222107,2676.8131841222107,2623.12,2650.335,32.0265438888931,NaN,NaN
1740430800,2663.574092061105,2663.574092061105,2470.33,2571.3775,23.835631461818423,NaN,NaN
1740441600,2617.4757960305524,2617.4757960305524,2458.27,2503.9825,19.298640652839737,NaN,NaN
1740452400,2560.729148015276,2560.729148015276,2479.4,2504.1475,19.3391210847372,NaN,NaN
1740463200,2532.438324007638,2532.438324007638,2313.49,2431.4575,15.621518628441777,NaN,NaN
1740474000,2481.947912003819,2481.947912003819,2357.05,2406.81,14.596883490269036,NaN,NaN
1740484800,2444.3789560019095,2448.95,2365,2406.6675,14.590924735893424,NaN,NaN
1740495600,2425.523228000955,2443,2361.89,2401.275,14.35215870328797,NaN,NaN
1740506400,2413.3991140004773,2516.87,2404.04,2458.87,27.919291734915134,NaN,NaN
1740517200,2436.1345570002386,2533.49,2436.1345570002386,2501.05,35.92445915137168,NaN,NaN
1740528000,2468.5922785001194,2504.68,2468.5922785001194,2492.67,35.09065327103028,NaN,NaN
1740538800,2480.6311392500597,2507.5,2475.37,2489.2125,34.732463518540484,NaN,NaN
1740549600,2484.92181962503,2506.4,2457.77,2476.0125,33.333522701553164,NaN,NaN
1740560400,2480.467159812515,2496.25,2463,2472.1075,32.911204959401786,NaN,NaN
1740571200,2476.2873299062576,2476.2873299062576,2370,2434.3725000000004,29.077464967555244,NaN,NaN
1740582000,2455.329914953129,2461.95,2355.5,2405.0875,26.49774077435059,NaN,NaN
1740592800,2430.2087074765645,2430.2087074765645,2253.77,2335.9375,21.620134265350018,NaN,NaN
1740603600,2383.073103738282,2383.37,2301.62,2340.2799999999997,22.583878186867366,NaN,NaN
1740614400,2361.676551869141,2370.9,2315.85,2339.4800000000005,22.52892000550638,NaN,NaN
1740625200,2350.5782759345707,2350.5782759345707,2303.22,2331.7524999999996,21.972694551862716,NaN,NaN
1740636000,2341.165387967285,2373.2,2333.79,2350.205,26.63095973034821,NaN,NaN
1740646800,2345.6851939836424,2381.6,2345.6851939836424,2358.5275,28.69852572711919,NaN,NaN
1740657600,2352.1063469918213,2362.35,2305.11,2332.4725000000003,26.208464231016464,NaN,NaN
1740668400,2342.289423495911,2342.289423495911,2290.78,2314.75,24.642255865878624,NaN,NaN
1740679200,2328.5197117479556,2333.7,2240.94,2288.3199999999997,22.484292560818133,NaN,NaN
1740690000,2308.4198558739777,2311.52,2230.57,2276.5625,21.578983067060165,NaN,NaN
1740700800,2292.4911779369886,2314.18,2123.63,2228.3475,18.321190649419847,NaN,NaN
1740711600,2260.4193389684942,2260.4193389684942,2094.94,2147.3900000000003,14.392212614428601,NaN,NaN
1740722400,2203.9046694842473,2203.9046694842473,2076.26,2117.73,13.269474723010703,NaN,NaN
1740733200,2160.8173347421234,2160.8173347421234,2112.35,2127.5725,15.621813991400373,NaN,NaN
1740744000,2144.194917371062,2190.1,2105.38,2146.9224999999997,20.2039662529762,NaN,NaN
1740754800,2145.5587086855307,2246.3,2145.5587086855307,2196.5025,30.60294330055207,NaN,NaN
1740765600,2171.0306043427654,2255.13,2171.0306043427654,2218.505,34.67169242291479,NaN,NaN
1740776400,2194.7678021713828,2239.69,2194.7678021713828,2225.79,36.00945149096884,NaN,NaN
1740787200,2210.2789010856914,2275.61,2210.2789010856914,2245.6800000000003,39.643497901014996,NaN,NaN
1740798000,2227.979450542846,2281.14,2227.979450542846,2260.56,42.28421614732948,NaN,NaN
1740808800,2244.269725271423,2259.96,2224.2,2243.7125,40.142697906751,NaN,NaN
1740819600,2243.9911126357115,2243.9911126357115,2171.41,2207.525,35.93305345594278,NaN,NaN
1740830400,2225.758056317856,2225.758056317856,2142.73,2169.5424999999996,32.12508929937688,NaN,NaN
1740841200,2197.650278158928,2211.95,2158.7,2182.7475,34.715383699736236,NaN,NaN
1740852000,2190.1988890794637,2234.6,2190.1988890794637,2212.5550000000003,40.25772705779493,NaN,NaN
1740862800,2201.376944539732,2235.99,2191.1,2217.4424999999997,41.14009161403819,NaN,NaN
1740873600,2209.4097222698656,2228.16,2201.1,2214.1175,40.69969193128296,NaN,NaN
1740884400,2211.763611134933,2235.6,2209.8,2221.175,42.116084260831116,NaN,NaN
1740895200,2216.4693055674666,2233.67,2208.06,2220.955,42.08234131548873,NaN,NaN
1740906000,2218.7121527837335,2260.84,2211.93,2231.0575,44.289643542575114,NaN,NaN
1740916800,2224.8848263918667,2240.2,2172.04,2211.8375,41.08182536576502,NaN,NaN
1740927600,2218.3611631959334,2510.82,2196.06,2345.9024999999997,61.842274689945405,NaN,NaN
1740938400,2282.1318315979665,2520.92,2282.1318315979665,2491.5600000000004,72.98142433982957,NaN,NaN
1740949200,2386.8459157989837,2550.58,2386.8459157989837,2519.5550000000003,74.52094386228606,NaN,NaN
1740960000,2453.200457899492,2523.56,2418.67,2476.9575,68.15706433863546,NaN,NaN
1740970800,2465.0789789497458,2465.0789789497458,2425.17,2444.9625,63.7532536370189,NaN,NaN
1740981600,2455.020739474873,2455.020739474873,2332.08,2394.3575,57.432465617971545,NaN,NaN
1740992400,2424.6891197374366,2424.6891197374366,2322.01,2347.4674999999997,52.26203542862148,NaN,NaN
1741003200,2386.078309868718,2389,2266.97,2321.7324999999996,49.62164010316177,NaN,NaN
1741014000,2353.9054049343586,2353.9054049343586,2258,2279.8775,45.58762551600157,NaN,NaN
1741024800,2316.891452467179,2316.891452467179,2097.91,2196.16,38.79422768765811,NaN,NaN
1741035600,2256.5257262335895,2256.5257262335895,2103.76,2138.8050000000003,34.95145215305624,NaN,NaN
1741046400,2197.6653631167947,2197.6653631167947,2002.81,2096.655,32.410618658419196,NaN,NaN
1741057200,2147.160181558397,2147.160181558397,2054.64,2087.8275,31.8877889951695,NaN,NaN
1741068000,2117.4938407791988,2117.4938407791988,2068.34,2096.545,33.03660187550861,NaN,NaN
1741078800,2107.0194203895994,2118,2078.73,2099.28,33.41604263373256,NaN,NaN
1741089600,2103.1497101948,2158.32,2041,2094.8775,33.0909979426324,NaN,NaN
1741100400,2099.0136050973997,2134.68,1993.2,2081.3149999999996,32.056500916506664,NaN,NaN
1741111200,2090.1643025486997,2193.15,2090.1643025486997,2140.2125,40.72306433829043,NaN,NaN
1741122000,2115.18840127435,2221.88,2115.18840127435,2164.6275,43.916642617770584,NaN,NaN
1741132800,2139.907950637175,2192.75,2139.907950637175,2174.6450000000004,45.2206967838647,NaN,NaN
1741143600,2157.2764753185875,2189.26,2156.15,2176.1425,45.42498703270043,NaN,NaN
1741154400,2166.7094876592937,2226.5,2166.7094876592937,2198.5375,48.517151738069096,NaN,NaN
1741165200,2182.6234938296466,2273.51,2182.6234938296466,2228.535,52.406982368366776,NaN,NaN
1741176000,2205.579246914823,2232.81,2166.48,2197.045,48.28284379526113,NaN,NaN
1741186800,2201.312123457412,2220.5,2161.78,2187.0750000000003,47.021176718590475,NaN,NaN
1741197600,2194.1935617287063,2235.24,2175.77,2209.3125,50.15007824971606,NaN,NaN
1741208400,2201.753030864353,2252.86,2201.753030864353,2236.17,53.7062007924542,NaN,NaN
1741219200,2218.9615154321764,2290.6,2218.9615154321764,2262.7225,56.97408646215671,NaN,NaN
1741230000,2240.842007716088,2319.99,2240.842007716088,2298.3175,60.95329487509548,NaN,NaN
1741240800,2269.579753858044,2314.79,2269.579753858044,2300.325,61.17140184153451,NaN,NaN
1741251600,2284.9523769290217,2305.68,2276.77,2293.3875000000003,59.925654254987606,NaN,NaN
1741262400,2289.169938464511,2298.9,2208.6,2257.5225,53.823211032241055,NaN,NaN
1741273200,2273.3462192322554,2275.5,2176.9,2217.1499999999996,47.90886977066128,NaN,NaN
1741284000,2245.2481096161273,2245.2481096161273,2181.66,2198.045,45.36827652122484,NaN,NaN
1741294800,2221.6465548080637,2229.4,2195.62,2206.9,46.77706010227973,NaN,NaN
1741305600,2214.273277404032,2227.39,2101.82,2171.7625,42.13405063505473,NaN,NaN
1741316400,2193.0178887020156,2193.0178887020156,2144.59,2164.7625,41.255512738902425,NaN,NaN
1741327200,2178.8901943510077,2196.17,2165.5,2180.4725,44.07392460800445,NaN,NaN
1741338000,2179.681347175504,2210.8,2179.681347175504,2194.665,46.56798132276962,NaN,NaN
1741348800,2187.173173587752,2258.47,2165.79,2210.85,49.34241863300892,NaN,NaN
1741359600,2199.0115867938757,2239.4,2141.53,2191.225,46.20924913080783,NaN,NaN
1741370400,2195.1182933969376,2202.56,2145.65,2167.01,42.613646823653326,NaN,NaN
1741381200,2181.064146698469,2181.064146698469,2115,2144.5,39.53407705094163,NaN,NaN
1741392000,2162.7820733492345,2162.7820733492345,2105.06,2136.6125,38.4845907378838,NaN,NaN
1741402800,2149.6972866746173,2152.69,2124.61,2140.325,39.3013535482293,NaN,NaN
1741413600,2145.0111433373086,2148,2126.78,2135.8775,38.639476309257425,NaN,NaN
1741424400,2140.444321668654,2143.5,2126.66,2135.1575000000003,38.52635898362719,NaN,NaN
1741435200,2137.800910834327,2198.86,2137.800910834327,2164.43,45.510638582613964,NaN,NaN
1741446000,2151.1154554171635,2219.67,2151.1154554171635,2189.635,50.70407989049945,NaN,NaN
1741456800,2170.375227708582,2234.93,2170.375227708582,2210.32,54.533951599328255,NaN,NaN
1741467600,2190.347613854291,2225.03,2190.347613854291,2208.7,54.17893562845172,NaN,NaN
1741478400,2199.5238069271454,2212,2180.5,2194.5175,51.045907373055954,NaN,NaN
1741489200,2197.0206534635727,2197.1,2176.14,2184.535,48.90235155880234,NaN,NaN
1741500000,2190.7778267317863,2190.7778267317863,2171.84,2180.0675,47.93226224496944,NaN,NaN
1741510800,2185.422663365893,2185.422663365893,2128.43,2158.0074999999997,43.358421201006884,NaN,NaN
1741521600,2171.715081682946,2171.715081682946,2098.33,2127.3575,37.9412296032681,NaN,NaN
1741532400,2149.536290841473,2149.536290841473,2013.6,2069.405,30.2463745680775,NaN,NaN
1741543200,2109.4706454207367,2109.4706454207367,1998,2031.3875,26.455792688962134,NaN,NaN
1741554000,2070.4290727103685,2070.4290727103685,1989.66,2026.8775,26.038891892175272,NaN,NaN
1741564800,2048.6532863551843,2071,1995.08,2036.105,28.520789656513358,NaN,NaN
1741575600,2042.3791431775921,2076.6,2042.3791431775921,2060.7425,34.81082690864885,NaN,NaN
1741586400,2051.560821588796,2079.33,2047.83,2063.36,35.46061690017274,NaN,NaN
1741597200,2057.460410794398,2152.4,2057.460410794398,2101.06,44.10285996427325,NaN,NaN
1741608000,2079.2602053971987,2135.98,1997,2070.0125,39.421184496548406,NaN,NaN
1741618800,2074.6363526985992,2074.6363526985992,1906.41,1971.6599999999999,28.940599465154747,NaN,NaN
1741629600,2023.1481763492995,2023.1481763492995,1810.01,1883.9475,23.05401697516487,NaN,NaN
1741640400,1953.5478381746498,1953.5478381746498,1857.63,1873.9724999999999,22.49367617193728,NaN,NaN
1741651200,1913.7601690873248,1913.7601690873248,1754.28,1842.3849999999998,20.77192854297236,NaN,NaN
1741662000,1878.0725845436623,1914.25,1845.46,1878.2475,27.552159525598526,NaN,NaN
1741672800,1878.1600422718311,1920,1878.1600422718311,1900.71,31.50600863709009,NaN,NaN
1741683600,1889.4350211359156,1929.68,1889.4350211359156,1914.3375,33.86417377395138,NaN,NaN
1741694400,1901.8862605679578,1962.98,1840.53,1896.13,32.26578371653399,NaN,NaN
1741705200,1899.008130283979,1936.57,1864.27,1893.1574999999998,32.00023046739081,NaN,NaN
1741716000,1896.0828151419894,1963.2,1896.0828151419894,1927.25,38.27492642448791,NaN,NaN
1741726800,1911.6664075709946,1952.54,1911.6664075709946,1932.4625,39.19870938272156,NaN,NaN
1741737600,1922.0644537854973,1932.86,1887.42,1909.8975,36.64210957305986,NaN,NaN
1741748400,1915.9809768927487,1915.9809768927487,1852.3,1881.3325,33.650113042731405,NaN,NaN
1741759200,1898.6567384463742,1935.9,1853.12,1898.9125,37.05655096508846,NaN,NaN
1741770000,1898.784619223187,1960,1877.67,1920.6525000000001,41.08477125158653,NaN,NaN
1741780800,1909.7185596115937,1947,1856.05,1895.175,38.014387711305936,NaN,NaN
1741791600,1902.4467798057967,1902.4467798057967,1829.72,1863.2649999999999,34.53337610110134,NaN,NaN
1741802400,1882.8558899028983,1893.56,1865.19,1879.5825,37.67621963969223,NaN,NaN
1741813200,1881.219194951449,1915.95,1881.219194951449,1901.5525,41.73217129347933,NaN,NaN
1741824000,1891.3858474757244,1917.12,1888.73,1900.9874999999997,41.65709013146402,NaN,NaN
1741834800,1896.186673737862,1900.93,1862.3,1880.2375,38.88982762458342,NaN,NaN
1741845600,1888.212086868931,1888.212086868931,1853.9,1869.6100000000001,37.51525702322976,NaN,NaN
1741856400,1878.9110434344657,1905.38,1867.53,1887.1625,41.211143294665604,NaN,NaN
1741867200,1883.0367717172328,1923.09,1864.21,1893.0225,42.43531975817356,NaN,NaN
1741878000,1888.0296358586165,1889.55,1821.81,1855.7175,37.134097678710056,NaN,NaN
1741888800,1871.8735679293081,1871.8735679293081,1826.29,1838.9525,35.01696434580427,NaN,NaN
1741899600,1855.413033964654,1883.56,1840.16,1857.7575,39.20398326863565,NaN,NaN
1741910400,1856.585266982327,1894.63,1856.585266982327,1878.2925000000002,43.48617110457953,NaN,NaN
1741921200,1867.4388834911638,1899.58,1867.4388834911638,1892.9175,46.38272223375531,NaN,NaN
1741932000,1880.178191745582,1905.42,1880.178191745582,1896.0025,46.99981131105934,NaN,NaN
1741942800,1888.090345872791,1908.93,1888.090345872791,1898.96,47.62217582309202,NaN,NaN
1741953600,1893.5251729363954,1924.22,1877.69,1905.9524999999999,49.14276724335384,NaN,NaN
1741964400,1899.7388364681976,1942.48,1899.7388364681976,1927.7425,53.6577077548546,NaN,NaN
1741975200,1913.7406682340988,1945.64,1913.7406682340988,1930.355,54.182890855277364,NaN,NaN
1741986000,1922.0478341170494,1930.5,1908.38,1918.8575,51.42100579549222,NaN,NaN
1741996800,1920.4526670585246,1920.4526670585246,1903.75,1912.4375,49.89172156096426,NaN,NaN
1742007600,1916.4450835292623,1935.21,1913.06,1922.7224999999999,52.33729271174234,NaN,NaN
1742018400,1919.583791764631,1930.54,1912.7,1923.4099999999999,52.50416316836318,NaN,NaN
1742029200,1921.4968958823156,1931.87,1914.33,1924.25,52.72195996022619,NaN,NaN
1742040000,1922.8734479411578,1933.34,1922.55,1927.91,53.71781532663057,NaN,NaN
1742050800,1925.3917239705788,1948.22,1925.3917239705788,1935.5075,55.79914914146168,NaN,NaN
1742061600,1930.4496119852893,1949.47,1928.76,1940.6599999999999,57.204729375824805,NaN,NaN
1742072400,1935.5548059926446,1957.19,1935.5548059926446,1943.6475,58.03794302906318,NaN,NaN
1742083200,1939.6011529963223,1940.87,1916.56,1929.2050000000002,52.69646742660707,NaN,NaN
1742094000,1934.4030764981612,1934.4030764981612,1921.48,1927.3425,52.031418658896236,NaN,NaN
1742104800,1930.8727882490807,1934,1918.45,1926.8125,51.83095968081152,NaN,NaN
1742115600,1928.8426441245404,1928.8426441245404,1866.9,1896.6825,41.93893506059891,NaN,NaN
1742126400,1912.76257206227,1912.76257206227,1873.42,1885.3475,38.928876887363685,NaN,NaN
1742137200,1899.055036031135,1924.11,1887.94,1904.755,46.06643086558281,NaN,NaN
1742148000,1901.9050180155675,1910.61,1860.38,1894.0024999999998,43.06348688461904,NaN,NaN
1742158800,1897.9537590077837,1898.63,1870.1,1887.65,41.348570040215485,NaN,NaN
1742169600,1892.801879503892,1913.6,1886.36,1898.6574999999998,45.40562139438143,NaN,NaN
1742180400,1895.729689751946,1915.44,1893.76,1902.7625000000003,46.88128911538356,NaN,NaN
1742191200,1899.246094875973,1905.35,1879.98,1895.81,44.67860231940026,NaN,NaN
1742202000,1897.5280474379865,1918.42,1897.5280474379865,1908.3274999999999,49.29755381758503,NaN,NaN
1742212800,1902.9277737189932,1939.03,1888.01,1909.365,49.672621594991256,NaN,NaN
1742223600,1906.1463868594965,1935.46,1894.14,1915.025,51.76877074875966,NaN,NaN
1742234400,1910.5856934297483,1952.4,1910.5856934297483,1937.0725,58.94240153305229,NaN,NaN
1742245200,1923.8290967148741,1949.5,1922.2,1933.3175,57.37714720112507,NaN,NaN
1742256000,1928.5732983574371,1930.25,1900.04,1916.9675,51.02354245385963,NaN,NaN
1742266800,1922.7703991787184,1922.7703991787184,1897.47,1906.92,47.539669252663174,NaN,NaN
1742277600,1914.8451995893593,1914.8451995893593,1893.86,1905.7599999999998,47.1394838772018,NaN,NaN
1742288400,1910.3025997946795,1912,1885.58,1899.655,44.992836106745365,NaN,NaN
1742299200,1904.9787998973397,1904.9787998973397,1872.31,1890.7,41.97347213703277,NaN,NaN
1742310000,1897.8393999486698,1898.01,1874.79,1886.11,40.474194404892735,NaN,NaN
1742320800,1891.9746999743347,1910.89,1873.6,1891.9575,43.25503903066187,NaN,NaN
1742331600,1891.9660999871674,1936.2,1891.9660999871674,1920.005,54.286325927358774,NaN,NaN
1742342400,1905.9855499935838,1949.03,1905.9855499935838,1935.425,59.004850810737196,NaN,NaN
1742353200,1920.705274996792,1940.35,1920.705274996792,1935.8125,59.11904740334965,NaN,NaN
1742364000,1928.258887498396,1944.44,1928.258887498396,1938.7199999999998,60.01897444984215,NaN,NaN
1742374800,1933.489443749198,2033.79,1933.489443749198,1985.08,70.98624622453424,NaN,NaN
1742385600,1959.284721874599,2041.68,1959.284721874599,2023.8,76.72811054187508,NaN,NaN
1742396400,1991.5423609372995,2056.99,1991.5423609372995,2032.7224999999999,77.8175292130732,NaN,NaN
1742407200,2012.1324304686495,2064.91,1997.33,2031.0349999999999,77.082573311132,NaN,NaN
1742418000,2021.5837152343247,2069.9,2021.5837152343247,2048.4075,79.25479795089785,NaN,NaN
1742428800,2034.9956076171622,2067.9,2022.5,2044.9250000000002,77.66558896152033,NaN,NaN
1742439600,2039.960303808581,2039.960303808581,2012.21,2024.3625000000002,68.8827413775771,NaN,NaN
1742450400,2032.1614019042906,2032.1614019042906,2003.03,2015.4775,65.43915795275686,NaN,NaN
1742461200,2023.8194509521454,2023.8194509521454,1972.4,2000.105,59.86305462643461,NaN,NaN
1742472000,2011.9622254760727,2011.9622254760727,1979.11,1995.6599999999999,58.315697595823615,NaN,NaN
1742482800,2003.8111127380362,2004.2,1952.17,1982.7575,53.95598305417839,NaN,NaN
1742493600,1993.284306369018,1993.284306369018,1967.21,1975.015,51.46934131602219,NaN,NaN
1742504400,1984.1496531845091,1984.88,1971.99,1980.025,52.97943081172635,NaN,NaN
1742515200,1982.0873265922546,1996.73,1981.7,1987.5025,55.2190942161015,NaN,NaN
1742526000,1984.7949132961273,1989.95,1968.12,1980.0725,52.541091354882916,NaN,NaN
1742536800,1982.4337066480637,1982.4337066480637,1964.51,1974.0475,50.40628083687286,NaN,NaN
1742547600,1978.2406033240318,1979.66,1956.6,1969.4975,48.79391014533815,NaN,NaN
1742558400,1973.8690516620159,1973.99,1937.1,1958.0974999999999,44.91713653268618,NaN,NaN
1742569200,1965.9832758310079,1972.67,1946.07,1960.4975,45.89180945985104,NaN,NaN
1742580000,1963.240387915504,1978.49,1963.09,1971.27,50.15517358655136,NaN,NaN
1742590800,1967.255193957752,1983.4,1962.62,1971.6125,50.28928575217136,NaN,NaN
1742601600,1969.4338469788759,1987.23,1964.34,1974.9925,51.67124273039168,NaN,NaN
1742612400,1972.2131734894378,1990.89,1972.2131734894378,1984.3600000000001,55.373991519055856,NaN,NaN
1742623200,1978.286586744719,1993.1,1978.286586744719,1987.6850000000002,56.64375523111452,NaN,NaN
1742634000,1982.9857933723597,2006.61,1982.9857933723597,1993.1974999999998,58.73983342990091,NaN,NaN
1742644800,1988.0916466861797,1997.75,1983.52,1989.055,56.52816848692926,NaN,NaN
1742655600,1988.57332334309,1994.39,1981.12,1988.1775,56.046768040523524,NaN,NaN
1742666400,1988.375411671545,2004.3,1988.375411671545,1995.3625,59.11685187723121,NaN,NaN
1742677200,1991.8689558357723,1995.16,1974.78,1986.0324999999998,53.85625386782452,NaN,NaN
1742688000,1988.950727917886,2003.54,1976.81,1990.6875000000002,55.961852474277734,NaN,NaN
1742698800,1989.819113958943,2008.73,1989.819113958943,2000.5475000000001,60.11358747009619,NaN,NaN
1742709600,1995.1833069794716,2019.8,1995.1833069794716,2006.5925000000002,62.45083616931614,NaN,NaN
1742720400,2000.887903489736,2020.74,2000.887903489736,2010.3450000000003,63.86630842849951,NaN,NaN
1742731200,2005.616451744868,2020.2,2002.52,2008.77,62.79631819393478,NaN,NaN
1742742000,2007.1932258724341,2012,1987.5,1999.1975,56.59073200442852,NaN,NaN
1742752800,2003.195362936217,2003.195362936217,1989.99,1994.02,53.510609806398854,NaN,NaN
1742763600,1998.6076814681085,2006.68,1980.77,1996.4650000000001,54.76277613007681,NaN,NaN
1742774400,1997.5363407340542,2021.39,1977.67,1999.29,56.22971434668405,NaN,NaN
1742785200,1998.413170367027,2054.19,1990.26,2021.3600000000001,65.61170652539559,NaN,NaN
1742796000,2009.8865851835135,2096.32,2009.8865851835135,2071.1400000000003,77.3859190502957,NaN,NaN
1742806800,2040.513292591757,2104.11,2040.513292591757,2093.02,80.53980223977311,NaN,NaN
1742817600,2066.7666462958787,2102.49,2066.7666462958787,2087.3849999999998,77.54045802322241,NaN,NaN
1742828400,2077.0758231479394,2093.71,2067.67,2082.6150000000002,74.9944826040318,NaN,NaN
1742839200,2079.8454115739696,2101.3,2079.8454115739696,2089.0775000000003,76.13764017000811,NaN,NaN
1742850000,2084.461455786985,2092.26,2068.33,2081.79,72.1329699442397,NaN,NaN
1742860800,2083.1257278934927,2097.7,2056.09,2074.515,68.27239827650011,NaN,NaN
1742871600,2078.8203639467465,2078.8203639467465,2037.08,2053.5525,58.548731704241135,NaN,NaN
1742882400,2066.186431973373,2066.98,2047.05,2055.84,59.231096543271796,NaN,NaN
1742893200,2061.0132159866866,2075.36,2056.85,2065.4325000000003,62.05221085607673,NaN,NaN
1742904000,2063.2228579933435,2080.4,2051.88,2069.3375,63.169518984666105,NaN,NaN
1742914800,2066.2801789966716,2083.52,2059.73,2073.9975,64.51232592507205,NaN,NaN
1742925600,2070.138839498336,2082.99,2056.51,2070.085,62.45351625861534,NaN,NaN
1742936400,2070.111919749168,2077.09,2053.85,2065.4,59.98489027824272,NaN,NaN
1742947200,2067.755959874584,2079.21,2047,2060.2174999999997,57.28732867914195,NaN,NaN
1742958000,2063.986729937292,2068,2042.6,2054.5550000000003,54.40828580322594,NaN,NaN
1742968800,2059.270864968646,2073.35,2056.84,2063.2225,57.896314080997975,NaN,NaN
1742979600,2061.246682484323,2075.76,2057.6,2066.3625,59.11659989861613,NaN,NaN
1742990400,2063.8045912421617,2070.52,2006.66,2040.9499999999998,47.19488337909913,NaN,NaN
1743001200,2052.3772956210805,2052.3772956210805,2003.26,2012.4524999999999,37.95198988276899,NaN,NaN
1743012000,2032.4148978105402,2032.4148978105402,1981.6,2004.085,35.73876178387758,NaN,NaN
1743022800,2018.2499489052702,2018.2499489052702,1991.85,2006,36.64930538255285,NaN,NaN
1743033600,2012.1249744526351,2037.38,2006.78,2021.0475000000001,43.43200660205804,NaN,NaN
1743044400,2016.5862372263177,2036.77,2016.5862372263177,2027.7225,46.184524121819585,NaN,NaN
1743055200,2022.154368613159,2030.18,2018,2024.1375,44.92029867721032,NaN,NaN
1743066000,2023.1459343065794,2035.92,2012.21,2022.5125,44.327980731367894,NaN,NaN
1743076800,2022.8292171532898,2026.04,1987.06,2013.7649999999999,41.18012253974175,NaN,NaN
1743087600,2018.2971085766449,2026.32,1993.65,2011.4524999999999,40.36407641918421,NaN,NaN
1743098400,2014.8748042883224,2014.8748042883224,1999.4,2005.4225,38.23631302836744,NaN,NaN
1743109200,2010.1486521441611,2020,1999.68,2007.6775,39.52027464352869,NaN,NaN
1743120000,2008.9130760720805,2015.93,1991.63,2004.7425,38.401323154403116,NaN,NaN
1743130800,2006.8277880360401,2009,1900,1958.0925,25.865742020108684,NaN,NaN
1743141600,1982.46014401802,1982.46014401802,1903.66,1913.7225,19.384308616517316,NaN,NaN
1743152400,1948.0913220090101,1948.0913220090101,1860,1898.1550000000002,17.707732754074954,NaN,NaN
1743163200,1923.1231610045052,1923.1231610045052,1876.34,1892.1550000000002,17.094062270748296,NaN,NaN
1743174000,1907.6390805022527,1907.6390805022527,1862.14,1880.6925,15.956383820098807,NaN,NaN
1743184800,1894.1657902511265,1894.1657902511265,1870.28,1880.7675,15.99577889746513,NaN,NaN
1743195600,1887.4666451255632,1902,1873.88,1887.5175,19.646424111130386,NaN,NaN
1743206400,1887.4920725627817,1913.6,1887.4920725627817,1899.8899999999999,25.994887442643744,NaN,NaN
1743217200,1893.6910362813908,1905.95,1884.12,1893.4375,24.89042499745004,NaN,NaN
1743228000,1893.5642681406953,1893.5642681406953,1875.41,1884.2024999999999,23.360603894676814,NaN,NaN
1743238800,1888.8833840703476,1888.8833840703476,1833.5,1862.4750000000001,20.212896027487233,NaN,NaN
1743249600,1875.6791920351739,1875.6791920351739,1841.85,1848.895,18.532118909947144,NaN,NaN
1743260400,1862.287096017587,1862.287096017587,1797.2,1827.4850000000001,16.239389212913125,NaN,NaN
1743271200,1844.8860480087935,1844.8860480087935,1808.87,1818.35,15.365890860608843,NaN,NaN
1743282000,1831.6180240043968,1831.6180240043968,1811.6,1821.935,17.247116235066486,NaN,NaN
1743292800,1826.7765120021984,1844.14,1812.69,1830.9650000000001,21.95293554313912,NaN,NaN
1743303600,1828.8707560010994,1846.85,1828.8707560010994,1838.9975,25.984930048142687,NaN,NaN
1743314400,1833.9341280005497,1849.01,1832.56,1841.6574999999998,27.323899174538568,NaN,NaN
1743325200,1837.7958140002747,1847.39,1826.49,1838.5375,26.713465776547494,NaN,NaN
1743336000,1838.1666570001373,1839.71,1790.06,1819.1799999999998,23.243838529493317,NaN,NaN
1743346800,1828.6733285000687,1828.6733285000687,1785.41,1807.67,21.45909914132568,NaN,NaN
1743357600,1818.1716642500344,1834.33,1804.94,1814.7925,25.282343179513603,NaN,NaN
1743368400,1816.4820821250173,1821.68,1767.69,1803.0149999999999,23.26557803387942,NaN,NaN
1743379200,1809.7485410625086,1823.5,1776.75,1804.9624999999999,24.340337896710054,NaN,NaN
1743390000,1807.3555205312541,1817.55,1792.9,1807.8674999999998,26.00519062709546,NaN,NaN
1743400800,1807.611510265627,1811.84,1789.1,1801.41,24.70388404362778,NaN,NaN
1743411600,1804.5107551328135,1819.74,1777.79,1801.625,24.83874069196098,NaN,NaN
1743422400,1803.0678775664069,1846.75,1794.94,1823.7325,37.27826343891237,NaN,NaN
1743433200,1813.4001887832035,1854.22,1813.4001887832035,1834.1825000000001,42.15197214354873,NaN,NaN
1743444000,1823.7913443916018,1847.34,1818.64,1827.7625,40.09091115996442,NaN,NaN
1743454800,1825.776922195801,1831.9,1816.4,1822.5825,38.457002447891114,NaN,NaN
1743465600,1824.1797110979005,1843,1817.88,1830.6725000000001,42.404942276288025,NaN,NaN
1743476400,1827.4261055489503,1850.32,1827.4261055489503,1840.7849999999999,46.98319854416521,NaN,NaN
1743487200,1834.1055527744752,1892.55,1834.1055527744752,1864.4475,55.83072597272399,NaN,NaN
1743498000,1849.2765263872375,1889.81,1849.2765263872375,1873.2375,58.594958365521656,NaN,NaN
1743508800,1861.2570131936186,1889,1842.42,1869.08,56.784808539924704,NaN,NaN
1743519600,1865.1685065968093,1927.9,1865.1685065968093,1902.0725,65.81106216121191,NaN,NaN
1743530400,1883.6205032984046,1915.81,1883.6205032984046,1910.28,67.62278172210276,NaN,NaN
1743541200,1896.9502516492023,1922.75,1896.9502516492023,1911.3175,67.85467336909964,NaN,NaN
1743552000,1904.133875824601,1908.41,1872.39,1891.0075000000002,58.953243446741006,NaN,NaN
1743562800,1897.5706879123006,1897.5706879123006,1854.75,1869.0175000000002,51.1320471976126,NaN,NaN
1743573600,1883.2940939561504,1883.2940939561504,1852,1863.08,49.23279327176748,NaN,NaN
1743584400,1873.1870469780752,1888.05,1866.48,1872.765,52.342381434929905,NaN,NaN
1743595200,1872.9760234890377,1893.42,1854.27,1873.0425,52.432285625570366,NaN,NaN
1743606000,1873.0092617445189,1919,1873.0092617445189,1890.4025000000001,57.796076560250185,NaN,NaN
1743616800,1881.7058808722595,1957,1866.05,1899.2450000000001,60.25450461464618,NaN,NaN
1743627600,1890.4754404361297,1890.4754404361297,1781.53,1835.6325,41.51786308730785,NaN,NaN
1743638400,1863.053970218065,1863.053970218065,1788.97,1812.3275,36.980846170674866,NaN,NaN
1743649200,1837.6907351090326,1845.26,1819.56,1829.195,41.92729747857016,NaN,NaN
1743660000,1833.4428675545164,1833.4428675545164,1807.13,1819.5600000000002,39.99610927219844,NaN,NaN
1743670800,1826.5014337772582,1826.5014337772582,1787.23,1806.8174999999999,37.53382515383133,NaN,NaN
1743681600,1816.6594668886291,1816.6594668886291,1750,1775.905,32.33342978123039,NaN,NaN
1743692400,1796.2822334443144,1796.2822334443144,1755.22,1770.1575,31.46063810144804,NaN,NaN
1743703200,1783.2198667221573,1803.31,1770.18,1787.2350000000001,36.91004269451453,NaN,NaN
1743714000,1785.2274333610787,1821.84,1785.2274333610787,1808.5700000000002,43.00662458717198,NaN,NaN
1743724800,1796.8987166805396,1823.12,1771.11,1800.085,41.29742403607671,NaN,NaN
1743735600,1798.4918583402698,1806.61,1782.55,1796.03,40.46965184960912,NaN,NaN
1743746400,1797.260929170135,1835.68,1797.260929170135,1817.3625,46.540487050824126,NaN,NaN
1743757200,1807.3117145850674,1833.19,1758.72,1801.0225,42.92923231218437,NaN,NaN
1743768000,1804.1671072925337,1808.98,1769.45,1788.1100000000001,40.27002574995703,NaN,NaN
1743778800,1796.138553646267,1828.9,1783.25,1805.9075000000003,45.299510703021994,NaN,NaN
1743789600,1801.0230268231335,1823.27,1801.0230268231335,1816.4274999999998,48.082346996257286,NaN,NaN
1743800400,1808.7252634115666,1827.99,1808.7252634115666,1818.3374999999999,48.59369334705905,NaN,NaN
1743811200,1813.5313817057831,1827.29,1812.55,1818.08,48.524304770126044,NaN,NaN
1743822000,1815.8056908528915,1816.24,1807.13,1812.2475,46.89102713405541,NaN,NaN
1743832800,1814.0265954264457,1815.23,1803.99,1810.7649999999999,46.46294015338667,NaN,NaN
1743843600,1812.3957977132227,1822.04,1806.56,1812.44,47.05111156827189,NaN,NaN
1743854400,1812.4178988566114,1812.4178988566114,1783.24,1797.42,42.538092081186015,NaN,NaN
1743865200,1804.9189494283057,1804.9189494283057,1777.93,1786.7450000000001,39.628777832544586,NaN,NaN
1743876000,1795.831974714153,1805.06,1764.39,1786.875,39.68287983962452,NaN,NaN
1743886800,1791.3534873570766,1810.04,1784.76,1797.855,44.22894774686994,NaN,NaN
1743897600,1794.6042436785383,1817,1794.6042436785383,1807.595,47.97479787393809,NaN,NaN
1743908400,1801.0996218392693,1813.55,1801.0996218392693,1807.7025,48.01629738297764,NaN,NaN
1743919200,1804.4010609196348,1812.6,1783,1800.545,45.418532417408464,NaN,NaN
1743930000,1802.4730304598174,1802.4730304598174,1783.75,1791.3325,42.25013184083243,NaN,NaN
1743940800,1796.9027652299087,1796.9027652299087,1735,1771.5749999999998,36.38743308226665,NaN,NaN
1743951600,1784.2388826149543,1784.2388826149543,1669.4,1724.4925000000003,26.8322532812971,NaN,NaN
1743962400,1754.3656913074774,1754.3656913074774,1555,1624.8449999999998,16.78567996103105,NaN,NaN
1743973200,1689.6053456537386,1689.6053456537386,1537.5,1575.3125,13.98302049938664,NaN,NaN
1743984000,1632.4589228268692,1632.4589228268692,1552.88,1581.785,15.957696442280465,NaN,NaN
1743994800,1607.1219614134347,1607.1219614134347,1520.78,1555.78,14.515836134890677,NaN,NaN
1744005600,1581.4509807067175,1581.4509807067175,1411.01,1499.9975,12.009192512954598,NaN,NaN
1744016400,1540.7242403533587,1540.7242403533587,1474.61,1493.6249999999998,11.759370240831373,NaN,NaN
1744027200,1517.1746201766791,1639,1478.12,1542.4624999999999,24.689455743733788,NaN,NaN
1744038000,1529.8185600883394,1577.5,1526,1559.8225000000002,28.68952148036361,NaN,NaN
1744048800,1544.8205300441698,1579.95,1542.25,1564.8225000000002,29.84529597399866,NaN,NaN
1744059600,1554.821515022085,1585.5,1551.52,1565.25,29.949835304399613,NaN,NaN
1744070400,1560.0357575110424,1618.67,1541.04,1575.6100000000001,32.57206712253591,NaN,NaN
1744081200,1567.8228787555213,1602.27,1567.8228787555213,1590.79,36.332815415625234,NaN,NaN
1744092000,1579.3064393777606,1591.82,1554.37,1576.24,34.354937466071306,NaN,NaN
1744102800,1577.7732196888803,1590.08,1564.48,1577.4575,34.67539309255852,NaN,NaN
1744113600,1577.6153598444403,1593.47,1530.55,1560.875,32.35843059571599,NaN,NaN
1744124400,1569.2451799222201,1569.2451799222201,1454.63,1501.5175000000002,25.730764994294276,NaN,NaN
1744135200,1535.3813399611101,1535.3813399611101,1455.17,1479.725,23.80313598839112,NaN,NaN
1744146000,1507.5531699805551,1507.5531699805551,1441.3,1470.7575,23.038296790707562,NaN,NaN
1744156800,1489.1553349902774,1489.1553349902774,1385.05,1439.945,20.590158816109778,NaN,NaN
1744167600,1464.5501674951388,1464.8,1407.81,1437.6999999999998,20.41989859426964,NaN,NaN
1744178400,1451.1250837475693,1492.02,1451.1250837475693,1472.9125,30.172987004513118,NaN,NaN
1744189200,1462.0187918737847,1496.55,1445.07,1469.8574999999998,29.831392996286198,NaN,NaN
1744200000,1465.9381459368924,1501.27,1440.2,1466.94,29.488054584486534,NaN,NaN
1744210800,1466.4390729684462,1640,1466.4390729684462,1553.3125,48.41630959814648,NaN,NaN
1744221600,1509.8757864842232,1678.9,1509.8757864842232,1649.6725,60.99584802091651,NaN,NaN
1744232400,1579.7741432421117,1689,1579.7741432421117,1671.9650000000001,63.229902432344964,NaN,NaN
1744243200,1625.869571621056,1669.85,1625.869571621056,1650.2849999999999,59.65149781684662,NaN,NaN
1744254000,1638.0772858105279,1638.0772858105279,1601.76,1621.9925,55.256608994422415,NaN,NaN
1744264800,1630.0348929052639,1630.0348929052639,1583.31,1604.015,52.60449578507654,NaN,NaN
1744275600,1617.0249464526319,1617.0249464526319,1581.36,1593.935,51.12286851969575,NaN,NaN
1744286400,1605.479973226316,1640,1556.53,1589.2024999999999,50.40506586582109,NaN,NaN
1744297200,1597.341236613158,1597.341236613158,1471.02,1528.9375,42.266539743812835,NaN,NaN
1744308000,1563.139368306579,1563.139368306579,1507.42,1520.9925,41.31934681611545,NaN,NaN
1744318800,1542.0659341532896,1542.0659341532896,1514.48,1525.335,42.08331636221343,NaN,NaN
1744329600,1533.7004670766448,1550.6,1504.63,1528.01,42.57924438957935,NaN,NaN
1744340400,1530.8552335383224,1558.42,1530.8552335383224,1544.1875,45.612350228479094,NaN,NaN
1744351200,1537.5213667691612,1572.42,1537.5213667691612,1552.825,47.21554410855554,NaN,NaN
1744362000,1545.1731833845806,1585,1544.68,1560.005,48.57261112703393,NaN,NaN
1744372800,1552.5890916922904,1581.44,1541.48,1559.5475,48.48707048027445,NaN,NaN
1744383600,1556.0682958461452,1591.47,1553.87,1570.4799999999998,50.720441902753876,NaN,NaN
1744394400,1563.2741479230726,1582.43,1561.75,1573.9125,51.43242045230926,NaN,NaN
1744405200,1568.5933239615363,1586.97,1558.7,1570.9699999999998,50.75544433484863,NaN,NaN
1744416000,1569.7816619807681,1569.79,1546.06,1557.615,47.6874630385574,NaN,NaN
1744426800,1563.698330990384,1572.54,1546.85,1558.9274999999998,48.02000496646773,NaN,NaN
1744437600,1561.3129154951919,1606.41,1561.3129154951919,1583.8275,53.99491273026741,NaN,NaN
1744448400,1572.570207747596,1602.53,1572.570207747596,1594.0375,56.21724569771233,NaN,NaN
1744459200,1583.3038538737978,1669.59,1583.3038538737978,1627.0499999999997,62.5213645941022,NaN,NaN
1744470000,1605.1769269368988,1667.26,1605.1769269368988,1645.79,65.55345945691397,NaN,NaN
1744480800,1625.4834634684494,1659.93,1625.4834634684494,1644.0825,65.03716622256108,NaN,NaN
1744491600,1634.7829817342247,1656.34,1634.7829817342247,1648.1775,65.7341775807887,NaN,NaN
1744502400,1641.4802408671123,1649.75,1606.55,1631.4724999999999,60.440712389518055,NaN,NaN
1744513200,1636.476370433556,1636.476370433556,1597.47,1615.3475,55.771941942358666,NaN,NaN
1744524000,1625.9119352167781,1625.9119352167781,1607.89,1615.275,55.75108986751696,NaN,NaN
1744534800,1620.5934676083891,1628.2,1592.58,1611.415,54.581027010609894,NaN,NaN
1744545600,1616.0042338041944,1616.0042338041944,1566.11,1591.4275,48.86246235583651,NaN,NaN
1744556400,1603.7158669020973,1649.04,1579.73,1612.8875000000003,54.38806616467803,NaN,NaN
1744567200,1608.3016834510488,1647.18,1562.01,1609.18,53.31621286608058,NaN,NaN
1744578000,1608.7408417255244,1608.7408417255244,1572.24,1590.94,48.27555348818651,NaN,NaN
1744588800,1599.8404208627621,1660.32,1595.56,1622.27,55.974821346805065,NaN,NaN
1744599600,1611.055210431381,1642.19,1611.055210431381,1630.6650000000002,57.78797557345413,NaN,NaN
1744610400,1620.8601052156905,1642.12,1612.63,1629.3525,57.39002118365908,NaN,NaN
1744621200,1625.1063026078452,1691.5,1625.1063026078452,1659.0825,63.51845284769113,NaN,NaN
1744632000,1642.0944013039225,1689.59,1642.0944013039225,1671.62,65.75527972627998,NaN,NaN
1744642800,1656.8572006519612,1675,1615,1652.8774999999998,59.8477216062246,NaN,NaN
1744653600,1654.8673503259806,1654.8673503259806,1626.72,1640.3825000000002,56.22135186786637,NaN,NaN
1744664400,1647.6249251629904,1647.6249251629904,1606.01,1625.1475,52.07784249444491,NaN,NaN
1744675200,1636.3862125814953,1637.99,1614.8,1627.0725,52.55366249583421,NaN,NaN
1744686000,1631.7293562907475,1648.47,1627.51,1636.6825,54.95803103114982,NaN,NaN
1744696800,1634.2059281453737,1647.45,1633.94,1640.37,55.88189601481345,NaN,NaN
1744707600,1637.287964072687,1651.96,1622.47,1636.885,54.739163118014346,NaN,NaN
1744718400,1637.0864820363436,1661.21,1601.36,1628.8,52.07847610435142,NaN,NaN
1744729200,1632.9432410181716,1632.9432410181716,1612.01,1620.0025,49.2720097000279,NaN,NaN
1744740000,1626.4728705090859,1626.4728705090859,1586.35,1604.0925000000002,44.59192816434273,NaN,NaN
1744750800,1615.2826852545431,1615.2826852545431,1583.12,1593.1875,41.67033142571205,NaN,NaN
1744761600,1604.2350926272716,1604.4,1576.5,1592.065,41.369866692836844,NaN,NaN
1744772400,1598.1500463136358,1601,1551.18,1580.0349999999999,38.191545770918026,NaN,NaN
1744783200,1589.0925231568178,1589.0925231568178,1556.7,1571.2549999999999,36.016687479224025,NaN,NaN
1744794000,1580.1737615784089,1586.1,1567.54,1578.325,39.02765590525986,NaN,NaN
1744804800,1579.2493807892045,1599.32,1566.28,1585.195,41.88931240501921,NaN,NaN
1744815600,1582.2221903946022,1613.66,1538.07,1572.1074999999998,38.21015745938494,NaN,NaN
1744826400,1577.164845197301,1595.45,1543.19,1564.4950000000001,36.21756105685719,NaN,NaN
1744837200,1570.8299225986507,1598.15,1570.8299225986507,1580.1125,42.80705232957663,NaN,NaN
1744848000,1575.4712112993252,1593.84,1574.69,1584.4025000000001,44.503145080023316,NaN,NaN
1744858800,1579.9368556496627,1603.69,1577.47,1593.02,47.84879248763465,NaN,NaN
1744869600,1586.4784278248312,1610.53,1586.4784278248312,1599.7475000000002,50.36450633917491,NaN,NaN
1744880400,1593.1129639124156,1598.74,1588.65,1594.0075000000002,48.226893591799616,NaN,NaN
1744891200,1593.5602319562079,1603.19,1563.2,1582.3925,44.14399934648525,NaN,NaN
1744902000,1587.9763659781038,1616.96,1569.9,1591.7025,47.94792515522709,NaN,NaN
1744912800,1589.839432989052,1615.7,1577.02,1596.8175,49.96408378219597,NaN,NaN
1744923600,1593.328466494526,1593.328466494526,1579,1584.74,45.4842323286185,NaN,NaN
1744934400,1589.034233247263,1589.19,1577.23,1583.655,45.093073712938086,NaN,NaN
1744945200,1586.3446166236315,1586.3446166236315,1573.54,1581.225,44.176753954184804,NaN,NaN
1744956000,1583.7848083118156,1592.82,1575.86,1584.2625,45.66312276604621,NaN,NaN
1744966800,1584.023654155908,1592,1582.3,1587.9850000000001,47.50775481309863,NaN,NaN
1744977600,1586.004327077954,1597.2,1586.004327077954,1590.815,48.92727164050138,NaN,NaN
1744988400,1588.409663538977,1593,1579.09,1588.2875,47.6869499058979,NaN,NaN
1744999200,1588.3485817694884,1595.18,1588.3485817694884,1592.575,50.00237319968321,NaN,NaN
1745010000,1590.4617908847442,1600.64,1587.01,1592.4275000000002,49.92051315684206,NaN,NaN
1745020800,1591.4446454423723,1596.34,1585.01,1590.5725,48.83765217601412,NaN,NaN
1745031600,1591.0085727211863,1613.48,1591.0085727211863,1600.07,54.30315307832942,NaN,NaN
1745042400,1595.539286360593,1605.23,1595.33,1601.4375,55.04777094497675,NaN,NaN
1745053200,1598.4883931802965,1606.4,1594.07,1600.055,54.08821053885459,NaN,NaN
1745064000,1599.2716965901482,1608.11,1595.05,1601.535,54.99268630066837,NaN,NaN
1745074800,1600.403348295074,1631.81,1598.5,1613.83,61.73654412748183,NaN,NaN
1745085600,1607.116674147537,1623.13,1607.116674147537,1616.7575000000002,63.15230119472369,NaN,NaN
1745096400,1611.9370870737685,1622.37,1611.9370870737685,1615.415,62.01903579261304,NaN,NaN
1745107200,1613.6760435368842,1619.19,1608,1614.095,60.86255885216977,NaN,NaN
1745118000,1613.8855217684422,1617.65,1609.45,1613.22,60.06302296981085,NaN,NaN
1745128800,1613.5527608842212,1613.5527608842212,1586.45,1599.8825,49.408369351981996,NaN,NaN
1745139600,1606.7176304421105,1606.7176304421105,1565.59,1580.365,38.61372599287519,NaN,NaN
1745150400,1593.5413152210554,1593.5413152210554,1571.12,1577,37.10841662196261,NaN,NaN
1745161200,1585.2706576105277,1585.2706576105277,1571.1,1578.385,38.176697956840634,NaN,NaN
1745172000,1581.8278288052638,1600.75,1578.24,1587.1475,44.58950380812341,NaN,NaN
1745182800,1584.487664402632,1591.08,1574.68,1585.75,43.80901293047276,NaN,NaN
1745193600,1585.1188322013159,1645.45,1585.1188322013159,1612.9125,58.87617095265369,NaN,NaN
1745204400,1599.0156661006579,1656.79,1599.0156661006579,1642.24,68.65047139664884,NaN,NaN
1745215200,1620.627833050329,1658.75,1620.627833050329,1649.405,70.49551251351845,NaN,NaN
1745226000,1635.0164165251645,1655,1617.85,1637.085,63.56777763509643,NaN,NaN
1745236800,1636.0507082625822,1641.82,1608.6,1627.73,58.83936336614029,NaN,NaN
1745247600,1631.8903541312911,1635.16,1571.37,1604.775,49.17373903835613,NaN,NaN
1745258400,1618.3326770656456,1618.3326770656456,1564.07,1575.3424999999997,40.08201864304389,NaN,NaN
1745269200,1596.8375885328228,1596.8375885328228,1571.51,1577.3999999999999,40.9045720313234,NaN,NaN
1745280000,1587.1187942664114,1593.73,1537.26,1571.9125000000001,39.352889327927265,NaN,NaN
1745290800,1579.5156471332057,1586.9,1571.21,1579.7250000000001,42.6863063178374,NaN,NaN
1745301600,1579.620323566603,1634.49,1574.9,1605.2150000000001,51.96347763808102,NaN,NaN
1745312400,1592.4176617833016,1638.16,1592.4176617833016,1627.4875,58.313007349540214,NaN,NaN
1745323200,1609.9525808916508,1680,1609.9525808916508,1653.2199999999998,64.20066626146787,NaN,NaN
1745334000,1631.5862904458254,1725.81,1631.5862904458254,1693.8325,71.13076958242306,NaN,NaN
1745344800,1662.7093952229127,1707.4,1662.7093952229127,1696.7024999999999,71.54990593324567,NaN,NaN
1745355600,1679.7059476114564,1778,1679.7059476114564,1730.935,76.0216836734259,NaN,NaN
1745366400,1705.3204738057282,1807.56,1705.3204738057282,1775.2425,80.33094889637267,NaN,NaN
1745377200,1740.2814869028641,1818.18,1740.2814869028641,1796.95,82.0344495852816,NaN,NaN
1745388000,1768.615743451432,1802.22,1768.615743451432,1791.2175,80.06245044977831,NaN,NaN
1745398800,1779.9166217257161,1812.2,1779.2,1794.9899999999998,80.3964266824064,NaN,NaN
1745409600,1787.453310862858,1834.86,1781.41,1800.4025,80.89100488882454,NaN,NaN
1745420400,1793.9279054314288,1804.13,1761.62,1788.6475,76.3837696109158,NaN,NaN
1745431200,1791.2877027157144,1810,1774.47,1795.1950000000002,77.14757011458124,NaN,NaN
1745442000,1793.2413513578572,1806.91,1786.76,1796.0825,77.25495267284619,NaN,NaN
1745452800,1794.6619256789286,1802.82,1775.5,1788.1899999999998,73.92803952899209,NaN,NaN
1745463600,1791.4259628394643,1791.4259628394643,1758,1774.4875,68.41916588839149,NaN,NaN
1745474400,1782.956731419732,1782.956731419732,1722.9,1750.8474999999999,60.09864278785147,NaN,NaN
1745485200,1766.902115709866,1766.902115709866,1734.5,1745.4775,58.36237266689844,NaN,NaN
1745496000,1756.189807854933,1776.35,1744.4,1760.305,61.65637656306255,NaN,NaN
1745506800,1758.2474039274666,1777.77,1746.04,1761.1475,61.84109942490622,NaN,NaN
1745517600,1759.6974519637333,1770,1755,1760.6025,61.63424688058743,NaN,NaN
1745528400,1760.1499759818666,1774.84,1749.04,1763.8849999999998,62.44894869103502,NaN,NaN
1745539200,1762.0174879909332,1790.5,1738.6,1760.8374999999999,61.15063514394846,NaN,NaN
1745550000,1761.4274939954666,1771.8,1740.15,1755.955,59.033087567961836,NaN,NaN
1745560800,1758.6912469977333,1781.88,1758.6912469977333,1772.4875000000002,63.626150845232075,NaN,NaN
1745571600,1765.5893734988667,1793.29,1764.29,1780.8125,65.71090845736114,NaN,NaN
1745582400,1773.2009367494334,1813.7,1757.25,1792.4450000000002,68.4334062155683,NaN,NaN
1745593200,1782.8229683747168,1827.32,1782.4,1800.9699999999998,70.2948475246406,NaN,NaN
1745604000,1791.8964841873583,1806.3,1785.83,1794.0725,66.85952950882589,NaN,NaN
1745614800,1792.9844920936791,1809.4,1783.85,1794.0425,66.84422844603256,NaN,NaN
1745625600,1793.5134960468395,1815.81,1784.6,1798.25,67.95199151292906,NaN,NaN
1745636400,1795.8817480234197,1810.11,1789,1800.3875,68.52728392896401,NaN,NaN
1745647200,1798.13462401171,1841.16,1794,1808.9900000000002,70.79916752567313,NaN,NaN
1745658000,1803.5623120058551,1815.67,1778.94,1796.7024999999999,63.72338872223011,NaN,NaN
1745668800,1800.1324060029274,1800.1324060029274,1780.1,1789.36,59.87268638042361,NaN,NaN
1745679600,1794.7462030014635,1807.26,1792.19,1799.0375,63.04259312271834,NaN,NaN
1745690400,1796.8918515007317,1818.52,1796.8918515007317,1807.3825,65.56846126503632,NaN,NaN
1745701200,1802.1371757503657,1831.09,1802.1371757503657,1815.8374999999999,67.95793179658767,NaN,NaN
1745712000,1808.9873378751827,1857.47,1801.02,1823.15,69.90329690311665,NaN,NaN
1745722800,1816.0686689375914,1817.5,1790.27,1804.9225000000001,60.10720160085614,NaN,NaN
1745733600,1810.4955844687956,1815.52,1797.22,1805.38,60.257743206022134,NaN,NaN
1745744400,1807.9377922343979,1813.34,1803.35,1808.1825,61.223070668585436,NaN,NaN
1745755200,1808.0601461171989,1808.1,1781.9,1798.1425000000002,55.977326971403635,NaN,NaN
1745766000,1803.1013230585995,1803.1013230585995,1787.31,1795.9875,54.89018834780089,NaN,NaN
1745776800,1799.5444115292999,1808.47,1797.08,1801.5425,57.19778795157809,NaN,NaN
1745787600,1800.54345576465,1807.3,1784.59,1796.4225,54.43384523948552,NaN,NaN
1745798400,1798.482977882325,1798.482977882325,1752.18,1777.5725,45.68163874093718,NaN,NaN
1745809200,1788.0277389411626,1802.88,1769.81,1785.3700000000001,49.3122540353121,NaN,NaN
1745820000,1786.6988694705815,1812.08,1786.6988694705815,1803.2225,56.48380132094075,NaN,NaN
1745830800,1794.9606847352907,1827.98,1788.3,1810.47,59.01874880518649,NaN,NaN
1745841600,1802.7153423676455,1816.97,1780,1798.7725,53.592365639813366,NaN,NaN
1745852400,1800.7439211838227,1800.7439211838227,1744.71,1770.725,43.30997349740381,NaN,NaN
1745863200,1785.7344605919113,1804.79,1764.61,1781.5224999999998,47.48704074334573,NaN,NaN
1745874000,1783.6284802959556,1807,1781.16,1793.4675,51.72480208275502,NaN,NaN
1745884800,1788.5479901479778,1811.56,1787.89,1798.49,53.4266696844026,NaN,NaN
1745895600,1793.518995073989,1805.24,1788.16,1795.7375000000002,52.33771813461399,NaN,NaN
1745906400,1794.6282475369944,1835.95,1794.2,1814.385,58.50784899671705,NaN,NaN
1745917200,1804.5066237684973,1842.99,1804.5066237684973,1832.0774999999999,63.35500978569374,NaN,NaN
1745928000,1818.2920618842486,1833.42,1802.02,1822.1775000000002,59.18834693102634,NaN,NaN
1745938800,1820.2347809421244,1832.49,1807.48,1822.1675,59.18411282207248,NaN,NaN
1745949600,1821.2011404710622,1828.9,1807.23,1817.5,57.1298412977547,NaN,NaN
1745960400,1819.350570235531,1819.350570235531,1780.47,1799.6,49.966941744365634,NaN,NaN
1745971200,1809.4752851177655,1813.09,1788.9,1800.6974999999998,50.377749356869145,NaN,NaN
1745982000,1805.0863925588826,1813,1798.45,1805.1374999999998,52.09153619383425,NaN,NaN
1745992800,1805.1119462794413,1808.83,1791.1,1800.3224999999998,50.07190323790744,NaN,NaN
1746003600,1802.7172231397205,1816.8,1795,1805.685,52.29043884103675,NaN,NaN
1746014400,1804.2011115698601,1816.4,1731.7,1780.7649999999999,42.777723938521696,NaN,NaN
1746025200,1792.48305578493,1792.48305578493,1756.07,1767.6149999999998,38.769643739439516,NaN,NaN
1746036000,1780.049027892465,1809.72,1773.01,1788.0675,47.07544072160345,NaN,NaN
1746046800,1784.0582639462325,1800.7,1784.0582639462325,1794.3874999999998,49.36131481843333,NaN,NaN
1746057600,1789.2228819731163,1819,1789.2228819731163,1803.1749999999997,52.437368259330505,NaN,NaN
1746068400,1796.198940986558,1816.9,1796.198940986558,1810.5300000000002,54.906409232849995,NaN,NaN
1746079200,1803.364470493279,1820.09,1802.14,1813.425,55.87731028894031,NaN,NaN
1746090000,1808.3947352466394,1859.23,1808.3947352466394,1834.3925,62.221643466512496,NaN,NaN
1746100800,1821.3936176233196,1855.07,1821.3936176233196,1843.61,64.62942615104657,NaN,NaN
1746111600,1832.5018088116599,1873.17,1832.5018088116599,1855.6299999999999,67.53520707174064,NaN,NaN
1746122400,1844.0659044058298,1858.4,1836.94,1847.7150000000001,63.81736639441424,NaN,NaN
1746133200,1845.890452202915,1849.31,1833.5,1840.08,60.36521302383521,NaN,NaN
1746144000,1842.9852261014576,1851.3,1835.1,1842.825,61.178312359020055,NaN,NaN
1746154800,1842.9051130507287,1851.79,1828.96,1839.915,59.77825561164585,NaN,NaN
1746165600,1841.4100565253643,1841.4100565253643,1813,1826.5475000000001,53.6989267229736,NaN,NaN
1746176400,1833.9787782626822,1835.53,1820.44,1828.265,54.341416280966534,NaN,NaN
1746187200,1831.121889131341,1851.87,1823.34,1839.375,58.366035355004854,NaN,NaN
1746198000,1835.2484445656705,1871,1832.27,1851.1325000000002,62.166720916693706,NaN,NaN
1746208800,1843.1904722828353,1855.63,1831.7,1846.625,59.90879249912318,NaN,NaN
1746219600,1844.9077361414177,1846.81,1832.49,1842.0774999999999,57.63444923886924,NaN,NaN
1746230400,1843.4926180707089,1843.4926180707089,1826.58,1836.43,54.84956682139283,NaN,NaN
1746241200,1839.9613090353546,1839.9613090353546,1831.2,1834.3975,53.84124581658498,NaN,NaN
1746252000,1837.1794045176773,1837.1794045176773,1822.32,1828.555,50.942193179191214,NaN,NaN
1746262800,1832.8672022588387,1832.8672022588387,1817.63,1824.3874999999998,48.918808569163865,NaN,NaN
1746273600,1828.6273511294194,1837.41,1823.74,1830.1125,51.75377985232977,NaN,NaN
1746284400,1829.3699255647098,1840.12,1810,1827.33,50.292820923539225,NaN,NaN
1746295200,1828.3499627823549,1839.67,1822.61,1831.24,52.329272017242204,NaN,NaN
1746306000,1829.7949813911773,1848.6,1828.4,1837.3000000000002,55.38040437516054,NaN,NaN
1746316800,1833.5474906955887,1849.6,1829.31,1836.645,54.970865439594476,NaN,NaN
1746327600,1835.0962453477944,1849.95,1826.44,1839.0700000000002,56.26050389984879,NaN,NaN
1746338400,1837.0831226738974,1849.2,1829.74,1838.93,56.16050244069511,NaN,NaN
1746349200,1838.0065613369488,1838.0065613369488,1822,1829.2199999999998,49.57831347595779,NaN,NaN
1746360000,1833.6132806684743,1833.99,1818.57,1827.845,48.707739879793195,NaN,NaN
1746370800,1830.7291403342372,1833.65,1822.08,1828.6975000000002,49.30214115548172,NaN,NaN
1746381600,1829.7133201671186,1842.15,1824.71,1832.72,52.121527130112824,NaN,NaN
1746392400,1831.2166600835594,1837.22,1803,1821.31,44.55292890020027,NaN,NaN
1746403200,1826.2633300417797,1826.2633300417797,1781.85,1802.1525,35.2876426726353,NaN,NaN
1746414000,1814.2079150208897,1818.53,1792.82,1806.815,38.63255921786558,NaN,NaN
1746424800,1810.5114575104449,1831.55,1810.5114575104449,1822.1075,48.10695548240837,NaN,NaN
1746435600,1816.3094787552225,1830.51,1798.3,1815.4575,44.86331485185196,NaN,NaN
1746446400,1815.883489377611,1815.883489377611,1794.47,1804.8050000000003,40.188723492645636,NaN,NaN
1746457200,1810.3442446888057,1817.66,1795.41,1808.0175000000002,42.146478609569826,NaN,NaN
1746468000,1809.1808723444028,1828.5,1799.52,1812.8750000000002,45.074048307570955,NaN,NaN
1746478800,1811.0279361722014,1833.55,1808.44,1817.7875,47.94304873063845,NaN,NaN
1746489600,1814.4077180861007,1820.9,1792.49,1809.3025,43.69741313271117,NaN,NaN
1746500400,1811.8551090430503,1811.8551090430503,1797.78,1802.2849999999999,40.502806128113086,NaN,NaN
1746511200,1807.070054521525,1809.26,1788.35,1799.5475000000001,39.295921975719665,NaN,NaN
1746522000,1803.3087772607626,1803.3087772607626,1757.34,1782.6875,32.81120809996446,NaN,NaN
1746532800,1792.9981386303812,1792.9981386303812,1752,1767.575,28.302684092709825,NaN,NaN
1746543600,1780.2865693151907,1780.2865693151907,1760.49,1769.0149999999999,29.29956915239059,NaN,NaN
1746554400,1774.6507846575953,1798.8,1766.8,1777.2649999999999,34.88550574147439,NaN,NaN
1746565200,1775.9578923287977,1819.41,1765.5,1794.3400000000001,44.635355124066805,NaN,NaN
1746576000,1785.148946164399,1850,1785.148946164399,1826.6325000000002,57.573752725939194,NaN,NaN
1746586800,1805.8907230821997,1833.41,1805.8907230821997,1825.9425,57.26580609385574,NaN,NaN
1746597600,1815.9166115410999,1844.2,1815.9166115410999,1834.815,60.212778901016094,NaN,NaN
1746608400,1825.36580577055,1847.05,1825.36580577055,1838.65,61.45022558666059,NaN,NaN
1746619200,1832.0079028852751,1837.1,1816.79,1828.1125,56.271441194918374,NaN,NaN
1746630000,1830.0602014426377,1830.0602014426377,1788.84,1808.225,48.04228521161187,NaN,NaN
1746640800,1819.1426007213188,1819.1426007213188,1787.01,1799.605,44.972380540834884,NaN,NaN
1746651600,1809.3738003606595,1825.44,1796.33,1807.7649999999999,48.3378182142378,NaN,NaN
1746662400,1808.5694001803297,1847.75,1808.5694001803297,1827.2824999999998,55.36882979604913,NaN,NaN
1746673200,1817.9259500901649,1916.59,1817.9259500901649,1873.48,66.86417126320292,NaN,NaN
1746684000,1845.7029750450824,1947,1845.7029750450824,1918.6875,73.93817297669536,NaN,NaN
1746694800,1882.1952375225412,1968.72,1882.1952375225412,1947.785,77.29762528902444,NaN,NaN
1746705600,1914.9901187612707,2010.68,1914.9901187612707,1978.025,80.15994008382204,NaN,NaN
1746716400,1946.5075593806355,2075.65,1946.5075593806355,2024.7924999999998,83.6030850180642,NaN,NaN
1746727200,1985.6500296903178,2199.65,1985.6500296903178,2118.705,88.07755487872923,NaN,NaN
1746738000,2052.177514845159,2226,2052.177514845159,2194.0375,90.35193616061953,NaN,NaN
1746748800,2123.107507422579,2244.22,2123.107507422579,2213.1324999999997,90.82948064989904,NaN,NaN
1746759600,2168.1200037112894,2245.03,2168.1200037112894,2218.4350000000004,90.96324241757371,NaN,NaN
1746770400,2193.277501855645,2490.77,2193.277501855645,2333.2775,93.25719845143021,NaN,NaN
1746781200,2263.2775009278225,2423.7,2263.2775009278225,2369.9975,93.79920501781879,NaN,NaN
1746792000,2316.6375004639112,2388.23,2271.5,2329.245,85.57753210233271,NaN,NaN
1746802800,2322.9412502319556,2355.2,2274.33,2321.3825,84.04688959810468,NaN,NaN
1746813600,2322.1618751159776,2352.65,2308.78,2337.8625,84.66597616025396,NaN,NaN
1746824400,2330.012187557989,2347.56,2322.65,2338.8099999999995,84.70273201919213,NaN,NaN
1746835200,2334.411093778994,2380.66,2317,2346.1975,85.00454168504659,NaN,NaN
1746846000,2340.304296889497,2355.36,2326.66,2344.2975,84.54254868386487,NaN,NaN
1746856800,2342.300898444749,2435.72,2342.300898444749,2380.6375,86.098741451056,NaN,NaN
1746867600,2361.4691992223743,2429.1,2361.4691992223743,2390.5125,86.49657936240054,NaN,NaN
1746878400,2375.990849611187,2448.88,2375.990849611187,2413.5675,87.40300407946276,NaN,NaN
1746889200,2394.7791748055934,2512.42,2394.7791748055934,2458.04,88.94460919670617,NaN,NaN
1746900000,2426.4095874027967,2507.13,2426.4095874027967,2479.165,89.59593610763307,NaN,NaN
1746910800,2452.787293701398,2600,2452.787293701398,2541.3225,91.23265636116425,NaN,NaN
1746921600,2497.054896850699,2608.13,2497.054896850699,2559.8,91.65302924454765,NaN,NaN
1746932400,2528.4274484253497,2562.47,2528.4274484253497,2547.8325,88.68702571663296,NaN,NaN
1746943200,2538.129974212675,2556.02,2453.92,2511.4425,80.1892671670144,NaN,NaN
1746954000,2524.7862371063375,2535.46,2481,2507.0325000000003,79.19888101397359,NaN,NaN
1746964800,2515.909368553169,2532.09,2465.82,2503.6575000000003,78.40083328726391,NaN,NaN
1746975600,2509.7834342765846,2509.7834342765846,2435.51,2479.4275,72.73434891719626,NaN,NaN
1746986400,2494.605467138292,2525.4,2472.34,2499.7775,74.40737796777042,NaN,NaN
1746997200,2497.191483569146,2528.52,2483.33,2509.08,75.15778664155582,NaN,NaN
1747008000,2503.135741784573,2548.85,2490.75,2519.2575,75.98734946063337,NaN,NaN
1747018800,2511.196620892287,2527.5,2492,2510.01,73.58296352691731,NaN,NaN
1747029600,2510.6033104461435,2624,2486.8,2546.51,76.71478083773117,NaN,NaN
1747040400,2528.556655223072,2582.64,2522,2553.195,77.24682485604038,NaN,NaN
1747051200,2540.875827611536,2576.29,2488.81,2525.405,70.07840757552238,NaN,NaN
1747062000,2533.140413805768,2533.140413805768,2465.01,2490.6775,62.29825395699627,NaN,NaN
1747072800,2511.908956902884,2511.908956902884,2406.63,2466.1675,57.45037991705116,NaN,NaN
1747083600,2489.0382284514417,2500.36,2467.32,2487.2,60.30497063751503,NaN,NaN
1747094400,2488.1191142257208,2495.79,2415.3,2461.4425,55.40291461962774,NaN,NaN
1747105200,2474.78080711286,2474.78080711286,2418.23,2442.625,52.07265724167182,NaN,NaN
1747116000,2458.70290355643,2480,2447.23,2458.5675,54.564494826016514,NaN,NaN
1747126800,2458.635201778215,2525.5,2456.68,2488.2149999999997,58.84928984834045,NaN,NaN
1747137600,2473.4251008891074,2562,2473.4251008891074,2527.9849999999997,63.783257238010016,NaN,NaN
1747148400,2500.7050504445533,2622,2500.7050504445533,2579.2375,68.95008008640703,NaN,NaN
1747159200,2539.9712752222767,2738.5,2539.9712752222767,2661.125,75.06975068520927,NaN,NaN
1747170000,2600.5481376111384,2707.62,2600.5481376111384,2683.3725,76.4289844152118,NaN,NaN
1747180800,2641.960318805569,2725.99,2622.99,2666.745,73.21603312934732,NaN,NaN
1747191600,2654.3526594027844,2687.75,2624.32,2655.9300000000003,71.12176244726612,NaN,NaN
1747202400,2655.1413297013924,2677.89,2587.67,2634.0575,66.95077564477145,NaN,NaN
1747213200,2644.599414850696,2644.599414850696,2577.48,2608.8075,62.401141443812925,NaN,NaN
1747224000,2626.703457425348,2636.15,2559.19,2601.0325000000003,61.025962532136205,NaN,NaN
1747234800,2613.867978712674,2613.867978712674,2547.26,2580.855,57.485372352920464,NaN,NaN
1747245600,2597.361489356337,2617.5,2579.94,2597.04,59.51441632238559,NaN,NaN
1747256400,2597.2007446781686,2614.05,2583.99,2602.01,60.14346034151845,NaN,NaN
1747267200,2599.605372339084,2647.03,2566.91,2603.705,60.36961571619703,NaN,NaN
1747278000,2601.655186169542,2601.655186169542,2563.86,2579.7974999999997,55.57924512979333,NaN,NaN
1747288800,2590.7263430847706,2590.7263430847706,2515.69,2557.855,51.537139688881,NaN,NaN
1747299600,2574.290671542385,2574.290671542385,2517.53,2550.83,50.276460468946645,NaN,NaN
1747310400,2562.5603357711925,2579.61,2476.03,2527.6175000000003,46.25057265434392,NaN,NaN
1747321200,2545.0889178855964,2603.59,2498,2543.3100000000004,49.211432441080206,NaN,NaN
1747332000,2544.1994589427986,2578.52,2511.77,2549.755,50.41944337699078,NaN,NaN
1747342800,2546.9772294713994,2564.33,2512.06,2540.5675,48.64326439050256,NaN,NaN
1747353600,2543.7723647356997,2583.33,2534.2,2560.0074999999997,52.45950681793477,NaN,NaN
1747364400,2551.8899323678497,2597,2551.8899323678497,2582.3525,56.46407002079725,NaN,NaN
1747375200,2567.121216183925,2619.99,2558.12,2586.4575,57.17770946961216,NaN,NaN
1747386000,2576.7893580919626,2649.31,2571.54,2603.7025000000003,60.13413494642124,NaN,NaN
1747396800,2590.2459290459815,2623.25,2573.8,2600.7425,59.37638831313845,NaN,NaN
1747407600,2595.4942145229907,2604.86,2570,2584.5025,55.261971206054,NaN,NaN
1747418400,2589.9983572614956,2593.47,2562.1,2576.13,53.21467914461332,NaN,NaN
1747429200,2583.064178630748,2583.26,2529.4,2555.1724999999997,48.38282663225588,NaN,NaN
1747440000,2569.1183393153738,2569.1183393153738,2452.6,2504.64,39.15180095938909,NaN,NaN
1747450800,2536.879169657687,2536.879169657687,2474.93,2489.7675,36.91921079746105,NaN,NaN
1747461600,2513.323334828843,2513.323334828843,2477.22,2486.2425,36.38955487493712,NaN,NaN
1747472400,2499.7829174144217,2499.7829174144217,2466.59,2480.34,35.471883404424844,NaN,NaN
1747483200,2490.061458707211,2490.061458707211,2446.42,2474.3525,34.5208704369431,NaN,NaN
1747494000,2482.2069793536057,2484.7,2448.27,2471.5,34.05247177880551,NaN,NaN
1747504800,2476.853489676803,2495.45,2462.06,2479.1575,36.54172017283554,NaN,NaN
1747515600,2478.0054948384013,2493.82,2453.26,2477.735,36.26785203964465,NaN,NaN
1747526400,2477.8702474192005,2487.44,2471.98,2478.9275,36.6961768677147,NaN,NaN
1747537200,2478.3988737096,2515.44,2467.75,2494.245,42.080755987763105,NaN,NaN
1747548000,2486.3219368548,2528.55,2486.3219368548,2512.8599999999997,47.88258018855058,NaN,NaN
1747558800,2499.5909684273997,2523.62,2498.11,2510.27,47.17451935581107,NaN,NaN
1747569600,2504.9304842137,2569.81,2488.02,2529.375,52.7275846612276,NaN,NaN
1747580400,2517.15274210685,2587.61,2482.46,2529.4825,52.75767774312235,NaN,NaN
1747591200,2523.317621053425,2523.317621053425,2323.21,2425.8175,31.76068477253601,NaN,NaN
1747602000,2474.5675605267124,2511.27,2375.83,2444.675,36.696256552964186,NaN,NaN
1747612800,2459.6212802633563,2513.67,2392.44,2451.2700000000004,38.37496531012136,NaN,NaN
1747623600,2455.4456401316784,2455.4456401316784,2352,2384.25,29.743071554934943,NaN,NaN
1747634400,2419.847820065839,2422.69,2348.38,2388.6974999999998,30.854592491467557,NaN,NaN
1747645200,2404.2726600329197,2422.23,2390.32,2408.7875,35.79587921378503,NaN,NaN
1747656000,2406.5300800164596,2454.48,2383.8,2425.79,39.7219102236963,NaN,NaN
1747666800,2416.1600400082298,2547.36,2416.1600400082298,2485.7375,51.080317316165086,NaN,NaN
1747677600,2450.948770004115,2534.52,2450.948770004115,2508.065,54.51789271297657,NaN,NaN
1747688400,2479.5068850020575,2533.78,2479.5068850020575,2518.72,56.10315084195754,NaN,NaN
1747699200,2499.1134425010287,2588.63,2499.1134425010287,2548.6225,60.286606219724014,NaN,NaN
1747710000,2523.8679712505145,2580.28,2523.8679712505145,2562.6875,62.11546701959238,NaN,NaN
1747720800,2543.2777356252573,2561.68,2521.9,2544.39,58.350795137140985,NaN,NaN
1747731600,2543.8338678126283,2543.8338678126283,2492.58,2520.3175,53.736446130193464,NaN,NaN
1747742400,2532.075683906314,2532.075683906314,2464.56,2490.835,48.66101838192483,NaN,NaN
1747753200,2511.455341953157,2511.455341953157,2468,2485.8275,47.83462390374589,NaN,NaN
1747764000,2498.6414209765785,2523.52,2442.4,2494.24,49.38963844831721,NaN,NaN
1747774800,2496.4407104882894,2541.03,2488.3,2516.775,53.397209267474494,NaN,NaN
1747785600,2506.607855244145,2549,2506.607855244145,2530.4350000000004,55.68777692663983,NaN,NaN
1747796400,2518.5214276220727,2599.93,2518.5214276220727,2566.9,61.17389584510679,NaN,NaN
1747807200,2542.7107138110364,2615.95,2536,2570.92,61.736318683929454,NaN,NaN
1747818000,2556.8153569055185,2556.8153569055185,2515.38,2536.51,54.46371831356015,NaN,NaN
1747828800,2546.6626784527593,2581.04,2522.22,2555.1,57.384480404360886,NaN,NaN
1747839600,2550.8813392263796,2615.34,2452.2,2530.2075,52.526140269222935,NaN,NaN
1747850400,2540.54441961319,2540.54441961319,2459.35,2489.6575000000003,45.73355020733544,NaN,NaN
1747861200,2515.100959806595,2597.92,2498.07,2538.9525,53.59064734997842,NaN,NaN
1747872000,2527.0267299032976,2603.12,2527.0267299032976,2573.3599999999997,58.145816584462835,NaN,NaN
1747882800,2550.1933649516486,2647.8,2550.1933649516486,2609.35,62.312666242875935,NaN,NaN
1747893600,2579.7716824758245,2681.27,2579.7716824758245,2639.2375,65.39383091239577,NaN,NaN
1747904400,2609.5045912379123,2692.99,2609.5045912379123,2660.42,67.4264539546148,NaN,NaN
1747915200,2634.962295618956,2676,2623.14,2653.9849999999997,66.15522582341751,NaN,NaN
1747926000,2644.473647809478,2679.99,2635.28,2660.1575000000003,66.80178041264168,NaN,NaN
1747936800,2652.315573904739,2670.39,2626.37,2649.2400000000002,64.45633165760734,NaN,NaN
1747947600,2650.7777869523698,2665.9,2627.85,2649.865,64.53310361213983,NaN,NaN
1747958400,2650.3213934761848,2734.23,2645.16,2687.3849999999998,68.87884213513553,NaN,NaN
1747969200,2668.8531967380923,2730.85,2668.8531967380923,2702.725,70.4718706637758,NaN,NaN
1747980000,2685.789098369046,2697.24,2651.35,2678.68,64.86687966754639,NaN,NaN
1747990800,2682.2345491845226,2689.21,2551,2619.0975,53.509705115784094,NaN,NaN
1748001600,2650.6660245922612,2650.6660245922612,2498.3,2557.85,44.822204738553204,NaN,NaN
1748012400,2604.258012296131,2604.258012296131,2545.91,2571.1674999999996,46.84308718603517,NaN,NaN
1748023200,2587.712756148065,2587.712756148065,2527.01,2557.27,44.991247429224764,NaN,NaN
1748034000,2572.4913780740326,2572.4913780740326,2503.66,2533.1,41.889624406796194,NaN,NaN
1748044800,2552.795689037016,2552.795689037016,2515.08,2531.855,41.73004120474365,NaN,NaN
1748055600,2542.3253445185082,2563.5,2538.12,2548.415,44.745306618845504,NaN,NaN
1748066400,2545.370172259254,2560.6,2535.08,2550.9624999999996,45.21496419099543,NaN,NaN
1748077200,2548.166336129627,2575.85,2548.166336129627,2561.85,47.27752427932286,NaN,NaN
1748088000,2555.0081680648136,2565.41,2543.51,2557.69,46.55629570651267,NaN,NaN
1748098800,2556.3490840324066,2564.59,2543.86,2556.1925,46.28258361974964,NaN,NaN
1748109600,2556.2707920162034,2567.38,2544.99,2555.6075,46.16839205465365,NaN,NaN
1748120400,2555.9391460081015,2555.9391460081015,2517.65,2538.2775,42.79953300169821,NaN,NaN
1748131200,2547.108323004051,2547.108323004051,2476,2513.5375,38.48248375723636,NaN,NaN
1748142000,2530.3229115020254,2530.3229115020254,2505.61,2511.6425,38.16493769437756,NaN,NaN
1748152800,2520.982705751013,2520.982705751013,2463,2491.6625,34.895424622646644,NaN,NaN
1748163600,2506.322602875506,2506.322602875506,2471.03,2487.235,34.19631449717855,NaN,NaN
1748174400,2496.778801437753,2524.9,2495.17,2505.9925,39.70745856319822,NaN,NaN
1748185200,2501.3856507188766,2516.98,2479.24,2504.0424999999996,39.33860427842882,NaN,NaN
1748196000,2502.714075359438,2535.66,2502.714075359438,2521.1274999999996,44.22705636883399,NaN,NaN
1748206800,2511.920787679719,2554.26,2507.65,2534.2525,47.713010094698305,NaN,NaN
1748217600,2523.08664383986,2577,2523.08664383986,2554.4425,52.61897250070022,NaN,NaN
1748228400,2538.76457191993,2575.31,2538.76457191993,2561.23,54.17560301939816,NaN,NaN
1748239200,2549.9972859599648,2599,2549.9972859599648,2574.9925,57.242937256068416,NaN,NaN
1748250000,2562.494892979982,2574.48,2553.24,2565.9474999999998,54.65365453400918,NaN,NaN
1748260800,2564.2211964899907,2574.43,2539.23,2558.0625,52.427307175864556,NaN,NaN
1748271600,2561.1418482449953,2573.3,2525.86,2545.84,49.089182532493815,NaN,NaN
1748282400,2553.4909241224977,2567.95,2528,2549.0425,49.98771844709594,NaN,NaN
1748293200,2551.2667120612487,2584.65,2551.2667120612487,2567.0675,54.82090657937459,NaN,NaN
1748304000,2559.1671060306244,2573.5,2509.46,2545.5675,48.767059175002224,NaN,NaN
1748314800,2552.3673030153122,2573.04,2535.6,2553.4375,50.90428211504695,NaN,NaN
1748325600,2552.902401507656,2643.19,2552.902401507656,2603.1325,61.7538202231001,NaN,NaN
1748336400,2578.017450753828,2655,2578.017450753828,2641.2575,67.65865273194348,NaN,NaN
1748347200,2609.637475376914,2683.87,2609.637475376914,2657.7425000000003,69.82780579348967,NaN,NaN
1748358000,2633.689987688457,2712.36,2633.689987688457,2680.6775,72.58296703903098,NaN,NaN
1748368800,2657.1837438442285,2708.55,2657.1837438442285,2684.1800000000003,72.98861662434956,NaN,NaN
1748379600,2670.6818719221146,2677.5,2652.26,2664.695,67.04558908521548,NaN,NaN
1748390400,2667.6884359610576,2667.6884359610576,2618.34,2644.8475,61.548181701726605,NaN,NaN
1748401200,2656.2679679805287,2656.2679679805287,2633.4,2641.0675,60.53022185260828,NaN,NaN
1748412000,2648.6677339902644,2648.6677339902644,2623.85,2638.0925,59.693421703394,NaN,NaN
1748422800,2643.380116995132,2659.01,2608.5,2641.8475,60.43686497647571,NaN,NaN
1748433600,2642.613808497566,2689.14,2621.26,2648.9474999999998,61.868997535338444,NaN,NaN
1748444400,2645.780654248783,2664.35,2613.2,2639.6875,58.875594813453354,NaN,NaN
1748455200,2642.7340771243917,2657.8,2612.04,2639.2675,58.73678338716849,NaN,NaN
1748466000,2641.000788562196,2686.4,2631,2658.3575,63.006126309202415,NaN,NaN
1748476800,2649.679144281098,2788,2649.679144281098,2727.33,73.62441944134781,NaN,NaN
1748487600,2688.504572140549,2773.75,2688.504572140549,2742.1324999999997,75.26529420382889,NaN,NaN
1748498400,2715.3185360702746,2736.82,2711.6,2723.6075,69.44280746250917,NaN,NaN
1748509200,2719.4630180351373,2744.42,2707.1,2722.6375,69.14119531489533,NaN,NaN
1748520000,2721.0502590175684,2721.0502590175684,2621.92,2682.09,57.83341357560787,NaN,NaN
1748530800,2701.5701295087842,2701.5701295087842,2630.67,2659.155,52.59385298116851,NaN,NaN
1748541600,2680.362564754392,2680.362564754392,2628.99,2651.47,50.92886965630928,NaN,NaN
1748552400,2665.916282377196,2668.95,2619.05,2640.845,48.63638751760518,NaN,NaN
1748563200,2653.380641188598,2653.380641188598,2557.07,2615.87,43.66130922932516,NaN,NaN
1748574000,2634.625320594299,2649.23,2621.1,2635.9575000000004,48.2467521828691,NaN,NaN
1748584800,2635.29141029715,2644.82,2606.8,2628.1575000000003,46.65871483099598,NaN,NaN
1748595600,2631.724455148575,2631.724455148575,2588.16,2613.8999999999996,43.81952914162597,NaN,NaN
1748606400,2622.812227574287,2626.3,2572.56,2604.1,41.930833828847774,NaN,NaN
1748617200,2613.4561137871433,2616.8,2533.2,2573.7025,36.65358970626678,NaN,NaN
1748628000,2593.579306893572,2593.579306893572,2547.5,2565.9925000000003,35.4354073366421,NaN,NaN
1748638800,2579.785903446786,2586.08,2507.35,2550.52,33.06075844710871,NaN,NaN
1748649600,2565.152951723393,2565.152951723393,2475.33,2509.22,27.720757719394157,NaN,NaN
1748660400,2537.1864758616966,2537.1864758616966,2485.23,2503.54,27.073094301874278,NaN,NaN
1748671200,2520.3632379308483,2530.61,2512.22,2519.9049999999997,32.00244719324452,NaN,NaN
1748682000,2520.134118965424,2538.45,2508.04,2522.6475,32.82193952580728,NaN,NaN
1748692800,2521.390809482712,2547.7,2515.95,2531.4399999999996,35.50557907420199,NaN,NaN
1748703600,2526.415404741356,2550.14,2523.36,2535.85,36.86783375766712,NaN,NaN
1748714400,2531.132702370678,2543,2525.99,2534.64,36.63916167122856,NaN,NaN
1748725200,2532.8863511853388,2550.34,2524.41,2536.2525,37.19819371849209,NaN,NaN
1748736000,2534.569425592669,2534.569425592669,2492,2514.3775,32.950867098443,NaN,NaN
1748746800,2524.4734627963344,2527.28,2492.4,2511.335,32.396799034802044,NaN,NaN
1748757600,2517.904231398167,2519.19,2499,2510.6575000000003,32.26668802220877,NaN,NaN
1748768400,2514.2808656990837,2514.2808656990837,2477.77,2497.92,29.840225248512468,NaN,NaN
1748779200,2506.100432849542,2518.73,2468.56,2498.58,30.133404509559156,NaN,NaN
1748790000,2502.340216424771,2547.79,2502.340216424771,2525.1025,40.83325988382274,NaN,NaN
1748800800,2513.7213582123854,2539,2493.49,2524.295,40.62924594307107,NaN,NaN
1748811600,2519.008179106193,2547.59,2519.008179106193,2534.21,44.30857788627974,NaN,NaN
1748822400,2526.6090895530965,2541.71,2507.6,2524.26,41.527295413306824,NaN,NaN
1748833200,2525.434544776548,2525.434544776548,2483.37,2498.765,35.396290581916716,NaN,NaN
1748844000,2512.099772388274,2515.92,2485,2497.1,35.03253183819753,NaN,NaN
1748854800,2504.599886194137,2504.599886194137,2475,2486.3625,32.69874896155298,NaN,NaN
1748865600,2495.4811930970686,2540.79,2477.88,2507.75,41.113583470838456,NaN,NaN
1748876400,2501.615596548534,2556.74,2501.615596548534,2540.31,51.131176472325635,NaN,NaN
1748887200,2520.962798274267,2565.56,2520.962798274267,2544.96,52.37717254426428,NaN,NaN
1748898000,2532.9613991371334,2615,2532.9613991371334,2575.4725,59.64765300539265,NaN,NaN
1748908800,2554.2169495685666,2649.91,2554.2169495685666,2618.7925,67.28425402666383,NaN,NaN
1748919600,2586.504724784283,2619.75,2586.504724784283,2610.005,64.61301422715324,NaN,NaN
1748930400,2598.2548623921416,2620.75,2594.79,2609.395,64.42181700196305,NaN,NaN
1748941200,2603.824931196071,2620.34,2600.72,2607.5325000000003,63.80103313097497,NaN,NaN
1748952000,2605.6787155980355,2655.38,2598.02,2625.945,67.1691752586593,NaN,NaN
1748962800,2615.811857799018,2651.51,2602.56,2630.4425,67.95353881603643,NaN,NaN
1748973600,2623.127178899509,2628.57,2594.4,2614.27,62.19901013304662,NaN,NaN
1748984400,2618.6985894497548,2618.6985894497548,2575,2600.025,57.57418361700618,NaN,NaN
1748995200,2609.3617947248777,2622.77,2583.5,2602.965,58.263935708637796,NaN,NaN
1749006000,2606.163397362439,2644.77,2606.163397362439,2622.9300000000003,62.69890910314362,NaN,NaN
1749016800,2614.54669868122,2646.05,2614.54669868122,2633.2825000000003,64.78833373904497,NaN,NaN
1749027600,2623.91459934061,2650,2623.91459934061,2634.85,65.1070395555839,NaN,NaN
1749038400,2629.3822996703047,2641.7,2594.49,2625.245,61.43750097719319,NaN,NaN
1749049200,2627.3136498351523,2679.88,2627.3136498351523,2646.6475,66.03169382047776,NaN,NaN
1749060000,2636.980574917576,2642.24,2599.11,2620.5225,57.09069820883909,NaN,NaN
1749070800,2628.7515374587883,2628.7515374587883,2599.54,2609.12,53.67459720405068,NaN,NaN
1749081600,2618.935768729394,2628.64,2601.25,2614.41,55.01931661081246,NaN,NaN
1749092400,2616.672884364697,2634.46,2608.47,2619.0275,56.214082562663705,NaN,NaN
1749103200,2617.8501921823486,2618.02,2597.91,2608.615,52.80774852963913,NaN,NaN
1749114000,2613.232596091174,2613.72,2580.88,2602.0074999999997,50.707915767346115,NaN,NaN
1749124800,2607.620048045587,2640.86,2562.85,2599.8750000000005,50.01666074323311,NaN,NaN
1749135600,2603.7475240227936,2603.7475240227936,2552.91,2578.3450000000003,43.56023153655209,NaN,NaN
1749146400,2591.0462620113967,2591.0462620113967,2393.47,2486.6375,27.359576408522685,NaN,NaN
1749157200,2538.8418810056983,2538.8418810056983,2391.66,2413.435,20.73159992309442,NaN,NaN
1749168000,2476.1384405028493,2476.1384405028493,2381.49,2416.8475,21.684073876051443,NaN,NaN
1749178800,2446.4929702514246,2465.6,2428,2447.2200000000003,29.77231236211442,NaN,NaN
1749189600,2446.8564851257124,2468.55,2446.8564851257124,2459.9350000000004,32.89672292447001,NaN,NaN
1749200400,2453.3957425628564,2493.82,2453.3957425628564,2472.77,35.99239872636163,NaN,NaN
1749211200,2463.082871281428,2524.21,2463.082871281428,2496.415,41.359474475520344,NaN,NaN
1749222000,2479.748935640714,2531.36,2479.748935640714,2508.23,43.891197903825805,NaN,NaN
1749232800,2493.9894678203573,2507.06,2482.2,2497.12,42.052642529607496,NaN,NaN
1749243600,2495.5547339101786,2499.94,2472.71,2487.115,40.41097093722546,NaN,NaN
1749254400,2491.334866955089,2491.334866955089,2457,2473.92,38.28805275651993,NaN,NaN
1749265200,2482.6274334775444,2497,2477.51,2487.1225,41.59419439172443,NaN,NaN
1749276000,2484.874966738772,2502,2482.11,2490.495,42.442465841137924,NaN,NaN
1749286800,2487.684983369386,2501.4,2483.2,2491.0575,42.59222892296327,NaN,NaN
1749297600,2489.371241684693,2518.31,2489.371241684693,2505.6324999999997,46.47823716822042,NaN,NaN
1749308400,2497.5018708423463,2525.79,2497.5018708423463,2514.0375,48.63744043285535,NaN,NaN
1749319200,2505.769685421173,2525.56,2505.769685421173,2515.7349999999997,49.08419854980703,NaN,NaN
1749330000,2510.752342710586,2544.36,2510.752342710586,2527.3050000000003,52.139878403473645,NaN,NaN
1749340800,2519.028671355293,2525.92,2511.1,2518.335,49.651963828148205,NaN,NaN
1749351600,2518.6818356776466,2519.9,2508.08,2512.7675,48.11727976362132,NaN,NaN
1749362400,2515.7246678388233,2521.13,2511.01,2514.9775,48.79386310045766,NaN,NaN
1749373200,2515.3510839194114,2517.3,2490.58,2509.44,47.135229960441535,NaN,NaN
1749384000,2512.395541959706,2527.35,2500.21,2513.8775,48.641850259518236,NaN,NaN
1749394800,2513.1365209798532,2534.56,2511.68,2520.9725,51.04422163301181,NaN,NaN
1749405600,2517.0545104899265,2540.5,2517.0545104899265,2528.435,53.50759054712346,NaN,NaN
1749416400,2522.744755244963,2548.63,2500,2522.41,51.26473351321241,NaN,NaN
1749427200,2522.5773776224814,2522.5773776224814,2489.68,2500.9849999999997,44.17385618932041,NaN,NaN
1749438000,2511.7811888112406,2511.7811888112406,2477.76,2487.325,40.34245086350819,NaN,NaN
1749448800,2499.55309440562,2499.55309440562,2477.73,2487.7875000000004,40.530526525927215,NaN,NaN
1749459600,2493.67029720281,2547.17,2491.04,2518.8450000000003,51.57150587619907,NaN,NaN
1749470400,2506.257648601405,2548.9,2506.257648601405,2532.8525,55.57737319471409,NaN,NaN
1749481200,2519.5550743007025,2577,2519.5550743007025,2552.3225,60.47170773717505,NaN,NaN
1749492000,2535.9387871503513,2593.27,2535.9387871503513,2580.66,66.29266142458039,NaN,NaN
1749502800,2558.2993935751756,2693.99,2558.2993935751756,2638.2649999999994,74.5101155738914,NaN,NaN
1749513600,2598.2821967875875,2726.78,2598.2821967875875,2694.1850000000004,79.68709585189448,NaN,NaN
1749524400,2646.2335983937937,2699.27,2646.2335983937937,2681.73,75.9854055395845,NaN,NaN
1749535200,2663.9817991968966,2685.46,2655.61,2671.3450000000003,72.94282479077259,NaN,NaN
1749546000,2667.6633995984484,2798.76,2667.6633995984484,2729.715,78.22133198628228,NaN,NaN
1749556800,2698.6891997992243,2778.7,2698.6891997992243,2751.535,79.80722676223859,NaN,NaN
1749567600,2725.112099899612,2754.38,2690,2730.3125,74.15148724534569,NaN,NaN
1749578400,2727.712299949806,2806,2727.712299949806,2763.0550000000003,76.87443612403501,NaN,NaN
1749589200,2745.383649974903,2827,2734.93,2788.1075,78.72144889538922,NaN,NaN
1749600000,2766.7455749874516,2834.86,2766.7455749874516,2801.0825,79.62891959093784,NaN,NaN
1749610800,2783.914037493726,2804.03,2780.51,2789.8750000000005,76.5904745750546,NaN,NaN
1749621600,2786.8945187468635,2801.9,2765.12,2782.4875,74.5706125746894,NaN,NaN
1749632400,2784.691009373432,2784.691009373432,2754,2767.665,70.55034701817625,NaN,NaN
1749643200,2776.178004686716,2856.68,2764.1,2808.4075000000003,74.60332939380024,NaN,NaN
1749654000,2792.292752343358,2879.22,2792.292752343358,2843.675,77.49108702265205,NaN,NaN
1749664800,2817.983876171679,2833.43,2788.85,2816.6825,70.85087019848682,NaN,NaN
1749675600,2817.3331880858395,2831.21,2743.75,2790.455,65.02070758697886,NaN,NaN
1749686400,2803.8940940429197,2803.8940940429197,2752.01,2766.6075,60.172262657901115,NaN,NaN
1749697200,2785.25079702146,2785.25079702146,2746.49,2761.465,59.1480101391827,NaN,NaN
1749708000,2773.35789851073,2777.21,2732.46,2757.9399999999996,58.41400819608692,NaN,NaN
1749718800,2765.6489492553646,2765.6489492553646,2720.38,2742.4025,55.16445884628574,NaN,NaN
1749729600,2754.0257246276824,2770.32,2711.94,2744.2125000000005,55.47519392462415,NaN,NaN
1749740400,2749.1191123138415,2773.21,2713.41,2753.385,57.0979013840238,NaN,NaN
1749751200,2751.252056156921,2763.99,2616.24,2695.46,45.75676624458065,NaN,NaN
1749762000,2723.3560280784604,2723.3560280784604,2631.29,2643.3575,38.373550394930575,NaN,NaN
1749772800,2683.3567640392303,2683.3567640392303,2436.98,2550.325,29.28657042195239,NaN,NaN
1749783600,2616.840882019615,2616.840882019615,2474.4,2495.5924999999997,25.46588226291385,NaN,NaN
1749794400,2556.2166910098076,2556.2166910098076,2492,2514.6775000000002,28.946758123569964,NaN,NaN
1749805200,2535.4470955049037,2545.55,2506.84,2528.9025,31.5140753675727,NaN,NaN
1749816000,2532.174797752452,2563.24,2502.9,2537.4024999999997,33.070277473083806,NaN,NaN
1749826800,2534.788648876226,2585.2,2522,2547.1125,34.89037580329499,NaN,NaN
1749837600,2540.950574438113,2553,2510,2538.255,33.98253802213959,NaN,NaN
1749848400,2539.6027872190566,2583.24,2539.6027872190566,2562.9375,38.76411622998558,NaN,NaN
1749859200,2551.2701436095285,2579.43,2550.27,2565.9325,39.33825870420236,NaN,NaN
1749870000,2558.601321804764,2560,2547.03,2553.5350000000003,37.76003679206461,NaN,NaN
1749880800,2556.0681609023823,2556.48,2525.72,2542.545,36.36716654670316,NaN,NaN
1749891600,2549.306580451191,2549.306580451191,2518.51,2533.13,35.17025759055623,NaN,NaN
1749902400,2541.2182902255954,2546.19,2524.05,2534.5125000000003,35.50591868869006,NaN,NaN
1749913200,2537.865395112798,2537.865395112798,2489.4,2515.7875,33.01276001409332,NaN,NaN
1749924000,2526.826447556399,2526.826447556399,2488.72,2508.2349999999997,32.03566564891743,NaN,NaN
1749934800,2517.5307237781994,2540.19,2506.42,2521.685,35.686348260858566,NaN,NaN
1749945600,2519.6078618890997,2540.99,2519.6078618890997,2531.4300000000003,38.27342569170397,NaN,NaN
1749956400,2525.51893094455,2553.08,2525.51893094455,2540.28,40.60992802938073,NaN,NaN
1749967200,2532.899465472275,2553.03,2518.61,2535.8375,39.79560263274309,NaN,NaN
1749978000,2534.3684827361376,2534.3684827361376,2508.45,2517.2225,36.49342332206592,NaN,NaN
1749988800,2525.7954913680687,2554.96,2516,2533.955,41.215276940021745,NaN,NaN
1749999600,2529.8752456840343,2559.51,2529.8752456840343,2549.505,45.286654081592836,NaN,NaN
1750010400,2539.6901228420174,2554.59,2492,2525.92,40.68416815965938,NaN,NaN
1750021200,2532.8050614210088,2549.96,2497.69,2524.6475,40.44533355645154,NaN,NaN
1750032000,2528.7262807105044,2579,2514.85,2553.9425,48.011858916236534,NaN,NaN
1750042800,2541.3343903552523,2620.7,2541.3343903552523,2591.675,55.801157520898165,NaN,NaN
1750053600,2566.504695177626,2638.5,2566.504695177626,2619.8975,60.560921396990665,NaN,NaN
1750064400,2593.2010975888134,2633.8,2592.6,2618.425,60.196678120551645,NaN,NaN
1750075200,2605.8130487944068,2657.9,2604.7,2629.88,62.1060621334606,NaN,NaN
1750086000,2617.846524397203,2646.99,2617.846524397203,2637.1025,63.30142645039709,NaN,NaN
1750096800,2627.4745121986016,2680.34,2627.4745121986016,2654.0024999999996,66.00379642821721,NaN,NaN
1750107600,2640.7385060993006,2671.57,2535,2605.1325,53.69144429115943,NaN,NaN
1750118400,2622.9355030496504,2622.9355030496504,2524.54,2573.7475000000004,47.55605142359505,NaN,NaN
1750129200,2598.3415015248256,2618.6,2575.85,2595.8650000000002,51.741213434676,NaN,NaN
1750140000,2597.103250762413,2597.103250762413,2566.23,2576.565,48.131658353465745,NaN,NaN
1750150800,2586.834125381207,2586.834125381207,2541.6,2560.3875000000003,45.280217602220574,NaN,NaN
1750161600,2573.610812690604,2573.610812690604,2528.3,2545.41,42.75481204739164,NaN,NaN
1750172400,2559.510406345302,2559.510406345302,2453.8,2498.705,36.0102010836475,NaN,NaN
1750183200,2529.107703172651,2543.75,2464.47,2496.4775,35.720778882436505,NaN,NaN
1750194000,2512.7926015863254,2525.69,2492.07,2509.6000000000004,38.83939296090952,NaN,NaN
1750204800,2511.1963007931627,2536.82,2504.55,2516.5675,40.49030462478492,NaN,NaN
1750215600,2513.8819003965814,2546.91,2512.5,2527.865,43.1690240012105,NaN,NaN
1750226400,2520.873450198291,2548.42,2517.82,2534.1525,44.66196805421458,NaN,NaN
1750237200,2527.5129750991455,2540.59,2488.27,2519.0000000000005,41.811322007458585,NaN,NaN
1750248000,2523.2564875495727,2538.7,2465.78,2505.9325,39.47150433192841,NaN,NaN
1750258800,2514.5944937747863,2520.55,2467.12,2497.4425,37.98422925178139,NaN,NaN
1750269600,2506.018496887393,2537.23,2470.5,2508.295,41.042349636509655,NaN,NaN
1750280400,2507.1567484436964,2537.48,2507.1567484436964,2525.3875,45.592944111709365,NaN,NaN
1750291200,2516.272124221848,2546.91,2506.2,2523.1499999999996,45.10218576344446,NaN,NaN
1750302000,2519.711062110924,2531.23,2514.25,2520.52,44.495913673467214,NaN,NaN
1750312800,2520.1155310554623,2530.31,2516.75,2523.1875,45.29906630881015,NaN,NaN
1750323600,2521.651515527731,2544.81,2521.651515527731,2530.64,47.581206862671394,NaN,NaN
1750334400,2526.1457577638657,2536.83,2495.05,2515.1549999999997,43.518500107746874,NaN,NaN
1750345200,2520.6503788819327,2523,2485.03,2503.3225,40.661480647077504,NaN,NaN
1750356000,2511.9864394409665,2518.02,2497.32,2507.7325,42.18492683753755,NaN,NaN
1750366800,2509.8594697204835,2532,2504.62,2516.2525,45.116609990036224,NaN,NaN
1750377600,2513.0559848602416,2531.49,2513.0559848602416,2521.16,46.790289295704206,NaN,NaN
1750388400,2517.1079924301207,2523,2503.64,2515.1274999999996,44.97468519364185,NaN,NaN
1750399200,2516.11774621506,2569,2515.89,2538.5699999999997,52.661877284579816,NaN,NaN
1750410000,2527.34387310753,2557.68,2527.34387310753,2550.4625,56.01869118986321,NaN,NaN
1750420800,2538.903186553765,2559.55,2489.75,2522.2375,47.42350385583798,NaN,NaN
1750431600,2530.5703432768823,2530.5703432768823,2367.36,2446.385,32.84036534607803,NaN,NaN
1750442400,2488.4776716384413,2488.4776716384413,2393.52,2419.355,29.373950393783232,NaN,NaN
1750453200,2453.916335819221,2453.916335819221,2381.96,2410.6475,28.336307429119046,NaN,NaN
1750464000,2432.2819179096105,2432.2819179096105,2395.99,2414.365,29.481635740167988,NaN,NaN
1750474800,2423.323458954805,2430.9,2419,2424.1475,32.53711463768458,NaN,NaN
1750485600,2423.735479477403,2444.57,2419.9,2432.4649999999997,35.11149357190901,NaN,NaN
1750496400,2428.100239738701,2448.8,2428.100239738701,2440.8050000000003,37.67950174997916,NaN,NaN
1750507200,2434.4526198693507,2445.2,2412.77,2430.1,35.725127566446645,NaN,NaN
1750518000,2432.2763099346753,2432.2763099346753,2396.27,2410.8450000000003,32.46346538385464,NaN,NaN
1750528800,2421.5606549673375,2421.5606549673375,2377.92,2398.13,30.484227868364684,NaN,NaN
1750539600,2409.845327483669,2409.845327483669,2216,2330.29,22.575662636693195,NaN,NaN
1750550400,2370.0676637418346,2370.0676637418346,2246.25,2280.4875,18.733384958381322,NaN,NaN
1750561200,2325.2775818709174,2325.2775818709174,2251.3,2274.9275,18.357741506795804,NaN,NaN
1750572000,2300.102540935459,2300.102540935459,2263.97,2281.35,20.344697554308624,NaN,NaN
1750582800,2290.7262704677296,2290.7262704677296,2236.05,2265.875,19.13621464733825,NaN,NaN
1750593600,2278.300635233865,2287,2156.21,2229.3875,16.62818706020562,NaN,NaN
1750604400,2253.844067616932,2253.844067616932,2168.68,2195.5475,14.703469415290897,NaN,NaN
1750615200,2224.6957838084663,2224.6957838084663,2111.89,2172.6075,13.557800553332086,NaN,NaN
1750626000,2198.651641904233,2237.23,2173.61,2206.535,23.10117804375382,NaN,NaN
1750636800,2202.5933209521163,2260.42,2202.5933209521163,2237.3725,30.600852568979235,NaN,NaN
1750647600,2219.9829104760584,2250.7,2219.9829104760584,2241.0074999999997,31.449530866871328,NaN,NaN
1750658400,2230.495205238029,2275.67,2230.495205238029,2254.415,34.6251453335602,NaN,NaN
1750669200,2242.4551026190147,2262.2,2238.68,2254.0599999999995,34.579467985832736,NaN,NaN
1750680000,2248.257551309507,2313.53,2232.45,2268.3424999999997,38.11654402386683,NaN,NaN
1750690800,2258.3000256547534,2288.27,2188,2256.2400000000002,36.32435513874984,NaN,NaN
1750701600,2257.270012827377,2379.79,2257.270012827377,2318.6324999999997,49.50557667205716,NaN,NaN
1750712400,2287.9512564136885,2438.68,2287.9512564136885,2382.8399999999997,58.928063575574996,NaN,NaN
1750723200,2335.395628206844,2418.09,2335.395628206844,2402.7425,61.33647212522459,NaN,NaN
1750734000,2369.0690641034216,2424.44,2369.0690641034216,2406.8625,61.835379809040504,NaN,NaN
1750744800,2387.965782051711,2434.82,2376.11,2408.5475,62.05105776623068,NaN,NaN
1750755600,2398.2566410258555,2449.14,2397.72,2414.8849999999998,62.900273965109506,NaN,NaN
1750766400,2406.5708205129276,2441.19,2402.89,2421.1625000000004,63.76523681387458,NaN,NaN
1750777200,2413.866660256464,2482.04,2413.866660256464,2448.96,67.39076332781404,NaN,NaN
1750788000,2431.413330128232,2463.37,2417.22,2446.91,66.85946146587762,NaN,NaN
1750798800,2439.161665064116,2449.8,2430.7,2444.585,66.22179192888214,NaN,NaN
1750809600,2441.873332532058,2468.69,2436.62,2451.375,67.20549796715832,NaN,NaN
1750820400,2446.624166266029,2460.3,2424.21,2441.4075000000003,64.24757653292531,NaN,NaN
1750831200,2444.015833133015,2450.66,2424.64,2436.0425,62.649248694976215,NaN,NaN
1750842000,2440.0291665665072,2448.47,2407.63,2431.1349999999998,61.150649642314406,NaN,NaN
1750852800,2435.5820832832533,2446.59,2389.69,2424.34,59.04462339452781,NaN,NaN
1750863600,2429.9610416416267,2432.7,2397.05,2421.175,58.04191789808041,NaN,NaN
1750874400,2425.568020820813,2441.8,2411.73,2428.6375,59.776397956848946,NaN,NaN
1750885200,2427.1027604104065,2454.98,2408.02,2429.92,60.08180726308568,NaN,NaN
1750896000,2428.5113802052033,2502,2416.99,2457.6975,66.08771699931695,NaN,NaN
1750906800,2443.104440102602,2520.92,2443.104440102602,2489.2375,71.35728822513266,NaN,NaN
1750917600,2466.170970051301,2500.56,2466.170970051301,2484.125,69.47281714654669,NaN,NaN
1750928400,2475.1479850256505,2489.01,2440,2466.545,63.283900787095696,NaN,NaN
1750939200,2470.8464925128255,2470.8464925128255,2420,2444.08,56.372880531357126,NaN,NaN
1750950000,2457.4632462564127,2457.4632462564127,2409.51,2431.425,52.870201818394044,NaN,NaN
1750960800,2444.4441231282062,2457.32,2418.2,2435.375,53.834404092500165,NaN,NaN
1750971600,2439.909561564103,2445.51,2394.32,2425.2650000000003,50.96067085376597,NaN,NaN
1750982400,2432.5872807820515,2440.11,2382.53,2419.105,49.236087016321655,NaN,NaN
1750993200,2425.846140391026,2453.12,2425.846140391026,2440.955,55.047223891471646,NaN,NaN
1751004000,2433.400570195513,2463.54,2433.400570195513,2446.85,56.49422858265596,NaN,NaN
1751014800,2440.125285097756,2463.3,2440.125285097756,2450.46,57.39859702526971,NaN,NaN
1751025600,2445.292642548878,2456.92,2414.15,2435.3925,52.49375682663646,NaN,NaN
1751036400,2440.3425712744393,2449.44,2395.75,2418.3275000000003,47.53898906512691,NaN,NaN
1751047200,2429.33503563722,2429.33503563722,2388.29,2411.725,45.7401192228152,NaN,NaN
1751058000,2420.53001781861,2429.47,2415.01,2423.4625,49.40538894537211,NaN,NaN
1751068800,2421.9962589093047,2423.91,2405.81,2417.9425,47.77105757841445,NaN,NaN
1751079600,2419.9693794546524,2428.75,2416.84,2421.67,48.997978138503626,NaN,NaN
1751090400,2420.8196897273265,2433.86,2419.87,2425.1049999999996,50.15990252798426,NaN,NaN
1751101200,2422.962344863663,2430.26,2419.65,2425.455,50.284185325852164,NaN,NaN
1751112000,2424.2086724318315,2429.38,2420,2425.5925,50.33658011513338,NaN,NaN
1751122800,2424.9005862159156,2447.8,2423.2,2435.16,53.97154633040496,NaN,NaN
1751133600,2430.0302931079577,2444.69,2427.44,2436.4525000000003,54.45650737363365,NaN,NaN
1751144400,2433.241396553979,2442.21,2429.27,2434.1800000000003,53.3913605424661,NaN,NaN
1751155200,2433.7106982769897,2442.77,2424.65,2433.7025,53.1560903574023,NaN,NaN
1751166000,2433.7065991384948,2434.8,2426.64,2431.7475,52.142995862965705,NaN,NaN
1751176800,2432.7270495692474,2447.59,2432.62,2439.4300000000003,55.71486384720565,NaN,NaN
1751187600,2436.078524784624,2463.88,2436.078524784624,2452.245,60.95046423330661,NaN,NaN
1751198400,2444.161762392312,2463.48,2435.78,2450.42,59.86501247665864,NaN,NaN
1751209200,2447.290881196156,2447.290881196156,2429.58,2438.325,53.11398215444615,NaN,NaN
1751220000,2442.807940598078,2442.807940598078,2432.3,2436.5725,52.195507984529016,NaN,NaN
1751230800,2439.690220299039,2525,2412,2467.35,63.97695227676919,NaN,NaN
1751241600,2453.5201101495195,2524.3,2453.5201101495195,2506.235,73.02296959022875,NaN,NaN
1751252400,2479.8775550747596,2505.31,2479.8775550747596,2500.3424999999997,70.14824691612381,NaN,NaN
1751263200,2490.1100275373797,2503.91,2456.37,2482.9874999999997,62.36139371990003,NaN,NaN
1751274000,2486.5487637686897,2486.5487637686897,2446.68,2462.7000000000003,54.71525472222849,NaN,NaN
1751284800,2474.624381884345,2474.66,2431,2450.695,50.749918306202154,NaN,NaN
1751295600,2462.6596909421723,2498.98,2436.01,2465.3075,55.02271197652636,NaN,NaN
1751306400,2463.983595471086,2522.17,2463.983595471086,2498.08,62.814666045817035,NaN,NaN
1751317200,2481.031797735543,2504.48,2481.031797735543,2493.8625,61.34187754170982,NaN,NaN
1751328000,2487.447148867772,2500.8,2477.44,2486.8125,58.8575973906802,NaN,NaN
1751338800,2487.129824433886,2488,2451.25,2471.085,53.6387191602203,NaN,NaN
1751349600,2479.107412216943,2479.107412216943,2445.45,2457.255,49.48360345848309,NaN,NaN
1751360400,2468.1812061084715,2468.1812061084715,2440,2451.6349999999998,47.86109788182513,NaN,NaN
1751371200,2459.9081030542357,2459.9081030542357,2406.7,2433.06,42.85908335372105,NaN,NaN
1751382000,2446.484051527118,2446.484051527118,2416,2425.55,40.993670782928206,NaN,NaN
1751392800,2436.017025763559,2436.017025763559,2393.95,2418.6475,39.30057291100184,NaN,NaN
1751403600,2427.3322628817796,2427.3322628817796,2386.52,2406.2400000000002,36.391046203793664,NaN,NaN
1751414400,2416.78613144089,2418.87,2373,2403.745,35.81682203848763,NaN,NaN
1751425200,2410.265565720445,2447.17,2410.265565720445,2431.515,46.02542213470008,NaN,NaN
1751436000,2420.890282860222,2455.88,2420.890282860222,2446.9075000000003,50.70558195903332,NaN,NaN
1751446800,2433.8988914301112,2459.99,2433.8988914301112,2449.1375,51.3635632778097,NaN,NaN
1751457600,2441.5181957150553,2472.56,2431.56,2454.8675,53.0960106264396,NaN,NaN
1751468400,2448.1928478575273,2589.28,2448.1928478575273,2523.7,67.89179345390508,NaN,NaN
1751479200,2485.9464239287636,2607.71,2485.9464239287636,2582.1,75.07562871343147,NaN,NaN
1751490000,2534.0232119643815,2619.28,2534.0232119643815,2587.2225,75.59149285208142,NaN,NaN
1751500800,2560.6228559821907,2587.54,2556.12,2570.3599999999997,70.4242592854777,NaN,NaN
1751511600,2565.4914279910954,2601.67,2559.34,2579.5,71.55910631643599,NaN,NaN
1751522400,2572.4957139955477,2607.95,2572.4957139955477,2592.8599999999997,73.17912345286264,NaN,NaN
1751533200,2582.6778569977737,2616.96,2581.58,2596.125,73.57526322759364,NaN,NaN
1751544000,2589.401428498887,2635.5,2565.46,2598.4275,73.86838152446003,NaN,NaN
1751554800,2593.9144642494434,2598,2565.31,2583.9725,68.71505901059342,NaN,NaN
1751565600,2588.9434821247214,2599.2,2574.29,2587.5225,69.28184461697559,NaN,NaN
1751576400,2588.2329910623607,2603.6,2585.72,2594.9424999999997,70.48543869059262,NaN,NaN
1751587200,2591.58774553118,2603.17,2571.56,2585.2925,66.81861147762616,NaN,NaN
1751598000,2588.44012276559,2588.44012276559,2564,2573.295,62.46756479137335,NaN,NaN
1751608800,2580.867561382795,2580.867561382795,2527.37,2553.35,55.945441993144605,NaN,NaN
1751619600,2567.1087806913974,2567.1087806913974,2545.15,2550.005,54.909984017491276,NaN,NaN
1751630400,2558.556890345699,2558.556890345699,2498.36,2530.0925,49.08576518998861,NaN,NaN
1751641200,2544.3246951728497,2544.3246951728497,2474.56,2501.6074999999996,42.19152093018834,NaN,NaN
1751652000,2522.9660975864244,2522.9660975864244,2474.24,2489.4125,39.62552260882156,NaN,NaN
1751662800,2506.1892987932124,2520.85,2487.16,2501.585,43.33032117527777,NaN,NaN
1751673600,2503.887149396606,2519.05,2498.63,2511.1275,46.12153738869513,NaN,NaN
1751684400,2507.507324698303,2525.6,2507.507324698303,2519.15,48.421616101869716,NaN,NaN
1751695200,2513.3286623491513,2529.81,2509.84,2518.83,48.3329829814923,NaN,NaN
1751706000,2516.0793311745756,2526.45,2508.83,2517.3725,47.90289060142202,NaN,NaN
1751716800,2516.725915587288,2521.98,2510.72,2517.3149999999996,47.88478722109776,NaN,NaN
1751727600,2517.020457793644,2518.74,2491.54,2508.085,44.948289528555044,NaN,NaN
1751738400,2512.552728896822,2512.552728896822,2487.95,2501.5875,42.951467411527545,NaN,NaN
1751749200,2507.070114448411,2522.52,2506.08,2512.8075,47.304861758457754,NaN,NaN
1751760000,2509.9388072242054,2520.84,2509.9388072242054,2515.75,48.41659811691282,NaN,NaN
1751770800,2512.8444036121027,2518,2508.66,2512.675,47.29368097809276,NaN,NaN
1751781600,2512.7597018060515,2526.66,2509.18,2514.9325,48.24273745957025,NaN,NaN
1751792400,2513.8461009030257,2517.85,2503.5,2512.6749999999997,47.32502856446138,NaN,NaN
1751803200,2513.2605504515127,2570,2511.94,2539.37,57.59705004538737,NaN,NaN
1751814000,2526.3152752257565,2561.62,2526.3152752257565,2552.7774999999997,61.64281713226696,NaN,NaN
1751824800,2539.546387612878,2551.25,2523.33,2541.865,56.88544524556312,NaN,NaN
1751835600,2540.705693806439,2605,2540.705693806439,2566.52,63.70157485770079,NaN,NaN
1751846400,2553.612846903219,2584,2550.46,2570.2875000000004,64.62198280687272,NaN,NaN
1751857200,2561.9501734516098,2590.57,2561.9501734516098,2575.69,65.95510741186087,NaN,NaN
1751868000,2568.8200867258047,2588.42,2560,2575.76,65.97299899937798,NaN,NaN
1751878800,2572.2900433629025,2585.4,2552.57,2571.5225,63.78760590806927,NaN,NaN
1751889600,2571.9062716814515,2571.9062716814515,2529.67,2548.3575,53.378027577428114,NaN,NaN
1751900400,2560.1318858407258,2560.1318858407258,2512,2531.2,47.230183373284575,NaN,NaN
1751911200,2545.665942920363,2557.49,2520.53,2536.335,49.11898866276739,NaN,NaN
1751922000,2541.0004714601814,2545.45,2523.33,2536.31,49.1097724228674,NaN,NaN
1751932800,2538.6552357300907,2554.56,2523.59,2537.1150000000002,49.43874730134054,NaN,NaN
1751943600,2537.8851178650457,2552.17,2527.4,2539.93,50.64036815339501,NaN,NaN
1751954400,2538.907558932523,2563.8,2538.907558932523,2552.0350000000003,55.53417742534812,NaN,NaN
1751965200,2545.471279466262,2585.38,2543.33,2562.5125,59.29593234971903,NaN,NaN
1751976000,2553.991889733131,2600.62,2553.991889733131,2574.4075,63.11140019975997,NaN,NaN
1751986800,2564.1996948665656,2628.21,2558.71,2591.8925,67.87790201919952,NaN,NaN
1751997600,2578.0460974332827,2625.89,2578.0460974332827,2609.84,71.89258702316104,NaN,NaN
1752008400,2593.9430487166414,2617.7,2593.9430487166414,2607.055,70.42176408504406,NaN,NaN
1752019200,2600.4990243583206,2626.72,2599.74,2611.1299999999997,71.34551727744827,NaN,NaN
1752030000,2605.8145121791604,2647,2589.78,2616.9525000000003,72.6594048801388,NaN,NaN
1752040800,2611.3835060895804,2634.5,2610.85,2621.3374999999996,73.63970856095928,NaN,NaN
1752051600,2616.3605030447898,2630.31,2604.37,2618.2275,71.67677059770159,NaN,NaN
1752062400,2617.294001522395,2674.81,2617.294001522395,2641.855,76.74784314311091,NaN,NaN
1752073200,2629.5745007611977,2668.89,2629.5745007611977,2653.6125,78.78353473645184,NaN,NaN
1752084000,2641.593500380599,2795.74,2641.593500380599,2714.355,85.73291790133783,NaN,NaN
1752094800,2677.9742501902992,2783.16,2677.9742501902992,2756.34,88.52957342115438,NaN,NaN
1752105600,2717.1571250951497,2798,2717.1571250951497,2776.4175,89.58133224451248,NaN,NaN
1752116400,2746.787312547575,2790.73,2746.787312547575,2780.37,89.7800031557655,NaN,NaN
1752127200,2763.5786562737876,2823.18,2763.5786562737876,2793.37,90.4266151690232,NaN,NaN
1752138000,2778.4743281368937,2790,2772,2782.2975,85.46667070268448,NaN,NaN
1752148800,2780.385914068447,2795,2758.78,2777.2450000000003,83.22345217882071,NaN,NaN
1752159600,2778.815457034224,2834.96,2759.27,2800.2775,85.13841117251812,NaN,NaN
1752170400,2789.546478517112,2840.69,2789.546478517112,2821.3525,86.64100578715401,NaN,NaN
1752181200,2805.4494892585562,3000,2805.4494892585562,2896.7524999999996,90.3861117002697,NaN,NaN
1752192000,2851.100994629278,2968.88,2851.100994629278,2949.7675,92.06955982771755,NaN,NaN
1752202800,2900.434247314639,3029.55,2900.434247314639,2986.3975,92.9837351204801,NaN,NaN
1752213600,2943.4158736573195,3026.75,2943.4158736573195,2999.6175,93.2846078227791,NaN,NaN
1752224400,2971.5166868286597,3040.15,2968.6,2999.0175,93.08949672547273,NaN,NaN
1752235200,2985.26709341433,3009.64,2970.11,2988.1225,89.431663034658,NaN,NaN
1752246000,2986.6947967071646,2999.57,2936.46,2979.5175,86.53935044550536,NaN,NaN
1752256800,2983.1061483535823,3010.39,2973.61,2988.0275,86.98755493158154,NaN,NaN
1752267600,2985.566824176791,2996.5,2923.32,2963.21,78.75213632787569,NaN,NaN
1752278400,2974.388412088396,2974.388412088396,2932,2954.4249999999997,76.00891098523363,NaN,NaN
1752289200,2964.4067060441976,2968.73,2937.7,2953.97,75.86151862040631,NaN,NaN
1752300000,2959.1883530220985,2977.94,2945.1,2960.645,76.57904782251254,NaN,NaN
1752310800,2959.9166765110494,2979.78,2959.9166765110494,2967.7799999999997,77.35395449978247,NaN,NaN
1752321600,2963.8483382555246,2967.59,2917.42,2944.175,69.19702027914347,NaN,NaN
1752332400,2954.0116691277626,2954.0116691277626,2903.85,2929.1800000000003,64.54107584578738,NaN,NaN
1752343200,2941.5958345638815,2945.83,2917.02,2930.2850000000003,64.72941195180115,NaN,NaN
1752354000,2935.940417281941,2948,2915,2930.8250000000003,64.827728046625,NaN,NaN
1752364800,2933.3827086409706,2960.7,2933.3827086409706,2948.6225,67.9942987640106,NaN,NaN
1752375600,2941.0026043204853,2963.4,2941.0026043204853,2954.1724999999997,68.93358629075546,NaN,NaN
1752386400,2947.5875521602425,2967.97,2947.5875521602425,2956.0374999999995,69.26005743127246,NaN,NaN
1752397200,2951.8125260801207,2965.66,2944.49,2957.6549999999997,69.5588466444032,NaN,NaN
1752408000,2954.7337630400602,3020.31,2954.7337630400602,2982.9125,73.8355085350305,NaN,NaN
1752418800,2968.82313152003,3005.28,2962.65,2986.9025,74.44626135343024,NaN,NaN
1752429600,2977.862815760015,3010.65,2977.862815760015,2993.6274999999996,75.48496068469028,NaN,NaN
1752440400,2985.7451578800074,2991.91,2940.24,2974.02,66.94129699972285,NaN,NaN
1752451200,2979.8825789400034,3016.29,2962.81,2987.93,69.57241756166832,NaN,NaN
1752462000,2983.906289470002,3065.57,2983.906289470002,3025.85,75.33548175314405,NaN,NaN
1752472800,3004.878144735001,3051.26,3004.878144735001,3037.8125,76.82660641341869,NaN,NaN
1752483600,3021.3453223675006,3083,3021.3453223675006,3051.0225,78.38093813370918,NaN,NaN
1752494400,3036.1839111837503,3068.33,3019.51,3042.2599999999998,74.79709730288026,NaN,NaN
1752505200,3039.221955591875,3039.221955591875,2993.2,3016.1450000000004,65.22515526625975,NaN,NaN
1752516000,3027.6834777959375,3027.6834777959375,2980.97,3001.6949999999997,60.60371777566472,NaN,NaN
1752526800,3014.6892388979686,3018.88,3000.08,3009.1375,62.09346217482621,NaN,NaN
1752537600,3011.913369448984,3023.2,2954.24,2991.3125,56.57548168971728,NaN,NaN
1752548400,3001.6129347244923,3001.6129347244923,2932.46,2963.955,49.32985904860826,NaN,NaN
1752559200,2982.783967362246,2995.89,2958.84,2975.8025,52.18573865622329,NaN,NaN
1752570000,2979.2932336811227,2989.25,2961.74,2976.5225,52.361464907195,NaN,NaN
1752580800,2977.9078668405614,3067.43,2967,2998.37,57.469287303129505,NaN,NaN
1752591600,2988.1389334202804,3097.32,2968,3034.8875,64.34983363868386,NaN,NaN
1752602400,3011.51321671014,3096.96,3011.51321671014,3065.9449999999997,68.9505394363057,NaN,NaN
1752613200,3038.72910835507,3144.14,3038.72910835507,3090.8175,72.06026982763055,NaN,NaN
1752624000,3064.773304177535,3152.53,3064.773304177535,3128.1725,75.9552320778929,NaN,NaN
1752634800,3096.4729020887676,3151.93,3096.4729020887676,3127.75,75.8264769367207,NaN,NaN
1752645600,3112.111451044384,3175,3112.111451044384,3153.5125,78.24781659666505,NaN,NaN
1752656400,3132.811975522192,3171.72,3132.811975522192,3157.6299999999997,78.61647601265558,NaN,NaN
1752667200,3145.220987761096,3265.44,3145.220987761096,3203.7625,82.24688189794281,NaN,NaN
1752678000,3174.491743880548,3322.51,3174.491743880548,3274.6725,86.14158702128461,NaN,NaN
1752688800,3224.582121940274,3425,3224.582121940274,3359.1125,89.18440393360925,NaN,NaN
1752699600,3291.847310970137,3399.39,3291.847310970137,3373.76,89.61054657010641,NaN,NaN
1752710400,3332.8036554850687,3398.18,3310.77,3357.2124999999996,85.51150208958022,NaN,NaN
1752721200,3345.008077742534,3377.28,3314.05,3353.4925,84.57488910277603,NaN,NaN
1752732000,3349.250288871267,3468,3349.250288871267,3413.615,87.04469133678674,NaN,NaN
1752742800,3381.4326444356334,3480.19,3381.4326444356334,3448.04,88.20884871977682,NaN,NaN
1752753600,3414.7363222178165,3439.64,3361.2,3415.16,80.74564048556168,NaN,NaN
1752764400,3414.948161108908,3432.76,3364.43,3411.9375,80.0309513413846,NaN,NaN
1752775200,3413.4428305544543,3455.54,3372.51,3418.2125,80.39484449155337,NaN,NaN
1752786000,3415.8276652772274,3523.44,3415.8276652772274,3459.6125,82.6422490275739,NaN,NaN
1752796800,3437.720082638614,3626.57,3437.720082638614,3541.0600000000004,86.03413285101497,NaN,NaN
1752807600,3489.390041319307,3673.84,3489.390041319307,3630.4625,88.65482154559731,NaN,NaN
1752818400,3559.9262706596537,3669.91,3559.9262706596537,3631.5275,88.68206732667292,NaN,NaN
1752829200,3595.726885329827,3624.13,3588.01,3606.5675,83.6139536538727,NaN,NaN
1752840000,3601.1471926649137,3671.5,3554.48,3605.3599999999997,83.36574015838791,NaN,NaN
1752850800,3603.2535963324567,3624.8,3530,3585.0575,79.1132536890056,NaN,NaN
1752861600,3594.155548166228,3606.89,3477.58,3550.4925000000003,72.34700989304932,NaN,NaN
1752872400,3572.324024083114,3576.76,3506.83,3536.9525,69.82763657695827,NaN,NaN
1752883200,3554.638262041557,3576.61,3506.79,3549.955,70.8764753976287,NaN,NaN
1752894000,3552.2966310207785,3608.3,3552.2966310207785,3582.6299999999997,73.38067993823226,NaN,NaN
1752904800,3567.4633155103893,3590.12,3546.61,3569.3450000000003,70.71819193396459,NaN,NaN
1752915600,3568.404157755195,3577.87,3538.07,3555.7599999999998,68.00109819304123,NaN,NaN
1752926400,3562.0820788775973,3572.31,3526.44,3545.7675,65.99261586570424,NaN,NaN
1752937200,3553.9247894387986,3569.99,3530.1,3543.6675,65.5544043511191,NaN,NaN
1752948000,3548.7961447193993,3593,3540.03,3559.9175,67.36053919501612,NaN,NaN
1752958800,3554.3568223596994,3598.31,3539,3573.2375,68.80446364960025,NaN,NaN
1752969600,3563.79716117985,3626,3563.79716117985,3603.3575,71.83832295024729,NaN,NaN
1752980400,3583.5773305899247,3694.99,3583.5773305899247,3641.675,75.14938286335897,NaN,NaN
1752991200,3612.6261652949624,3717.99,3612.6261652949624,3678.9825,77.87673610317462,NaN,NaN
1753002000,3645.8043326474813,3766.45,3645.8043326474813,3732.3975,81.07864022927149,NaN,NaN
1753012800,3689.1009163237404,3768,3689.1009163237404,3754.1749999999997,82.20917686192516,NaN,NaN
1753023600,3721.6379581618703,3824.56,3721.6379581618703,3765.2975,82.77523959113051,NaN,NaN
1753034400,3743.467729080935,3773.53,3716.54,3742.2775,77.29372770999007,NaN,NaN
1753045200,3742.8726145404676,3772.97,3681.6,3737.8625,76.25079956588407,NaN,NaN
1753056000,3740.367557270234,3756.87,3701.01,3739.47,76.37578874308039,NaN,NaN
1753066800,3739.9187786351167,3784.32,3739.9187786351167,3763.4325000000003,78.21623127661657,NaN,NaN
1753077600,3751.6756393175583,3812.49,3751.6756393175583,3783.835,79.66857279795727,NaN,NaN
1753088400,3767.755319658779,3837,3755.32,3794.6400000000003,80.413342719068,NaN,NaN
1753099200,3781.1976598293895,3860,3775.39,3821.275,82.1492384122906,NaN,NaN
1753110000,3801.2363299146946,3851.56,3738,3800.1225,76.36122072180785,NaN,NaN
1753120800,3800.679414957347,3800.679414957347,3719,3761.1875,67.00318092162695,NaN,NaN
1753131600,3780.9334574786735,3780.9334574786735,3744.3,3760.4900000000002,66.84513962776326,NaN,NaN
1753142400,3770.7117287393366,3798.65,3696.18,3748.5325,64.0557195004489,NaN,NaN
1753153200,3759.6221143696685,3759.6221143696685,3646,3704.245,54.915357974138914,NaN,NaN
1753164000,3731.933557184834,3731.933557184834,3620.65,3669.245,48.96842360442868,NaN,NaN
1753174800,3700.589278592417,3719.99,3616.54,3672.955,49.591574194343835,NaN,NaN
1753185600,3686.7721392962085,3710.88,3625.42,3686.9825,51.97924296840586,NaN,NaN
1753196400,3686.8773196481043,3748.9,3676.58,3707.7924999999996,55.357523493100764,NaN,NaN
1753207200,3697.334909824052,3723.84,3655.19,3696.2825,53.13112132725904,NaN,NaN
1753218000,3696.808704912026,3751,3695.03,3724.7425000000003,57.66500837565554,NaN,NaN
1753228800,3710.775602456013,3764.2,3710.775602456013,3742.105,60.19481774304617,NaN,NaN
1753239600,3726.4403012280063,3758.88,3702.13,3730.0225,57.61463559559366,NaN,NaN
1753250400,3728.231400614003,3728.231400614003,3663.91,3696.2375,51.02816152381203,NaN,NaN
1753261200,3712.2344503070017,3712.2344503070017,3639.96,3675.47,47.43817268721297,NaN,NaN
1753272000,3693.8522251535005,3693.8522251535005,3573.47,3635.645,41.42018300720638,NaN,NaN
1753282800,3664.74861257675,3664.74861257675,3552,3600.3575,36.94758988750644,NaN,NaN
1753293600,3632.553056288375,3632.553056288375,3543.01,3577.7525,34.386067296967354,NaN,NaN
1753304400,3605.1527781441873,3634.93,3527,3589.5550000000003,36.84787554277758,NaN,NaN
1753315200,3597.353889072094,3652.34,3597.353889072094,3635.7475000000004,45.471054414614365,NaN,NaN
1753326000,3616.550694536047,3665.31,3556.32,3606.9375,41.65106616659352,NaN,NaN
1753336800,3611.7440972680233,3644.77,3502.85,3584.3575,38.893242371361545,NaN,NaN
1753347600,3598.0507986340117,3660.36,3591.27,3635.0575,47.32659885574364,NaN,NaN
1753358400,3616.554149317006,3737.5,3612.96,3685.005,54.05402812437786,NaN,NaN
1753369200,3650.779574658503,3771,3650.779574658503,3724.2225,58.53237541568484,NaN,NaN
1753380000,3687.5010373292516,3754.17,3687.5010373292516,3731.5325000000003,59.32814343156235,NaN,NaN
1753390800,3709.516768664626,3742.92,3695.32,3720.155,57.47928841860808,NaN,NaN
1753401600,3714.835884332313,3714.835884332313,3615.97,3661.7749999999996,49.03521317432961,NaN,NaN
1753412400,3688.3054421661564,3688.3054421661564,3573.76,3618.675,43.906933717844154,NaN,NaN
1753423200,3653.4902210830783,3678,3599.44,3643.9175,47.37805876194646,NaN,NaN
1753434000,3648.703860541539,3747,3648.703860541539,3695.8,53.717501545549226,NaN,NaN
1753444800,3672.2519302707697,3735,3620.93,3676.6324999999997,51.26054918100749,NaN,NaN
1753455600,3674.4422151353847,3674.4422151353847,3601.56,3630.0325,45.7784471245589,NaN,NaN
1753466400,3652.237357567692,3697.4,3635.53,3663.63,49.93562307646702,NaN,NaN
1753477200,3657.933678783846,3730,3657.933678783846,3706.3050000000003,54.68780250602482,NaN,NaN
1753488000,3682.119339391923,3767.13,3682.119339391923,3733.1075,57.42144307498262,NaN,NaN
1753498800,3707.6134196959615,3756.62,3707.6134196959615,3743.88,58.504990772050725,NaN,NaN
1753509600,3725.746709847981,3779,3725.746709847981,3755.32,59.67850386283916,NaN,NaN
1753520400,3740.5333549239904,3782.83,3730.25,3753.7925,59.436797905199,NaN,NaN
1753531200,3747.1629274619954,3754.2,3724.57,3736.5274999999997,56.64428263557039,NaN,NaN
1753542000,3741.845213730998,3741.99,3715.58,3727.3174999999997,55.15558206333057,NaN,NaN
1753552800,3734.5813568654985,3756.06,3709.39,3733.635,56.009624106712664,NaN,NaN
1753563600,3734.1081784327494,3793,3734.1081784327494,3754.0725,58.74675861670249,NaN,NaN
1753574400,3744.0903392163746,3787.8,3731,3761.1575,59.683285753016776,NaN,NaN
1753585200,3752.623919608187,3811,3752.623919608187,3788.8325,63.19782377984947,NaN,NaN
1753596000,3770.7282098040932,3791.29,3763,3779.045,61.16701409567176,NaN,NaN
1753606800,3774.8866049020467,3842.95,3751,3795.0425,63.24593292532331,NaN,NaN
1753617600,3784.9645524510233,3836.54,3784.9645524510233,3813.1800000000003,65.50096968593523,NaN,NaN
1753628400,3799.072276225512,3850.47,3793.48,3822.91,66.68196375573845,NaN,NaN
1753639200,3810.991138112756,3868.08,3810.991138112756,3837.145,68.38700834131502,NaN,NaN
1753650000,3824.0680690563777,3879.82,3816.01,3847.585,69.61513012582951,NaN,NaN
1753660800,3835.826534528189,3907.4,3835.826534528189,3877.0975,72.82862518432492,NaN,NaN
1753671600,3856.4620172640944,3941,3856.4620172640944,3906.175,75.5700627227419,NaN,NaN
1753682400,3881.3185086320473,3933.96,3875.94,3907.9025,75.72675237018484,NaN,NaN
1753693200,3894.6105043160237,3897.26,3860.01,3882.2425000000003,68.68025741944363,NaN,NaN
1753704000,3888.426502158012,3889.99,3773.33,3832.04,57.42233963384315,NaN,NaN
1753714800,3860.233251079006,3860.233251079006,3778.79,3793.1499999999996,50.5145384509002,NaN,NaN
1753725600,3826.6916255395026,3826.6916255395026,3754,3783.3325000000004,48.914807509485335,NaN,NaN
1753736400,3805.0120627697515,3805.0120627697515,3766.01,3789.1525,49.92717778127965,NaN,NaN
1753747200,3797.082281384876,3821.48,3731.21,3777.705,47.91579201922786,NaN,NaN
1753758000,3787.3936406924377,3807.98,3758.77,3783.2850000000003,48.99445062770812,NaN,NaN
1753768800,3785.339320346219,3886.44,3785.339320346219,3842.0225,58.692290447079095,NaN,NaN
1753779600,3813.6809101731096,3879.94,3813.6809101731096,3849.7975,59.7823345189841,NaN,NaN