time,open,high,low,close,RSI,Regular Bullish Label,Regular Bearish Label
1502928000,305.03999999999996,312,298,305.02,NaN,NaN,NaN
1502971200,305.03,312.18,298.21,305.335,NaN,NaN,NaN
1503014400,305.1825,311.79,295.19,304.19,NaN,NaN,NaN
1503057600,304.68625,310.29,283.94,298.9925,NaN,NaN,NaN
1503100800,301.839375,301.839375,278,288.60999999999996,NaN,NaN,NaN
1503144000,295.22468749999996,295.22468749999996,279.56,286.71500000000003,NaN,NaN,NaN
1503187200,290.96984375,296.89,282.85,291.4125,NaN,NaN,NaN
1503230400,291.191171875,300.53,291.191171875,296.72749999999996,NaN,NaN,NaN
1503273600,293.9593359375,333.66,293.9593359375,314.72249999999997,NaN,NaN,NaN
1503316800,304.34091796875,346.52,304.34091796875,329.315,NaN,NaN,NaN
1503360000,316.82795898437496,330.41,144.21,276.485,NaN,NaN,NaN
1503403200,296.6564794921875,320.76,296.6564794921875,310.8,NaN,NaN,NaN
1503446400,303.7282397460938,324.99,303.7282397460938,316.46250000000003,NaN,NaN,NaN
1503489600,310.09536987304693,322.34,310.09536987304693,317.3325,NaN,NaN,NaN
1503532800,313.71393493652346,323.61,313.71393493652346,319.2425,54.52592722239019,NaN,NaN
1503576000,316.47821746826173,328.04,316.47821746826173,322.9675,55.6580343407364,NaN,NaN
1503619200,319.72285873413085,335.41,319.72285873413085,328.3775,57.31993261348942,NaN,NaN
1503662400,324.0501793670654,338.28,324.0501793670654,330.41999999999996,57.960546052149745,NaN,NaN
1503705600,327.2350896835327,332.27,323.41,327.7025,56.740279822040165,NaN,NaN
1503748800,327.46879484176634,335.44,324.06,329.635,57.42670627029897,NaN,NaN
1503792000,328.55189742088317,338.42,328.55189742088317,333.8175,58.94507312967754,NaN,NaN
1503835200,331.1846987104416,348.13,331.1846987104416,340.5175,61.32463717384945,NaN,NaN
1503878400,335.85109935522075,351,331.95,343.24,62.281316545897326,NaN,NaN
1503921600,339.5455496776104,348.5,339.34,343.935,62.53608565273007,NaN,NaN
1503964800,341.7402748388052,367.13,341.7402748388052,353.97,66.09688200013154,NaN,NaN
1504008000,347.8551374194026,377.6,347.8551374194026,366.45,69.92528303284385,NaN,NaN
1504051200,357.1525687097013,393.71,357.1525687097013,376.59000000000003,72.62965320182653,NaN,NaN
1504094400,366.8712843548507,389.8,366.8712843548507,379.8075,73.44560824292824,NaN,NaN
1504137600,373.33939217742534,387.42,373.33939217742534,384.315,74.58853272367087,NaN,NaN
1504180800,378.82719608871264,389.36,378.82719608871264,385.775,74.964405515057,NaN,NaN
1504224000,382.3010980443563,394.39,382.3010980443563,388,75.55775968606414,NaN,NaN
1504267200,385.15054902217815,394.02,385.15054902217815,389.48,75.96579914303489,NaN,NaN
1504310400,387.3152745110891,394.32,347,371.695,62.46972174529113,NaN,NaN
1504353600,379.5051372555446,379.5051372555446,320.08,345.4375,48.71044182316784,NaN,NaN
1504396800,362.4713186277723,367.28,334.75,345.4275,48.70604194873602,NaN,NaN
1504440000,353.9494093138861,353.9494093138861,320.08,336.94,44.991437666206714,NaN,NaN
1504483200,345.44470465694303,345.44470465694303,270,311.5625,36.12103007563846,NaN,NaN
1504526400,328.5036023284715,328.5036023284715,267.94,288.64,30.308379124145517,NaN,NaN
1504569600,308.57180116423575,308.57180116423575,235.55,279.495,28.34840997928478,NaN,NaN
1504612800,294.0334005821179,321.52,285.94,303.835,39.55271383868187,NaN,NaN
1504656000,298.9342002910589,335.02,298.9342002910589,323.85499999999996,46.90676157534182,NaN,NaN
1504699200,311.39460014552947,336.34,311.39460014552947,331.02,49.28482990127795,NaN,NaN
1504742400,321.2073000727647,335.01,320.17,330.03000000000003,48.95852983369391,NaN,NaN
1504785600,325.6186500363824,342.5,325.6186500363824,333.68,50.26590571370552,NaN,NaN
1504828800,329.64932501819123,335.1,324.72,331.46000000000004,49.43649477870329,NaN,NaN
1504872000,330.55466250909564,331.57,272,309.5225,42.05227545049915,NaN,NaN
1504915200,320.0385812545478,320.0385812545478,281.66,298.51750000000004,38.912265458646665,NaN,NaN
1504958400,309.2780406272739,309.2780406272739,285.17,297.9775,38.75933070250841,NaN,NaN
1505001600,303.627770313637,303.627770313637,261.03,284.2425,34.99220136561782,NaN,NaN
1505044800,293.9351351568185,302.78,279.98,289.12,37.32191881404442,NaN,NaN
1505088000,291.5275675784093,304.98,285.21,294.5375,39.8983042960526,NaN,NaN
1505131200,293.03253378920465,301.99,292.16,296.2225,40.714564889922045,NaN,NaN
1505174400,294.6275168946023,316.46,294.6275168946023,305.5025,45.13410733716212,NaN,NaN
1505217600,300.0650084473011,311.81,286.01,300.7575,43.35445191552584,NaN,NaN
1505260800,300.41125422365053,300.41125422365053,262,278.575,36.17352022372603,NaN,NaN
1505304000,289.4931271118253,289.4931271118253,257.05,269.9975,33.8394932739718,NaN,NaN
1505347200,279.7453135559126,283.77,238.34,259.3525,31.153006651091204,NaN,NaN
1505390400,269.5489067779563,269.5489067779563,215,230.41250000000002,25.277640810157507,NaN,NaN
1505433600,249.98070338897816,249.98070338897816,192,213.06,22.53346948942628,NaN,NaN
1505476800,231.52035169448908,270.93,195.09,229.57500000000002,30.290055750237656,NaN,NaN
1505520000,230.54767584724453,271.81,230.54767584724453,253.325,39.64869871245231,NaN,NaN
1505563200,241.93633792362226,258.19,241.93633792362226,249.9475,38.84992321300236,NaN,NaN
1505606400,245.94191896181113,252.54,239.02,245.9275,37.8719458647521,NaN,NaN
1505649600,245.93470948090555,264.39,240.05,250.815,39.85433258713802,NaN,NaN
1505692800,248.37485474045278,299,248.37485474045278,275.635,48.79049225356318,NaN,NaN
1505736000,262.00492737022637,306.22,262.00492737022637,293.6825,54.12751215680256,NaN,NaN
1505779200,277.8437136851132,300,277.41,290.245,52.994615471225295,NaN,NaN
1505822400,284.04435684255657,290,278,285.25,51.31393546831004,NaN,NaN
1505865600,284.6471784212783,288,275.91,282.9925,50.533902293505825,NaN,NaN
1505908800,283.81983921063915,294,282,285.5125,51.421626745654805,NaN,NaN
1505952000,284.66616960531957,287,278.05,282.46999999999997,50.24912429614688,NaN,NaN
1505995200,283.56808480265977,284.11,252.1,269.01,45.325246374309785,NaN,NaN
1506038400,276.2890424013299,276.2890424013299,253.5,259.4225,42.15649425328891,NaN,NaN
1506081600,267.85577120066495,267.85577120066495,253.01,259.46000000000004,42.173523106487444,NaN,NaN
1506124800,263.6578856003325,282.83,255.11,271.185,47.38877703897784,NaN,NaN
1506168000,267.42144280016623,286.23,267.42144280016623,282.6275,51.94380320629553,NaN,NaN
1506211200,275.02447140008314,294.61,275,284.0025,52.47626627809426,NaN,NaN
1506254400,279.51348570004154,288.18,277.06,281.9375,51.552437803653994,NaN,NaN
1506297600,280.72549285002077,291.3,280.72549285002077,285.6925,53.16700066292262,NaN,NaN
1506340800,283.20899642501035,299,283.20899642501035,292.105,55.87160230643864,NaN,NaN
1506384000,287.6569982125052,296.81,287.6569982125052,292.9975,56.25029938153032,NaN,NaN
1506427200,290.32724910625257,295.52,286.24,290.62,54.898746007643794,NaN,NaN
1506470400,290.4736245531263,299,286.13,292.7025,55.89831486076405,NaN,NaN
1506513600,291.58806227656316,313,291.58806227656316,303.1175,60.60121613467973,NaN,NaN
1506556800,297.35278113828156,311.81,297.35278113828156,305.5625,61.63551099857328,NaN,NaN
1506600000,301.4576405691408,304.5,296.89,301.1475,58.64182952015924,NaN,NaN
1506643200,301.3025702845704,303,274,294.1125,54.13021084709053,NaN,NaN
1506686400,297.7075351422852,302.97,290.11,295.5775,54.90821252239697,NaN,NaN
1506729600,296.6425175711426,307.47,292.22,298.97,56.73810771021984,NaN,NaN
1506772800,297.80625878557134,307.49,297.80625878557134,304.01250000000005,59.376941952112844,NaN,NaN
1506816000,300.9093793927857,305.5,298.08,302.0725,57.91333100014144,NaN,NaN
1506859200,301.49093969639284,306,294,301.075,57.13351060020951,NaN,NaN
1506902400,301.28296984819644,305,300,302.33750000000003,57.90608188970494,NaN,NaN
1506945600,301.81023492409827,301.99,295,298.47249999999997,54.65835148774872,NaN,NaN
1506988800,300.1413674620491,301.99,283.18,293.58,50.77612088035095,NaN,NaN
1507032000,296.86068373102455,296.86068373102455,285.8,290.745,48.62107619477348,NaN,NaN
1507075200,293.8028418655123,297.97,290.55,293.3925,50.72435417242414,NaN,NaN
1507118400,293.59767093275616,294.39,288,291.7425,49.36794906769956,NaN,NaN
1507161600,292.67008546637805,294.8,285.53,290.0125,47.921024709892606,NaN,NaN
1507204800,291.341292733189,297.44,289.29,292.98249999999996,50.59797626553445,NaN,NaN
1507248000,292.1618963665945,302.9,292.1618963665945,298.1775,54.95910474826488,NaN,NaN
1507291200,295.1696981832972,310.8,295.1696981832972,305.4325,60.23817025623196,NaN,NaN
1507334400,300.3010990916486,314.28,300.3010990916486,308.445,62.21835288607125,NaN,NaN
1507377600,304.3730495458243,318.5,304.3730495458243,310.125,63.31555772787841,NaN,NaN
1507420800,307.24902477291215,314.46,307.24902477291215,311.3675,64.14489209185227,NaN,NaN
1507464000,309.3082623864561,317.07,309,311.895,64.51170417634876,NaN,NaN
1507507200,310.60163119322806,312.13,302.32,307.8025,59.43172594531776,NaN,NaN
1507550400,309.20206559661403,309.31,286.65,299.695,50.883377437686995,NaN,NaN
1507593600,304.44853279830704,304.44853279830704,293,297.76,49.0693136433868,NaN,NaN
1507636800,301.1042663991535,308.56,297.9,301.0775,52.21477875119008,NaN,NaN
1507680000,301.09088319957675,305.5,298.02,300.97249999999997,52.105093414465344,NaN,NaN
1507723200,301.03169159978836,304.77,299.2,302.4275,53.56087927385833,NaN,NaN
1507766400,301.7295957998942,310,301.7295957998942,305.90250000000003,56.9281511220243,NaN,NaN
1507809600,303.8160478999471,308.73,302.71,305.3575,56.23940168066891,NaN,NaN
1507852800,304.5867739499736,339.5,297,317.7325,66.23012660147697,NaN,NaN
1507896000,311.1596369749868,353.96,311.1596369749868,337.59,75.78401140770325,NaN,NaN
1507939200,324.37481848749337,349.8,324.37481848749337,341.1675,77.04405480209806,NaN,NaN
1507982400,332.7711592437467,349.79,332.7711592437467,343.425,77.82806148406283,NaN,NaN
1508025600,338.09807962187335,348,316.17,331.0575,64.77603893144878,NaN,NaN
1508068800,334.5777898109367,337.99,318.06,328.0175,62.02264571405434,NaN,NaN
1508112000,331.29764490546836,354,331.29764490546836,342.24,68.72132570202619,NaN,NaN
1508155200,336.7688224527342,346.92,332.78,338.7825,65.68798365159094,NaN,NaN
1508198400,337.7756612263671,337.7756612263671,321.24,329.0875,57.96216101412741,NaN,NaN
1508241600,333.43158061318354,333.43158061318354,312.65,319.19,51.32543590576785,NaN,NaN
1508284800,326.3107903065918,326.3107903065918,295.2,306.41,44.27581376517509,NaN,NaN
1508328000,316.36039515329594,316.36039515329594,284.68,300.9925,41.66340743040791,NaN,NaN
1508371200,308.676447576648,315,301.22,308.2325,46.22947934724633,NaN,NaN
1508414400,308.454473788324,313.93,300,307.39750000000004,45.784385418357864,NaN,NaN
1508457600,307.925986894162,308.69,302.01,305.6575,44.81607644460492,NaN,NaN
1508500800,306.791743447081,311.18,302,305.235,44.56958756461766,NaN,NaN
1508544000,306.0133717235405,306.0133717235405,294.2,299.8825,41.458636630867645,NaN,NaN
1508587200,302.94793586177025,302.94793586177025,290,296.46250000000003,39.55865176677465,NaN,NaN
1508630400,299.70521793088517,306.99,290,297.1125,40.12032854356485,NaN,NaN
1508673600,298.4088589654426,298.4088589654426,290.01,293.57,38.04525266161222,NaN,NaN
1508716800,295.98942948272133,295.98942948272133,280.97,289.06500000000005,35.52863281426842,NaN,NaN
1508760000,292.5272147413607,292.5272147413607,272.2,282.22999999999996,32.06323649322384,NaN,NaN
1508803200,287.37860737068036,310,275.5,293.99,42.462019489816484,NaN,NaN
1508846400,290.6843036853402,309,290.6843036853402,302.14250000000004,48.362788481917306,NaN,NaN
1508889600,296.4134018426701,300,281,292.34749999999997,42.697123023161986,NaN,NaN
1508932800,294.38045092133507,298.14,288.49,292.40250000000003,42.73768801614308,NaN,NaN
1508976000,293.39147546066755,299.76,293.39147546066755,296.6,45.88613394565457,NaN,NaN
1509019200,294.99573773033376,299.2,291.03,295.81,45.38040616738768,NaN,NaN
1509062400,295.40286886516685,298.1,294.5,296.025,45.55627110209295,NaN,NaN
1509105600,295.7139344325834,297.36,292.03,295.625,45.26426463304146,NaN,NaN
1509148800,295.6694672162917,297,292.06,294.59,44.46997978496165,NaN,NaN
1509192000,295.12973360814584,296.7,290.1,292.91,43.14649206463801,NaN,NaN
1509235200,294.01986680407293,308,291.86,299.08,49.13393875468572,NaN,NaN
1509278400,296.54993340203646,309.4,296.54993340203646,304.96000000000004,54.09548085815396,NaN,NaN
1509321600,300.75496670101825,316,300.75496670101825,307.68,56.22270734697739,NaN,NaN
1509364800,304.21748335050916,310,304.21748335050916,307.7025,56.240771859243154,NaN,NaN
1509408000,305.95999167525457,309.99,305.95,307.7925,56.31841808906882,NaN,NaN
1509451200,306.87624583762727,308.99,304.01,306.47249999999997,54.78304820223601,NaN,NaN
1509494400,306.6743729188136,306.6743729188136,296.28,301.2475,49.07932785026916,NaN,NaN
1509537600,303.9609364594068,303.9609364594068,286.34,293.41249999999997,42.01523752848752,NaN,NaN
1509580800,298.6867182297034,298.6867182297034,274.73,285.6325,36.41101130210067,NaN,NaN
1509624000,292.1596091148517,292.1596091148517,278.01,284.65,35.76226998526198,NaN,NaN
1509667200,288.40480455742585,295,282,288.69,40.45993064816769,NaN,NaN
1509710400,288.5474022787129,307,288.5474022787129,299.44,50.77533012312751,NaN,NaN
1509753600,293.99370113935646,304.99,292.11,300.09,51.32446249521785,NaN,NaN
1509796800,297.0418505696782,303.48,296.11,299.20000000000005,50.49385829157056,NaN,NaN
1509840000,298.12092528483913,302.14,296.1,298.4775,49.78942582966002,NaN,NaN
1509883200,298.29921264241955,299.13,293.13,296.3325,47.66344023191431,NaN,NaN
1509926400,297.31585632120976,300.99,290.11,296.90250000000003,48.29524935206059,NaN,NaN
1509969600,297.10917816060487,305.58,296.12,300.16499999999996,51.87622029424117,NaN,NaN
1510012800,298.6370890803024,302.9,295.2,299.525,51.12814634107406,NaN,NaN
1510056000,299.0810445401512,303.52,287,296.0875,47.191826239744245,NaN,NaN
1510099200,297.5842722700756,299.35,290.02,294.7525,45.719660851964576,NaN,NaN
1510142400,296.1683861350378,320,292.5,303.245,55.27741200795647,NaN,NaN
1510185600,299.7066930675189,318,299.5,308.82,60.22828195426656,NaN,NaN
1510228800,304.26334653375943,329,304.26334653375943,318.64750000000004,67.13499164886335,NaN,NaN
1510272000,311.45542326687973,322.65,311.01,315.93,63.833886768835036,NaN,NaN
1510315200,313.6927116334399,313.6927116334399,285.82,300.6525,49.19004503412601,NaN,NaN
1510358400,307.17260581671997,307.17260581671997,291.91,296.71500000000003,46.24544917225796,NaN,NaN
1510401600,301.94380290836,318,292,304.1625,52.0875792155068,NaN,NaN
1510444800,303.05315145418,312.52,281.01,299.85,48.78149174829835,NaN,NaN
1510488000,301.45157572709,316.99,291.99,302.4525,50.81056763464496,NaN,NaN
1510531200,301.952037863545,318.88,301.952037863545,309.735,56.056691654244304,NaN,NaN
1510574400,305.8435189317725,314.82,305,311.2075,57.05404376916787,NaN,NaN
1510617600,308.5255094658862,336.99,308.5255094658862,320.98,63.04818054839796,NaN,NaN
1510660800,314.7527547329431,337.54,314.7527547329431,327.885,66.59588201725427,NaN,NaN
1510704000,321.31887736647155,339,321.31887736647155,334.4475,69.58466362025558,NaN,NaN
1510747200,327.88318868323574,334.51,324,330.775,66.02444938870494,NaN,NaN
1510790400,329.32909434161786,331.7,321.41,327.1125,62.585417028225464,NaN,NaN
1510833600,328.22079717080896,334.75,324.01,328.565,63.399633895550025,NaN,NaN
1510876800,328.3928985854045,333.19,323.84,329.585,63.99223716022501,NaN,NaN
1510920000,328.9889492927023,334.6,326,330.4125,64.49449510702917,NaN,NaN
1510963200,329.70072464635115,333.4,326.01,330.5425,64.57808672398457,NaN,NaN
1511006400,330.12161232317555,349.9,330.12161232317555,339.9225,70.05606253170772,NaN,NaN
1511049600,335.0220561615878,373.56,335.0220561615878,355.60749999999996,76.57872606294247,NaN,NaN
1511092800,345.3147780807939,364.49,345.3147780807939,356.3325,76.82996155392681,NaN,NaN
1511136000,350.8236390403969,364,350.8236390403969,358.135,77.47683865076193,NaN,NaN
1511179200,354.4793195201985,372.5,354.4793195201985,363.9225,79.45974109436872,NaN,NaN
1511222400,359.20090976009925,374.99,350.02,365.545,79.99155981159993,NaN,NaN
1511265600,362.37295488004963,375.5,360,367.17999999999995,80.53839210963656,NaN,NaN
1511308800,364.7764774400248,371.24,360.55,365.36,77.98344647371906,NaN,NaN
1511352000,365.0682387200124,384.84,359,372.725,80.65753929696248,NaN,NaN
1511395200,368.8966193600062,402,368.8966193600062,387.67,84.71460219189282,NaN,NaN
1511438400,378.2833096800031,425,378.2833096800031,404.025,87.74417772193051,NaN,NaN
1511481600,391.1541548400015,419.93,391.1541548400015,407.69,88.30363148005219,NaN,NaN
1511524800,399.42207742000073,475,399.42207742000073,442.0375,91.99268229700759,NaN,NaN
1511568000,420.7297887100004,484.47,420.7297887100004,466.725,93.56394849999555,NaN,NaN
1511611200,443.72739435500023,472.99,443.72739435500023,464.17,91.56144257217251,NaN,NaN
1511654400,453.9486971775001,465,436.14,454.79249999999996,84.41991630187616,NaN,NaN
1511697600,454.37059858875,465,445,457.46999999999997,84.78482355418373,NaN,NaN
1511740800,455.920299294375,486.94,453,468.7625,86.24777825234904,NaN,NaN
1511784000,462.3413996471875,481.19,460.29,471.685,86.60669260479172,NaN,NaN
1511827200,467.0131998235937,477.5,465.6,471.2475,86.24382001487663,NaN,NaN
1511870400,469.1303499117969,474.99,453.5,466.045,81.851940614625,NaN,NaN
1511913600,467.5876749558985,480,455,469.01750000000004,82.40331641850547,NaN,NaN
1511956800,468.30258747794926,515,385,449.175,67.63172781092655,NaN,NaN
1512000000,458.73879373897466,460,415.16,429.77000000000004,56.89111834456746,NaN,NaN
1512043200,444.2543968694873,444.2543968694873,387.01,419.2525,52.06489926193205,NaN,NaN
1512086400,431.75344843474363,437.34,413.74,428.0325,55.46164771377366,NaN,NaN
1512129600,429.89297421737183,465.97,429.89297421737183,447.41,61.881606546810254,NaN,NaN
1512172800,438.65148710868596,471.91,438.65148710868596,459.195,65.16989152733403,NaN,NaN
1512216000,448.923243554343,465,445,456.89,64.00687072770214,NaN,NaN
1512259200,452.9066217771715,479.47,452.65,466.7775,66.74816903500044,NaN,NaN
1512302400,459.8420608885857,485.9,440.11,466.10999999999996,66.38060976015328,NaN,NaN
1512345600,462.97603044429286,470.98,452,459.1125,62.49541743063367,NaN,NaN
1512388800,461.04426522214646,466.97,445,457.94,61.84226983241006,NaN,NaN
1512432000,459.4921326110732,468.67,456,462.83,63.553090772252645,NaN,NaN
1512475200,461.16106630553656,462,445.21,455.225,59.114062855009884,NaN,NaN
1512518400,458.1930331527683,458.1930331527683,421,441.495,52.04608372942657,NaN,NaN
1512561600,449.84401657638415,449.84401657638415,400,423.0575,44.37345966954145,NaN,NaN
1512604800,436.4507582881921,436.4507582881921,391,408.40250000000003,39.40140348199882,NaN,NaN
1512648000,422.42662914409607,422.42662914409607,375.01,400.8275,37.08811900948461,NaN,NaN
1512691200,411.627064572048,454.2,390,420.8775,46.107239765250604,NaN,NaN
1512734400,416.252282286024,456.78,416.252282286024,439.83,52.970613612225016,NaN,NaN
1512777600,428.041141143012,487,428.041141143012,457.53499999999997,58.311764540233746,NaN,NaN
1512820800,442.78807057150595,488,426.4,458.85,58.687053863996965,NaN,NaN
1512864000,450.819035285753,460.05,403.2,438.3375,50.9778159860037,NaN,NaN
1512907200,444.5782676428765,452,423.01,433.75500000000005,49.416085663736126,NaN,NaN
1512950400,439.16663382143827,463.12,427.4,442.665,52.46534971770032,NaN,NaN
1512993600,440.9158169107192,512,440.9158169107192,481.7875,63.00940164058152,NaN,NaN
1513036800,461.3516584553596,560,461.3516584553596,522.7,70.40304322049394,NaN,NaN
1513080000,492.0258292276798,639.27,492.0258292276798,576.095,76.89414403954333,NaN,NaN
1513123200,534.06041461384,644.65,534.06041461384,607.265,79.69389169320186,NaN,NaN
1513166400,570.66270730692,705.69,570.66270730692,655.7450000000001,83.11986015174227,NaN,NaN
1513209600,613.2038536534601,747.6,613.2038536534601,695.7549999999999,85.32098289928646,NaN,NaN
1513252800,654.47942682673,689.99,630.5,670.0875,78.26979748930607,NaN,NaN
1513296000,662.283463413365,681.97,594.6,649.18,72.97915593296243,NaN,NaN
1513339200,655.7317317066825,689,641.6,662.1225,74.14427831353457,NaN,NaN
1513382400,658.9271158533412,712,658.9271158533412,687.02,76.2645537651973,NaN,NaN
1513425600,672.9735579266705,699,669.22,684.9175,75.70001143342495,NaN,NaN
1513468800,678.9455289633353,720,678.9455289633353,698.6550000000001,76.90306381715922,NaN,NaN
1513512000,688.8002644816677,728,688.8002644816677,710.27,77.89934034248846,NaN,NaN
1513555200,699.5351322408338,748.01,638,706.47,76.73318127674341,NaN,NaN
1513598400,703.002566120417,798.88,703.002566120417,754.8775,80.69736937858701,NaN,NaN
1513641600,728.9400330602085,864.9,728.9400330602085,792.5024999999999,83.1066217327474,NaN,NaN
1513684800,760.7212665301042,835,750,794.2475,83.21128321976275,NaN,NaN
1513728000,777.4843832650521,815,661,770.0375,76.1612895870086,NaN,NaN
1513771200,773.760941632526,828,763,796.8475,78.34891462700926,NaN,NaN
1513814400,785.3042208162631,845.99,785.3042208162631,814.325,79.65936850362829,NaN,NaN
1513857600,799.8146104081316,832.01,705.98,786.855,72.25676306919567,NaN,NaN
1513900800,793.3348052040658,796,580.15,701.7875,55.16156865659142,NaN,NaN
1513944000,747.561152602033,747.561152602033,504.99,619.4775,44.25211121756267,NaN,NaN
1513987200,683.5193263010165,710,627.97,669.7425000000001,50.66847337049585,NaN,NaN
1514030400,676.6309131505083,714.99,635.01,674.0475000000001,51.18666580599699,NaN,NaN
1514073600,675.3392065752541,675.3392065752541,571,617.5175,44.566543954841556,NaN,NaN
1514116800,646.428353287627,659.49,563.49,618.02,44.63509048888915,NaN,NaN
1514160000,632.2241766438135,726.38,599.99,676.1675,52.02749326543927,NaN,NaN
1514203200,654.1958383219068,744,654.1958383219068,716.2549999999999,56.35418762433451,NaN,NaN
1514246400,685.2254191609534,750,685.2254191609534,727.9324999999999,57.555109642283846,NaN,NaN
1514289600,706.5789595804766,750,706.5789595804766,741.2625,58.94383251688615,NaN,NaN
1514332800,723.9207297902383,766.05,723.9207297902383,747.4724999999999,59.606878612245616,NaN,NaN
1514376000,735.6966148951191,760,693.18,735.3649999999999,57.65196752479889,NaN,NaN
1514419200,735.5308074475595,744.93,645.88,699.8725,52.24287404254162,NaN,NaN
1514462400,717.7016537237797,717.7016537237797,662.36,688.43,50.59476864514416,NaN,NaN
1514505600,703.0658268618898,747,703,721.6575,55.03117101139544,NaN,NaN
1514548800,712.3616634309449,757.87,712.3616634309449,734.01,56.591702800744635,NaN,NaN
1514592000,723.1858317154724,735,670.01,709.025,52.61451764824248,NaN,NaN
1514635200,716.1054158577363,716.1054158577363,635.82,679.97,48.358331939748865,NaN,NaN
1514678400,698.0377079288681,714.15,672.86,694.2275,50.47543887711859,NaN,NaN
1514721600,696.1326039644341,740,696.1326039644341,722.6925,54.487144939157155,NaN,NaN
1514764800,709.4125519822171,763.55,709.4125519822171,738.5925,56.601852324387686,NaN,NaN
1514808000,724.0025259911085,762.62,724.0025259911085,745.6925000000001,57.550349898719645,NaN,NaN
1514851200,734.8475129955543,899.5,734.8475129955543,813.1625,65.30947783821316,NaN,NaN
1514894400,774.0050064977772,878,774.0050064977772,848.2125000000001,68.52778911029533,NaN,NaN
1514937600,811.1087532488887,884.98,811.1087532488887,855.7825,69.19255006281597,NaN,NaN
1514980800,833.4456266244443,950.01,810,889.335,72.01412050639803,NaN,NaN
1515024000,861.3903133122221,949.99,861.3903133122221,931.0049999999999,75.06814826624236,NaN,NaN
1515067200,896.197656656111,1009.72,896.197656656111,952.4275,76.48865355785807,NaN,NaN
1515110400,924.3125783280555,1045,924.3125783280555,977.77,78.07975445997306,NaN,NaN
1515153600,951.0412891640277,999.99,930,971.2974999999999,76.65297604871046,NaN,NaN
1515196800,961.1693945820139,1005,950,977.75,77.10218943147628,NaN,NaN
1515240000,969.4596972910069,1017.56,969.4596972910069,1000.85,78.68346112892183,NaN,NaN
1515283200,985.1548486455035,1095.9,985.1548486455035,1044.9275,81.33250013954238,NaN,NaN
1515326400,1015.0411743227518,1125,1015.0411743227518,1098.365,83.93848574394751,NaN,NaN
1515369600,1056.7030871613758,1239.18,1050,1138.6425,85.57325096647887,NaN,NaN
1515412800,1097.672793580688,1162,910,1086.875,75.00637843518173,NaN,NaN
1515456000,1092.273896790344,1260,1092.273896790344,1179.2525,79.79990862742056,NaN,NaN
1515499200,1135.763198395172,1326.5,1132.57,1242.26,82.29422705212605,NaN,NaN
1515542400,1189.0115991975858,1440,1189.0115991975858,1323.9475,84.89788727670022,NaN,NaN
1515585600,1256.4795495987928,1380,1201.1,1291.2775000000001,79.84110593583364,NaN,NaN
1515628800,1273.8785247993965,1332.49,1021,1198.205,67.50519040123709,NaN,NaN
1515672000,1236.0417623996982,1249.9,1074.99,1163.53,63.56478249459619,NaN,NaN
1515715200,1199.785881199849,1241,1069.01,1166.615,63.76742316757488,NaN,NaN
1515758400,1183.2004405999246,1288.5,1183.2004405999246,1240.1275,68.29279181996031,NaN,NaN
1515801600,1211.6639702999623,1338,1211.6639702999623,1295.2424999999998,71.1973525030082,NaN,NaN
1515844800,1253.453235149981,1427.01,1253.453235149981,1370.51,74.61704456588049,NaN,NaN
1515888000,1311.9816175749907,1391.89,1286,1341.9975,71.1698701720773,NaN,NaN
1515931200,1326.9895587874953,1355.61,1220.89,1306.375,67.00495724613944,NaN,NaN
1515974400,1316.6822793937476,1383.13,1260.02,1320.29,67.79771400655866,NaN,NaN
1516017600,1318.4861396968738,1329.98,1258.12,1288.1399999999999,63.973237159245805,NaN,NaN
1516060800,1303.313069848437,1303.313069848437,947,1157.1750000000002,51.28254033384915,NaN,NaN
1516104000,1230.2440349242186,1230.2440349242186,780,1015.355,41.647689922411466,NaN,NaN
1516147200,1122.7995174621092,1122.7995174621092,843.48,944.735,37.83569688207791,NaN,NaN
1516190400,1033.7672587310547,1070,755,920.5125,36.59833028332715,NaN,NaN
1516233600,977.1398793655273,1058.59,924.21,1001.45,43.273992776275534,NaN,NaN
1516276800,989.2949396827637,1075.2,960,1013.05,44.18111893215328,NaN,NaN
1516320000,1001.1724698413818,1056.97,941,1011.2950000000001,44.06630464835382,NaN,NaN
1516363200,1006.233734920691,1079,1004.13,1042.38,46.70798221924317,NaN,NaN
1516406400,1024.3068674603455,1141.34,1024.3068674603455,1076.74,49.54460059165355,NaN,NaN
1516449600,1050.5234337301727,1165.4,1050.5234337301727,1125.3875,53.33207166441107,NaN,NaN
1516492800,1087.9554668650862,1152.69,1016,1107.2649999999999,51.772926139186374,NaN,NaN
1516536000,1097.610233432543,1118,998,1068.52,48.5078559764148,NaN,NaN
1516579200,1083.0651167162714,1090.15,1020,1049.01,46.903783557654,NaN,NaN
1516622400,1066.0375583581358,1066.0375583581358,908,995.8875,42.757751376028466,NaN,NaN
1516665600,1030.962529179068,1030.962529179068,909,961.665,40.28711479155977,NaN,NaN
1516708800,996.313764589534,1030,917.01,965.2175,40.67035651702946,NaN,NaN
1516752000,980.765632294767,1022.72,953.09,993.0025,43.71315130369087,NaN,NaN
1516795200,986.8840661473835,1074,986.8840661473835,1038.5,48.381547644644094,NaN,NaN
1516838400,1012.6920330736917,1115,1012.6920330736917,1069.81,51.37064144408521,NaN,NaN
1516881600,1041.2510165368458,1084,1030.26,1057.5675,50.14783290452911,NaN,NaN
1516924800,1049.409258268423,1082,986,1032.875,47.682464631051744,NaN,NaN
1516968000,1041.1421291342115,1080,1003.39,1035.8525,48.014347262717536,NaN,NaN
1517011200,1038.4973145671056,1085,1032.2,1058.5,50.582220929163675,NaN,NaN
1517054400,1048.4986572835528,1127.99,1048.4986572835528,1092.75,54.26176920065972,NaN,NaN
1517097600,1070.6243286417764,1265,1070.6243286417764,1190.0674999999999,62.74897224205195,NaN,NaN
1517140800,1130.3459143208881,1277,1130.3459143208881,1250.2675,66.84719650957402,NaN,NaN
1517184000,1190.3067071604441,1258.89,1170,1216.4325000000001,62.67372600291484,NaN,NaN
1517227200,1203.3696035802222,1208,1161.65,1183.015,58.770986279550115,NaN,NaN
1517270400,1193.1923017901113,1193.1923017901113,1120,1163.4375,56.54931706106342,NaN,NaN
1517313600,1178.3149008950556,1178.3149008950556,1051,1119.665,51.83152089074614,NaN,NaN
1517356800,1148.989950447528,1148.989950447528,1029,1085.9075,48.47287515228361,NaN,NaN
1517400000,1117.448725223764,1135,1085,1114.1799999999998,51.31809871474651,NaN,NaN
1517443200,1115.814362611882,1164.99,1090.5,1124.3625,52.338849902514724,NaN,NaN
1517486400,1120.088431305941,1162.36,981,1075.3249999999998,47.205471403294325,NaN,NaN
1517529600,1097.7067156529704,1097.7067156529704,845,945.2750000000001,36.8757855950336,NaN,NaN
1517572800,1021.4908578264852,1021.4908578264852,783.67,885.3499999999999,33.26377753965771,NaN,NaN
1517616000,953.4204289132426,972.97,851,929.77,38.103585360545175,NaN,NaN
1517659200,941.5952144566213,998,941.5952144566213,970.56,42.24559802606324,NaN,NaN
1517702400,956.0776072283106,975,885.03,929.425,39.383388095351116,NaN,NaN
1517745600,942.7513036141553,942.7513036141553,789,851.0575,34.57702263160279,NaN,NaN
1517788800,896.9044018070776,896.9044018070776,761.5,802.5,31.97329185342535,NaN,NaN
1517832000,849.7022009035388,849.7022009035388,634.94,721.465,28.161994038803513,NaN,NaN
1517875200,785.5836004517694,785.5836004517694,570.1,656.4975,25.534064662107355,NaN,NaN
1517918400,721.0405502258847,798,620,707.8025,31.00913961323772,NaN,NaN
1517961600,714.4215251129424,840,714.18,788.6475,38.66225689820369,NaN,NaN
1518004800,751.5345125564712,849,747.95,793.0925,39.06250995128054,NaN,NaN
1518048000,772.3135062782355,786.93,751,768.1949999999999,37.583166910803286,NaN,NaN
1518091200,770.2542531391177,781.66,770.2542531391177,781.66,38.930176576144255,NaN,NaN
1518134400,775.9571265695588,843,775.9571265695588,810.935,41.86757367497209,NaN,NaN
1518177600,793.4460632847794,882.2,793.4460632847794,854.3225000000001,46.012188060159446,NaN,NaN
1518220800,823.8842816423897,911.2,823.8842816423897,877.0600000000001,48.10048267134152,NaN,NaN
1518264000,850.4721408211949,884.98,800,851.5325,45.951438183583655,NaN,NaN
1518307200,851.0023204105975,851.93,768.28,822.6999999999999,43.582949630430086,NaN,NaN
1518350400,836.8511602052987,857,805,822.3725,43.55548784616145,NaN,NaN
1518393600,829.6118301026493,874,807.46,836.49,45.159632986188385,NaN,NaN
1518436800,833.0509150513246,877.56,833.0509150513246,860.0999999999999,47.829968952756545,NaN,NaN
1518480000,846.5754575256623,871,820,848.0749999999999,46.58576224073416,NaN,NaN
1518523200,847.3252287628311,853,829.17,839.6850000000001,45.69266148788351,NaN,NaN
1518566400,843.5051143814155,875,841.3,858.0925,48.04599673038971,NaN,NaN
1518609600,850.7988071907077,924.99,850.7988071907077,898.205,52.84170722484704,NaN,NaN
1518652800,874.501903595354,946.66,874.501903595354,917.46,54.98951830024213,NaN,NaN
1518696000,895.980951797677,939.94,895.980951797677,920.2475,55.30686563320455,NaN,NaN
1518739200,908.1142258988384,948.48,901.36,924.0425,55.764140414203986,NaN,NaN
1518782400,916.0783629494192,943.98,916.0783629494192,930.4825000000001,56.57608095039259,NaN,NaN
1518825600,923.2804314747096,968.68,923.2804314747096,949.0375,58.915905266360824,NaN,NaN
1518868800,936.1589657373548,974,936.1589657373548,963.3299999999999,60.67370421545342,NaN,NaN
1518912000,949.7444828686773,978.5,897,943.6674999999999,57.056948019467775,NaN,NaN
1518955200,946.7059914343386,948.79,907.75,924.18,53.64390926761527,NaN,NaN
1518998400,935.4429957171692,951,906.04,928.3375,54.272361493460934,NaN,NaN
1519041600,931.8902478585846,956.22,931.8902478585846,942.9825000000001,56.50905320475529,NaN,NaN
1519084800,937.4363739292924,961,927.1,940.9475,56.09843535551795,NaN,NaN
1519128000,939.1919369646462,946.09,873,909.6500000000001,50.072196345629635,NaN,NaN
1519171200,924.4209684823231,924.4209684823231,856.51,883.2825,45.62540896785129,NaN,NaN
1519214400,903.8517342411616,903.8517342411616,812.87,856.9275,41.64446755845856,NaN,NaN
1519257600,880.3896171205809,880.3896171205809,811.04,836.7425,38.84867080541405,NaN,NaN
1519300800,858.5660585602905,858.5660585602905,786.6,812.3499999999999,35.72719848375665,NaN,NaN
1519344000,835.4580292801452,875.2,785.99,833.245,40.16254146366988,NaN,NaN
1519387200,834.3515146400725,885,823.29,857.6274999999999,44.937569208114496,NaN,NaN
1519430400,845.9895073200362,875,819.19,843.45,42.79891005245514,NaN,NaN
1519473600,844.7197536600181,844.7197536600181,805,826.6625,40.35013950904209,NaN,NaN
1519516800,835.6911268300091,849.5,820.62,835.41,42.20573263459101,NaN,NaN
1519560000,835.5505634150045,846.98,813.18,834.4475,42.050726709776065,NaN,NaN
1519603200,834.9990317075022,865.9,833,850.3725000000001,45.60998434363041,NaN,NaN
1519646400,842.6857658537511,882,842.6857658537511,865.745,48.87435860314401,NaN,NaN
1519689600,854.2153829268756,897.49,854.2153829268756,877.8325,51.347032065660706,NaN,NaN
1519732800,866.0239414634377,890.77,864.21,877.7600000000001,51.33099614519324,NaN,NaN
1519776000,871.8919707317189,891,858.99,871.5899999999999,49.90264830422566,NaN,NaN
1519819200,871.7409853658594,875,850.3,860.8325,47.424821919512716,NaN,NaN
1519862400,866.2867426829297,874.62,848.65,861.46,47.588301146289474,NaN,NaN
1519905600,863.8733713414649,879.96,863,870.6775,50.045501264103855,NaN,NaN
1519948800,867.2754356707325,876.22,856.03,865.635,48.70037805237192,NaN,NaN
1519992000,866.4552178353663,866.4552178353663,850,857.9849999999999,46.65174069408477,NaN,NaN
1520035200,862.2201089176831,870.78,856.22,861.255,47.66517255314451,NaN,NaN
1520078400,861.7375544588415,869.61,852.3,859.9575,47.28136930809114,NaN,NaN
1520121600,860.8475272294207,860.8475272294207,836.24,849.9300000000001,44.31177829928826,NaN,NaN
1520164800,855.3887636147103,868,848.61,858.1225,47.22798773916731,NaN,NaN
1520208000,856.7556318073551,870,856.7556318073551,866.7624999999999,50.190431516424525,NaN,NaN
1520251200,861.7590659036775,871.75,847.2,859.4475,47.74658435031214,NaN,NaN
1520294400,860.6032829518388,860.6032829518388,826.24,840.3874999999999,42.00714433793931,NaN,NaN
1520337600,850.4953914759194,850.4953914759194,803.01,820.9325,37.104336174753996,NaN,NaN
1520380800,835.7139457379596,835.7139457379596,775,801.3700000000001,32.941043884725474,NaN,NaN
1520424000,818.5419728689799,818.5419728689799,718.4,763.8675000000001,26.745452880528404,NaN,NaN
1520467200,791.20473643449,791.20473643449,730,752.97,25.258800447077775,NaN,NaN
1520510400,772.0873682172451,772.0873682172451,684,725.275,21.923542713082924,NaN,NaN
1520553600,748.6811841086226,748.6811841086226,640,681.31,17.88597598617085,NaN,NaN
1520596800,714.9955920543113,727.92,676.26,703.1624999999999,25.254380476605988,NaN,NaN
1520640000,709.0790460271555,745,709.0790460271555,728.825,32.8723634355506,NaN,NaN
1520683200,718.9520230135778,739,673.06,705.8225,29.927992033257752,NaN,NaN
1520726400,712.387261506789,712.387261506789,659.15,688.7950000000001,27.93343465969251,NaN,NaN
1520769600,700.5911307533945,735,697.29,714.5675,34.99507446441713,NaN,NaN
1520812800,707.5793153766972,740.5,707.5793153766972,727.2475,38.20343707535593,NaN,NaN
1520856000,717.4134076883486,737.99,676.31,712.0975,35.92216172486812,NaN,NaN
1520899200,714.7554538441743,714.7554538441743,683.9,697.1824999999999,33.7833465942972,NaN,NaN
1520942400,705.9689769220871,705.9689769220871,680,690.61,32.855012208099595,NaN,NaN
1520985600,698.2894884610436,703.54,655.5,676.3199999999999,30.868876544415713,NaN,NaN
1521028800,687.3047442305217,687.3047442305217,585,628.9375,25.388454888310307,NaN,NaN
1521072000,658.1211221152608,658.1211221152608,570,604.6,23.11812753418063,NaN,NaN
1521115200,631.3605610576304,631.3605610576304,587.51,608.8050000000001,24.37642731409059,NaN,NaN
1521158400,620.0827805288152,620.0827805288152,584.15,602.72,23.770149947255618,NaN,NaN
1521201600,611.4013902644076,625.3,597.3,606.1624999999999,24.908020617834623,NaN,NaN
1521244800,608.7819451322038,609.26,591.07,599.225,24.126438202114343,NaN,NaN
1521288000,604.0034725661019,604.0034725661019,544,571.5350000000001,21.259064161791983,NaN,NaN
1521331200,587.769236283051,587.769236283051,495,527.3625,17.654448261695663,NaN,NaN
1521374400,557.5658681415255,560,450,516.13,16.871078456666453,NaN,NaN
1521417600,536.8479340707627,558.5,515.8,537.4475,23.78314966327811,NaN,NaN
1521460800,537.1477170353813,560,523.17,544.5075,25.978319421460498,NaN,NaN
1521504000,540.8276085176907,556.96,515,540.455,25.523889442709816,NaN,NaN
1521547200,540.6413042588454,567.87,526.4,546.0625,27.415920399304568,NaN,NaN
1521590400,543.3519021294227,590.52,543.3519021294227,569.985,35.002247340262954,NaN,NaN
1521633600,556.6684510647113,584.41,545.11,567.22,34.552730660184295,NaN,NaN
1521676800,561.9442255323556,578.6,533.41,551.7874999999999,32.07665035482309,NaN,NaN
1521720000,556.8658627661778,556.8658627661778,516,534.24,29.48899752693957,NaN,NaN
1521763200,545.5529313830889,545.5529313830889,509.2,528.9975,28.74296722183287,NaN,NaN
1521806400,537.2752156915444,544.72,506.71,529.7725,29.028809521727098,NaN,NaN
1521849600,533.5238578457722,545.99,524.13,534.98,31.030818832975896,NaN,NaN
1521892800,534.2519289228861,543,518.63,527.1175000000001,29.669948164480445,NaN,NaN
1521936000,530.684714461443,530.684714461443,512,518.0975,28.14499882837761,NaN,NaN
1521979200,524.3911072307214,536,513.08,521.9549999999999,29.806570838568362,NaN,NaN
1522022400,523.1730536153607,527.67,480.2,504.28499999999997,26.75462808385454,NaN,NaN
1522065600,513.7290268076804,513.7290268076804,465.56,483.4325,23.67398113549281,NaN,NaN
1522108800,498.5807634038402,498.5807634038402,450.33,471.275,22.077842966310712,NaN,NaN
1522152000,484.9278817019201,484.9278817019201,446,456.4225,20.279028780846247,NaN,NaN
1522195200,470.67519085096006,470.67519085096006,440.14,453.79749999999996,19.969352405548946,NaN,NaN
1522238400,462.23634542548,462.55,442.05,452.9925,19.869146942092343,NaN,NaN
1522281600,457.61442271274,457.61442271274,405.12,427.2575,16.942226723610958,NaN,NaN
1522324800,442.43596135637,442.43596135637,380,397.79,14.337770355571962,NaN,NaN
1522368000,420.112980678185,420.112980678185,366,388.3275,13.61403348995583,NaN,NaN
1522411200,404.22024033909247,404.22024033909247,370,387.6775,13.563385835348612,NaN,NaN
1522454400,395.94887016954624,419.4,388.52,400.60249999999996,19.94135803103711,NaN,NaN
1522497600,398.2756850847731,410,389.65,398.91499999999996,19.736593381760485,NaN,NaN
1522540800,398.59534254238656,399.91,371.7,385.0475,18.0924603426149,NaN,NaN
1522584000,391.8214212711933,391.8214212711933,356.9,374.61249999999995,16.948342010288968,NaN,NaN
1522627200,383.2169606355966,394.87,375.05,385.0725,22.255555914998013,NaN,NaN
1522670400,384.1447303177983,392,375,385.9,22.676525430442425,NaN,NaN
1522713600,385.0223651588991,404.74,380.13,391.84749999999997,25.786902043826785,NaN,NaN
1522756800,388.43493257944954,419.08,388.43493257944954,407.285,33.288123340442354,NaN,NaN
1522800000,397.85996628972475,416.5,380.15,399.18,31.488568577240244,NaN,NaN
1522843200,398.5199831448624,398.5199831448624,370,380.20250000000004,27.711105166989654,NaN,NaN
1522886400,389.36124157243125,389.36124157243125,365.61,376.96,27.112631984083606,NaN,NaN
1522929600,383.16062078621565,387.03,371.47,379.8675,28.601661732509015,NaN,NaN
1522972800,381.5140603931078,385.91,362.54,374.635,27.51234804616294,NaN,NaN
1523016000,378.0745301965539,378.0745301965539,364.66,368.48249999999996,26.246559544728257,NaN,NaN
1523059200,373.2785150982769,385.27,368.28,376.05,30.483081786981373,NaN,NaN
1523102400,374.6642575491385,394.75,374.6642575491385,384.13,34.79017114118217,NaN,NaN
1523145600,379.39712877456924,400.58,379.39712877456924,392.41749999999996,38.96707445659658,NaN,NaN
1523188800,385.9073143872846,404.05,385.9073143872846,399.865,42.52959419879639,NaN,NaN
1523232000,392.8861571936423,431.99,392.8861571936423,405.52,45.14774328151043,NaN,NaN
1523275200,399.2030785968211,403.66,387.1,396.3475,41.81982882568728,NaN,NaN
1523318400,397.7752892984106,404.07,391.4,397.67999999999995,42.483106998649774,NaN,NaN
1523361600,397.7276446492053,418.68,395.45,406.55,46.8286077449006,NaN,NaN
1523404800,402.13882232460264,420,402.13882232460264,415.10999999999996,50.699660989114086,NaN,NaN
1523448000,408.62441116230127,433.54,408.62441116230127,422.86,53.96727267406996,NaN,NaN
1523491200,415.74220558115064,476.73,412.88,444.9575,61.751582742992035,NaN,NaN
1523534400,430.3498527905753,499,430.3498527905753,476.5325,69.64937865137315,NaN,NaN
1523577600,453.4411763952877,525.81,453.4411763952877,504.53249999999997,74.64851707177014,NaN,NaN
1523620800,478.9868381976438,530,478.9868381976438,506.47749999999996,74.95709056438464,NaN,NaN
1523664000,492.7321690988219,515,486.26,498.04,70.92409350777817,NaN,NaN
1523707200,495.38608454941095,510.98,485.58,498.865,71.08789570828023,NaN,NaN
1523750400,497.1255422747055,527.15,497.1255422747055,513.5074999999999,73.8984894644386,NaN,NaN
1523793600,505.3165211373527,535,505.3165211373527,527.645,76.29460442505818,NaN,NaN
1523836800,516.4807605686764,538,505.01,522.385,73.58786756552092,NaN,NaN
1523880000,519.4328802843381,519.4328802843381,497.31,508.86749999999995,67.00859276220352,NaN,NaN
1523923200,514.1501901421691,520.49,503.73,513.56,68.07564700976803,NaN,NaN
1523966400,513.8550950710845,521.2,500.02,510.4275,66.52873223428114,NaN,NaN
1524009600,512.1412975355422,517.21,501.12,509.42249999999996,66.01047291578655,NaN,NaN
1524052800,510.78189876777105,526.99,507.1,519.245,68.58619540006256,NaN,NaN
1524096000,515.0134493838855,539.4,515.0134493838855,530.8,71.337858028893,NaN,NaN
1524139200,522.9067246919427,571.61,522.9067246919427,552.5649999999999,75.6622789664475,NaN,NaN
1524182400,537.7358623459713,591.52,537.7358623459713,576.54,79.35696468463601,NaN,NaN
1524225600,557.1379311729856,622.17,557.1379311729856,602.4425,82.45580252159633,NaN,NaN
1524268800,579.7902155864929,624.5,570.23,599.53,80.9837206804498,NaN,NaN
1524312000,589.6601077932464,613.99,584,597.3625,79.84132559286985,NaN,NaN
1524355200,593.5113038966232,633.56,589,613.1424999999999,81.8488270616968,NaN,NaN
1524398400,603.3269019483116,643.49,603.3269019483116,625.98,83.30538711621755,NaN,NaN
1524441600,614.6534509741558,642.16,614.6534509741558,629.5525,83.69744997878314,NaN,NaN
1524484800,622.1029754870779,649.11,622.1029754870779,640.98,84.9176006551011,NaN,NaN
1524528000,631.5414877435389,693,631.5414877435389,667.4075,87.28726324581534,NaN,NaN
1524571200,649.4744938717695,712.99,649.4744938717695,697.25,89.32657524268834,NaN,NaN
1524614400,673.3622469358847,703.3,600.1,658.4,72.92573990983725,NaN,NaN
1524657600,665.8811234679424,665.8811234679424,593.83,622.565,61.676874703838095,NaN,NaN
1524700800,644.2230617339712,644.2230617339712,600,622.24,61.584094128431694,NaN,NaN
1524744000,633.2315308669856,666.19,623.09,646.0050000000001,65.65287444008283,NaN,NaN
1524787200,639.6182654334929,686.82,635.73,666.1,68.67415358165344,NaN,NaN
1524830400,652.8591327167464,686.81,639.41,662.505,67.52971901992902,NaN,NaN
1524873600,657.6820663583733,687.51,638.76,661.9100000000001,67.32972948359263,NaN,NaN
1524916800,659.7960331791867,694.9,659.7960331791867,682.2950000000001,70.54788649902139,NaN,NaN
1524960000,671.0455165895934,700.49,665.28,680.875,70.0303948022428,NaN,NaN
1525003200,675.9602582947966,691.8,669,681.68,70.16400883360807,NaN,NaN
1525046400,678.8201291473983,695.3,673.18,686.495,70.99692293866431,NaN,NaN
1525089600,682.6575645736991,692.54,662.2,678.26,67.52495241782566,NaN,NaN
1525132800,680.4587822868496,680.4587822868496,627.58,658.2625,59.868436271302706,NaN,NaN
1525176000,669.3606411434248,675.6,642.92,662.4025,60.857945507114444,NaN,NaN
1525219200,665.8815705717125,688.12,663,676.5575,64.11579704948969,NaN,NaN
1525262400,671.2195352858562,691.99,669,683.1375,65.55116395469994,NaN,NaN
1525305600,677.1785176429281,732.26,677.1785176429281,707.1875,70.2372154370561,NaN,NaN
1525348800,692.183008821464,792.08,692.183008821464,753.8700000000001,76.82661317820724,NaN,NaN
1525392000,723.0265044107321,810,723.0265044107321,786.98,80.17856001580552,NaN,NaN
1525435200,755.003252205366,807.5,755.003252205366,789.5899999999999,80.41900098308982,NaN,NaN
1525478400,772.2966261026829,823.2,772.2966261026829,802.0899999999999,81.57194183572355,NaN,NaN
1525521600,787.1933130513414,832.66,787.1933130513414,817.49,82.9072443244387,NaN,NaN
1525564800,802.3416565256707,839.99,770,800.89,76.47460259830382,NaN,NaN
1525608000,801.6158282628353,801.6158282628353,752.49,779.4175,69.0152497046934,NaN,NaN
1525651200,790.5166641314177,799.14,705.46,757.975,62.46308446185678,NaN,NaN
1525694400,774.2458320657088,774.2458320657088,701,738.3399999999999,57.11576707658564,NaN,NaN
1525737600,756.2929160328544,777,727.98,746.4975,58.69773356739104,NaN,NaN
1525780800,751.3952080164272,759.05,720.02,739.0174999999999,56.634676429606266,NaN,NaN
1525824000,745.2063540082136,750.75,710.26,738.49,56.48390460729936,NaN,NaN
1525867200,741.8481770041068,760.74,741.1,749.27,58.892374029700676,NaN,NaN
1525910400,745.5590885020533,769.88,745.5590885020533,758.53,60.89456389859667,NaN,NaN
1525953600,752.0445442510267,766.93,720,742.57,55.84585435334585,NaN,NaN
1525996800,747.3072721255134,747.3072721255134,676.19,703.485,45.82572895959697,NaN,NaN
1526040000,725.3961360627567,725.3961360627567,663,678.09,40.714199149394545,NaN,NaN
1526083200,701.7430680313784,701.7430680313784,633.2,669.15,39.06233728692977,NaN,NaN
1526126400,685.4465340156892,690.2,651.04,675.605,40.92600126246182,NaN,NaN
1526169600,680.5257670078446,700.69,666.31,686.6424999999999,44.0755112757741,NaN,NaN
1526212800,683.5841335039222,742,683.5841335039222,715.4350000000001,51.36050268919195,NaN,NaN
1526256000,699.5095667519611,733.99,687,715.8525000000001,51.459243196162774,NaN,NaN
1526299200,707.6810333759806,743.9,686,717.6800000000001,51.91935371364692,NaN,NaN
1526342400,712.6805166879903,740,712.6805166879903,730,55.015066800008796,NaN,NaN
1526385600,721.3402583439952,735.85,695,717.0675,51.282432151770855,NaN,NaN
1526428800,719.2038791719976,719.2038791719976,673.52,698.9825,46.528295201320915,NaN,NaN
1526472000,709.0931895859987,709.0931895859987,678.01,699.31,46.62479360209318,NaN,NaN
1526515200,704.2015947929993,719.25,695,705.5,48.515972557932024,NaN,NaN
1526558400,704.8507973964997,708.56,662,684.9725,43.06640796639265,NaN,NaN
1526601600,694.9116486982498,694.9116486982498,656,672.4649999999999,40.11009830140726,NaN,NaN
1526644800,683.6883243491249,694.9,667.89,684.0424999999999,43.94582949817972,NaN,NaN
1526688000,683.8654121745624,709.16,682.31,698.4725,48.383164004035976,NaN,NaN
1526731200,691.1689560872812,717.8,684,701.99,49.4339771416068,NaN,NaN
1526774400,696.5794780436406,718.2,688.4,704.025,50.06731294868621,NaN,NaN
1526817600,700.3022390218202,729.88,700.3022390218202,716.5374999999999,53.8913493617764,NaN,NaN
1526860800,708.4198695109101,720.46,704.39,712.6324999999999,52.53902545595387,NaN,NaN
1526904000,710.526184755455,711.5,688,701.4300000000001,48.75899732768857,NaN,NaN
1526947200,705.9780923777275,705.9780923777275,681.13,690.375,45.29563559112144,NaN,NaN
1526990400,698.1765461888638,698.1765461888638,637.32,662.5025,37.97225877705934,NaN,NaN
1527033600,680.3395230944319,680.3395230944319,610,635.2125000000001,32.44167922800462,NaN,NaN
1527076800,657.7760115472161,657.7760115472161,560,596.7825,26.5723805878379,NaN,NaN
1527120000,627.279255773608,627.279255773608,550,576.0125,24.040848328980744,NaN,NaN
1527163200,601.6458778868041,604.46,555.01,581.6625,26.103257960156654,NaN,NaN
1527206400,591.654188943402,617.46,582.41,599.88,32.469991048181086,NaN,NaN
1527249600,595.7670944717011,607.05,568.7,589.7175,30.872076127666617,NaN,NaN
1527292800,592.7422972358505,606.29,578.32,592.4375,31.838930154449613,NaN,NaN
1527336000,592.5898986179252,607.62,582.1,593.8275,32.35957824851742,NaN,NaN
1527379200,593.2086993089627,593.2086993089627,572.01,581.4675,30.153911508615963,NaN,NaN
1527422400,587.3380996544813,587.3380996544813,557.43,570.1525,28.25521140707525,NaN,NaN
1527465600,578.7452998272406,578.7452998272406,523.61,549.995,25.209781597633025,NaN,NaN
1527508800,564.3701499136203,564.3701499136203,506.11,522.1575,21.726987548322725,NaN,NaN
1527552000,543.2638249568101,556.47,510,532.7175,25.908610051628855,NaN,NaN
1527595200,537.990662478405,573.43,537.990662478405,560.63,35.688635816316534,NaN,NaN
1527638400,549.3103312392025,585.83,549.3103312392025,569.755,38.54458975813174,NaN,NaN
1527681600,559.5326656196012,573.02,541.2,560.6025,36.780298529666354,NaN,NaN
1527724800,560.0675828098006,578.8,552.98,566.145,38.6127630757727,NaN,NaN
1527768000,563.1062914049003,586.73,563.1062914049003,576.75,42.07260903181426,NaN,NaN
1527811200,569.9281457024501,590.26,568.9,576.9,42.12229745671535,NaN,NaN
1527854400,573.414072851225,589.66,564.93,575.9325,41.87281054235675,NaN,NaN
1527897600,574.6732864256126,598,572.9,585.6575,45.375082257390076,NaN,NaN
1527940800,580.1653932128063,599.17,580.1653932128063,592.44,47.740045604433114,NaN,NaN
1527984000,586.3026966064032,628.81,586.3026966064032,607.4224999999999,52.619919302851685,NaN,NaN
1528027200,596.8625983032016,626.47,596.8625983032016,618.27,55.83538623602519,NaN,NaN
1528070400,607.5662991516008,625.47,591.2,607.1625,51.947744015591574,NaN,NaN
1528113600,607.3643995758005,607.3643995758005,580.15,590.8975,46.80823683791158,NaN,NaN
1528156800,599.1309497879002,609,570.36,589.35,46.33849634872816,NaN,NaN
1528200000,594.2404748939501,614,583,598.4525,49.5458532738098,NaN,NaN
1528243200,596.3464874469751,613.35,596.3464874469751,606.7649999999999,52.34696647890678,NaN,NaN
1528286400,601.5557437234875,612.67,593.4,604.87,51.64307112995959,NaN,NaN
1528329600,603.2128718617437,618,603.2128718617437,609.3399999999999,53.24031469877699,NaN,NaN
1528372800,606.2764359308718,611.5,598.24,605.76,51.76558062928223,NaN,NaN
1528416000,606.018217965436,608.45,595.1,601.3275,49.92178162215121,NaN,NaN
1528459200,603.672858982718,603.672858982718,593.33,597.8774999999999,48.474539438123976,NaN,NaN
1528502400,600.775179491359,608.97,598.51,602.9675,50.74335571153509,NaN,NaN
1528545600,601.8713397456795,605.98,591,598.81,48.85122110434242,NaN,NaN
1528588800,600.3406698728397,600.3406698728397,557.31,577.42,40.48658262458648,NaN,NaN
1528632000,588.8803349364198,588.8803349364198,501.13,540.7725,30.766531620323974,NaN,NaN
1528675200,564.8264174682099,564.8264174682099,509,525.6725,27.804499385435747,NaN,NaN
1528718400,545.249458734105,545.249458734105,508.66,527.0225,28.467563861236343,NaN,NaN
1528761600,536.1359793670525,538.88,520,530.4575,30.22359366795763,NaN,NaN
1528804800,533.2967396835263,533.2967396835263,482,510.06,26.12267302180625,NaN,NaN
1528848000,521.6783698417631,521.6783698417631,461,482.995,21.88033717290834,NaN,NaN
1528891200,502.33668492088157,502.33668492088157,449.06,470.38,20.231143114070008,NaN,NaN
1528934400,486.3583424604408,495.24,468.67,481.83250000000004,25.705958328597234,NaN,NaN
1528977600,484.0954212302204,529,460,499.06,33.13975537007612,NaN,NaN
1529020800,491.57771061511016,521,489.39,506.3325,36.04880758181444,NaN,NaN
1529064000,498.9551053075551,512.04,481.62,494.1925,33.433710742877594,NaN,NaN
1529107200,496.57380265377753,502.98,484,492.9775,33.17432788005806,NaN,NaN
1529150400,494.7756513268888,503.28,483.72,495.3,34.22479636551216,NaN,NaN
1529193600,495.03782566344444,507.6,495.03782566344444,500.2925,36.5343366933968,NaN,NaN
1529236800,497.6651628317222,503.45,492.7,498.54499999999996,36.05709554325049,NaN,NaN
1529280000,498.1050814158611,499.94,487.27,494.2575,34.854104971341144,NaN,NaN
1529323200,496.18129070793054,524.48,492.41,506.81500000000005,41.056909860330904,NaN,NaN
1529366400,501.4981453539653,542,501.4981453539653,525.9449999999999,49.020249478287326,NaN,NaN
1529409600,513.7215726769826,548.2,513.7215726769826,536.7075,52.877464632026445,NaN,NaN
1529452800,525.2145363384914,538.89,515.08,528.7375,49.86840054233563,NaN,NaN
1529496000,526.9760181692457,542.02,518.06,529.97,50.33904094477165,NaN,NaN
1529539200,528.4730090846228,544.98,528,536.375,52.81800828546413,NaN,NaN
1529582400,532.4240045423114,536.32,521.11,529.9625,50.12049270494818,NaN,NaN
1529625600,531.1932522711556,531.1932522711556,483.5,505.81250000000006,41.52015757404555,NaN,NaN
1529668800,518.5028761355778,518.5028761355778,450,471.5775,32.901279905936434,NaN,NaN
1529712000,495.0401880677889,495.0401880677889,455,466.7475,31.895321128155828,NaN,NaN
1529755200,480.8938440338944,481,462.83,472.46250000000003,34.44919366102907,NaN,NaN
1529798400,476.6781720169472,476.6781720169472,432,455.3875,30.740184556905163,NaN,NaN
1529841600,466.0328360084736,466.0328360084736,419.53,444.40500000000003,28.60678101047816,NaN,NaN
1529884800,455.2189180042368,467.93,444.37,457.99750000000006,34.651612910778724,NaN,NaN
1529928000,456.60820900211843,474.47,452.91,462.82500000000005,36.70149253290802,NaN,NaN
1529971200,459.71660450105924,460.81,452.07,456.96000000000004,35.25458905904678,NaN,NaN
1530014400,458.33830225052964,458.33830225052964,429,442.41999999999996,31.89728534924255,NaN,NaN
1530057600,450.3791511252648,450.3791511252648,425.46,432.9,29.8902208780452,NaN,NaN
1530100800,441.6395755626324,445.95,420.19,435.495,31.161739095359735,NaN,NaN
1530144000,438.56728778131617,443.96,430,437.79999999999995,32.33561550334123,NaN,NaN
1530187200,438.18364389065806,440,416.45,428.1375,30.024253531218875,NaN,NaN
1530230400,433.160571945329,433.160571945329,406.47,415.7375,27.32488581767427,NaN,NaN
1530273600,424.44903597266455,442,404.48,423.09749999999997,31.274447345629866,NaN,NaN
1530316800,423.77326798633226,463.15,423.77326798633226,446.49249999999995,42.05433073441836,NaN,NaN
1530360000,435.1328839931661,459,435.1328839931661,451.85249999999996,44.21333090628245,NaN,NaN
1530403200,443.49269199658306,457.77,443.49269199658306,453.2425,44.78784552241783,NaN,NaN
1530446400,448.36759599829156,455.8,443.73,451.6575,44.228510371863926,NaN,NaN
1530489600,450.0125479991458,454,444.16,450.2425,43.703772123943395,NaN,NaN
1530532800,450.1275239995729,481.83,449.24,464.505,50.126691738931555,NaN,NaN
1530576000,457.31626199978643,486.98,457.31626199978643,474.595,54.11513012459534,NaN,NaN
1530619200,465.95563099989323,472.5,457,465.92749999999995,50.38740348950892,NaN,NaN
1530662400,465.9415654999466,468.34,458.02,463.65749999999997,49.4271028997435,NaN,NaN
1530705600,464.7995327499733,482.7,462.96,469.92499999999995,52.13927744684896,NaN,NaN
1530748800,467.36226637498663,480,461.54,470.385,52.341295512269774,NaN,NaN
1530792000,468.8736331874933,477.5,458.8,469.245,51.758223730936294,NaN,NaN
1530835200,469.05931659374664,470.51,451.29,463.2025,48.66379810741307,NaN,NaN
1530878400,466.1309082968733,476,463.03,468.1325,51.22594761917708,NaN,NaN
1530921600,467.13170414843665,472.86,465.33,469.84250000000003,52.11859814723711,NaN,NaN
1530964800,468.48710207421834,487.99,461.5,476.4375,55.501152340999376,NaN,NaN
1531008000,472.46230103710917,492.89,472.46230103710917,486.635,60.18485971952247,NaN,NaN
1531051200,479.5486505185546,495.98,479.5486505185546,488.235,60.88059524434971,NaN,NaN
1531094400,483.8918252592773,488.98,478.67,484.18,58.10921268433322,NaN,NaN
1531137600,484.0359126296387,484.0359126296387,468.2,476.6075,53.23558110650306,NaN,NaN
1531180800,480.3217063148194,480.3217063148194,427.69,451.95750000000004,41.1398368818348,NaN,NaN
1531224000,466.13960315740974,466.13960315740974,428.92,435.2275,35.28072492683238,NaN,NaN
1531267200,450.68355157870485,452.69,424.2,438.355,37.08462340595384,NaN,NaN
1531310400,444.51927578935243,446.24,432.16,441.83500000000004,39.118073162725246,NaN,NaN
1531353600,443.1771378946762,445.36,426.5,436.57,37.161167840373466,NaN,NaN
1531396800,439.8735689473381,439.8735689473381,416.94,428.03,34.17480493327521,NaN,NaN
1531440000,433.951784473669,439.53,429.11,434.34,38.13104109954716,NaN,NaN
1531483200,434.14589223683447,442.47,424.62,434.28,38.10758757672521,NaN,NaN
1531526400,434.2129461184172,436.78,428.26,432.5125,37.3782291591252,NaN,NaN
1531569600,433.36272305920863,440,430.3,434.035,38.470661012372645,NaN,NaN
1531612800,433.6988615296043,448.45,430.52,439.815,42.56691058464841,NaN,NaN
1531656000,436.7569307648022,455,436.7569307648022,448.8775,48.37062329362986,NaN,NaN
1531699200,442.81721538240106,477.68,442.81721538240106,461.27,55.05848156596258,NaN,NaN
1531742400,452.0436076912005,480.57,452.0436076912005,475.665,61.32539245421675,NaN,NaN
1531785600,463.85430384560027,482.38,463.85430384560027,473.26750000000004,59.82898775744489,NaN,NaN
1531828800,468.56090192280016,512,465.29,485.7725,64.67123485756261,NaN,NaN
1531872000,477.16670096140007,515.47,477.16670096140007,501.61,69.65945059574935,NaN,NaN
1531915200,489.38835048070007,501,468.01,486.575,60.87247856659747,NaN,NaN
1531958400,487.98167524035,487.98167524035,469.02,477.37,56.19847764152251,NaN,NaN
1532001600,482.675837620175,484.15,462.57,473.89,54.4948928814993,NaN,NaN
1532044800,478.2829188100875,478.2829188100875,451.93,463.81750000000005,49.79025440632055,NaN,NaN
1532088000,471.0502094050438,471.0502094050438,440,456.37,46.5876784333879,NaN,NaN
1532131200,463.7101047025219,464.51,441.18,452.945,45.149403665484634,NaN,NaN
1532174400,458.3275523512609,468.97,454.99,460.31,48.80922084139294,NaN,NaN
1532217600,459.31877617563043,467.26,455.48,461.7175,49.502657656711065,NaN,NaN
1532260800,460.5181380878152,472.2,454.19,461.9375,49.61754005258903,NaN,NaN
1532304000,461.22781904390763,469.82,455,461.2475,49.239178625143474,NaN,NaN
1532347200,461.2376595219538,464.98,447.11,456.15500000000003,46.42537565828517,NaN,NaN
1532390400,458.69632976097694,477,448.47,462.675,50.33833554807047,NaN,NaN
1532433600,460.6856648804885,484.27,460.6856648804885,476.825,57.57960199704982,NaN,NaN
1532476800,468.7553324402443,485.77,467.18,475.3075,56.626002304494804,NaN,NaN
1532520000,472.03141622012214,478.91,464,471.135,53.978882123373566,NaN,NaN
1532563200,471.58320811006104,485,471.58320811006104,476.73,56.889148780702875,NaN,NaN
1532606400,474.1566040550305,480,460,470.15999999999997,52.67661459668657,NaN,NaN
1532649600,472.1583020275152,472.1583020275152,457.82,462.4325,48.159564747786526,NaN,NaN
1532692800,467.2954010137576,474,455.84,465.6375,50.071864967274486,NaN,NaN
1532736000,466.4664505068788,472,466.32,468.98749999999995,52.062379554933926,NaN,NaN
1532779200,467.7269752534394,469.45,460.82,466.775,50.62681160660205,NaN,NaN
1532822400,467.2509876267197,472,461.6,466.6725,50.55725978070119,NaN,NaN
1532865600,466.9617438133598,469.84,463.21,466.04499999999996,50.10345384565274,NaN,NaN
1532908800,466.5033719066799,469.79,459.33,464.2125,48.72789482245893,NaN,NaN
1532952000,465.35793595333996,465.35793595333996,446.1,456.65250000000003,43.430428817781326,NaN,NaN
1532995200,461.00521797667,461.00521797667,431.9,445.7725,37.16789260541304,NaN,NaN
1533038400,453.38885898833496,453.38885898833496,427,433.985,31.81524240376774,NaN,NaN
1533081600,443.6869294941675,443.6869294941675,411.62,425.86249999999995,28.743445814113656,NaN,NaN
1533124800,434.77471474708375,434.77471474708375,406.55,419.2275,26.49321163625325,NaN,NaN
1533168000,427.0011073735419,427.0011073735419,412.85,418.36,26.20435944040068,NaN,NaN
1533211200,422.68055368677096,422.68055368677096,407.43,412.1825,24.18241727379818,NaN,NaN
1533254400,417.4315268433855,417.4315268433855,396.61,407.39750000000004,22.72004406456638,NaN,NaN
1533297600,412.41451342169273,420.01,409,414.23249999999996,29.297175701401557,NaN,NaN
1533340800,413.32350671084635,419.53,412.02,415.79999999999995,30.75272221235619,NaN,NaN
1533384000,414.56175335542315,414.56175335542315,401.86,409.4125,28.204615802610178,NaN,NaN
1533427200,411.98712667771156,411.98712667771156,400.16,405.82000000000005,26.856775581079887,NaN,NaN
1533470400,408.9035633388558,413.24,402.88,407.84749999999997,28.921237385259957,NaN,NaN
1533513600,408.3755316694279,413.28,405.46,408.775,29.896031930067508,NaN,NaN
1533556800,408.57526583471395,409.5,397.08,404.86249999999995,28.142700128014013,NaN,NaN
1533600000,406.71888291735695,412.76,402.97,407.73,31.32179337739649,NaN,NaN
1533643200,407.2244414586785,410.24,369.19,391.935,24.81048203380513,NaN,NaN
1533686400,399.5797207293392,399.5797207293392,360.73,372.04499999999996,19.35419910089594,NaN,NaN
1533729600,385.8123603646696,385.8123603646696,347.25,360.3525,16.98890883284315,NaN,NaN
1533772800,373.0824301823348,373.0824301823348,354.63,357.78499999999997,16.511721023951182,NaN,NaN
1533816000,365.4337150911674,369.9,350.51,360.335,18.94677485180283,NaN,NaN
1533859200,362.8843575455837,365.87,353.5,359.8925,18.8440642176011,NaN,NaN
1533902400,361.3884287727918,363.65,325.95,344.59999999999997,15.68041958701356,NaN,NaN
1533945600,352.9942143863959,352.9942143863959,311,322.5175,12.43415550924584,NaN,NaN
1533988800,337.7558571931979,337.7558571931979,304.45,316.72,11.746588361296446,NaN,NaN
1534032000,327.237928596599,327.237928596599,313.42,320.04499999999996,14.661201530399055,NaN,NaN
1534075200,323.64146429829947,326.33,315.75,320.52750000000003,15.099379597274208,NaN,NaN
1534118400,322.0844821491497,322.0844821491497,313.43,317.9825,14.671469170573417,NaN,NaN
1534161600,320.03349107457484,320.03349107457484,280.68,300.74,12.157618824741675,NaN,NaN
1534204800,310.3867455372874,310.3867455372874,250,269.59000000000003,9.118058913153149,NaN,NaN
1534248000,289.9883727686437,289.9883727686437,252,267.8875,8.985827687225765,NaN,NaN
1534291200,278.93793638432186,291.64,277.19,282.8025,19.939744149746176,NaN,NaN
1534334400,280.8702181921609,304.45,276.3,286.4375,22.3912718663412,NaN,NaN
1534377600,283.65385909608045,298.6,277.55,288.2075,23.61776669364812,NaN,NaN
1534420800,285.9306795480402,298.45,281.11,290.51,25.272196805293078,NaN,NaN
1534464000,288.2203397740201,304.95,285,293.8975,27.751608275030478,NaN,NaN
1534507200,291.05891988701,318,291.05891988701,306.57,36.270352630845835,NaN,NaN
1534550400,298.81445994350497,321.33,298.81445994350497,313.1925,40.23614827544813,NaN,NaN
1534593600,306.0034799717525,312,281.79,299.69500000000005,35.40089614884002,NaN,NaN
1534636800,302.84923998587624,303.62,288.2,296.9225,34.48419922864002,NaN,NaN
1534680000,299.8858699929381,307.4,292,300.145,36.54108518023993,NaN,NaN
1534723200,300.015434996469,304.04,286.3,295.1075,34.706725018977,NaN,NaN
1534766400,297.5614674982345,297.5614674982345,269.5,280.845,30.099607566843673,NaN,NaN
1534809600,289.20323374911726,289.20323374911726,269.7,276.775,28.91984386926582,NaN,NaN
1534852800,282.9891168745586,282.9891168745586,271,278.8075,30.387228440912693,NaN,NaN
1534896000,280.8983084372793,298.89,277,285.535,35.15872849952257,NaN,NaN
1534939200,283.21665421863963,285.7,259.5,275.275,31.60120344053138,NaN,NaN
1534982400,279.2458271093198,279.2458271093198,267.55,270.71,30.13991825367748,NaN,NaN
1535025600,274.9779135546599,280.3,268.38,273.3725,32.11170427860732,NaN,NaN
1535068800,274.17520677732995,278.47,272.71,275.815,33.953370792729984,NaN,NaN
1535112000,274.995103388665,283.1,270.22,277.62,35.349152886192655,NaN,NaN
1535155200,276.30755169433246,282.71,275.99,279.6025,36.92581731496074,NaN,NaN
1535198400,277.9550258471662,281,276.96,278.5425,36.41446951704291,NaN,NaN
1535241600,278.2487629235831,278.2487629235831,268.69,274.7275,34.559539291400384,NaN,NaN
1535284800,276.48813146179157,276.48813146179157,271.13,274.13,34.26514175326565,NaN,NaN
1535328000,275.3090657308958,279.51,271.59,275.3275,35.45192610942287,NaN,NaN
1535371200,275.3182828654479,288.15,274.05,281.5025,41.33373174530271,NaN,NaN
1535414400,278.41039143272394,289.03,278.41039143272394,286.9325,45.99405955128444,NaN,NaN
1535457600,282.671445716362,298,282.671445716362,292.03999999999996,50.0161423116142,NaN,NaN
1535500800,287.35572285818097,297,287.35572285818097,294.2825,51.71641181911539,NaN,NaN
1535544000,290.8191114290905,296.37,283.55,290.78999999999996,48.92509994603856,NaN,NaN
1535587200,290.80455571454524,291,275.6,282.98,43.29728343947532,NaN,NaN
1535630400,286.89227785727263,287,271.88,279.94,41.3055822228352,NaN,NaN
1535673600,283.4161389286363,284.27,278.01,281.7925,43.025521887319904,NaN,NaN
1535716800,282.60431946431817,289,276.59,282.0025,43.228613354305715,NaN,NaN
1535760000,282.3034097321591,289.69,281.34,284.72,45.91532163382713,NaN,NaN
1535803200,283.5117048660795,302,283.5117048660795,292.09499999999997,52.48705742620305,NaN,NaN
1535846400,287.8033524330398,299.33,287.8033524330398,293.6975,53.800655062105626,NaN,NaN
1535889600,290.7504262165199,297,288.87,292.9675,53.08071441366843,NaN,NaN
1535932800,291.8589631082599,296.62,285.99,291.255,51.34491717800653,NaN,NaN
1535976000,291.55698155412995,293.36,286.36,288.9275,48.99961558399877,NaN,NaN
1536019200,290.242240777065,291.56,283.04,288.115,48.17240153407924,NaN,NaN
1536062400,289.1786203885325,292.64,283,287.4275,47.44256200877036,NaN,NaN
1536105600,288.30306019426627,288.30306019426627,251.3,270.445,33.814241562953484,NaN,NaN
1536148800,279.37403009713313,279.37403009713313,227,243.6625,22.72653708006169,NaN,NaN
1536192000,261.51826504856655,261.51826504856655,212,224.85000000000002,18.209779674025853,NaN,NaN
1536235200,243.18413252428329,243.18413252428329,218.13,226.5525,19.763913905041278,NaN,NaN
1536278400,234.86831626214166,234.86831626214166,213.5,224.0375,19.184002146659168,NaN,NaN
1536321600,229.45290813107084,229.45290813107084,214,217.83,17.796045529696556,NaN,NaN
1536364800,223.6414540655354,223.6414540655354,215.03,217.04999999999998,17.623504844881438,NaN,NaN
1536408000,220.34572703276768,220.34572703276768,190.01,205.66500000000002,15.292842588182182,NaN,NaN
1536451200,213.00536351638385,213.00536351638385,185.02,197.72,13.910327250531154,NaN,NaN
1536494400,205.3626817581919,208.6,191.8,199.5625,15.811119928981341,NaN,NaN
1536537600,202.46259087909596,203.42,192,197.13,15.32988985127686,NaN,NaN
1536580800,199.79629543954798,199.79629543954798,187.1,194.80249999999998,14.863725216637064,NaN,NaN
1536624000,197.299397719774,200.2,189.18,194.3275,14.765046450737486,NaN,NaN
1536667200,195.813448859887,195.813448859887,176.16,186,13.120479819051624,NaN,NaN
1536710400,190.9067244299435,190.9067244299435,167.32,177.125,11.6333166848366,NaN,NaN
1536753600,184.01586221497175,184.9,169.45,177.03,11.618136212516177,NaN,NaN
1536796800,180.52293110748587,195.36,180.52293110748587,189.2025,25.104064465089266,NaN,NaN
1536840000,184.86271555374293,215,184.86271555374293,203.99,37.567267979271136,NaN,NaN
1536883200,194.42635777687147,224.2,194.42635777687147,211.6025,42.840502320495446,NaN,NaN
1536926400,203.01442888843573,221.62,202.6,210.34250000000003,42.205087327662284,NaN,NaN
1536969600,206.67846444421787,219.79,206.67846444421787,213.23250000000002,44.247662120365334,NaN,NaN
1537012800,209.95548222210894,227.42,209.95548222210894,220.415,49.065608411342765,NaN,NaN
1537056000,215.18524111105447,222.64,208.1,217.9325,47.53654740820193,NaN,NaN
1537099200,216.55887055552722,223.5,214.1,219.285,48.47858472814537,NaN,NaN
1537142400,217.92193527776362,225,213.21,219.3975,48.56132195707439,NaN,NaN
1537185600,218.65971763888183,219.2,192.4,206.73,40.64622136294918,NaN,NaN
1537228800,212.69485881944092,212.69485881944092,193.47,197.6425,36.10036484992935,NaN,NaN
1537272000,205.16867940972048,215.47,198.23,205.39249999999998,42.05249288717825,NaN,NaN
1537315200,205.28058970486023,214.84,204.12,208.185,44.07394848999616,NaN,NaN
1537358400,206.73279485243012,213.4,197.58,206.5125,43.10409614395727,NaN,NaN
1537401600,206.62264742621505,213.19,206.62264742621505,210.6175,46.2314954606515,NaN,NaN
1537444800,208.62007371310753,226.68,205.56,217.2,50.89282372137201,NaN,NaN
1537488000,212.91003685655375,231,212.91003685655375,225.89,56.281262294868455,NaN,NaN
1537531200,219.40001842827687,252.11,219.40001842827687,237.70250000000001,62.3318672022896,NaN,NaN
1537574400,228.55125921413844,255.13,228.55125921413844,242.9475,64.66996969843123,NaN,NaN
1537617600,235.74937960706922,245.87,235.71,239.70250000000001,62.10166475825723,NaN,NaN
1537660800,237.72593980353463,249.73,237,243.4775,63.8979004721136,NaN,NaN
1537704000,240.6017199017673,247.4,239.63,244.41,64.3474222098054,NaN,NaN
1537747200,242.50585995088363,246.2,229.09,238.1925,59.066485011987155,NaN,NaN
1537790400,240.3491799754418,240.3491799754418,225.3,230.945,53.54960850215,NaN,NaN
1537833600,235.6470899877209,235.6470899877209,203.61,216.6975,44.70899901296572,NaN,NaN
1537876800,226.17229499386045,226.17229499386045,205.93,213.06,42.76770689240278,NaN,NaN
1537920000,219.61614749693024,219.9,207.5,215.9875,44.84344087675788,NaN,NaN
1537963200,217.80182374846513,223.6,211.65,216.67249999999999,45.34296329298091,NaN,NaN
1538006400,217.23716187423256,219.88,205.01,213.79749999999999,43.55986098279658,NaN,NaN
1538049600,215.51733093711627,234,215.51733093711627,223.67499999999998,50.72877823817419,NaN,NaN
1538092800,219.59616546855813,234.42,219.59616546855813,226.89249999999998,52.83053588346111,NaN,NaN
1538136000,223.24433273427906,227.51,215.53,222.21,49.51988885857035,NaN,NaN
1538179200,222.72716636713955,237.77,214.18,226.55749999999998,52.49635719082261,NaN,NaN
1538222400,224.64233318356975,236.63,224.64233318356975,231.98999999999998,55.98849974956526,NaN,NaN
1538265600,228.31616659178485,239,228.21,233.72000000000003,57.070802765462545,NaN,NaN
1538308800,231.01808329589244,238.32,226.5,233.45749999999998,56.84238866853318,NaN,NaN
1538352000,232.2377916479462,235.88,227.68,231.46749999999997,55.0438243451375,NaN,NaN
1538395200,231.8526458239731,232.2,224.46,229.3825,53.14639702954333,NaN,NaN
1538438400,230.61757291198654,232.51,227.77,230.0075,53.662043520796544,NaN,NaN
1538481600,230.31253645599327,230.31253645599327,223.37,226.70999999999998,50.50395750233482,NaN,NaN
1538524800,228.51126822799662,228.51126822799662,216.51,222.3575,46.60517051401147,NaN,NaN
1538568000,225.4343841139983,225.4343841139983,216.52,220.5375,45.03944921451655,NaN,NaN
1538611200,222.98594205699914,227.16,219.49,222.58999999999997,47.1940159941009,NaN,NaN
1538654400,222.78797102849956,225.72,220.25,222.9175,47.54735299181683,NaN,NaN
1538697600,222.8527355142498,225,219.35,222.62,47.23813902389481,NaN,NaN
1538740800,222.7363677571249,231.75,222.52,226.525,51.68012621772602,NaN,NaN
1538784000,224.63068387856245,228.86,224.26,226.6875,51.86174657944108,NaN,NaN
1538827200,225.6590919392812,226.19,223.15,225.0025,49.7726397766794,NaN,NaN
1538870400,225.3307959696406,226.86,221.48,224.075,48.611847975148585,NaN,NaN
1538913600,224.7028979848203,227.75,221.68,224.51000000000002,49.21012295483669,NaN,NaN
1538956800,224.60644899241015,227.52,224.21,226.08,51.4089409566575,NaN,NaN
1539000000,225.3432244962051,232.7,225.3432244962051,228.83749999999998,55.08673419357085,NaN,NaN
1539043200,227.09036224810254,231.02,227.09036224810254,229.0725,55.3965732740258,NaN,NaN
1539086400,228.08143112405128,229.67,226.56,228.1425,53.814379516873856,NaN,NaN
1539129600,228.11196556202566,228.78,224.05,226.8925,51.67792533416433,NaN,NaN
1539172800,227.50223278101282,227.9,224.76,226.41750000000002,50.85175523232885,NaN,NaN
1539216000,226.95986639050642,226.95986639050642,196,212.13,33.502286789146225,NaN,NaN
1539259200,219.5449331952532,219.5449331952532,189.01,195.875,23.626125950115807,NaN,NaN
1539302400,207.7099665976266,207.7099665976266,190.04,195.1825,23.310851105920534,NaN,NaN
1539345600,201.4462332988133,201.4462332988133,195.83,197.8325,27.30838279703866,NaN,NaN
1539388800,199.63936664940667,202.78,196.27,199.465,29.73817656175713,NaN,NaN
1539432000,199.55218332470332,202.08,199.55218332470332,201.22000000000003,32.355899175505456,NaN,NaN
1539475200,200.38609166235167,203.56,199.91,201.63,32.98406414595364,NaN,NaN
1539518400,201.00804583117582,203.01,194.33,199.0025,30.997450936902737,NaN,NaN
1539561600,200.0052729155879,239,194.6,213.0475,48.76232913572277,NaN,NaN
1539604800,206.52638645779396,223.83,206.52638645779396,217.29999999999998,52.73045790554482,NaN,NaN
1539648000,211.91319322889697,219.95,211.55,215.315,50.754525772469435,NaN,NaN
1539691200,213.6140966144485,216.5,212,214.74,50.16807717231405,NaN,NaN
1539734400,214.17704830722425,216.99,210,213.6875,49.05085208560345,NaN,NaN
1539777600,213.93227415361213,214.9,211.52,212.9575,48.24828645740596,NaN,NaN
1539820800,213.44488707680608,215.3,210.81,212.57999999999998,47.81261880964084,NaN,NaN
1539864000,213.01244353840303,213.01244353840303,203.53,208.3625,43.1272089360153,NaN,NaN
1539907200,210.68747176920152,210.68747176920152,204.45,206.23000000000002,40.942478694212504,NaN,NaN
1539950400,208.45873588460077,208.45873588460077,204.21,205.6875,40.382037459842735,NaN,NaN
1539993600,207.07311794230037,209.69,203.57,206.75749999999996,42.06647390789015,NaN,NaN
1540036800,206.91530897115018,209.39,206.91530897115018,208.23999999999998,44.40999994264546,NaN,NaN
1540080000,207.57765448557507,211.99,207.57765448557507,209.1325,45.830664463420455,NaN,NaN
1540123200,208.35507724278753,210.81,206.74,208.465,44.90632790104967,NaN,NaN
1540166400,208.41003862139377,209.3,205,207.39,43.388608188360436,NaN,NaN
1540209600,207.90001931069688,207.90001931069688,205,206.83499999999998,42.58832481939079,NaN,NaN
1540252800,207.36750965534844,207.8,202.14,205.08,40.071393640735444,NaN,NaN
1540296000,206.2237548276742,207.45,203.2,205.05249999999998,40.031470694397704,NaN,NaN
1540339200,205.63812741383708,207.77,205.63812741383708,206.51999999999998,43.27906392110437,NaN,NaN
1540382400,206.07906370691853,207.95,204.73,206.2075,42.74816444675228,NaN,NaN
1540425600,206.14328185345926,206.14328185345926,202.88,204.6175,40.055812864190266,NaN,NaN
1540468800,205.38039092672963,205.38039092672963,203.51,204.24,39.42099894485716,NaN,NaN
1540512000,204.81019546336483,209,203,205.46,42.58774373104717,NaN,NaN
1540555200,205.13509773168244,206.27,203.5,205.165,42.01580369213082,NaN,NaN
1540598400,205.1500488658412,206.15,204.41,205.10250000000002,41.88745468181093,NaN,NaN
1540641600,205.1262744329206,205.41,203.09,204.47250000000003,40.54301564691805,NaN,NaN
1540684800,204.79938721646033,205,203.8,204.3875,40.35481739353426,NaN,NaN
1540728000,204.59344360823016,205.94,203.62,204.71,41.4650406920611,NaN,NaN
1540771200,204.65172180411508,205.49,202.5,204.1275,40.016196560096006,NaN,NaN
1540814400,204.38961090205754,204.38961090205754,195.28,199.83,31.320993341780962,NaN,NaN
1540857600,202.10980545102876,202.10980545102876,196.7,197.47,27.75437832514639,NaN,NaN
1540900800,199.78990272551437,199.78990272551437,195.91,197.28,27.48303961772035,NaN,NaN
1540944000,198.53495136275717,198.53495136275717,195.68,196.87750000000003,26.88343904398316,NaN,NaN
1540987200,197.7062256813786,201.45,193.01,197.525,29.54636595431576,NaN,NaN
1541030400,197.61561284068932,199.51,197.61561284068932,198.64,34.00377377685291,NaN,NaN
1541073600,198.12780642034465,200.95,198.12780642034465,199.385,36.877397856441696,NaN,NaN
1541116800,198.75640321017232,202.3,198.75640321017232,200.54000000000002,41.15527937251577,NaN,NaN
1541160000,199.64820160508617,203.74,199.64820160508617,201.6625,45.05271662888526,NaN,NaN
1541203200,200.65535080254307,202.69,198.59,200.89000000000001,42.94468154096764,NaN,NaN
1541246400,200.77267540127156,201.05,199.2,200.1325,40.92264331046463,NaN,NaN
1541289600,200.45258770063577,203.37,199,201.13,44.6204511588205,NaN,NaN
1541332800,200.79129385031789,218.76,200.79129385031789,208.5825,63.16901763549331,NaN,NaN
1541376000,204.68689692515895,212.46,204.68689692515895,210.4425,66.21084081639873,NaN,NaN
1541419200,207.56469846257949,213.39,207.56469846257949,210.17749999999998,65.38232908378319,NaN,NaN
1541462400,208.87109923128975,216.96,208.87109923128975,212.445,68.96130753014015,NaN,NaN
1541505600,210.65804961564487,221.25,210.65804961564487,216.97,74.60395902735507,NaN,NaN
1541548800,213.81402480782242,224.8,213.81402480782242,221.375,78.66929963340289,NaN,NaN
1541592000,217.5945124039112,222.8,217.01,220.13,75.01433399238945,NaN,NaN
1541635200,218.8622562019556,220.78,213.78,217.2825,67.31156668479989,NaN,NaN
1541678400,218.0723781009778,218.18,212.49,214.7275,61.23556220668056,NaN,NaN
1541721600,216.3999390504889,216.3999390504889,210.95,212.6875,56.82502049472137,NaN,NaN
1541764800,214.54371952524446,214.54371952524446,209.1,210.9325,53.27030348788546,NaN,NaN
1541808000,212.73810976262223,213.65,210.5,211.9875,55.08907222312971,NaN,NaN
1541851200,212.36280488131112,215.55,209.02,212.70250000000001,56.329609615492586,NaN,NaN
1541894400,212.53265244065557,213.99,211.72,212.82750000000001,56.55554323411377,NaN,NaN
1541937600,212.6800762203278,213.73,209,211.90249999999997,54.316106398834116,NaN,NaN
1541980800,212.2912881101639,214.22,210.9,212.5575,55.65513911030224,NaN,NaN
1542024000,212.42439405508196,213.85,211,212.5575,55.65513911030224,NaN,NaN
1542067200,212.49094702754098,213.35,209.53,211.82,53.60345293157345,NaN,NaN
1542110400,212.1554735137705,213.8,209.2,211.0825,51.55665451634001,NaN,NaN
1542153600,211.61898675688525,211.61898675688525,202.38,206.76,41.54401774393071,NaN,NaN
1542196800,209.18949337844262,209.18949337844262,176.16,193.3875,25.223558454544914,NaN,NaN
1542240000,201.2884966892213,201.2884966892213,175,182.57750000000001,18.795547225952077,NaN,NaN
1542283200,191.93299834461067,191.93299834461067,170.99,179.50750000000002,17.436522057323657,NaN,NaN
1542326400,185.72024917230533,185.72024917230533,176.51,181.5475,21.498405692228815,NaN,NaN
1542369600,183.63387458615267,183.63387458615267,173,177.7775,19.581176043152453,NaN,NaN
1542412800,180.70568729307632,180.70568729307632,173.94,176.2825,18.8627892801305,NaN,NaN
1542456000,178.49409364653815,178.49409364653815,174.44,176.0675,18.756216392151103,NaN,NaN
1542499200,177.28079682326907,179.59,176.1,177.195,21.26840726164494,NaN,NaN
1542542400,177.23789841163455,182.94,176.63,178.85250000000002,24.942726981030347,NaN,NaN
1542585600,178.04519920581728,179.33,152,166.98250000000002,18.341276950929753,NaN,NaN
1542628800,172.51384960290864,172.51384960290864,146.47,153.435,13.839304787539831,NaN,NaN
1542672000,162.97442480145432,162.97442480145432,126.95,141.7575,11.271170853930414,NaN,NaN
1542715200,152.36596240072714,152.36596240072714,128.88,137.1125,10.441179650922777,NaN,NaN
1542758400,144.73923120036358,144.73923120036358,127.15,134.7475,10.035957318442527,NaN,NaN
1542801600,139.7433656001818,142,132.84,137.29000000000002,13.904426376997094,NaN,NaN
1542844800,138.5166828000909,140.4,133.05,136.59,13.729384089042199,NaN,NaN
1542888000,137.55334140004544,137.55334140004544,125.64,130.355,12.250096798325302,NaN,NaN
1542931200,133.9541707000227,133.9541707000227,118.56,124.8775,11.1168752712381,NaN,NaN
1542974400,129.41583535001135,129.41583535001135,120.25,124.28,10.997365296826871,NaN,NaN
1543017600,126.84791767500568,130.81,122.96,125.585,13.192375669395886,NaN,NaN
1543060800,126.21645883750284,126.21645883750284,112.32,119.07,11.6479349538061,NaN,NaN
1543104000,122.64322941875142,122.64322941875142,102.95,112.005,10.246973248221252,NaN,NaN
1543147200,117.3241147093757,122.35,108.61,115.47500000000001,15.615347513059717,NaN,NaN
1543190400,116.39955735468786,121.5,114.49,117.8775,19.218035868344955,NaN,NaN
1543233600,117.13852867734393,117.13852867734393,106.41,112.75000000000001,17.500734694605924,NaN,NaN
1543276800,114.94426433867197,114.94426433867197,102.36,107.255,15.864619634420919,NaN,NaN
1543320000,111.09963216933599,114.31,104.2,108.715,18.056623220301717,NaN,NaN
1543363200,109.907316084668,117.89,109.907316084668,114.10249999999999,25.744562904610802,NaN,NaN
1543406400,112.004908042334,126.8,112.004908042334,120.07,33.218386552400744,NaN,NaN
1543449600,116.037454021167,124,115.99,121.16,34.51489651693245,NaN,NaN
1543492800,118.5987270105835,122.73,114.78,119.29500000000002,33.32283699326706,NaN,NaN
1543536000,118.94686350529176,120.26,112.34,116.1225,31.339953523815424,NaN,NaN
1543579200,117.53468175264588,117.53468175264588,111.09,113.6275,29.83628017334472,NaN,NaN
1543622400,115.58109087632295,120.8,111.35,116.2475,33.44735036284294,NaN,NaN
1543665600,115.91429543816147,120.49,115.91429543816147,118.72999999999999,36.76807145993455,NaN,NaN
1543708800,117.32214771908073,120.73,116,117.8975,36.117250692300416,NaN,NaN
1543752000,117.60982385954037,118.66,116,116.99499999999999,35.385994413508996,NaN,NaN
1543795200,117.30241192977019,117.30241192977019,109.95,114.27499999999999,33.204009088847016,NaN,NaN
1543838400,115.78870596488508,115.78870596488508,106.7,110.88499999999999,30.66600077400463,NaN,NaN
1543881600,113.33685298244254,113.33685298244254,106,109.80000000000001,29.87880904457684,NaN,NaN
1543924800,111.56842649122127,113.2,109.02,110.85249999999999,31.710098177701823,NaN,NaN
1543968000,111.21046324561064,111.21046324561064,106,108.8275,30.082279657063225,NaN,NaN
1544011200,110.01898162280531,110.01898162280531,102.38,105.76249999999999,27.75948934436957,NaN,NaN
1544054400,107.89074081140265,107.89074081140265,95.97,101.0125,24.590541003859713,NaN,NaN
1544097600,104.45162040570133,104.45162040570133,90.2,96.1275,21.83045781358797,NaN,NaN
1544140800,100.28956020285067,100.28956020285067,82.66,88.53250000000001,18.376849770248825,NaN,NaN
1544184000,94.41103010142534,96.9,82.07,89.4525,20.02727863614578,NaN,NaN
1544227200,91.93176505071267,98,88.06,92.2025,24.9145747509086,NaN,NaN
1544270400,92.06713252535633,93.6,84.55,89.5575,23.4313667290985,NaN,NaN
1544313600,90.81231626267817,92.29,88.63,90.4875,25.119319629124305,NaN,NaN
1544356800,90.64990813133909,98.7,90.13,93.19,29.951839009620954,NaN,NaN
1544400000,91.91995406566954,95.21,90.04,92.58,29.48922791882741,NaN,NaN
1544443200,92.24997703283478,92.24997703283478,88.11,90.5025,27.908266436900547,NaN,NaN
1544486400,91.37623851641739,91.65,86.6,88.8925,26.713038583478138,NaN,NaN
1544529600,90.1343692582087,90.1343692582087,85.83,87.6125,25.768172540008294,NaN,NaN
1544572800,88.87343462910434,91.16,86.63,88.78999999999999,28.28130264410396,NaN,NaN
1544616000,88.83171731455217,91.31,88.83171731455217,89.7875,30.43003957611141,NaN,NaN
1544659200,89.30960865727607,89.79,87.77,88.9225,29.601798360971586,NaN,NaN
1544702400,89.11605432863803,90.71,84.71,87.6225,28.352799076852207,NaN,NaN
1544745600,88.36927716431902,88.36927716431902,85,86.05000000000001,26.87561541225088,NaN,NaN
1544788800,87.20963858215951,87.20963858215951,82.2,84.5325,25.495170122060273,NaN,NaN
1544832000,85.87106929107975,85.87106929107975,82.7,83.7975,24.82992826211752,NaN,NaN
1544875200,84.83428464553987,84.83428464553987,81.79,83.48,24.532146376156263,NaN,NaN
1544918400,84.15714232276994,87.64,83.73,85.465,30.17063092023811,NaN,NaN
1544961600,84.81107116138497,87.41,84.23,85.765,31.00957811000066,NaN,NaN
1545004800,85.28803558069248,86.88,84.4,85.515,30.67879883233475,NaN,NaN
1545048000,85.40151779034625,97,85.40151779034625,90.8025,44.22900453720247,NaN,NaN
1545091200,88.10200889517313,95.78,88.10200889517313,93.63499999999999,49.88082016397494,NaN,NaN
1545134400,90.86850444758656,101.3,90.86850444758656,96.8425,55.39345929835979,NaN,NaN
1545177600,93.85550222379328,104.47,93.85550222379328,101.91499999999999,62.43106002525117,NaN,NaN
1545220800,97.88525111189664,107.55,97.75,101.9875,62.52207278365032,NaN,NaN
1545264000,99.93637555594832,109.43,97.88,103.20500000000001,64.09512244086145,NaN,NaN
1545307200,101.57068777797417,116,101.57068777797417,110.64500000000001,71.86623744021007,NaN,NaN
1545350400,106.10784388898709,118,106.10784388898709,113.83,74.41877642432699,NaN,NaN
1545393600,109.96892194449354,116.49,104.76,110.88499999999999,68.25249107040148,NaN,NaN
1545436800,110.42696097224677,113.43,105.38,109.41250000000001,65.33736464439242,NaN,NaN
1545480000,109.9197304861234,115.5,108.5,112.58999999999999,68.46716637324357,NaN,NaN
1545523200,111.25486524306169,131.94,111.25486524306169,122.86999999999999,76.01321406704521,NaN,NaN
1545566400,117.06243262153083,130.7,117.06243262153083,128.0575,78.77367178880941,NaN,NaN
1545609600,122.55996631076542,150.14,122.55996631076542,137.76749999999998,82.7705899152848,NaN,NaN
1545652800,130.16373315538272,157.67,130.16373315538272,142.4675,84.31058856603843,NaN,NaN
1545696000,136.31561657769134,139.26,122.72,131.515,68.86371860863196,NaN,NaN
1545739200,133.91530828884567,133.91530828884567,119.68,126.02250000000001,62.66340253425215,NaN,NaN
1545782400,129.96890414442282,135.32,124.25,128.4125,64.17495298189615,NaN,NaN
1545825600,129.19070207221142,131.12,122.51,127.38,62.98856573152983,NaN,NaN
1545868800,128.2853510361057,131.09,120.3,126.08500000000001,61.454034599212044,NaN,NaN
1545912000,127.18517551805286,127.18517551805286,111.22,118.405,53.17965180269247,NaN,NaN
1545955200,122.79508775902643,122.79508775902643,111.87,115.27000000000001,50.207862925703076,NaN,NaN
1545998400,119.03254387951321,136.66,112.81,125.50500000000001,58.384308716944,NaN,NaN
1546041600,122.26877193975662,139.11,122.26877193975662,133.81,63.606619006682365,NaN,NaN
1546084800,128.0393859698783,145.42,128.0393859698783,135.22,64.42290106325183,NaN,NaN
1546128000,131.62969298493914,138.4,127.03,133.5125,62.59200786038987,NaN,NaN
1546171200,132.57109649246956,139,132.57109649246956,136.31,64.37821757645864,NaN,NaN
1546214400,134.44054824623478,138.66,132.01,135.6125,63.563263685839374,NaN,NaN
1546257600,135.02652412311738,137,128.7,132.78,60.228925876329676,NaN,NaN
1546300800,133.90326206155868,135.3,130,132.625,60.04331026528358,NaN,NaN
1546344000,133.26413103077934,140.67,131,136.1375,62.83826441827614,NaN,NaN
1546387200,134.70081551538965,149.11,134.70081551538965,143.445,67.87315903473541,NaN,NaN
1546430400,139.07290775769482,155.37,139.07290775769482,150.3825,71.78193264323221,NaN,NaN
1546473600,144.72770387884742,153.64,144.71,149.215,70.23327998828144,NaN,NaN
1546516800,146.9713519394237,148.91,143.11,146.2125,66.27334052783019,NaN,NaN
1546560000,146.59192596971184,154.8,143.54,148.495,67.7614456376098,NaN,NaN
1546603200,147.54346298485592,153.98,144.66,149.9975,68.73924144382853,NaN,NaN
1546646400,148.77048149242796,159.26,148.77048149242796,154.8025,71.69580373188404,NaN,NaN
1546689600,151.78649074621399,156.98,151.2,154.2325,70.83988697779621,NaN,NaN
1546732800,153.00949537310697,153.87,147.51,151.6775,66.97992372090297,NaN,NaN
1546776000,152.3434976865535,157.4,150.1,153.4725,68.28728890115455,NaN,NaN
1546819200,152.90799884327674,155.48,148.33,152.26500000000001,66.3832120452054,NaN,NaN
1546862400,152.5864994216384,152.5864994216384,147.86,150.2425,63.20430842339993,NaN,NaN
1546905600,151.4144997108192,151.4144997108192,145.2,148.6975,60.808733843000226,NaN,NaN
1546948800,150.0559998554096,151.65,147,148.98,61.099067693592396,NaN,NaN
1546992000,149.5179999277048,151.5,146.77,148.825,60.83278434867029,NaN,NaN
1547035200,149.1714999638524,149.9,147.07,148.63,60.475694191789735,NaN,NaN
1547078400,148.9007499819262,149.45,126.99,138.885,45.957096210131226,NaN,NaN
1547121600,143.8928749909631,143.8928749909631,121,127.135,35.035371013097304,NaN,NaN
1547164800,135.51393749548154,135.51393749548154,120.08,123.77749999999999,32.647804473720186,NaN,NaN
1547208000,129.64571874774077,129.64571874774077,120.59,123.6,32.52162520015197,NaN,NaN
1547251200,126.62285937387038,126.62285937387038,122.6,124.28250000000001,33.584524955305014,NaN,NaN
1547294400,125.4526796869352,126.19,122,123.89500000000001,33.26415051209918,NaN,NaN
1547337600,124.6738398434676,124.6738398434676,122.27,123.02749999999999,32.51632113980435,NaN,NaN
1547380800,123.8506699217338,124.25,111.87,118.2825,28.71382681093141,NaN,NaN
1547424000,121.06658496086689,121.06658496086689,113.94,115.2175,26.553737195516817,NaN,NaN
1547467200,118.14204248043345,130.05,114.92,121.775,37.40356394682863,NaN,NaN
1547510400,119.95852124021673,128.83,119.95852124021673,126.03999999999999,43.273146507300666,NaN,NaN
1547553600,122.99926062010836,129.4,116,122.4075,39.84613849767628,NaN,NaN
1547596800,122.70338031005417,122.81,118.52,120.44749999999999,38.09315155690047,NaN,NaN
1547640000,121.57544015502708,126.88,118.78,122.1675,40.564289330939474,NaN,NaN
1547683200,121.87147007751355,121.99,116.8,120.08999999999999,38.56205149855754,NaN,NaN
1547726400,120.98073503875676,122.99,118.4,120.75250000000001,39.58614097361715,NaN,NaN
1547769600,120.8666175193784,121.98,119.63,120.9075,39.83880774476654,NaN,NaN
1547812800,120.8870587596892,121.14,117.66,119.6075,38.38866453192676,NaN,NaN
1547856000,120.2472793798446,125.29,119.14,121.77,42.16028637848501,NaN,NaN
1547899200,121.00863968992229,123.93,121.00863968992229,122.89250000000001,44.07408200844445,NaN,NaN
1547942400,121.95056984496115,123.32,118.5,120.89,41.43982470587598,NaN,NaN
1547985600,121.42028492248058,121.42028492248058,115.68,117.89500000000001,37.80080084342958,NaN,NaN
1548028800,119.6576424612403,119.6576424612403,113.61,116.64000000000001,36.359940973539885,NaN,NaN
1548072000,118.14882123062016,118.5,114.19,116.43,36.11189551362643,NaN,NaN
1548115200,117.28941061531009,117.29,111.39,114.75,34.10728530692148,NaN,NaN
1548158400,116.01970530765504,119.49,114.33,116.5775,38.13063775517848,NaN,NaN
1548201600,116.29860265382752,118.59,116.29860265382752,117.75,40.63513363782766,NaN,NaN
1548244800,117.02430132691376,118.95,114.8,117.01,39.54704988332123,NaN,NaN
1548288000,117.01715066345687,117.01715066345687,113.61,115.73500000000001,37.675165787890066,NaN,NaN
1548331200,116.37607533172844,117.15,115.04,116.175,38.75257301965859,NaN,NaN
1548374400,116.27553766586422,117.5,114.3,115.94,38.371048642778284,NaN,NaN
1548417600,116.10776883293211,116.94,114.55,115.53,37.674155876450335,NaN,NaN
1548460800,115.81888441646606,118,115,116.09,39.29585211466747,NaN,NaN
1548504000,115.95444220823303,116.45,115.1,115.7825,38.7003841627813,NaN,NaN
1548547200,115.86847110411651,116.15,113.11,114.69,36.57952997241781,NaN,NaN
1548590400,115.27923555205825,115.27923555205825,111.04,112.92750000000001,33.39952239088335,NaN,NaN
1548633600,114.10336777602913,114.10336777602913,103.16,107.99000000000001,26.459835946177265,NaN,NaN
1548676800,111.04668388801457,111.04668388801457,100.91,104.25999999999999,22.633842002831074,NaN,NaN
1548720000,107.65334194400728,107.65334194400728,102.22,104.36250000000001,22.96349227206902,NaN,NaN
1548763200,106.00792097200365,106.61,103.64,104.61,23.80770035764874,NaN,NaN
1548806400,105.30896048600182,106,103.45,104.67500000000001,24.04312009678206,NaN,NaN
1548849600,104.99198024300091,109.8,104.73,106.92250000000001,31.880554576518634,NaN,NaN
1548892800,105.95724012150046,110.61,105.95724012150046,107.97749999999999,35.25757148336328,NaN,NaN
1548936000,106.96737006075023,107.25,105.46,106.4825,32.777780426993004,NaN,NaN
1548979200,106.72493503037512,108,103.77,106.285,32.45304569120405,NaN,NaN
1549022400,106.50496751518756,108.35,105.75,106.92750000000001,34.71887681438302,NaN,NaN
1549065600,106.71623375759378,108.33,106.07,107.25,35.88151948636022,NaN,NaN
1549108800,106.98311687879689,111.15,106.89,109.09,42.20585985052508,NaN,NaN
1549152000,108.03655843939845,111.11,107.5,109.29499999999999,42.88182923232349,NaN,NaN
1549195200,108.66577921969922,108.66577921969922,105.82,107.4375,38.48904385181327,NaN,NaN
1549238400,108.05163960984962,109.3,106.62,107.495,38.6983887001268,NaN,NaN
1549281600,107.77331980492481,108.67,106.57,107.41,38.489847554286655,NaN,NaN
1549324800,107.5916599024624,108.18,106.73,107.555,39.092825029733866,NaN,NaN
1549368000,107.5733299512312,107.76,106.47,107.28999999999999,38.35285431620818,NaN,NaN
1549411200,107.4316649756156,107.83,101.21,104.7325,32.04802664286082,NaN,NaN
1549454400,106.08208248780781,106.77,101.94,103.965,30.43127573234787,NaN,NaN
1549497600,105.0235412439039,106.18,103.82,104.8875,34.69566191165585,NaN,NaN
1549540800,104.95552062195196,105.43,103.91,104.70750000000001,34.254446919493745,NaN,NaN
1549584000,104.83151031097599,109.5,103.41,106.44,41.91132879735808,NaN,NaN
1549627200,105.635755155488,123,105.635755155488,114.67,63.59891343033744,NaN,NaN
1549670400,110.152877577744,120.3,110.152877577744,119.17,70.159258919238,NaN,NaN
1549713600,114.661438788872,121.99,114.661438788872,119.585,70.683990833618,NaN,NaN
1549756800,117.123219394436,119.75,115.81,118.02,65.97266813768377,NaN,NaN
1549800000,117.57160969721801,126.49,116.25,121.2975,70.419407727276,NaN,NaN
1549843200,119.434554848609,125.28,119.24,122.5375,71.91479953326731,NaN,NaN
1549886400,120.9860274243045,123.5,119.56,121.11,67.6734362213081,NaN,NaN
1549929600,121.04801371215225,121.49,118.18,120.285,65.27729789881457,NaN,NaN
1549972800,120.66650685607613,123.89,119.51,121.5925,67.25607478231876,NaN,NaN
1550016000,121.12950342803806,126.47,121.12950342803806,123.42750000000001,69.85270836962364,NaN,NaN
1550059200,122.27850171401903,123.44,120.7,122.265,66.26743975856886,NaN,NaN
1550102400,122.27175085700952,124.5,120.1,121.79,64.8038327735224,NaN,NaN
1550145600,122.03087542850477,122.75,120.19,121.015,62.38290060098421,NaN,NaN
1550188800,121.52293771425238,123.5,120.19,121.535,63.37164861819374,NaN,NaN
1550232000,121.52896885712619,124.25,120.3,122.05000000000001,64.37049495003757,NaN,NaN
1550275200,121.7894844285631,123,121.54,122.275,64.82184586497351,NaN,NaN
1550318400,122.03224221428155,124.99,122.03224221428155,123.24499999999999,66.77587905616542,NaN,NaN
1550361600,122.63862110714078,130.9,122.43,125.7475,71.21779190158378,NaN,NaN
1550404800,124.19306055357039,135.61,124.19306055357039,130.16,77.04530626168109,NaN,NaN
1550448000,127.1765302767852,141,127.1765302767852,136.90249999999997,82.78201190989846,NaN,NaN
1550491200,132.03951513839257,148.3,132.03951513839257,143.5675,86.40017583533374,NaN,NaN
1550534400,137.80350756919628,150,137.80350756919628,146.635,87.68303409948324,NaN,NaN
1550577600,142.21925378459815,148.47,142.21925378459815,145.155,83.58625922065565,NaN,NaN
1550620800,143.6871268922991,147.28,139.6,144.20250000000001,80.96440458557922,NaN,NaN
1550664000,143.94481344614957,149.52,143.94481344614957,147.41000000000003,82.9085911880938,NaN,NaN
1550707200,145.6774067230748,149.61,142.7,146.33249999999998,79.95433080708901,NaN,NaN
1550750400,146.0049533615374,146.09,142.87,144.8025,75.82282803229324,NaN,NaN
1550793600,145.4037266807687,147.89,143.85,146.13,76.93640647190907,NaN,NaN
1550836800,145.76686334038436,148.85,145.76686334038436,147.385,77.96948615480298,NaN,NaN
1550880000,146.57593167019218,148.5,145.78,147.32999999999998,77.80500428923885,NaN,NaN
1550923200,146.95296583509608,159.6,146.8,152.96,81.99267827169633,NaN,NaN
1550966400,149.95648291754804,166,149.95648291754804,161.17,86.10871810098966,NaN,NaN
1551009600,155.56324145877403,163.71,131.7,147.6975,61.33348272110087,NaN,NaN
1551052800,151.630370729387,151.630370729387,131.89,135.2125,47.65093112558566,NaN,NaN
1551096000,143.4214353646935,143.4214353646935,135.5,137.925,50.247786477915604,NaN,NaN
1551139200,140.67321768234677,140.67321768234677,133.72,136.555,48.927620911946356,NaN,NaN
1551182400,138.6141088411734,138.6141088411734,133.8,135.8475,48.22299884399566,NaN,NaN
1551225600,137.2308044205867,138.92,134.48,137.055,49.55817423180301,NaN,NaN
1551268800,137.14290221029336,140.29,126.84,135.1775,47.50684620007236,NaN,NaN
1551312000,136.16020110514668,138.15,134.12,136.05,48.57218576526221,NaN,NaN
1551355200,136.10510055257333,139,132.1,135.8375,48.31500080771925,NaN,NaN
1551398400,135.97130027628668,136.95,135,135.7225,48.166364341327366,NaN,NaN
1551441600,135.84690013814333,137.95,134.9,135.945,48.49650343410746,NaN,NaN
1551484800,135.89595006907166,136.12,130.03,133.78,45.46227014453984,NaN,NaN
1551528000,134.83797503453582,134.83797503453582,130.34,132.59000000000003,43.838703979916716,NaN,NaN
1551571200,133.71398751726792,134.6,132.53,133.325,45.14182658286936,NaN,NaN
1551614400,133.51949375863396,133.78,128.01,131.5075,42.51482510502116,NaN,NaN
1551657600,132.51349687931696,132.51349687931696,122.6,127.20750000000001,37.025038895542764,NaN,NaN
1551700800,129.8604984396585,129.8604984396585,123.73,125.36250000000001,34.940288250607225,NaN,NaN
1551744000,127.61149921982926,128.99,125.19,127.01750000000001,38.29653921308726,NaN,NaN
1551787200,127.31449960991463,137.84,127.31449960991463,132.7125,48.19933918003348,NaN,NaN
1551830400,130.01349980495732,140.29,130.01349980495732,137.245,54.463170331328556,NaN,NaN
1551873600,133.62924990247865,138.66,133.62924990247865,137.4925,54.784693516159685,NaN,NaN
1551916800,135.56087495123933,140.2,135.2,137.325,54.50421224790809,NaN,NaN
1551960000,136.44293747561966,138.28,135.8,136.85500000000002,53.67383586296464,NaN,NaN
1552003200,136.64896873780984,138,135.17,136.575,53.154285012368284,NaN,NaN
1552046400,136.61198436890493,139.34,130.62,134.9475,50.11757629695611,NaN,NaN
1552089600,135.77974218445246,138.61,132.93,135.58,51.2824386558539,NaN,NaN
1552132800,135.67987109222622,138.65,135.32,137.1325,54.11484175564738,NaN,NaN
1552176000,136.4061855461131,137.5,134,135.9875,51.72626499850222,NaN,NaN
1552219200,136.19684277305657,136.49,134.13,135.29500000000002,50.28074699608969,NaN,NaN
1552262400,135.7459213865283,136.15,131.9,133.89749999999998,47.40186080135478,NaN,NaN
1552305600,134.82171069326415,134.82171069326415,131,132.48499999999999,44.62097499832897,NaN,NaN
1552348800,133.65335534663205,135.3,130.77,133.15,46.220612181919165,NaN,NaN
1552392000,133.40167767331604,134.55,131.9,133.48250000000002,47.04426441113322,NaN,NaN
1552435200,133.44208883665803,133.65,130.58,132.35250000000002,44.547253530314144,NaN,NaN
1552478400,132.897294418329,133.25,131,131.8675,43.48051876763682,NaN,NaN
1552521600,132.3823972091645,132.5,131.08,131.6675,43.02299975853858,NaN,NaN
1552564800,132.02494860458225,135.11,128.52,131.805,43.46345428963511,NaN,NaN
1552608000,131.9149743022911,135.3,131.9149743022911,133.6575,49.16514071891739,NaN,NaN
1552651200,132.78623715114554,137.62,132.78623715114554,135.7975,54.83203166611154,NaN,NaN
1552694400,134.29186857557278,144.47,134.29186857557278,139.9325,63.33676078938386,NaN,NaN
1552737600,137.1121842877864,142.26,136.7,140.51,64.34646390628987,NaN,NaN
1552780800,138.81109214389318,141.07,137.2,139.53,61.26312825671359,NaN,NaN
1552824000,139.1705460719466,140.37,138.31,139.0625,59.79124310465517,NaN,NaN
1552867200,139.1165230359733,142.01,136.1,138.505,58.001615040863754,NaN,NaN
1552910400,138.81076151798663,138.81076151798663,136.98,137.54000000000002,54.93645633842201,NaN,NaN
1552953600,138.17538075899333,139.38,136.97,137.935,55.96232491594744,NaN,NaN
1552996800,138.05519037949665,139.05,137.03,138.08999999999997,56.38194088725019,NaN,NaN
1553040000,138.0725951897483,138.9,136.01,137.91750000000002,55.745323998839325,NaN,NaN
1553083200,137.99504759487417,139.66,136.91,138.4375,57.31013483307896,NaN,NaN
1553126400,138.21627379743708,139.55,137.86,138.82500000000002,58.48808915615219,NaN,NaN
1553169600,138.52063689871855,139.5,131.21,136.10250000000002,48.386133620027856,NaN,NaN
1553212800,137.3115684493593,137.3115684493593,134.29,135.31,45.90085621029307,NaN,NaN
1553256000,136.31078422467965,137.2,135.51,136.1,48.727992699814806,NaN,NaN
1553299200,136.20539211233984,138.21,135.6,136.705,50.846471163038885,NaN,NaN
1553342400,136.45519605616994,137.33,135.93,136.91750000000002,51.60287125501499,NaN,NaN
1553385600,136.68634802808498,137.37,135.69,136.745,50.9178846606824,NaN,NaN
1553428800,136.7156740140425,137.14,134.75,136.155,48.544355664163845,NaN,NaN
1553472000,136.43533700702125,136.83,135.58,136.07500000000002,48.21615502517663,NaN,NaN
1553515200,136.25516850351062,136.25516850351062,131.6,134.2975,41.50223089473709,NaN,NaN
1553558400,135.27633425175532,135.27633425175532,133.07,133.78750000000002,39.79022407869652,NaN,NaN
1553601600,134.53191712587767,134.53191712587767,132.27,133.57999999999998,39.083803285159874,NaN,NaN
1553644800,134.05595856293883,138.93,133.84,136.36249999999998,51.51461966534116,NaN,NaN
1553688000,135.2092292814694,140.14,135.2092292814694,138.905,59.62264674219898,NaN,NaN
1553731200,137.0571146407347,139.57,137.0571146407347,138.485,57.90015510153104,NaN,NaN
1553774400,137.77105732036736,138.5,137.3,137.8225,55.191585395041535,NaN,NaN
1553817600,137.7967786601837,142.27,137.62,139.7475,60.91321539515948,NaN,NaN
1553860800,138.77213933009185,143.6,138.77213933009185,142.075,66.48553614654674,NaN,NaN
1553904000,140.42356966504593,145.89,140.42356966504593,143.08499999999998,68.57889635371892,NaN,NaN
1553947200,141.75428483252296,142.64,140.06,141.84,63.32792546471366,NaN,NaN
1553990400,141.79714241626147,142.5,140.42,141.8225,63.254610153405764,NaN,NaN
1554033600,141.80982120813073,141.98,140.58,141.4675,61.69427015950486,NaN,NaN
1554076800,141.63866060406536,143.08,139.57,141.49,61.758657285154,NaN,NaN
1554120000,141.5643303020327,142.67,139.74,141.385,61.24132292463593,NaN,NaN
1554163200,141.47466515101632,152.31,141,146.4875,73.05395935486487,NaN,NaN
1554206400,143.98108257550817,165.6,143.98108257550817,157.91500000000002,84.46979913826476,NaN,NaN
1554249600,150.9480412877541,175.25,150.9480412877541,165.7575,88.17298839730375,NaN,NaN
1554292800,158.35277064387705,177.81,149.23,163.235,81.44586768635887,NaN,NaN
1554336000,160.79388532193855,164,156.76,160.4475,74.66651931795002,NaN,NaN
1554379200,160.62069266096927,162,152.8,158.315,69.87472822522717,NaN,NaN
1554422400,159.46784633048463,165.71,155.94,160.7625,72.08869196183576,NaN,NaN
1554465600,160.1151731652423,167.83,160.1151731652423,164.48,75.08393424512398,NaN,NaN
1554508800,162.29758658262114,165.16,159.2,162.905,71.5792170746585,NaN,NaN
1554552000,162.60129329131058,172.77,162,165.6775,73.8896547122792,NaN,NaN
1554595200,164.1393966456553,169.1,164.06,166.4175,74.48584413366056,NaN,NaN
1554638400,165.27844832282764,175.43,164.63,170.315,77.41135024570623,NaN,NaN
1554681600,167.7967241614138,185.87,167.7967241614138,175.59,80.64589983224556,NaN,NaN
1554724800,171.6933620807069,182.5,170.9,175.805,80.76678585474153,NaN,NaN
1554768000,173.74918104035345,179.17,171.05,176.46,81.15300407996772,NaN,NaN
1554811200,175.1045905201767,177.78,173.86,175.7875,79.39028172683084,NaN,NaN
1554854400,175.44604526008834,181.6,174,177.1725,80.33752111424192,NaN,NaN
1554897600,176.30927263004418,183.77,168,176.85,79.4221567554861,NaN,NaN
1554940800,176.57963631502207,177.48,158.27,168.85500000000002,60.8975556555769,NaN,NaN
1554984000,172.71731815751104,172.71731815751104,160.62,163.235,51.758677442527194,NaN,NaN
1555027200,167.97615907875553,167.97615907875553,158.11,163.28,51.82102385622371,NaN,NaN
1555070400,165.62807953937778,165.62807953937778,162.12,163.82,52.61247162338898,NaN,NaN
1555113600,164.7240397696889,165.37,160.74,162.7825,50.88298848891637,NaN,NaN
1555156800,163.75326988484443,163.99,161.23,162.4975,50.39294032762462,NaN,NaN
1555200000,163.12538494242222,163.94,161.2,162.70749999999998,50.769178068548655,NaN,NaN
1555243200,162.9164424712111,168.11,162.27,165.07750000000001,54.92422390904728,NaN,NaN
1555286400,163.99697123560554,168.81,163.99697123560554,166.3475,57.01770200863202,NaN,NaN
1555329600,165.17223561780276,166.55,155.7,161.83499999999998,48.41384873790539,NaN,NaN
1555372800,163.50361780890137,163.71,159.41,161.3175,47.52809795976555,NaN,NaN
1555416000,162.41055890445068,166.73,160,163.5875,51.70225668219012,NaN,NaN
1555459200,162.99902945222533,167.28,162.99902945222533,165.6425,55.17841846786931,NaN,NaN
1555502400,164.32076472611266,166.62,164,165.6125,55.11605283102266,NaN,NaN
1555545600,164.96663236305633,173,164.96663236305633,168.52749999999997,59.86308416603922,NaN,NaN
1555588800,166.74706618152817,175.2,166.74706618152817,172.2825,64.99848105065658,NaN,NaN
1555632000,169.51478309076407,173.55,168.59,171.99,64.30824555486032,NaN,NaN
1555675200,170.75239154538204,173.37,170.11,172.15,64.53013285156862,NaN,NaN
1555718400,171.45119577269102,176.97,171.45119577269102,173.505,66.43330105004722,NaN,NaN
1555761600,172.4780978863455,173.46,169.87,172.19,62.905705479945105,NaN,NaN
1555804800,172.33404894317275,173.48,165.71,169.73000000000002,56.82661281231954,NaN,NaN
1555848000,171.0320244715864,171.0320244715864,164.82,167.4075,51.74264650901065,NaN,NaN
1555891200,169.2197622357932,171.35,167,169.35750000000002,55.35420786925618,NaN,NaN
1555934400,169.2886311178966,172.3,167.58,170.225,56.899578209834274,NaN,NaN
1555977600,169.7568155589483,175.83,169.43,172.27249999999998,60.38496657411479,NaN,NaN
1556020800,171.01465777947413,174.32,167.78,171.14249999999998,57.61579155013726,NaN,NaN
1556064000,171.07857888973706,171.07857888973706,160.68,165.8175,46.738470973800965,NaN,NaN
1556107200,168.44803944486853,168.44803944486853,159.26,163.1825,42.466104392810536,NaN,NaN
1556150400,165.81526972243427,165.81526972243427,160.9,163.7025,43.56250469787524,NaN,NaN
1556193600,164.75888486121713,164.75888486121713,150.35,158.36,35.97683120150636,NaN,NaN
1556236800,161.55944243060856,162.56,151.4,156.25,33.49600189419908,NaN,NaN
1556280000,158.90472121530428,159.09,153.6,156.7475,34.64040399801094,NaN,NaN
1556323200,157.82611060765214,166.24,156.83,159.485,40.688460191202324,NaN,NaN
1556366400,158.65555530382608,162.17,156.35,158.7025,39.56153649593612,NaN,NaN
1556409600,158.67902765191303,160.1,158.07,159.3575,41.03374208032014,NaN,NaN
1556452800,159.01826382595652,160.24,156.92,158.7475,40.05518314692411,NaN,NaN
1556496000,158.88288191297826,159.05,154.12,156.68,36.847752790411924,NaN,NaN
1556539200,157.78144095648912,157.78144095648912,152,155.025,34.46841045198332,NaN,NaN
1556582400,156.40322047824458,160.3,155.11,157.54500000000002,40.74283657419616,NaN,NaN
1556625600,156.9741102391223,162.89,156.9741102391223,160.4725,47.08168492276189,NaN,NaN
1556668800,158.72330511956113,163.88,158.72330511956113,161.5675,49.26771351672547,NaN,NaN
1556712000,160.14540255978056,161.92,158.36,160.3275,46.904740214250175,NaN,NaN
1556755200,160.23645127989028,161.74,159.43,160.5275,47.343414417554584,NaN,NaN
1556798400,160.38197563994515,163.48,158.5,161.15249999999997,48.76791643810796,NaN,NaN
1556841600,160.76723781997256,170.86,160.76723781997256,165.2625,57.00502139838466,NaN,NaN
1556884800,163.01486890998626,170,163.01486890998626,167.9475,61.374176702990226,NaN,NaN
1556928000,165.48118445499313,171.3,160.79,166.03249999999997,56.93058105089232,NaN,NaN
1556971200,165.75684222749655,165.75684222749655,159.76,163.12,50.895164925085716,NaN,NaN
1557014400,164.4384211137483,165.36,161.87,163.40750000000003,51.44240185470595,NaN,NaN
1557057600,163.92296055687416,164.69,159.18,162.39,49.34641756817288,NaN,NaN
1557100800,163.15648027843707,165.75,157.55,162.85750000000002,50.347432093696796,NaN,NaN
1557144000,163.00699013921854,178.05,163.00699013921854,169.96750000000003,62.48872018362047,NaN,NaN
1557187200,166.4872450696093,182.76,166.4872450696093,176.675,69.95316547591483,NaN,NaN
1557230400,171.58112253480465,179.85,167.89,173.73000000000002,63.93728562782051,NaN,NaN
1557273600,172.65556126740233,172.65556126740233,164.8,169.35000000000002,56.19666442188127,NaN,NaN
1557316800,171.00278063370118,173.17,168.23,170.875,58.098745656987255,NaN,NaN
1557360000,170.93889031685057,173.88,169.26,171.1025,58.38903155768646,NaN,NaN
1557403200,171.02069515842527,172.18,166.57,170.01,56.36942284930927,NaN,NaN
1557446400,170.51534757921263,176.2,168.46,172.065,59.226297443495206,NaN,NaN
1557489600,171.2901737896063,176.7,170.52,173.195,60.748281811087224,NaN,NaN
1557532800,172.24258689480314,194.89,172.24258689480314,182.21249999999998,70.28166261721002,NaN,NaN
1557576000,177.22754344740156,205.23,177.22754344740156,192.5625,77.14345695149552,NaN,NaN
1557619200,184.89502172370078,204.32,184.89502172370078,192.78499999999997,77.2649867418956,NaN,NaN
1557662400,188.84001086185037,192.77,181,187.96,68.73056495864165,NaN,NaN
1557705600,188.4000054309252,193,185.32,189.39749999999998,69.80080680440669,NaN,NaN
1557748800,188.8987527154626,206.87,188.8987527154626,196.12750000000003,74.24519559083055,NaN,NaN
1557792000,192.51312635773132,215.98,192.51312635773132,203.3225,77.97681429325172,NaN,NaN
1557835200,197.91781317886566,219.81,197.91781317886566,210.91,81.0886344133194,NaN,NaN
1557878400,204.41390658943283,223,204.41390658943283,218.9975,83.72787451405212,NaN,NaN
1557921600,211.70570329471641,250.27,211.70570329471641,234.7825,87.41852255260517,NaN,NaN
1557964800,223.2441016473582,273.52,223.2441016473582,253.46749999999997,90.24032648638132,NaN,NaN
1558008000,238.3558008236791,279.76,238.3558008236791,259.135,90.90653145870523,NaN,NaN
1558051200,248.74540041183954,268.74,224.36,246.645,78.23248490298474,NaN,NaN
1558094400,247.69520020591978,247.69520020591978,223.43,235.54500000000002,69.02255236166228,NaN,NaN
1558137600,241.6201001029599,248,230.62,239.40500000000003,70.33061020085434,NaN,NaN
1558180800,240.51255005147996,241.17,232.84,235.56,67.28285923207781,NaN,NaN
1558224000,238.03627502574,259.5,231.77,244.28500000000003,70.41577725496325,NaN,NaN
1558267200,241.16063751287,264,241.16063751287,256.0125,74.01727447188436,NaN,NaN
1558310400,248.58656875643499,259.49,244.51,252.565,71.27054117073587,NaN,NaN
1558353600,250.5757843782175,256.1,238,247.84,67.5695612886723,NaN,NaN
1558396800,249.20789218910875,255.12,246.06,250.32000000000002,68.49432340434726,NaN,NaN
1558440000,249.7639460945544,262,248.16,253.3125,69.62004624072543,NaN,NaN
1558483200,251.5382230472772,260.18,249.5,253.70999999999998,69.77453727515848,NaN,NaN
1558526400,252.6241115236386,256.96,239.63,248.0075,64.69201060747673,NaN,NaN
1558569600,250.3158057618193,250.3158057618193,231.1,238.9375,57.515779925974336,NaN,NaN
1558612800,244.62665288090966,247.34,235,240.71499999999997,58.48765406110283,NaN,NaN
1558656000,242.67082644045482,252.44,241.54,247.445,62.02941915375591,NaN,NaN
1558699200,245.05791322022742,254.35,245.05791322022742,250.0225,63.32015755479971,NaN,NaN
1558742400,247.54020661011373,257.33,247.22,251.9225,64.28397270110491,NaN,NaN
1558785600,249.73135330505687,255.21,248,251.945,64.29593728288816,NaN,NaN
1558828800,250.83817665252843,251.41,245.11,248.19750000000002,60.65158510843957,NaN,NaN
1558872000,249.5178383262642,269.4,245.3,256.2975,65.2379653317006,NaN,NaN
1558915200,252.9076691631321,269.39,252.9076691631321,265.4925,69.57353098991044,NaN,NaN
1558958400,259.20008458156605,279.59,259.20008458156605,268.97499999999997,71.04641000410822,NaN,NaN
1559001600,264.087542290783,274.27,264.087542290783,270.2825,71.60223106124661,NaN,NaN
1559044800,267.1850211453915,275.95,264.45,270.415,71.66160102042303,NaN,NaN
1559088000,268.8000105726958,271.31,260.05,267.5025,68.28231089798358,NaN,NaN
1559131200,268.1512552863479,274.04,267.49,269.48,69.3395018096136,NaN,NaN
1559174400,268.81562764317397,287.83,266.6,276.695,72.88997565207025,NaN,NaN
1559217600,272.755313821587,288.62,240.14,266.6625,62.11828054300342,NaN,NaN
1559260800,269.70890691079353,269.70890691079353,245.21,253.60750000000002,51.4609906246841,NaN,NaN
1559304000,261.6582034553968,268.72,254.24,261.625,56.407367740686,NaN,NaN
1559347200,261.6416017276984,275.5,261.6416017276984,269.4175,60.60898084309877,NaN,NaN
1559390400,265.5295508638492,269.81,260.68,265.995,57.96638637581041,NaN,NaN
1559433600,265.7622754319246,273,263.2,267.7075,58.93127365585742,NaN,NaN
1559476800,266.73488771596226,273.2,265.25,269.4075,59.914978917368764,NaN,NaN
1559520000,268.07119385798114,270,255.51,264.3125,55.61537380302068,NaN,NaN
1559563200,266.19184692899057,266.19184692899057,248,256.31,49.595324179456036,NaN,NaN
1559606400,261.25092346449526,261.25092346449526,241,246.9325,43.634802177742486,NaN,NaN
1559649600,254.09171173224763,254.09171173224763,234.39,243.4075,41.61037604630884,NaN,NaN
1559692800,248.74960586612383,248.74960586612383,240.07,243.66250000000002,41.82065870798194,NaN,NaN
1559736000,246.20605293306193,250.41,237.37,244.65,42.68154124554914,NaN,NaN
1559779200,245.42802646653098,247.5,242,245.305,43.28104539780585,NaN,NaN
1559822400,245.3665132332655,250.66,235.01,245.1325,43.1530360954472,NaN,NaN
1559865600,245.24950661663274,250.84,243.46,247.4925,45.526782937924786,NaN,NaN
1559908800,246.37100330831638,253.28,245.69,248.64749999999998,46.699816648250284,NaN,NaN
1559952000,247.50925165415816,250.53,244.81,248.1725,46.25863585348472,NaN,NaN
1559995200,247.8408758270791,248.55,240.37,245.18,43.47226496397542,NaN,NaN
1560038400,246.51043791353953,246.51043791353953,238.55,242.22000000000003,40.851112822827005,NaN,NaN
1560081600,244.36521895676978,244.36521895676978,226.56,235.65250000000003,35.70683544611603,NaN,NaN
1560124800,240.00885947838492,243.42,227.03,235.85500000000002,35.97455661348498,NaN,NaN
1560168000,237.93192973919247,247.45,237.93192973919247,244.08499999999998,45.844602012895585,NaN,NaN
1560211200,241.00846486959622,247.8,237.55,242.88750000000002,44.763295113314115,NaN,NaN
1560254400,241.94798243479812,247.19,236.49,241.90249999999997,43.847184590249334,NaN,NaN
1560297600,241.92524121739905,249.68,241.92524121739905,246.03,48.59472875354247,NaN,NaN
1560340800,243.9776206086995,261.87,243.9776206086995,254.2775,56.507548781928,NaN,NaN
1560384000,249.12756030434974,262.98,249.12756030434974,258.9525,60.243299915905844,NaN,NaN
1560427200,254.04003015217486,261.74,253.69,256.67,57.640128042467985,NaN,NaN
1560470400,255.35501507608745,257.27,251.75,254.42,55.11201329527778,NaN,NaN
1560513600,254.88750753804374,264.26,253.17,258.47,58.629405489758085,NaN,NaN
1560556800,256.6787537690219,265.83,256.6787537690219,262.885,62.11456981219695,NaN,NaN
1560600000,259.78187688451095,272.27,259.78187688451095,265.8175,64.26776628533426,NaN,NaN
1560643200,262.7996884422555,277.06,262.7996884422555,269.99249999999995,67.13187506317603,NaN,NaN
1560686400,266.3960942211277,273.42,263.31,268.515,65.14190968038102,NaN,NaN
1560729600,267.4555471105639,276,266.81,270.34,66.46425465663044,NaN,NaN
1560772800,268.8977735552819,274.67,268,271.68,67.44090720413521,NaN,NaN
1560816000,270.288886777641,273.58,264.2,269.47,64.12406124116758,NaN,NaN
1560859200,269.8794433888205,269.8794433888205,261.45,265.5425,58.60755508579471,NaN,NaN
1560902400,267.71097169441026,270,263.59,266.56,59.577766328215084,NaN,NaN
1560945600,267.13548584720513,269.22,265.26,267.635,60.62777741488767,NaN,NaN
1560988800,267.38524292360256,270.72,265.71,267.95000000000005,60.947891538649316,NaN,NaN
1561032000,267.66762146180133,273.63,266.5,269.655,62.71493923638208,NaN,NaN
1561075200,268.66131073090065,291.27,268.66131073090065,280.5225,71.55103176438746,NaN,NaN
1561118400,274.5919053654503,295.94,274.5919053654503,290.22749999999996,76.8315144237841,NaN,NaN
1561161600,282.40970268272514,310.78,282.40970268272514,300.355,80.83019102314472,NaN,NaN
1561204800,291.38235134136255,314.39,291.38235134136255,307.0175,82.9187979664157,NaN,NaN
1561248000,299.1999256706813,319.35,299.1999256706813,311.5625,84.18469357138292,NaN,NaN
1561291200,305.38121283534065,321.7,305.38121283534065,311.6875,84.21933259469654,NaN,NaN
1561334400,308.5343564176703,311.48,298,306.83750000000003,77.1580189134063,NaN,NaN
1561377600,307.6859282088352,314.41,306.04,310.39250000000004,78.57595829229282,NaN,NaN
1561420800,309.0392141044176,316.19,309.0392141044176,312.73499999999996,79.47987532353997,NaN,NaN
1561464000,310.88710705220876,318.99,307,314.3625,80.10783996349456,NaN,NaN
1561507200,312.6248035261044,340.8,312.6248035261044,328.8625,84.62288225655601,NaN,NaN
1561550400,320.7436517630522,366.8,319,341.49749999999995,87.32302866815904,NaN,NaN
1561593600,331.12057588152607,347,296.68,325.13,70.14094677987472,NaN,NaN
1561636800,328.12528794076303,328.12528794076303,280.01,303.59749999999997,54.85038438086107,NaN,NaN
1561680000,315.8613939703815,315.8613939703815,295.22,304.39750000000004,55.240788576653806,NaN,NaN
1561723200,310.1294469851908,313.58,302,309.3575,57.68389549261599,NaN,NaN
1561766400,309.7434734925954,311.3,295.18,306.65000000000003,55.890526247530374,NaN,NaN
1561809600,308.1967367462977,324.74,301.72,313.31500000000005,59.24919876264465,NaN,NaN
1561852800,310.75586837314887,323.5,302.25,311.89,58.22833093017708,NaN,NaN
1561896000,311.32293418657446,311.32293418657446,290.12,298.5125,49.59006628368565,NaN,NaN
1561939200,304.91771709328725,304.91771709328725,289.61,295.51,47.87342557253742,NaN,NaN
1561982400,300.2138585466436,300.2138585466436,280.13,292.175,45.96991233999008,NaN,NaN
1562025600,296.1944292733218,297.57,272.65,285.45,42.316085082925056,NaN,NaN
1562068800,290.8222146366609,293.88,275.5,284.3875,41.751450804431556,NaN,NaN
1562112000,287.60485731833046,299.33,285,291.77,47.03925145199355,NaN,NaN
1562155200,289.6874286591652,302.89,289,296.0875,49.9035013608109,NaN,NaN
1562198400,292.8874643295826,302.74,290.65,296.82,50.39367931597498,NaN,NaN
1562241600,294.85373216479127,296,280.53,288.015,44.72822801792037,NaN,NaN
1562284800,291.4343660823956,294.89,280.78,287.78999999999996,44.590273344193044,NaN,NaN
1562328000,289.6121830411978,293.6,284.4,289.5475,45.99151870994475,NaN,NaN
1562371200,289.5798415205989,293.55,286.72,289.36,45.85827811992462,NaN,NaN
1562414400,289.4699207602995,296.71,285.28,290.0475,46.47063834569773,NaN,NaN
1562457600,289.75871038014975,294.87,284.25,290.185,46.600722671227494,NaN,NaN
1562500800,289.97185519007485,309.69,289.65,299.33500000000004,54.52110099847667,NaN,NaN
1562544000,294.65342759503744,309.65,294.65342759503744,305.3625,58.8509357254547,NaN,NaN
1562587200,300.00796379751876,313.74,300.00796379751876,308.97749999999996,61.23468441261212,NaN,NaN
1562630400,304.49273189875936,318.19,304.49273189875936,311.345,62.756349629709725,NaN,NaN
1562673600,307.91886594937966,311.79,302.69,307.95000000000005,59.169538989647556,NaN,NaN
1562716800,307.93443297468986,314.18,305.93,308.7525,59.75507265376057,NaN,NaN
1562760000,308.3434664873449,310.3,281.04,297.0025,48.73496674152007,NaN,NaN
1562803200,302.67298324367243,302.67298324367243,262.12,278.2975,37.02797154217544,NaN,NaN
1562846400,290.4852416218362,290.4852416218362,262.98,269.89750000000004,33.17399713804538,NaN,NaN
1562889600,280.1913708109181,280.1913708109181,266.21,272.25750000000005,35.214212654292695,NaN,NaN
1562932800,276.2244354054591,277.35,269,274.0475,36.79051146812138,NaN,NaN
1562976000,275.13596770272954,275.13596770272954,264.95,270.2575,34.85669237605599,NaN,NaN
1563019200,272.6967338513648,272.6967338513648,262.2,267.3525,33.40721353122416,NaN,NaN
1563062400,270.0246169256824,270.0246169256824,239.29,255.2,28.136187781834025,NaN,NaN
1563105600,262.61230846284116,262.61230846284116,222.81,233.8375,21.664991910208954,NaN,NaN
1563148800,248.22490423142057,248.22490423142057,203.08,221.075,18.872359045481502,NaN,NaN
1563192000,234.64995211571028,235.58,220.03,227.5575,24.215850833426387,NaN,NaN
1563235200,231.10372605785514,234.5,221.31,226.95749999999998,24.05790523892003,NaN,NaN
1563278400,229.03061302892758,229.03061302892758,192.25,209.815,20.036813116902536,NaN,NaN
1563321600,219.4228065144638,219.4228065144638,191.84,198.0875,17.839982359950966,NaN,NaN
1563364800,208.75515325723188,219.86,193.6,205.09000000000003,23.25093119005379,NaN,NaN
1563408000,206.92257662861596,221.82,206.05,213.53500000000003,29.298396509318763,NaN,NaN
1563451200,210.228788314308,229.65,205.71,219.14000000000001,33.06799218882148,NaN,NaN
1563494400,214.684394157154,226.23,214.684394157154,220.7775,34.17223603029029,NaN,NaN
1563537600,217.730947078577,222.65,212.52,218.0875,33.20314188740059,NaN,NaN
1563580800,217.90922353928852,228.5,217.90922353928852,223.54,37.097100350946725,NaN,NaN
1563624000,220.72461176964424,235.09,220.72461176964424,227.95749999999998,40.141666859368485,NaN,NaN
1563667200,224.3410558848221,229.66,222.25,226.5375,39.48016625936316,NaN,NaN
1563710400,225.43927794241105,226.62,216.99,223.74,38.14647386755705,NaN,NaN
1563753600,224.58963897120555,228.34,219.2,224.075,38.414768924479894,NaN,NaN
1563796800,224.33231948560277,224.33231948560277,212.25,219.125,35.934467315088284,NaN,NaN
1563840000,221.72865974280137,221.72865974280137,209.12,214.26999999999998,33.64025173050743,NaN,NaN
1563883200,217.99932987140068,219.55,208.36,213.23250000000002,33.15313707288399,NaN,NaN
1563926400,215.61591493570035,215.61591493570035,202,208.655,31.018989082215256,NaN,NaN
1563969600,212.1354574678502,218.28,206.64,212.1725,34.507818959531946,NaN,NaN
1564012800,212.1539787339251,225.12,212.1539787339251,219.6875,41.334541746501365,NaN,NaN
1564056000,215.92073936696255,224.55,215.59,220.3375,41.898670118256845,NaN,NaN
1564099200,218.1291196834813,219.16,212.71,217.0525,39.81490912383696,NaN,NaN
1564142400,217.59080984174065,220,214.18,217.53499999999997,40.28467352628164,NaN,NaN
1564185600,217.56290492087032,223.3,205.64,213.8525,37.856068900274956,NaN,NaN
1564228800,215.70770246043514,215.70770246043514,203,206.8025,33.670987856406256,NaN,NaN
1564272000,211.25510123021758,212,206.17,208.85000000000002,35.88779814480489,NaN,NaN
1564315200,210.0525506151088,213.52,198.24,208.315,35.553432925912944,NaN,NaN
1564358400,209.1837753075544,215.83,206.59,210.725,38.3403453005674,NaN,NaN
1564401600,209.9543876537772,213.48,206.91,210.06,37.85391168888643,NaN,NaN
1564444800,210.0071938268886,211.79,204.4,208.975,37.0284519635436,NaN,NaN
1564488000,209.4910969134443,214.36,208.12,210.25250000000003,38.72278962352477,NaN,NaN
1564531200,209.87179845672216,213.76,209.2,211.285,40.125005612337716,NaN,NaN
1564574400,210.5783992283611,218.79,210.5783992283611,215.59249999999997,45.70688674165967,NaN,NaN
1564617600,213.08544961418053,219.39,210.54,215.4825,45.59000227643391,NaN,NaN
1564660800,214.28397480709026,217.77,212.7,215.2225,45.29515828550461,NaN,NaN
1564704000,214.75323740354514,222.18,214.75323740354514,218.29000000000002,49.44898569811008,NaN,NaN
1564747200,216.52161870177258,221,214.31,218.025,49.10211400629203,NaN,NaN
1564790400,217.27330935088628,224.51,216.62,220.30499999999998,52.2083681608362,NaN,NaN
1564833600,218.78915467544311,223.33,218.5,221.5925,53.918618962336794,NaN,NaN
1564876800,220.19082733772154,223.34,216.9,220.29500000000002,51.90283567149369,NaN,NaN
1564920000,220.24291366886078,222.89,218.12,220.41,52.07385795811514,NaN,NaN
1564963200,220.3264568344304,236.25,220.3264568344304,228.24999999999997,61.99527556347933,NaN,NaN
1565006400,224.28822841721518,235.95,224.28822841721518,232.98999999999998,66.50937823097584,NaN,NaN
1565049600,228.63911420860757,239.15,226.7,232.2525,65.2115221149052,NaN,NaN
1565092800,230.44580710430378,230.87,223.03,227.435,57.34020700455791,NaN,NaN
1565136000,228.9404035521519,228.9404035521519,223.6,226.69,56.21026073152368,NaN,NaN
1565179200,227.81520177607595,231.25,220.95,226.67249999999999,56.18225388865041,NaN,NaN
1565222400,227.24385088803797,228.5,223.69,225.66,54.49059886569484,NaN,NaN
1565265600,226.45192544401897,226.45192544401897,215.51,221.68249999999998,48.3336936280905,NaN,NaN
1565308800,224.06721272200946,224.06721272200946,207.95,215.44249999999997,40.58594329516722,NaN,NaN
1565352000,219.75485636100473,219.75485636100473,207.3,210.2175,35.46023764435587,NaN,NaN
1565395200,214.98617818050235,215,202.6,208.0575,33.57261438374948,NaN,NaN
1565438400,211.52183909025118,211.52183909025118,203.01,205.7975,31.672848132281416,NaN,NaN
1565481600,208.6596695451256,215,206.14,209.775,38.29118192832962,NaN,NaN
1565524800,209.21733477256282,216.94,209.21733477256282,213.61749999999998,43.94046351763414,NaN,NaN
1565568000,211.4174173862814,216.81,210,213.5325,43.84484230658348,NaN,NaN
1565611200,212.4749586931407,213.54,209.75,211.4025,41.412808269668915,NaN,NaN
1565654400,211.93872934657037,214.3,208.35,211.395,41.40409941942916,NaN,NaN
1565697600,211.6668646732852,211.6668646732852,204,209.0625,38.67979651310323,NaN,NaN
1565740800,210.3646823366426,210.3646823366426,205.8,208.04,37.514497100593765,NaN,NaN
1565784000,209.2023411683213,209.2023411683213,183.49,196.50000000000003,27.459649171333822,NaN,NaN
1565827200,202.85117058416068,202.85117058416068,181.26,185.89749999999998,21.703905724069884,NaN,NaN
1565870400,194.37433529208033,194.37433529208033,181.23,186,21.87439619011974,NaN,NaN
1565913600,190.18716764604017,190.18716764604017,178.04,184.51999999999998,21.157993811962953,NaN,NaN
1565956800,187.35358382302007,187.68,182.13,184.6075,21.322054668976293,NaN,NaN
1566000000,185.98054191151004,186.57,182.86,184.83249999999998,21.77283406185805,NaN,NaN
1566043200,185.406520955755,187,181.83,184.8725,21.858548636524432,NaN,NaN
1566086400,185.1395104778775,190.46,183.35,187.36,27.200652711811145,NaN,NaN
1566129600,186.24975523893875,197.91,186.24975523893875,193.01250000000002,37.63435528972098,NaN,NaN
1566172800,189.6311276194694,202.69,189.6311276194694,197.4275,44.343975923949905,NaN,NaN
1566216000,193.5293138097347,203.59,193.5293138097347,200.44,48.421550067751284,NaN,NaN
1566259200,196.98465690486734,202.75,194.45,199.23250000000002,46.93714931711605,NaN,NaN
1566302400,198.10857845243368,198.81,194.8,196.94000000000003,44.16871556322241,NaN,NaN
1566345600,197.52428922621687,197.52428922621687,186.02,192.01999999999998,38.86998065762557,NaN,NaN
1566388800,194.77214461310842,194.77214461310842,179.53,185.925,33.507212597657315,NaN,NaN
1566432000,190.34857230655422,190.34857230655422,182.8,186.685,34.716700014933195,NaN,NaN
1566475200,188.5167861532771,195.14,185.76,189.3825,38.96064089113234,NaN,NaN
1566518400,188.94964307663855,193.62,188.16,190.45749999999998,40.61739540418901,NaN,NaN
1566561600,189.70357153831927,196.19,189.31,192.2975,43.44682710645258,NaN,NaN
1566604800,191.00053576915963,194.09,186.52,190.9025,41.81991465490726,NaN,NaN
1566648000,190.9515178845798,191.58,185.63,189.1825,39.8390534287601,NaN,NaN
1566691200,190.0670089422899,191.19,187.99,189.79,40.90376805040253,NaN,NaN
1566734400,189.92850447114495,192.4,182.8,187.78249999999997,38.48022827294563,NaN,NaN
1566777600,188.85550223557246,193.7,186.54,189.33499999999998,41.37319729604484,NaN,NaN
1566820800,189.09525111778623,190.8,186,189.0025,40.92927410404714,NaN,NaN
1566864000,189.04887555889312,189.04887555889312,184.75,187.065,38.347264327539875,NaN,NaN
1566907200,188.05693777944657,189.49,184.89,186.95,38.19325348109681,NaN,NaN
1566950400,187.50346888972328,187.50346888972328,184.32,186.30999999999997,37.29553416608429,NaN,NaN
1566993600,186.90673444486163,188.25,166.48,178.4925,28.487471168460942,NaN,NaN
1567036800,182.69961722243082,182.69961722243082,166.14,170.39,22.544539006781264,NaN,NaN
1567080000,176.5448086112154,176.5448086112154,163.61,168.3375,21.33059500473091,NaN,NaN
1567123200,172.4411543056077,172.4411543056077,165.75,168.82,22.38858540931976,NaN,NaN
1567166400,170.63057715280385,170.63057715280385,165.55,168.47250000000003,22.157465098995957,NaN,NaN
1567209600,169.55153857640192,169.7,167.49,168.32,22.049888558282987,NaN,NaN
1567252800,168.93576928820096,174.98,165.63,169.94,26.151629896047538,NaN,NaN
1567296000,169.43788464410048,173.42,168.51,170.8375,28.39950250410341,NaN,NaN
1567339200,170.13769232205024,172.46,167.61,170.16750000000002,27.721132283597328,NaN,NaN
1567382400,170.15259616102514,172.3,170.02,171.265,30.643646959296248,NaN,NaN
1567425600,170.70879808051257,181,170.70879808051257,175.5475,40.716583746339154,NaN,NaN
1567468800,173.1281490402563,180.5,173.1281490402563,177.41500000000002,44.50184882176099,NaN,NaN
1567512000,175.27157452012815,183,175.27157452012815,178.7975,47.190086975111086,NaN,NaN
1567555200,177.0345372600641,180.14,176.1,178.17249999999999,46.10286872056933,NaN,NaN
1567598400,177.60351863003206,178.15,173,175.8775,42.25328480751638,NaN,NaN
1567641600,176.74050931501603,176.74050931501603,168.1,172.43,37.224929138297824,NaN,NaN
1567684800,174.58525465750802,176.19,170.52,172.955,38.426634817557364,NaN,NaN
1567728000,173.77012732875403,177.87,173.01,175.245,43.50669381747567,NaN,NaN
1567771200,174.50756366437702,177.08,165,171.88750000000002,38.49233563742861,NaN,NaN
1567814400,173.19753183218853,173.5,168.3,170.715,36.893193615231056,NaN,NaN
1567857600,171.95626591609425,180.8,170.86,175.31,46.3074154772884,NaN,NaN
1567900800,173.63313295804713,184.18,173.63313295804713,179.4475,53.09294259220555,NaN,NaN
1567944000,176.54031647902355,182.67,176.54031647902355,180.44,54.575913644457984,NaN,NaN
1567987200,178.49015823951177,185.38,176.01,181.33749999999998,55.93266388550734,NaN,NaN
1568030400,179.91382911975586,183.4,178.32,181.2625,55.782721335159565,NaN,NaN
1568073600,180.58816455987792,184.36,180.22,181.585,56.32490494826964,NaN,NaN
1568116800,181.08658227993897,181.63,177,179.90499999999997,52.69974528458282,NaN,NaN
1568160000,180.49579113996947,182.8,175.39,179.24249999999998,51.29762518256916,NaN,NaN
1568203200,179.8691455699847,179.8691455699847,173,177.3825,47.47832467462862,NaN,NaN
1568246400,178.62582278499235,178.87,176.62,178,48.84015955382965,NaN,NaN
1568289600,178.31291139249618,182.38,178.13,179.85500000000002,52.79951068710533,NaN,NaN
1568332800,179.0839556962481,181.38,178.14,179.85,52.78765196326024,NaN,NaN
1568376000,179.46697784812403,181.37,177.54,179.755,52.54616849960605,NaN,NaN
1568419200,179.610988924062,181.57,179.610988924062,180.655,54.662185816194835,NaN,NaN
1568462400,180.132994462031,188.79,179.92,184.2875,62.02286556186042,NaN,NaN
1568505600,182.2102472310155,190.45,182.2102472310155,188.18499999999997,68.02182823307506,NaN,NaN
1568548800,185.19762361550772,189.98,185.19762361550772,188.54,68.50975751823137,NaN,NaN
1568592000,186.86881180775384,195.25,186.86881180775384,191.6725,72.49746577676868,NaN,NaN
1568635200,189.27065590387693,199.44,188.3,194.5775,75.58520235415307,NaN,NaN
1568678400,191.92407795193844,198.9,191.92407795193844,197.4975,78.23084128446402,NaN,NaN
1568721600,194.71078897596922,215.13,194.71078897596922,204.7525,83.12397297562885,NaN,NaN
1568764800,199.73164448798462,217.27,199.73164448798462,211.08249999999998,86.06670137417413,NaN,NaN
1568808000,205.4070722439923,214.83,205.4070722439923,211.64000000000001,86.29339315240433,NaN,NaN
1568851200,208.52353612199616,210.28,202.3,207.3875,76.12002253731234,NaN,NaN
1568894400,207.9555180609981,223.94,206.63,214.3725,80.24067663602317,NaN,NaN
1568937600,211.16400903049905,221.54,211.16400903049905,218.685,82.27435251038628,NaN,NaN
1568980800,214.9245045152495,220,212.05,217.14999999999998,79.15162936294811,NaN,NaN
1569024000,216.03725225762474,221.5,214.41,217.5625,79.37814438433863,NaN,NaN
1569067200,216.79987612881237,218.85,213.2,215.86,75.72142593283218,NaN,NaN
1569110400,216.32993806440618,216.32993806440618,207.48,212.1775,68.38336418696474,NaN,NaN
1569153600,214.2537190322031,214.2537190322031,206.1,210.115,64.6069657586188,NaN,NaN
1569196800,212.18435951610155,212.18435951610155,207.08,209.84,64.09868939357597,NaN,NaN
1569240000,211.01217975805076,211.01217975805076,198.65,205.02249999999998,55.814644460881034,NaN,NaN
1569283200,208.01733987902537,208.01733987902537,194.58,199.09750000000003,47.65689514638195,NaN,NaN
1569326400,203.5574199395127,203.5574199395127,150.03,177.77499999999998,30.423627332848625,NaN,NaN
1569369600,190.66620996975632,190.66620996975632,161.88,167.235,25.512491587649365,NaN,NaN
1569412800,178.95060498487817,178.95060498487817,164.29,168.4275,26.94929651429007,NaN,NaN
1569456000,173.6890524924391,173.6890524924391,167.07,169.19,27.90687494733089,NaN,NaN
1569499200,171.43952624621954,171.43952624621954,152.11,164.1125,25.508941331553416,NaN,NaN
1569542400,167.77601312310978,167.8,163.61,165.685,27.58425784129666,NaN,NaN
1569585600,166.73050656155488,176.72,161.03,169.23499999999999,32.17806492982818,NaN,NaN
1569628800,167.98275328077744,175.49,167.98275328077744,173.52750000000003,37.35301953993771,NaN,NaN
1569672000,170.75512664038874,175.22,168,172.285,36.485210828859124,NaN,NaN
1569715200,171.52006332019437,174.5,168.34,171.44,35.87478542763441,NaN,NaN
1569758400,171.48003166009718,171.97,164.12,168.6875,33.88598522138574,NaN,NaN
1569801600,170.0837658300486,175.1,165.01,170.51,36.400089245115616,NaN,NaN
1569844800,170.2968829150243,181.24,170.2968829150243,176.5975,44.0529378109212,NaN,NaN
1569888000,173.44719145751213,185.53,173.44719145751213,181.0075,48.85425523582341,NaN,NaN
1569931200,177.22734572875606,182.32,173.19,177.86249999999998,45.83338670239536,NaN,NaN
1569974400,177.544922864378,177.544922864378,173.65,175.9525,44.0518649542707,NaN,NaN
1570017600,176.748711432189,181.29,174.73,178.315,46.8060586670165,NaN,NaN
1570060800,177.5318557160945,180.72,175.25,178.1125,46.594329917654825,NaN,NaN
1570104000,177.82217785804727,177.82217785804727,169.55,174.3025,42.6822336768415,NaN,NaN
1570147200,176.06233892902364,176.06233892902364,170.74,173.915,42.29329654091557,NaN,NaN
1570190400,174.98866946451182,178.98,173.71,175.75,44.85589415152883,NaN,NaN
1570233600,175.3693347322559,176.71,173.37,174.98,43.973456369678125,NaN,NaN
1570276800,175.17466736612795,176.7,172.02,174.8025,43.75974301844725,NaN,NaN
1570320000,174.98858368306398,177.04,172.13,174.765,43.711408939134216,NaN,NaN
1570363200,174.876791841532,174.876791841532,167.68,171.4325,39.532555406881016,NaN,NaN
1570406400,173.154645920766,176.19,168.68,172.425,41.33147822586028,NaN,NaN
1570449600,172.789822960383,182.32,172.789822960383,177.915,50.16358345784796,NaN,NaN
1570492800,175.3524114801915,184.87,175.3524114801915,181.17,54.53387456715458,NaN,NaN
1570536000,178.26120574009576,181.58,177,179.93,52.640069015884514,NaN,NaN
1570579200,179.09560287004788,184.3,178.96,181.84,55.2196708512914,NaN,NaN
1570622400,180.46780143502394,195.53,180.46780143502394,188.325,62.65693024452677,NaN,NaN
1570665600,184.39640071751197,194.2,184.39640071751197,190.7525,65.00021448574137,NaN,NaN
1570708800,187.574450358756,193.25,187.44,190.29,64.17396535925272,NaN,NaN
1570752000,188.932225179378,196.65,182.85,188.69750000000002,61.28525112798015,NaN,NaN
1570795200,188.81486258968903,188.81486258968903,179.41,182.5325,51.60144864278298,NaN,NaN
1570838400,185.67368129484453,185.67368129484453,180.55,182.14749999999998,51.058856662618204,NaN,NaN
1570881600,183.91059064742225,184.2,177.59,181.0575,49.47276560392675,NaN,NaN
1570924800,182.48404532371114,183.33,178.52,180.99,49.37048662178024,NaN,NaN
1570968000,181.73702266185558,184.95,178.61,181.76,50.624503326062744,NaN,NaN
1571011200,181.74851133092778,184.15,180.43,182.01999999999998,51.06524517708895,NaN,NaN
1571054400,181.88425566546388,187.54,180.59,184.34,54.93112912022271,NaN,NaN
1571097600,183.11212783273194,188.37,182.25,185.30499999999998,56.47151304769249,NaN,NaN
1571140800,184.20856391636596,184.45,175.96,181.195,48.81844713862575,NaN,NaN
1571184000,182.70178195818298,182.70178195818298,175.66,178.5875,44.68131707508579,NaN,NaN
1571227200,180.6446409790915,180.6446409790915,171.81,174.94,39.62287413604726,NaN,NaN
1571270400,177.79232048954574,177.79232048954574,172.61,175.255,40.25196653978759,NaN,NaN
1571313600,176.52366024477288,178.96,175.12,176.86499999999998,43.492722969547955,NaN,NaN
1571356800,176.69433012238642,177.44,168.66,173.8575,39.2138739044856,NaN,NaN
1571400000,175.2759150611932,175.6,170.66,172.79,37.79264324580841,NaN,NaN
1571443200,174.0329575305966,174.98,171.22,173.03,38.3337715471321,NaN,NaN
1571486400,173.5314787652983,174.85,169.44,172.3275,37.310687020287546,NaN,NaN
1571529600,172.92948938264914,172.92948938264914,169.21,171.23000000000002,35.70733003755764,NaN,NaN
1571572800,172.07974469132458,176.88,171.22,173.67000000000002,41.705196659176735,NaN,NaN
1571616000,172.8748723456623,177.9,172.8748723456623,175.59500000000003,45.98638357151269,NaN,NaN
1571659200,174.23493617283117,176.99,171.59,174.69,44.33779982196287,NaN,NaN
1571702400,174.46246808641558,175.04,172.2,173.7725,42.66777128358731,NaN,NaN
1571745600,174.1174840432078,174.33,170.3,172.4225,40.2645958404094,NaN,NaN
1571788800,173.2699920216039,173.2699920216039,164.8,168.445,34.1599097507865,NaN,NaN
1571832000,170.85749601080195,170.85749601080195,153.45,162.275,27.25642278852402,NaN,NaN
1571875200,166.56624800540098,166.56624800540098,158.72,161.2425,26.298623752069318,NaN,NaN
1571918400,163.90437400270048,163.90437400270048,159.61,161.1525,26.212157737078,NaN,NaN
1571961600,162.52843700135026,166.95,160.25,163.2825,31.917354441784,NaN,NaN
1572004800,162.9054685006751,187.78,162.9054685006751,175.06,53.38111744028458,NaN,NaN
1572048000,168.98273425033756,197.74,168.98273425033756,184.1525,63.062755014146305,NaN,NaN
1572091200,176.5676171251688,183.36,173.8,179.53250000000003,56.62760727000607,NaN,NaN
1572134400,178.0500585625844,185,176.22,179.9525,57.056623546137175,NaN,NaN
1572177600,179.0012792812922,188.7,178.55,182.54500000000002,59.706064426013114,NaN,NaN
1572220800,180.7731396406461,189.48,180.68,184.7525,61.86363011278896,NaN,NaN
1572264000,182.76281982032305,185.08,180.35,183.04000000000002,59.21471212492657,NaN,NaN
1572307200,182.90140991016153,189,181.26,184.92249999999999,61.18237702071361,NaN,NaN
1572350400,183.91195495508077,192.74,183.63,188.65,64.80328197499271,NaN,NaN
1572393600,186.28097747754038,191.71,179.28,186.15999999999997,60.72812415762709,NaN,NaN
1572436800,186.22048873877017,186.22048873877017,180,182.695,55.497985252850455,NaN,NaN
1572480000,184.45774436938507,185.27,177.66,181.59249999999997,53.90713375761424,NaN,NaN
1572523200,183.02512218469252,184.52,179.84,181.70749999999998,54.05507657360082,NaN,NaN
1572566400,182.36631109234625,182.85,179.93,181.65,53.961815286584134,NaN,NaN
1572609600,182.00815554617313,184.5,177.02,181.5,53.701524002387565,NaN,NaN
1572652800,181.75407777308658,183.59,181.53,182.68,55.51921859280507,NaN,NaN
1572696000,182.2170388865433,186,181.6,183.3125,56.5049470376315,NaN,NaN
1572739200,182.76476944327163,184.7,180.8,182.47000000000003,54.76404449838612,NaN,NaN
1572782400,182.61738472163583,182.61738472163583,178.95,181.13,52.01887890556149,NaN,NaN
1572825600,181.87369236081793,184.96,180.36,182.92000000000002,55.24615625197167,NaN,NaN
1572868800,182.39684618040897,188.64,182.39684618040897,185.8825,60.03701956341434,NaN,NaN
1572912000,184.1396730902045,187.25,182.22,185.28750000000002,58.67837820457052,NaN,NaN
1572955200,184.71358654510226,192.51,184.71358654510226,188.235,63.1296535223309,NaN,NaN
1572998400,186.47429327255114,195.09,186.47429327255114,190.6125,66.28456555096082,NaN,NaN
1573041600,188.5433966362756,192.22,188.22,190.65,66.33349873164607,NaN,NaN
1573084800,189.59669831813778,192.27,185.12,188.79999999999998,61.58481271571873,NaN,NaN
1573128000,189.19834915906887,189.19834915906887,184.59,186.34750000000003,55.874305801490415,NaN,NaN
1573171200,187.77292457953445,188.26,183.1,185.545,54.10635560144879,NaN,NaN
1573214400,186.6589622897672,186.6589622897672,181.41,183.82999999999998,50.433682029532875,NaN,NaN
1573257600,185.2444811448836,185.79,183.09,184.205,51.21348638711597,NaN,NaN
1573300800,184.72474057244182,185.45,182.63,184.29749999999999,51.416526901788764,NaN,NaN
1573344000,184.5111202862209,189,183.3,185.9325,54.98285715177909,NaN,NaN
1573387200,185.22181014311045,191.58,184.3,187.85750000000002,58.81603375551659,NaN,NaN
1573430400,186.53965507155522,190.19,184.92,187.64,58.21290039627116,NaN,NaN
1573473600,187.0898275357776,187.39,184.06,185.72750000000002,53.06043279892158,NaN,NaN
1573516800,186.4086637678888,187.02,184.39,185.5625,52.62764288211229,NaN,NaN
1573560000,185.9855818839444,187.65,182.41,185.755,53.10818872796851,NaN,NaN
1573603200,185.8702909419722,188.28,185.3,186.96250000000003,56.115394331573626,NaN,NaN
1573646400,186.41639547098612,189.66,185.72,187.665,57.81056599929273,NaN,NaN
1573689600,187.04069773549304,188.72,184.1,186.505,54.09476003487738,NaN,NaN
1573732800,186.77284886774652,186.77284886774652,183.34,185.0375,49.73915018685406,NaN,NaN
1573776000,185.90517443387324,186.7,180.63,183.9,46.6065923253525,NaN,NaN
1573819200,184.90258721693664,184.90258721693664,177.67,181.3225,40.39800726349318,NaN,NaN
1573862400,183.11254360846831,183.11254360846831,179.3,180.895,39.459117124627845,NaN,NaN
1573905600,182.00377180423416,183.46,180.98,182.115,43.49510022159339,NaN,NaN
1573948800,182.05938590211707,185.25,180,182.9525,46.14911363282374,NaN,NaN
1573992000,182.50594295105853,186.09,182.50594295105853,184.39,50.451006240140714,NaN,NaN
1574035200,183.44797147552924,184.06,181.85,183.025,46.640851123031425,NaN,NaN
1574078400,183.2364857377646,183.2364857377646,175.01,179.62,38.77427637044562,NaN,NaN
1574121600,181.4282428688823,181.4282428688823,173.15,176.13,32.68860391618411,NaN,NaN
1574164800,178.77912143444115,178.77912143444115,172.65,174.92000000000002,30.879042512734316,NaN,NaN
1574208000,176.84956071722058,177.41,173.53,175.45,32.63804643535464,NaN,NaN
1574251200,176.1497803586103,177.37,173.5,175.1275,32.10269728377395,NaN,NaN
1574294400,175.63864017930513,175.85,166.91,171.435,26.702182172140013,NaN,NaN
1574337600,173.53682008965257,173.53682008965257,157.26,163.9825,19.552796731014965,NaN,NaN
1574380800,168.75966004482626,168.75966004482626,145.11,154.4475,14.283434974433973,NaN,NaN
1574424000,161.60358002241313,161.60358002241313,138,147.79250000000002,11.877489270015957,NaN,NaN
1574467200,154.69804001120656,154.69804001120656,146.11,149.1825,15.09441363238328,NaN,NaN
1574510400,151.94027000560328,154.33,148,150.77,18.742789012299653,NaN,NaN
1574553600,151.35513500280166,152.86,148.64,150.8325,18.890558792346866,NaN,NaN
1574596800,151.09381750140085,151.09381750140085,138.62,144.6425,15.821727994366796,NaN,NaN
1574640000,147.86815875070045,147.86815875070045,131.45,140.2375,14.070016093539849,NaN,NaN
1574683200,144.05282937535023,151.5,142.19,145.46,24.71262581524047,NaN,NaN
1574726400,144.75641468767512,149.97,143.37,146.305,26.303060370534382,NaN,NaN
1574769600,145.53070734383755,148.72,143.47,146.4225,26.535460974035956,NaN,NaN
1574812800,145.97660367191878,148.53,140.84,145.835,26.092407006517277,NaN,NaN
1574856000,145.90580183595938,155.54,145.90580183595938,150.14499999999998,34.705526988458516,NaN,NaN
1574899200,148.02540091797968,154.55,148.02540091797968,152.1375,38.286159538081044,NaN,NaN
1574942400,150.08145045898982,154.63,149.09,151.50750000000002,37.58435314974331,NaN,NaN
1574985600,150.79447522949494,155.57,150.23,152.5175,39.499063638451005,NaN,NaN
1575028800,151.65598761474746,157.6,151.01,154.19,42.63718360953512,NaN,NaN
1575072000,152.92299380737373,155.25,152.6,153.79,42.07508693390324,NaN,NaN
1575115200,153.35649690368686,153.68,149.7,151.88,39.403810757233,NaN,NaN
1575158400,152.61824845184344,152.61824845184344,145.79,148.995,35.715345028244954,NaN,NaN
1575201600,150.80662422592172,152.49,147.32,149.47,36.76488341401397,NaN,NaN
1575244800,150.13831211296088,151.42,146.71,149.4425,36.72749766232563,NaN,NaN
1575288000,149.79040605648044,149.79040605648044,146.84,148.515,35.41928420580827,NaN,NaN
1575331200,149.1527030282402,149.93,145.77,147.79500000000002,34.39507930650386,NaN,NaN
1575374400,148.4738515141201,148.98,146.64,147.39499999999998,33.810146076690685,NaN,NaN
1575417600,147.93442575706004,147.93442575706004,143.15,145.79250000000002,31.49898968960771,NaN,NaN
1575460800,146.86346287853002,151.98,144.35,146.81,34.55785850517525,NaN,NaN
1575504000,146.836731439265,147.03,143.64,145.6575,32.77273697851358,NaN,NaN
1575547200,146.24711571963252,149.02,146.24711571963252,147.4825,38.215358264635086,NaN,NaN
1575590400,146.86480785981627,148.37,145.74,147.1775,37.66652566178565,NaN,NaN
1575633600,147.02115392990814,149.77,146.14,147.6975,39.267956002989926,NaN,NaN
1575676800,147.35932696495405,149.49,147.14,148.2525,41.00992331760604,NaN,NaN
1575720000,147.80591348247702,148.55,146.85,147.62,39.61536091981283,NaN,NaN
1575763200,147.71295674123851,148.75,146.11,147.54,39.43271088101832,NaN,NaN
1575806400,147.62647837061925,151.62,147.62647837061925,149.505,46.016480131462394,NaN,NaN
1575849600,148.5657391853096,151.09,148.5657391853096,149.85999999999999,47.13452462965671,NaN,NaN
1575892800,149.21286959265478,151.19,146.56,148.5675,43.594423177152976,NaN,NaN
1575936000,148.8901847963274,148.8901847963274,146.18,147.345,40.496324912169364,NaN,NaN
1575979200,148.1175923981637,148.1175923981637,143.81,146.0025,37.356665981581294,NaN,NaN
1576022400,147.06004619908185,147.06004619908185,144.84,145.58,36.40020385459613,NaN,NaN
1576065600,146.32002309954095,146.32002309954095,142.12,144.3225,33.63952735845653,NaN,NaN
1576108800,145.32126154977047,145.32126154977047,139.24,142.8125,30.63495551616205,NaN,NaN
1576152000,144.06688077488525,145.85,141.85,144.175,36.17446627073669,NaN,NaN
1576195200,144.12094038744263,146,142.8,144.5275,37.563699606199826,NaN,NaN
1576238400,144.32422019372132,145.25,143.83,144.5725,37.749976221550405,NaN,NaN
1576281600,144.44836009686065,145.07,142.3,143.8475,35.89204531061924,NaN,NaN
1576324800,144.14793004843034,144.14793004843034,141.18,142.365,32.38239955198193,NaN,NaN
1576368000,143.25646502421517,144.12,139.92,142.14499999999998,31.884143600357305,NaN,NaN
1576411200,142.70073251210758,143.44,142.01,142.665,34.451417005290054,NaN,NaN
1576454400,142.68286625605379,142.72,140.3,141.645,31.91077884848768,NaN,NaN
1576497600,142.16393312802688,142.29,127.93,136.01749999999998,22.188568288963225,NaN,NaN
1576540800,139.09071656401343,139.09071656401343,130.8,132.1825,18.133914860712494,NaN,NaN
1576584000,135.6366082820067,135.6366082820067,119.11,126.42750000000001,13.999591327776017,NaN,NaN
1576627200,131.03205414100336,131.03205414100336,120.67,122.5,11.990476026072528,NaN,NaN
1576670400,126.76602707050168,134.87,116.26,126.39750000000001,23.693676539491648,NaN,NaN
1576713600,126.58176353525084,134,125.69,129.635,31.8057365303641,NaN,NaN
1576756800,128.10838176762542,128.69,125.86,127.18,29.265075769663227,NaN,NaN
1576800000,127.64419088381271,128.6,125.84,127.47749999999999,29.994854734709193,NaN,NaN
1576843200,127.56084544190635,129.39,126.72,127.9225,31.139278172829833,NaN,NaN
1576886400,127.74167272095318,128.4,126.5,127.62,30.771023073093247,NaN,NaN
1576929600,127.68083636047659,127.8,126.64,127.2075,30.245746783220497,NaN,NaN
1576972800,127.4441681802383,130.99,126.82,128.465,33.947470810374455,NaN,NaN
1577016000,127.95458409011914,133.07,127.95458409011914,130.8025,40.29061061428218,NaN,NaN
1577059200,129.3785420450596,135.1,129.3785420450596,132.76500000000001,45.0608431583594,NaN,NaN
1577102400,131.0717710225298,134.42,126,130.29749999999999,40.66218865415218,NaN,NaN
1577145600,130.6846355112649,130.6846355112649,126.61,128.01749999999998,37.062102006443354,NaN,NaN
1577188800,129.35106775563244,129.69,126.8,128.215,37.57766195327141,NaN,NaN
1577232000,128.78303387781622,128.78303387781622,123.07,125.7475,33.84718596988765,NaN,NaN
1577275200,127.26526693890811,127.26526693890811,123.35,124.69749999999999,32.37435652064687,NaN,NaN
1577318400,125.98138346945404,126.08,124.32,125.1575,33.734763526534806,NaN,NaN
1577361600,125.56944173472702,132.26,124.33,126.82999999999998,38.57323382845893,NaN,NaN
1577404800,126.19972086736351,126.63,121.91,124.445,34.684045166314306,NaN,NaN
1577448000,125.32236043368175,127.1,122.97,125.00500000000001,36.30788415402437,NaN,NaN
1577491200,125.16368021684087,128.59,125.16368021684087,127.01250000000002,41.88563828931693,NaN,NaN
1577534400,126.08809010842045,129.68,126.08809010842045,127.98500000000001,44.42470553140771,NaN,NaN
1577577600,127.03654505421022,129.42,127.03654505421022,128.60999999999999,46.05591470207228,NaN,NaN
1577620800,127.8232725271051,138.07,127.8232725271051,132.695,55.29238628880545,NaN,NaN
1577664000,130.25913626355253,136.24,130.25913626355253,134.04000000000002,57.85133174542403,NaN,NaN
1577707200,132.14956813177628,133.7,130.3,132.17249999999999,53.29041977528936,NaN,NaN
1577750400,132.16103406588815,133.07,130.76,131.84,52.49684607927417,NaN,NaN
1577793600,132.00051703294406,133.68,128.17,130.74249999999998,49.85767405116433,NaN,NaN
1577836800,131.37150851647203,131.87,128.68,130.1125,48.35489331120772,NaN,NaN
1577880000,130.74200425823602,133.05,129.74,131.07500000000002,50.7950476385927,NaN,NaN
1577923200,130.908502129118,130.908502129118,128.69,129.93,47.8958650452323,NaN,NaN
1577966400,130.419251064559,130.419251064559,126.38,128.27499999999998,43.9877847134301,NaN,NaN
1578009600,129.3471255322795,133.26,125.88,129.6975,47.92116285072503,NaN,NaN
1578052800,129.52231276613975,135.14,129.52231276613975,133.2275,56.15033812813788,NaN,NaN
1578096000,131.37490638306986,134.81,131.37490638306986,133.935,57.59655234075143,NaN,NaN
1578139200,132.65495319153493,135.85,132.5,134.0775,57.8977453128337,NaN,NaN
1578182400,133.36622659576744,137.24,133.36622659576744,135.175,60.24015418682906,NaN,NaN
1578225600,134.27061329788373,138.19,134.21,135.7075,61.36335277711618,NaN,NaN
1578268800,134.98905664894187,143.06,134.86,138.7075,67.0165514132064,NaN,NaN
1578312000,136.84827832447093,144.41,136.84827832447093,142.295,72.24620100148957,NaN,NaN
1578355200,139.57163916223544,145.31,139.57163916223544,143.555,73.81644949082272,NaN,NaN
1578398400,141.56331958111772,145,138.76,142.29500000000002,69.57712087644381,NaN,NaN
1578441600,141.92915979055886,147.77,141.92915979055886,144.1875,72.16304449072835,NaN,NaN
1578484800,143.05832989527943,143.69,137.03,141.24,63.15871688563611,NaN,NaN
1578528000,142.14916494763972,142.14916494763972,137.68,139.54500000000002,58.62824048078845,NaN,NaN
1578571200,140.84708247381985,140.84708247381985,135.3,137.65250000000003,53.97304064557056,NaN,NaN
1578614400,139.24979123690994,139.24979123690994,135.32,137.6275,53.91214210845926,NaN,NaN
1578657600,138.43864561845498,145.17,138.05,141.62,61.40215596766921,NaN,NaN
1578700800,140.0293228092275,145.33,140.0293228092275,143.72,64.65582243788668,NaN,NaN
1578744000,141.87466140461373,148.05,141.87466140461373,143.79,64.76245235942714,NaN,NaN
1578787200,142.83233070230688,145.88,141.76,143.38,63.55305739031941,NaN,NaN
1578830400,143.10616535115344,146.6,143.10616535115344,144.98749999999998,66.21682960062066,NaN,NaN
1578873600,144.0468326755767,147,142.27,144.65,65.1403798863451,NaN,NaN
1578916800,144.34841633778836,144.66,142.55,143.3875,61.13661085364635,NaN,NaN
1578960000,143.86795816889418,151.75,143.51,147.60000000000002,68.16713450906434,NaN,NaN
1579003200,145.7339790844471,171.7,145.7339790844471,159.9125,79.71688612305303,NaN,NaN
1579046400,152.82323954222355,171.98,152.82323954222355,165.3025,82.67955526784714,NaN,NaN
1579089600,159.06286977111176,168.92,159.06286977111176,165.08249999999998,82.15209980701533,NaN,NaN
1579132800,162.07268488555587,167.4,157.8,163.91750000000002,79.26823576849351,NaN,NaN
1579176000,162.99509244277795,165.88,160.2,163.575,78.39692223438763,NaN,NaN
1579219200,163.28504622138897,174.81,162.14,167.79500000000002,81.1467088868431,NaN,NaN
1579262400,165.5400231106945,173.72,165.13,169.67,82.22905790332675,NaN,NaN
1579305600,167.60501155534723,173.69,164.92,169.39999999999998,81.50344781903505,NaN,NaN
1579348800,168.5025057776736,179.5,168.5025057776736,172.9,83.53208996751977,NaN,NaN
1579392000,170.7012528888368,178.05,164,170.6925,77.74072915146817,NaN,NaN
1579435200,170.6968764444184,170.6968764444184,161.66,165.64,66.39454187211891,NaN,NaN
1579478400,168.1684382222092,168.1684382222092,161.88,164.8275,64.7577450009675,NaN,NaN
1579521600,166.4979691111046,169.33,161.24,165.1225,65.09421254427808,NaN,NaN
1579564800,165.8102345555523,168.86,165.61,167.315,67.57220074043326,NaN,NaN
1579608000,166.56261727777616,170.32,164.8,168.1325,68.47096403585175,NaN,NaN
1579651200,167.34755863888807,171.47,167.31,169.065,69.50907600871219,NaN,NaN
1579694400,168.20627931944404,169.04,166.03,167.78499999999997,66.28295125314244,NaN,NaN
1579737600,167.995639659722,168.2,162.5,165.3675,60.56545579002962,NaN,NaN
1579780800,166.68156982986102,166.68156982986102,159.21,162.15500000000003,53.9105884744986,NaN,NaN
1579824000,164.41828491493052,164.41828491493052,155.55,160.6125,51.012208901085586,NaN,NaN
1579867200,162.51539245746528,164.45,160,161.92249999999999,53.308111370119,NaN,NaN
1579910400,162.21894622873265,162.58,157.61,160.4975,50.53367533984462,NaN,NaN
1579953600,161.35822311436633,162.79,158.7,160.285,50.11480824385739,NaN,NaN
1579996800,160.82161155718316,163.63,159.41,161.635,52.7919474980539,NaN,NaN
1580040000,161.22830577859156,168.08,161.22830577859156,165.4725,59.45319088326571,NaN,NaN
1580083200,163.35040288929576,169.75,163.35040288929576,167.87,62.968809845425746,NaN,NaN
1580126400,165.61020144464788,172.56,165.61020144464788,169.8425,65.61068177862458,NaN,NaN
1580169600,167.72635072232396,174,167.72635072232396,171.505,67.7021308203739,NaN,NaN
1580212800,169.61567536116198,176.2,169.61567536116198,173.4525,70.00354187616037,NaN,NaN
1580256000,171.53408768058097,178.45,171.53408768058097,176.18249999999998,72.91686782604745,NaN,NaN
1580299200,173.85829384029046,177.24,173.33,175.12,70.06473619146497,NaN,NaN
1580342400,174.48914692014523,176.8,170.93,174.17000000000002,67.52163376350065,NaN,NaN
1580385600,174.32957346007262,187,174.32957346007262,180.4925,74.2264700884911,NaN,NaN
1580428800,177.4110367300363,185.82,177.4110367300363,182.92,76.25345072031803,NaN,NaN
1580472000,180.16551836501816,182.44,175.22,179.6275,68.39639008305619,NaN,NaN
1580515200,179.89650918250908,184.28,179.23,181.09750000000003,69.88820021268057,NaN,NaN
1580558400,180.49700459125455,184.19,179.81,182.13000000000002,70.9262895470444,NaN,NaN
1580601600,181.3135022956273,192.25,179.1,186.6725,75.00837481964265,NaN,NaN
1580644800,183.99300114781366,193.43,183.99300114781366,190.41750000000002,77.77848387910603,NaN,NaN
1580688000,187.20525057390682,195.19,187.20525057390682,190.18,77.19412039864879,NaN,NaN
1580731200,188.69262528695342,191.8,186.62,189.4875,75.41493261367864,NaN,NaN
1580774400,189.0900626434767,191.6,184.69,188.23499999999999,72.17477851506996,NaN,NaN
1580817600,188.66253132173836,189.8,184.77,187.5875,70.48871233694805,NaN,NaN
1580860800,188.12501566086917,197.89,188.12501566086917,193.13,75.71781861028944,NaN,NaN
1580904000,190.62750783043458,207.61,190.62750783043458,201.14249999999998,80.96796639893093,NaN,NaN
1580947200,195.88500391521728,212.06,195.88500391521728,206.8175,83.66233134845619,NaN,NaN
1580990400,201.35125195760864,216.33,201.35125195760864,211.27250000000004,85.40868495285801,NaN,NaN
1581033600,206.31187597880432,225,206.31187597880432,217.92499999999998,87.54895999779626,NaN,NaN
1581076800,212.11843798940214,224.26,212.11843798940214,221.44500000000002,88.50937976129337,NaN,NaN
1581120000,216.78171899470107,227.61,213.22,222.59250000000003,88.8123425804191,NaN,NaN
1581163200,219.68710949735055,227.75,219.68710949735055,224.76,89.38183310721605,NaN,NaN
1581206400,222.22355474867527,230.65,222.22355474867527,226.155,89.74369114217956,NaN,NaN
1581249600,224.18927737433762,229.13,224,227.43,90.07655882548165,NaN,NaN
1581292800,225.8096386871688,229.4,216.37,223.23749999999998,80.7913250286768,NaN,NaN
1581336000,224.5235693435844,225.12,217.6,221.0475,76.36319008963449,NaN,NaN
1581379200,222.78553467179222,223.53,218.17,221.79749999999999,76.83152379957487,NaN,NaN
1581422400,222.29151733589612,239.15,222,230.11,81.26277942467057,NaN,NaN
1581465600,226.20075866794807,257.9,226.20075866794807,246.7225,86.7266276711653,NaN,NaN
1581508800,236.46162933397403,275.34,236.46162933397403,261.9975,89.70059665039443,NaN,NaN
1581552000,249.22956466698702,274.48,249.22956466698702,264.78,90.1342320143363,NaN,NaN
1581595200,257.0047823334935,277.69,257.0047823334935,267.5175,90.55553415400362,NaN,NaN
1581638400,262.2611411667467,273.08,260.28,268.16249999999997,90.65677363451567,NaN,NaN
1581681600,265.2118205833733,287.15,265.2118205833733,278.05999999999995,92.06279132536626,NaN,NaN
1581724800,271.6359102916866,288.41,271.6359102916866,283.15999999999997,92.6745206652854,NaN,NaN
1581768000,277.3979551458433,283.65,261.86,272.9825,79.50573868431658,NaN,NaN
1581811200,275.1902275729217,275.1902275729217,257.24,265.5325,71.49685406328979,NaN,NaN
1581854400,270.36136378646086,270.36136378646086,237.41,257.59749999999997,64.09144634732795,NaN,NaN
1581897600,263.9794318932304,263.9794318932304,242,252.64,59.91597823874622,NaN,NaN
1581940800,258.3097159466152,268.77,243.3,257.02250000000004,62.2568982373947,NaN,NaN
1581984000,257.6661079733076,271.63,257.6661079733076,267.2825,67.10094984517531,NaN,NaN
1582027200,262.4743039866538,285.88,258,273.4975,69.64259152238064,NaN,NaN
1582070400,267.98590199332693,282.94,267.98590199332693,280.32,72.18313290880084,NaN,NaN
1582113600,274.15295099666344,285,251.56,269.1275,62.885351818430095,NaN,NaN
1582156800,271.6402254983317,271.6402254983317,252.24,257.0825,54.717068454114724,NaN,NaN
1582200000,264.36136274916583,264.36136274916583,245.34,254.41000000000003,53.06994728243499,NaN,NaN
1582243200,259.38568137458293,263.83,253.61,259.06,55.57572749292739,NaN,NaN
1582286400,259.22284068729147,268.24,259.22284068729147,263.76,58.01582480768419,NaN,NaN
1582329600,261.4914203436457,266.81,256,262.495,57.10664286122017,NaN,NaN
1582372800,261.99321017182285,264.5,258.54,261.6175,56.44583151611142,NaN,NaN
1582416000,261.8053550859114,275,261.02,266.4225,59.22800239691915,NaN,NaN
1582459200,264.1139275429557,275.68,264.1139275429557,271.5725,62.02775026666811,NaN,NaN
1582502400,267.84321377147785,277.2,263.67,271.84000000000003,62.17304822750413,NaN,NaN
1582545600,269.84160688573894,272.74,257.09,266.8125,57.70402822258477,NaN,NaN
1582588800,268.32705344286944,268.32705344286944,254.85,262.26250000000005,53.926104477398866,NaN,NaN
1582632000,265.29477672143474,265.29477672143474,244.44,254.59,48.19593284251634,NaN,NaN
1582675200,259.94238836071736,259.94238836071736,234.74,241.8425,40.49649786447031,NaN,NaN
1582718400,250.89244418035867,250.89244418035867,215.66,229.26999999999998,34.62187077932498,NaN,NaN
1582761600,240.08122209017932,240.08122209017932,210,223.01749999999998,32.12592462609055,NaN,NaN
1582804800,231.54936104508965,238.3,222.38,228.79749999999999,36.671049239222285,NaN,NaN
1582848000,230.17343052254483,234.67,217.03,225,35.01216725639894,NaN,NaN
1582891200,227.58671526127242,230.66,214.01,222.99,34.13205602717632,NaN,NaN
1582934400,225.2883576306362,233,222,226.975,37.48715095045425,NaN,NaN
1582977600,226.13167881531808,226.34,217,221.6775,34.93930979256153,NaN,NaN
1583020800,223.90458940765905,225.69,216.1,220.84500000000003,34.54199449679717,NaN,NaN
1583064000,222.37479470382954,227.89,212.36,220.59499999999997,34.415429211228144,NaN,NaN
1583107200,221.48489735191475,225.76,216.07,221.08499999999998,34.91877181066697,NaN,NaN
1583150400,221.28494867595737,234.4,221.28494867595737,228.3925,42.06036619585744,NaN,NaN
1583193600,224.8387243379787,232.2,224.8387243379787,230.355,43.84262895858693,NaN,NaN
1583236800,227.59686216898933,232.46,219.57,226.7675,41.3392559208542,NaN,NaN
1583280000,227.1821810844947,228.85,221.51,224.3625,39.7026057945826,NaN,NaN
1583323200,225.77234054224735,225.77234054224735,220.23,223.2825,38.95672573143658,NaN,NaN
1583366400,224.52742027112367,233.08,224.23,228.455,44.34914051350873,NaN,NaN
1583409600,226.49121013556186,234.09,226.43,230.2875,46.16360959106556,NaN,NaN
1583452800,228.3893550677809,241.4,227.33,234.29000000000002,49.998334432894744,NaN,NaN
1583496000,231.33967753389047,245.16,231.33967753389047,241.105,55.77462462913493,NaN,NaN
1583539200,236.22233876694523,246.11,236.22233876694523,243.95,57.95809839394089,NaN,NaN
1583582400,240.08616938347262,251.93,236,242.2125,56.13529558140626,NaN,NaN
1583625600,241.14933469173633,241.14933469173633,227.1,233.27499999999998,47.806398193053845,NaN,NaN
1583668800,237.21216734586815,237.21216734586815,195.5,214.575,35.82829863595799,NaN,NaN
1583712000,225.89358367293408,225.89358367293408,196.12,201.3025,30.06958882595295,NaN,NaN
1583755200,213.59804183646705,213.59804183646705,190,199.72500000000002,29.463433833214893,NaN,NaN
1583798400,206.66152091823352,206.66152091823352,197.18,202.04999999999998,31.650343313657004,NaN,NaN
1583841600,204.35576045911677,206.2,195.54,201.385,31.35094421380397,NaN,NaN
1583884800,202.87038022955838,203.18,194.59,198.7425,30.131206044504424,NaN,NaN
1583928000,200.8064401147792,200.8064401147792,181.73,192.82500000000002,27.546613110936534,NaN,NaN
1583971200,196.81572005738963,196.81572005738963,123,162.43750000000003,18.68365266708146,NaN,NaN
1584014400,179.6266100286948,179.6266100286948,101.2,122.67249999999999,12.854951939785423,NaN,NaN
1584057600,151.1495550143474,151.1495550143474,86,114.8175,12.054925415754738,NaN,NaN
1584100800,132.9835275071737,139.68,114.84,129.04500000000002,21.57529700047985,NaN,NaN
1584144000,131.01426375358687,134.68,125.18,130.655,22.596437016013155,NaN,NaN
1584187200,130.83463187679342,130.83463187679342,120,125.425,21.612000146662496,NaN,NaN
1584230400,128.12981593839672,128.12981593839672,120.8,124.23750000000001,21.384198169864987,NaN,NaN
1584273600,126.18365796919836,133.5,120.16,125.88499999999999,22.603083012382953,NaN,NaN
1584316800,126.03432898459917,126.03432898459917,101.1,113.3225,20.050325356875774,NaN,NaN
1584360000,119.6784144922996,119.6784144922996,102.33,108.3475,19.128953763717618,NaN,NaN
1584403200,114.0129572461498,120.8,109.38,114.28999999999999,23.64257838418969,NaN,NaN
1584446400,114.1514786230749,119.71,112.41,115.9375,24.894125488208218,NaN,NaN
1584489600,115.04448931153745,118,110.21,114.1625,24.429536628616745,NaN,NaN
1584532800,114.60349465576871,118.5,109.86,114.81,24.979555573375478,NaN,NaN
1584576000,114.70674732788436,125.1,114.70674732788436,120.63999999999999,29.92496606098473,NaN,NaN
1584619200,117.67337366394217,143.13,117.67337366394217,131.72,38.25556831476188,NaN,NaN
1584662400,124.69668683197108,152.55,124.69668683197108,141.925,44.76824955219537,NaN,NaN
1584705600,133.31084341598554,146.34,116.74,135.5675,41.80958375247085,NaN,NaN
1584748800,134.43917170799278,137.49,125.69,131.8075,40.120772015552966,NaN,NaN
1584792000,133.1233358539964,137.45,128.44,132.2675,40.43775149589905,NaN,NaN
1584835200,132.6954179269982,137.13,130.1,132.6875,40.74617501573221,NaN,NaN
1584878400,132.6914589634991,132.6914589634991,121.1,126.3275,37.57333173922723,NaN,NaN
1584921600,129.50947948174954,129.50947948174954,119.5,122.7625,35.886469521187735,NaN,NaN
1584964800,126.13598974087478,137.5,122.78,129.75,41.436249384637385,NaN,NaN
1585008000,127.94299487043739,143.36,127.94299487043739,138.03,47.2618916422929,NaN,NaN
1585051200,132.9864974352187,140.8,132.9864974352187,138.51999999999998,47.59412659417199,NaN,NaN
1585094400,135.75324871760932,142.33,132.54,136.915,46.55947883486046,NaN,NaN
1585137600,136.33412435880467,137.99,133.33,135.45000000000002,45.58536026418678,NaN,NaN
1585180800,135.89206217940233,138.58,133.92,135.8025,45.87877203622548,NaN,NaN
1585224000,135.84728108970117,139.74,133.26,136.5,46.493577144794486,NaN,NaN
1585267200,136.17364054485057,141.27,134.62,137.5,47.41586195613081,NaN,NaN
1585310400,136.83682027242529,137.56,129.68,133.5725,44.19388660806568,NaN,NaN
1585353600,135.20466013621262,135.20466013621262,124.88,128.885,40.644072950637124,NaN,NaN
1585396800,132.0448300681063,132.97,125.11,129.26,41.05200429113311,NaN,NaN
1585440000,130.65241503405315,131.84,128.12,130.01999999999998,41.923154425241734,NaN,NaN
1585483200,130.33620751702657,130.33620751702657,123.81,126.74,39.22868854318541,NaN,NaN
1585526400,128.53810375851327,134.66,124.06,129.155,42.175540334170236,NaN,NaN
1585569600,128.84655187925665,135.42,128.84655187925665,132.995,46.60884684790428,NaN,NaN
1585612800,130.92077593962833,134.1,130.38,132.1125,45.74090799414694,NaN,NaN
1585656000,131.51663796981416,135,131,132.6475,46.39263984316327,NaN,NaN
1585699200,132.0820689849071,133.36,130.85,132.3075,46.01437172584996,NaN,NaN
1585742400,132.19478449245355,136.99,128.62,133.4,47.4957710739208,NaN,NaN
1585785600,132.79739224622676,139.23,132.79739224622676,136.8825,52.0158513306524,NaN,NaN
1585828800,134.83994612311338,149.76,134.83994612311338,141.20499999999998,56.967777881241005,NaN,NaN
1585872000,138.0224730615567,146.72,138.0224730615567,143.615,59.47866326177984,NaN,NaN
1585915200,140.81873653077835,146.5,137.26,142.8025,58.244760352430156,NaN,NaN
1585958400,141.81061826538917,144.16,138.88,141.28750000000002,55.915459253739286,NaN,NaN
1586001600,141.5490591326946,146.28,140.05,142.81,57.744330402330824,NaN,NaN
1586044800,142.1795295663473,145.58,142.01,143.655,58.766748347522196,NaN,NaN
1586088000,142.91726478317366,144.2,140.68,142.6175,56.94489119203405,NaN,NaN
1586131200,142.76738239158684,155.55,142.6,148.77,64.06037456813104,NaN,NaN
1586174400,145.76869119579342,172,145.76869119579342,162.78,74.42521983119977,NaN,NaN
1586217600,154.2743455978967,176.22,154.2743455978967,171.86499999999998,78.7125291866213,NaN,NaN
1586260800,163.06967279894835,174.89,162.22,168.5275,73.81688704175723,NaN,NaN
1586304000,165.79858639947417,174.48,163.59,167.835,72.80505019653512,NaN,NaN
1586347200,166.8167931997371,173.56,166.6,170.48000000000002,74.25653453638711,NaN,NaN
1586390400,168.64839659986856,173.38,167,170.3725,74.08346809282922,NaN,NaN
1586433600,169.5104482999343,171.64,165.19,168.57750000000001,71.10351166419223,NaN,NaN
1586476800,169.04397414996714,170.1,155.9,163.35,63.138325334421,NaN,NaN
1586520000,166.19698707498355,166.19698707498355,152.11,157.0475,55.12106500592977,NaN,NaN
1586563200,161.62224353749178,161.62224353749178,156.92,158.755,56.7243440924134,NaN,NaN
1586606400,160.1886217687459,160.1886217687459,153.91,157.6425,55.33724306162634,NaN,NaN
1586649600,158.91556088437295,159.5,155,157.7125,55.41112662185173,NaN,NaN
1586692800,158.3140304421865,164.78,158,159.8425,57.7039386986459,NaN,NaN
1586736000,159.07826522109326,159.07826522109326,150,155.6,51.9715627132157,NaN,NaN
1586779200,157.33913261054664,158.97,151.03,155.3775,51.68158947410987,NaN,NaN
1586822400,156.35831630527332,158.97,155.23,156.805,53.47511768572506,NaN,NaN
1586865600,156.58165815263666,161.85,155.91,158.23000000000002,55.260416594894494,NaN,NaN
1586908800,157.40582907631835,161.29,155.83,158.32750000000001,55.386560362791926,NaN,NaN
1586952000,157.86666453815917,158.04,152,155.12,50.35646907923647,NaN,NaN
1586995200,156.4933322690796,174.5,148.33,161.395,58.32963072277259,NaN,NaN
1587038400,158.94416613453978,174.79,158.94416613453978,171.14,67.15271104849779,NaN,NaN
1587081600,165.04208306726989,173.21,165.04208306726989,170.7925,66.61108809543856,NaN,NaN
1587124800,167.91729153363494,174.96,167.91729153363494,170.89749999999998,66.69848913964765,NaN,NaN
1587168000,169.40739576681744,174.46,169.40739576681744,172.41750000000002,68.0041979326827,NaN,NaN
1587211200,170.91244788340873,189.54,170.91244788340873,181.1,74.22177628750498,NaN,NaN
1587254400,176.00622394170438,188.35,176.00622394170438,184.3225,76.07969931499422,NaN,NaN
1587297600,180.16436197085218,184.4,175.75,180.7825,70.10243003946789,NaN,NaN
1587340800,180.4734309854261,186.46,174.74,179.25,67.62543019615254,NaN,NaN
1587384000,179.86171549271305,180.68,166.7,173.34500000000003,58.978000265342416,NaN,NaN
1587427200,176.60335774635655,176.60335774635655,168,170.515,55.326578174857474,NaN,NaN
1587470400,173.55917887317827,173.55917887317827,168.86,170.5625,55.376515736255286,NaN,NaN
1587513600,172.06083943658913,176,169.78,173.005,57.97777027059556,NaN,NaN
1587556800,172.53291971829458,184,172.53291971829458,179.255,63.79386726088465,NaN,NaN
1587600000,175.8939598591473,187.03,175.8939598591473,182.865,66.66385348281898,NaN,NaN
1587643200,179.37947992957365,193.63,179.37947992957365,186.3825,69.2237638860141,NaN,NaN
1587686400,182.8809899647868,189.8,182.8809899647868,186.64249999999998,69.41074690482745,NaN,NaN
1587729600,184.7617449823934,189.09,184.72,186.895,69.60388920474944,NaN,NaN
1587772800,185.82837249119672,196.9,185.76,190.9475,72.59470292595815,NaN,NaN
1587816000,188.38793624559835,198.36,188.38793624559835,194.3975,74.86235628214872,NaN,NaN
1587859200,191.39271812279918,198,191.39271812279918,195.34,75.45975997952245,NaN,NaN
1587902400,193.36635906139958,200,193.27,196.875,76.44173045538442,NaN,NaN
1587945600,195.1206795306998,199.05,193.6,196.48499999999999,75.61386083016848,NaN,NaN
1587988800,195.8028397653499,197,189.29,194.635,71.64981802859677,NaN,NaN
1588032000,195.21891988267492,196.99,192.36,195.40500000000003,72.30071047467163,NaN,NaN
1588075200,195.31195994133748,198.5,194.05,196.1825,72.97540461263883,NaN,NaN
1588118400,195.74722997066874,209.74,195.74722997066874,202.42000000000002,77.67378570698085,NaN,NaN
1588161600,199.08361498533438,218.77,199.08361498533438,212.245,82.75853810978046,NaN,NaN
1588204800,205.6643074926672,227.3,202,214.1175,83.52848745397223,NaN,NaN
1588248000,209.8909037463336,213.34,202.07,208.3,72.67058420786162,NaN,NaN
1588291200,209.0954518731668,217.14,205.91,211.0875,74.38852839713883,NaN,NaN
1588334400,210.0914759365834,215.52,208.25,212.765,75.3910730300543,NaN,NaN
1588377600,211.42823796829168,213.71,210.36,212.0525,74.06493463171502,NaN,NaN
1588420800,211.74036898414585,215.37,211.6,213.2475,74.86355521290241,NaN,NaN
1588464000,212.49393449207292,219.3,211.7,214.7325,75.85841562973462,NaN,NaN
1588507200,213.61321724603647,214.18,203.92,210.5,67.64119804780123,NaN,NaN
1588550400,212.05660862301823,212.05660862301823,194.88,203.755,57.03762725526102,NaN,NaN
1588593600,207.90580431150912,208.89,199.2,203.55,56.74646421470949,NaN,NaN
1588636800,205.72790215575458,211.68,201,205.63,59.031629624661,NaN,NaN
1588680000,205.6789510778773,206,202.3,204.2375,56.86561050902803,NaN,NaN
1588723200,204.95822553893865,210.65,202,207.0025,60.0038113595298,NaN,NaN
1588766400,205.9803627694693,210.77,197.71,204.3725,55.842169894484144,NaN,NaN
1588809600,205.17643138473466,208.31,196.43,201.91250000000002,52.195606129159806,NaN,NaN
1588852800,203.54446569236734,215.1,203.54446569236734,208.67000000000002,59.935229339448,NaN,NaN
1588896000,206.10723284618368,216.61,206.10723284618368,211.73,62.8670131457,NaN,NaN
1588939200,208.91861642309183,215,208.91861642309183,211.7375,62.87418398201192,NaN,NaN
1588982400,210.3280582115459,214.6,208.4,211.15249999999997,61.87055493405157,NaN,NaN
1589025600,210.74027910577294,214.28,209.55,211.05,61.684761042920265,NaN,NaN
1589068800,210.89513955288646,210.89513955288646,179.59,197.405,43.120861609789216,NaN,NaN
1589112000,204.15006977644322,204.15006977644322,180.36,187.1625,34.683114169952205,NaN,NaN
1589155200,195.6562848882216,195.6562848882216,183.84,187.9025,35.66263303687573,NaN,NaN
1589198400,191.77939244411078,193.5,176,186.0825,34.30022059826335,NaN,NaN
1589241600,188.9309462220554,191.02,185.48,188.27750000000003,37.40603485320245,NaN,NaN
1589284800,188.60422311102772,192.24,186.77,189.9,39.676087518969446,NaN,NaN
1589328000,189.25211155551386,191.49,188.35,190.15,40.036937974573114,NaN,NaN
1589371200,189.70105577775695,201,189.70105577775695,195.5475,47.35849396777055,NaN,NaN
1589414400,192.62427788887848,206.02,192.62427788887848,200.95999999999998,53.491106610272006,NaN,NaN
1589457600,196.79213894443922,205.2,196.21,201.8075,54.387153799651244,NaN,NaN
1589500800,199.2998194722196,204.08,197.21,201.395,53.84340746632897,NaN,NaN
1589544000,200.3474097361098,201.01,191.66,197.135,48.455574914074326,NaN,NaN
1589587200,198.7412048680549,202.44,193.21,197.6975,49.178718890868524,NaN,NaN
1589630400,198.21935243402743,203.5,197.85,200.52249999999998,52.76303012175906,NaN,NaN
1589673600,199.3709262170137,202.69,199.3709262170137,201.02499999999998,53.39270490402733,NaN,NaN
1589716800,200.19796310850683,209.85,200.19796310850683,204.855,57.98935084472962,NaN,NaN
1589760000,202.5264815542534,217.07,202.5264815542534,210.78,63.91795626815644,NaN,NaN
1589803200,206.6532407771267,215.31,206.6532407771267,212.79999999999998,65.69538969321651,NaN,NaN
1589846400,209.72662038856333,215.95,209.45,213.30499999999998,66.14440113383728,NaN,NaN
1589889600,211.51581019428164,214.73,210.3,213.12750000000003,65.81830677586039,NaN,NaN
1589932800,212.32165509714082,215.75,211.9,213.7925,66.48495687778778,NaN,NaN
1589976000,213.05707754857042,214.8,204.27,210.4925,60.20948656443014,NaN,NaN
1590019200,211.7747887742852,211.7747887742852,204.69,208.51999999999998,56.76075937894397,NaN,NaN
1590062400,210.14739438714258,210.14739438714258,191.71,201.535,46.58486020468399,NaN,NaN
1590105600,205.8411971935713,205.8411971935713,196.24,200.57750000000001,45.38375222243981,NaN,NaN
1590148800,203.20934859678567,209.19,201.14,205.2275,51.873402173670726,NaN,NaN
1590192000,204.21842429839285,211.2,204.21842429839285,207.7525,55.00022226134066,NaN,NaN
1590235200,205.98546214919642,208.45,204.55,206.69000000000003,53.42720873613082,NaN,NaN
1590278400,206.33773107459822,210.55,205.9,207.23999999999998,54.1580938459776,NaN,NaN
1590321600,206.7888655372991,207.83,199.5,203.285,48.28945200715117,NaN,NaN
1590364800,205.03693276864954,205.03693276864954,198.01,201.3225,45.64626815053815,NaN,NaN
1590408000,203.17971638432476,205.67,202.03,203.55999999999997,49.06916605474807,NaN,NaN
1590451200,203.36985819216238,205,201.5,203.2075,48.550439472385264,NaN,NaN
1590494400,203.28867909608118,203.28867909608118,196.9,200.6325,44.82281819964562,NaN,NaN
1590537600,201.9605895480406,206.78,200.76,203.735,49.821709755938805,NaN,NaN
1590580800,202.84779477402031,208.44,202.84779477402031,207.065,54.578289798431925,NaN,NaN
1590624000,204.95639738701016,208.97,204.67,207.375,55.00588888644742,NaN,NaN
1590667200,206.16569869350508,220.5,206.16569869350508,213.91250000000002,62.93120281167884,NaN,NaN
1590710400,210.03909934675255,224.79,210.03909934675255,220.40999999999997,68.81121838664296,NaN,NaN
1590753600,215.22454967337626,222.55,215.22454967337626,220.10999999999999,68.27272931128817,NaN,NaN
1590796800,217.66727483668814,238.08,217.66727483668814,228.5725,74.36651769604407,NaN,NaN
1590840000,223.11988741834406,247,223.11988741834406,240.23749999999998,80.05360417940382,NaN,NaN
1590883200,231.67869370917202,245.39,231.67869370917202,240.7575,80.26381195755147,NaN,NaN
1590926400,236.218096854586,240,229.58,234.98250000000002,71.27954595741838,NaN,NaN
1590969600,235.600298427293,242.5,230.66,235.195,71.40637643987297,NaN,NaN
1591012800,235.3976492136465,250.68,234.96,242.485,75.41706828672255,NaN,NaN
1591056000,238.94132460682326,253.8,238.94132460682326,249.96749999999997,78.7168807518762,NaN,NaN
1591099200,244.45441230341163,253.07,225,241.99,68.20508090142293,NaN,NaN
1591142400,243.22220615170582,243.22220615170582,232.71,237.7075,63.31693319900501,NaN,NaN
1591185600,240.46485307585291,245,237,241.5675,65.70287540375345,NaN,NaN
1591228800,241.01617653792647,246.6,236,242.56,66.30965042508012,NaN,NaN
1591272000,241.78808826896324,246.29,239.08,242.92000000000002,66.54087882900203,NaN,NaN
1591315200,242.35404413448163,247.87,241,243.81,67.14130303247273,NaN,NaN
1591358400,243.0820220672408,243.42,239.14,241.42999999999998,63.84200308937581,NaN,NaN
1591401600,242.25601103362038,243.9,237.83,241.28,63.629780580189326,NaN,NaN
1591444800,241.7680055168102,244.7,239.77,242.445,64.61365572281073,NaN,NaN
1591488000,242.1065027584051,244.08,238.43,240.835,62.11295957898699,NaN,NaN
1591531200,241.47075137920257,245.37,234.6,240.85750000000002,62.135015018945104,NaN,NaN
1591574400,241.1641256896013,245.32,241.1641256896013,243.9525,65.14110183160724,NaN,NaN
1591617600,242.55831284480064,247.7,240.59,244.6,65.75365218596352,NaN,NaN
1591660800,243.57915642240033,249.82,238,244.3775,65.32882926458554,NaN,NaN
1591704000,243.97832821120016,245.15,240.68,243.2375,63.080086091744164,NaN,NaN
1591747200,243.6079141056001,244.88,242.2,243.35999999999996,63.22656836211033,NaN,NaN
1591790400,243.4839570528,250.28,242,245.6575,65.95481830025798,NaN,NaN
1591833600,244.5707285264,250.09,244.1,246.8725,67.33500559127832,NaN,NaN
1591876800,245.7216142632,245.7216142632,226.2,236.9375,49.62077819079214,NaN,NaN
1591920000,241.32955713159998,241.32955713159998,228.19,233.44750000000002,45.12936719651491,NaN,NaN
1591963200,237.38852856580002,239.38,233.98,237.07,50.170977201062655,NaN,NaN
1592006400,237.2292642829,238,234.66,236.425,49.30235102598218,NaN,NaN
1592049600,236.82713214145002,238.73,235.06,236.85,49.917639865670985,NaN,NaN
1592092800,236.838566070725,238.59,233.71,236.66250000000002,49.63145592571527,NaN,NaN
1592136000,236.7505330353625,236.7505330353625,229.83,233.6,45.08490668751246,NaN,NaN
1592179200,235.17526651768125,235.17526651768125,218.27,226.4625,36.656735051295406,NaN,NaN
1592222400,230.81888325884063,233.55,220.3,227.045,37.68064007078707,NaN,NaN
1592265600,228.9319416294203,235.6,228.7,232.38500000000002,46.25713870392026,NaN,NaN
1592308800,230.65847081471014,236,230.65847081471014,234.32999999999998,49.00970384137831,NaN,NaN
1592352000,232.49423540735506,235.7,232.11,234.195,48.82279137318008,NaN,NaN
1592395200,233.34461770367753,237.3,227.65,233.115,47.269642165974474,NaN,NaN
1592438400,233.22980885183875,234.65,232.11,233.41500000000002,47.76671507606401,NaN,NaN
1592481600,233.3224044259194,233.34,227.93,231.4075,44.728210580527765,NaN,NaN
1592524800,232.36495221295968,232.36495221295968,226.74,229.93,42.581318418359956,NaN,NaN
1592568000,231.14747610647984,231.95,227.9,229.7875,42.370086223101325,NaN,NaN
1592611200,230.46748805323992,230.85,225.62,228.6225,40.59699671742585,NaN,NaN
1592654400,229.54499402661997,229.64,225.89,228.35999999999999,40.188897771872846,NaN,NaN
1592697600,228.95249701331,231.49,228.52,229.725,43.376445674899315,NaN,NaN
1592740800,229.338748506655,230.89,227.11,229.015,42.11907277192506,NaN,NaN
1592784000,229.1768742533275,236.89,227.51,232.2525,49.331541424735605,NaN,NaN
1592827200,230.71468712666376,246.89,230.71468712666376,240.7125,62.4863167563186,NaN,NaN
1592870400,235.71359356333187,244.66,235.71359356333187,242.9725,65.09351816133355,NaN,NaN
1592913600,239.34304678166592,244.87,239.34304678166592,243.17499999999998,65.32605374387853,NaN,NaN
1592956800,241.25902339083297,249.24,236.8,241.8125,62.31795096660663,NaN,NaN
1593000000,241.53576169541648,241.53576169541648,231.07,236.17249999999999,51.70439358882602,NaN,NaN
1593043200,238.85413084770823,238.85413084770823,227.56,232.9825,46.84474415958387,NaN,NaN
1593086400,235.9183154238541,235.9183154238541,231.26,233.255,47.300408713139845,NaN,NaN
1593129600,234.58665771192705,234.58665771192705,228.3,231.32000000000002,44.390444343143784,NaN,NaN
1593172800,232.95332885596355,232.95332885596355,227.75,230.08,42.582522859809416,NaN,NaN
1593216000,231.51666442798177,231.51666442798177,228.51,229.795,42.15753827797418,NaN,NaN
1593259200,230.6558322139909,230.6558322139909,216,224.15750000000003,34.766167583620856,NaN,NaN
1593302400,227.40666610699546,227.40666610699546,218.32,221.8675,32.28962207205237,NaN,NaN
1593345600,224.63708305349775,227.96,222.05,224.565,37.90118054358159,NaN,NaN
1593388800,224.60104152674887,226.86,221.26,224.17,37.412233064267795,NaN,NaN
1593432000,224.38552076337442,229.96,221.72,225.8225,40.85012604592275,NaN,NaN
1593475200,225.1040103816872,228.7,225.1040103816872,227.54,44.27610226609212,NaN,NaN
1593518400,226.32200519084358,227.67,222.91,225.95,41.85895050713885,NaN,NaN
1593561600,226.1360025954218,228.91,224.16,226.57999999999998,43.182513638407976,NaN,NaN
1593604800,226.35800129771087,232.71,226.35800129771087,229.54000000000002,49.05108729039777,NaN,NaN
1593648000,227.94900064885545,232.01,227,229.5475,49.06544275703254,NaN,NaN
1593691200,228.74825032442772,231.42,222.87,227.235,44.86765101830657,NaN,NaN
1593734400,227.99162516221386,228.13,225.32,226.76250000000002,44.038595937397595,NaN,NaN
1593777600,227.37706258110694,228.11,223.97,226.0175,42.6989010712321,NaN,NaN
1593820800,226.69728129055346,226.86,224.43,225.44500000000002,41.65033728801549,NaN,NaN
1593864000,226.07114064527673,230.71,225.11,227.655,47.05540627730204,NaN,NaN
1593907200,226.86307032263835,229.85,223.05,226.82000000000002,45.346244764791635,NaN,NaN
1593950400,226.8415351613192,228.24,223.22,226.04000000000002,43.74771132592892,NaN,NaN
1593993600,226.4407675806596,235.93,226.4407675806596,231.52250000000004,55.59633564858263,NaN,NaN
1594036800,228.98163379032982,242,228.98163379032982,238.47,65.51037793323883,NaN,NaN
1594080000,233.7258168951649,243.77,233.7258168951649,239.32999999999998,66.50724535429154,NaN,NaN
1594123200,236.52790844758243,240.24,236.45,238.415,64.37530241916245,NaN,NaN
1594166400,237.47145422379123,244.6,237.47145422379123,241.45999999999998,68.04625873327828,NaN,NaN
1594209600,239.4657271118956,248.88,239.4657271118956,245.29500000000002,71.96456266417599,NaN,NaN
1594252800,242.3803635559478,247.9,242.3803635559478,246.0925,72.71388405837932,NaN,NaN
1594296000,244.2364317779739,247.6,237.88,243.5,66.49224843169559,NaN,NaN
1594339200,243.86821588898695,243.86821588898695,235.72,239.465,58.152296340928345,NaN,NaN
1594382400,241.66660794449348,241.66660794449348,237.97,239.7,58.47893682382289,NaN,NaN
1594425600,240.68330397224673,241.67,237.54,239.745,58.545663222128404,NaN,NaN
1594468800,240.21415198612337,240.4,237.58,238.91500000000002,56.73462478774037,NaN,NaN
1594512000,239.56457599306168,241.45,239,239.7975,58.21468019004304,NaN,NaN
1594555200,239.68103799653085,244,236.52,240.71249999999998,59.75202946648392,NaN,NaN
1594598400,240.1967689982654,245.17,240.1967689982654,243.465,64.03830325745736,NaN,NaN
1594641600,241.8308844991327,245.33,237.33,241.69500000000002,59.63982070509713,NaN,NaN
1594684800,241.76294224956638,241.76294224956638,237,239.455,54.534813872347115,NaN,NaN
1594728000,240.60897112478318,242.09,238.48,240.39249999999998,56.22372480070363,NaN,NaN
1594771200,240.50073556239158,241.45,238.25,239.8275,54.900106348124986,NaN,NaN
1594814400,240.16411778119578,240.16411778119578,236.83,238.6575,52.161585329572205,NaN,NaN
1594857600,239.41080889059788,239.41080889059788,230.02,234.92000000000002,44.52158266368951,NaN,NaN
1594900800,237.16540444529895,237.16540444529895,231.65,232.83499999999998,40.920803995035605,NaN,NaN
1594944000,235.00020222264948,235.00020222264948,231.65,233.2675,41.9692563621488,NaN,NaN
1594987200,234.13385111132476,234.84,232.37,233.30499999999998,42.06525897150852,NaN,NaN
1595030400,233.71942555566238,235.53,232.32,233.87,43.57973324423425,NaN,NaN
1595073600,233.7947127778312,236.8,233.7947127778312,235.415,47.61260449170212,NaN,NaN
1595116800,234.6048563889156,236.11,233.28,234.7,45.97480271622306,NaN,NaN
1595160000,234.6524281944578,239.92,233.36,236.5325,50.659342742187214,NaN,NaN
1595203200,235.5924640972289,239.72,235.5924640972289,238.3375,54.815377378451814,NaN,NaN
1595246400,236.96498204861444,238.83,234.05,236.60000000000002,50.41335618458083,NaN,NaN
1595289600,236.78249102430723,243.27,235.57,239.45999999999998,56.592650641271256,NaN,NaN
1595332800,238.12124551215362,246.66,238.12124551215362,244.48499999999999,64.87487160056543,NaN,NaN
1595376000,241.3031227560768,245.69,241.3031227560768,244.16,64.02401102160171,NaN,NaN
1595419200,242.7315613780384,269.61,242.73,255,75.54482692674976,NaN,NaN
1595462400,248.8657806890192,266.01,248.8657806890192,263.4275,80.71536819950487,NaN,NaN
1595505600,256.1466403445096,279.98,256.1466403445096,270.3475,83.75297250951785,NaN,NaN
1595548800,263.2470701722548,276.54,263.2470701722548,273.2475,84.83128637136419,NaN,NaN
1595592000,268.24728508612736,287.34,268.24728508612736,278.4075,86.54273708645863,NaN,NaN
1595635200,273.3273925430637,285.88,273.3273925430637,281.67999999999995,87.50556135955154,NaN,NaN
1595678400,277.5036962715318,308.94,277.5036962715318,294.6525,90.42890890712837,NaN,NaN
1595721600,286.0780981357659,318.75,286.0780981357659,308.105,92.41168276784346,NaN,NaN
1595764800,297.09154906788297,314.06,297.09154906788297,308.59749999999997,92.47315972347661,NaN,NaN
1595808000,302.84452453394147,329.3,302.84452453394147,319.05499999999995,93.64961004067692,NaN,NaN
1595851200,310.9497622669707,333.31,310.78,322.755,94.00655088580524,NaN,NaN
1595894400,316.8523811334853,326.8,305.86,317.89750000000004,87.08601036093656,NaN,NaN
1595937600,317.3749405667427,323.5,312.03,317.3175,86.26935593364081,NaN,NaN
1595980800,317.34622028337134,325,312.38,319.3075,86.72918588735561,NaN,NaN
1596024000,318.32686014168564,325,315.6,320.34499999999997,86.97411106521365,NaN,NaN
1596067200,319.3359300708428,320.17,314.05,317.4575,82.41519369554746,NaN,NaN
1596110400,318.3967150354214,342,315.4,327.5275,85.30758512635741,NaN,NaN
1596153600,322.9621075177107,346.71,322.9621075177107,338.4475,87.67504520068553,NaN,NaN
1596196800,330.70480375885535,349.45,330.70480375885535,344.585,88.77029085485223,NaN,NaN
1596240000,337.64490187942766,360.52,337.64490187942766,351.51,89.86469102541183,NaN,NaN
1596283200,344.5774509397138,392.67,344.5774509397138,372.1475,92.27946731068674,NaN,NaN
1596326400,358.3624754698569,415.85,325,372.3525,92.29909472765709,NaN,NaN
1596369600,365.35748773492844,388.61,357.5,370.0425,89.53686022368319,NaN,NaN
1596412800,367.69999386746423,392.66,366.5,380.63500000000005,90.88407009857053,NaN,NaN
1596456000,374.16749693373214,398,374.16749693373214,388.70500000000004,91.7550733427042,NaN,NaN
1596499200,381.4362484668661,402.98,381.4362484668661,389.0675,91.79300676541538,NaN,NaN
1596542400,385.25187423343306,393.95,380.77,387.5325,89.90669991033924,NaN,NaN
1596585600,386.3921871167165,397.75,384.11,392.19999999999993,90.54307520724929,NaN,NaN
1596628800,389.2960935583582,407,389.2960935583582,398.82,91.37380143809872,NaN,NaN
1596672000,394.0580467791791,403.66,392.3,397.795,90.05473969941404,NaN,NaN
1596715200,395.92652338958953,400.87,390.51,395.16499999999996,86.60028640932894,NaN,NaN
1596758400,395.54576169479475,398.26,392.17,394.8325,86.15035078124075,NaN,NaN
1596801600,395.18913084739734,395.54,362.85,382.96,71.80473069065526,NaN,NaN
1596844800,389.0745654236987,392.23,375.79,384.74249999999995,72.54394846400854,NaN,NaN
1596888000,386.9085327118493,397.05,385.79,392.8725,75.67630630027585,NaN,NaN
1596931200,389.89051635592466,400,383.36,393.07499999999993,75.75051502573618,NaN,NaN
1596974400,391.4827581779623,394.3,384,390.08000000000004,72.2400861017891,NaN,NaN
1597017600,390.78137908898117,399.18,385.13,391.36749999999995,72.8231403449925,NaN,NaN
1597060800,391.0744395444906,398.6,390.33,393.845,73.95668396142658,NaN,NaN
1597104000,392.4597197722453,398.21,387.41,393.135,73.01676391111009,NaN,NaN
1597147200,392.79735988612265,392.79735988612265,367,382.23,60.33366942605783,NaN,NaN
1597190400,387.51367994306133,387.51367994306133,365.85,377.84,56.108403097654964,NaN,NaN
1597233600,382.6768399715306,389.23,379.74,384.46750000000003,60.59498635255146,NaN,NaN
1597276800,383.5721699857653,397.5,376.59,388.765,63.220368654431994,NaN,NaN
1597320000,386.16858499288264,431.49,384.38,408.565,72.35817219253695,NaN,NaN
1597363200,397.36679249644135,430,397.36679249644135,424.90749999999997,77.35830337394724,NaN,NaN
1597406400,411.1371462482207,444.71,411.1371462482207,433.2175,79.39896455918806,NaN,NaN
1597449600,422.17732312411033,442.94,422.17732312411033,435.5525,79.94589949930855,NaN,NaN
1597492800,428.86491156205517,439.1,428.37,433.47999999999996,77.96732862685134,NaN,NaN
1597536000,431.17245578102757,433.3,416.25,424.9275,70.24170270396876,NaN,NaN
1597579200,428.0499778905138,436.99,412.47,425.23,70.35359752885566,NaN,NaN
1597622400,426.6399889452569,435,420.37,429.28,71.87820914496075,NaN,NaN
1597665600,427.9599944726284,446,422.35,431.84749999999997,72.83206758068661,NaN,NaN
1597708800,429.9037472363142,433.81,426.18,429.46750000000003,70.44671338581486,NaN,NaN
1597752000,429.68562361815714,430.3,415,423.5625,64.77798919182533,NaN,NaN
1597795200,426.62406180907857,426.75,402,415.9225,58.24730656507084,NaN,NaN
1597838400,421.2732809045393,421.2732809045393,393.25,407.2575,51.86123393414846,NaN,NaN
1597881600,414.2653904522697,415.27,402.07,409.0625,53.01679777039393,NaN,NaN
1597924800,411.66394522613484,418.98,408.41,413.70000000000005,55.94300614213284,NaN,NaN
1597968000,412.68197261306744,418.68,403.93,410.96999999999997,53.81803103249299,NaN,NaN
1598011200,411.8259863065337,411.8259863065337,385.1,396.57250000000005,44.26795858658926,NaN,NaN
1598054400,404.1992431532669,404.1992431532669,379.92,388.27750000000003,39.87740085743653,NaN,NaN
1598097600,396.2383715766334,397.04,387.33,392.4025,42.909784366223036,NaN,NaN
1598140800,394.3204357883167,396.95,383.15,389.8125,41.49464589923516,NaN,NaN
1598184000,392.06646789415834,395.25,383.29,388.31,40.65696812341633,NaN,NaN
1598227200,390.1882339470792,408.5,387.44,398.4075,48.2220532559497,NaN,NaN
1598270400,394.2978669735396,410.42,394.2978669735396,405.77750000000003,52.93784095499953,NaN,NaN
1598313600,400.0376834867698,409.06,389.61,400.4025,49.40384661522044,NaN,NaN
1598356800,400.2200917433849,400.2200917433849,370,385.8675,41.36251746452238,NaN,NaN
1598400000,393.04379587169245,393.04379587169245,377.45,382.685,39.83369950143655,NaN,NaN
1598443200,387.8643979358462,392.91,377.37,384.63,41.262591716017006,NaN,NaN
1598486400,386.2471989679231,389.13,380.55,384.3725,41.12334757416383,NaN,NaN
1598529600,385.30984948396156,397.1,371.48,383.46500000000003,40.603308546739115,NaN,NaN
1598572800,384.3874247419808,394.14,379.75,387.72,44.16835748318648,NaN,NaN
1598616000,386.0537123709904,398,386.0537123709904,394.11750000000006,49.11373271705469,NaN,NaN
1598659200,390.08560618549524,404.22,390.08560618549524,397.2375,51.375774012189055,NaN,NaN
1598702400,393.6615530927476,405.69,393.6615530927476,399.45500000000004,52.975757356781585,NaN,NaN
1598745600,396.5582765463738,407.65,396.5582765463738,402.815,55.37199855853098,NaN,NaN
1598788800,399.6866382731869,429.89,399.6866382731869,417.58,64.04302848221243,NaN,NaN
1598832000,408.6333191365934,434.78,408.6333191365934,428.5325,68.87415962144624,NaN,NaN
1598875200,418.5829095682967,439,418.5829095682967,433.5125,70.79554960434973,NaN,NaN
1598918400,426.0477047841483,473.46,426.0477047841483,451.1975,76.373287866209,NaN,NaN
1598961600,438.62260239207416,488.84,438.62260239207416,473.3325,81.21039661949717,NaN,NaN
1599004800,455.9775511960371,481.39,420,454.6675,68.47907230319387,NaN,NaN
1599048000,455.32252559801856,455.32252559801856,421,437.66,59.34903083613156,NaN,NaN
1599091200,446.4912627990093,450.7,421,433.4625,57.3178902383006,NaN,NaN
1599134400,439.97688139950463,439.97688139950463,372,400.4325,44.431762119414095,NaN,NaN
1599177600,420.2046906997523,420.2046906997523,373.71,387.475,40.57771383955763,NaN,NaN
1599220800,403.83984534987616,403.83984534987616,357,383.8975,39.557490042815594,NaN,NaN
1599264000,393.86867267493807,395,347.42,370.9325,36.02271427157929,NaN,NaN
1599307200,382.400586337469,382.400586337469,308.42,340.0325,29.302181064000806,NaN,NaN
1599350400,361.2165431687345,361.2165431687345,316.1,340.435,29.486720971054595,NaN,NaN
1599393600,350.82577158436726,360,337,351.09499999999997,34.37262904621177,NaN,NaN
1599436800,350.9603857921836,358.51,332.55,344.9075,32.945657697087114,NaN,NaN
1599480000,347.9339428960918,355.42,323,341.945,32.25521090112811,NaN,NaN
1599523200,344.9394714480459,356.58,330.2,343.53499999999997,33.06598960386536,NaN,NaN
1599566400,344.2372357240229,346.38,325.38,335.725,31.097255382820805,NaN,NaN
1599609600,339.9811178620115,350,330.51,341.37,34.149116509078965,NaN,NaN
1599652800,340.67555893100575,359,340.67555893100575,350.57499999999993,38.90141720638246,NaN,NaN
1599696000,345.62527946550284,375.48,345.62527946550284,360.4125,43.587035082980954,NaN,NaN
1599739200,353.0188897327514,377.25,353.0188897327514,368.00000000000006,46.96530575334715,NaN,NaN
1599782400,360.5094448663757,372,355.49,364.4325,45.58311038219871,NaN,NaN
1599825600,362.47097243318785,375.27,361.38,368.145,47.320592431351244,NaN,NaN
1599868800,365.3079862165939,374.54,364.73,370.9275,48.64411164949551,NaN,NaN
1599912000,368.11774310829696,388.57,365.99,378.28249999999997,52.071883583294714,NaN,NaN
1599955200,373.2001215541485,390.43,371.22,380.37,53.030113387421466,NaN,NaN
1599998400,376.78506077707425,376.78506077707425,350,365.3675,45.92387639232861,NaN,NaN
1600041600,371.07628038853716,371.07628038853716,355.73,365.3825,45.931677788480265,NaN,NaN
1600084800,368.2293901942686,384.64,366.92,374.4175,50.55847259960694,NaN,NaN
1600128000,371.3234450971343,382.47,367.61,375.935,51.31207767552565,NaN,NaN
1600171200,373.62922254856716,378.49,362.34,370.35999999999996,48.39369920916676,NaN,NaN
1600214400,371.99461127428356,371.99461127428356,355,362.5425,44.56603597838025,NaN,NaN
1600257600,367.2685556371418,373.45,362.88,366.515,46.86588359596702,NaN,NaN
1600300800,366.89177781857086,385,363.3,374.10499999999996,51.04498462904978,NaN,NaN
1600344000,370.4983889092854,394.14,370.4983889092854,385.60249999999996,56.61203345328765,NaN,NaN
1600387200,378.0504444546427,392.58,378.0504444546427,387.38750000000005,57.421570929690176,NaN,NaN
1600430400,382.7189722273214,387.08,375.33,383.0575,54.752817248006146,NaN,NaN
1600473600,382.8882361136607,387.73,377,383.96000000000004,55.219973074436204,NaN,NaN
1600516800,383.42411805683037,388.72,381.57,385.5625,56.08693394828818,NaN,NaN
1600560000,384.4933090284152,385.45,377.24,381.8475,53.500971129583405,NaN,NaN
1600603200,383.1704045142076,383.1704045142076,365,373.7975,48.30383670648728,NaN,NaN
1600646400,378.4839522571038,378.4839522571038,349.05,362.345,42.04610224879213,NaN,NaN
1600689600,370.4144761285519,370.4144761285519,331,344.08000000000004,34.39340206576682,NaN,NaN
1600732800,357.24723806427596,357.24723806427596,335.34,340.50249999999994,33.12181039987426,NaN,NaN
1600776000,348.87486903213795,348.87486903213795,336.55,341.8125,34.08286311111438,NaN,NaN
1600819200,345.34368451606895,345.34368451606895,333.07,340.1525,33.42734298032249,NaN,NaN
1600862400,342.7480922580345,343.45,313.29,329.045,29.35845217264361,NaN,NaN
1600905600,335.8965461290172,340.84,316.67,329.1025,29.406356636131875,NaN,NaN
1600948800,332.4995230645086,353.1,332.4995230645086,343.31,40.197545359225224,NaN,NaN
1600992000,337.90476153225427,350.42,337.58,345.165,41.45588497429539,NaN,NaN
1601035200,341.5348807661271,358,340.65,348.56500000000005,43.79046382596771,NaN,NaN
1601078400,345.0499403830636,356.4,345.0499403830636,351.91249999999997,46.07068290156618,NaN,NaN
1601121600,348.48122019153175,355.9,345.88,351.85,46.03313538269421,NaN,NaN
1601164800,350.1656100957659,362.14,348.85,353.53000000000003,47.27699312284856,NaN,NaN
1601208000,351.84780504788296,357.8,347.24,352.9325,46.86328923263781,NaN,NaN
1601251200,352.3901525239415,360.69,352.3901525239415,357.78999999999996,50.644532434706015,NaN,NaN
1601294400,355.0900762619707,368.2,351.7,357.9775,50.79010031887262,NaN,NaN
1601337600,356.5337881309854,359.21,350.45,355.2975,48.58440562522755,NaN,NaN
1601380800,355.9156440654927,360.63,351.8,357.465,50.458304660027444,NaN,NaN
1601424000,356.69032203274634,359.98,352.7,356.345,49.45528909714288,NaN,NaN
1601467200,356.51766101637315,361.5,351.56,356.465,49.570954552351246,NaN,NaN
1601510400,356.4913305081866,370.45,356.4913305081866,364.40749999999997,56.643039156325415,NaN,NaN
1601553600,360.4494152540933,369,345.51,358.97749999999996,51.34193627721861,NaN,NaN
1601596800,359.71345762704664,359.71345762704664,334.24,344.6875,40.57885623835337,NaN,NaN
1601640000,352.2004788135233,352.2004788135233,336.7,341.75250000000005,38.780648137436955,NaN,NaN
1601683200,346.9764894067617,349.92,343.7,346.6975,43.33666335814994,NaN,NaN
1601726400,346.8369947033808,351,345.62,347.53249999999997,44.09326182406415,NaN,NaN
1601769600,347.18474735169036,349.93,343.81,346.8675,43.594020996901804,NaN,NaN
1601812800,347.02612367584516,354.45,344.91,349.88,46.546611390968415,NaN,NaN
1601856000,348.4530618379226,356.1,348.4530618379226,351.885,48.47959998821937,NaN,NaN
1601899200,350.1690309189613,354.7,349.51,352.09749999999997,48.69137449141141,NaN,NaN
1601942400,351.13326545948064,355.1,343.6,349.61249999999995,46.294863656941914,NaN,NaN
1601985600,350.3728827297403,352.95,336.8,344.155,41.46772666188256,NaN,NaN
1602028800,347.2639413648701,347.2639413648701,332.18,338.66,37.25555128613558,NaN,NaN
1602072000,342.9619706824351,342.9619706824351,337.16,340.2075,39.1307270298458,NaN,NaN
1602115200,341.58473534121754,342.44,334.21,338.9675,38.146937806575764,NaN,NaN
1602158400,340.27611767060876,353.32,337.12,344.7575,45.08895116320537,NaN,NaN
1602201600,342.51680883530435,361.58,342.51680883530435,354.715,54.53874069841995,NaN,NaN
1602244800,348.61590441765213,368.33,348.61590441765213,362.64,60.382391924258265,NaN,NaN
1602288000,355.62795220882606,378.4,355.62795220882606,370.0125,64.90222692705512,NaN,NaN
1602331200,362.820226104413,375.93,362.820226104413,371.95,66.00003008529117,NaN,NaN
1602374400,367.3851130522065,377.6,367.3851130522065,372.85,66.52383087528611,NaN,NaN
1602417600,370.1175565261033,376.31,370.1175565261033,373.985,67.20990080122718,NaN,NaN
1602460800,372.05127826305164,375.43,365.58,370.38,62.807039138247276,NaN,NaN
1602504000,371.2156391315258,394.8,365.9,378.39000000000004,67.84708078958062,NaN,NaN
1602547200,374.8028195657629,387.75,374.8028195657629,384.1875,70.91878148913293,NaN,NaN
1602590400,379.49515978288144,385.28,374.51,381.3125,67.47614984477286,NaN,NaN
1602633600,380.40382989144075,385.11,377.69,380.71500000000003,66.75092723026452,NaN,NaN
1602676800,380.5594149457204,387.41,373.13,379.56000000000006,65.29010565795012,NaN,NaN
1602720000,380.0597074728602,380.95,370.18,375.5075,60.303467260030814,NaN,NaN
1602763200,377.7836037364301,381.79,369.85,375.37249999999995,60.13868522465584,NaN,NaN
1602806400,376.578051868215,379.83,361.18,372.14500000000004,56.18582457678221,NaN,NaN
1602849600,374.36152593410753,374.36152593410753,364.05,367.4425,50.932877509535956,NaN,NaN
1602892800,370.9020129670538,370.9020129670538,363.36,366.54499999999996,49.9725961160566,NaN,NaN
1602936000,368.7235064835269,370.46,364.4,367.82249999999993,51.37782106980279,NaN,NaN
1602979200,368.2730032417634,375.87,367.1,371.01250000000005,54.792594750356116,NaN,NaN
1603022400,369.6427516208817,378.64,369.6427516208817,375.54999999999995,59.183681132369635,NaN,NaN
1603065600,372.5963758104408,380,372.5,376.5925,60.14159492263167,NaN,NaN
1603108800,374.5944379052204,384.32,374.5944379052204,378.72999999999996,62.10534103148642,NaN,NaN
1603152000,376.66221895261015,380.73,365.27,373.3225,54.755644548404725,NaN,NaN
1603195200,374.99235947630507,374.99235947630507,366.5,369.055,49.75172538323049,NaN,NaN
1603238400,372.0236797381525,382.42,367.74,374.515,55.37125380377856,NaN,NaN
1603281600,373.26933986907625,401.49,373.26933986907625,387.1675,65.10903629664409,NaN,NaN
1603324800,380.21841993453813,415.89,380.21841993453813,402.9375,73.01293083256542,NaN,NaN
1603368000,391.57795996726907,420.73,391.57795996726907,414.4325,77.08734802637673,NaN,NaN
1603411200,403.00522998363454,419.33,403.00522998363454,414.8325,77.21625327976287,NaN,NaN
1603454400,408.91886499181726,418.71,401.3,411.48749999999995,73.49267794293227,NaN,NaN
1603497600,410.2031824959086,414.42,407,411.20750000000004,73.17458190291251,NaN,NaN
1603540800,410.7053412479543,416.66,408,412.76,73.85041165579474,NaN,NaN
1603584000,411.7326706239771,417.4,405,410.3925,70.91627857827456,NaN,NaN
1603627200,411.0625853119885,411.0625853119885,402.5,406.1575,65.87440768565808,NaN,NaN
1603670400,408.6100426559943,411.11,400,405.515,65.11800808456782,NaN,NaN
1603713600,407.06252132799716,407.06252132799716,382.3,396.7325,55.702588935049896,NaN,NaN
1603756800,401.89751066399856,403.5,389.9,397.0525,55.952494754967425,NaN,NaN
1603800000,399.4750053319993,410.25,399.4750053319993,404.1325,61.17180581913267,NaN,NaN
1603843200,401.80375266599964,409.2,386.5,396.49250000000006,53.767917407841225,NaN,NaN
1603886400,399.1481263329998,399.1481263329998,380.52,386.89,46.199254373749476,NaN,NaN
1603929600,393.0190631664999,393.0190631664999,383.03,386.6475,46.0230634271968,NaN,NaN
1603972800,389.8332815832499,393.72,380.52,386.11249999999995,45.60979383284158,NaN,NaN
1604016000,387.97289079162493,391.97,373.29,382.95500000000004,43.14724279707905,NaN,NaN
1604059200,385.4639453958125,385.4639453958125,376.87,380.89500000000004,41.57028987504927,NaN,NaN
1604102400,383.17947269790625,394.88,379.9,386.92249999999996,47.6044242667489,NaN,NaN
1604145600,385.0509863489531,393.12,384.1,388.49750000000006,49.084087228919216,NaN,NaN
1604188800,386.77424317447657,390.65,384.61,387.10999999999996,47.80333965543781,NaN,NaN
1604232000,386.94212158723826,398.29,386.1,391.9525,52.46516632538917,NaN,NaN
1604275200,389.4473107936191,404.5,381.62,391.73,52.23432452249086,NaN,NaN
1604318400,390.5886553968096,390.5886553968096,377.92,383.4075,44.370309514420875,NaN,NaN
1604361600,386.9980776984048,386.9980776984048,370.23,379.61,41.313889097092016,NaN,NaN
1604404800,383.3040388492024,390,377.65,383.775,45.729458313023294,NaN,NaN
1604448000,383.53951942460117,388.42,376.47,383.465,45.455321429344544,NaN,NaN
1604491200,383.50225971230054,408.39,379.11,392.78749999999997,54.323246667896626,NaN,NaN
1604534400,388.1448798561503,406.88,388.1448798561503,402.23,61.20346016466187,NaN,NaN
1604577600,395.18743992807515,420.4,395.18743992807515,410.1225,65.83570430220489,NaN,NaN
1604620800,402.6549699640376,446.58,402.6549699640376,430.36249999999995,74.30764580225905,NaN,NaN
1604664000,416.5087349820188,458.27,416.5087349820188,446.9275,78.91585412424354,NaN,NaN
1604707200,431.71811749100937,468.28,431.71811749100937,459.81750000000005,81.67082648586026,NaN,NaN
1604750400,445.7678087455047,465.16,424.14,446.7925,71.50367908046313,NaN,NaN
1604793600,446.28015437275235,446.42,431.99,439.71250000000003,66.64685848354486,NaN,NaN
1604836800,442.9963271863762,460.1,441.74,450.34499999999997,69.94813511794759,NaN,NaN
1604880000,446.6706635931881,459.1,440.5,453.035,70.73728830082398,NaN,NaN
1604923200,449.85283179659405,458.95,433.09,448.645,67.61667043797627,NaN,NaN
1604966400,449.248915898297,455,438.7,446.375,65.99541309939227,NaN,NaN
1605009600,447.8119579491485,454.6,440.3,448.18,66.67955316130445,NaN,NaN
1605052800,447.99597897457426,466.41,447.99597897457426,456.5075,69.70760464035314,NaN,NaN
1605096000,452.2517394872871,476.25,452.2517394872871,464.395,72.27738521553638,NaN,NaN
1605139200,458.3233697436435,470,451.2,461.06,69.58928205825143,NaN,NaN
1605182400,459.69168487182174,465,452.18,459.88,68.61688121833973,NaN,NaN
1605225600,459.78584243591087,468.85,457.12,463.1775,69.88335733902429,NaN,NaN
1605268800,461.4816712179554,478.01,461.4816712179554,470.39750000000004,72.50014446296058,NaN,NaN
1605312000,465.9395856089777,477.47,453.65,466.57,69.07374851055684,NaN,NaN
1605355200,466.25479280448883,466.25479280448883,452,458.77,62.58267015105118,NaN,NaN
1605398400,462.5123964022444,462.89,455,458.5,62.36419953961496,NaN,NaN
1605441600,460.5061982011222,460.5061982011222,440.19,450.7425,56.28464738551465,NaN,NaN
1605484800,455.62434910056106,456.45,445.45,450.51,56.108105525680834,NaN,NaN
1605528000,453.0671745502805,466,451.09,457.42749999999995,60.116428294482354,NaN,NaN
1605571200,455.24733727514024,468.85,455.24733727514024,463.91,63.4820321904825,NaN,NaN
1605614400,459.5786686375701,484.88,459.5786686375701,474.64,68.2568887439914,NaN,NaN
1605657600,467.10933431878505,495.31,456.6,478.6875,69.85791633866027,NaN,NaN
1605700800,472.8984171593925,480.74,463.5,475.845,67.29104046030363,NaN,NaN
1605744000,474.37170857969625,480.75,464.86,474.375,65.9416105384247,NaN,NaN
1605787200,474.3733542898481,478.44,468.63,472.9475,64.5871001389037,NaN,NaN
1605830400,473.66042714492403,508.08,470.65,488.79499999999996,71.56913733492807,NaN,NaN
1605873600,481.227713572462,514.4,481.227713572462,507.4275,77.24877368641431,NaN,NaN
1605916800,494.327606786231,518.68,494.327606786231,510.23749999999995,77.96374426357342,NaN,NaN
1605960000,502.28255339311545,553.32,502.28255339311545,530.3625000000001,82.26287648445157,NaN,NaN
1606003200,516.3225266965578,561.59,511.28,537.0725,83.42403905376753,NaN,NaN
1606046400,526.6975133482789,580.88,519.82,545.935,84.8360575221558,NaN,NaN
1606089600,536.3162566741394,597.53,536.3162566741394,574.645,88.31009359656987,NaN,NaN
1606132800,555.4806283370697,610.85,555.4806283370697,596.43,90.15347155593587,NaN,NaN
1606176000,575.9553141685349,623,575.9553141685349,605.8275,90.82555415538987,NaN,NaN
1606219200,590.8914070842675,613.69,590.8914070842675,604.4625000000001,89.86606463493673,NaN,NaN
1606262400,597.6769535421338,606,579.34,597.8375000000001,85.16361470035412,NaN,NaN
1606305600,597.7572267710669,603.43,553.83,581.9475,75.02338464834011,NaN,NaN
1606348800,589.8523633855334,589.8523633855334,482,535.3025,54.506620672160196,NaN,NaN
1606392000,562.5774316927667,562.5774316927667,481,509.96000000000004,46.98814870559086,NaN,NaN
1606435200,536.2687158463834,536.2687158463834,502.31,515.15,48.55324443071718,NaN,NaN
1606478400,525.7093579231916,525.7093579231916,493.72,509.75,46.99848611455537,NaN,NaN
1606521600,517.7296789615958,520.6,506.59,516.0699999999999,49.054647533133114,NaN,NaN
1606564800,516.8998394807979,547.94,516,529.99,53.34754281450415,NaN,NaN
1606608000,523.444919740399,558.75,523.444919740399,544.4725000000001,57.372189283842964,NaN,NaN
1606651200,533.9587098701995,576.9,533.9587098701995,562.7925,61.855065096750465,NaN,NaN
1606694400,548.3756049350998,593.08,548.3756049350998,581.9325000000001,65.8909140859873,NaN,NaN
1606737600,565.15405246755,616.85,565.15405246755,602.4599999999999,69.60520609008937,NaN,NaN
1606780800,583.8070262337749,635.7,583.8070262337749,613.4024999999999,71.39348824956599,NaN,NaN
1606824000,598.6047631168874,618.96,560,595.0074999999999,64.5211166255252,NaN,NaN
1606867200,596.8061315584437,604.93,575,590.9525,63.07962252400891,NaN,NaN
1606910400,593.8793157792218,601.77,583.41,595.1724999999999,63.981490584347156,NaN,NaN
1606953600,594.5259078896108,615.73,585.82,603.0075,65.65876461042059,NaN,NaN
1606996800,598.7667039448054,623.44,598.7667039448054,614.5325,68.01799619006661,NaN,NaN
1607040000,606.6496019724027,620,582.76,601.0425,62.59717489104006,NaN,NaN
1607083200,603.8460509862014,603.8460509862014,565.82,578.4749999999999,54.7378510274515,NaN,NaN
1607126400,591.1605254931006,597.11,560.88,578.6725,54.79134690948601,NaN,NaN
1607169600,584.9165127465503,597.1,583.9,591.8275000000001,58.324589860441414,NaN,NaN
1607212800,588.3720063732752,607.5,586,595.895,59.38164028955626,NaN,NaN
1607256000,592.1335031866377,604,583,595.4425,59.201742420655435,NaN,NaN
1607299200,593.7880015933188,603.15,590,596.3575000000001,59.46913349809773,NaN,NaN
1607342400,595.0727507966594,597.59,584.22,590.925,57.07729420165895,NaN,NaN
1607385600,592.9988753983297,595,570.73,582.6975,53.5636074274022,NaN,NaN
1607428800,587.8481876991648,587.8481876991648,549.22,564.7075,46.782085079299854,NaN,NaN
1607472000,576.2778438495824,576.2778438495824,530.43,553.2325,43.039031188841435,NaN,NaN
1607515200,564.7551719247912,578.08,559.93,568.2475000000001,48.810480481027675,NaN,NaN
1607558400,566.5013359623956,575.7,552.33,564.0550000000001,47.36730671157786,NaN,NaN
1607601600,565.2781679811978,568.5,548.11,557.6475,45.16920290882776,NaN,NaN
1607644800,561.4628339905989,561.4628339905989,535.5,548.54,42.17346355924091,NaN,NaN
1607688000,555.0014169952995,555.0014169952995,537.02,543.785,40.65733331197258,NaN,NaN
1607731200,549.3932084976498,560.92,543.1,551.9925000000001,44.37453359481103,NaN,NaN
1607774400,550.6928542488249,574,550.6928542488249,563.2075,49.06917756739143,NaN,NaN
1607817600,556.9501771244124,586.88,556.9501771244124,575.9375,53.8321936268483,NaN,NaN
1607860800,566.4438385622062,595,566.4438385622062,587.7375,57.77420172590123,NaN,NaN
1607904000,577.0906692811031,591.48,575.6,584.3975,56.30864546377967,NaN,NaN
1607947200,580.7440846405516,588.77,576.12,582.7175,55.545400161100865,NaN,NaN
1607990400,581.7307923202758,597.2,578.58,586.9150000000001,57.10968001685004,NaN,NaN
1608033600,584.3228961601379,593.17,582.52,587.4549999999999,57.31776113727712,NaN,NaN
1608076800,585.888948080069,596.5,580.71,589.9425,58.32086544813535,NaN,NaN
1608120000,587.9157240400345,640,587.9157240400345,615.4375,66.90564953531036,NaN,NaN
1608163200,601.6766120200173,670.21,601.6766120200173,650.6624999999999,74.66892469185049,NaN,NaN
1608206400,626.1695560100086,676.25,625.76,651.6475,74.84661245159396,NaN,NaN
1608249600,638.9085280050043,664.61,629.4,646.7975000000001,72.16247055727261,NaN,NaN
1608292800,642.8530140025023,655.18,632.18,647.9224999999999,72.40963513637782,NaN,NaN
1608336000,645.3877570012511,659.75,645.3877570012511,652.4549999999999,73.43308516040341,NaN,NaN
1608379200,648.9213785006255,669.95,648.9213785006255,657.035,74.46388962800276,NaN,NaN
1608422400,652.9781892503127,661.39,640.28,653.0725,71.8658474329601,NaN,NaN
1608465600,653.0253446251563,657.89,621.01,642.41,65.26699312852728,NaN,NaN
1608508800,647.7176723125781,648,603,623.935,55.719989252759895,NaN,NaN
1608552000,635.826336156289,635.826336156289,595.9,607.155,48.745671304661705,NaN,NaN
1608595200,621.4906680781445,621.4906680781445,588,605.8575,48.242838429740765,NaN,NaN
1608638400,613.6740840390722,637.73,608.54,623.575,55.05995703182189,NaN,NaN
1608681600,618.6245420195362,638.44,591.97,617.23,52.39824534680253,NaN,NaN
1608724800,617.9272710097681,622.79,551.28,590.4224999999999,42.95095363734126,NaN,NaN
1608768000,604.1748855048841,604.1748855048841,565.43,580.17,39.981937462053004,NaN,NaN
1608811200,592.1724427524421,615.02,577.77,596.9575,46.502889544520336,NaN,NaN
1608854400,594.564971376221,634.24,594.564971376221,620.0925,53.93140698561237,NaN,NaN
1608897600,607.3287356881106,632.42,607.3287356881106,624.1374999999999,55.10522646668582,NaN,NaN
1608940800,615.7331178440552,637,615.26,625.4325,55.49618396036247,NaN,NaN
1608984000,620.5828089220277,652.91,620,633.26,57.88357337674711,NaN,NaN
1609027200,626.9214044610138,655.99,625,639.3,59.68093320104292,NaN,NaN
1609070400,633.1107022305068,717.13,626.63,666.9100000000001,66.68083269240196,NaN,NaN
1609113600,650.0103511152535,741.6,650.0103511152535,709.9324999999999,74.19792503434594,NaN,NaN
1609156800,679.9714255576266,748.09,679.9714255576266,731.1825,76.96256080253696,NaN,NaN
1609200000,705.5769627788134,740.78,689.2,722.9175,73.65684867676138,NaN,NaN
1609243200,714.2472313894067,739.85,704.97,727.0525,74.25269550195824,NaN,NaN
1609286400,720.6498656947033,747.5,716.62,730.385,74.74841373795041,NaN,NaN
1609329600,725.5174328473516,758.74,719.55,738.97,76.02881880987192,NaN,NaN
1609372800,732.2437164236758,755.74,727.32,745.1375,76.9336972702234,NaN,NaN
1609416000,738.6906082118379,747.6,722,737.835,73.40066269465912,NaN,NaN
1609459200,738.262804105919,749,725.1,737.3425,73.1566544658767,NaN,NaN
1609502400,737.8026520529595,743.33,714.29,731.345,70.10050666540116,NaN,NaN
1609545600,734.5738260264798,740.49,714.91,728.5025,68.63700328127865,NaN,NaN
1609588800,731.5381630132399,787.69,728.25,755.0500000000001,74.07976527622475,NaN,NaN
1609632000,743.2940815066199,832.3,743.2940815066199,801.3025,80.4465642251682,NaN,NaN
1609675200,772.29829075331,1011.07,772.29829075331,911.375,88.00050394813118,NaN,NaN
1609718400,841.836645376655,1162.97,841.836645376655,1002.0250000000001,91.06268656223229,NaN,NaN
1609761600,921.9308226883276,1058.16,921.9308226883276,1008.1700000000001,91.22614128675212,NaN,NaN
1609804800,965.0504113441639,1134.6,965.0504113441639,1048.1775,92.2233524170135,NaN,NaN
1609848000,1006.6139556720819,1120,1001,1065.6975,92.61898317418955,NaN,NaN
1609891200,1036.155727836041,1166.58,1036.155727836041,1118.97,93.67300328525361,NaN,NaN
1609934400,1077.5628639180204,1213,1077.5628639180204,1172.4775,94.51954030637268,NaN,NaN
1609977600,1125.0201819590102,1224.11,1125.0201819590102,1198.2524999999998,94.87524542567489,NaN,NaN
1610020800,1161.636340979505,1289,1131,1211.5475,95.05358115677946,NaN,NaN
1610064000,1186.5919204897523,1270.24,1065,1203.8825,93.04329048906435,NaN,NaN
1610107200,1195.2372102448762,1273.75,1135.51,1220.3575,93.36795568860681,NaN,NaN
1610150400,1207.7973551224381,1237,1171.36,1211.43,90.89253394918416,NaN,NaN
1610193600,1209.613677561219,1304.37,1194.08,1248.775,91.86424371876345,NaN,NaN
1610236800,1229.1943387806095,1348.33,1229.1943387806095,1285.3025,92.68620942361345,NaN,NaN
1610280000,1257.2484193903047,1325,1170,1252.1325,84.35205330290334,NaN,NaN
1610323200,1254.6904596951522,1260,1010.91,1148.2549999999999,64.72416188630412,NaN,NaN
1610366400,1201.472729847576,1201.472729847576,915,1043.195,51.637141672837664,NaN,NaN
1610409600,1122.333864923788,1150.02,1038.34,1093.6299999999999,56.21420469426958,NaN,NaN
1610452800,1107.9819324618938,1126.88,1006.33,1070.63,53.71747780229679,NaN,NaN
1610496000,1089.305966230947,1096.64,987.48,1049.02,51.407218698755095,NaN,NaN
1610539200,1069.1629831154735,1137.65,1045.07,1093.5625,55.64191590408704,NaN,NaN
1610582400,1081.3627415577366,1174.73,1081.3627415577366,1139.4525,59.55273656469909,NaN,NaN
1610625600,1110.4076207788685,1247.55,1110.4076207788685,1198.29,63.94223376864354,NaN,NaN
1610668800,1154.3488103894342,1256.98,1154.3488103894342,1222.6,65.6031938058004,NaN,NaN
1610712000,1188.474405194717,1230.64,1069.42,1173.7175,59.65281715929317,NaN,NaN
1610755200,1181.0959525973585,1225.52,1151.77,1191.1925,61.014182161564875,NaN,NaN
1610798400,1186.1442262986793,1298,1186.1442262986793,1233.2075,64.14649314140263,NaN,NaN
1610841600,1209.6758631493396,1258,1165,1217.5875,62.14735761659591,NaN,NaN
1610884800,1213.63168157467,1269.02,1191.03,1228.0049999999999,62.976098311198356,NaN,NaN
1610928000,1220.8183407873348,1247.73,1182.58,1222.06,62.1399821448542,NaN,NaN
1610971200,1221.4391703936674,1260.75,1211.66,1239.0725,63.62816746319313,NaN,NaN
1611014400,1230.2558351968337,1433,1230.2558351968337,1343.1425,71.10942337531417,NaN,NaN
1611057600,1286.6991675984168,1438.3,1286.6991675984168,1391.885,73.82500501907936,NaN,NaN
1611100800,1339.2920837992083,1407.93,1250,1322.17,64.48835522086763,NaN,NaN
1611144000,1330.7310418996042,1389.42,1235.42,1316.81,63.82006048971162,NaN,NaN
1611187200,1323.7705209498022,1390,1222,1306.2575000000002,62.44797753551962,NaN,NaN
1611230400,1315.0140104749012,1315.0140104749012,1086,1173.3475,48.348748262146536,NaN,NaN
1611273600,1244.1807552374507,1244.1807552374507,1042.31,1140.7025,45.62407301077897,NaN,NaN
1611316800,1192.4416276187253,1273.79,1192.4416276187253,1224.2624999999998,52.93531429724883,NaN,NaN
1611360000,1208.3520638093626,1272.44,1205.7,1232.455,53.59412419988343,NaN,NaN
1611403200,1220.4035319046811,1264,1195.9,1228.1425,53.17218795998294,NaN,NaN
1611446400,1224.2730159523405,1350.04,1220,1286.6175,58.00054234214038,NaN,NaN
1611489600,1255.4452579761703,1398.83,1255.4452579761703,1358.1575,63.02375399814518,NaN,NaN
1611532800,1306.8013789880852,1475,1306.8013789880852,1414.3625000000002,66.42163411559372,NaN,NaN
1611576000,1360.5819394940427,1444.36,1293.69,1366.835,61.29246493881175,NaN,NaN
1611619200,1363.7084697470214,1378.49,1294.83,1326.095,57.213966830952586,NaN,NaN
1611662400,1344.9017348735106,1374.22,1244.56,1324.59,57.06290761242178,NaN,NaN
1611705600,1334.7458674367554,1373.9,1245,1308.615,55.391145155804,NaN,NaN
1611748800,1321.6804337183776,1321.6804337183776,1207,1250.6425,49.700667315752504,NaN,NaN
1611792000,1286.1614668591887,1325,1217.23,1270.9275,51.57528675586365,NaN,NaN
1611835200,1278.5444834295945,1360,1278.5444834295945,1321.205,55.956698843439085,NaN,NaN
1611878400,1299.8747417147972,1429.99,1285.35,1365.435,59.4339621963513,NaN,NaN
1611921600,1332.6548708573987,1436.9,1313.12,1386.5875,61.019001822372104,NaN,NaN
1611964800,1359.6211854286994,1406,1326.41,1362.9950000000001,58.28360172399192,NaN,NaN
1612008000,1361.3080927143496,1390,1330.25,1359.5775,57.87884427260601,NaN,NaN
1612051200,1360.4427963571748,1380.74,1338,1362.7675,58.17085199225854,NaN,NaN
1612094400,1361.6051481785873,1371.85,1281.12,1329.97,54.024026632806105,NaN,NaN
1612137600,1345.7875740892937,1345.7875740892937,1269.99,1316.01,52.31455378410784,NaN,NaN
1612180800,1330.8987870446467,1377.99,1300,1347.14,55.68223873335261,NaN,NaN
1612224000,1339.0193935223233,1458,1339.0193935223233,1402.9875,61.00313292331883,NaN,NaN
1612267200,1371.0034467611617,1547.9,1371.0034467611617,1471.8374999999999,66.36464955105197,NaN,NaN
1612310400,1421.420473380581,1571,1421.420473380581,1532.2500000000002,70.2320127241945,NaN,NaN
1612353600,1476.8352366902905,1669.35,1476.8352366902905,1598.7524999999998,73.8028415668869,NaN,NaN
1612396800,1537.7938683451453,1695.2,1537.7938683451453,1635.6425,75.55459194735877,NaN,NaN
1612440000,1586.7181841725726,1670.67,1554.44,1608.1375,71.70465966900653,NaN,NaN
1612483200,1597.4278420862863,1676.27,1591,1631.395,72.9593744764004,NaN,NaN
1612526400,1614.411421043143,1760.49,1614.411421043143,1699.955,76.2962474120136,NaN,NaN
1612569600,1657.1832105215715,1743.67,1642.94,1696.3075,75.76060428003275,NaN,NaN
1612612800,1676.7453552607858,1719.99,1655.23,1682.81,73.69867040045028,NaN,NaN
1612656000,1679.7776776303929,1693,1585.44,1644.925,68.09651883699692,NaN,NaN
1612699200,1662.3513388151964,1662.3513388151964,1490.46,1589.09,60.76532143984239,NaN,NaN
1612742400,1625.720669407598,1665,1563.89,1625.2075,63.502534206794,NaN,NaN
1612785600,1625.464084703799,1775.57,1625.464084703799,1707.13,68.81665431700084,NaN,NaN
1612828800,1666.2970423518996,1821.88,1666.2970423518996,1758.3625000000002,71.60144135717961,NaN,NaN
1612872000,1712.3297711759499,1791.58,1712.19,1756.575,71.36198773900068,NaN,NaN
1612915200,1734.452385587975,1837.86,1734.452385587975,1789.315,73.13420377939269,NaN,NaN
1612958400,1761.8836927939874,1792.46,1680,1751.3149999999998,67.88338659681449,NaN,NaN
1613001600,1756.5993463969935,1789.3,1703.44,1749.215,67.59455913645809,NaN,NaN
1613044800,1752.9071731984968,1819,1752.9071731984968,1780.5974999999999,69.67129728770024,NaN,NaN
1613088000,1766.7523365992483,1808,1739.88,1777.33,69.17422352278876,NaN,NaN
1613131200,1772.0411682996241,1864.88,1750.89,1807.91,71.24212704898487,NaN,NaN
1613174400,1789.9755841498122,1871.72,1765,1814.9775,71.71440170206449,NaN,NaN
1613217600,1802.476542074906,1823.99,1765,1796.74,68.58438057685467,NaN,NaN
1613260800,1799.608271037453,1850,1799.608271037453,1824.2825,70.66659792684158,NaN,NaN
1613304000,1811.9453855187267,1844.28,1784.11,1815.1975,69.04107084478125,NaN,NaN
1613347200,1813.5714427593634,1813.5714427593634,1655.67,1764.0500000000002,60.590795797798215,NaN,NaN
1613390400,1788.8107213796818,1835.72,1762.65,1791.345,63.180691778891294,NaN,NaN
1613433600,1790.077860689841,1827.28,1744.92,1783.665,61.94710842468696,NaN,NaN
1613476800,1786.8714303449206,1825,1724,1778.5275,61.08786860662084,NaN,NaN
1613520000,1782.6994651724604,1821.93,1733.01,1786.1325000000002,61.929674595567924,NaN,NaN
1613563200,1784.4159825862303,1855,1784.4159825862303,1828.1200000000001,66.26846417740748,NaN,NaN
1613606400,1806.2679912931153,1929,1806.2679912931153,1882.1999999999998,70.87293819387304,NaN,NaN
1613649600,1844.2339956465576,1950.5,1844.2339956465576,1917.9474999999998,73.45258271002153,NaN,NaN
1613692800,1881.0907478232787,1952,1881.0907478232787,1929.0725,74.21786402229907,NaN,NaN
1613736000,1905.0816239116393,1972.82,1905.0816239116393,1944.08,75.25418344249346,NaN,NaN
1613779200,1924.5808119558196,2042.34,1922.51,1979.9725,77.57570916479858,NaN,NaN
1613822400,1952.2766559779097,2036.9,1803.14,1938.1525000000001,69.4055433259696,NaN,NaN
1613865600,1945.214577988955,1975.32,1883.01,1933.2125,68.48795700055071,NaN,NaN
1613908800,1939.2135389944774,1976.31,1901.2,1943.165,69.36665004262044,NaN,NaN
1613952000,1941.1892694972387,1941.1892694972387,1775.11,1861.8975,55.706994390665265,NaN,NaN
1613995200,1901.5433847486192,1901.5433847486192,1551,1734.8175,41.83416310103091,NaN,NaN
1614038400,1818.1804423743097,1818.1804423743097,1355,1591.97,32.14392574335136,NaN,NaN
1614081600,1705.075221187155,1705.075221187155,1425.76,1516.2775000000001,28.39116076210533,NaN,NaN
1614124800,1610.6763605935776,1712.7,1500.2,1617.0249999999999,38.656779604218386,NaN,NaN
1614168000,1613.8506802967886,1707.65,1555,1640.8575,40.818139659072614,NaN,NaN
1614211200,1627.3540901483943,1657.89,1577.88,1620.2150000000001,39.51932424606324,NaN,NaN
1614254400,1623.7845450741972,1671.59,1459.16,1558.585,35.851441785166784,NaN,NaN
1614297600,1591.1847725370985,1591.1847725370985,1400,1474.145,31.533132394228048,NaN,NaN
1614340800,1532.6648862685493,1562.25,1410.33,1475.2275,31.6467983359625,NaN,NaN
1614384000,1503.9461931342746,1529,1438.4,1470.4425,31.39865667556778,NaN,NaN
1614427200,1487.1943465671375,1523.48,1425,1469.1575,31.327616646744914,NaN,NaN
1614470400,1478.1759232835689,1478.1759232835689,1313.74,1403.0725,27.839164940676724,NaN,NaN
1614513600,1440.6242116417843,1442,1293.18,1381.5075000000002,26.79077722420716,NaN,NaN
1614556800,1411.0658558208922,1531,1409.91,1471.135,37.35065222476427,NaN,NaN
1614600000,1441.1004279104461,1572,1441.1004279104461,1542.3249999999998,44.231533682091175,NaN,NaN
1614643200,1491.712713955223,1602.9,1491.712713955223,1567.71,46.48846223835654,NaN,NaN
1614686400,1529.7113569776116,1592.84,1455.52,1525.6825,43.35980824626961,NaN,NaN
1614729600,1527.6969284888057,1614.78,1475.47,1546.07,45.28354399687802,NaN,NaN
1614772800,1536.8834642444028,1656.94,1536.8834642444028,1599.1225,50.038862215065556,NaN,NaN
1614816000,1568.0029821222015,1624.87,1528.01,1570.5375000000001,47.63660528435324,NaN,NaN
1614859200,1569.270241061101,1602.53,1506.36,1552.435,46.126364149357755,NaN,NaN
1614902400,1560.8526205305504,1560.8526205305504,1441.66,1500.67,42.02356094367667,NaN,NaN
1614945600,1530.7613102652754,1548.96,1448.52,1501.5074999999997,42.11327154117494,NaN,NaN
1614988800,1516.1344051326375,1598,1516.1344051326375,1552.11,47.40844360340083,NaN,NaN
1615032000,1534.1222025663187,1671.58,1513.03,1599.7599999999998,51.872879242462275,NaN,NaN
1615075200,1566.9411012831592,1696,1566.9411012831592,1665.2825,57.24724134338586,NaN,NaN
1615118400,1616.1118006415795,1734.16,1616.1118006415795,1692.2599999999998,59.264254084971945,NaN,NaN
1615161600,1654.1859003207896,1755.22,1654.1859003207896,1717.535,61.11521946981843,NaN,NaN
1615204800,1685.860450160395,1843.59,1685.860450160395,1775.095,65.01401963953987,NaN,NaN
1615248000,1730.4777250801976,1859.61,1730.4777250801976,1831.795,68.37753910504,NaN,NaN
1615291200,1781.1363625400988,1870.77,1781.1363625400988,1841.6825000000001,68.93834505069515,NaN,NaN
1615334400,1811.4094312700495,1877.69,1757,1830.0125,67.41861717867738,NaN,NaN
1615377600,1820.7109656350249,1870.2,1762.83,1810.7949999999998,64.8820843615251,NaN,NaN
1615420800,1815.7529828175125,1816.49,1725,1778.9775000000002,60.80320409536876,NaN,NaN
1615464000,1797.3652414087564,1846.7,1765.23,1804.2724999999998,62.80514978811209,NaN,NaN
1615507200,1800.8188707043782,1841.88,1756,1799.4,62.1467015270088,NaN,NaN
1615550400,1800.1094353521892,1800.1094353521892,1719.72,1761.3049999999998,57.105808328178384,NaN,NaN
1615593600,1780.7072176760944,1889.01,1727.75,1813.6725000000001,61.70432427499655,NaN,NaN
1615636800,1797.1898588380473,1944.3,1797.1898588380473,1896.815,67.63657624983065,NaN,NaN
1615680000,1847.0024294190237,1933.1,1846.51,1895.2,67.4181119037845,NaN,NaN
1615723200,1871.1012147095119,1893.95,1836,1864.1799999999998,63.1958837688841,NaN,NaN
1615766400,1867.640607354756,1891.76,1730,1809.965,56.5320768864401,NaN,NaN
1615809600,1838.802803677378,1838.802803677378,1745.52,1779.6625,53.158066111745235,NaN,NaN
1615852800,1809.232651838689,1819.5,1711.68,1779.43,53.13186403239731,NaN,NaN
1615896000,1794.3313259193446,1813.76,1761.92,1793.3575,54.576253875150655,NaN,NaN
1615939200,1793.8444129596724,1812.81,1750.43,1781.99,53.136861740904,NaN,NaN
1615982400,1787.9172064798363,1838.88,1741.18,1790.8375,54.15042534169419,NaN,NaN
1616025600,1789.3773532399182,1850,1789.3773532399182,1816.3374999999999,57.03473213935169,NaN,NaN
1616068800,1802.857426619959,1832.09,1759.04,1791.7125,53.53250392831042,NaN,NaN
1616112000,1797.2849633099795,1821.85,1733.47,1787.565,52.94283657900813,NaN,NaN
1616155200,1792.4249816549898,1840.61,1792.4249816549898,1817.21,56.620904610677975,NaN,NaN
1616198400,1804.817490827495,1845.9,1800.86,1824.3899999999999,57.487601610462754,NaN,NaN
1616241600,1814.6037454137474,1868.83,1802.02,1829.7024999999999,58.153797632572555,NaN,NaN
1616284800,1822.1531227068735,1822.1531227068735,1747,1785.8125,51.03788771593919,NaN,NaN
1616328000,1803.9828113534368,1809.25,1758.35,1780.7875,50.27931557906253,NaN,NaN
1616371200,1792.3851556767183,1807.51,1752.95,1784.7949999999998,50.9060083530575,NaN,NaN
1616414400,1788.590077838359,1797.71,1655.15,1732.3425,43.226325984029295,NaN,NaN
1616457600,1760.4662889191795,1760.4662889191795,1650,1683.13,37.5088781889384,NaN,NaN
1616500800,1721.7981444595898,1721.7981444595898,1658.5,1683.7725,37.62487543992184,NaN,NaN
1616544000,1702.785322229795,1719.19,1647.52,1687.4424999999999,38.32906170126196,NaN,NaN
1616587200,1695.1139111148973,1740.86,1536.92,1643.6125,33.46932084385139,NaN,NaN
1616630400,1669.3632055574485,1669.3632055574485,1549.4,1586.4350000000002,28.40898821105492,NaN,NaN
1616673600,1627.8991027787242,1627.8991027787242,1554.32,1587.8774999999998,28.701865486071625,NaN,NaN
1616716800,1607.888301389362,1637.1,1585.79,1606.6349999999998,32.565139012838046,NaN,NaN
1616760000,1607.2616506946808,1699.93,1607.2616506946808,1657.3725,41.758030547874476,NaN,NaN
1616803200,1632.3170753473405,1718.48,1632.3170753473405,1693.52,47.272902348601704,NaN,NaN
1616846400,1662.9185376736702,1732.67,1662.9185376736702,1698.2150000000001,47.962127183348805,NaN,NaN
1616889600,1680.5667688368353,1725.66,1680.5667688368353,1710.2600000000002,49.77594924484131,NaN,NaN
1616932800,1695.4133844184178,1714.47,1661.4,1691.56,47.03491182553879,NaN,NaN
1616976000,1693.4866922092087,1775.17,1677.85,1726.1175,52.2661801507181,NaN,NaN
1617019200,1709.8020961046045,1841,1709.8020961046045,1795.5575,60.671859015926195,NaN,NaN
1617062400,1752.6797980523022,1849.74,1752.6797980523022,1825.3975,63.63532599819362,NaN,NaN
1617105600,1789.0386490261512,1859.13,1789.0386490261512,1843.625,65.35275334563421,NaN,NaN
1617148800,1816.3318245130756,1862.55,1768.15,1819.9850000000001,61.308621765814564,NaN,NaN
1617192000,1818.1584122565378,1947.29,1797.51,1868.2275,65.9405895574752,NaN,NaN
1617235200,1843.1929561282689,1967.83,1843.1929561282689,1926.7875,70.54951541525062,NaN,NaN
1617278400,1884.9902280641345,1984.77,1884.9902280641345,1939.48,71.45125352999304,NaN,NaN
1617321600,1912.2351140320673,2010.45,1912.2351140320673,1983.1474999999998,74.35997577984843,NaN,NaN
1617364800,1947.6913070160335,2146,1947.6913070160335,2067.9775,78.86496710254819,NaN,NaN
1617408000,2007.8344035080167,2138.12,2007.8344035080167,2108.8825,80.63210172740821,NaN,NaN
1617451200,2058.3584517540085,2117.8,1996.3,2054.765,72.04906325534812,NaN,NaN
1617494400,2056.5617258770044,2063.49,1975.24,2022.6125,67.45488155520388,NaN,NaN
1617537600,2039.5871129385023,2091.83,2032.96,2060.9175,69.91604346205686,NaN,NaN
1617580800,2050.2523064692514,2085,2002.15,2054.9700000000003,69.04299645675488,NaN,NaN
1617624000,2052.611153234626,2130.64,2052.611153234626,2087.115,71.14054748084064,NaN,NaN
1617667200,2069.863076617313,2151,2069.863076617313,2114.065,72.80428251174554,NaN,NaN
1617710400,2091.964038308656,2129.35,2044.65,2099.9525000000003,70.5118934951212,NaN,NaN
1617753600,2095.9582691543283,2129.01,1957.59,2044.1775,62.17900672925369,NaN,NaN
1617796800,2070.067884577164,2070.067884577164,1930.01,1971.3325000000002,53.31679729962288,NaN,NaN
1617840000,2020.700192288582,2037,1947.35,1986.1825,54.73320843277773,NaN,NaN
1617883200,2003.441346144291,2084.61,1992.42,2038.5975,59.413994750203244,NaN,NaN
1617926400,2021.0194230721454,2100,2021.0194230721454,2080.515,62.732860093617795,NaN,NaN
1617969600,2050.767211536073,2088.92,2047.57,2071.7924999999996,61.60396833547259,NaN,NaN
1618012800,2061.279855768036,2200,2058,2121.4525000000003,65.41937214345947,NaN,NaN
1618056000,2091.3661778840183,2167.57,2083.53,2136.3050000000003,66.49183519699733,NaN,NaN
1618099200,2113.835588942009,2160.52,2113.4,2138.6375,66.66667282474799,NaN,NaN
1618142400,2126.2365444710044,2165.02,2123.38,2146.7775,67.30775896882906,NaN,NaN
1618185600,2136.5070222355025,2203.46,2119.35,2155.9825,68.0559487810508,NaN,NaN
1618228800,2146.2447611177513,2161.38,2102,2137.69,64.87833752576837,NaN,NaN
1618272000,2141.9673805588754,2230,2135.53,2183.1400000000003,68.7789091131403,NaN,NaN
1618315200,2162.553690279438,2318,2162.553690279438,2266.0875,74.37274134652245,NaN,NaN
1618358400,2214.320595139719,2400,2214.320595139719,2342.63,78.24606066412846,NaN,NaN
1618401600,2278.4752975698593,2447.29,2278.4752975698593,2390.745,80.26524268414117,NaN,NaN
1618444800,2334.6101487849296,2487.38,2334.6101487849296,2437.2225,82.00298358384285,NaN,NaN
1618488000,2385.916324392465,2543.47,2385.916324392465,2477.45,83.36807204353022,NaN,NaN
1618531200,2431.6831621962324,2548.29,2321.77,2441.6925,77.72458561652245,NaN,NaN
1618574400,2436.6878310981165,2461.94,2300,2391.825,70.5517534217935,NaN,NaN
1618617600,2414.256415549058,2495,2391.16,2429.3824999999997,72.60247785183037,NaN,NaN
1618660800,2421.819457774529,2421.819457774529,2310,2364.3175,64.25440531049276,NaN,NaN
1618704000,2393.0684788872645,2393.0684788872645,1946.8,2164.16,46.529844297949026,NaN,NaN
1618747200,2278.614239443632,2278.614239443632,2046.28,2145.7725,45.293764528841464,NaN,NaN
1618790400,2212.193369721816,2300,2190,2243.0699999999997,52.48652176280068,NaN,NaN
1618833600,2227.6316848609076,2252.82,2080,2185.1425,48.405914578455814,NaN,NaN
1618876800,2206.387092430454,2206.387092430454,2055,2152.7025000000003,46.237930314536854,NaN,NaN
1618920000,2179.544796215227,2346.62,2140.76,2253.0525000000002,53.21797113909557,NaN,NaN
1618963200,2216.2986481076136,2362.98,2216.2986481076136,2298.345,55.994983248020624,NaN,NaN
1619006400,2257.3218240538067,2469.54,2257.3218240538067,2337.5475,58.30217795316173,NaN,NaN
1619049600,2297.4346620269034,2574,2297.4346620269034,2447.305,63.994121607619306,NaN,NaN
1619092800,2372.3698310134514,2644.47,2303.44,2472.5550000000003,65.17196631823327,NaN,NaN
1619136000,2422.462415506726,2442.89,2107,2310.715,53.16688711341187,NaN,NaN
1619179200,2366.588707753363,2378.03,2193.76,2308.555,53.02649274958376,NaN,NaN
1619222400,2337.5718538766814,2368.74,2154.8,2267.5899999999997,50.312977001248655,NaN,NaN
1619265600,2302.580926938341,2302.580926938341,2160,2212.4975,46.841350048591956,NaN,NaN
1619308800,2257.53921346917,2294.6,2181.35,2244.5075,49.04147701992324,NaN,NaN
1619352000,2251.023356734585,2356.64,2168,2283.2825,51.65186091149874,NaN,NaN
1619395200,2267.1529283672926,2525,2267.1529283672926,2416.5950000000003,59.35993220147991,NaN,NaN
1619438400,2341.8739641836464,2542.8,2341.8739641836464,2505.695,63.54337586745957,NaN,NaN
1619481600,2423.7844820918235,2577.06,2423.7844820918235,2540.5275,65.05771260337364,NaN,NaN
1619524800,2482.155991045912,2680,2482.155991045912,2612.5575,68.01632344548256,NaN,NaN
1619568000,2547.356745522956,2716,2547.356745522956,2658.4025,69.7707192219047,NaN,NaN
1619611200,2602.879622761478,2760,2602.879622761478,2714.5825,71.81127759230263,NaN,NaN
1619654400,2658.731061380739,2774,2658.731061380739,2738.1124999999997,72.64418317042153,NaN,NaN
1619697600,2698.4217806903694,2798,2681,2749.5649999999996,73.06139681903142,NaN,NaN
1619740800,2723.9933903451847,2798.3,2723.9933903451847,2755.0725,73.27250543519797,NaN,NaN
1619784000,2739.5329451725925,2785,2723.09,2754.89,73.2520200781395,NaN,NaN
1619827200,2747.211472586296,2870,2743.41,2810.8575,75.51299568355753,NaN,NaN
1619870400,2779.034486293148,2954.28,2779.034486293148,2898.9150000000004,78.5807728550873,NaN,NaN
1619913600,2838.974743146574,2954.7,2838.974743146574,2922.01,79.31279833859618,NaN,NaN
1619956800,2880.492371573287,2985,2880.492371573287,2943.0925,79.98525049188746,NaN,NaN
1620000000,2911.7924357866436,3204.04,2911.7924357866436,3063.66,83.3237471262968,NaN,NaN
1620043200,2987.7262178933215,3454,2987.7262178933215,3280.5125,87.39595252159775,NaN,NaN
1620086400,3134.1193589466607,3487,3134.1193589466607,3394.665,88.92859115577834,NaN,NaN
1620129600,3264.3921794733305,3527,3160,3351.505,84.73327749778812,NaN,NaN
1620172800,3307.9485897366653,3407.63,3200.23,3299.88,79.87905947321798,NaN,NaN
1620216000,3303.914294868333,3549.34,3280.62,3426.7149999999997,82.5274673234414,NaN,NaN
1620259200,3365.3146474341665,3539.2,3365.3146474341665,3490.7875,83.69501401834574,NaN,NaN
1620302400,3428.0510737170835,3605.4,3400.2,3504.6525,83.9450260391735,NaN,NaN
1620345600,3466.351786858542,3536.18,3353.23,3455.6575,79.31672291621348,NaN,NaN
1620388800,3461.004643429271,3587,3421.11,3482.6425000000004,79.97170022336863,NaN,NaN
1620432000,3471.8235717146354,3584,3449.27,3513.325,80.71932244067035,NaN,NaN
1620475200,3492.5742858573176,3958.33,3492.5742858573176,3733.8775,85.04172764682312,NaN,NaN
1620518400,3613.225892928659,3983.65,3613.225892928659,3890.2275,87.22769233160437,NaN,NaN
1620561600,3751.7266964643295,3970,3726.08,3868.0024999999996,85.31899956847757,NaN,NaN
1620604800,3809.8645982321646,4168.71,3809.8645982321646,4011.1875,87.25405775110306,NaN,NaN
1620648000,3910.5260491160825,4208,3650,3967.5150000000003,83.63319328650894,NaN,NaN
1620691200,3939.0205245580414,4084.13,3771.64,3943.595,81.6349849884858,NaN,NaN
1620734400,3941.3077622790206,4180.22,3893.77,4054.8999999999996,83.59870029566855,NaN,NaN
1620777600,3998.10388113951,4370,3998.10388113951,4240.9974999999995,86.24663235874249,NaN,NaN
1620820800,4119.550690569755,4372.72,3701.58,4042.8550000000005,72.77467679179844,NaN,NaN
1620864000,4081.2028452848776,4081.2028452848776,3500,3772.3475,59.18303083118463,NaN,NaN
1620907200,3926.7751726424385,3926.7751726424385,3541.51,3725.9700000000003,57.21025227901354,NaN,NaN
1620950400,3826.3725863212194,4030,3691.35,3859.7725,61.22597400245058,NaN,NaN
1620993600,3843.0725431606097,4173.28,3843.0725431606097,4049.595,66.08827568470356,NaN,NaN
1621036800,3946.3337715803045,4134.05,3778.69,3972.4475,62.64969802160445,NaN,NaN
1621080000,3959.3906357901524,3959.3906357901524,3632,3778.8775,54.92743465177741,NaN,NaN
1621123200,3869.1340678950764,3879,3620.15,3733.77,53.279348449069005,NaN,NaN
1621166400,3801.4520339475384,3804.49,3343.06,3629.9075,49.589764858568664,NaN,NaN
1621209600,3715.679766973769,3715.679766973769,3102,3446.8475,43.82877453100222,NaN,NaN
1621252800,3581.2636334868844,3581.2636334868844,3121.48,3366.295,41.54180335190257,NaN,NaN
1621296000,3473.779316743442,3565.71,3240,3405.4624999999996,43.09659127544819,NaN,NaN
1621339200,3439.620908371721,3539.99,3255.71,3426.0575,43.940883177551385,NaN,NaN
1621382400,3432.8392041858606,3441.73,2442.82,2995.1775,32.931840272920596,NaN,NaN
1621425600,3214.00835209293,3214.00835209293,1888,2492.11,25.042881456593747,NaN,NaN
1621468800,2853.059176046465,2853.059176046465,2155,2531.8325,26.539302247353802,NaN,NaN
1621512000,2692.4458380232327,2990.05,2581,2773.5175,35.03705968655737,NaN,NaN
1621555200,2732.9816690116163,2938.54,2619,2759.4449999999997,34.78474395108175,NaN,NaN
1621598400,2746.2133345058082,2763.09,2101,2501.86,30.460696009571762,NaN,NaN
1621641600,2624.0366672529044,2624.0366672529044,2145,2369.13,28.49505418091786,NaN,NaN
1621684800,2496.5833336264523,2496.5833336264523,2251.16,2361.1549999999997,28.376567182007776,NaN,NaN
1621728000,2428.869166813226,2428.869166813226,1986,2194.6275,25.950070465895607,NaN,NaN
1621771200,2311.748333406613,2311.748333406613,1728.74,2022.6574999999998,23.696574265010625,NaN,NaN
1621814400,2167.202916703306,2377.13,2079.94,2230.36,31.44047543990638,NaN,NaN
1621857600,2198.781458351653,2675,2198.781458351653,2505.9325,40.123150395822066,NaN,NaN
1621900800,2352.3569791758264,2750,2352.3569791758264,2542.295,41.18167495907784,NaN,NaN
1621944000,2447.325989587913,2735,2382.21,2553.8675,41.535908225876945,NaN,NaN
1621987200,2500.5967447939565,2910,2500.5967447939565,2772.7425000000003,47.92395828132198,NaN,NaN
1622030400,2636.6696223969784,2887.15,2636.6696223969784,2817.5675,49.14937615599006,NaN,NaN
1622073600,2727.1185611984893,2889.74,2633.68,2808.7799999999997,48.90641224369141,NaN,NaN
1622116800,2767.9492805992445,2867.96,2701.77,2784.7075,48.20343336646895,NaN,NaN
1622160000,2776.3283902996222,2776.3283902996222,2419.46,2589.95,42.83845527722221,NaN,NaN
1622203200,2683.139195149811,2683.139195149811,2327.38,2448.2275,39.40180460032142,NaN,NaN
1622246400,2565.6833475749054,2574.27,2377.27,2453.6575000000003,39.601731753803676,NaN,NaN
1622289600,2509.670423787453,2509.670423787453,2204.1,2346.2775,37.00190488769477,NaN,NaN
1622332800,2427.9739618937265,2476.42,2180.53,2349.3125,37.12753989887713,NaN,NaN
1622376000,2388.6432309468632,2468,2340,2413.975,39.87854397662712,NaN,NaN
1622419200,2401.3091154734316,2587.15,2271.44,2448.9674999999997,41.37351172710247,NaN,NaN
1622462400,2425.1383077367154,2720,2425.1383077367154,2621.9049999999997,48.225507320633525,NaN,NaN
1622505600,2523.5216538683576,2740,2523.5216538683576,2654.34,49.419537757219636,NaN,NaN
1622548800,2588.930826934179,2666,2523.74,2612.1349999999998,47.87243296736316,NaN,NaN
1622592000,2600.532913467089,2720.93,2550,2649.8975,49.39881503770812,NaN,NaN
1622635200,2625.2152067335446,2802.99,2625.2152067335446,2718.9174999999996,52.15633785937133,NaN,NaN
1622678400,2672.066353366772,2891.95,2662.4,2766.7974999999997,54.027951304960894,NaN,NaN
1622721600,2719.431926683386,2875,2719.431926683386,2825.2625,56.277144470433235,NaN,NaN
1622764800,2772.3472133416926,2860,2586.02,2731.9500000000003,51.91171636856268,NaN,NaN
1622808000,2752.1486066708467,2752.1486066708467,2552,2651.26,48.41440755487499,NaN,NaN
1622851200,2701.7043033354234,2816.87,2623.25,2692.39,50.254117725258645,NaN,NaN
1622894400,2697.0471516677117,2697.0471516677117,2552.23,2620.955,47.11154486717238,NaN,NaN
1622937600,2659.001075833856,2745,2614,2669.3450000000003,49.41898528919945,NaN,NaN
1622980800,2664.173037916928,2737.49,2653,2698.29,50.80166823692546,NaN,NaN
1623024000,2681.231518958464,2838,2681.231518958464,2763.4525,53.85958350370618,NaN,NaN
1623067200,2722.342009479232,2847.55,2570,2705.6050000000005,50.83865358270793,NaN,NaN
1623110400,2713.973504739616,2713.973504739616,2427.28,2543.3375,43.472744522064346,NaN,NaN
1623153600,2628.6555023698083,2628.6555023698083,2304.91,2473.6175,40.741386479554976,NaN,NaN
1623196800,2551.136501184904,2551.136501184904,2405.28,2499.2575,42.180132038766416,NaN,NaN
1623240000,2525.1970005924522,2626.63,2446.74,2554.7875,45.27885008398676,NaN,NaN
1623283200,2539.9922502962263,2624.46,2492.23,2573.2999999999997,46.311862135334394,NaN,NaN
1623326400,2556.6461251481132,2570.72,2425.11,2508.3050000000003,43.22654203921457,NaN,NaN
1623369600,2532.4755625740568,2532.4755625740568,2402.51,2460.56,41.06240385791622,NaN,NaN
1623412800,2496.5177812870284,2496.5177812870284,2321.37,2406.5275,38.70100892405568,NaN,NaN
1623456000,2451.522640643514,2451.522640643514,2256.22,2349.1575000000003,36.313181021107155,NaN,NaN
1623499200,2400.340070321757,2454.53,2363,2394.245,39.47385525925052,NaN,NaN
1623542400,2397.2925351608783,2419,2308.41,2365.2725,38.163197118295365,NaN,NaN
1623585600,2381.282517580439,2548.41,2327.64,2437.105,43.19885981328301,NaN,NaN
1623628800,2409.1937587902194,2543.36,2409.1937587902194,2498.3075,47.14801137758459,NaN,NaN
1623672000,2453.7506293951096,2609.17,2453.7506293951096,2535.145,49.42714551016867,NaN,NaN
1623715200,2494.447814697555,2640,2494.447814697555,2590.1499999999996,52.70662955119771,NaN,NaN
1623758400,2542.298907348777,2614,2507.7,2560.6724999999997,50.80524581848875,NaN,NaN
1623801600,2551.4857036743883,2556.19,2456.78,2504.145,47.28267010502184,NaN,NaN
1623844800,2527.815351837194,2527.815351837194,2351.18,2411.835,42.14388978028225,NaN,NaN
1623888000,2469.825175918597,2469.825175918597,2359.17,2403.0475,41.67950087134013,NaN,NaN
1623931200,2436.4363379592987,2436.4363379592987,2306,2382.5825,40.55861490700706,NaN,NaN
1623974400,2409.509418979649,2409.509418979649,2280,2337.7925,38.141011156154775,NaN,NaN
1624017600,2373.6509594898243,2373.6509594898243,2139,2254.7475,34.08430493587397,NaN,NaN
1624060800,2314.1992297449124,2314.1992297449124,2168.08,2225.3225,32.75493526447315,NaN,NaN
1624104000,2269.7608648724563,2278.82,2161.67,2211.5525000000002,32.123517821803944,NaN,NaN
1624147200,2240.656682436228,2240.656682436228,2060.17,2130.5025,28.625681905822134,NaN,NaN
1624190400,2185.579591218114,2280.01,2040.68,2159.61,31.509980348494196,NaN,NaN
1624233600,2172.5947956090567,2260.16,1891.24,2091.0099999999998,28.57877817584601,NaN,NaN
1624276800,2131.8023978045285,2131.8023978045285,1865.54,1935.9524999999999,23.302244229135695,NaN,NaN
1624320000,2033.8774489022642,2033.8774489022642,1855,1901.3025000000002,22.310915668826766,NaN,NaN
1624363200,1967.589974451132,1967.589974451132,1700.48,1850.175,20.898169562194127,NaN,NaN
1624406400,1908.882487225566,2045,1821.95,1934.445,28.890566804697855,NaN,NaN
1624449600,1921.663743612783,2040.66,1907.83,1977.015,32.59561626549058,NaN,NaN
1624492800,1949.3393718063917,1981.99,1884.79,1949.995,31.474646168541597,NaN,NaN
1624536000,1949.6671859031958,2036.61,1949.6671859031958,1987.0700000000002,34.78854481036136,NaN,NaN
1624579200,1968.368592951598,2019.99,1850,1928.1275,32.12837833784896,NaN,NaN
1624622400,1948.2480464757991,1948.2480464757991,1791.22,1833.2575,28.368345849319255,NaN,NaN
1624665600,1890.7527732378994,1890.7527732378994,1717.32,1795.315,27.007022707688805,NaN,NaN
1624708800,1843.0338866189497,1843.0338866189497,1728,1798.65,27.3370840149599,NaN,NaN
1624752000,1820.841943309475,1894.82,1811.6,1843.9650000000001,31.846619111981568,NaN,NaN
1624795200,1832.4034716547376,1984.5,1804.26,1902.6599999999999,37.2765314870779,NaN,NaN
1624838400,1867.5317358273687,2083.32,1867.5317358273687,2006.4875000000002,45.54192732301409,NaN,NaN
1624881600,1937.0096179136845,2145,1937.0096179136845,2053.885,48.855240253391216,NaN,NaN
1624924800,1995.4473089568423,2189,1995.4473089568423,2130.855,53.7738119315343,NaN,NaN
1624968000,2063.151154478421,2245,2063.151154478421,2185.6725,56.949232015068134,NaN,NaN
1625011200,2124.4118272392107,2186.89,2087.99,2149.145,54.27383039310371,NaN,NaN
1625054400,2136.778413619605,2287.78,2089.41,2202.3,57.4094489756852,NaN,NaN
1625097600,2169.5392068098026,2275.93,2090,2195.1875,56.847710430865526,NaN,NaN
1625140800,2182.3633534049013,2182.3633534049013,2073.12,2116.2625,50.89637176360981,NaN,NaN
1625184000,2149.3129267024506,2149.3129267024506,2018.5,2075.725,48.110454581073675,NaN,NaN
1625227200,2112.5189633512255,2160,2031.25,2096.0924999999997,49.60307995585266,NaN,NaN
1625270400,2104.3057316756126,2224.33,2104.3057316756126,2175.9625,55.06209643252446,NaN,NaN
1625313600,2140.1341158378063,2240,2140.1341158378063,2216.915,57.598250337489674,NaN,NaN
1625356800,2178.524557918903,2347.75,2178.524557918903,2273.8224999999998,60.90048504901406,NaN,NaN
1625400000,2226.1735289594517,2389.93,2226.1735289594517,2335.9,64.17785275580229,NaN,NaN
1625443200,2281.036764479726,2324.64,2175,2254.31,57.37117847058883,NaN,NaN
1625486400,2267.673382239863,2267.673382239863,2157.32,2200.94,53.382802343090226,NaN,NaN
1625529600,2234.306691119931,2350,2193,2258.44,56.86228591326992,NaN,NaN
1625572800,2246.373345559966,2339.91,2246.373345559966,2307.25,59.61769079485946,NaN,NaN
1625616000,2276.811672779983,2409,2276.811672779983,2351.935,62.01009284543513,NaN,NaN
1625659200,2314.3733363899914,2398,2306.08,2351.2525,61.94972468061764,NaN,NaN
1625702400,2332.8129181949957,2332.8129181949957,2124.21,2233.6625000000004,52.471601851369144,NaN,NaN
1625745600,2283.237709097498,2283.237709097498,2084.79,2137.4425,46.237714419200806,NaN,NaN
1625788800,2210.340104548749,2210.340104548749,2046.51,2100.965,44.09874178332921,NaN,NaN
1625832000,2155.6525522743746,2189.4,2064.22,2120.395,45.543810622118635,NaN,NaN
1625875200,2138.0237761371873,2194.82,2085.66,2134.3525,46.6114741369123,NaN,NaN
1625918400,2136.1881380685936,2160,2074.16,2113.655,45.1963786985967,NaN,NaN
1625961600,2124.921569034297,2138.61,2081.02,2114.8275,45.29769472887605,NaN,NaN
1626004800,2119.8745345171483,2174,2113,2139.1099999999997,47.46386339966548,NaN,NaN
1626048000,2129.492267258574,2167.83,2100.62,2127.4925,46.514828822690305,NaN,NaN
1626091200,2128.492383629287,2128.492383629287,2006.68,2062.54,41.516677356200304,NaN,NaN
1626134400,2095.516191814643,2095.516191814643,1976.91,2013.315,38.16928551590184,NaN,NaN
1626177600,2054.4155959073214,2054.4155959073214,1918,1965.8025000000002,35.21772242108952,NaN,NaN
1626220800,2010.1090479536608,2010.1090479536608,1865,1928.2649999999999,33.043677272988745,NaN,NaN
1626264000,1969.1870239768305,2019.18,1938.72,1975.38,38.20037490364887,NaN,NaN
1626307200,1972.2835119884153,2042.88,1905,1963.815,37.43818019737917,NaN,NaN
1626350400,1968.0492559942077,1968.0492559942077,1881,1913.5875,34.24262743798579,NaN,NaN
1626393600,1940.8183779971039,1965,1850,1896.7024999999999,33.216206552482674,NaN,NaN
1626436800,1918.7604389985518,1940,1850.12,1879.66,32.168110996765535,NaN,NaN
1626480000,1899.2102194992758,1909.46,1844.45,1873.7125,31.79111011009114,NaN,NaN
1626523200,1886.461359749638,1919.19,1860,1885.8125,33.49869607585097,NaN,NaN
1626566400,1886.136929874819,1993.79,1886.136929874819,1938.8575,40.52779134605607,NaN,NaN
1626609600,1912.4972149374096,1973.24,1877.1,1926.8925000000002,39.51326092566537,NaN,NaN
1626652800,1919.6948574687049,1919.6948574687049,1855.16,1882.0025,35.88387570229612,NaN,NaN
1626696000,1900.8486787343525,1900.8486787343525,1805,1838.5575,32.74871809120785,NaN,NaN
1626739200,1869.7030893671763,1869.7030893671763,1706,1780.5149999999999,29.091752223773895,NaN,NaN
1626782400,1825.109044683588,1825.109044683588,1734.48,1774.0975,28.710015033444762,NaN,NaN
1626825600,1799.603272341794,1913.69,1747.55,1838.5275000000001,37.567532721465966,NaN,NaN
1626868800,1819.065386170897,2035.23,1819.065386170897,1957.8125,49.96286852058017,NaN,NaN
1626912000,1888.4389430854485,2024.47,1888.4389430854485,1990.96,52.769100947489164,NaN,NaN
1626955200,1939.6994715427243,2046,1939.6994715427243,2000.5425,53.579600610976094,NaN,NaN
1626998400,1970.120985771362,2094.28,1970.120985771362,2046.8725,57.38706805391122,NaN,NaN
1627041600,2008.496742885681,2130.9,1993.22,2075.715,59.608207072767634,NaN,NaN
1627084800,2042.1058714428405,2168,2042.1058714428405,2138.175,63.98603803515207,NaN,NaN
1627128000,2090.1404357214205,2199.5,2090.1404357214205,2166.5225,65.79786429767671,NaN,NaN
1627171200,2128.3314678607103,2194.8,2128.3314678607103,2169.045,65.96196529481439,NaN,NaN
1627214400,2148.688233930355,2197.41,2105.93,2163.2775,65.19178574412743,NaN,NaN
1627257600,2155.982866965178,2390,2155.982866965178,2273.225,71.92222645164176,NaN,NaN
1627300800,2214.603933482589,2433.65,2205.47,2302.1425,73.38012670674567,NaN,NaN
1627344000,2258.3732167412945,2278.36,2150.5,2233.755,64.80964112899399,NaN,NaN
1627387200,2246.0641083706473,2319.26,2201.66,2274.69,67.27357098870738,NaN,NaN
1627430400,2260.3770541853237,2345,2243.15,2304.5099999999998,68.97760216297289,NaN,NaN
1627473600,2282.4435270926615,2333.21,2251.02,2303.89,68.89727735237501,NaN,NaN
1627516800,2293.166763546331,2328.97,2266.12,2297.4725,68.01439802709696,NaN,NaN
1627560000,2295.3196317731654,2400,2283.57,2340.0975,70.7000479115976,NaN,NaN
1627603200,2317.7085658865826,2450,2315.92,2370.9225,72.49840575496907,NaN,NaN
1627646400,2344.315532943291,2471.7,2322.84,2397.875,74.00101563092316,NaN,NaN
1627689600,2371.0952664716456,2483.38,2371.0952664716456,2456.1025,76.93318932085884,NaN,NaN
1627732800,2413.5988832358225,2553.86,2413.5988832358225,2493.8,78.61476503015913,NaN,NaN
1627776000,2453.6994416179114,2636.91,2453.6994416179114,2566.565,81.42899142381323,NaN,NaN
1627819200,2510.132220808956,2697.61,2510.132220808956,2592.0875,82.30841308374666,NaN,NaN
1627862400,2551.1098604044782,2639.47,2507,2573.1425,79.3063107286247,NaN,NaN
1627905600,2562.126180202239,2666,2561.23,2606.19,80.63329475336405,NaN,NaN
1627948800,2584.1580901011193,2632.44,2442.32,2542.7025000000003,71.18889577719142,NaN,NaN
1627992000,2563.43029505056,2563.43029505056,2451,2497.4300000000003,65.31403760579259,NaN,NaN
1628035200,2530.43014752528,2538.24,2457.68,2502.5575,65.65969444953551,NaN,NaN
1628078400,2516.49382376264,2772.71,2504.76,2627.0150000000003,72.75638972393922,NaN,NaN
1628121600,2571.7544118813203,2742,2571.7544118813203,2665.835,74.52482176492293,NaN,NaN
1628164800,2618.79470594066,2843.98,2529.91,2705.785,76.23450817046017,NaN,NaN
1628208000,2662.28985297033,2844.44,2662.28985297033,2785.26,79.22196800014498,NaN,NaN
1628251200,2723.774926485165,2946.75,2720.06,2823.665,80.49776498035428,NaN,NaN
1628294400,2773.7199632425827,3114.5,2773.7199632425827,2994.26,84.92551312050703,NaN,NaN
1628337600,2883.9899816212915,3171,2883.9899816212915,3107.505,87.0305408051269,NaN,NaN
1628380800,2995.747490810646,3189.99,2995.747490810646,3131.08,87.42424205369105,NaN,NaN
1628424000,3063.413745405323,3149.92,2949.03,3053.0275,78.88606745508083,NaN,NaN
1628467200,3058.220622702662,3141.64,2893.23,3045.0325,78.0452610203866,NaN,NaN
1628510400,3051.6265613513306,3186,3036.25,3129.045,80.4083343776053,NaN,NaN
1628553600,3090.3357806756653,3200,3089.42,3143.225,80.78427792924941,NaN,NaN
1628596800,3116.7803903378326,3233,3051.22,3137.2124999999996,80.08257570213226,NaN,NaN
1628640000,3126.996445168916,3248.78,3120.27,3181.145,81.35684420376477,NaN,NaN
1628683200,3154.070722584458,3274,3150,3199.7225,81.88463391923787,NaN,NaN
1628726400,3176.896611292229,3239,3085.93,3144.9175,75.1275642257695,NaN,NaN
1628769600,3160.9070556461147,3160.9070556461147,2979.29,3059.49,65.98693410273427,NaN,NaN
1628812800,3110.1985278230572,3260.25,3033.8,3138.46,69.66160577713865,NaN,NaN
1628856000,3124.329263911529,3327.83,3124.329263911529,3260.83,74.29580114685885,NaN,NaN
1628899200,3192.5796319557644,3330.98,3192.5796319557644,3274.5175,74.76021089366473,NaN,NaN
1628942400,3233.5485659778824,3289,3210,3251.75,72.41646527805992,NaN,NaN
1628985600,3242.649282988941,3289.8,3132.69,3211.55,68.34242134784292,NaN,NaN
1629028800,3227.0996414944707,3320,3111.13,3224.69,68.95717846963036,NaN,NaN
1629072000,3225.8948207472354,3335,3225.8948207472354,3295.23,72.09048534557236,NaN,NaN
1629115200,3260.5624103736177,3298.35,3135.22,3217.5925,64.38742070933407,NaN,NaN
1629158400,3239.077455186809,3279.99,3115.63,3200.1274999999996,62.762735642639086,NaN,NaN
1629201600,3219.6024775934043,3290,2991.89,3137.83,57.21675794686655,NaN,NaN
1629244800,3178.716238796702,3178.716238796702,2950,3011.695,47.97345964452895,NaN,NaN
1629288000,3095.205619398351,3125.81,2995.56,3033.9425,49.52239312529588,NaN,NaN
1629331200,3064.5740596991755,3064.5740596991755,2958.33,2999.3999999999996,47.174015676485546,NaN,NaN
1629374400,3031.9870298495875,3188,2963.37,3077.2199999999993,52.62458028532689,NaN,NaN
1629417600,3054.6035149247937,3243.6,3054.6035149247937,3202.2999999999997,59.803561242585495,NaN,NaN
1629460800,3128.451757462397,3300,3128.451757462397,3247.9925,62.06503302116495,NaN,NaN
1629504000,3188.2221287311986,3309.16,3188.2221287311986,3269.375,63.110954908311506,NaN,NaN
1629547200,3228.7985643655993,3296.76,3207,3244.1475,60.97490644909553,NaN,NaN
1629590400,3236.4730321827997,3272,3217,3242.0175,60.7878326006916,NaN,NaN
1629633600,3239.2452660913996,3263.98,3126.42,3221.0275,58.87101418203663,NaN,NaN
1629676800,3230.1363830457,3364.59,3230.02,3293.8975,63.20845314981747,NaN,NaN
1629720000,3262.01694152285,3377.89,3262.01694152285,3330.5375,65.19595038963075,NaN,NaN
1629763200,3296.2772207614253,3357.85,3281.96,3321.025,64.22590378655752,NaN,NaN
1629806400,3308.6511103807125,3324.83,3147.31,3241.4425,56.633905800622856,NaN,NaN
1629849600,3275.0468051903563,3275.0468051903563,3080,3153.1425,49.62466108911737,NaN,NaN
1629892800,3214.094652595178,3248,3102.67,3179.3075,51.53863099932339,NaN,NaN
1629936000,3196.7010762975888,3250,3061.01,3156.3575,49.753034470929386,NaN,NaN
1629979200,3176.5292881487944,3176.5292881487944,3053.3,3095.5625,45.27789533892608,NaN,NaN
1630022400,3136.0458940743974,3173.62,3060.18,3120.3975,47.360836177974626,NaN,NaN
1630065600,3128.2216970371987,3280,3128.2216970371987,3210.3,54.162666254284446,NaN,NaN
1630108800,3169.2608485185992,3287,3169.2608485185992,3248.3599999999997,56.71277244785217,NaN,NaN
1630152000,3208.8104242592995,3265,3208.8104242592995,3235.6825,55.60311843989615,NaN,NaN
1630195200,3222.2464621296494,3285,3152.34,3215.98,53.83998949856732,NaN,NaN
1630238400,3219.1132310648245,3258.37,3165.57,3207.31,53.042922525344956,NaN,NaN
1630281600,3213.211615532412,3229.71,3143,3195.9175,51.95449970666229,NaN,NaN
1630324800,3204.5645577662062,3347.95,3149.14,3228.5525,54.8148249929953,NaN,NaN
1630368000,3216.558528883103,3439,3188.77,3321.715,61.80531798582611,NaN,NaN
1630411200,3269.1367644415513,3476,3269.1367644415513,3418.5275,67.44223237948017,NaN,NaN
1630454400,3343.8321322207757,3559.4,3343.8321322207757,3475.45,70.22471043789685,NaN,NaN
1630497600,3409.641066110388,3842,3409.641066110388,3679.17,77.60230571492218,NaN,NaN
1630540800,3544.4055330551937,3836.8,3544.4055330551937,3785.3199999999997,80.33628609959159,NaN,NaN
1630584000,3664.8627665275967,3833.96,3664.8627665275967,3779.91,79.80164067800139,NaN,NaN
1630627200,3722.386383263798,3981.12,3705.05,3856.3675000000003,81.65934446857399,NaN,NaN
1630670400,3789.376941631899,4027.88,3789.376941631899,3946.6625000000004,83.58004884744619,NaN,NaN
1630713600,3868.0197208159498,3970,3868.0197208159498,3920,80.88638769784984,NaN,NaN
1630756800,3894.009860407975,3927.3,3832.5,3883.0375000000004,77.17315839558798,NaN,NaN
1630800000,3888.5236802039876,3955.18,3830,3898.8375,77.64556979167654,NaN,NaN
1630843200,3893.680590101994,3980,3893.680590101994,3938.7124999999996,78.83599129801914,NaN,NaN
1630886400,3916.196545050997,3970,3897.22,3930.5675,77.92318437020654,NaN,NaN
1630929600,3923.3820225254985,3969,3864.3,3916.2650000000003,76.25355512901263,NaN,NaN
1630972800,3919.8235112627494,3947.15,3666,3822.25,66.21081627502792,NaN,NaN
1631016000,3871.036755631375,3871.036755631375,3005,3490.94,44.14582404885648,NaN,NaN
1631059200,3680.9883778156873,3680.9883778156873,3215.16,3399.475,40.166211554974524,NaN,NaN
1631102400,3540.231688907844,3560,3352.21,3454.3675000000003,43.46038713456441,NaN,NaN
1631145600,3497.299594453922,3567.06,3426.99,3493.2625,45.739921320234004,NaN,NaN
1631188800,3495.281047226961,3558,3390.4,3463.3325,44.261108555986034,NaN,NaN
1631232000,3479.306773613481,3514.11,3350.5,3422.7425,42.265388330326715,NaN,NaN
1631275200,3451.02463680674,3451.02463680674,3150,3294.8425,36.65663720658088,NaN,NaN
1631318400,3372.9335684033704,3372.9335684033704,3200,3254.9475,35.09231595551522,NaN,NaN
1631361600,3313.9405342016853,3348.37,3242.93,3287.9125000000004,37.46697918145107,NaN,NaN
1631404800,3300.926517100843,3453,3231.1,3347.315,41.61234866135492,NaN,NaN
1631448000,3324.1207585504217,3474.16,3303.24,3404.915,45.39249501601873,NaN,NaN
1631491200,3364.517879275211,3430.3,3166.86,3313.175,40.85558676641626,NaN,NaN
1631534400,3338.8464396376057,3388.22,3108.49,3258.325,38.385320901566,NaN,NaN
1631577600,3298.5857198188028,3363.01,3269.95,3312.015,42.077166257121306,NaN,NaN
1631620800,3305.3003599094013,3437.05,3292.03,3373.3550000000005,46.05413793944948,NaN,NaN
1631664000,3339.327679954701,3450,3339.327679954701,3413.2275,48.528068699001395,NaN,NaN
1631707200,3376.2775899773505,3616.16,3376.2775899773505,3509.365,54.00507633360303,NaN,NaN
1631750400,3442.821294988675,3676.28,3442.821294988675,3608.4700000000003,58.8644231793332,NaN,NaN
1631793600,3525.645647494338,3644.48,3481.14,3578.2225,56.88893514291161,NaN,NaN
1631836800,3551.934073747169,3594.17,3424.76,3508.9825,52.542025809745724,NaN,NaN
1631880000,3530.4582868735843,3530.4582868735843,3350.07,3419.6949999999997,47.501473289079165,NaN,NaN
1631923200,3475.076643436792,3541.96,3368.88,3451.8075,49.38227115516533,NaN,NaN
1631966400,3463.4420717183957,3518.23,3377,3456.845,49.686781974947664,NaN,NaN
1632009600,3460.143535859198,3460.143535859198,3302,3380.09,45.2226934438356,NaN,NaN
1632052800,3420.116767929599,3420.116767929599,3277.74,3328.5975,42.46619790942759,NaN,NaN
1632096000,3374.3571339647997,3374.3571339647997,3011,3182.46,35.79730712488016,NaN,NaN
1632139200,3278.4085669824,3278.4085669824,2913.39,3014.2425,29.964119674049584,NaN,NaN
1632182400,3146.3255334912,3146.3255334912,2807.18,2988.2625,29.17344833382991,NaN,NaN
1632225600,3067.2940167456,3085,2652,2891.325,26.376706417927892,NaN,NaN
1632268800,2979.3095083728,2979.3095083728,2737.54,2839.9025,25.007165092494034,NaN,NaN
1632312000,2909.6060041864002,3088.88,2881.57,2985.5575,35.26081933423539,NaN,NaN
1632355200,2947.5817520932,3149,2947.5817520932,3080.0025,40.90318501741933,NaN,NaN
1632398400,3013.7921260466,3174.5,3013.7921260466,3108.6075,42.53673341430949,NaN,NaN
1632441600,3061.1998130233,3158.52,2733,2967.96,37.10569091297851,NaN,NaN
1632484800,3014.57990651165,3014.57990651165,2768.62,2876.2774999999997,34.053446855829165,NaN,NaN
1632528000,2945.428703255825,2967.52,2801.57,2902.6075,35.68954521957774,NaN,NaN
1632571200,2924.0181016279125,2946.14,2846,2906.745,35.958420684130544,NaN,NaN
1632614400,2915.381550813956,3030,2738.17,2916.0725,36.601933998499746,NaN,NaN
1632657600,2915.727025406978,3115.51,2915.727025406978,3031.0299999999997,44.06225014862516,NaN,NaN
1632700800,2973.378512703489,3164.94,2973.378512703489,3086.0975,47.26360902123327,NaN,NaN
1632744000,3029.7380063517444,3126.52,2922.71,3016.94,43.868086115527454,NaN,NaN
1632787200,3023.339003175872,3023.339003175872,2876.12,2924.625,39.761677572667566,NaN,NaN
1632830400,2973.982001587936,2973.982001587936,2789,2870.1025,37.52733693501908,NaN,NaN
1632873600,2922.042250793968,2949.51,2791.08,2869.8725,37.51775929882982,NaN,NaN
1632916800,2895.957375396984,2950,2782,2879.05,38.19557465371109,NaN,NaN
1632960000,2887.5036876984923,3048.42,2837.19,2924.8525,41.60054308182055,NaN,NaN
1633003200,2906.178093849246,3048,2906.178093849246,2991.55,46.24482773503622,NaN,NaN
1633046400,2948.864046924623,3247.88,2948.864046924623,3113.265,53.510620439095995,NaN,NaN
1633089600,3031.0645234623116,3330,3031.0645234623116,3262.9525,60.569298350224486,NaN,NaN
1633132800,3147.0085117311555,3344,3147.0085117311555,3301.8625,62.1769307922615,NaN,NaN
1633176000,3224.435505865578,3469,3224.435505865578,3360.5425,64.52589937323992,NaN,NaN
1633219200,3292.489002932789,3425.62,3292.489002932789,3392.45,65.77071663846937,NaN,NaN
1633262400,3342.4695014663944,3488,3342.4695014663944,3425.9249999999997,67.07604189482893,NaN,NaN
1633305600,3384.197250733197,3426.49,3294.38,3362.9974999999995,62.26879968147827,NaN,NaN
1633348800,3373.5973753665985,3437.19,3270,3351.7225,61.419433163746234,NaN,NaN
1633392000,3362.659937683299,3473.89,3362.659937683299,3417.25,64.45406697931904,NaN,NaN
1633435200,3389.9549688416496,3545,3389.9549688416496,3478.1075,67.04653809698715,NaN,NaN
1633478400,3434.031234420825,3538.7,3342,3444.35,64.24742413420887,NaN,NaN
1633521600,3439.1906172104127,3632.11,3372.59,3490.2025,66.30513954913533,NaN,NaN
1633564800,3464.6965586052065,3614.69,3464.6965586052065,3559.0575,69.17425909658742,NaN,NaN
1633608000,3511.877029302603,3653.98,3511.877029302603,3584.325,70.17780236342674,NaN,NaN
1633651200,3548.1010146513017,3695,3547.09,3610.095,71.20733763446628,NaN,NaN
1633694400,3579.0980073256505,3659.77,3532,3591.4300000000003,69.34016398712836,NaN,NaN
1633737600,3585.2640036628254,3624.25,3538.07,3580.6075,68.2231059643415,NaN,NaN
1633780800,3582.9357518314127,3635,3556,3590.685,68.7282931770958,NaN,NaN
1633824000,3586.8103759157066,3604,3480,3555.5325000000003,64.85506657189181,NaN,NaN
1633867200,3571.1714379578534,3579.76,3405,3490.57,58.314639070506495,NaN,NaN
1633910400,3530.8707189789266,3623.8,3371,3491.9325,58.409375308454784,NaN,NaN
1633953600,3511.401609489463,3607.93,3465.7,3543.6174999999994,61.942697668485565,NaN,NaN
1633996800,3527.5095547447313,3543.19,3415,3489.3149999999996,56.5107123536096,NaN,NaN
1634040000,3508.4122773723657,3547.11,3403.21,3474.6800000000003,55.10808791920772,NaN,NaN
1634083200,3491.546138686183,3532.37,3412.7,3476.295,55.24011531608979,NaN,NaN
1634126400,3483.9205693430913,3613,3413,3525.5225,59.1808719708256,NaN,NaN
1634169600,3504.7215346715457,3749.33,3504.7215346715457,3669.6324999999997,68.04922664899541,NaN,NaN
1634212800,3587.1770173357727,3824,3587.1770173357727,3767.6499999999996,72.43574348045587,NaN,NaN
1634256000,3677.413508667886,3859.6,3677.413508667886,3790.79,73.36541344873402,NaN,NaN
1634299200,3734.101754333943,3907.77,3734.101754333943,3830.13,74.91445055475494,NaN,NaN
1634342400,3782.1158771669716,3966,3782.1158771669716,3903.5425,77.53959814590927,NaN,NaN
1634385600,3842.829188583486,3971,3803.56,3890.3175,75.99670719018475,NaN,NaN
1634428800,3866.573344291743,3919.19,3805.12,3853.2650000000003,71.69251157184848,NaN,NaN
1634472000,3859.919172145872,3875,3640,3805.1625,66.43220889124905,NaN,NaN
1634515200,3832.540836072936,3893.14,3704.52,3797.5275,65.60934366624639,NaN,NaN
1634558400,3815.034168036468,3821.74,3676,3747.0999999999995,60.296970341683256,NaN,NaN
1634601600,3781.067084018234,3847,3732,3780.5225,62.46618145808783,NaN,NaN
1634644800,3780.794792009117,3886.89,3741.55,3825.9025,65.24290052828793,NaN,NaN
1634688000,3803.3486460045588,3901.36,3803.3486460045588,3866.85,67.57394666368074,NaN,NaN
1634731200,3835.0993230022796,4169,3835.0993230022796,4012.585,74.20477542470879,NaN,NaN
1634774400,3923.84216150114,4375,3923.84216150114,4217.065,80.29380571614314,NaN,NaN
1634817600,4070.45358075057,4276.08,4013.13,4138.52,73.1508105688037,NaN,NaN
1634860800,4104.486790375286,4167.41,4051.31,4099.255,69.80753366720367,NaN,NaN
1634904000,4101.870895187643,4144.97,3888,4032.615,64.42574403388775,NaN,NaN
1634947200,4067.2429475938216,4067.2429475938216,3937.51,4000.4475,61.94326537518307,NaN,NaN
1634990400,4033.845223796911,4172,4017.18,4098.885,66.23138838586179,NaN,NaN
1635033600,4066.3651118984553,4186.57,4024.01,4100.9775,66.31826836323634,NaN,NaN
1635076800,4083.6713059492276,4099.98,3961.5,4042.5049999999997,61.552600421615786,NaN,NaN
1635120000,4063.088152974614,4177.62,4063.088152974614,4113.514999999999,64.85553568906315,NaN,NaN
1635163200,4088.3015764873066,4236,4088.3015764873066,4172.6925,67.3712176886083,NaN,NaN
1635206400,4130.497038243653,4257.43,4130.497038243653,4216.845,69.14580125516187,NaN,NaN
1635249600,4173.671019121826,4297,4090.21,4183.165,66.18860411122822,NaN,NaN
1635292800,4178.418009560914,4307,3931.59,4090.55,58.748102119893105,NaN,NaN
1635336000,4134.484004780457,4134.484004780457,3909,3965.7675,50.50957192612707,NaN,NaN
1635379200,4050.1257523902286,4174.34,3890.17,4034.6125,54.316046900064066,NaN,NaN
1635422400,4042.3691261951144,4295,4042.3691261951144,4212.2300000000005,62.35969304665311,NaN,NaN
1635465600,4127.299563097557,4405.5,4127.299563097557,4319.5025,66.22730049770095,NaN,NaN
1635508800,4223.4010315487785,4460.47,4223.4010315487785,4374.1325,68.02896298844085,NaN,NaN
1635552000,4298.76676577439,4434.06,4288.69,4368.7474999999995,67.64588409104132,NaN,NaN
1635595200,4333.7571328871945,4349.17,4232.2,4309.35,63.404738002348374,NaN,NaN
1635638400,4321.553566443597,4399.14,4191.05,4280.0875,61.36356242498608,NaN,NaN
1635681600,4300.8205332217985,4329.46,4164.35,4247.1825,59.06108580055871,NaN,NaN
1635724800,4274.001516610899,4354.33,4146.3,4275.7775,60.44990306556737,NaN,NaN
1635768000,4274.889508305449,4386.58,4264.63,4321.41,62.62869564712541,NaN,NaN
1635811200,4298.149754152724,4477.46,4284.43,4373.6025,65.00341619009687,NaN,NaN
1635854400,4335.8761270763625,4599.6,4335.8761270763625,4502.8175,70.07354550070656,NaN,NaN
1635897600,4419.346813538181,4639.98,4419.346813538181,4578.7725,72.58756752230252,NaN,NaN
1635940800,4499.05965676909,4665.87,4455,4575.360000000001,72.29372449796485,NaN,NaN
1635984000,4537.209828384545,4606.65,4478,4549.3225,69.96641537167724,NaN,NaN
1636027200,4543.266164192273,4580.82,4420.08,4510.6275000000005,66.53822496485903,NaN,NaN
1636070400,4526.946832096137,4570.05,4462,4509.485000000001,66.43472112337992,NaN,NaN
1636113600,4518.215916048069,4534.99,4438.8,4480.4025,63.71762472528664,NaN,NaN
1636156800,4499.309208024035,4515,4338.97,4424.4325,58.738626504379816,NaN,NaN
1636200000,4461.870854012017,4530,4326.17,4435.924999999999,59.43948404938355,NaN,NaN
1636243200,4448.897927006008,4616.44,4448.897927006008,4557.44,66.01301579194012,NaN,NaN
1636286400,4503.168963503003,4637.98,4503.168963503003,4604.39,68.16013844076832,NaN,NaN
1636329600,4553.779481751502,4764.64,4553.779481751502,4679.8125,71.29717042196225,NaN,NaN
1636372800,4616.795990875751,4822.97,4616.795990875751,4766.202499999999,74.40750837024036,NaN,NaN
1636416000,4691.499245437875,4838.28,4691.499245437875,4793.5824999999995,75.32031164840286,NaN,NaN
1636459200,4742.540872718937,4833.29,4713.89,4763.530000000001,72.27329840343003,NaN,NaN
1636502400,4753.035436359469,4758.6,4677.91,4724.6275000000005,68.41500554426153,NaN,NaN
1636545600,4738.831468179735,4868,4461.93,4672.095,63.4863031697575,NaN,NaN
1636588800,4705.463234089868,4743.09,4576.47,4667.547500000001,63.062773716522486,NaN,NaN
1636632000,4686.505367044934,4779,4673.84,4723.4475,66.06012472438779,NaN,NaN
1636675200,4704.976433522467,4809.71,4573.61,4675.7925,61.47988979746995,NaN,NaN
1636718400,4690.384466761234,4693.05,4507.85,4616.802500000001,56.27821403899304,NaN,NaN
1636761600,4653.593483380617,4707.6,4584.08,4641.615,57.89202036144312,NaN,NaN
1636804800,4647.604241690308,4701.97,4596.89,4638.11,57.56876731198199,NaN,NaN
1636848000,4642.857120845154,4696.05,4567.02,4629.9475,56.77372332605837,NaN,NaN
1636891200,4636.402310422577,4636.402310422577,4514.12,4596.925,53.551558314711,NaN,NaN
1636934400,4616.663655211289,4746.1,4616.663655211289,4680.3975,59.76735922024334,NaN,NaN
1636977600,4648.530577605645,4772.01,4540,4649.6975,56.75893008807242,NaN,NaN
1637020800,4649.1140388028225,4649.1140388028225,4103,4380.7425,38.48325446597627,NaN,NaN
1637064000,4514.928269401411,4514.928269401411,4162.67,4252.6625,33.02915467898153,NaN,NaN
1637107200,4383.795384700706,4383.795384700706,4063.48,4195.7875,30.93266196846139,NaN,NaN
1637150400,4289.7914423503535,4299.91,4142.66,4245.6925,34.84087709398669,NaN,NaN
1637193600,4267.741971175177,4344.81,4181.94,4251.1175,35.26967621717692,NaN,NaN
1637236800,4259.429735587589,4259.429735587589,3956.44,4094.6275,29.28322904096011,NaN,NaN
1637280000,4177.028617793794,4177.028617793794,3973.01,4071.5275,28.513861619699767,NaN,NaN
1637323200,4124.278058896897,4308.97,4124.278058896897,4218.8325,39.44051556666732,NaN,NaN
1637366400,4171.555279448448,4332.95,4171.555279448448,4301.897500000001,44.58430736485615,NaN,NaN
1637409600,4236.726389724225,4435.88,4199.86,4341.4349999999995,46.89637839341943,NaN,NaN
1637452800,4289.080694862112,4415.64,4289.080694862112,4362.6025,48.14380246652359,NaN,NaN
1637496000,4325.841597431056,4451,4242.41,4317.81,45.69753910450938,NaN,NaN
1637539200,4321.825798715528,4321.825798715528,4094.73,4198.2425,39.873319464505705,NaN,NaN
1637582400,4260.034149357764,4320,4022.74,4150.1575,37.78751123962582,NaN,NaN
1637625600,4205.095824678882,4305,4059.62,4146.545,37.628257729986466,NaN,NaN
1637668800,4175.820412339441,4385.59,4129.64,4247.485,44.64789960516905,NaN,NaN
1637712000,4211.65270616972,4373.94,4211.65270616972,4305.605,48.25876158358082,NaN,NaN
1637755200,4258.62885308486,4310.58,4167.65,4259.9675,45.73578156130846,NaN,NaN
1637798400,4259.29817654243,4391.98,4248.27,4324.3275,49.72739010727275,NaN,NaN
1637841600,4291.812838271215,4550,4291.812838271215,4461.1525,56.973494285489004,NaN,NaN
1637884800,4376.4826691356075,4551,3980,4260.23,46.39761275591857,NaN,NaN
1637928000,4318.356334567803,4318.356334567803,3913,4016.7250000000004,37.34892134069339,NaN,NaN
1637971200,4167.540667283902,4183.66,4028.34,4091.255,41.13308032756418,NaN,NaN
1638014400,4129.397833641951,4160.95,4031.91,4100.0625,41.58212832732632,NaN,NaN
1638057600,4114.730166820976,4130.78,3976.75,4074.855,40.62692201670958,NaN,NaN
1638100800,4094.792583410488,4298.51,3964,4163.3925,45.37345360346872,NaN,NaN
1638144000,4129.092541705244,4375,4129.092541705244,4310.825,52.22292460502498,NaN,NaN
1638187200,4219.9587708526215,4458.92,4219.9587708526215,4373.7725,54.82727557794341,NaN,NaN
1638230400,4296.865635426311,4600.55,4296.865635426311,4495.4800000000005,59.43184233279897,NaN,NaN
1638273600,4396.172817713155,4753,4396.172817713155,4623.435,63.62932103082548,NaN,NaN
1638316800,4509.803908856578,4778.75,4509.803908856578,4670.1575,65.05128289338218,NaN,NaN
1638360000,4589.98070442829,4761.41,4523.99,4635.3,63.07014273814924,NaN,NaN
1638403200,4612.6403522141445,4621.35,4451,4546.6375,58.213754846015284,NaN,NaN
1638446400,4579.638926107073,4634.83,4433,4527.5725,57.193940555067705,NaN,NaN
1638489600,4553.605713053536,4617.67,4470,4552.775,58.23552387471001,NaN,NaN
1638532800,4553.190356526768,4654.88,4032.5,4378.795,49.31468986091265,NaN,NaN
1638576000,4465.992678263384,4465.992678263384,3503.68,3955.9100000000003,35.2000827431323,NaN,NaN
1638619200,4210.951339131692,4210.951339131692,3866.35,3996.3775,37.05665179573423,NaN,NaN
1638662400,4103.664419565846,4229.63,4064.2,4151.297500000001,43.70607510132943,NaN,NaN
1638705600,4127.4809597829235,4248.19,4031.39,4167.532499999999,44.369326155217585,NaN,NaN
1638748800,4147.506729891462,4202.16,3921,4091.0024999999996,41.86532246937168,NaN,NaN
1638792000,4119.25461494573,4376.15,3983.18,4187.835,46.01664181090036,NaN,NaN
1638835200,4153.544807472865,4425,4153.544807472865,4369.8724999999995,52.83520991146902,NaN,NaN
1638878400,4261.708653736432,4417.87,4255.92,4347.1525,51.953191473166626,NaN,NaN
1638921600,4304.430576868216,4390,4228.03,4297.925,50.00534470388299,NaN,NaN
1638964800,4301.177788434108,4450.49,4222.95,4344.405,51.841292803038606,NaN,NaN
1639008000,4322.791394217054,4488,4271,4374.9875,53.06266162307432,NaN,NaN
1639051200,4348.889447108528,4348.889447108528,4076.16,4202.3575,45.9747349984947,NaN,NaN
1639094400,4275.623473554264,4275.623473554264,4021.49,4120.955,43.05426645578627,NaN,NaN
1639137600,4198.289236777132,4231.08,3887.37,4043.265,40.415543567704,NaN,NaN
1639180800,4120.777118388566,4120.777118388566,3828.22,3956.855,37.651508565066756,NaN,NaN
1639224000,4038.8160591942833,4097.08,3977.74,4044.5474999999997,41.98760599345881,NaN,NaN
1639267200,4041.6817795971415,4097.27,3986.25,4052.3225,42.370291605033934,NaN,NaN
1639310400,4047.002139798571,4173.63,4015.58,4088.8250000000003,44.23034826447471,NaN,NaN
1639353600,4067.913569899286,4142.75,3950.27,4058.5675,42.99166815446246,NaN,NaN
1639396800,4063.240534949643,4063.240534949643,3671.45,3871.5575,36.236954182822124,NaN,NaN
1639440000,3967.3990174748214,3967.3990174748214,3685,3787.705,33.68159920497381,NaN,NaN
1639483200,3877.5520087374107,3882.74,3723.54,3826.1175,35.91117927505269,NaN,NaN
1639526400,3851.834754368705,3900,3803.2,3853.3274999999994,37.51373898184377,NaN,NaN
1639569600,3852.581127184352,4092.22,3643.73,3901.5375,40.35930025725997,NaN,NaN
1639612800,3877.0593135921763,4083.26,3877.0593135921763,4037.7225,47.61628962777977,NaN,NaN
1639656000,3957.390906796088,4113.43,3942.11,4020.9100000000003,46.85825752726173,NaN,NaN
1639699200,3989.150453398044,3994.1,3806,3898.3925,41.65420780177999,NaN,NaN
1639742400,3943.771476699022,3945,3700,3838.695,39.360397595472676,NaN,NaN
1639785600,3891.2332383495113,3994.68,3767.01,3898.8125,42.77777388501099,NaN,NaN
1639828800,3895.0228691747557,3996.93,3895.0228691747557,3955.7275,45.88697476874388,NaN,NaN
1639872000,3925.3751845873776,4032.43,3884.89,3950.6525,45.64879365147416,NaN,NaN
1639915200,3938.013842293689,3998,3884,3932.875,44.772106277890856,NaN,NaN
1639958400,3935.4444211468444,3983.37,3759.74,3870.0675,41.723366923187555,NaN,NaN
1640001600,3902.7559605734223,3968.23,3753,3869.745,41.70766215561925,NaN,NaN
1640044800,3886.250480286711,4055,3886.250480286711,3984.5625,49.05924113433823,NaN,NaN
1640088000,3935.4064901433558,4063,3935.4064901433558,4015.5325,50.85946628677309,NaN,NaN
1640131200,3975.4694950716776,4074.87,3975.4694950716776,4025.955,51.48089254431257,NaN,NaN
1640174400,4000.7122475358387,4033.32,3933.4,3992.185,49.30525386968391,NaN,NaN
1640217600,3996.4486237679193,4005,3893.23,3953.015,46.83296317775165,NaN,NaN
1640260800,3974.7318118839594,4150,3925.01,4030.1825,51.945175389504186,NaN,NaN
1640304000,4002.4571559419796,4129,4002.4571559419796,4095.0875,55.7952061035393,NaN,NaN
1640347200,4048.77232797099,4134.84,4017.17,4069.3425,53.94887734419879,NaN,NaN
1640390400,4059.0574139854953,4075.86,4018.62,4048.105,52.408217662006734,NaN,NaN
1640433600,4053.581206992748,4137.91,4037,4080.37,54.53262198830968,NaN,NaN
1640476800,4066.975603496374,4102.44,4000,4057.4525,52.732091585026275,NaN,NaN
1640520000,4062.2140517481866,4105,4021.39,4055.7875,52.59621948439001,NaN,NaN
1640563200,4059.000775874093,4087.56,4031.8,4060.7875,52.98796567906269,NaN,NaN
1640606400,4059.8941379370463,4127.46,4031,4063.98,53.25360083749124,NaN,NaN
1640649600,4061.937068968523,4061.937068968523,3877,3968.0875,45.02431665236791,NaN,NaN
1640692800,4015.0122844842617,4015.0122844842617,3759.36,3851.32,37.43775627644877,NaN,NaN
1640736000,3933.166142242131,3933.166142242131,3767,3794.6225000000004,34.4062290340666,NaN,NaN
1640779200,3863.894321121066,3863.894321121066,3604.2,3706.9975,30.319942299536052,NaN,NaN
1640822400,3785.445910560533,3785.445910560533,3585,3675.1075,28.97137673146753,NaN,NaN
1640865600,3730.2767052802665,3769.1,3681.33,3724.3450000000003,33.86259459824517,NaN,NaN
1640908800,3727.3108526401334,3815,3684.04,3747.3075000000003,36.0735110037995,NaN,NaN
1640952000,3737.309176320067,3813.14,3622.29,3723.1449999999995,34.75685296023903,NaN,NaN
1640995200,3730.2270881600334,3765.27,3673.46,3702.08,33.60526738105199,NaN,NaN
1641038400,3716.1535440800167,3776.45,3691.88,3731.8125,36.78876614975367,NaN,NaN
1641081600,3723.983022040008,3771,3717.3,3749.4625,38.66873623701215,NaN,NaN
1641124800,3736.7227610200043,3857.44,3730.33,3790.025,42.873656693834064,NaN,NaN
1641168000,3763.373880510002,3845,3763.373880510002,3820.8550000000005,45.90917575588007,NaN,NaN
1641211200,3792.114440255001,3853.09,3680,3783.3975,42.924791886037255,NaN,NaN
1641254400,3787.7559701275004,3840,3713.11,3788.7975,43.49506282414144,NaN,NaN
1641297600,3788.2767350637505,3900.73,3758.4,3820.1075,46.81332407634797,NaN,NaN
1641340800,3804.1921175318753,3848,3766,3797.6975,44.786059175579275,NaN,NaN
1641384000,3800.9448087659375,3833,3415,3645.08,33.99048879674598,NaN,NaN
1641427200,3723.0124043829687,3723.0124043829687,3300,3434.935,25.040156011322424,NaN,NaN
1641470400,3578.9737021914843,3578.9737021914843,3318,3383.9075,23.427027823401602,NaN,NaN
1641513600,3481.440601095742,3481.440601095742,3113.25,3290.625,20.790257581817812,NaN,NaN
1641556800,3386.032800547871,3386.032800547871,3064.42,3189.5775,18.377313787242784,NaN,NaN
1641600000,3287.8051502739354,3287.8051502739354,3181,3212.4075000000003,20.618970394549976,NaN,NaN
1641643200,3250.106325136968,3250.106325136968,3000,3132.8100000000004,18.691528805812084,NaN,NaN
1641686400,3191.458162568484,3191.458162568484,3057.35,3103.57,18.024950825430167,NaN,NaN
1641729600,3147.514081284242,3211.72,3072.71,3141.2049999999995,21.886244997113394,NaN,NaN
1641772800,3144.359540642121,3185,3094.39,3133.9649999999997,21.674732381063478,NaN,NaN
1641816000,3139.1622703210605,3139.1622703210605,2928.83,3056.7175,19.508435328727614,NaN,NaN
1641859200,3097.93988516053,3146.98,3051.8,3098.1450000000004,23.90113412971168,NaN,NaN
1641902400,3098.0424425802653,3263.54,3075.48,3172.415,31.154899070472652,NaN,NaN
1641945600,3135.228721290133,3295.96,3135.228721290133,3253.6,38.10063894273622,NaN,NaN
1641988800,3194.414360645066,3411.43,3194.414360645066,3330.86,43.901110842397294,NaN,NaN
1642032000,3262.637180322533,3384.56,3262.637180322533,3350.0375,45.272019609669364,NaN,NaN
1642075200,3306.337340161266,3410,3233.43,3304.51,42.60987843640436,NaN,NaN
1642118400,3305.423670080633,3312.39,3193.34,3237.2125,38.96267651796187,NaN,NaN
1642161600,3271.318085040317,3342.79,3188,3260.18,40.82430226621944,NaN,NaN
1642204800,3265.7490425201586,3338.93,3265.7490425201586,3314.55,45.093542663300724,NaN,NaN
1642248000,3290.1495212600794,3371.64,3261,3319.3050000000003,45.46410861291695,NaN,NaN
1642291200,3304.72726063004,3340.04,3285.49,3316.0125000000003,45.23644662881871,NaN,NaN
1642334400,3310.36988031502,3393.6,3269.62,3330.5600000000004,46.5109299286586,NaN,NaN
1642377600,3320.4649401575102,3357.57,3237.16,3299.39,44.1405736812566,NaN,NaN
1642420800,3309.927470078755,3309.927470078755,3141.1,3221.8275,38.83662019018251,NaN,NaN
1642464000,3265.8774850393775,3265.8774850393775,3128.39,3188.2874999999995,36.77858546358762,NaN,NaN
1642507200,3227.0824925196885,3227.0824925196885,3082,3151.5175,34.61304486036214,NaN,NaN
1642550400,3189.299996259844,3189.299996259844,3000,3113,32.45713482797758,NaN,NaN
1642593600,3151.149998129922,3161.85,3081.86,3111.2200000000003,32.35683424740505,NaN,NaN
1642636800,3131.184999064961,3155,3083,3118.4700000000003,33.261467623676836,NaN,NaN
1642680000,3124.827499532481,3273.37,2987.15,3103.4649999999997,32.29871092661783,NaN,NaN
1642723200,3114.1462497662405,3114.1462497662405,2810.02,2923.4475,23.50755459054122,NaN,NaN
1642766400,3018.7968748831204,3018.7968748831204,2403,2670.2275,16.644700557059352,NaN,NaN
1642809600,2844.51218744156,2844.51218744156,2300,2481.1349999999998,13.479908171925686,NaN,NaN
1642852800,2662.82359372078,2662.82359372078,2320,2421.2725,12.659285231550797,NaN,NaN
1642896000,2542.04804686039,2556.78,2385.9,2463.28,16.50074246773113,NaN,NaN
1642939200,2502.664023430195,2547.65,2370.8,2488.9300000000003,18.847805464652282,NaN,NaN
1642982400,2495.7970117150976,2539.75,2200.9,2379.5025,16.692155040372214,NaN,NaN
1643025600,2437.649755857549,2480.58,2159,2329.3075,15.799507996826122,NaN,NaN
1643068800,2383.4786279287746,2453.06,2348.96,2416.4775,23.455037691282755,NaN,NaN
1643112000,2399.9780639643873,2506.55,2365.23,2438.7325,25.32184474586238,NaN,NaN
1643155200,2419.3552819821934,2548.2,2414.71,2492.1324999999997,29.749085539345373,NaN,NaN
1643198400,2455.7438909910966,2722,2402.03,2533.4,33.05222779920547,NaN,NaN
1643241600,2494.5719454955483,2495.25,2354.02,2442.2325,29.726851623452333,NaN,NaN
1643284800,2468.4022227477744,2521,2316.43,2429.5875,29.28672831049448,NaN,NaN
1643328000,2448.994861373887,2474.09,2360,2413.7375,28.712879711430887,NaN,NaN
1643371200,2431.3661806869436,2558.98,2357.88,2464.6724999999997,33.23992667341659,NaN,NaN
1643414400,2448.0193403434714,2585.89,2448.0193403434714,2551.4325,40.20544562589714,NaN,NaN
1643457600,2499.7259201717357,2636.66,2499.7259201717357,2579.1425,42.276958080363876,NaN,NaN
1643500800,2539.4342100858676,2640,2539.4342100858676,2607.79,44.42070652614706,NaN,NaN
1643544000,2573.6121050429338,2639,2542.5,2602.355,44.08618456744647,NaN,NaN
1643587200,2587.9835525214667,2608.48,2476.07,2561.0575,41.52712757558319,NaN,NaN
1643630400,2574.5205262607333,2706.77,2520,2617.9275000000002,46.16173201374832,NaN,NaN
1643673600,2596.224013130367,2796.79,2596.224013130367,2729.6425,53.892806802836944,NaN,NaN
1643716800,2662.9332565651835,2813,2662.9332565651835,2773.3975,56.52598029394834,NaN,NaN
1643760000,2718.1653782825915,2803.53,2718.1653782825915,2774.475,56.59172451676681,NaN,NaN
1643803200,2746.3201891412955,2810.88,2612.72,2717.7925,52.125936824177735,NaN,NaN
1643846400,2732.0563445706475,2732.0563445706475,2582.75,2652.8875,47.5033679866675,NaN,NaN
1643889600,2692.4719222853237,2699,2576.05,2648.1275,47.172970888660956,NaN,NaN
1643932800,2670.299711142662,2870,2670.299711142662,2766.195,55.44988983572858,NaN,NaN
1643976000,2718.2473555713314,2995,2718.2473555713314,2895.1924999999997,62.38440443441876,NaN,NaN
1644019200,2806.7199277856653,3037.9,2806.7199277856653,3000.6549999999997,66.91816267570778,NaN,NaN
1644062400,2903.6874638928325,3060.47,2903.6874638928325,3011.4599999999996,67.35232690710222,NaN,NaN
1644105600,2957.573731946416,3033.84,2957.573731946416,3010.395,67.25863071073186,NaN,NaN
1644148800,2983.984365973208,3074.56,2950.21,3021.5375,67.76390763683344,NaN,NaN
1644192000,3002.7609329866036,3110.44,2991.8,3056.1200000000003,69.34512163869584,NaN,NaN
1644235200,3029.4404664933018,3186,3029.4404664933018,3111.775,71.74697097016866,NaN,NaN
1644278400,3070.607733246651,3232.87,3070.607733246651,3137.8525,72.82149986845012,NaN,NaN
1644321600,3104.2301166233256,3138,3025.21,3096.2725000000005,68.35732346080283,NaN,NaN
1644364800,3100.251308311663,3158.37,3055,3120.7374999999997,69.54050096302574,NaN,NaN
1644408000,3110.494404155831,3269.7,3110.494404155831,3201.6325,73.11959887338996,NaN,NaN
1644451200,3156.063452077916,3283.66,3156.063452077916,3232.9399999999996,74.37456901884191,NaN,NaN
1644494400,3194.5017260389577,3264.85,3056.74,3160.5325,66.62696322273756,NaN,NaN
1644537600,3177.5171130194785,3177.5171130194785,3001,3069.41,58.38432774494205,NaN,NaN
1644580800,3123.463556509739,3138.62,2879,3008.365,53.6003125322146,NaN,NaN
1644624000,3065.9142782548697,3065.9142782548697,2871.61,2922.4725000000003,47.68027029076901,NaN,NaN
1644667200,2994.193389127435,2994.193389127435,2858.3,2923.5600000000004,47.758943730462384,NaN,NaN
1644710400,2958.8766945637176,2958.8766945637176,2897.69,2923.5775000000003,47.76030503955556,NaN,NaN
1644753600,2941.2270972818587,2954.4,2836.7,2898.4025,45.90702905665296,NaN,NaN
1644796800,2919.8147986409294,2919.8147986409294,2829.01,2867.06,43.63677484918366,NaN,NaN
1644840000,2893.4373993204645,2964.97,2856.85,2906.49,47.17597113155824,NaN,NaN
1644883200,2899.963699660232,3117.36,2899.963699660232,3013.5025,55.36730042809634,NaN,NaN
1644926400,2956.733099830116,3196.19,2956.733099830116,3140.025,62.726647119074045,NaN,NaN
1644969600,3048.379049915058,3184.55,3048.379049915058,3152.18,63.35183453596656,NaN,NaN
1645012800,3100.2795249575292,3186.77,3044.03,3122.1850000000004,60.648436682747175,NaN,NaN
1645056000,3111.232262478765,3160,3029.44,3094.3175,58.16503709205822,NaN,NaN
1645099200,3102.7748812393825,3102.7748812393825,2851.55,2973.9275,48.85749014149789,NaN,NaN
1645142400,3038.351190619691,3038.351190619691,2861,2893.8775,43.83468093960903,NaN,NaN
1645185600,2966.1143453098457,2966.1143453098457,2750,2828.875,40.21892282127632,NaN,NaN
1645228800,2897.494672654923,2897.494672654923,2707.37,2760.0800000000004,36.76270956352025,NaN,NaN
1645272000,2828.7873363274616,2828.7873363274616,2694.45,2744.1900000000005,35.99332447643812,NaN,NaN
1645315200,2786.488668163731,2786.488668163731,2600,2692.8175,33.548745759377496,NaN,NaN
1645358400,2739.6530840818655,2739.6530840818655,2576,2629.04,30.755988268315903,NaN,NaN
1645401600,2684.346542040933,2759.51,2605.11,2653.3475000000003,33.04372328095302,NaN,NaN
1645444800,2668.847021020467,2750.88,2558,2625.92,31.768317659105918,NaN,NaN
1645488000,2647.3835105102335,2647.3835105102335,2500,2569.77,29.276973371557503,NaN,NaN
1645531200,2608.576755255117,2665.74,2566.49,2614.465,33.73187461820018,NaN,NaN
1645574400,2611.5208776275585,2738.83,2597.38,2673.0275,39.14123285123238,NaN,NaN
1645617600,2642.2741888137793,2753.55,2575.83,2657.175,38.23147676651205,NaN,NaN
1645660800,2649.72459440689,2649.72459440689,2300,2466.8625,29.39751798121739,NaN,NaN
1645704000,2558.293547203445,2740,2349.57,2520.0725,33.99007109679361,NaN,NaN
1645747200,2539.1830236017227,2649.96,2539.1830236017227,2612.71,41.16545097816172,NaN,NaN
1645790400,2575.946511800861,2834.97,2575.946511800861,2717.25,48.0307915805345,NaN,NaN
1645833600,2646.5982559004306,2878,2646.5982559004306,2781.2574999999997,51.74371980186814,NaN,NaN
1645876800,2713.927877950215,2855.01,2713.927877950215,2782.0299999999997,51.78848840116873,NaN,NaN
1645920000,2747.9789389751077,2832.31,2678.21,2777.74,51.50273366735261,NaN,NaN
1645963200,2762.8594694875537,2836.33,2557.98,2708.0175,46.966944607018576,NaN,NaN
1646006400,2735.438484743777,2735.438484743777,2568.62,2626.4875,42.27808673992687,NaN,NaN
1646049600,2680.9629923718885,2951.6,2607.38,2780.12,52.00213337713889,NaN,NaN
1646092800,2730.541496185944,2974.3,2730.541496185944,2913.0750000000003,58.51540810962268,NaN,NaN
1646136000,2821.8082480929725,3037.94,2821.8082480929725,2953.6275,60.285610783551846,NaN,NaN
1646179200,2887.717874046486,3043.91,2887.717874046486,2984.695,61.636223636982685,NaN,NaN
1646222400,2936.206437023243,3035,2914.31,2975.2325,60.95626017926576,NaN,NaN
1646265600,2955.7194685116215,2970.97,2871.74,2925.6125,57.38142183576891,NaN,NaN
1646308800,2940.665984255811,2940.665984255811,2785,2866.6,53.37250010695894,NaN,NaN
1646352000,2903.6329921279057,2903.6329921279057,2687.47,2775.5074999999997,47.81884798570682,NaN,NaN
1646395200,2839.5702460639527,2839.5702460639527,2573,2673.7625,42.49948168983716,NaN,NaN
1646438400,2756.666373031976,2756.666373031976,2589.38,2629.3675,40.38831654560908,NaN,NaN
1646481600,2693.016936515988,2693.016936515988,2627.34,2656.4474999999998,42.27206907446635,NaN,NaN
1646524800,2674.7322182579937,2676.29,2590,2634.9275,41.158966435217984,NaN,NaN
1646568000,2654.8298591289968,2654.8298591289968,2535,2587.3325,38.72993980347903,NaN,NaN
1646611200,2621.0811795644986,2621.0811795644986,2491,2534.705,36.18688834314924,NaN,NaN
1646654400,2577.8930897822493,2649,2445,2530.8424999999997,36.000056052118154,NaN,NaN
1646697600,2554.3677948911245,2609.04,2480.15,2542.0675,37.017759729916875,NaN,NaN
1646740800,2548.2176474455623,2624,2525.26,2578.2999999999997,40.31682064875709,NaN,NaN
1646784000,2563.258823722781,2775.85,2563.258823722781,2666.2,47.50131071971547,NaN,NaN
1646827200,2614.7294118613904,2769.07,2614.7294118613904,2730.2574999999997,52.03292587621614,NaN,NaN
1646870400,2672.493455930695,2733.25,2572,2656.5325,47.0040667098437,NaN,NaN
1646913600,2664.512977965347,2664.512977965347,2550.27,2599.7200000000003,43.51399771071009,NaN,NaN
1646956800,2632.1164889826737,2669.91,2522.57,2612.95,44.5465866991125,NaN,NaN
1647000000,2622.5332444913365,2676.78,2526.76,2603.2575,43.91323817587107,NaN,NaN
1647043200,2612.895372245668,2612.895372245668,2553.39,2572.35,41.86899023815214,NaN,NaN
1647086400,2592.6226861228342,2616.79,2562,2581.6025,42.72851120883204,NaN,NaN
1647129600,2587.112593061417,2603.32,2558.69,2576.26,42.339231557944345,NaN,NaN
1647172800,2581.6862965307087,2591,2493,2543.47,39.93446261210442,NaN,NaN
1647216000,2562.5781482653542,2609.6,2498.67,2550.935,40.75940360365277,NaN,NaN
1647259200,2556.756574132677,2596.14,2515,2570.09,42.92549462182574,NaN,NaN
1647302400,2563.4232870663386,2602.72,2507,2558.4849999999997,41.92530761349505,NaN,NaN
1647345600,2560.9541435331694,2669,2520.66,2585.5475,45.135735469288676,NaN,NaN
1647388800,2573.2508217665845,2735,2573.2508217665845,2661.06,52.95128286984396,NaN,NaN
1647432000,2617.1554108832925,2788,2617.1554108832925,2720.7075,58.036396844946296,NaN,NaN
1647475200,2668.931455441646,2787.4,2668.931455441646,2770.7200000000003,61.76765144690098,NaN,NaN
1647518400,2719.825727720823,2836,2719.825727720823,2798.655,63.708712872013216,NaN,NaN
1647561600,2759.240363860412,2814.99,2759.240363860412,2797.2525,63.534309253152955,NaN,NaN
1647604800,2778.246431930206,2984,2778.246431930206,2877.04,68.77176917817431,NaN,NaN
1647648000,2827.643215965103,2980,2827.643215965103,2946.4225,72.47411761271749,NaN,NaN
1647691200,2887.032857982552,2987.7,2887.032857982552,2943.955,72.14652265256314,NaN,NaN
1647734400,2915.493928991276,2964.17,2874.61,2919.03,68.76520696948043,NaN,NaN
1647777600,2917.261964495638,2917.261964495638,2817.21,2869.1400000000003,62.45556816085899,NaN,NaN
1647820800,2893.2009822478194,2924.17,2829.81,2880.3475,63.270884492056325,NaN,NaN
1647864000,2886.7742411239096,2960.57,2882.63,2909.81,65.39816733739164,NaN,NaN
1647907200,2898.292120561955,3052.85,2886.43,2962.5125,68.8713049237499,NaN,NaN
1647950400,2930.4023102809774,3030.15,2930.4023102809774,2995.1324999999997,70.82337482747977,NaN,NaN
1647993600,2962.7674051404883,2992.66,2920.65,2958.0699999999997,65.77630448557196,NaN,NaN
1648036800,2960.418702570244,3045.2,2938,2992.13,68.03099275990037,NaN,NaN
1648080000,2976.274351285122,3081.07,2976.274351285122,3041.1875,70.99499173245076,NaN,NaN
1648123200,3008.730925642561,3129.11,3002.34,3072.695,72.742911821184,NaN,NaN
1648166400,3040.7129628212806,3179.37,3040.7129628212806,3137.825,75.96700963478185,NaN,NaN
1648209600,3089.26898141064,3193.28,3076,3134.7275,75.50955756621202,NaN,NaN
1648252800,3111.9982407053203,3139,3084.9,3112.1825,72.10613113993213,NaN,NaN
1648296000,3112.09037035266,3153.2,3107.41,3132.0775,73.25187154370624,NaN,NaN
1648339200,3122.0839351763298,3170,3122.0839351763298,3148.85,74.21350236325688,NaN,NaN
1648382400,3135.466967588165,3299.37,3126.02,3216.9049999999997,77.71444746625637,NaN,NaN
1648425600,3176.1859837940824,3357.99,3176.1859837940824,3318.8325,81.71790268446395,NaN,NaN
1648468800,3247.509241897041,3431.15,3247.509241897041,3356.5724999999998,82.93994751599044,NaN,NaN
1648512000,3302.0408709485205,3471.89,3302.0408709485205,3399.85,84.24083373313586,NaN,NaN
1648555200,3350.94543547426,3481.87,3342.03,3422.3325,84.8856208939315,NaN,NaN
1648598400,3386.63896773713,3419,3331.84,3389.855,79.8058893846353,NaN,NaN
1648641600,3388.2469838685647,3446.9,3347.67,3397.1050000000005,80.09228615519793,NaN,NaN
1648684800,3392.6759919342826,3428,3378,3400.2475,80.22321071882527,NaN,NaN
1648728000,3396.4617459671413,3444.83,3261.35,3349.2200000000003,71.94880145918678,NaN,NaN
1648771200,3372.840872983571,3372.840872983571,3210.68,3271.455,61.53265288510283,NaN,NaN
1648814400,3322.1479364917855,3481.29,3262.22,3370.92,67.92820035058425,NaN,NaN
1648857600,3346.5339682458925,3525.13,3346.5339682458925,3476.78,73.06158507650292,NaN,NaN
1648900800,3411.6569841229466,3532.2,3411.6569841229466,3474.28,72.76537620250697,NaN,NaN
1648944000,3442.9684920614736,3510.02,3412.11,3462.7174999999997,71.32509349885339,NaN,NaN
1648987200,3452.8429960307367,3580.34,3452.8429960307367,3516.2625,73.90137035092593,NaN,NaN
1649030400,3484.5527480153683,3523.33,3447.64,3492.9874999999997,70.91869024663568,NaN,NaN
1649073600,3488.770124007684,3547,3405.97,3487.8875,70.24963279198349,NaN,NaN
1649116800,3488.328812003842,3536,3488.328812003842,3519.7125,72.02333831503461,NaN,NaN
1649160000,3504.020656001921,3555,3400,3471.2475,65.60839141609426,NaN,NaN
1649203200,3487.6340780009605,3487.6340780009605,3268,3346.8,52.642581759338505,NaN,NaN
1649246400,3417.2170390004803,3417.2170390004803,3162.39,3240.445,44.541208111420914,NaN,NaN
1649289600,3328.8310195002405,3328.8310195002405,3143.15,3206.3425,42.29365634264052,NaN,NaN
1649332800,3267.58675975012,3268.98,3159.6,3226.8575,44.12037303239462,NaN,NaN
1649376000,3247.22212987506,3314.02,3216.43,3254.0275,46.53430834995739,NaN,NaN
1649419200,3250.62481493753,3306.87,3173.52,3232.8125,44.90318299376962,NaN,NaN
1649462400,3241.718657468765,3241.718657468765,3181.28,3202.8725,42.632044195791146,NaN,NaN
1649505600,3222.2955787343826,3268.4,3199.63,3234.045,45.71086217917644,NaN,NaN
1649548800,3228.1702893671913,3268,3228.1702893671913,3252.8775,47.54251488404622,NaN,NaN
1649592000,3240.5238946835957,3307.22,3193,3238.7574999999997,46.281701224067874,NaN,NaN
1649635200,3239.640697341798,3239.640697341798,3030,3124.56,37.597428080932495,NaN,NaN
1649678400,3182.1003486708987,3182.1003486708987,2950,3011.7725,31.342205458176366,NaN,NaN
1649721600,3096.9364243354494,3096.9364243354494,2950,3004.4424999999997,30.981449055400788,NaN,NaN
1649764800,3050.6894621677247,3085,2967.02,3030.16,33.85799495272383,NaN,NaN
1649808000,3040.4247310838623,3070,3005.5,3029.31,33.80784185302224,NaN,NaN
1649851200,3034.867365541931,3128.97,2996.86,3064.55,37.91396638657026,NaN,NaN
1649894400,3049.7086827709654,3145,3049.7086827709654,3101.1725,41.94452750405196,NaN,NaN
1649937600,3075.4405913854825,3099.56,2976.3,3042.6549999999997,37.72972093921941,NaN,NaN
1649980800,3059.047795692741,3059.047795692741,3010.85,3026.7525,36.65186011963751,NaN,NaN
1650024000,3042.9001478463706,3060.92,2993.13,3030.4725000000003,37.104508351037346,NaN,NaN
1650067200,3036.6863239231852,3050.12,3027.71,3039.4700000000003,38.25372347594915,NaN,NaN
1650110400,3038.0781619615927,3086.1,3010.03,3048.7275,39.479028616671826,NaN,NaN
1650153600,3043.4028309807964,3064.5,3022,3048.4624999999996,39.45489228968822,NaN,NaN
1650196800,3045.932665490398,3083,2981.7,3025.2025,37.29935958054156,NaN,NaN
1650240000,3035.5675827451987,3035.5675827451987,2883.22,2946.3825,31.099063008905304,NaN,NaN
1650283200,2990.9750413725997,3069.6,2895,2983.0049999999997,36.39000151182317,NaN,NaN
1650326400,2986.9900206862994,3095.18,2986.9900206862994,3055.6475,45.35385223706912,NaN,NaN
1650369600,3021.3187603431497,3131,3021.3187603431497,3078.79,47.8740099546554,NaN,NaN
1650412800,3050.054380171575,3166.5,3050.054380171575,3121.9325000000003,52.29120275328859,NaN,NaN
1650456000,3085.9934400857874,3162,3036.45,3106.8175,50.67110962244052,NaN,NaN
1650499200,3096.4054700428937,3159.99,3066.66,3113.4575,51.38369662088017,NaN,NaN
1650542400,3104.931485021447,3180,2942.31,3064.2599999999998,46.07309664684469,NaN,NaN
1650585600,3084.5957425107235,3084.5957425107235,2968.83,3000.2700000000004,40.246673833495635,NaN,NaN
1650628800,3042.432871255362,3042.432871255362,2930.35,2982.2999999999997,38.76413741927322,NaN,NaN
1650672000,3012.366435627681,3012.366435627681,2913.89,2952.6,36.378970200363725,NaN,NaN
1650715200,2982.4832178138404,2982.4832178138404,2921.62,2947.8525000000004,35.99767931944788,NaN,NaN
1650758400,2965.1678589069206,2965.1678589069206,2922.77,2938.6675,35.22837616499069,NaN,NaN
1650801600,2951.9176794534606,2967.06,2912.09,2934.7525,34.886149897161786,NaN,NaN
1650844800,2943.33508972673,2943.33508972673,2797.01,2876.3725,30.178207279638357,NaN,NaN
1650888000,2909.853794863365,3025.65,2842,2934,38.938100292210265,NaN,NaN
1650931200,2921.9268974316824,3039.54,2921.9268974316824,3006.785,47.839290597133974,NaN,NaN
1650974400,2964.355948715841,3012.32,2767,2898.0075,38.74828152012244,NaN,NaN
1651017600,2931.1817243579208,2931.1817243579208,2794.46,2850.8175,35.588663202257564,NaN,NaN
1651060800,2890.9996121789604,2919.87,2820.93,2878.6400000000003,38.75934639754406,NaN,NaN
1651104000,2884.81980608948,2947.47,2869.47,2908.5375,42.059945983273735,NaN,NaN
1651147200,2896.67865304474,2980,2853.83,2924.7575,43.82870283623789,NaN,NaN
1651190400,2910.71807652237,2946.46,2834.28,2890.1925,40.95917257367749,NaN,NaN
1651233600,2900.455288261185,2900.455288261185,2776.63,2830.7750000000005,36.53143910862721,NaN,NaN
1651276800,2865.615144130593,2865.615144130593,2809.16,2824.67,36.099632728018335,NaN,NaN
1651320000,2845.1425720652965,2845.1425720652965,2709.26,2775.835,32.76350383150702,NaN,NaN
1651363200,2810.488786032648,2810.488786032648,2716.13,2748.6875,31.04588266499522,NaN,NaN
1651406400,2779.588143016324,2849.9,2753.5,2796.25,37.25247419598697,NaN,NaN
1651449600,2787.9190715081622,2874.59,2787.9190715081622,2821.0199999999995,40.267887530084536,NaN,NaN
1651492800,2804.469535754081,2894.22,2778.78,2831.1475,41.50561590223207,NaN,NaN
1651536000,2817.8085178770407,2861.47,2817.8085178770407,2847.755,43.57056736756942,NaN,NaN
1651579200,2832.7817589385204,2850.81,2755.19,2809.1775,40.03506811441013,NaN,NaN
1651622400,2820.97962946926,2888.75,2771.74,2828.1825,42.51002769860123,NaN,NaN
1651665600,2824.5810647346298,2965.85,2824.5810647346298,2900.7875,50.85514037190553,NaN,NaN
1651708800,2862.684282367315,2954.65,2862.684282367315,2934.3625,54.16828496075204,NaN,NaN
1651752000,2898.5233911836576,2935,2683,2822.91,43.64882735475504,NaN,NaN
1651795200,2860.7166955918287,2860.7166955918287,2660.2,2710.595,36.05087302536003,NaN,NaN
1651838400,2785.6558477959143,2785.6558477959143,2632.95,2682.3275,34.42662313475623,NaN,NaN
1651881600,2733.9916738979573,2733.9916738979573,2653.33,2683.41,34.54823714108852,NaN,NaN
1651924800,2708.7008369489786,2708.7008369489786,2584.75,2653.335,32.731926893517326,NaN,NaN
1651968000,2681.0179184744893,2681.0179184744893,2517,2590.61,29.275067154107404,NaN,NaN
1652011200,2635.8139592372445,2635.8139592372445,2484,2537.6775,26.711337426944652,NaN,NaN
1652054400,2586.745729618622,2586.745729618622,2362.41,2454.7325,23.272098316500617,NaN,NaN
1652097600,2520.739114809311,2520.739114809311,2225,2326.8824999999997,19.174059930798194,NaN,NaN
1652140800,2423.8108074046554,2439.99,2200,2317.7475,18.917728436858738,NaN,NaN
1652184000,2370.7791537023277,2457.34,2260.67,2365.5150000000003,24.594477363869316,NaN,NaN
1652227200,2368.147076851164,2451.37,2267.69,2367.83,24.869011308218006,NaN,NaN
1652270400,2367.988538425582,2429.87,2005,2232.52,20.23237229302437,NaN,NaN
1652313600,2300.254269212791,2300.254269212791,1800,2008.1875,15.179404892009927,NaN,NaN
1652356800,2154.2208846063954,2154.2208846063954,1870,1959.8275,14.347534357801322,NaN,NaN
1652400000,2057.0241923031977,2145,1940.23,2040.1100000000001,21.990593960444144,NaN,NaN
1652443200,2048.567096151599,2147.54,2001.01,2068.3075,24.537613708255222,NaN,NaN
1652486400,2058.4372980757994,2070.06,1970.75,2009.03,22.848687930536315,NaN,NaN
1652529600,2033.7336490378998,2066.66,1951.21,2014.9924999999998,23.419665039074545,NaN,NaN
1652572800,2024.3630745189498,2086.65,2000.68,2056.0725,27.405904685864954,NaN,NaN
1652616000,2040.217787259475,2167,2040.217787259475,2110.2200000000003,32.40073538753937,NaN,NaN
1652659200,2075.2188936297375,2145.29,1980.1,2075.4625,30.92961312470881,NaN,NaN
1652702400,2075.340696814869,2075.340696814869,1979.12,2023.5075,28.822946670544653,NaN,NaN
1652745600,2049.4240984074345,2099.99,2018.8,2055.7925,31.925804892827657,NaN,NaN
1652788800,2052.6082992037173,2122.42,2008,2075.4625,33.81878019375809,NaN,NaN
1652832000,2064.0353996018584,2110.72,2017.84,2062.65,33.17172008525323,NaN,NaN
1652875200,2063.342699800929,2063.342699800929,1908,1972.4824999999998,28.970769682518437,NaN,NaN
1652918400,2017.9125999004646,2017.9125999004646,1903.18,1939.3575,27.588483603664812,NaN,NaN
1652961600,1978.6350499502323,2040.39,1943.14,1992.1525000000001,33.06976200078944,NaN,NaN
1653004800,1985.3937749751162,2064,1985.3937749751162,2034.79,37.20394950501042,NaN,NaN
1653048000,2010.091887487558,2058.04,1923,1998.655,35.218496454768584,NaN,NaN
1653091200,2004.373443743779,2004.373443743779,1937.36,1963.845,33.37093215762353,NaN,NaN
1653134400,1984.1092218718895,1990.86,1959.18,1973.895,34.4402644084813,NaN,NaN
1653177600,1979.0021109359448,2037.8,1966.33,1999.1374999999998,37.167870751236414,NaN,NaN
1653220800,1989.0698054679724,2056.41,1989.0698054679724,2026.9899999999998,40.12783173186583,NaN,NaN
1653264000,2008.029902733986,2085,2008.029902733986,2054.1625000000004,42.95140622707116,NaN,NaN
1653307200,2031.0962013669932,2088.5,1957.12,2021.975,40.51403280195865,NaN,NaN
1653350400,2026.5356006834966,2026.5356006834966,1952.35,1971.4675,36.96888499996693,NaN,NaN
1653393600,1999.0015503417483,1999.0015503417483,1913.02,1962.1999999999998,36.340520814950615,NaN,NaN
1653436800,1980.600775170874,2022.34,1942.3,1972.0275,37.552664559757766,NaN,NaN
1653480000,1976.314137585437,1985.75,1934.61,1951.7675,36.02955543882594,NaN,NaN
1653523200,1964.0408187927185,1966.01,1800,1881.3049999999998,31.278031099681684,NaN,NaN
1653566400,1922.672909396359,1922.672909396359,1735,1812.8424999999997,27.485285626082828,NaN,NaN
1653609600,1867.7577046981794,1867.7577046981794,1712.67,1771.19,25.462333970063142,NaN,NaN
1653652800,1819.4738523490896,1822.26,1703,1755.9475000000002,24.744596788171975,NaN,NaN
1653696000,1787.710676174545,1788,1722.26,1752.6225000000002,24.581816677339944,NaN,NaN
1653739200,1770.1665880872724,1808.98,1760,1783.5425,29.24326890798949,NaN,NaN
1653782400,1776.8545440436362,1805,1759.96,1789.7925,30.18263278255087,NaN,NaN
1653825600,1783.323522021818,1827.4,1783.323522021818,1807.0800000000002,32.83859990117402,NaN,NaN
1653868800,1795.2017610109092,1917.68,1795.2017610109092,1859.285,40.23273224209411,NaN,NaN
1653912000,1827.2433805054548,2013,1827.2433805054548,1946.785,50.14088473915811,NaN,NaN
1653955200,1887.0141902527275,2016.45,1887.0141902527275,1987.91,54.00067150502183,NaN,NaN
1653998400,1937.4620951263637,1999.87,1925,1961.3375,51.240456434654924,NaN,NaN
1654041600,1949.399797563182,1958.55,1913.76,1938.2875,48.905264552199704,NaN,NaN
1654084800,1943.843648781591,1972.58,1763.75,1873.3075,42.961248937147275,NaN,NaN
1654128000,1908.5755743907953,1908.5755743907953,1802,1825.8975,39.21614275357014,NaN,NaN
1654171200,1867.2365371953977,1867.2365371953977,1782.42,1827.26,39.379695029936904,NaN,NaN
1654214400,1847.2482685976988,1847.2482685976988,1753,1798.3375,37.09777608174745,NaN,NaN
1654257600,1822.7928842988495,1822.7928842988495,1737,1767.37,34.77428467262901,NaN,NaN
1654300800,1795.0814421494247,1795.0814421494247,1748.43,1767.95,34.85657907343864,NaN,NaN
1654344000,1781.5157210747125,1816,1757.23,1786.51,37.57097174071032,NaN,NaN
1654387200,1784.0128605373561,1810.97,1773.05,1794.2,38.71049006214081,NaN,NaN
1654430400,1789.1064302686782,1830.17,1780,1801.15,39.78032382887262,NaN,NaN
1654473600,1795.1282151343391,1915.47,1795.1282151343391,1858.8975,47.91557705247691,NaN,NaN
1654516800,1827.0128575671697,1920,1827.0128575671697,1883.275,50.92924932643847,NaN,NaN
1654560000,1855.143928783585,1862.81,1725.13,1800.3674999999998,42.02351256572005,NaN,NaN
1654603200,1827.7557143917925,1874.98,1736.17,1794.545,41.47499656766423,NaN,NaN
1654646400,1811.1503571958963,1836.07,1765.28,1805.8224999999998,43.026170097005114,NaN,NaN
1654689600,1808.486428597948,1838.77,1771.53,1802.7,42.68879954333953,NaN,NaN
1654732800,1805.593214298974,1833,1777.33,1801.8400000000001,42.58974822861719,NaN,NaN
1654776000,1803.7166071494871,1818.42,1779.01,1797.8474999999999,42.10135066592957,NaN,NaN
1654819200,1800.7820535747435,1804.32,1745.01,1777.51,39.60959129092067,NaN,NaN
1654862400,1789.1460267873717,1789.1460267873717,1655.93,1718.185,33.399778312378174,NaN,NaN
1654905600,1753.6655133936858,1753.6655133936858,1545,1616.52,25.90471401218666,NaN,NaN
1654948800,1685.092756696843,1685.092756696843,1496.74,1549.255,22.333676836309138,NaN,NaN
1654992000,1617.1738783484216,1617.1738783484216,1423,1491.7775000000001,19.81946994843129,NaN,NaN
1655035200,1554.4756891742109,1554.4756891742109,1429,1469.955,18.94734163608568,NaN,NaN
1655078400,1512.2153445871054,1512.2153445871054,1180,1319.7675,14.287601902511426,NaN,NaN
1655121600,1415.9914222935527,1415.9914222935527,1165.45,1217.185,12.098913570324797,NaN,NaN
1655164800,1316.5882111467763,1316.5882111467763,1075.8,1178.5949999999998,11.391931914017675,NaN,NaN
1655208000,1247.591605573388,1268.45,1158,1202.6425,14.735497687014742,NaN,NaN
1655251200,1225.1170527866939,1231.67,1014.4,1143.755,13.40185528700593,NaN,NaN
1655294400,1184.436026393347,1250,1045,1163.1425,16.094315818942377,NaN,NaN
1655337600,1173.7892631966733,1257.85,1093.71,1175.05,17.785048798600414,NaN,NaN
1655380800,1174.4196315983368,1174.4196315983368,1051.55,1096.04,15.546518648180324,NaN,NaN
1655424000,1135.2298157991684,1135.2298157991684,1051.11,1082.5549999999998,15.194989087069672,NaN,NaN
1655467200,1108.8924078995842,1108.8924078995842,1064.14,1086.295,15.763884414089944,NaN,NaN
1655510400,1097.5937039497921,1097.5937039497921,975.21,1041.1950000000002,14.500639306314525,NaN,NaN
1655553600,1069.3943519748962,1069.3943519748962,881.56,974.1875,12.852669401351761,NaN,NaN
1655596800,1021.7909259874481,1078.4,936.15,1016.1975,19.06311234768428,NaN,NaN
1655640000,1018.994212993724,1158.62,1018.64,1090.2275,28.705102581550378,NaN,NaN
1655683200,1054.610856496862,1170,1053,1126.145,32.882800635403655,NaN,NaN
1655726400,1090.377928248431,1154.26,1083.1,1129.66,33.29474876549776,NaN,NaN
1655769600,1110.0189641242155,1177.77,1109.23,1139.1575,34.46518946267312,NaN,NaN
1655812800,1124.5882320621076,1194,1113.49,1143.6825,35.049929700580435,NaN,NaN
1655856000,1134.1353660310538,1134.1353660310538,1066.6,1104.2799999999997,32.34366634124075,NaN,NaN
1655899200,1119.2076830155268,1125,1043.65,1079.0425,30.708189653261527,NaN,NaN
1655942400,1099.1250915077635,1116.59,1045.3,1079.6675,30.801508659393818,NaN,NaN
1655985600,1089.3962957538818,1155,1082.78,1122.2725,37.02744592717804,NaN,NaN
1656028800,1105.8343978769408,1205.52,1105.8343978769408,1169.535,43.13914934376525,NaN,NaN
1656072000,1137.6846989384703,1245.43,1137.6846989384703,1212.5774999999999,48.0811365935716,NaN,NaN
1656115200,1175.131099469235,1242.3,1175.131099469235,1222.125,49.137141400432384,NaN,NaN
1656158400,1198.6280497346174,1256.77,1180,1224.0725,49.363385811831144,NaN,NaN
1656201600,1211.3502748673086,1277,1211.3502748673086,1254.115,52.84774448628002,NaN,NaN
1656244800,1232.7326374336544,1280,1194.6,1235.5275000000001,50.53096151426963,NaN,NaN
1656288000,1234.1300687168273,1238.93,1195.82,1213.1375,47.81193755198786,NaN,NaN
1656331200,1223.6337843584138,1223.91,1172.49,1202.23,46.49926215392123,NaN,NaN
1656374400,1212.931892179207,1233.82,1162.16,1202.9924999999998,46.609614955919305,NaN,NaN
1656417600,1207.9621960896034,1237.99,1136.32,1185.46,44.34468959079699,NaN,NaN
1656460800,1196.7110980448017,1196.7110980448017,1102.4,1130.3,38.07577658100327,NaN,NaN
1656504000,1163.5055490224008,1163.5055490224008,1087.42,1107.39,35.81135692338697,NaN,NaN
1656547200,1135.4477745112004,1135.4477745112004,1011.87,1059.2975,31.56728852804153,NaN,NaN
1656590400,1097.3726372556002,1097.3726372556002,998,1042.4475,30.216125933315936,NaN,NaN
1656633600,1069.9100686278002,1117,1033.44,1067.92,34.762097083353126,NaN,NaN
1656676800,1068.9150343139002,1092,1043,1061.2350000000001,34.133649801678175,NaN,NaN
1656720000,1065.0750171569503,1069.49,1028.29,1050.3225,33.082255723015734,NaN,NaN
1656763200,1057.698758578475,1078.88,1039.76,1057.3575,34.483323627820525,NaN,NaN
1656806400,1057.5281292892375,1088.34,1040.78,1064.3025,35.90992135488965,NaN,NaN
1656849600,1060.9153146446188,1087.33,1040.97,1065.91,36.25590299902543,NaN,NaN
1656892800,1063.4126573223093,1106.14,1045.37,1081.6925,39.697852783726525,NaN,NaN
1656936000,1072.5525786611547,1160.9,1072.5525786611547,1124.3125,47.88201948239886,NaN,NaN
1656979200,1098.4325393305774,1174.9,1098.4325393305774,1136.4775,49.96921142498162,NaN,NaN
1657022400,1117.4550196652885,1170,1076.34,1122.7625,47.652210312786146,NaN,NaN
1657065600,1120.1087598326444,1155.7,1111.44,1133.44,49.611130808482244,NaN,NaN
1657108800,1126.7743799163222,1205,1123,1162.1725,54.54091256357567,NaN,NaN
1657152000,1144.4734399581612,1194,1144.4734399581612,1182.455,57.687869008524444,NaN,NaN
1657195200,1163.4642199790806,1254.29,1163.4642199790806,1214.28,62.11907742897437,NaN,NaN
1657238400,1188.8721099895401,1276.46,1188.8721099895401,1234.8575,64.69372649503833,NaN,NaN
1657281600,1211.86480499477,1254.69,1193.15,1220.8049999999998,61.61392965257775,NaN,NaN
1657324800,1216.334902497385,1228.25,1204.67,1214.3075,60.1872008631024,NaN,NaN
1657368000,1215.3212012486924,1235.4,1206.52,1217.305,60.640009898201285,NaN,NaN
1657411200,1216.3131006243461,1219.95,1174,1198.6100000000001,56.33640436525115,NaN,NaN
1657454400,1207.4615503121731,1207.4615503121731,1153,1173.1475,51.02492138896997,NaN,NaN
1657497600,1190.3045251560866,1190.3045251560866,1137.57,1155.1999999999998,47.617097143288376,NaN,NaN
1657540800,1172.7522625780432,1172.7522625780432,1091.71,1123.355,42.22798548031822,NaN,NaN
1657584000,1148.0536312890217,1148.0536312890217,1053.76,1078.555,36.04715655818885,NaN,NaN
1657627200,1113.304315644511,1113.304315644511,1033.46,1056.675,33.47046688483641,NaN,NaN
1657670400,1084.9896578222556,1084.9896578222556,1035.58,1060.1625,34.27688600902576,NaN,NaN
1657713600,1072.5760789111278,1119.18,1006.32,1080.63,38.95360856143855,NaN,NaN
1657756800,1076.603039455564,1127.19,1072.11,1098.895,42.86107368174292,NaN,NaN
1657800000,1087.749019727782,1214.65,1072.8,1140.5325,50.62052841039988,NaN,NaN
1657843200,1114.1407598638912,1230,1114.1407598638912,1203.8925,59.609221606790754,NaN,NaN
1657886400,1159.0166299319455,1287.82,1159.0166299319455,1233.4725,62.99585493724936,NaN,NaN
1657929600,1196.2445649659728,1235.24,1191.23,1213.9099999999999,59.44593169841281,NaN,NaN
1657972800,1205.0772824829864,1422.91,1196,1293.1675,67.44922922942695,NaN,NaN
1658016000,1249.1223912414932,1387,1249.1223912414932,1358.6225,72.3094239181125,NaN,NaN
1658059200,1303.8724456207465,1382.29,1303.8724456207465,1350.8625000000002,70.9567604938885,NaN,NaN
1658102400,1327.3674728103733,1509.91,1327.3674728103733,1415.9275,75.15365251997758,NaN,NaN
1658145600,1371.6474864051866,1597.47,1371.6474864051866,1526.8975,80.36506115433714,NaN,NaN
1658188800,1449.2724932025933,1631,1449.2724932025933,1561.7399999999998,81.66538848821975,NaN,NaN
1658232000,1505.5062466012964,1589.76,1505.5062466012964,1545.0774999999999,78.97192315521238,NaN,NaN
1658275200,1525.2918733006481,1614,1510.47,1567.4275,79.92819597981428,NaN,NaN
1658318400,1546.359686650324,1620.4,1484.23,1557.2775000000001,78.18918570853558,NaN,NaN
1658361600,1551.818593325162,1554.7,1463.56,1507.27,70.09717520131804,NaN,NaN
1658404800,1529.544296662581,1605.98,1481.11,1537.9325,72.0099775465605,NaN,NaN
1658448000,1533.7383983312905,1650.05,1533.7383983312905,1604.42,75.6475938166793,NaN,NaN
1658491200,1569.0791991656452,1644.5,1516.11,1583.7399999999998,72.49187580220743,NaN,NaN
1658534400,1576.4095995828225,1596.51,1519,1543.2424999999998,66.63001694596267,NaN,NaN
1658577600,1559.8260497914112,1559.8260497914112,1488,1528.53,64.58671676933047,NaN,NaN
1658620800,1544.1780248957057,1628.86,1544.1780248957057,1584.7600000000002,68.55562864800676,NaN,NaN
1658664000,1564.469012447853,1664.34,1564.469012447853,1612.72,70.3359154830914,NaN,NaN
1658707200,1588.5945062239266,1609.55,1498.95,1560.925,63.19778807073719,NaN,NaN
1658750400,1574.7597531119632,1574.7597531119632,1435.58,1488.1275,54.78261216281012,NaN,NaN
1658793600,1531.4436265559816,1531.4436265559816,1385.08,1420.55,48.346851868397025,NaN,NaN
1658836800,1475.996813277991,1475.996813277991,1356.17,1416.4325,47.97701811467406,NaN,NaN
1658880000,1446.2146566389954,1474.96,1420.83,1449.3975,51.19585667232346,NaN,NaN
1658923200,1447.8060783194978,1644.44,1444.91,1544.4424999999999,59.060930429653745,NaN,NaN
1658966400,1496.124289159749,1677,1496.124289159749,1638.8725,65.08184886903902,NaN,NaN
1659009600,1567.4983945798745,1784.79,1567.4983945798745,1686.025,67.64101830211789,NaN,NaN
1659052800,1626.7616972899373,1752.03,1626.7616972899373,1705.5525,68.66525554374856,NaN,NaN
1659096000,1666.1570986449688,1765.99,1655.02,1706.0225,68.69094243850783,NaN,NaN
1659139200,1686.0897993224844,1735.31,1678.25,1710.0025,68.9232646515236,NaN,NaN
1659182400,1698.0461496612422,1744.85,1673.01,1704.9075,68.22533409696968,NaN,NaN
1659225600,1701.4768248306211,1724.19,1686.06,1706.455,68.33023094063951,NaN,NaN
1659268800,1703.9659124153104,1754.69,1666,1704.3425,68.00020929889027,NaN,NaN
1659312000,1704.154206207655,1704.68,1641.09,1673.025,63.132157246897606,NaN,NaN
1659355200,1688.5896031038276,1690.59,1606.12,1648.8,59.57911482029443,NaN,NaN
1659398400,1668.6948015519138,1668.6948015519138,1559.28,1608.5075,54.123077193495,NaN,NaN
1659441600,1638.6011507759567,1678,1564.17,1615.11,54.85267614483425,NaN,NaN
1659484800,1626.8555753879782,1672.99,1589.71,1639.7875000000001,57.56881821929712,NaN,NaN
1659528000,1633.3215376939893,1685.03,1607.42,1644.04,58.037320306326144,NaN,NaN
1659571200,1638.6807688469946,1662.79,1606.27,1625.7324999999998,55.210999749392855,NaN,NaN
1659614400,1632.2066344234972,1644,1580.39,1612.0175000000002,53.12384329729925,NaN,NaN
1659657600,1622.1120672117486,1717.87,1605.64,1661.2275000000002,59.09847490071599,NaN,NaN
1659700800,1641.6697836058743,1742.07,1641.6697836058743,1712.27,64.19594416574485,NaN,NaN
1659744000,1676.9698918029371,1749.93,1676.9698918029371,1725.3674999999998,65.38796381962979,NaN,NaN
1659787200,1701.1686959014685,1724.27,1685.26,1703.0575,61.62439627694285,NaN,NaN
1659830400,1702.1130979507343,1702.1130979507343,1668,1687.4225000000001,59.05890642830908,NaN,NaN
1659873600,1694.7677989753672,1729.79,1690,1703.1425,60.82481423685818,NaN,NaN
1659916800,1698.9551494876837,1792.65,1693.87,1744.0225,65.04698904323376,NaN,NaN
1659960000,1721.4888247438419,1818,1721.4888247438419,1785.0049999999999,68.69015012962791,NaN,NaN
1660003200,1753.2469123719209,1790.83,1692.2,1741.03,61.30617711478194,NaN,NaN
1660046400,1747.1384561859604,1747.1384561859604,1667.93,1698.1825000000001,55.09193738542339,NaN,NaN
1660089600,1722.6604780929802,1722.6604780929802,1656.78,1695.0674999999999,54.65817078586883,NaN,NaN
1660132800,1708.8639890464901,1885,1703.6,1787.3424999999997,63.76064082777116,NaN,NaN
1660176000,1748.103244523245,1918.19,1748.103244523245,1881.4175,70.30563322573923,NaN,NaN
1660219200,1814.7603722616225,1942,1814.7603722616225,1898.2600000000002,71.30483762195463,NaN,NaN
1660262400,1856.5101861308112,1913.9,1853.06,1878.9399999999998,68.45908838056576,NaN,NaN
1660305600,1867.7250930654054,1964.71,1867.4,1914.7499999999998,70.78635064686843,NaN,NaN
1660348800,1891.2375465327027,2020,1891.2375465327027,1977.6924999999999,74.36651592646791,NaN,NaN
1660392000,1934.4650232663512,2004.27,1934.4650232663512,1983.9525,74.69862173526053,NaN,NaN
1660435200,1959.2087616331755,2030,1959.2087616331755,1993.665,75.23473094189197,NaN,NaN
1660478400,1976.4368808165877,1991.64,1906,1955.7775000000001,69.08517770060872,NaN,NaN
1660521600,1966.107190408294,2012.47,1875.01,1928.5075000000002,64.9689007751989,NaN,NaN
1660564800,1947.3073452041472,1947.3073452041472,1872.31,1899.005,60.751588971099665,NaN,NaN
1660608000,1923.1561726020736,1923.1561726020736,1856.98,1894.4175000000002,60.09831637605246,NaN,NaN
1660651200,1908.786836301037,1914.97,1853,1887.8200000000002,59.11382065480022,NaN,NaN
1660694400,1898.3034181505186,1959.43,1869.06,1895.5025,59.93682985891614,NaN,NaN
1660737600,1896.9029590752593,1896.9029590752593,1818.74,1854.075,53.663760285654554,NaN,NaN
1660780800,1875.4889795376298,1875.4889795376298,1821.25,1845.3799999999999,52.42359748709232,NaN,NaN
1660824000,1860.4344897688147,1882.37,1838,1856.5625,53.89916931012391,NaN,NaN
1660867200,1858.4984948844074,1858.4984948844074,1683,1771.2800000000002,42.956900269319476,NaN,NaN
1660910400,1814.8892474422037,1814.8892474422037,1602.37,1661.3975,33.515705202931116,NaN,NaN
1660953600,1738.1433737211019,1738.1433737211019,1607.89,1626.2425,31.156397805401326,NaN,NaN
1660996800,1682.192936860551,1682.192936860551,1523.67,1593.69,29.112770780008432,NaN,NaN
1661040000,1637.9414684302756,1637.9414684302756,1562.34,1598.7775,29.88680279961028,NaN,NaN
1661083200,1618.3594842151379,1646.52,1580.6,1618.0024999999998,32.86981729728143,NaN,NaN
1661126400,1618.1809921075687,1621.97,1529.92,1584.45,30.436008227521796,NaN,NaN
1661169600,1601.3154960537845,1629.72,1547.99,1592.5349999999999,31.74744676055016,NaN,NaN
1661212800,1596.9252480268922,1638.87,1563.76,1611.9424999999999,34.91913864703571,NaN,NaN
1661256000,1604.433874013446,1676.07,1604.433874013446,1642.16,39.62363032115837,NaN,NaN
1661299200,1623.296937006723,1666.47,1604.92,1646.9275,40.356187723170855,NaN,NaN
1661342400,1635.1122185033614,1694.13,1635.1122185033614,1661.0099999999998,42.57268360322422,NaN,NaN
1661385600,1648.0611092516806,1716.56,1648.0611092516806,1684.2275,46.12728398089647,NaN,NaN
1661428800,1666.1443046258403,1722,1666.1443046258403,1702.3374999999999,48.789940932726864,NaN,NaN
1661472000,1684.24090231292,1695.23,1620.5,1659.9925,43.38983018768627,NaN,NaN
1661515200,1672.11670115646,1706.45,1486.85,1582.6525000000001,35.63260114830389,NaN,NaN
1661558400,1627.3846005782302,1627.3846005782302,1469.19,1500.2775000000001,29.568992838556866,NaN,NaN
1661601600,1563.8310502891152,1563.8310502891152,1447.52,1488.2624999999998,28.79919447370446,NaN,NaN
1661644800,1526.0467751445576,1526.0467751445576,1475.21,1490.7475000000002,29.209683552625606,NaN,NaN
1661688000,1508.397137572279,1508.397137572279,1424,1458.6200000000001,27.039249678991723,NaN,NaN
1661731200,1483.5085687861397,1483.5085687861397,1422.08,1440.2275,25.854818800587736,NaN,NaN
1661774400,1461.8680343930698,1559.99,1447.01,1501.9625,35.99013631142198,NaN,NaN
1661817600,1481.9152671965348,1606.13,1481.9152671965348,1566.59,44.537368233329765,NaN,NaN
1661860800,1524.2526335982675,1594.77,1473.61,1544.465,42.44767241607381,NaN,NaN
1661904000,1534.3588167991338,1619.78,1524.59,1565.9625,45.14103897047288,NaN,NaN
1661947200,1550.160658399567,1610,1528,1571.75,45.87540897202763,NaN,NaN
1661990400,1560.9553291997836,1586.34,1531.08,1562.3799999999999,44.82909837438706,NaN,NaN
1662033600,1561.6676645998919,1599,1512.77,1568.98,45.76737379338254,NaN,NaN
1662076800,1565.323832299946,1611.9,1565.323832299946,1589.7125,48.71776512040022,NaN,NaN
1662120000,1577.518166149973,1650,1546.41,1591.3449999999998,48.95325553609139,NaN,NaN
1662163200,1584.4315830749865,1584.4315830749865,1534.28,1560.25,44.73905539124075,NaN,NaN
1662206400,1572.3407915374933,1572.3407915374933,1535.63,1551.91,43.6535955219831,NaN,NaN
1662249600,1562.1253957687468,1564.83,1540.66,1556.8725,44.51620117965713,NaN,NaN
1662292800,1559.4989478843734,1583.66,1544.82,1568.0749999999998,46.50706536541786,NaN,NaN
1662336000,1563.7869739421867,1592.87,1556.56,1573.8949999999998,47.559832292525705,NaN,NaN
1662379200,1568.8409869710931,1631.99,1562.41,1594.7625,51.26342274238231,NaN,NaN
1662422400,1581.8017434855465,1678.7,1581.8017434855465,1645.065,58.81447272402558,NaN,NaN
1662465600,1613.4333717427733,1687.4,1555,1617.4725,53.882858346897535,NaN,NaN
1662508800,1615.4529358713867,1615.4529358713867,1490.66,1532.945,42.20716372068284,NaN,NaN
1662552000,1574.1989679356934,1657.5,1500,1575.3225,48.26026940242635,NaN,NaN
1662595200,1574.7607339678466,1647.66,1574.7607339678466,1627.1774999999998,54.535334521570526,NaN,NaN
1662638400,1600.9691169839232,1663.56,1597.88,1633.2,55.2146952855472,NaN,NaN
1662681600,1617.0845584919616,1717.98,1617.0845584919616,1670.985,59.32162575005333,NaN,NaN
1662724800,1644.0347792459806,1746.13,1644.0347792459806,1715.1075,63.52764270122635,NaN,NaN
1662768000,1679.5711396229904,1745.46,1679.5711396229904,1723.4225,64.2772590173598,NaN,NaN
1662811200,1701.4968198114952,1789,1701.4968198114952,1749.145,66.56650559392838,NaN,NaN
1662854400,1725.3209099057476,1780,1725.3209099057476,1766.9825,68.09348326625174,NaN,NaN
1662897600,1746.1517049528738,1789,1720.1,1761.3349999999998,67.04935830376255,NaN,NaN
1662940800,1753.743352476437,1783,1711.75,1752.4475,65.35108421750624,NaN,NaN
1662984000,1753.0954262382184,1754.99,1693,1728.32,60.84542365880657,NaN,NaN
1663027200,1740.707713119109,1746.72,1675.1,1718.9550000000002,59.141011735303,NaN,NaN
1663070400,1729.8313565595545,1760.51,1560.54,1658.2725,49.4708007322259,NaN,NaN
1663113600,1694.0519282797773,1694.0519282797773,1552.38,1586.475,40.94104384621105,NaN,NaN
1663156800,1640.2634641398886,1647.01,1560,1610.1675,44.35087077817933,NaN,NaN
1663200000,1625.2154820699443,1655.2,1571.5,1614.1575,44.927541265656124,NaN,NaN
1663243200,1619.6864910349723,1619.6864910349723,1458,1530.5725,36.414514300660954,NaN,NaN
1663286400,1575.1294955174862,1575.1294955174862,1442.2,1469.2375,31.67197242717488,NaN,NaN
1663329600,1522.1834977587432,1522.1834977587432,1405.52,1449.2599999999998,30.288313049351004,NaN,NaN
1663372800,1485.7217488793715,1485.7217488793715,1416,1431.535,29.07464937303247,NaN,NaN
1663416000,1458.6283744396858,1476.13,1409.12,1443.43,31.07078250415607,NaN,NaN
1663459200,1451.029187219843,1469.63,1417.38,1447.46,31.771398045956232,NaN,NaN
1663502400,1449.2445936099216,1449.2445936099216,1325.55,1383.48,27.067587318471624,NaN,NaN
1663545600,1416.3622968049608,1416.3622968049608,1280,1319.1025,23.32546203813061,NaN,NaN
1663588800,1367.7323984024804,1393.35,1306.75,1345.9975,27.81535245223587,NaN,NaN
1663632000,1356.86494920124,1384.78,1342.24,1364.815,30.865726090261575,NaN,NaN
1663675200,1360.83997460062,1384.1,1312.71,1343.9975,29.38626378816201,NaN,NaN
1663718400,1352.41873730031,1353.8,1316.12,1335.945,28.810992799130446,NaN,NaN
1663761600,1344.1818686501551,1408.9,1220,1306.4025,26.742600416906427,NaN,NaN
1663804800,1325.2921843250774,1325.2921843250774,1237.32,1276.1575,24.781108750604858,NaN,NaN
1663848000,1300.7248421625386,1350.08,1252.12,1309.2925,30.771888918188367,NaN,NaN
1663891200,1305.0086710812693,1360,1282.14,1314.0875,31.6206158065297,NaN,NaN
1663934400,1309.5480855406347,1339.93,1262.15,1304.27,30.78833726688366,NaN,NaN
1663977600,1306.9090427703172,1337.8,1306.9090427703172,1325.8474999999999,34.8473055061052,NaN,NaN
1664020800,1316.3782713851585,1349.33,1306.52,1324.9924999999998,34.76031542180239,NaN,NaN
1664064000,1320.685385692579,1337,1314.4,1324.4650000000001,34.70275743885658,NaN,NaN
1664107200,1322.5751928462896,1331.49,1269.27,1306.1799999999998,32.682554337506005,NaN,NaN
1664150400,1314.3775964231447,1325.06,1277.85,1298.6875,31.863999451726144,NaN,NaN
1664193600,1306.5325482115722,1340.42,1293.7,1316.8775,36.05148125875331,NaN,NaN
1664236800,1311.7050241057862,1399.06,1311.7050241057862,1364.08,45.424712160233454,NaN,NaN
1664280000,1337.892512052893,1400,1303.75,1355.1475,44.10718117594117,NaN,NaN
1664323200,1346.5200060264465,1346.5200060264465,1253.2,1304.2399999999998,37.441880642843074,NaN,NaN
1664366400,1325.3800030132231,1355.7,1293.69,1320.4750000000001,40.528442273084174,NaN,NaN
1664409600,1322.9275015066116,1352.02,1313.55,1334.8325,43.19757024940925,NaN,NaN
1664452800,1328.880000753306,1348.25,1288.52,1327.26,42.123748406279795,NaN,NaN
1664496000,1328.0700003766528,1352.3,1320.12,1334.7275,43.61234687012798,NaN,NaN
1664539200,1331.3987501883264,1373.19,1313.35,1336.5125,43.98323494355549,NaN,NaN
1664582400,1333.9556250941632,1333.9556250941632,1317.24,1326.265,42.26453777260144,NaN,NaN
1664625600,1330.1103125470818,1330.1103125470818,1302.68,1317.47,40.79126891303653,NaN,NaN
1664668800,1323.790156273541,1323.790156273541,1280.63,1302.055,38.27306172058719,NaN,NaN
1664712000,1312.9225781367704,1313.87,1270,1289.615,36.32419654059796,NaN,NaN
1664755200,1301.268789068385,1301.94,1263.04,1285.1775,35.62729077445991,NaN,NaN
1664798400,1293.2231445341927,1329.9,1293.2231445341927,1311.6125,42.682225394176946,NaN,NaN
1664841600,1302.4178222670962,1359.67,1302.4178222670962,1337.7925,48.68077563452375,NaN,NaN
1664884800,1320.105161133548,1369.55,1320.105161133548,1354.725,52.1674892936735,NaN,NaN
1664928000,1337.4150805667741,1363.53,1331.41,1347.8725,50.66719752661563,NaN,NaN
1664971200,1342.643790283387,1364.77,1316.29,1342.0774999999999,49.374004882584586,NaN,NaN
1665014400,1342.3606451416936,1383.99,1342.3606451416936,1364.1100000000001,54.16402999705685,NaN,NaN
1665057600,1353.2353225708468,1380.3,1345.01,1361.5300000000002,53.52537756906505,NaN,NaN
1665100800,1357.3826612854236,1361.75,1346.01,1353.6475,51.52638035203021,NaN,NaN
1665144000,1355.5150806427118,1358.73,1317.26,1340.4625,48.27845070926597,NaN,NaN
1665187200,1347.988790321356,1347.988790321356,1323.44,1330.4225,45.90554548593386,NaN,NaN
1665230400,1339.205645160678,1339.205645160678,1303.51,1319.7424999999998,43.45859611531706,NaN,NaN
1665273600,1329.474072580339,1329.474072580339,1307.26,1318.4550000000002,43.15991956530757,NaN,NaN
1665316800,1323.9645362901697,1329,1310,1321.3075,44.07694092607343,NaN,NaN
1665360000,1322.6360181450848,1338,1296.36,1318.1225,43.23813746622733,NaN,NaN
1665403200,1320.3792590725425,1320.3792590725425,1288,1303.18,39.445472806897136,NaN,NaN
1665446400,1311.7796295362714,1311.7796295362714,1267.01,1283.4475,35.07061108598512,NaN,NaN
1665489600,1297.6135647681358,1298,1268.85,1283.42,35.06477430391615,NaN,NaN
1665532800,1290.516782384068,1306.87,1275.25,1289.9775,37.72626732475813,NaN,NaN
1665576000,1290.247141192034,1305.59,1285.51,1295.8025000000002,40.07584189088285,NaN,NaN
1665619200,1293.024820596017,1299.15,1220.41,1264.2725,32.85076400559319,NaN,NaN
1665662400,1278.6486602980085,1301.58,1190,1255.4375,31.15577937410002,NaN,NaN
1665705600,1267.0430801490043,1342,1267.0430801490043,1309.585,48.64467277836493,NaN,NaN
1665748800,1288.3140400745021,1343.12,1288.3140400745021,1313.815,49.71926356749329,NaN,NaN
1665792000,1301.064520037251,1301.69,1277.01,1290.595,44.246091998232124,NaN,NaN
1665835200,1295.8297600186256,1295.8297600186256,1263.64,1279.4425,41.862487970398846,NaN,NaN
1665878400,1287.6361300093129,1290.27,1274.67,1280.975,42.32229971847315,NaN,NaN
1665921600,1284.3055650046563,1315.35,1279.3,1296.1575,46.81054564986765,NaN,NaN
1665964800,1290.2315325023283,1325.91,1290.2315325023283,1311.23,50.89575601413057,NaN,NaN
1666008000,1300.7307662511641,1338.57,1300.7307662511641,1325.2775000000001,54.41018784931471,NaN,NaN
1666051200,1313.004133125582,1341.73,1313.004133125582,1329.29,55.39226798411022,NaN,NaN
1666094400,1321.147066562791,1334.59,1286.72,1314.4775,51.022680900004325,NaN,NaN
1666137600,1317.8122832813956,1317.8122832813956,1291.93,1304.0975,48.155900455134095,NaN,NaN
1666180800,1310.954891640698,1310.954891640698,1280.31,1293.5075,45.355959895104604,NaN,NaN
1666224000,1302.231195820349,1302.36,1270.36,1289.3625,44.270955597655444,NaN,NaN
1666267200,1295.7968479101746,1310.87,1271.96,1291.2625,44.92137566164531,NaN,NaN
1666310400,1293.5296739550872,1293.5296739550872,1272.73,1280.83,42.0213501923975,NaN,NaN
1666353600,1287.1798369775436,1306.97,1252.65,1283.725,43.11874473106328,NaN,NaN
1666396800,1285.4524184887719,1307.98,1285.4524184887719,1301.9325,49.58220362313264,NaN,NaN
1666440000,1293.6924592443859,1320.2,1293.6924592443859,1310.6025,52.358312032269474,NaN,NaN
1666483200,1302.1474796221928,1314.81,1301.3,1308.4675,51.604772750514144,NaN,NaN
1666526400,1305.3074898110963,1371.55,1299.44,1334.8300000000002,59.37880521226954,NaN,NaN
1666569600,1320.068744905548,1370.6,1320.068744905548,1355.1325,64.15439816332216,NaN,NaN
1666612800,1337.6006224527741,1359.43,1324.17,1345.1525,60.39562762917041,NaN,NaN
1666656000,1341.376561226387,1351.81,1334.94,1344.46,60.13235753467217,NaN,NaN
1666699200,1342.9182806131935,1525.16,1342.9182806131935,1419.72,73.60077003843676,NaN,NaN
1666742400,1381.3191403065966,1556,1381.3191403065966,1500.4175,81.00912005159314,NaN,NaN
1666785600,1440.8683201532983,1594.99,1440.8683201532983,1549.7525,83.97070613053938,NaN,NaN
1666828800,1495.310410076649,1577.62,1495.310410076649,1556.6924999999997,84.34065515048327,NaN,NaN
1666872000,1526.0014550383244,1578.58,1503.2,1536.7,78.70526978707234,NaN,NaN
1666915200,1531.3507275191623,1531.3507275191623,1484.61,1505.54,70.76853476792387,NaN,NaN
1666958400,1518.4453637595811,1574.9,1479.82,1526.83,72.78767556956313,NaN,NaN
1667001600,1522.6376818797905,1652.11,1522.6376818797905,1592.3975,77.85985042994962,NaN,NaN
1667044800,1557.5175909398954,1663.06,1557.5175909398954,1625.51,79.89765839622444,NaN,NaN
1667088000,1591.5137954699476,1640.06,1591.5137954699476,1614.0625,77.25045615393338,NaN,NaN
1667131200,1602.7881477349738,1607.61,1576.56,1594.9050000000002,72.8975541205956,NaN,NaN
1667174400,1598.846573867487,1635.8,1561.52,1602.2600000000002,73.51459367773383,NaN,NaN
1667217600,1600.5532869337435,1625.42,1545.43,1591.2024999999999,70.90112905142368,NaN,NaN
1667260800,1595.8778934668717,1612.92,1568.8,1586.1725,69.6874788334189,NaN,NaN
1667304000,1591.0251967334357,1598.39,1563.69,1582.71,68.8142555969299,NaN,NaN
1667347200,1586.8675983667179,1600.2,1536.25,1567.7150000000001,65.01477718835993,NaN,NaN
1667390400,1577.2912991833591,1621.68,1502.32,1549.5725,60.651409533228595,NaN,NaN
1667433600,1563.4318995916797,1563.4318995916797,1515.17,1531.115,56.49712261512023,NaN,NaN
1667476800,1547.27344979584,1556,1522.05,1535.2525,57.204744131909244,NaN,NaN
1667520000,1541.26297489792,1600.28,1528.4,1559.2325,61.149132116359006,NaN,NaN
1667563200,1550.24773744896,1680,1550.24773744896,1614.5549999999998,68.38803559846028,NaN,NaN
1667606400,1582.4013687244799,1666.97,1582.4013687244799,1649.12,71.90969941245022,NaN,NaN
1667649600,1615.7606843622398,1650.23,1615.7606843622398,1637.0524999999998,69.01882387158037,NaN,NaN
1667692800,1626.4065921811198,1639.02,1608.84,1623.7975000000001,65.88568190059128,NaN,NaN
1667736000,1625.10204609056,1634.96,1564.39,1596.9950000000001,59.95855862436378,NaN,NaN
1667779200,1611.04852304528,1611.04852304528,1546.29,1572.46,55.07431353426253,NaN,NaN
1667822400,1591.75426152264,1608.04,1545.03,1575.29,55.524356072786595,NaN,NaN
1667865600,1583.52213076132,1583.52213076132,1431.82,1513.3925,44.924233719230244,NaN,NaN
1667908800,1548.45731538066,1579.98,1233,1406.1550000000002,33.125246674231875,NaN,NaN
1667952000,1477.30615769033,1477.30615769033,1136.13,1257.0275000000001,23.774115418721365,NaN,NaN
1667995200,1367.1668288451651,1367.1668288451651,1073.53,1161.2150000000001,19.88927560487282,NaN,NaN
1668038400,1264.1909144225826,1264.1909144225826,1085.93,1148.83,19.44691346231346,NaN,NaN
1668081600,1206.5104572112914,1350,1185.52,1255.4625,33.218748303043355,NaN,NaN
1668124800,1230.9864786056457,1309.29,1221.08,1276.375,35.54608888150854,NaN,NaN
1668168000,1253.680739302823,1310,1201.26,1269.1125,35.08874996510444,NaN,NaN
1668211200,1261.3966196514116,1292.16,1238.7,1270.1775,35.22037330983852,NaN,NaN
1668254400,1265.787059825706,1285.52,1247.31,1262.645,34.68466951035772,NaN,NaN
1668297600,1264.216029912853,1274.23,1212,1245.98,33.47167434395098,NaN,NaN
1668340800,1255.0980149564266,1255.0980149564266,1200.66,1227.7575,32.14776098462319,NaN,NaN
1668384000,1241.4277574782132,1276.26,1171.13,1230.305,32.54942111557243,NaN,NaN
1668427200,1235.8663787391065,1291.2,1210.03,1249.2124999999999,35.59666690884174,NaN,NaN
1668470400,1242.5394393695533,1279.3,1236.15,1254.7775000000001,36.50589109622497,NaN,NaN
1668513600,1248.6584696847767,1291,1234.01,1259.6525000000001,37.3404254377427,NaN,NaN
1668556800,1254.1554848423884,1268.67,1215,1239.7925,35.30464056874936,NaN,NaN
1668600000,1246.9739924211942,1246.9739924211942,1187.06,1214.545,32.85250261670856,NaN,NaN
1668643200,1230.7594962105973,1230.7594962105973,1181.05,1207.3025,32.16239582189063,NaN,NaN
1668686400,1219.0309981052987,1219.0309981052987,1184,1201.5275000000001,31.592519934854366,NaN,NaN
1668729600,1210.2792490526494,1234,1199.18,1212.7075,34.02952265324224,NaN,NaN
1668772800,1211.4933745263247,1227.81,1200.36,1214.495,34.43171626427936,NaN,NaN
1668816000,1212.9941872631623,1213.48,1197.67,1208.7925,33.72532453571455,NaN,NaN
1668859200,1210.893343631581,1235,1205.83,1217.4875,35.88522641878585,NaN,NaN
1668902400,1214.1904218157906,1227.07,1160,1193.125,32.67228456827391,NaN,NaN
1668945600,1203.6577109078953,1203.6577109078953,1132.65,1158.1550000000002,28.70010298547058,NaN,NaN
1668988800,1180.9063554539478,1180.9063554539478,1105.65,1129.245,25.897016679926864,NaN,NaN
1669032000,1155.075677726974,1155.075677726974,1079.76,1114.7725,24.601636743733437,NaN,NaN
1669075200,1134.924088863487,1134.924088863487,1075,1096.2675,23.01632859038152,NaN,NaN
1669118400,1115.5957944317433,1146.13,1079,1112.5425,27.44461722595298,NaN,NaN
1669161600,1114.0691472158717,1184.25,1114.0691472158717,1156.6425,37.873061604463125,NaN,NaN
1669204800,1135.3558236079357,1190,1135.3558236079357,1175.025,41.63859333071629,NaN,NaN
1669248000,1155.190411803968,1217.71,1155.190411803968,1194.645,45.439635875932765,NaN,NaN
1669291200,1174.917705901984,1208.22,1174.917705901984,1198.4175,46.16566041232844,NaN,NaN
1669334400,1186.667602950992,1204.98,1171.2,1193.29,45.28364431246998,NaN,NaN
1669377600,1189.9788014754959,1207.77,1181.09,1195.3575,45.73385002696467,NaN,NaN
1669420800,1192.668150737748,1228.67,1192.668150737748,1211.62,49.269653686420554,NaN,NaN
1669464000,1202.144075368874,1235.66,1196.2,1214.7925,49.95470233130176,NaN,NaN
1669507200,1208.468287684437,1223.33,1204.31,1212.1399999999999,49.35460771022917,NaN,NaN
1669550400,1210.3041438422183,1220.8,1188.65,1204.6599999999999,47.61744562602509,NaN,NaN
1669593600,1207.482071921109,1207.482071921109,1158.12,1180.4025,42.40481516545173,NaN,NaN
1669636800,1193.9422859605545,1193.9422859605545,1151.02,1168.5325,40.092015102155564,NaN,NaN
1669680000,1181.2373929802773,1223,1158.27,1191.59,46.22725190221147,NaN,NaN
1669723200,1186.4136964901386,1228.37,1186.4136964901386,1216.2849999999999,51.907946436875775,NaN,NaN
1669766400,1201.3493482450692,1283.47,1201.3493482450692,1244.795,57.49124055005078,NaN,NaN
1669809600,1223.0721741225348,1309.77,1223.0721741225348,1281.5149999999999,63.38703370092593,NaN,NaN
1669852800,1252.2935870612673,1295.88,1252.2935870612673,1287.3525,64.23624511230527,NaN,NaN
1669896000,1269.8230435306336,1299.9,1262.77,1280.505,62.40768677062607,NaN,NaN
1669939200,1275.1640217653169,1294.53,1265.24,1281.25,62.5326523881487,NaN,NaN
1669982400,1278.2070108826583,1297.18,1268,1287.3975,63.60770058217742,NaN,NaN
1670025600,1282.8022554413292,1309,1260.54,1283.6275,62.42476954101855,NaN,NaN
1670068800,1283.2148777206646,1283.2148777206646,1236.26,1255.3425000000002,54.270042804953974,NaN,NaN
1670112000,1269.2786888603323,1269.2786888603323,1240.1,1250.7224999999999,53.051006695741385,NaN,NaN
1670155200,1260.000594430166,1287.19,1249.65,1267.7975000000001,56.90398806439414,NaN,NaN
1670198400,1263.899047215083,1305.11,1263.899047215083,1289.0800000000002,61.18030031167012,NaN,NaN
1670241600,1276.4895236075417,1295.13,1246.61,1274.07,56.892541072592536,NaN,NaN
1670284800,1275.2797618037707,1275.2797618037707,1242,1256.8925,52.369206338134916,NaN,NaN
1670328000,1266.0861309018853,1274.76,1241.56,1260.9325,53.309445887688646,NaN,NaN
1670371200,1263.5093154509427,1278.69,1218.01,1248.2450000000001,49.97313389870373,NaN,NaN
1670414400,1255.8771577254715,1255.8771577254715,1219.21,1228.8225,45.299354016835636,NaN,NaN
1670457600,1242.3498288627356,1245.41,1222.01,1234.75,46.93062735770048,NaN,NaN
1670500800,1238.5499144313678,1292.58,1235.97,1262.2825,53.81954868635707,NaN,NaN
1670544000,1250.416207215684,1292.95,1250.416207215684,1283.5225,58.31506845712285,NaN,NaN
1670587200,1266.969353607842,1296.64,1250,1274.395,55.80117373727772,NaN,NaN
1670630400,1270.682176803921,1270.682176803921,1259.6,1264.3725,53.094566243908766,NaN,NaN
1670673600,1267.5273384019606,1283.61,1261.95,1269.525,54.32122293705283,NaN,NaN
1670716800,1268.5261692009803,1278.13,1265.4,1270.8325,54.64536095477813,NaN,NaN
1670760000,1269.6793346004902,1284.75,1255.85,1269.2625,54.14848900021547,NaN,NaN
1670803200,1269.4709173002452,1269.4709173002452,1240.03,1255.1100000000001,49.7565189638563,NaN,NaN
1670846400,1262.2904586501227,1278.9,1243.58,1263.0700000000002,52.10933763306864,NaN,NaN
1670889600,1262.6802293250614,1290,1255.1,1276.86,55.95720008133618,NaN,NaN
1670932800,1269.7701146625307,1349,1269.7701146625307,1310.7849999999999,63.68704175731968,NaN,NaN
1670976000,1290.2775573312651,1329,1290.2775573312651,1322.975,65.99638905014147,NaN,NaN
1671019200,1306.6262786656325,1352.72,1301,1321.915,65.6056778245642,NaN,NaN
1671062400,1314.2706393328162,1314.2706393328162,1281.12,1297.745,57.278751421899756,NaN,NaN
1671105600,1306.007819666408,1306.007819666408,1259.27,1277.0925,51.288513463328634,NaN,NaN
1671148800,1291.550159833204,1291.550159833204,1205.5,1241.23,42.89878123220203,NaN,NaN
1671192000,1266.390079916602,1266.390079916602,1155.32,1188.3049999999998,34.04730482625912,NaN,NaN
1671235200,1227.3475399583008,1227.3475399583008,1161.92,1174.3525,32.163196724371744,NaN,NaN
1671278400,1200.8500199791504,1200.8500199791504,1171.36,1182.1499999999999,34.34968877617959,NaN,NaN
1671321600,1191.5000099895751,1199.54,1170.32,1184.8249999999998,35.12224734306089,NaN,NaN
1671364800,1188.1625049947875,1194.5,1173.39,1183.3049999999998,34.87113664682802,NaN,NaN
1671408000,1185.7337524973937,1195,1174,1183.835,35.04552158828916,NaN,NaN
1671451200,1184.7843762486968,1189.54,1150.51,1172.7849999999999,33.05812391900082,NaN,NaN
1671494400,1178.7846881243483,1219.08,1163.12,1190.5825,39.05307261489515,NaN,NaN
1671537600,1184.683594062174,1230.47,1184.683594062174,1214.48,46.04073293683934,NaN,NaN
1671580800,1199.581797031087,1219.17,1199.581797031087,1213.9375,45.91204478595828,NaN,NaN
1671624000,1206.7596485155436,1223.39,1205.16,1214.7375,46.15107253263969,NaN,NaN
1671667200,1210.748574257772,1221.63,1209.52,1215.605,46.4275460096969,NaN,NaN
1671710400,1213.176787128886,1237.99,1182.54,1213.9325,45.9378479435154,NaN,NaN
1671753600,1213.5546435644428,1229.35,1213.5546435644428,1221.2024999999999,48.481562139039795,NaN,NaN
1671796800,1217.3785717822213,1231.99,1210,1221.2425,48.49592122751064,NaN,NaN
1671840000,1219.3105358911107,1221.2,1214.69,1218.8525,47.641499660393535,NaN,NaN
1671883200,1219.0815179455553,1227.99,1217.63,1221.3925,48.676414178062494,NaN,NaN
1671926400,1220.2370089727776,1224.31,1215.69,1219.49,47.912504892406446,NaN,NaN
1671969600,1219.8635044863888,1225,1193.18,1213.5600000000002,45.51482710469841,NaN,NaN
1672012800,1216.7117522431945,1224.2,1216.7117522431945,1219.9875000000002,48.521851405716546,NaN,NaN
1672056000,1218.3496261215973,1231.09,1211.67,1222.8225,49.836890651585875,NaN,NaN
1672099200,1220.5860630607986,1233.73,1215,1224.0575,50.4309434224322,NaN,NaN
1672142400,1222.3217815303992,1222.3217815303992,1200.58,1212.7375,45.15271044590451,NaN,NaN
1672185600,1217.5296407651995,1217.5296407651995,1186.69,1202.58,41.005477551010024,NaN,NaN
1672228800,1210.0548203825997,1210.0548203825997,1181.06,1193.9175,37.81551409345983,NaN,NaN
1672272000,1201.9861601912999,1202.99,1186.77,1194.6875,38.2751732066322,NaN,NaN
1672315200,1198.33683009565,1206.57,1191.48,1199.345,41.11072046262472,NaN,NaN
1672358400,1198.840915047825,1202.15,1184.59,1194.48,39.090658635914075,NaN,NaN
1672401600,1196.6604575239126,1201.63,1181.08,1193.3475,38.61498888150237,NaN,NaN
1672444800,1195.0039787619562,1200.49,1191.66,1197.3325,41.320764595532374,NaN,NaN
1672488000,1196.168239380978,1208.46,1193.08,1198.7175,42.273151543249654,NaN,NaN
1672531200,1197.442869690489,1197.442869690489,1190.57,1195.1125,40.43360155196627,NaN,NaN
1672574400,1196.2776848452445,1204.67,1193.54,1198.725,43.105409363016996,NaN,NaN
1672617600,1197.5013424226222,1224.29,1193,1208.7424999999998,49.82615468228625,NaN,NaN
1672660800,1203.121921211311,1223.85,1203.121921211311,1216.605,54.38104367479276,NaN,NaN
1672704000,1209.8634606056555,1219.89,1209.8634606056555,1215.0900000000001,53.37554979861417,NaN,NaN
1672747200,1212.476730302828,1219.24,1204.93,1213.4250000000002,52.23251586173754,NaN,NaN
1672790400,1212.950865151414,1264,1212.71,1235.7125,63.50028694550079,NaN,NaN
1672833600,1224.331682575707,1272.6,1224.331682575707,1255.745,70.28510652521933,NaN,NaN
1672876800,1240.0383412878534,1259.95,1240.0383412878534,1254.5175,69.43340320884872,NaN,NaN
1672920000,1247.2779206439268,1256.01,1242.81,1251.49,67.26827964683372,NaN,NaN
1672963200,1249.3839603219635,1257.98,1237.98,1247.6525000000001,64.52184098217761,NaN,NaN
1673006400,1248.5182301609818,1276.7,1236,1256.3100000000002,67.7234982312983,NaN,NaN
1673049600,1252.414115080491,1271.09,1252.414115080491,1266.5625,71.0547883161868,NaN,NaN
1673092800,1259.4883075402454,1266.61,1259.4883075402454,1263.9424999999999,69.09227908093064,NaN,NaN
1673136000,1261.7154037701225,1266.22,1257.77,1262.4299999999998,67.9259189733109,NaN,NaN
1673179200,1262.0727018850612,1296,1261.27,1277.2775000000001,72.78310133283293,NaN,NaN
1673222400,1269.6751009425307,1327.5,1269.6751009425307,1305.3400000000001,79.19577835351122,NaN,NaN
1673265600,1287.5075504712654,1344.91,1287.5075504712654,1324.665,82.29027717879009,NaN,NaN
1673308800,1306.0862752356327,1334.73,1306.0862752356327,1325.3125,82.38482050478775,NaN,NaN
1673352000,1315.6993876178162,1347.69,1315.6993876178162,1333.925,83.63616891430965,NaN,NaN
1673395200,1324.812193808908,1341.5,1324.812193808908,1335.1925,83.81835585192523,NaN,NaN
1673438400,1330.002346904454,1398,1321.04,1361.2175,87.01504348599458,NaN,NaN
1673481600,1345.6099234522271,1418.77,1345.6099234522271,1397.9875,90.01605312959369,NaN,NaN
1673524800,1371.7987117261137,1438,1361.92,1403.405,90.3692187216152,NaN,NaN
1673568000,1387.6018558630567,1419.5,1387.6018558630567,1411.5375,90.89016900538257,NaN,NaN
1673611200,1399.5696779315283,1464,1399.5696779315283,1431.6299999999999,92.03632302822997,NaN,NaN
1673654400,1415.599838965764,1599.98,1415.599838965764,1507.605,94.73418479030408,NaN,NaN
1673697600,1461.602419482882,1559.91,1461.602419482882,1536.7599999999998,95.38087043672519,NaN,NaN
1673740800,1499.1812097414409,1552.22,1499.1812097414409,1537.8775,95.40416802248468,NaN,NaN
1673784000,1518.5293548707205,1566.66,1518.5293548707205,1545.3674999999998,95.56560539532859,NaN,NaN
1673827200,1531.9484274353601,1584.58,1523.2,1550.655,95.68094589523248,NaN,NaN
1673870400,1541.30171371768,1604.5,1521.31,1561.2649999999999,95.91079161555089,NaN,NaN
1673913600,1551.2833568588399,1582.6,1541.15,1567.44,96.0427825060535,NaN,NaN
1673956800,1559.36167842942,1609,1559.36167842942,1576.155,96.22784132338015,NaN,NaN
1674000000,1567.7583392147098,1592.01,1562.93,1574.1,95.09850661124247,NaN,NaN
1674043200,1570.9291696073549,1610,1501.39,1549.68,82.6807073754148,NaN,NaN
1674086400,1560.3045848036775,1560.3045848036775,1509.15,1518.175,69.98407186656185,NaN,NaN
1674129600,1539.2397924018387,1564.43,1513.33,1537.1125,72.69804793442825,NaN,NaN
1674172800,1538.1761462009194,1563.88,1538.1761462009194,1551.62,74.59325993596711,NaN,NaN
1674216000,1544.8980731004597,1669.9,1544.8980731004597,1606.73,80.21249954443908,NaN,NaN
1674259200,1575.81403655023,1679.26,1575.81403655023,1650.26,83.3457591959512,NaN,NaN
1674302400,1613.0370182751149,1668.88,1613.0370182751149,1641.1675,80.47915213332388,NaN,NaN
1674345600,1627.1022591375574,1636.49,1604,1622.9275,74.91284509292407,NaN,NaN
1674388800,1625.0148795687787,1663.89,1607.06,1630.7400000000002,75.68845994514804,NaN,NaN
1674432000,1627.8774397843895,1642.58,1625.68,1633.0900000000001,75.92952918897132,NaN,NaN
1674475200,1630.4837198921948,1648.09,1585.29,1624.0825,72.943876632432,NaN,NaN
1674518400,1627.2831099460973,1641.46,1614.39,1626.9325,73.30159330063921,NaN,NaN
1674561600,1627.1078049730486,1632.12,1535,1587.17,61.153492734438665,NaN,NaN
1674604800,1607.1389024865243,1607.1389024865243,1518,1544.5925,51.341548222468084,NaN,NaN
1674648000,1575.8657012432623,1641,1525,1580.8600000000001,57.584381876387155,NaN,NaN
1674691200,1578.3628506216312,1632.84,1578.3628506216312,1609.78,61.79380529963898,NaN,NaN
1674734400,1594.0714253108156,1621.06,1577.43,1600.9775,59.84696046321013,NaN,NaN
1674777600,1597.5244626554077,1606.53,1552.54,1584.7475,56.32347097949096,NaN,NaN
1674820800,1591.1359813277038,1621,1561,1589.615,57.13849502413024,NaN,NaN
1674864000,1590.375490663852,1606.83,1578.63,1592.3125,57.610579758527905,NaN,NaN
1674907200,1591.343995331926,1591.343995331926,1555.99,1575.1174999999998,53.56085547678438,NaN,NaN
1674950400,1583.230747665963,1619.79,1566.33,1591.8249999999998,56.74268387550678,NaN,NaN
1674993600,1587.5278738329814,1660,1587.5278738329814,1629.3300000000002,62.88951833736501,NaN,NaN
1675036800,1608.4289369164908,1647.53,1577,1612.7025,58.8938936748565,NaN,NaN
1675080000,1610.5657184582456,1610.5657184582456,1535,1569.945,50.0821921514991,NaN,NaN
1675123200,1590.2553592291229,1590.2553592291229,1561.63,1570.6825,50.22054053532654,NaN,NaN
1675166400,1580.4689296145614,1605.18,1564.02,1581.3600000000001,52.28253815177384,NaN,NaN
1675209600,1580.9144648072806,1592.94,1566.24,1581.3425,52.278715928555556,NaN,NaN
1675252800,1581.1284824036402,1647.77,1555.18,1606.375,57.10903740754649,NaN,NaN
1675296000,1593.75174120182,1696.38,1593.75174120182,1662.34,65.51350083215513,NaN,NaN
1675339200,1628.04587060091,1714.68,1626.85,1664.1575,65.74823147791581,NaN,NaN
1675382400,1646.1016853004548,1650.83,1629.96,1643.2775,60.64162629760675,NaN,NaN
1675425600,1644.6895926502275,1676,1625.93,1653.6625,62.21359700128133,NaN,NaN
1675468800,1649.1760463251137,1665.95,1645.43,1659.2050000000002,63.06154632518367,NaN,NaN
1675512000,1654.190523162557,1695.29,1654.190523162557,1670.53,64.79973711862175,NaN,NaN
1675555200,1662.3602615812783,1673.81,1656.68,1664.87,63.19910126545695,NaN,NaN
1675598400,1663.6151307906391,1664.58,1609.3,1641.375,56.9143932105433,NaN,NaN
1675641600,1652.4950653953197,1652.4950653953197,1608.53,1628.7199999999998,53.81046049860558,NaN,NaN
1675684800,1640.6075326976597,1658.56,1605.01,1628.1675,53.67283479957768,NaN,NaN
1675728000,1634.3875163488299,1647.87,1613.14,1629,53.864307347996046,NaN,NaN
1675771200,1631.693758174415,1678.37,1624.39,1653.625,59.23177324429949,NaN,NaN
1675814400,1642.6593790872075,1697.91,1642.6593790872075,1677.685,63.6781319136264,NaN,NaN
1675857600,1660.1721895436037,1681.98,1630.47,1659.1950000000002,58.40622448770441,NaN,NaN
1675900800,1659.6835947718018,1659.6835947718018,1608.8,1637.1350000000002,52.79072528076388,NaN,NaN
1675944000,1648.409297385901,1649.24,1524.4,1588.0375,42.90375747565026,NaN,NaN
1675987200,1618.2233986929505,1618.2233986929505,1529.36,1541.6874999999998,36.04128253841604,NaN,NaN
1676030400,1579.9554493464752,1579.9554493464752,1490,1522.0275000000001,33.58726036954866,NaN,NaN
1676073600,1550.9914746732377,1550.9914746732377,1507.53,1516.885,32.95517271665325,NaN,NaN
1676116800,1533.9382373366188,1543,1505,1526.6675,35.44402659418874,NaN,NaN
1676160000,1530.3028686683094,1540.06,1528.97,1535.2525,37.63214129103588,NaN,NaN
1676203200,1532.7776843341549,1548.02,1493.08,1522.35,35.67502690163188,NaN,NaN
1676246400,1527.5638421670774,1527.5638421670774,1466,1498.2475,32.296089637945016,NaN,NaN
1676289600,1512.9056710835387,1512.9056710835387,1461.93,1490.9175,31.324405262002657,NaN,NaN
1676332800,1501.9115855417695,1519.82,1494.09,1506.715,35.80702456451645,NaN,NaN
1676376000,1504.3132927708848,1569,1482.66,1528.7675,41.543154178299446,NaN,NaN
1676419200,1516.5403963854424,1580,1516.5403963854424,1562.6275,49.06857942142088,NaN,NaN
1676462400,1539.5839481927212,1680,1539.5839481927212,1623.51,59.23135156616937,NaN,NaN
1676505600,1581.5469740963606,1712.24,1581.5469740963606,1685.6274999999998,66.5624219151499,NaN,NaN
1676548800,1633.5872370481802,1742.97,1633.5872370481802,1674.3375,64.29927974103552,NaN,NaN
1676592000,1653.9623685240902,1674.75,1630.51,1652.3225,60.014317263145145,NaN,NaN
1676635200,1653.142434262045,1722,1646.09,1682.04,63.545871646770586,NaN,NaN
1676678400,1667.5912171310224,1704.46,1667.5912171310224,1693.8575,64.87443634274044,NaN,NaN
1676721600,1680.7243585655112,1713.13,1679.77,1693.9975000000002,64.89076101659359,NaN,NaN
1676764800,1687.3609292827557,1709.63,1687.3609292827557,1696.5275,65.20547015409497,NaN,NaN
1676808000,1691.9442146413778,1726.59,1666.14,1691.96,64.08857787254367,NaN,NaN
1676851200,1691.9521073206888,1719.89,1650.56,1690.9900000000002,63.83849281381839,NaN,NaN
1676894400,1691.4710536603445,1716.53,1684.32,1704.475,65.83448563230525,NaN,NaN
1676937600,1697.9730268301723,1716.66,1666.17,1688.9,61.60497587807929,NaN,NaN
1676980800,1693.4365134150862,1693.4365134150862,1636.3,1663.065,55.26284870447498,NaN,NaN
1677024000,1678.2507567075431,1678.2507567075431,1621.59,1648.2,51.948965563810695,NaN,NaN
1677067200,1663.2253783537717,1663.2253783537717,1595.07,1633.3325,48.79718203783457,NaN,NaN
1677110400,1648.2789391768858,1679,1631.11,1647.685,51.83515520745224,NaN,NaN
1677153600,1647.981969588443,1671.31,1628.75,1647.02,51.68214887449171,NaN,NaN
1677196800,1647.5009847942215,1664.66,1641.08,1650.9225000000001,52.567002678211544,NaN,NaN
1677240000,1649.2117423971108,1654.76,1575.64,1621.4075,45.74390339429756,NaN,NaN
1677283200,1635.3096211985553,1635.3096211985553,1593.95,1602.695,42.02000135930973,NaN,NaN
1677326400,1619.0023105992777,1619.0023105992777,1557.33,1588.9499999999998,39.47776900075398,NaN,NaN
1677369600,1603.9761552996388,1607,1587.76,1598.31,42.04897056271028,NaN,NaN
1677412800,1601.1430776498194,1651.26,1595.02,1622.885,48.263657787393925,NaN,NaN
1677456000,1612.0140388249097,1650.91,1612.0140388249097,1641.165,52.35653580375505,NaN,NaN
1677499200,1626.5895194124548,1665.22,1608,1636.9775,51.35429254600393,NaN,NaN
1677542400,1631.7835097062275,1636.23,1616.34,1628.8875,49.38732964198766,NaN,NaN
1677585600,1630.335504853114,1647.52,1596.66,1619.7325,47.18482768771163,NaN,NaN
1677628800,1625.034002426557,1669.72,1595,1631.5725,50.27346553204976,NaN,NaN
1677672000,1628.3032512132786,1669.65,1628.3032512132786,1655.5575000000001,55.89975409131173,NaN,NaN
1677715200,1641.9303756066392,1677.86,1637.57,1656.2875,56.06269683554298,NaN,NaN
1677758400,1649.1089378033196,1658,1619.18,1642.3825,52.11292269308674,NaN,NaN
1677801600,1645.7457189016598,1649.25,1544.39,1601.5175,42.61147041442661,NaN,NaN
1677844800,1623.6316094508297,1623.6316094508297,1547.21,1565.5249999999999,36.3288428054828,NaN,NaN
1677888000,1594.578304725415,1594.578304725415,1562.71,1569.7325,37.48913429222559,NaN,NaN
1677931200,1582.1554023627075,1582.1554023627075,1549.12,1564.3024999999998,36.56309856126871,NaN,NaN
1677974400,1573.2289511813538,1588.77,1553.05,1569.265,38.06872667456844,NaN,NaN
1678017600,1571.2469755906768,1579.45,1556.15,1567.1675,37.66184931166585,NaN,NaN
1678060800,1569.2072377953384,1572.8,1554.44,1563.7849999999999,36.97552397236205,NaN,NaN
1678104000,1566.496118897669,1583.49,1559.41,1568.015,38.485239001775966,NaN,NaN
1678147200,1567.2555594488344,1584.49,1561.48,1568.8075,38.78111839065055,NaN,NaN
1678190400,1568.0315297244172,1573,1536.14,1558.6325000000002,36.36280500651772,NaN,NaN
1678233600,1563.3320148622088,1570.89,1548,1559.5175,36.73235014111018,NaN,NaN
1678276800,1561.4247574311044,1566.02,1523.61,1544.8075,33.27366386509712,NaN,NaN
1678320000,1553.1161287155521,1553.1161287155521,1522.52,1533.8049999999998,30.927940246579624,NaN,NaN
1678363200,1543.460564357776,1546.45,1408,1481.77,22.756888479312366,NaN,NaN
1678406400,1512.615282178888,1512.615282178888,1368.39,1406.9524999999999,16.150055799407795,NaN,NaN
1678449600,1459.7838910894438,1459.7838910894438,1382,1408.12,16.55716214629652,NaN,NaN
1678492800,1433.9519455447219,1476,1408.4,1434.4825,25.368496350391638,NaN,NaN
1678536000,1434.2172227723609,1478.07,1422.32,1449.865,30.012555660213792,NaN,NaN
1678579200,1442.0411113861805,1475.05,1442.0411113861805,1465.5125,34.47896992717813,NaN,NaN
1678622400,1453.7768056930904,1594.19,1448.3,1522,47.50348152471036,NaN,NaN
1678665600,1487.8884028465452,1622.6,1487.8884028465452,1587.25,57.9112880529704,NaN,NaN
1678708800,1537.5692014232727,1693.49,1537.5692014232727,1630.1375,63.090898306319176,NaN,NaN
1678752000,1583.8533507116363,1695,1583.8533507116363,1676.8325,67.74515880298796,NaN,NaN
1678795200,1630.3429253558181,1780.02,1630.3429253558181,1705.5900000000001,70.23456029834227,NaN,NaN
1678838400,1667.966462677909,1716.9,1650.54,1686.6925,66.59713968357207,NaN,NaN
1678881600,1677.3294813389546,1698.29,1611,1659.79,61.69834602262724,NaN,NaN
1678924800,1668.5597406694774,1669.99,1632.18,1653.12,60.50990423697643,NaN,NaN
1678968000,1660.8398703347386,1691.42,1635.96,1665.37,61.95917411760963,NaN,NaN
1679011200,1663.1049351673691,1763.97,1662.65,1715.3675,67.24314233872732,NaN,NaN
1679054400,1689.2362175836847,1800,1689.2362175836847,1763.355,71.35570822083331,NaN,NaN
1679097600,1726.2956087918424,1831.34,1726.2956087918424,1800.2199999999998,74.05097903257925,NaN,NaN
1679140800,1763.257804395921,1841,1747.47,1790.1175,72.05020140451512,NaN,NaN
1679184000,1776.6876521979607,1788.58,1757.92,1772.5,68.57077861869003,NaN,NaN
1679227200,1774.5938260989803,1841.36,1773.26,1794.99,70.52745711006024,NaN,NaN
1679270400,1784.7919130494902,1803.05,1736.57,1774.925,66.54686358162033,NaN,NaN
1679313600,1779.8584565247452,1782.54,1722,1754.18,62.612200649529434,NaN,NaN
1679356800,1767.0192282623725,1767.77,1717.01,1744.7225,60.8459228158524,NaN,NaN
1679400000,1755.8708641311864,1835,1755.8708641311864,1788.975,65.71896449989143,NaN,NaN
1679443200,1772.4229320655932,1807.66,1772.4229320655932,1793.04,66.13590115640449,NaN,NaN
1679486400,1782.7314660327966,1819.98,1710.12,1762.4225,60.197264384970495,NaN,NaN
1679529600,1772.5769830163981,1772.5769830163981,1729.35,1744.3725000000002,56.9505819112686,NaN,NaN
1679572800,1758.4747415081993,1857.16,1741.33,1791.7675,62.64730383957196,NaN,NaN
1679616000,1775.1211207540996,1818.99,1775.1211207540996,1799.7675,63.52470596058404,NaN,NaN
1679659200,1787.4443103770498,1789.51,1726.4,1763.7475,57.02920774233669,NaN,NaN
1679702400,1775.5959051885247,1775.5959051885247,1736.05,1748.325,54.46144598624169,NaN,NaN
1679745600,1761.9604525942623,1763.23,1713.09,1740.8600000000001,53.212536215821075,NaN,NaN
1679788800,1751.4102262971312,1787.64,1739.31,1761.6475,56.22307535432503,NaN,NaN
1679832000,1756.5288631485655,1801,1753.02,1776.4175,58.2773097369463,NaN,NaN
1679875200,1766.4731815742828,1780.48,1746.57,1766.5875,56.38105934935919,NaN,NaN
1679918400,1766.5303407871415,1769.33,1686.13,1734.025,50.51719008138684,NaN,NaN
1679961600,1750.2776703935708,1754.48,1701.13,1729.0749999999998,49.671463184664425,NaN,NaN
1680004800,1739.6763351967852,1795.73,1727.35,1760.3874999999998,54.823732232064266,NaN,NaN
1680048000,1750.0319175983925,1827.99,1750.0319175983925,1796.1725,59.878790930194945,NaN,NaN
1680091200,1773.1022087991962,1816.42,1773.1022087991962,1800.8575,60.50193000640011,NaN,NaN
1680134400,1786.979854399598,1829.69,1766.5,1798.4675,59.99005581970229,NaN,NaN
1680177600,1792.723677199799,1805.88,1763,1791.7775,58.49812446044429,NaN,NaN
1680220800,1792.2505885998994,1817.99,1777.91,1795.5975,59.12325088122357,NaN,NaN
1680264000,1793.9240442999499,1847.28,1790.56,1813.065,61.94588041878801,NaN,NaN
1680307200,1803.494522149975,1842.83,1803.494522149975,1825.1274999999998,63.8046337735312,NaN,NaN
1680350400,1814.3110110749874,1827.13,1807.81,1819.9424999999999,62.393857836190655,NaN,NaN
1680393600,1817.1267555374936,1824.81,1809.73,1818.19,61.8957076406505,NaN,NaN
1680436800,1817.658377768747,1819.91,1771.7,1800.885,57.05190050560412,NaN,NaN
1680480000,1809.2716888843734,1817.5,1762.77,1795.6175000000003,55.62493507790247,NaN,NaN
1680523200,1802.4445944421868,1839.99,1768.27,1806.6150000000002,57.98756293191682,NaN,NaN
1680566400,1804.5297972210935,1875,1802.01,1838.1075,63.912819037394335,NaN,NaN
1680609600,1821.318648610547,1891.91,1821.318648610547,1869.7825,68.69510624329334,NaN,NaN
1680652800,1845.5505743052736,1925,1845.5505743052736,1893.63,71.73237318792583,NaN,NaN
1680696000,1869.5902871526368,1942.98,1869.5902871526368,1912.1350000000002,73.85236443612418,NaN,NaN
1680739200,1890.8626435763185,1909.91,1853.7,1885.2425,66.09458592194451,NaN,NaN
1680782400,1888.0525717881592,1888.0525717881592,1854.66,1869.685,62.034812800632714,NaN,NaN
1680825600,1878.8687858940796,1882.61,1841.46,1861.4575,59.93804090780346,NaN,NaN
1680868800,1870.16314294704,1872,1842.7,1856.9425,58.764216310053364,NaN,NaN
1680912000,1863.55282147352,1879.38,1854.62,1866.2925,60.48984721802368,NaN,NaN
1680955200,1864.92266073676,1871.22,1847,1858.6225,58.33330158610871,NaN,NaN
1680998400,1861.77258036838,1861.77258036838,1824.01,1842.9125000000001,54.08043421678407,NaN,NaN
1681041600,1852.34254018419,1873.99,1826.25,1849.595,55.56446582964654,NaN,NaN
1681084800,1850.968770092095,1866.01,1846.4,1857.33,57.285260970371226,NaN,NaN
1681128000,1854.1493850460474,1918.79,1847.18,1883.54,62.57412193504662,NaN,NaN
1681171200,1868.8446925230237,1937.37,1868.8446925230237,1917.3325,68.06443362661142,NaN,NaN
1681214400,1893.0885962615118,1922.91,1881.11,1902.3474999999999,63.60828376034471,NaN,NaN
1681257600,1897.718048130756,1897.718048130756,1852.65,1878.08,57.089739900235564,NaN,NaN
1681300800,1887.899024065378,1933,1867.05,1897.5275000000001,60.576451685987706,NaN,NaN
1681344000,1892.713262032689,1996.1,1892.713262032689,1949.6125000000002,68.06161703638405,NaN,NaN
1681387200,1921.1628810163447,2023,1921.1628810163447,2001.4475000000002,73.46183920226898,NaN,NaN
1681430400,1961.3051905081725,2128.76,1961.3051905081725,2066.4,78.39208912532266,NaN,NaN
1681473600,2013.8525952540863,2125,2013.8525952540863,2095.6724999999997,80.17926198833834,NaN,NaN
1681516800,2054.762547627043,2111.85,2054.762547627043,2095.79,80.18634602974359,NaN,NaN
1681560000,2075.2762738135216,2108.98,2075.2762738135216,2095.4425,80.09517240188225,NaN,NaN
1681603200,2085.359386906761,2102.6,2072.72,2088.09,78.07247159274647,NaN,NaN
1681646400,2086.7246934533805,2141.54,2076.02,2105.665,79.41093619772545,NaN,NaN
1681689600,2096.1948467266902,2120.51,2065.94,2095.4025,76.47543875894277,NaN,NaN
1681732800,2095.798673363345,2095.798673363345,2056.25,2073.87,70.58008919389148,NaN,NaN
1681776000,2084.8343366816725,2125,2051,2091.9475,72.4969766673151,NaN,NaN
1681819200,2088.3909183408364,2120.98,2069.91,2103.0475,73.63299505314436,NaN,NaN
1681862400,2095.7192091704183,2104.6,1962.06,2037.9025000000001,58.389557944489404,NaN,NaN
1681905600,2066.810854585209,2066.810854585209,1923.03,1961.3525,46.268408879791885,NaN,NaN
1681948800,2014.0816772926046,2014.0816772926046,1923.69,1940.49,43.61127621286614,NaN,NaN
1681992000,1977.2858386463022,1982.99,1914.43,1945.0925000000002,44.3702864411732,NaN,NaN
1682035200,1961.1891693231512,1961.1891693231512,1898,1926.815,41.95511503759871,NaN,NaN
1682078400,1944.0020846615757,1944.0020846615757,1825,1876.6,36.13553584498759,NaN,NaN
1682121600,1910.3010423307878,1910.3010423307878,1841.64,1851.9125000000001,33.663290539422576,NaN,NaN
1682164800,1881.106771165394,1887.31,1845.91,1864.87,36.13309034449703,NaN,NaN
1682208000,1872.988385582697,1877,1846.45,1868.0175,36.7491227873421,NaN,NaN
1682251200,1870.5029427913485,1882.01,1836.37,1863.7075,36.23373163319773,NaN,NaN
1682294400,1867.105221395674,1890,1827.23,1858.625,35.59968537518378,NaN,NaN
1682337600,1862.865110697837,1876.19,1806,1844.8225,33.8665067104009,NaN,NaN
1682380800,1853.8438053489185,1853.8438053489185,1805.65,1831.29,32.21072660719142,NaN,NaN
1682424000,1842.5669026744592,1877.86,1801.66,1842.9125,35.1435869676057,NaN,NaN
1682467200,1842.7397013372297,1920.16,1842.7397013372297,1889.7725,45.40029744278515,NaN,NaN
1682510400,1866.2561006686149,1964.72,1785,1882.5775,44.243342884444154,NaN,NaN
1682553600,1874.4168003343075,1940.96,1861.19,1887.27,45.223753575365194,NaN,NaN
1682596800,1880.8434001671537,1937.77,1861.85,1897.3075,47.35613569374412,NaN,NaN
1682640000,1889.075450083577,1923.88,1889.075450083577,1907.4775,49.50116959766446,NaN,NaN
1682683200,1898.2764750417884,1915.31,1873.94,1895.63,47.09381154261252,NaN,NaN
1682726400,1896.9532375208942,1904.51,1886.11,1894.875,46.93715558559169,NaN,NaN
1682769600,1895.914118760447,1918,1883.05,1901.7,48.601613972430435,NaN,NaN
1682812800,1898.8070593802236,1913.37,1893,1903.7375,49.114775109377796,NaN,NaN
1682856000,1901.2722796901116,1939,1866.16,1894.0075,46.71610349914948,NaN,NaN
1682899200,1897.6398898450557,1897.6398898450557,1823,1856.235,38.79505639819511,NaN,NaN
1682942400,1876.937444922528,1876.937444922528,1806.12,1833.5724999999998,34.96451418487874,NaN,NaN
1682985600,1855.2549724612638,1855.2549724612638,1822.94,1832.125,34.72864719203409,NaN,NaN
1683028800,1843.6899862306318,1881.87,1824.25,1852.44,40.7678562089141,NaN,NaN
1683072000,1848.064993115316,1872.39,1848.064993115316,1863.895,43.91877965997203,NaN,NaN
1683115200,1855.979996557658,1916.52,1842.64,1880.9,48.31436282919234,NaN,NaN
1683158400,1868.439998278829,1918.26,1868.439998278829,1905.9325000000001,54.026737010520186,NaN,NaN
1683201600,1887.1862491394145,1908.2,1866.71,1889.1625,50.03693799017978,NaN,NaN
1683244800,1888.1743745697072,1914.56,1875.65,1894.6200000000001,51.29742838149544,NaN,NaN
1683288000,1891.3971872848538,1998.36,1888,1947.7125,61.478950676032476,NaN,NaN
1683331200,1919.554843642427,2019,1919.554843642427,1966.9650000000001,64.38641971523165,NaN,NaN
1683374400,1943.2599218212135,1943.2599218212135,1860,1906.3125,51.260106769944436,NaN,NaN
1683417600,1924.7862109106068,1924.7862109106068,1887.45,1901.165,50.322452769448276,NaN,NaN
1683460800,1912.9756054553034,1933.33,1867.59,1893.4025000000001,48.87067097021297,NaN,NaN
1683504000,1903.1890527276519,1903.1890527276519,1835,1863.04,43.575254990411096,NaN,NaN
1683547200,1883.114526363826,1883.114526363826,1810.73,1849.5175,41.42251117894348,NaN,NaN
1683590400,1866.316013181913,1866.316013181913,1830.99,1845.5725,40.78940796976818,NaN,NaN
1683633600,1855.9442565909565,1861.88,1834.22,1847.3450000000003,41.22407975252454,NaN,NaN
1683676800,1851.6446282954785,1858.92,1834.23,1847.5425,41.27581000754728,NaN,NaN
1683720000,1849.5935641477392,1887.47,1790.51,1842.3300000000002,40.26847479858254,NaN,NaN
1683763200,1845.9617820738697,1845.9617820738697,1808,1827.9225000000001,37.54128837703401,NaN,NaN
1683806400,1836.942141036935,1839,1772.68,1806.7025,33.89972967661312,NaN,NaN
1683849600,1821.8223205184677,1821.8223205184677,1740,1775.29,29.359583483487853,NaN,NaN
1683892800,1798.5561602592338,1818.63,1742.69,1783.4075,31.897859485755404,NaN,NaN
1683936000,1790.9818301296168,1817.03,1790.9818301296168,1806.2649999999999,38.589315745856574,NaN,NaN
1683979200,1798.6234150648083,1809.91,1785.23,1798.51,37.251960540649776,NaN,NaN
1684022400,1798.566707532404,1809.84,1789.82,1799.2075,37.46188910991503,NaN,NaN
1684065600,1798.887103766202,1824,1791.45,1804.175,39.026445586858074,NaN,NaN
1684108800,1801.531051883101,1836.06,1785.05,1811.1750000000002,41.25667658280533,NaN,NaN
1684152000,1806.3530259415506,1846.7,1806.3530259415506,1825.065,45.51532319143433,NaN,NaN
1684195200,1815.7090129707753,1827.18,1796.2,1814.03,42.85710459561552,NaN,NaN
1684238400,1814.8695064853878,1832.64,1810,1820.8475,44.994461148180214,NaN,NaN
1684281600,1817.858503242694,1837.5,1788.1,1810.0024999999998,42.28495758042116,NaN,NaN
1684324800,1813.930501621347,1835.37,1783.68,1807.8425,41.745755112329874,NaN,NaN
1684368000,1810.8865008106736,1831.92,1810.8865008106736,1823.5975,47.0495305392572,NaN,NaN
1684411200,1817.242000405337,1827.18,1771.12,1806.0749999999998,42.42332813112493,NaN,NaN
1684454400,1811.6585002026684,1811.87,1796.81,1804.185,41.94426544202579,NaN,NaN
1684497600,1807.921750101334,1829.54,1800.81,1812.5425,44.90693885477232,NaN,NaN
1684540800,1810.232125050667,1815.99,1807.06,1812.1875000000002,44.80235223592807,NaN,NaN
1684584000,1811.2098125253337,1828.87,1811.2098125253337,1818.435,47.135742611356434,NaN,NaN
1684627200,1814.8224062626668,1828.98,1806.54,1816.105,46.34880605190213,NaN,NaN
1684670400,1815.4637031313334,1817.76,1797.21,1807.3425,43.41338875417699,NaN,NaN
1684713600,1811.4031015656667,1820.17,1792.01,1807.8525,43.63713265490723,NaN,NaN
1684756800,1809.6278007828332,1828.27,1808.54,1817.12,47.68512612592047,NaN,NaN
1684800000,1813.3739003914166,1872.5,1813.3739003914166,1840.0175,56.078459043003825,NaN,NaN
1684843200,1826.6957001957082,1860.61,1826.6957001957082,1852.9075,59.971819792334,NaN,NaN
1684886400,1839.8016000978541,1854.09,1811,1833.79,52.53392858285768,NaN,NaN
1684929600,1836.795800048927,1836.795800048927,1777.6,1802.945,43.22012681227399,NaN,NaN
1684972800,1819.8704000244634,1819.8704000244634,1761.41,1789.5700000000002,39.91550026586421,NaN,NaN
1685016000,1804.7202000122318,1818.81,1786.71,1800.1950000000002,43.60443629354069,NaN,NaN
1685059200,1802.457600006116,1818.52,1796.99,1808.345,46.32658147922376,NaN,NaN
1685102400,1805.4013000030582,1838.2,1805.4013000030582,1821.82,50.57447374008032,NaN,NaN
1685145600,1813.610650001529,1836.12,1813.610650001529,1828.3,52.520511157815875,NaN,NaN
1685188800,1820.9553250007643,1832.06,1812.18,1825.24,51.489531890580075,NaN,NaN
1685232000,1823.0976625003823,1859.5,1823.0976625003823,1839.1225,55.73488236609933,NaN,NaN
1685275200,1831.1100812501911,1918.65,1831.1100812501911,1876.8725000000002,64.76488263899321,NaN,NaN
1685318400,1853.9912906250956,1927.62,1853.9912906250956,1908.13,70.18789664632764,NaN,NaN
1685361600,1881.0606453125479,1905.14,1873.65,1893.6625,65.18697803394396,NaN,NaN
1685404800,1887.361572656274,1917,1881.19,1901.5475000000001,66.58440663017605,NaN,NaN
1685448000,1894.454536328137,1915.7,1891.33,1905.755,67.33783162822098,NaN,NaN
1685491200,1900.1047681640684,1907.13,1857.67,1882.6425,59.41316471196925,NaN,NaN
1685534400,1891.3736340820342,1891.3736340820342,1846.95,1865.98,54.43910716546076,NaN,NaN
1685577600,1878.676817041017,1889.2,1840,1866.0825,54.4643621978352,NaN,NaN
1685620800,1872.3796585205087,1882.86,1852.66,1864.6999999999998,54.02934009383405,NaN,NaN
1685664000,1868.5398292602542,1900.64,1847.51,1876.2225,57.10456074172623,NaN,NaN
1685707200,1872.3811646301272,1910,1872.3811646301272,1897.0700000000002,62.05095111898256,NaN,NaN
1685750400,1884.7255823150635,1907.92,1884.7255823150635,1903.9375000000002,63.542354937207826,NaN,NaN
1685793600,1894.3315411575318,1906.61,1881.6,1895.9975,60.578093697256236,NaN,NaN
1685836800,1895.1645205787659,1908.61,1884.22,1896.99,60.82411160421867,NaN,NaN
1685880000,1896.077260289383,1914.63,1885,1898.1775,61.13661697604211,NaN,NaN
1685923200,1897.1273801446914,1897.1273801446914,1861.76,1877.9750000000001,53.34091426385531,NaN,NaN
1685966400,1887.551190072346,1887.551190072346,1778,1832.3,40.703821468149535,NaN,NaN
1686009600,1859.925595036173,1859.925595036173,1803.15,1812.3899999999999,36.63000816374062,NaN,NaN
1686052800,1836.1577975180865,1898.29,1797.18,1848.3600000000001,46.958473829567964,NaN,NaN
1686096000,1842.2588987590434,1897.8,1842.2588987590434,1873.8125,52.8184884658281,NaN,NaN
1686139200,1858.0356993795217,1870.84,1821.18,1848.595,47.24881336730606,NaN,NaN
1686182400,1853.3153496897608,1853.3153496897608,1828.31,1838.305,45.15633669803584,NaN,NaN
1686225600,1845.8101748448803,1861.28,1837.86,1847.1425,47.31438188254715,NaN,NaN
1686268800,1846.47633742244,1849.02,1827,1841.365,46.03895734544642,NaN,NaN
1686312000,1843.92066871122,1855,1828.03,1841.7975,46.15596923747882,NaN,NaN
1686355200,1842.8590843556099,1844.99,1715.03,1787.0849999999998,35.63021466952539,NaN,NaN
1686398400,1814.9720421778047,1814.9720421778047,1718.5,1747.7524999999998,30.28356175892762,NaN,NaN
1686441600,1781.3622710889022,1781.3622710889022,1743.64,1751.7625,31.413563971065557,NaN,NaN
1686484800,1766.562385544451,1778.25,1738.72,1755.4675000000002,32.502149528387605,NaN,NaN
1686528000,1761.0149427722256,1761.0149427722256,1720.11,1744.4524999999999,30.93037416152771,NaN,NaN
1686571200,1752.7337213861128,1752.7337213861128,1720,1738.8574999999998,30.13325238096776,NaN,NaN
1686614400,1745.7956106930565,1759.65,1728.43,1746.1150000000002,32.56110103553776,NaN,NaN
1686657600,1745.9553053465283,1770.13,1724.22,1747.0675,32.89070798822077,NaN,NaN
1686700800,1746.5114026732642,1750.03,1737,1743.2775,32.215999138056944,NaN,NaN
1686744000,1744.894451336632,1749.3,1630.43,1694.16,25.04543286376618,NaN,NaN
1686787200,1719.527225668316,1719.527225668316,1626.01,1644.15,20.13209977336662,NaN,NaN
1686830400,1681.838612834158,1681.838612834158,1633.79,1656.1775,23.993980431145218,NaN,NaN
1686873600,1669.008056417079,1677.13,1660,1667.1275,27.434168573817416,NaN,NaN
1686916800,1668.0677782085395,1729.5,1649.86,1690.4275,34.25337951418351,NaN,NaN
1686960000,1679.2476391042696,1770,1679.2476391042696,1735.145,44.946267050707846,NaN,NaN
1687003200,1707.1963195521348,1742.22,1707.1963195521348,1731.575,44.32645509409048,NaN,NaN
1687046400,1719.3856597760673,1738.32,1719.3856597760673,1730.245,44.082561020447756,NaN,NaN
1687089600,1724.8153298880336,1747.84,1712,1728.81,43.80251959306295,NaN,NaN
1687132800,1726.812664944017,1728.2,1714.32,1722.335,42.490852963946985,NaN,NaN
1687176000,1724.5738324720085,1752.19,1698,1728.2924999999998,44.148040851327096,NaN,NaN
1687219200,1726.4331662360041,1749.79,1723.66,1736.2350000000001,46.366977741057916,NaN,NaN
1687262400,1731.3340831180021,1796.99,1714.72,1759.5225,52.34509555290904,NaN,NaN
1687305600,1745.428291559001,1833.44,1745.428291559001,1810.6150000000002,62.2792604943578,NaN,NaN
1687348800,1778.0216457795007,1901,1778.0216457795007,1858.7024999999999,68.85909189392837,NaN,NaN
1687392000,1818.3620728897504,1933.17,1818.3620728897504,1897.615,72.96822942913613,NaN,NaN
1687435200,1857.988536444875,1909.4,1857.988536444875,1883.5375,69.40041265425256,NaN,NaN
1687478400,1870.7630182224375,1888.69,1862.56,1875.7525,67.43667860092066,NaN,NaN
1687521600,1873.2577591112188,1936.42,1861.01,1892.4525,69.43466408769255,NaN,NaN
1687564800,1882.8551295556094,1897.86,1878.15,1889.7824999999998,68.70879973433566,NaN,NaN
1687608000,1886.3188147778046,1906,1864.77,1884.0525,67.08791741612447,NaN,NaN
1687651200,1885.1856573889022,1930,1868.83,1898.0375,69.00950493342712,NaN,NaN
1687694400,1891.611578694451,1919.57,1881.47,1904.5525,69.89142976370785,NaN,NaN
1687737600,1898.0820393472254,1904.76,1866,1887.6074999999998,64.73164554383152,NaN,NaN
1687780800,1892.8447696736125,1909.1,1837.18,1871.53,60.19116331162076,NaN,NaN
1687824000,1882.1873848368064,1890.51,1855.19,1871.55,60.19490372991605,NaN,NaN
1687867200,1876.868692418403,1912.53,1863.6,1886.81,63.04782577048369,NaN,NaN
1687910400,1881.8393462092015,1890.19,1848.58,1872.3625000000002,58.754303123384176,NaN,NaN
1687953600,1877.100923104601,1877.100923104601,1816.56,1843.5225,51.251290376988955,NaN,NaN
1687996800,1860.3117115523005,1872.84,1827.84,1849.5774999999999,52.619336432582436,NaN,NaN
1688040000,1854.9446057761502,1880,1841.38,1860.74,55.11982101916937,NaN,NaN
1688083200,1857.8423028880752,1907.99,1841.5,1873.145,57.786059065209415,NaN,NaN
1688126400,1865.4936514440376,1948.6,1825.01,1899.625,62.85842474926856,NaN,NaN
1688169600,1882.559325722019,1944.56,1882.559325722019,1927.5874999999999,67.32353715431796,NaN,NaN
1688212800,1905.0734128610093,1929.87,1905.0734128610093,1923.3825,66.0378372685022,NaN,NaN
1688256000,1914.2279564305045,1926.7,1910.06,1920.3125,65.0609373919213,NaN,NaN
1688299200,1917.2702282152522,1959.2,1885.75,1925.605,65.99485595222677,NaN,NaN
1688342400,1921.4376141076261,1976,1921.4376141076261,1952.2625,70.30095033539946,NaN,NaN
1688385600,1936.850057053813,1976.16,1936.850057053813,1960.48,71.4990772522155,NaN,NaN
1688428800,1948.6650285269066,1967.08,1946.39,1957.3875,70.34888048688136,NaN,NaN
1688472000,1953.0262642634534,1965.57,1931.58,1948.47,67.00172577249765,NaN,NaN
1688515200,1950.7481321317268,1950.7481321317268,1905,1923.4425,58.57786516314674,NaN,NaN
1688558400,1937.0953160658635,1937.0953160658635,1894.51,1908.235,54.12491865610738,NaN,NaN
1688601600,1922.6651580329317,1958,1898.8,1921.1999999999998,57.11780564462046,NaN,NaN
1688644800,1921.9325790164658,1921.9325790164658,1846,1882.3,47.173521372363986,NaN,NaN
1688688000,1902.116289508233,1902.116289508233,1826,1849.4850000000001,40.731272664540064,NaN,NaN
1688731200,1875.8006447541165,1878,1851.43,1865.125,44.61359333589906,NaN,NaN
1688774400,1870.4628223770583,1876,1855,1865.2325,44.64043533562936,NaN,NaN
1688817600,1867.8476611885292,1867.8476611885292,1842.8,1858.3875,43.204642554057536,NaN,NaN
1688860800,1863.1175805942646,1874.45,1862.71,1867.8449999999998,45.79859191970433,NaN,NaN
1688904000,1865.481290297132,1879.36,1856.15,1866.8225,45.55633894269545,NaN,NaN
1688947200,1866.151895148566,1867.77,1846.63,1860.3025,43.95957951515284,NaN,NaN
1688990400,1863.2271975742829,1905.5,1860.2,1877.5225,49.03990074268827,NaN,NaN
1689033600,1870.3748487871414,1891.99,1863.99,1875.9850000000001,48.61612432744066,NaN,NaN
1689076800,1873.1799243935707,1882.56,1862.38,1872.6975,47.667605710849266,NaN,NaN
1689120000,1872.9387121967852,1895.61,1872.9387121967852,1885.27,51.559945240293644,NaN,NaN
1689163200,1879.1043560983926,1902,1864.37,1882.21,50.574002033069505,NaN,NaN
1689206400,1880.6571780491963,1885.21,1862.59,1875.835,48.493507884448626,NaN,NaN
1689249600,1878.2460890245982,2012.63,1876.11,1944.2375,65.088684010604,NaN,NaN
1689292800,1911.241794512299,2029.11,1911.241794512299,2002.4075,73.04300543746515,NaN,NaN
1689336000,1956.8246472561495,2007.46,1898.39,1958.9750000000001,61.73317754580598,NaN,NaN
1689379200,1957.899823628075,1957.899823628075,1926.23,1937.56,57.04321584145278,NaN,NaN
1689422400,1947.7299118140375,1947.7299118140375,1926.6,1934.7675,56.441064514802655,NaN,NaN
1689465600,1941.2487059070186,1941.2487059070186,1914,1929.035,55.1539597176072,NaN,NaN
1689508800,1935.1418529535094,1943.55,1916.73,1928.8524999999997,55.110871405724765,NaN,NaN
1689552000,1931.9971764767547,1936.18,1889.36,1914.4375,51.67675896167488,NaN,NaN
1689595200,1923.2173382383774,1923.2173382383774,1873.26,1903.6875,49.213878535776814,NaN,NaN
1689638400,1913.4524191191886,1917.19,1890.8,1903.3375,49.13177633687376,NaN,NaN
1689681600,1908.3949595595943,1908.3949595595943,1875.73,1892.6875000000002,46.585062627406984,NaN,NaN
1689724800,1900.5412297797973,1917.98,1895.09,1904.8899999999999,49.79605585591561,NaN,NaN
1689768000,1902.7156148898985,1922.04,1882.17,1900.5325,48.670883233324105,NaN,NaN
1689811200,1901.6240574449494,1929.05,1882.7,1905.4650000000001,50.04683004341487,NaN,NaN
1689854400,1903.5445287224748,1923,1878,1903.515,49.482103490307004,NaN,NaN
1689897600,1903.5297643612375,1903.5297643612375,1884.64,1891.81,46.11811376775765,NaN,NaN
1689940800,1897.6698821806187,1905.74,1885.13,1892.96,46.50292492065352,NaN,NaN
1689984000,1895.3149410903093,1897.35,1883.79,1890.2224999999999,45.66684680397453,NaN,NaN
1690027200,1892.7687205451546,1892.7687205451546,1851.18,1874.0749999999998,40.98586898856553,NaN,NaN
1690070400,1883.4218602725773,1883.4218602725773,1857.82,1869.5425,39.75408508904918,NaN,NaN
1690113600,1876.4821801362887,1905.25,1872.04,1885.1750000000002,45.80392044005222,NaN,NaN
1690156800,1880.8285900681444,1890.86,1833.19,1866.4575,40.55291876620053,NaN,NaN
1690200000,1873.6430450340722,1873.6430450340722,1834.66,1848.115,36.1761174767658,NaN,NaN
1690243200,1860.879022517036,1863.2,1845.45,1853.0124999999998,38.09719821858647,NaN,NaN
1690286400,1856.945761258518,1868.71,1852.34,1858.025,40.08495353448691,NaN,NaN
1690329600,1857.485380629259,1866.94,1848.35,1856.0125000000003,39.53602998650283,NaN,NaN
1690372800,1856.7489403146296,1888,1850.2,1865.325,43.39856974492681,NaN,NaN
1690416000,1861.036970157315,1886.11,1861.036970157315,1874.8925,47.13503638991225,NaN,NaN
1690459200,1867.9647350786574,1878.71,1854.84,1867.8975,44.80616549052108,NaN,NaN
1690502400,1867.9311175393286,1869.04,1856.52,1863.3725000000002,43.315233692339525,NaN,NaN
1690545600,1865.6518087696645,1883.39,1865.6518087696645,1872.6200000000003,47.18319868280766,NaN,NaN
1690588800,1869.1359043848324,1877.09,1869.1359043848324,1872.825,47.26909915858173,NaN,NaN
1690632000,1870.9804521924161,1886.58,1870.47,1876.9950000000001,49.08315977617371,NaN,NaN
1690675200,1873.987726096208,1881.52,1872.44,1877.6475,49.376631853112336,NaN,NaN
1690718400,1875.817613048104,1885.3,1848.17,1867.86,45.170913754193,NaN,NaN
1690761600,1871.838806524052,1877.4,1861.12,1867.0275,44.82121069513396,NaN,NaN
1690804800,1869.4331532620258,1873.21,1851.02,1862.0425000000002,42.689972296567746,NaN,NaN
1690848000,1865.737826631013,1865.737826631013,1815.98,1841.8774999999998,35.36452671833035,NaN,NaN
1690891200,1853.8076633155065,1875.62,1813.8,1848.3975,39.008787863469074,NaN,NaN
1690934400,1851.1025816577533,1879.74,1851.1025816577533,1866.6950000000002,47.88853647961802,NaN,NaN
1690977600,1858.8987908288768,1861,1821.21,1845.5,40.527921713800104,NaN,NaN
1691020800,1852.1993954144384,1852.1993954144384,1826,1837.3975,38.11601599915182,NaN,NaN
1691064000,1844.798447707219,1859.12,1831.11,1840.9175,39.792370363930665,NaN,NaN
1691107200,1842.8579738536096,1842.8579738536096,1828.35,1834.835,37.88272420301718,NaN,NaN
1691150400,1838.8464869268048,1851.31,1815.74,1832.9699999999998,37.29177848280503,NaN,NaN
1691193600,1835.9082434634024,1835.9082434634024,1827.5,1831.37,36.761955462624314,NaN,NaN
1691236800,1833.6391217317012,1839,1830.51,1834.6825,38.70361542418355,NaN,NaN
1691280000,1834.1608108658506,1838.58,1828.51,1833.99,38.437908382200895,NaN,NaN
1691323200,1834.0754054329254,1838.05,1825.86,1831.645,37.49909331998664,NaN,NaN
1691366400,1832.8602027164627,1847,1826.41,1834.4775,39.423669120899504,NaN,NaN
1691409600,1833.6688513582312,1837.3,1802,1825.6525000000001,35.731901855938176,NaN,NaN
1691452800,1829.6606756791157,1839.31,1826.33,1833.4575,40.99463836433613,NaN,NaN
1691496000,1831.5590878395578,1876.51,1831.5590878395578,1851.8425,51.14343437749644,NaN,NaN
1691539200,1841.7007939197788,1866.25,1841.7007939197788,1859.38,54.59174392247354,NaN,NaN
1691582400,1850.5403969598894,1871.99,1846.28,1859.1025,54.43940285031321,NaN,NaN
1691625600,1854.8214484799446,1858.02,1849.75,1853.5125,51.33190440241696,NaN,NaN
1691668800,1854.1669742399722,1865.95,1845.38,1853.6775,51.420052193000565,NaN,NaN
1691712000,1853.9222371199862,1854.8,1842.81,1850.3525,49.47537051346428,NaN,NaN
1691755200,1852.137368559993,1857.26,1838.05,1848.8675,48.59148569414385,NaN,NaN
1691798400,1850.5024342799966,1854.01,1847.06,1850.19,49.45748467631408,NaN,NaN
1691841600,1850.3462171399983,1853.67,1846.08,1850.1325000000002,49.41850584745036,NaN,NaN
1691884800,1850.2393585699992,1851.55,1846.68,1849.3925,48.88453589864745,NaN,NaN
1691928000,1849.8159292849996,1862,1834.51,1846.6599999999999,46.87062129899125,NaN,NaN
1691971200,1848.2379646424997,1852.25,1835,1843.995,44.92662654144504,NaN,NaN
1692014400,1846.1164823212498,1856.5,1839.83,1847.455,47.945311559212,NaN,NaN
1692057600,1846.7857411606249,1847.36,1839,1843.0324999999998,44.58167598446804,NaN,NaN
1692100800,1844.9091205803124,1846,1814,1832.315,37.682290385018334,NaN,NaN
1692144000,1838.6120602901563,1838.6120602901563,1818.97,1826.1925,34.406510990595706,NaN,NaN
1692187200,1832.4022801450783,1832.4022801450783,1798.17,1815.1275,29.42754955651617,NaN,NaN
1692230400,1823.7648900725392,1823.7648900725392,1780.04,1796.4375,23.29542092920235,NaN,NaN
1692273600,1810.1011950362695,1810.1011950362695,1550,1703.1,10.984787995396331,NaN,NaN
1692316800,1756.6005975181347,1756.6005975181347,1662.06,1682.2125,9.743836542806179,NaN,NaN
1692360000,1719.4065487590674,1719.4065487590674,1641.02,1668.9250000000002,9.043897466290247,NaN,NaN
1692403200,1694.1657743795338,1694.1657743795338,1654.31,1661.8899999999999,8.688054571896828,NaN,NaN
1692446400,1678.0278871897667,1696.72,1658.05,1671.1100000000001,13.492129708048282,NaN,NaN
1692489600,1674.5689435948834,1675.85,1662.03,1670.62,13.451624880663829,NaN,NaN
1692532800,1672.5944717974417,1694.75,1664.44,1679.8400000000001,18.414773994122726,NaN,NaN
1692576000,1676.217235898721,1688.59,1660.21,1676.6999999999998,18.035451297686564,NaN,NaN
1692619200,1676.4586179493604,1683.95,1649.4,1668.42,17.038748882979263,NaN,NaN
1692662400,1672.4393089746802,1672.4393089746802,1660.17,1664.9225000000001,16.620913273384616,NaN,NaN
1692705600,1668.6809044873403,1668.6809044873403,1580,1636.235,13.661611013508079,NaN,NaN
1692748800,1652.4579522436702,1658.09,1629.05,1641.1325000000002,16.398242228451053,NaN,NaN
1692792000,1646.7952261218352,1702.11,1634.46,1664.6425,28.16859698502992,NaN,NaN
1692835200,1655.7188630609176,1683.37,1655.7188630609176,1674.215,32.345263314000704,NaN,NaN
1692878400,1664.9669315304586,1669.79,1635.28,1658.4775,29.32623747223238,NaN,NaN
1692921600,1661.7222157652293,1664.28,1645.66,1656.3000000000002,28.923964309150293,NaN,NaN
1692964800,1659.0111078826149,1677.22,1635.51,1655.16,28.701987271191882,NaN,NaN
1693008000,1657.0855539413074,1657.0855539413074,1646.66,1651.635,27.986763618988817,NaN,NaN
1693051200,1654.3602769706536,1654.3602769706536,1644,1648.635,27.36184692550907,NaN,NaN
1693094400,1651.4976384853267,1655.28,1646.32,1649.4850000000001,27.8533969122104,NaN,NaN
1693137600,1650.4913192426634,1660.24,1648.43,1654.0775,30.58653480649693,NaN,NaN
1693180800,1652.2844096213316,1658.33,1621.75,1644.6799999999998,28.2298471095027,NaN,NaN
1693224000,1648.4822048106657,1664.34,1637.88,1648.905,30.810966439945943,NaN,NaN
1693267200,1648.693602405333,1662.32,1640,1649.4025,31.12507257665918,NaN,NaN
1693310400,1649.0480512026666,1745.84,1640.27,1689.4325,50.57002022093716,NaN,NaN
1693353600,1669.2402756013332,1730.93,1669.2402756013332,1721.9325000000001,60.35602225743199,NaN,NaN
1693396800,1695.5863878006667,1722.23,1694.34,1709.5,55.80462393512325,NaN,NaN
1693440000,1702.5431939003333,1729,1697.29,1711.305,56.3196319007641,NaN,NaN
1693483200,1706.9240969501666,1714.08,1630,1675.8825000000002,45.19030146101,NaN,NaN
1693526400,1691.4032984750834,1691.4032984750834,1641.15,1647.0850000000003,38.52510019942637,NaN,NaN
1693569600,1669.244149237542,1669.244149237542,1602.33,1632.6575,35.6853570821733,NaN,NaN
1693612800,1650.950824618771,1650.950824618771,1628.03,1632.1924999999999,35.594289844263315,NaN,NaN
1693656000,1641.5716623093854,1645,1628.21,1636.2275,37.094445697290524,NaN,NaN
1693699200,1638.8995811546927,1639.2,1631.06,1635.4175000000002,36.908594365956134,NaN,NaN
1693742400,1637.1585405773465,1647.5,1625.14,1635.7150000000001,37.03337690775935,NaN,NaN
1693785600,1636.4367702886734,1644.82,1631.14,1635.9875000000002,37.15598292430159,NaN,NaN
1693828800,1636.2121351443368,1636.2121351443368,1616.32,1628.7225,35.18873614059457,NaN,NaN
1693872000,1632.4673175721684,1638.74,1609.69,1628.6250000000002,35.161829762747644,NaN,NaN
1693915200,1630.5461587860843,1648.02,1625.96,1635.9975,38.96235965509105,NaN,NaN
1693958400,1633.271829393042,1640.31,1627.92,1633.8500000000001,38.25888447382936,NaN,NaN
1694001600,1633.5609146965212,1670,1609.2,1636.2649999999999,39.58003601921489,NaN,NaN
1694044800,1634.9129573482605,1642.47,1626.1,1632.2599999999998,38.123113048235496,NaN,NaN
1694088000,1633.5864786741301,1660,1623.4,1639.7074999999998,42.371193253287146,NaN,NaN
1694131200,1636.646989337065,1658.93,1616.21,1637.3175,41.38916719501722,NaN,NaN
1694174400,1636.9822446685325,1639,1624.44,1631.475,39.00902493370221,NaN,NaN
1694217600,1634.2286223342662,1636.98,1631.97,1635.155,41.29882114116808,NaN,NaN
1694260800,1634.691811167133,1637.52,1629.74,1634.5125,41.00933751410469,NaN,NaN
1694304000,1634.6021555835664,1635.7,1618.23,1628.4725,38.2920040536957,NaN,NaN
1694347200,1631.5373277917834,1631.5373277917834,1600,1617.5525,33.91637948621536,NaN,NaN
1694390400,1624.5449138958916,1624.5449138958916,1575.53,1599.62,28.21461833926874,NaN,NaN
1694433600,1612.0824569479457,1612.0824569479457,1531.01,1566.935,21.214266263127072,NaN,NaN
1694476800,1589.508728473973,1626,1549.67,1584.2475,30.982201781669332,NaN,NaN
1694520000,1586.8781142369864,1622,1584.57,1602.255,39.39842817068899,NaN,NaN
1694563200,1594.5665571184932,1607.05,1581.88,1596.6225,37.84394793273074,NaN,NaN
1694606400,1595.5945285592466,1619.3,1592.2,1605.925,41.91979264671845,NaN,NaN
1694649600,1600.7597642796231,1638,1600.7597642796231,1619.3625,47.296059048000906,NaN,NaN
1694692800,1610.0611321398114,1644.29,1610.0611321398114,1628.1525,50.52244231954879,NaN,NaN
1694736000,1619.1068160699056,1635.88,1617.75,1625.1925,49.42518449915587,NaN,NaN
1694779200,1622.1496580349528,1654.08,1611.42,1631.865,51.958129783998764,NaN,NaN
1694822400,1627.0073290174764,1653.17,1627.0073290174764,1640.3825000000002,55.05272007882076,NaN,NaN
1694865600,1633.6949145087383,1639.42,1631.41,1635.2424999999998,52.840707767736085,NaN,NaN
1694908800,1634.468707254369,1635,1619.54,1629.5600000000002,50.42833511266744,NaN,NaN
1694952000,1632.0143536271846,1632.13,1612,1623.9775,48.10485657214886,NaN,NaN
1694995200,1627.9959268135922,1658.52,1603.88,1635.19,52.808025635218414,NaN,NaN
1695038400,1631.5929634067961,1669.5,1631.5929634067961,1648.7525,57.79102321911996,NaN,NaN
1695081600,1640.172731703398,1661.04,1626.32,1642.955,55.11212992903143,NaN,NaN
1695124800,1641.5638658516991,1659.52,1634.44,1646.22,56.339597088091956,NaN,NaN
1695168000,1643.8919329258497,1649.34,1618.48,1635.1600000000003,51.2291953516111,NaN,NaN
1695211200,1639.525966462925,1640.79,1604.51,1624.315,46.751110209443134,NaN,NaN
1695254400,1631.9204832314626,1631.9204832314626,1588.72,1607.81,40.892564589744595,NaN,NaN
1695297600,1619.8652416157313,1619.8652416157313,1567.77,1585.94,34.689408374451645,NaN,NaN
1695340800,1602.9026208078658,1602.9026208078658,1576.58,1590.0349999999999,36.627866850449145,NaN,NaN
1695384000,1596.4688104039328,1600.58,1586.83,1594.3575,38.696225647023724,NaN,NaN
1695427200,1595.4131552019664,1598.24,1589.91,1593.63,38.468654485041604,NaN,NaN
1695470400,1594.5215776009832,1595.46,1587.45,1592.5175,38.099658695419365,NaN,NaN
1695513600,1593.5195388004915,1596.27,1590.9,1593.73,38.78880539524836,NaN,NaN
1695556800,1593.624769400246,1601.12,1570.01,1586.4375,36.17986054057894,NaN,NaN
1695600000,1590.031134700123,1590.031134700123,1563.01,1575.2325,32.55646425870211,NaN,NaN
1695643200,1582.6318173500615,1597.5,1564.35,1579.795,35.39372561738712,NaN,NaN
1695686400,1581.2134086750307,1599.78,1581.2134086750307,1591.3475,42.04229185464769,NaN,NaN
1695729600,1586.2804543375155,1595.67,1580.05,1590.2975000000001,41.62303033600234,NaN,NaN
1695772800,1588.2889771687578,1634.1,1588.2889771687578,1611.8525000000002,52.16830315096116,NaN,NaN
1695816000,1600.070738584379,1631.5,1583.5,1610.8175,51.68550891603926,NaN,NaN
1695859200,1605.4441192921895,1637.76,1598.14,1614.5575000000001,53.36502082465286,NaN,NaN
1695902400,1610.0008096460947,1668.21,1610.0008096460947,1641.5549999999998,63.28635024297617,NaN,NaN
1695945600,1625.7779048230473,1688,1625.7779048230473,1664.54,69.27877111712777,NaN,NaN
1695988800,1645.1589524115236,1684.29,1645.1589524115236,1668.8799999999999,70.26564834069644,NaN,NaN
1696032000,1657.0194762057617,1679.24,1657.0194762057617,1672.21,71.03450379916222,NaN,NaN
1696075200,1664.614738102881,1694.32,1664.614738102881,1676.8725000000002,72.12146844277413,NaN,NaN
1696118400,1670.7436190514404,1692.08,1670.42,1680.5575000000001,72.98435387051823,NaN,NaN
1696161600,1675.6505595257204,1751,1668,1710.4075,78.72795226895046,NaN,NaN
1696204800,1693.0290297628603,1744,1693.0290297628603,1728.7849999999999,81.35600706278514,NaN,NaN
1696248000,1710.90701488143,1734.04,1636.79,1689.5749999999998,63.3677689403701,NaN,NaN
1696291200,1700.2410074407148,1700.2410074407148,1650.15,1659.8850000000002,53.687824824108944,NaN,NaN
1696334400,1680.0630037203575,1680.0630037203575,1643,1654.865,52.23489915408615,NaN,NaN
1696377600,1667.4640018601788,1667.4640018601788,1625,1646.5349999999999,49.82530700728931,NaN,NaN
1696420800,1656.9995009300892,1656.9995009300892,1627.39,1643.845,49.038600383273824,NaN,NaN
1696464000,1650.4222504650447,1655.47,1631.88,1642.6475,48.670188376080006,NaN,NaN
1696507200,1646.5348752325224,1649.53,1606.73,1626.18,43.79736645525956,NaN,NaN
1696550400,1636.3574376162612,1639.5,1611.79,1624.4425,43.30472088585375,NaN,NaN
1696593600,1630.3999688081308,1662,1611.68,1638.3525,48.31685325739669,NaN,NaN
1696636800,1634.3762344040654,1647.71,1634.3762344040654,1641.8825,49.53609205173722,NaN,NaN
1696680000,1638.1293672020327,1643,1630.03,1636.32,47.62933929076526,NaN,NaN
1696723200,1637.2246836010163,1641.4,1616.17,1627.2425,44.61147216490224,NaN,NaN
1696766400,1632.2335918005083,1638.95,1617.19,1626.7075,44.43278174540762,NaN,NaN
1696809600,1629.4705459002541,1636,1583.32,1610.705,39.355006862846146,NaN,NaN
1696852800,1620.0877729501271,1620.0877729501271,1546,1578.6100000000001,31.56396237618695,NaN,NaN
1696896000,1599.3488864750636,1599.3488864750636,1576.03,1582.66,33.356851871294126,NaN,NaN
1696939200,1591.0044432375319,1591.0044432375319,1550.55,1571.555,30.961655815884072,NaN,NaN
1696982400,1581.279721618766,1581.279721618766,1544.26,1565.7775000000001,29.764208475273392,NaN,NaN
1697025600,1573.528610809383,1576.64,1548.92,1566.3075000000001,30.031543056232763,NaN,NaN
1697068800,1569.9180554046916,1569.9180554046916,1534.55,1555.5075000000002,27.716457969794178,NaN,NaN
1697112000,1562.7127777023459,1562.7127777023459,1521,1541.6575,25.049594895920094,NaN,NaN
1697155200,1552.185138851173,1554.79,1538.12,1544.7599999999998,26.749865766099973,NaN,NaN
1697198400,1548.4725694255862,1575.36,1537.76,1552.95,31.187660861525288,NaN,NaN
1697241600,1550.7112847127933,1556.48,1544.55,1550.0775,30.489948636328663,NaN,NaN
1697284800,1550.3943923563966,1561.72,1546.19,1552.4925000000003,31.86993287941769,NaN,NaN
1697328000,1551.4434461781984,1560.17,1549.6,1555.065,33.38701245591264,NaN,NaN
1697371200,1553.2542230890992,1567.62,1547.44,1557.0950000000003,34.624133909201916,NaN,NaN
1697414400,1555.1746115445499,1588.97,1555.06,1571.1325,42.56725872167226,NaN,NaN
1697457600,1563.153555772275,1639.43,1563.153555772275,1596.89,53.686603283465466,NaN,NaN
1697500800,1580.0217778861374,1600.53,1580.0217778861374,1591.755,51.54410696264528,NaN,NaN
1697544000,1585.8883889430688,1586.01,1551.08,1571.6275,44.11298082184735,NaN,NaN
1697587200,1578.7579444715343,1585.42,1562.4,1572.8975,44.65517048906282,NaN,NaN
1697630400,1575.8277222357672,1581.76,1555.88,1569.9625,43.60238567848973,NaN,NaN
1697673600,1572.8951111178835,1572.8951111178835,1541.61,1556.5099999999998,39.05722893856644,NaN,NaN
1697716800,1564.7025555589416,1574.45,1551,1561.4699999999998,41.47943176205507,NaN,NaN
1697760000,1563.0862777794707,1630.4,1561.19,1592.8274999999999,53.94268371470708,NaN,NaN
1697803200,1577.9568888897352,1616.49,1577.9568888897352,1607.6700000000003,58.45305454649856,NaN,NaN
1697846400,1592.8134444448679,1609.85,1592.36,1603.6925,56.8464651365932,NaN,NaN
1697889600,1598.252972222434,1644.53,1598.252972222434,1621.1625,61.81125099380105,NaN,NaN
1697932800,1609.707736111217,1648,1609.707736111217,1632.19,64.58128908128086,NaN,NaN
1697976000,1620.9488680556085,1667.8,1620.9488680556085,1645.2924999999998,67.5894337120866,NaN,NaN
1698019200,1633.1206840278041,1705.79,1633.1206840278041,1675.8325,73.28482464277849,NaN,NaN
1698062400,1654.476592013902,1800,1654.476592013902,1726.4175,79.66037037648852,NaN,NaN
1698105600,1690.447046006951,1850,1690.447046006951,1804.6975000000002,85.44795268448149,NaN,NaN
1698148800,1747.5722730034756,1854.38,1747.5722730034756,1810.315,85.76107095772178,NaN,NaN
1698192000,1778.9436365017377,1807.01,1760,1784.3899999999999,77.47573044282412,NaN,NaN
1698235200,1781.6668182508688,1817.69,1776.04,1791.6149999999998,78.11042001703991,NaN,NaN
1698278400,1786.6409091254343,1865.54,1779.42,1811.1075,79.76690443846138,NaN,NaN
1698321600,1798.8742045627173,1825.06,1762.21,1800.7425,76.45379762953993,NaN,NaN
1698364800,1799.8083522813586,1803.91,1772.83,1790.365,73.17666924545816,NaN,NaN
1698408000,1795.0866761406792,1796.84,1744.66,1775.56,68.65531133774526,NaN,NaN
1698451200,1785.3233380703396,1803.23,1778.87,1787.3425,70.23170241332102,NaN,NaN
1698494400,1786.3329190351697,1791.71,1770,1781.445,68.37803503137121,NaN,NaN
1698537600,1783.8889595175847,1793.01,1762.66,1780.135,67.94902262073388,NaN,NaN
1698580800,1782.0119797587922,1811.3,1782.0119797587922,1795.275,70.27057760367578,NaN,NaN
1698624000,1788.6434898793962,1827.45,1777.77,1803.8200000000002,71.52424911324883,NaN,NaN
1698667200,1796.2317449396983,1829.84,1777.77,1807.895,72.12787464477437,NaN,NaN
1698710400,1802.0633724698491,1819.41,1780.99,1804.71,70.86348357212131,NaN,NaN
1698753600,1803.3866862349246,1817.67,1781.36,1805.78,71.04710749776659,NaN,NaN
1698796800,1804.5833431174624,1829,1792.46,1808.98,71.62308783998537,NaN,NaN
1698840000,1806.7816715587312,1857.66,1783.19,1821.9074999999998,73.8834630907692,NaN,NaN
1698883200,1814.3445857793654,1875,1814.3445857793654,1844.6225,77.30436501816051,NaN,NaN
1698926400,1829.4835428896827,1842.45,1785.01,1816.0575000000001,65.65735180625299,NaN,NaN
1698969600,1822.7705214448415,1822.7705214448415,1777.11,1793.0025,58.05472450401941,NaN,NaN
1699012800,1807.8865107224208,1834.58,1784.78,1810.43,61.66796495470922,NaN,NaN
1699056000,1809.1582553612104,1847.58,1809.1582553612104,1835.4499999999998,66.17314664481879,NaN,NaN
1699099200,1822.3041276806052,1869.9,1822.3041276806052,1847.7475000000002,68.15428861233966,NaN,NaN
1699142400,1835.0258138403028,1896.55,1835.0258138403028,1871.52,71.61514363206186,NaN,NaN
1699185600,1853.2729069201514,1912.67,1853.2729069201514,1886.9275,73.6164247675949,NaN,NaN
1699228800,1870.1002034600756,1899.98,1868.48,1889.72,73.97457474170301,NaN,NaN
1699272000,1879.9101017300377,1914.23,1879.9101017300377,1898.905,75.16857280269762,NaN,NaN
1699315200,1889.407550865019,1903.84,1867.01,1886.2975000000001,70.39460317665457,NaN,NaN
1699358400,1887.8525254325095,1906.99,1850.32,1878.995,67.71211985998555,NaN,NaN
1699401600,1883.4237627162547,1893,1872.51,1882.9150000000002,68.40806197397555,NaN,NaN
1699444800,1883.1693813581273,1904.69,1880,1888.4225,69.40582065722833,NaN,NaN
1699488000,1885.7959406790637,1929.27,1882.07,1903.135,71.95403678870039,NaN,NaN
1699531200,1894.4654703395317,2132,1894.4654703395317,2018.3899999999999,83.52830789595444,NaN,NaN
1699574400,1956.4277351697658,2136.99,1956.4277351697658,2109.415,87.80779077641975,NaN,NaN
1699617600,2032.9213675848828,2103.57,2032.9213675848828,2085.7425,81.85185859387877,NaN,NaN
1699660800,2059.3319337924413,2084.95,2030.3,2062.62,76.40069343901672,NaN,NaN
1699704000,2060.9759668962206,2089.6,2032.37,2058.1625000000004,75.35876991657662,NaN,NaN
1699747200,2059.5692334481105,2060,2012.1,2043.1950000000002,71.81709283163613,NaN,NaN
1699790400,2051.3821167240553,2066.5,2030,2047.1750000000002,72.19135291491625,NaN,NaN
1699833600,2049.278558362028,2074.4,2028.49,2048.5775,72.33079340710046,NaN,NaN
1699876800,2048.9280291810137,2118,2039.16,2064.3849999999998,73.91821182142598,NaN,NaN
1699920000,2056.656514590507,2064.96,2026.41,2044.2150000000001,68.51666304236923,NaN,NaN
1699963200,2050.4357572952536,2055.9,1936.6,2000.9350000000002,58.61824680062547,NaN,NaN
1700006400,2025.6853786476267,2025.6853786476267,1967.01,1993.505,57.09334717091712,NaN,NaN
1700049600,2009.5951893238134,2062.4,2001.83,2033.9675000000002,62.77292358100211,NaN,NaN
1700092800,2021.7813446619068,2090.4,2021.7813446619068,2063.3925,66.26964230861054,NaN,NaN
1700136000,2042.5869223309533,2069.2,1939.1,2009.67,55.938727547193125,NaN,NaN
1700179200,2026.1284611654767,2026.1284611654767,1954.64,1968.3975,49.54814046854709,NaN,NaN
1700222400,1997.2629805827382,1997.2629805827382,1904,1950.3425,47.017618004655475,NaN,NaN
1700265600,1973.802740291369,1973.802740291369,1916,1943.2825,46.02771165000955,NaN,NaN
1700308800,1958.5426201456844,1971.22,1930.67,1949.855,47.14340098513714,NaN,NaN
1700352000,1954.1988100728422,1966.72,1942.89,1956.0575,48.23098597452257,NaN,NaN
1700395200,1955.128155036421,2015.75,1945.21,1981.115,52.4845635843203,NaN,NaN
1700438400,1968.1215775182104,2042.15,1968.1215775182104,2017.895,57.946484902066246,NaN,NaN
1700481600,1993.0082887591052,2066.4,1990,2025.5525000000002,59.00311159255607,NaN,NaN
1700524800,2009.2803943795527,2034.6,2001.71,2015.4325000000001,56.96600738263421,NaN,NaN
1700568000,2012.3564471897764,2020.63,1931.43,1972.2675000000002,49.16841613255687,NaN,NaN
1700611200,1992.3119735948883,2029.4,1928.41,1976.4875,49.89056966264507,NaN,NaN
1700654400,1984.3997367974441,2092.46,1984.3997367974441,2045.52,59.921351752089585,NaN,NaN
1700697600,2014.959868398722,2088.94,2014.959868398722,2064.0675,62.11563078047049,NaN,NaN
1700740800,2039.513684199361,2077.31,2039.513684199361,2060.615,61.44130124401929,NaN,NaN
1700784000,2050.0643420996803,2127.29,2050.0643420996803,2086.4700000000003,64.54542550881456,NaN,NaN
1700827200,2068.2671710498403,2133.02,2060,2092.7175,65.2729227792793,NaN,NaN
1700870400,2080.4923355249202,2090.54,2065.3,2076.82,61.798033294266936,NaN,NaN
1700913600,2078.6561677624604,2086.43,2067.47,2076.895,61.808363127791644,NaN,NaN
1700956800,2077.77558388123,2094.99,2067.38,2082.5325000000003,62.62641774934597,NaN,NaN
1701000000,2080.154041940615,2090,2036.42,2068.35,59.19144053675637,NaN,NaN
1701043200,2074.2520209703075,2074.2520209703075,2016.84,2043.8525,53.71136967297792,NaN,NaN
1701086400,2059.052260485154,2059.052260485154,1985.78,2017.065,48.4312030964138,NaN,NaN
1701129600,2038.058630242577,2040.39,1995.15,2022.7775000000001,49.56975077782222,NaN,NaN
1701172800,2030.4180651212887,2075,2019.37,2042.645,53.42144602376171,NaN,NaN
1701216000,2036.5315325606443,2075.7,2036.5315325606443,2053.895,55.49430781872904,NaN,NaN
1701259200,2045.2132662803222,2061.8,2019.31,2040.7174999999997,52.544608861625576,NaN,NaN
1701302400,2042.965383140161,2046.82,2020.85,2035.4874999999997,51.37738383916172,NaN,NaN
1701345600,2039.2264415700804,2054.75,2025.02,2044.3,53.26139843980463,NaN,NaN
1701388800,2041.7632207850402,2110.87,2041.7632207850402,2075.2174999999997,59.23004780640994,NaN,NaN
1701432000,2058.49036039252,2110,2058.49036039252,2090.315,61.79570093903115,NaN,NaN
1701475200,2074.40268019626,2107,2074.40268019626,2094.91,62.56779168750343,NaN,NaN
1701518400,2084.65634009813,2186.6,2084.65634009813,2135.97,68.66233137017645,NaN,NaN
1701561600,2110.313170049065,2177.41,2110.313170049065,2163.5975,71.96934532227539,NaN,NaN
1701604800,2136.9553350245324,2217.27,2136.9553350245324,2179.63,73.70358917467253,NaN,NaN
1701648000,2158.2926675122662,2274.28,2158.2926675122662,2223.94,77.79293048187992,NaN,NaN
1701691200,2191.116333756133,2255.86,2191.116333756133,2234.6324999999997,78.65552091264462,NaN,NaN
1701734400,2212.8744168780663,2253.52,2188.33,2222.5175,75.09625444459097,NaN,NaN
1701777600,2217.6959584390333,2309.72,2199.58,2251.8725,77.7263202356563,NaN,NaN
1701820800,2234.7842292195164,2312.23,2233.72,2273.1074999999996,79.4195347924108,NaN,NaN
1701864000,2253.9458646097582,2284.6,2220,2247.6125,72.31201735161488,NaN,NaN
1701907200,2250.779182304879,2269.42,2222,2240.0425,70.30027136654701,NaN,NaN
1701950400,2245.4108411524394,2382.8,2232.05,2301.655,76.1227144722895,NaN,NaN
1701993600,2273.53292057622,2392,2273.53292057622,2364.6875,80.36390900585165,NaN,NaN
1702036800,2319.11021028811,2376.8,2319.11021028811,2359.4275,79.10123168198706,NaN,NaN
1702080000,2339.268855144055,2403,2339.268855144055,2366.545,79.56901744070402,NaN,NaN
1702123200,2352.9069275720276,2369.01,2328.01,2348.465,74.97793179175457,NaN,NaN
1702166400,2350.685963786014,2358.86,2320,2339.2475,72.67564358169315,NaN,NaN
1702209600,2344.966731893007,2377.47,2337.45,2351.24,73.80274571744727,NaN,NaN
1702252800,2348.1033659465033,2355,2161,2279.5175,58.311173720425366,NaN,NaN
1702296000,2313.8104329732514,2313.8104329732514,2156.62,2220.895,49.217557401570744,NaN,NaN
1702339200,2267.3527164866255,2267.3527164866255,2207.08,2221.1749999999997,49.258260603363404,NaN,NaN
1702382400,2244.263858243313,2244.263858243313,2166,2202.7775,46.614503721332554,NaN,NaN
1702425600,2223.5206791216565,2223.5206791216565,2144.32,2181.58,43.70396237890126,NaN,NaN
1702468800,2202.5503395608284,2284.02,2169.07,2221.225,49.99284278497018,NaN,NaN
1702512000,2211.8876697804144,2308,2211.8876697804144,2280.37,57.6022765737137,NaN,NaN
1702555200,2246.128834890207,2332.11,2228.2,2295.745,59.334592415885474,NaN,NaN
1702598400,2270.9369174451035,2317.81,2256.8,2290.6675,58.48473405765218,NaN,NaN
1702641600,2280.8022087225518,2280.8022087225518,2200,2241.6775,50.908231295212666,NaN,NaN
1702684800,2261.239854361276,2261.239854361276,2210,2235.8050000000003,50.07087229379532,NaN,NaN
1702728000,2248.5224271806383,2263.4,2220.12,2241.545,50.92063212054767,NaN,NaN
1702771200,2245.033713590319,2245.033713590319,2200.77,2219.8475,47.62130059239502,NaN,NaN
1702814400,2232.4406067951595,2248.68,2191.5,2213.17,46.62016058028226,NaN,NaN
1702857600,2222.80530339758,2222.80530339758,2116.6,2164.9775000000004,40.07244701365718,NaN,NaN
1702900800,2193.89140169879,2224,2127.4,2178.255,42.46980712534473,NaN,NaN
1702944000,2186.073200849395,2255,2186.073200849395,2230.58,50.819611422453775,NaN,NaN
1702987200,2208.3266004246975,2241.27,2135.55,2197.715,46.27653175787766,NaN,NaN
1703030400,2203.020800212349,2224.26,2170.44,2196,46.045208856545834,NaN,NaN
1703073600,2199.5104001061745,2266,2156,2208.8925,48.14374603435318,NaN,NaN
1703116800,2204.2014500530872,2256.4,2182.98,2223.64,50.514729620820944,NaN,NaN
1703160000,2213.9207250265436,2279.31,2201,2243.23,53.55273322054148,NaN,NaN
1703203200,2228.575362513272,2331,2228.575362513272,2278.5550000000003,58.500280120454555,NaN,NaN
1703246400,2253.565181256636,2343.15,2253.565181256636,2317.6825,63.17883659695547,NaN,NaN
1703289600,2285.6238406283182,2330.65,2265,2301.7925,60.21015945245545,NaN,NaN
1703332800,2293.7081703141594,2315.63,2283.21,2298.505,59.586331912351724,NaN,NaN
1703376000,2296.1065851570797,2326.19,2273.57,2299.2174999999997,59.68382590779119,NaN,NaN
1703419200,2297.6620425785395,2306.89,2245,2276.215,55.06530904674787,NaN,NaN
1703462400,2286.93852128927,2290,2253.1,2271.4674999999997,54.13421755118833,NaN,NaN
1703505600,2279.2030106446346,2304.8,2256.61,2277.8725000000004,55.23398672433104,NaN,NaN
1703548800,2278.5377553223175,2278.5377553223175,2218.32,2251.8175,49.98353871898539,NaN,NaN
1703592000,2265.177627661159,2265.177627661159,2178.45,2225.6475,45.323293588401015,NaN,NaN
1703635200,2245.4125638305795,2291.28,2211.88,2254.9925,50.85634023509942,NaN,NaN
1703678400,2250.20253191529,2392.44,2250.20253191529,2333.1275,61.90927112985646,NaN,NaN
1703721600,2291.6650159576448,2445.8,2291.6650159576448,2397.5950000000003,68.25358358298914,NaN,NaN
1703764800,2344.6300079788225,2413,2335,2373.4025,63.949069673963756,NaN,NaN
1703808000,2359.0162539894113,2378.2,2311.16,2351.4025,60.229162556342956,NaN,NaN
1703851200,2355.209376994706,2385.41,2255.34,2328.0150000000003,56.4686172798237,NaN,NaN
1703894400,2341.612188497353,2341.612188497353,2268,2291.2825,51.0747347134259,NaN,NaN
1703937600,2316.4473442486765,2322.84,2277,2294.915,51.56742243043322,NaN,NaN
1703980800,2305.6811721243384,2315.74,2277.63,2298.4125,52.06791958049096,NaN,NaN
1704024000,2302.046836062169,2321.34,2258.88,2292.67,51.13359385278062,NaN,NaN
1704067200,2297.3584180310845,2306.6,2265.24,2289.5449999999996,50.60145521904624,NaN,NaN
1704110400,2293.4517090155423,2352.37,2293.4517090155423,2325.9300000000003,56.30340177202013,NaN,NaN
1704153600,2309.6908545077713,2431.3,2309.6908545077713,2380.385,63.157604076373936,NaN,NaN
1704196800,2345.0379272538858,2404.68,2341,2373.065,61.7553021106892,NaN,NaN
1704240000,2359.0514636269427,2385.45,2294.01,2335.6225,55.02527851854588,NaN,NaN
1704283200,2347.3369818134715,2347.3369818134715,2100,2231.5775,41.49329831325903,NaN,NaN
1704326400,2289.457240906736,2289.457240906736,2201.91,2221.1749999999997,40.42294238144554,NaN,NaN
1704369600,2255.316120453368,2294.69,2222.7,2253.1575,45.11101996201582,NaN,NaN
1704412800,2254.2368102266837,2274.76,2212,2248.96,44.61481871463108,NaN,NaN
1704456000,2251.598405113342,2277.21,2206.17,2248.5325000000003,44.56105852382919,NaN,NaN
1704499200,2250.065452556671,2270,2216.4,2248.4625,44.551591978897406,NaN,NaN
1704542400,2249.2639762783356,2254.77,2228.37,2240.6475,43.44200465821912,NaN,NaN
1704585600,2244.955738139168,2254.03,2230.26,2240.525,43.42374816521954,NaN,NaN
1704628800,2242.7403690695837,2258.01,2203.46,2229.985,41.79620125705261,NaN,NaN
1704672000,2236.3626845347917,2242,2166.38,2217.6025,39.9039678811209,NaN,NaN
1704715200,2226.982592267396,2358.2,2226.982592267396,2292.265,53.557192288739394,NaN,NaN
1704758400,2259.623796133698,2336.7,2259.623796133698,2312.8224999999998,56.488402172119486,NaN,NaN
1704801600,2286.223148066849,2371.72,2226.78,2310.3900000000003,56.03771406971182,NaN,NaN
1704844800,2298.3065740334246,2431,2298.3065740334246,2379.275,64.6411420802574,NaN,NaN
1704888000,2338.7907870167123,2643.1,2338.7907870167123,2492.9224999999997,73.76365524563306,NaN,NaN
1704931200,2415.856643508356,2665.74,2415.856643508356,2618.505,79.926630998929,NaN,NaN
1704974400,2517.180821754178,2689.39,2517.180821754178,2633.8225,80.52746308061596,NaN,NaN
1705017600,2575.5016608770893,2667.99,2575.5016608770893,2628.3975,79.61850593865523,NaN,NaN
1705060800,2601.9495804385447,2717.32,2458,2586.3599999999997,72.76455360817417,NaN,NaN
1705104000,2594.1547902192724,2594.1547902192724,2497.5,2531.0575,64.85481960169113,NaN,NaN
1705147200,2562.606145109636,2590,2531.15,2560.46,66.91407167441866,NaN,NaN
1705190400,2561.5330725548183,2578.69,2534.58,2557.3625,66.47220064205719,NaN,NaN
1705233600,2559.4477862774093,2559.4477862774093,2470,2506.865,59.56627692600834,NaN,NaN
1705276800,2533.1563931387045,2542.86,2470.92,2506.5,59.51814438688546,NaN,NaN
1705320000,2519.8281965693523,2553.82,2500.33,2526.3225,61.344959895691744,NaN,NaN
1705363200,2523.0753482846762,2549.38,2505,2524.235,61.03260456416685,NaN,NaN
1705406400,2523.655174142338,2614.43,2500.05,2558.165,64.22145918036063,NaN,NaN
1705449600,2540.910087071169,2592.97,2534.4,2564.4075,64.7923198542034,NaN,NaN
1705492800,2552.6587935355847,2574.75,2506.75,2538.6375000000003,60.5008180525074,NaN,NaN
1705536000,2545.6481467677922,2550,2510.03,2528.16,58.79568162245778,NaN,NaN
1705579200,2536.904073383896,2536.904073383896,2428.56,2489.265,52.841848257645864,NaN,NaN
1705622400,2513.084536691948,2513.084536691948,2443.13,2474.8825,50.793586686660234,NaN,NaN
1705665600,2493.983518345974,2504.2,2415.2,2475.0950000000003,50.82391655949426,NaN,NaN
1705708800,2484.539259172987,2492,2463.31,2479.4725,51.48728734642075,NaN,NaN
1705752000,2482.0058795864934,2482.0058795864934,2454.2,2468.175,49.626664412573724,NaN,NaN
1705795200,2475.090439793247,2482.18,2465,2473.2125,50.48588518976738,NaN,NaN
1705838400,2474.1514698966234,2481.05,2452.13,2465.9700000000003,49.18687831530829,NaN,NaN
1705881600,2470.0607349483116,2470.0607349483116,2361.6,2416.525,41.362242831637424,NaN,NaN
1705924800,2443.292867474156,2443.292867474156,2303.59,2351.0249999999996,33.71160152127182,NaN,NaN
1705968000,2397.158933737078,2397.158933737078,2203.11,2271.9175,27.17412219541825,NaN,NaN
1706011200,2334.538216868539,2334.538216868539,2168.07,2219.255,23.857309789323864,NaN,NaN
1706054400,2276.8966084342696,2276.8966084342696,2211.64,2240.75,27.734499578177534,NaN,NaN
1706097600,2258.823304217135,2258.823304217135,2196.12,2230.8725,27.052796459768317,NaN,NaN
1706140800,2244.8479021085677,2244.8479021085677,2203.37,2228.2174999999997,26.861674670827867,NaN,NaN
1706184000,2236.5327010542837,2236.5327010542837,2171.3,2213.9325,25.8053248333932,NaN,NaN
1706227200,2225.2326005271416,2260.66,2195.84,2232.29,29.634894742910873,NaN,NaN
1706270400,2228.761300263571,2282.36,2228.761300263571,2259.63,35.01464845217299,NaN,NaN
1706313600,2244.1956501317854,2282.94,2244.1956501317854,2266.8725,36.4018020078589,NaN,NaN
1706356800,2255.5340750658925,2277.49,2255.5340750658925,2268.065,36.64161226311123,NaN,NaN
1706400000,2261.7995375329465,2308.24,2261.7995375329465,2280.065,39.12898585977933,NaN,NaN
1706443200,2270.9322687664735,2286.08,2239.89,2265.9874999999997,37.279966779735354,NaN,NaN
1706486400,2268.4598843832364,2278.19,2250.57,2262.4575,36.81024001943528,NaN,NaN
1706529600,2265.458692191618,2322.34,2233.8,2284.4775,41.741484061990256,NaN,NaN
1706572800,2274.968096095809,2327.97,2274.968096095809,2315.1475,47.84634385477484,NaN,NaN
1706616000,2295.0577980479047,2391.98,2295.0577980479047,2336.4975,51.64497135899899,NaN,NaN
1706659200,2315.777649023952,2351.6,2280.77,2318.8875000000003,48.506704441524775,NaN,NaN
1706702400,2317.3325745119764,2350.3,2263.57,2299.2974999999997,45.21511796480674,NaN,NaN
1706745600,2308.315037255988,2308.315037255988,2240,2269.8525,40.74016857859614,NaN,NaN
1706788800,2289.083768627994,2311.72,2263.2,2286.4674999999997,44.10198734629491,NaN,NaN
1706832000,2287.7756343139968,2320.48,2287.7756343139968,2309.9975,48.553201645430256,NaN,NaN
1706875200,2298.8865671569984,2324.74,2281.94,2308.525,48.29402634529588,NaN,NaN
1706918400,2303.705783578499,2329.98,2300.24,2310.795,48.74821882329478,NaN,NaN
1706961600,2307.2503917892495,2313.88,2292.75,2301.75,46.977472843583975,NaN,NaN
1707004800,2304.500195894625,2309.99,2286.71,2299.705,46.565629157564786,NaN,NaN
1707048000,2302.1025979473125,2311,2266,2293.1025,45.188205191537136,NaN,NaN
1707091200,2297.602548973656,2332.9,2269.11,2305.3550000000005,48.24758745595987,NaN,NaN
1707134400,2301.478774486828,2338.41,2283.63,2313.375,50.206724245669726,NaN,NaN
1707177600,2307.426887243414,2344,2299,2317.5825,51.249398331131815,NaN,NaN
1707220800,2312.504693621707,2392.4,2311.9,2350.6074999999996,58.580742040749094,NaN,NaN
1707264000,2331.556096810853,2390.66,2331.556096810853,2369.7375,62.13312586518758,NaN,NaN
1707307200,2350.6467984054266,2444.44,2350.6467984054266,2398.0525000000002,66.68733736610226,NaN,NaN
1707350400,2374.3496492027134,2444.39,2374.3496492027134,2426.4475,70.51680399784694,NaN,NaN
1707393600,2400.398574601357,2463.15,2400.398574601357,2430.3575,71.01098043967484,NaN,NaN
1707436800,2415.3780373006784,2507.4,2415.3780373006784,2462.33,74.73948142676578,NaN,NaN
1707480000,2438.854018650339,2525,2438.854018650339,2497.83,78.10654608867394,NaN,NaN
1707523200,2468.34200932517,2516,2468.34200932517,2489.3075,75.5045556805349,NaN,NaN
1707566400,2478.824754662585,2516.45,2478.824754662585,2495.14,76.09156081987476,NaN,NaN
1707609600,2486.9823773312924,2539.63,2486.9823773312924,2516.2375,78.13287219999569,NaN,NaN
1707652800,2501.609938665646,2532.31,2493.45,2516.065,78.07417623734388,NaN,NaN
1707696000,2508.8374693328233,2525,2472,2498.095,72.00563140995763,NaN,NaN
1707739200,2503.4662346664118,2665.58,2481.08,2573.7025,79.29703559903894,NaN,NaN
1707782400,2538.5843673332056,2686.06,2538.5843673332056,2665.9399999999996,84.57524033022202,NaN,NaN
1707825600,2602.2621836666026,2686.12,2590,2649.465,80.62150858315499,NaN,NaN
1707868800,2625.863591833301,2760,2618.4,2693.5649999999996,82.92283201523487,NaN,NaN
1707912000,2659.7142959166504,2786,2659.7142959166504,2760.8025000000002,85.70937941354468,NaN,NaN
1707955200,2710.258397958325,2825.75,2710.258397958325,2788.2524999999996,86.66597284468253,NaN,NaN
1707998400,2749.2554489791623,2867.65,2749.2554489791623,2814.8424999999997,87.53630267870501,NaN,NaN
1708041600,2782.0489744895813,2857.4,2782.0489744895813,2824.47,87.84564151712112,NaN,NaN
1708084800,2803.2594872447908,2847.22,2740,2803.1549999999997,82.93773565535263,NaN,NaN
1708128000,2803.2072436223953,2804.21,2765.22,2787.9525,79.5250648617255,NaN,NaN
1708171200,2795.5798718111973,2801.16,2719.01,2771.67,75.9217739471054,NaN,NaN
1708214400,2783.6249359055987,2822.93,2764.25,2794.125,77.43991682684559,NaN,NaN
1708257600,2788.874967952799,2895,2785.89,2841.3724999999995,80.26013550401056,NaN,NaN
1708300800,2815.1237339763993,2931,2815.1237339763993,2895.5824999999995,82.90127359216321,NaN,NaN
1708344000,2855.3531169881994,2984.52,2855.3531169881994,2932.1375,84.4155033775385,NaN,NaN
1708387200,2893.7453084941,2955.56,2874.56,2927.5575,83.41873331572677,NaN,NaN
1708430400,2910.65140424705,3033.09,2885.47,2967.1675,85.06159516118646,NaN,NaN
1708473600,2938.9094521235247,3017.15,2887.23,2954.5725,82.27030826625649,NaN,NaN
1708516800,2946.7409760617625,2980,2868,2928.7525,76.71278304906403,NaN,NaN
1708560000,2937.7467380308813,3032.86,2906.51,2974.5200000000004,79.37269056491586,NaN,NaN
1708603200,2956.1333690154406,3036.02,2929.39,2981.9024999999997,79.77400953982445,NaN,NaN
1708646400,2969.0179345077204,2993.8,2913.3,2955.5325000000003,74.21937177906025,NaN,NaN
1708689600,2962.2752172538603,2962.77,2906.05,2933.6725,69.87581108332489,NaN,NaN
1708732800,2947.9738586269305,2966.53,2906.4,2939.1775000000002,70.3464599494192,NaN,NaN
1708776000,2943.575679313465,3007.48,2943.575679313465,2978.7650000000003,73.54712330866184,NaN,NaN
1708819200,2961.1703396567327,3049,2961.1703396567327,3016.3975,76.1792596621204,NaN,NaN
1708862400,2988.7839198283664,3122,2988.7839198283664,3075.1975,79.59558055968789,NaN,NaN
1708905600,3031.9907099141833,3135.65,3031.9907099141833,3085.565,80.1365096861548,NaN,NaN
1708948800,3058.7778549570917,3196,3038,3116.8375,81.71146515540644,NaN,NaN
1708992000,3087.807677478546,3270,3087.807677478546,3215.2149999999997,85.58385956480603,NaN,NaN
1709035200,3151.511338739273,3288.14,3151.511338739273,3247.28,86.58118090951142,NaN,NaN
1709078400,3199.3956693696364,3369.8,3199.3956693696364,3284.6000000000004,87.65191310329489,NaN,NaN
1709121600,3241.9978346848184,3488,3176.16,3335.8475000000003,88.95520032895561,NaN,NaN
1709164800,3288.922667342409,3522.81,3288.922667342409,3448.4925000000003,91.16303892873542,NaN,NaN
1709208000,3368.7075836712047,3517.92,3300,3417.9725,86.13885131950568,NaN,NaN
1709251200,3393.3400418356023,3437.08,3338.54,3381.655,80.45654633714173,NaN,NaN
1709294400,3387.497520917801,3450,3379.6,3418.48,81.7697429378106,NaN,NaN
1709337600,3402.9887604589003,3460.04,3390.01,3421.715,81.88489863203961,NaN,NaN
1709380800,3412.35188022945,3431.31,3394.47,3412.645,80.35236859975751,NaN,NaN
1709424000,3412.498440114725,3446.23,3360,3410.2524999999996,79.92742592455991,NaN,NaN
1709467200,3411.3754700573622,3491.8,3403.92,3449.23,81.63172839680982,NaN,NaN
1709510400,3430.302735028681,3544.14,3423.78,3490.6575000000003,83.25874179233709,NaN,NaN
1709553600,3460.4801175143407,3640.94,3459.03,3558.6625000000004,85.52531052798486,NaN,NaN
1709596800,3509.5713087571703,3742,3509.5713087571703,3677.1099999999997,88.45673765481699,NaN,NaN
1709640000,3593.340654378585,3822.04,3200,3576.7875,74.66432825702117,NaN,NaN
1709683200,3585.064077189292,3899.47,3499.4,3708.0674999999997,79.22850007662954,NaN,NaN
1709726400,3646.5657885946457,3900,3646.5657885946457,3830.5825,82.41272350037214,NaN,NaN
1709769600,3738.574144297323,3852.69,3735,3798.4625,78.99372263451234,NaN,NaN
1709812800,3768.5183221486614,3933.81,3765.12,3838.8174999999997,80.11018037072373,NaN,NaN
1709856000,3803.6679110743307,3954.98,3803.6679110743307,3909.4399999999996,81.92108649628639,NaN,NaN
1709899200,3856.553955537165,3993.75,3820,3911.8925,81.98243610202374,NaN,NaN
1709942400,3884.2232277685825,3942,3877.5,3903.8399999999997,81.01039064170503,NaN,NaN
1709985600,3894.031613884291,3927.05,3870.01,3903.6925,80.99144754883375,NaN,NaN
1710028800,3898.8620569421455,3964.67,3898.8620569421455,3925.525,81.67451224053792,NaN,NaN
1710072000,3912.1935284710726,3947.18,3791.26,3887.4075,76.50546084504984,NaN,NaN
1710115200,3899.800514235536,4054.6,3722.95,3922.5675,77.89516007194116,NaN,NaN
1710158400,3911.184007117768,4086.23,3911.184007117768,4046.05,81.93628432859508,NaN,NaN
1710201600,3978.617003558884,4093.92,3965,4036.1375000000003,80.66148012408875,NaN,NaN
1710244800,4007.3772517794423,4053.8,3828.98,3970.8950000000004,72.64963183985134,NaN,NaN
1710288000,3989.1361258897214,4083,3973.53,4021.35,74.7392683811283,NaN,NaN
1710331200,4005.243062944861,4053,3932.23,4009.7325,73.34963986574903,NaN,NaN
1710374400,4007.4877814724305,4010.98,3940.64,3977.8625,69.53038554756658,NaN,NaN
1710417600,3992.6751407362153,3992.6751407362153,3723,3881.785,59.47617576737827,NaN,NaN
1710460800,3937.2300703681076,3937.2300703681076,3570,3768.7599999999998,50.26748360713194,NaN,NaN
1710504000,3852.9950351840534,3852.9950351840534,3606.65,3711.1975,46.3329380817341,NaN,NaN
1710547200,3782.096267592027,3782.096267592027,3661.83,3719.3575,46.96664972715441,NaN,NaN
1710590400,3750.7268837960137,3750.7268837960137,3468.8,3598.8875,39.54286405944261,NaN,NaN
1710633600,3674.8071918980067,3674.8071918980067,3412,3530.1225,36.04095139925875,NaN,NaN
1710676800,3602.4648459490036,3678.68,3528.36,3607.6850000000004,42.25301040739584,NaN,NaN
1710720000,3605.074922974502,3645.02,3548.99,3609.1324999999997,42.365514276042084,NaN,NaN
1710763200,3607.1037114872506,3613.41,3454.09,3546.4475,38.83683878373419,NaN,NaN
1710806400,3576.7756057436254,3576.7756057436254,3202.84,3386.9775,31.62116146337067,NaN,NaN
1710849600,3481.8765528718127,3481.8765528718127,3150.88,3236.4575,26.59795161188582,NaN,NaN
1710892800,3359.1670264359063,3359.1670264359063,3056.56,3201.2975,25.575897868655517,NaN,NaN
1710936000,3280.232263217953,3535.24,3140.71,3371.435,37.992568182191796,NaN,NaN
1710979200,3325.8336316089762,3587.32,3325.8336316089762,3520.375,46.41991605533171,NaN,NaN
1711022400,3423.104315804488,3574.41,3412,3502.61,45.623438149315966,NaN,NaN
1711065600,3462.857157902244,3542.52,3394.42,3458.7425000000003,43.63256985027045,NaN,NaN
1711108800,3460.7998289511224,3460.7998289511224,3250,3354.3425,39.24357217532563,NaN,NaN
1711152000,3407.571164475561,3407.571164475561,3270.08,3338.805,38.62092424721082,NaN,NaN
1711195200,3373.1880822377807,3435.48,3327.28,3364.3175,40.29599831450736,NaN,NaN
1711238400,3368.7527911188904,3392.72,3298.76,3352.0975,39.73661766374121,NaN,NaN
1711281600,3360.425145559445,3471.22,3333,3411.6425,43.82847524950964,NaN,NaN
1711324800,3386.0338227797224,3506.49,3386.0338227797224,3454.4474999999998,46.63370198350107,NaN,NaN
1711368000,3420.240661389861,3666,3420.240661389861,3530.655,51.297021519500525,NaN,NaN
1711411200,3475.4478306949304,3678.86,3475.4478306949304,3620.46,56.158828714418206,NaN,NaN
1711454400,3547.953915347465,3654.34,3542.62,3603.975,55.07203663293336,NaN,NaN
1711497600,3575.964457673733,3627.67,3532.96,3583.255,53.66626341495671,NaN,NaN
1711540800,3579.6097288368665,3665.84,3460.02,3553.03,51.597210524039525,NaN,NaN
1711584000,3566.319864418433,3595.7,3465,3535.4075,50.377675568764055,NaN,NaN
1711627200,3550.8636822092167,3611.78,3537.48,3572.3725,52.892820449229546,NaN,NaN
1711670400,3561.6180911046085,3584.37,3512.85,3551.89,51.340008807939505,NaN,NaN
1711713600,3556.754045552304,3558,3445.91,3515.8775,48.63643177283172,NaN,NaN
1711756800,3536.315772776152,3564,3486.58,3530.08,49.760073896538714,NaN,NaN
1711800000,3533.197886388076,3565.81,3485,3529.1099999999997,49.68013700981453,NaN,NaN
1711843200,3531.1539431940378,3632.8,3505.09,3563.1850000000004,52.56305156299296,NaN,NaN
1711886400,3547.169471597019,3655.32,3547.169471597019,3629.1475,57.62427372680117,NaN,NaN
1711929600,3588.1584857985094,3645.95,3500,3582.305,53.27710111004739,NaN,NaN
1711972800,3585.2317428992546,3585.2317428992546,3413.71,3506.5175,47.08766889829066,NaN,NaN
1712016000,3545.8746214496273,3545.8746214496273,3276.72,3398.6899999999996,39.972458828297796,NaN,NaN
1712059200,3472.282310724813,3472.282310724813,3212,3280.9624999999996,33.941992017071584,NaN,NaN
1712102400,3376.6224053624064,3376.6224053624064,3202.79,3289.215,34.685849345756566,NaN,NaN
1712145600,3332.9187026812033,3367.4,3281.21,3319.2425,37.446029201792285,NaN,NaN
1712188800,3326.080601340602,3355.48,3250.92,3314.3999999999996,37.17319729877361,NaN,NaN
1712232000,3320.2403006703007,3443.93,3278.02,3347.4275,40.3646185828753,NaN,NaN
1712275200,3333.8339003351502,3336,3236.8,3285.9249999999997,36.63287391188732,NaN,NaN
1712318400,3309.8794501675748,3350,3210,3280.3425,36.30478198302033,NaN,NaN
1712361600,3295.1109750837877,3352.81,3295.1109750837877,3327.0025,41.05660633077967,NaN,NaN
1712404800,3311.056737541894,3398.42,3311.056737541894,3348.52,43.16242443533899,NaN,NaN
1712448000,3329.7883687709473,3413.61,3329.7883687709473,3374.905,45.723078415965915,NaN,NaN
1712491200,3352.346684385474,3459.94,3352.346684385474,3418.1175000000003,49.718482469145485,NaN,NaN
1712534400,3385.232092192737,3640.44,3385.232092192737,3533.52,58.503580823065526,NaN,NaN
1712577600,3459.3760460963686,3730.71,3459.3760460963686,3667.5975000000003,65.94765435265958,NaN,NaN
1712620800,3563.4867730481847,3727.34,3563.4867730481847,3658.8425,65.12609302566898,NaN,NaN
1712664000,3611.164636524092,3643.37,3450.46,3558.2675,56.4292178020899,NaN,NaN
1712707200,3584.716068262046,3584.716068262046,3465.64,3511.8875,52.919673292314705,NaN,NaN
1712750400,3548.301784131023,3562.95,3411.82,3510.435,52.808902834880165,NaN,NaN
1712793600,3529.368392065511,3618.3,3514.57,3550.3475,55.56150597756553,NaN,NaN
1712836800,3539.8579460327555,3575,3474.52,3518.7325,52.92797897432643,NaN,NaN
1712880000,3529.295223016378,3552.4,3501.34,3522.12,53.184031216478274,NaN,NaN
1712923200,3525.707611508189,3532.48,3100,3350.5325000000003,41.01406052658526,NaN,NaN
1712966400,3438.1200557540947,3438.1200557540947,3141.6,3237.2799999999997,35.27634860285346,NaN,NaN
1713009600,3337.7000278770474,3337.7000278770474,2852,3106.0099999999998,30.031989252809765,NaN,NaN
1713052800,3221.8550139385234,3221.8550139385234,2906.73,3010.725,26.905263420900468,NaN,NaN
1713096000,3116.2900069692614,3174.23,2980,3084.085,32.71360846767969,NaN,NaN
1713139200,3100.1875034846307,3277.85,3100,3190.6499999999996,40.15317097196428,NaN,NaN
1713182400,3145.418751742315,3246.03,3023.19,3150.2125,38.41736138149727,NaN,NaN
1713225600,3147.815625871158,3147.815625871158,2986,3077.33,35.44336251348152,NaN,NaN
1713268800,3112.572812935579,3118.24,2995,3072.6924999999997,35.256339165979924,NaN,NaN
1713312000,3092.6326564677893,3123.75,3037.65,3071.4525000000003,35.20285057133178,NaN,NaN
1713355200,3082.042578233895,3082.042578233895,2914.47,3000.93,32.20987161387316,NaN,NaN
1713398400,3041.4862891169473,3065.56,2950.98,3012.1025,33.17914262103176,NaN,NaN
1713441600,3026.794394558474,3094.4,2985.69,3047.735,36.30702843849187,NaN,NaN
1713484800,3037.264697279237,3128.89,2865.18,3040.27,35.92759535129693,NaN,NaN
1713528000,3038.767348639619,3121,3020.63,3075.1724999999997,39.13058145366534,NaN,NaN
1713571200,3056.9699243198093,3071.03,3018.75,3048.4049999999997,37.57903215109569,NaN,NaN
1713614400,3052.6874621599045,3171.88,3040.34,3103.8475,42.65119650617481,NaN,NaN
1713657600,3078.267481079952,3197.18,3078.267481079952,3162.1625,47.484789600726145,NaN,NaN
1713700800,3120.214990539976,3176.7,3116.49,3152.4175,46.775295944089315,NaN,NaN
1713744000,3136.316245269988,3235,3129.15,3176.5874999999996,48.817933470039534,NaN,NaN
1713787200,3156.451872634994,3224.2,3156.451872634994,3196.4375,50.498160371683646,NaN,NaN
1713830400,3176.444686317497,3223.36,3152,3188.8374999999996,49.82374991963903,NaN,NaN
1713873600,3182.6410931587484,3263.61,3173.11,3208.9925000000003,51.66725398198674,NaN,NaN
1713916800,3195.8167965793746,3287,3195.8167965793746,3249.705,55.2442952483118,NaN,NaN
1713960000,3222.7608982896872,3293.56,3104.9,3205.3075,50.82666350998452,NaN,NaN
1714003200,3214.0341991448436,3214.0341991448436,3072.2,3124.0474999999997,43.906258838355704,NaN,NaN
1714046400,3169.0408495724214,3191.64,3082.58,3135.5074999999997,45.04272770089152,NaN,NaN
1714089600,3152.2741747862106,3164.08,3121.8,3142.58,45.77291191723345,NaN,NaN
1714132800,3147.4270873931055,3167.7,3102,3132.4075000000003,44.84989819182827,NaN,NaN
1714176000,3139.917293696553,3139.917293696553,3066.74,3115.44,43.28212569259616,NaN,NaN
1714219200,3127.6786468482765,3285,3122,3196.87,51.961057557034,NaN,NaN
1714262400,3162.274323424138,3339.99,3162.274323424138,3283.1,59.098522164938196,NaN,NaN
1714305600,3222.6871617120687,3357.4,3222.6871617120687,3289.8075,59.60133290385897,NaN,NaN
1714348800,3256.2473308560343,3286.95,3147.54,3214.51,51.889624003039785,NaN,NaN
1714392000,3235.3786654280175,3235.43,3115.13,3181.85,48.93222497527069,NaN,NaN
1714435200,3208.614332714009,3250.95,3003.7,3119.71,43.81544881590972,NaN,NaN
1714478400,3164.1621663570045,3164.1621663570045,2921,2994.9799999999996,35.73736523729778,NaN,NaN
1714521600,3079.571083178502,3079.571083178502,2817,2939.9174999999996,32.857420037499224,NaN,NaN
1714564800,3009.7442915892507,3015.73,2865.91,2939.875,32.85521922142044,NaN,NaN
1714608000,2974.8096457946253,3002.51,2893.26,2965.9449999999997,35.70030890964351,NaN,NaN
1714651200,2970.3773228973123,3016.72,2952.4,2987.7125,38.06027194700865,NaN,NaN
1714694400,2979.0449114486564,3036.17,2958.32,2990.045,38.32150484378675,NaN,NaN
1714737600,2984.5449557243282,3126.99,2969.75,3044.71,44.25532455246818,NaN,NaN
1714780800,3014.627477862164,3168,3014.627477862164,3123.4775,51.496311087712485,NaN,NaN
1714824000,3069.052488931082,3158.95,3069.052488931082,3127.7425,51.86093792481446,NaN,NaN
1714867200,3098.397494465541,3171.93,3072.99,3125.065,51.598692641484085,NaN,NaN
1714910400,3111.7312472327703,3168,3111.7312472327703,3141.35,53.150421972429235,NaN,NaN
1714953600,3126.5406236163853,3221.4,3124.38,3157.8525,54.73413455381939,NaN,NaN
1714996800,3142.1965618081927,3154.99,3046.35,3103.2925,48.854086395718255,NaN,NaN
1715040000,3122.7445309040963,3129.85,3021.34,3069.2925,45.56875608984488,NaN,NaN
1715083200,3096.018515452048,3106,2998,3043.2725,43.175816360517686,NaN,NaN
1715126400,3069.6455077260243,3069.6455077260243,2978.4,3003.1375,39.71176417582329,NaN,NaN
1715169600,3036.391503863012,3036.391503863012,2936.48,2983.375,38.09118000125131,NaN,NaN
1715212800,3009.883251931506,3014.96,2950.77,2979.2825000000003,37.7476428275663,NaN,NaN
1715256000,2994.5828759657534,3059,2955.86,3007.0724999999998,41.59933562588434,NaN,NaN
1715299200,3000.8276879828763,3053.89,3000.8276879828763,3036.5525,45.45479420313365,NaN,NaN
1715342400,3018.690093991438,3044.53,2878.03,2967.6,38.97384358031644,NaN,NaN
1715385600,2993.145046995719,2993.145046995719,2886.46,2909.1074999999996,34.48235055467913,NaN,NaN
1715428800,2951.126273497859,2951.126273497859,2896,2914.38,35.207195902053925,NaN,NaN
1715472000,2932.7531367489296,2943.73,2901.17,2921.3375,36.21010198487072,NaN,NaN
1715515200,2927.045318374465,2955.2,2913.78,2931.5675,37.73617868909541,NaN,NaN
1715558400,2929.3064091872325,2996.4,2864.76,2939.0075,38.88137519450694,NaN,NaN
1715601600,2934.1569545936163,2987,2928.66,2958.055,41.83112148634034,NaN,NaN
1715644800,2946.1059772968083,2960.6,2882.29,2925.4550000000004,38.41396745640086,NaN,NaN
1715688000,2935.7804886484046,2935.7804886484046,2862,2894.0025,35.408609708784354,NaN,NaN
1715731200,2914.8914943242025,2933.8,2863.75,2894.555,35.50406525088556,NaN,NaN
1715774400,2904.723247162101,3041.36,2893.02,2966.4175000000005,46.56532119884868,NaN,NaN
1715817600,2935.5703735810507,3041.24,2935.5703735810507,3017.49,52.765458198445174,NaN,NaN
1715860800,2976.5301867905255,3009.12,2922.8,2970.7675,47.35238858148482,NaN,NaN
1715904000,2973.6488433952627,3059.53,2933.06,2991.9224999999997,49.86049291891344,NaN,NaN
1715947200,2982.785671697631,3120,2982.785671697631,3065.6275,57.463676567835066,NaN,NaN
1715990400,3024.206585848816,3146.98,3024.206585848816,3114.0950000000003,61.588582994417735,NaN,NaN
1716033600,3069.150792924408,3135,3069.150792924408,3121.86,62.22068011403457,NaN,NaN
1716076800,3095.505396462204,3136.64,3082.04,3111.0499999999997,60.722574012641765,NaN,NaN
1716120000,3103.2776982311016,3103.2776982311016,3053.38,3082.5400000000004,56.83582753773207,NaN,NaN
1716163200,3092.9088491155508,3140,3047.67,3088.1674999999996,57.41524708429591,NaN,NaN
1716206400,3090.538174557775,3694,3076.69,3381.565,75.71711927424873,NaN,NaN
1716249600,3236.0515872788874,3823.5,3236.0515872788874,3721.8849999999998,84.19962965623158,NaN,NaN
1716292800,3478.968293639444,3841.54,3478.968293639444,3772.4500000000003,85.03603737199205,NaN,NaN
1716336000,3625.7091468197223,3813.69,3625.7091468197223,3745.9700000000003,82.57095892346523,NaN,NaN
1716379200,3685.8395734098613,3798,3653.15,3719.8675,80.10582435549091,NaN,NaN
1716422400,3702.853536704931,3925.24,3702.853536704931,3829.5225,82.47310288397874,NaN,NaN
1716465600,3766.1880183524654,3949.29,3498,3787.3375,78.59828939597529,NaN,NaN
1716508800,3776.762759176233,3829.61,3626.1,3737.9825,74.20557670007341,NaN,NaN
1716552000,3757.3726295881165,3759,3655.26,3713.7900000000004,72.0790871170446,NaN,NaN
1716595200,3735.5813147940585,3779.43,3709.03,3739.0325,72.9501079641829,NaN,NaN
1716638400,3737.306907397029,3766.02,3719.8,3743.6175,73.11417223273627,NaN,NaN
1716681600,3740.4622036985147,3822.4,3731.17,3779.1525,74.4096397658646,NaN,NaN
1716724800,3759.8073518492574,3884.2,3759.8073518492574,3829.1499999999996,76.15085548402969,NaN,NaN
1716768000,3794.4786759246285,3954.35,3794.4786759246285,3876.1699999999996,77.68839408891681,NaN,NaN
1716811200,3835.324337962314,3977,3835.324337962314,3906.47,78.64387152529169,NaN,NaN
1716854400,3870.897168981157,3931.09,3821.63,3887.8175,76.47279237172518,NaN,NaN
1716897600,3879.3573344905785,3912,3773.9,3858.7325,73.08470968161166,NaN,NaN
1716940800,3869.044917245289,3888.55,3781,3831.35,69.94290328270314,NaN,NaN
1716984000,3850.1974586226443,3850.1974586226443,3742.59,3790,65.37269115607833,NaN,NaN
1717027200,3820.098729311322,3820.098729311322,3702.58,3752.1675,61.41842764720877,NaN,NaN
1717070400,3786.1331146556613,3825.35,3719.3,3757.3925,61.76243318162032,NaN,NaN
1717113600,3771.7628073278306,3813.2,3724.41,3772.0325000000003,62.76424272086213,NaN,NaN
1717156800,3771.8976536639157,3849.94,3723.75,3784.6499999999996,63.648212871777275,NaN,NaN
1717200000,3778.2738268319576,3809.55,3752.67,3778.1975,62.8267995727188,NaN,NaN
1717243200,3778.2356634159787,3833.3,3778.2356634159787,3806.1,64.93425488660387,NaN,NaN
1717286400,3792.1678317079895,3838.59,3770.99,3807.6025,65.04916072017241,NaN,NaN
1717329600,3799.8851658539947,3810,3752.62,3787.135,62.06553389401559,NaN,NaN
1717372800,3793.5100829269977,3842.01,3761.05,3798.245,63.056091170971605,NaN,NaN
1717416000,3795.877541463499,3849.99,3758.43,3796.1225,62.719142265167505,NaN,NaN
1717459200,3796.0000207317494,3796.0000207317494,3730,3761.7275,57.36921124884766,NaN,NaN
1717502400,3778.8637603658744,3831.65,3753.57,3790.025,60.364699785810146,NaN,NaN
1717545600,3784.4443801829375,3839.92,3777.33,3807.9474999999998,62.177419483168855,NaN,NaN
1717588800,3796.1959400914684,3887.47,3782,3834.9424999999997,64.78951993499487,NaN,NaN
1717632000,3815.5692200457343,3878.6,3815.5692200457343,3858.1600000000003,66.90641504579219,NaN,NaN
1717675200,3836.864610022867,3866.48,3760,3822.3625,60.83356460619925,NaN,NaN
1717718400,3829.6135550114336,3839.98,3792.34,3820.1975,60.47604644868561,NaN,NaN
1717761600,3824.905527505717,3841.39,3600,3738.6749999999997,48.8372015510297,NaN,NaN
1717804800,3781.7902637528587,3781.7902637528587,3673.82,3686.1899999999996,43.087793428137076,NaN,NaN
1717848000,3733.990131876429,3733.990131876429,3660.08,3680.5625,42.509926673975244,NaN,NaN
1717891200,3707.276315938215,3707.276315938215,3666.36,3683.8275,42.987669980566615,NaN,NaN
1717934400,3695.5519079691076,3721.52,3680.99,3700.6,45.493487505126005,NaN,NaN
1717977600,3698.075953984554,3706.94,3642.74,3683.0074999999997,43.341692189426894,NaN,NaN
1718020800,3690.541726992277,3713.67,3650.64,3677.0275,42.60402466872078,NaN,NaN
1718064000,3683.7846134961383,3683.7846134961383,3503.4,3593.4525,33.91602764004365,NaN,NaN
1718107200,3638.618556748069,3638.618556748069,3432,3501.3399999999997,27.30660391850951,NaN,NaN
1718150400,3569.979278374034,3569.979278374034,3462.07,3513.6699999999996,29.29293044777286,NaN,NaN
1718193600,3541.824639187017,3659.01,3513.32,3566.045,37.14913184248098,NaN,NaN
1718236800,3553.9348195935086,3561.65,3472.6,3522.8875000000003,33.81504668790109,NaN,NaN
1718280000,3538.4111597967544,3539.83,3428,3483.6,31.0804220367786,NaN,NaN
1718323200,3511.005579898377,3532.61,3457.37,3493.795,32.6035701745805,NaN,NaN
1718366400,3502.400289949189,3528.93,3362.26,3472.1975,31.038611905702552,NaN,NaN
1718409600,3487.2988949745945,3557.81,3473.1,3513.0275,37.177804947589266,NaN,NaN
1718452800,3500.163197487297,3594.39,3500.163197487297,3559.8224999999998,43.39719769579094,NaN,NaN
1718496000,3529.992848743648,3574.54,3529.992848743648,3559.905,43.407834970259444,NaN,NaN
1718539200,3544.9489243718244,3653.79,3544.9489243718244,3596.6625,48.088748636467685,NaN,NaN
1718582400,3570.805712185912,3638.37,3490.95,3570.34,45.205191960460354,NaN,NaN
1718625600,3570.572856092956,3577.77,3463.39,3520.0625,40.24164673055403,NaN,NaN
1718668800,3545.3176780464782,3545.3176780464782,3355,3449.445,34.51008423079385,NaN,NaN
1718712000,3497.381339023239,3497.381339023239,3370.92,3439.6125,33.788474838922255,NaN,NaN
1718755200,3468.4969195116196,3585,3465.65,3517.7525,43.838928744401386,NaN,NaN
1718798400,3493.12470975581,3590.01,3493.12470975581,3549.9175,47.379718068484586,NaN,NaN
1718841600,3521.5211048779047,3625.96,3521.5211048779047,3579.725,50.49461598238109,NaN,NaN
1718884800,3550.623052438952,3611.81,3486,3552.4575,47.71218497002719,NaN,NaN
1718928000,3551.5402762194763,3551.5402762194763,3446.82,3499.8325,42.80932811500142,NaN,NaN
1718971200,3525.686388109738,3547.55,3455.1,3506.09,43.55210957837192,NaN,NaN
1719014400,3515.888194054869,3521.19,3475.09,3501.995,43.15708358098115,NaN,NaN
1719057600,3508.9415970274345,3511.84,3485.56,3496.585,42.60725403955087,NaN,NaN
1719100800,3502.763298513717,3521.45,3488.2,3500.925,43.23207579550664,NaN,NaN
1719144000,3501.8441492568586,3504.62,3406.38,3457.55,38.69768856317238,NaN,NaN
1719187200,3479.6970746284296,3479.6970746284296,3240,3354.465,30.508006857322087,NaN,NaN
1719230400,3417.081037314215,3417.081037314215,3242.44,3319.8824999999997,28.341081226630834,NaN,NaN
1719273600,3368.4817686571073,3394.92,3336.76,3365.1075,34.85739742582747,NaN,NaN
1719316800,3366.794634328554,3430.88,3358.2,3389.9975,38.18882155507802,NaN,NaN
1719360000,3378.396067164277,3426.75,3366.37,3392.3675,38.51127604956615,NaN,NaN
1719403200,3385.3817835821383,3417.43,3325.01,3373.8300000000004,36.890212396951256,NaN,NaN
1719446400,3379.6058917910696,3414.05,3361.74,3387.755,38.96845038674155,NaN,NaN
1719489600,3383.680445895535,3477,3383.680445895535,3433.5875,45.34770572329846,NaN,NaN
1719532800,3408.6339729477677,3487.7,3408.6339729477677,3452.79,47.80908970733696,NaN,NaN
1719576000,3430.711986473884,3476.73,3365.22,3418.7225,44.0211783294527,NaN,NaN
1719619200,3424.7172432369416,3424.7172432369416,3380.01,3392.2325,41.28225944199819,NaN,NaN
1719662400,3408.474871618471,3408.474871618471,3371.86,3388.5775000000003,40.90410042535702,NaN,NaN
1719705600,3398.5261858092354,3400,3352.66,3380.1625,39.99570327902996,NaN,NaN
1719748800,3389.3443429046174,3460,3379.81,3416.79,45.65315778310926,NaN,NaN
1719792000,3403.0671714523087,3524.94,3403.0671714523087,3463.8125000000005,51.9204792541599,NaN,NaN
1719835200,3433.4398357261543,3499,3423.78,3456.1475,50.89025118396765,NaN,NaN
1719878400,3444.793667863077,3464.12,3431.6,3447.795,49.73221664791146,NaN,NaN
1719921600,3446.294333931539,3462.5,3402,3434.7775,47.90267431687233,NaN,NaN
1719964800,3440.5359169657695,3440.5359169657695,3281.63,3360.645,39.08456180015326,NaN,NaN
1720008000,3400.590458482885,3400.590458482885,3251,3295.0875,33.254596390653816,NaN,NaN
1720051200,3347.8389792414428,3347.8389792414428,3126.6,3223.7474999999995,28.306459675083005,NaN,NaN
1720094400,3285.793239620721,3285.793239620721,3050.34,3109.8199999999997,22.538786058868368,NaN,NaN
1720137600,3197.8066198103606,3197.8066198103606,2810,2981.78,18.080010752946066,NaN,NaN
1720180800,3089.7933099051806,3089.7933099051806,2922.7,2964.3300000000004,17.569872232174504,NaN,NaN
1720224000,3027.0616549525903,3027.0616549525903,2955.06,2992.2374999999997,21.38999603482982,NaN,NaN
1720267200,3009.6495774762952,3081.78,2989.49,3035.94,27.088459527341186,NaN,NaN
1720310400,3022.794788738148,3073.08,2993.51,3037.2325,27.25641092817719,NaN,NaN
1720353600,3030.013644369074,3030.013644369074,2922.24,2973.2025,24.273395362548627,NaN,NaN
1720396800,3001.608072184537,3097.06,2822.8,2976.2049999999995,24.689618193115678,NaN,NaN
1720440000,2988.906536092268,3064.71,2890,3006.925,28.990119407336778,NaN,NaN
1720483200,2997.915768046134,3115.2,2997.915768046134,3055.4199999999996,35.27367696101659,NaN,NaN
1720526400,3026.667884023067,3108.72,3026.667884023067,3072.47,37.37197714814287,NaN,NaN
1720569600,3049.568942011533,3129.89,3024,3080.69,38.40864248424854,NaN,NaN
1720612800,3065.1294710057664,3151.51,3065.1294710057664,3108.135,41.868494675889586,NaN,NaN
1720656000,3086.6322355028833,3156.93,3054.76,3114.9475,42.72850614722904,NaN,NaN
1720699200,3100.7898677514418,3217.24,3086,3137.4624999999996,45.59331129907308,NaN,NaN
1720742400,3119.126183875721,3119.126183875721,3045.58,3083.2675,40.359966731127855,NaN,NaN
1720785600,3101.1968419378604,3157.89,3057.58,3104.8374999999996,43.15658975044584,NaN,NaN
1720828800,3103.0171709689303,3171,3103.0171709689303,3143.7749999999996,47.905465582013065,NaN,NaN
1720872000,3123.396085484465,3201.8,3123.396085484465,3168.8775,50.761410878497635,NaN,NaN
1720915200,3146.1367927422325,3225.13,3146.1367927422325,3191.8925,53.28982332981209,NaN,NaN
1720958400,3169.014646371116,3268.72,3169.014646371116,3222.5825,56.49775137868303,NaN,NaN
1721001600,3195.798573185558,3373,3195.798573185558,3297.775,63.17136489735907,NaN,NaN
1721044800,3246.786786592779,3493.63,3246.786786592779,3412.5074999999997,70.58613999871129,NaN,NaN
1721088000,3329.6471432963895,3498.59,3329.6471432963895,3437.0325000000003,71.88899468331125,NaN,NaN
1721131200,3383.3398216481946,3494.38,3375.6,3433.4725,71.39464386801889,NaN,NaN
1721174400,3408.4061608240972,3517,3408.4061608240972,3462.7825,73.03851281725315,NaN,NaN
1721217600,3435.5943304120483,3475.5,3376,3421.8950000000004,67.23397009635714,NaN,NaN
1721260800,3428.7446652060244,3461.01,3383.43,3422.58,67.2808840839123,NaN,NaN
1721304000,3425.662332603012,3489.98,3367.2,3435.6274999999996,68.21441801969434,NaN,NaN
1721347200,3430.644916301506,3450.5,3377,3414.6324999999997,65.0006148749322,NaN,NaN
1721390400,3422.638708150753,3540.27,3395.99,3461.085,68.5330605672248,NaN,NaN
1721433600,3441.8618540753764,3508.49,3441.8618540753764,3494.2075,70.79640232444055,NaN,NaN
1721476800,3468.034677037688,3539.65,3468.034677037688,3505.79,71.56657601056759,NaN,NaN
1721520000,3486.912338518844,3528.8,3476.6,3505.4224999999997,71.502142603924,NaN,NaN
1721563200,3496.167419259422,3547,3411.4,3498.2775,70.1792064655194,NaN,NaN
1721606400,3497.222459629711,3562.82,3459.6,3514.665,71.48245462554108,NaN,NaN
1721649600,3505.9437298148555,3507.35,3422.34,3467.3975,62.93850015465056,NaN,NaN
1721692800,3486.670614907428,3541,3425,3480.4025,64.20615276599932,NaN,NaN
1721736000,3483.536557453714,3518.8,3389,3476.5800000000004,63.51845281018691,NaN,NaN
1721779200,3480.058278726857,3487.82,3427.4,3464.34,61.25594945708067,NaN,NaN
1721822400,3472.199139363429,3472.199139363429,3300,3391.745,49.902632719743494,NaN,NaN
1721865600,3431.9720696817144,3431.9720696817144,3130,3245.205,35.57078726051246,NaN,NaN
1721908800,3338.5885348408574,3338.5885348408574,3087.53,3158.5,30.06828794236712,NaN,NaN
1721952000,3248.5442674204287,3276,3171,3217.3325,37.170416734206526,NaN,NaN
1721995200,3232.938383710214,3286.36,3221.43,3257.3175,41.51756367044893,NaN,NaN
1722038400,3245.127941855107,3282.98,3241.31,3269.325,42.79752007102494,NaN,NaN
1722081600,3257.2264709275532,3327.59,3191.01,3261.505,42.1505094807384,NaN,NaN
1722124800,3259.3657354637767,3265.72,3198.11,3242.3225,40.53178959608423,NaN,NaN
1722168000,3250.844117731888,3284.3,3250.844117731888,3265.5,43.362025606328224,NaN,NaN
1722211200,3258.172058865944,3396.77,3258.172058865944,3327.275,50.169194667139905,NaN,NaN
1722254400,3292.723529432972,3386.8,3258,3334.3675000000003,50.89885662301301,NaN,NaN
1722297600,3313.545514716486,3355.5,3282.3,3322.5274999999997,49.593334756315414,NaN,NaN
1722340800,3318.036507358243,3366.4,3233.18,3303.3625,47.47084833133271,NaN,NaN
1722384000,3310.6995036791213,3332.04,3262.04,3299.0374999999995,46.98217716013113,NaN,NaN
1722427200,3304.8685018395604,3350,3213.75,3279.8425,44.77899330782619,NaN,NaN
1722470400,3292.3555009197803,3292.3555009197803,3136.47,3200.0424999999996,37.00894431873036,NaN,NaN
1722513600,3246.19900045989,3246.19900045989,3080.02,3172.7875,34.78862867305068,NaN,NaN
1722556800,3209.4932502299453,3218.6,3127,3175.6825,35.23310452135817,NaN,NaN
1722600000,3192.5878751149726,3192.5878751149726,2967,3073.2850000000003,27.97105573768785,NaN,NaN
1722643200,3132.9364375574864,3132.9364375574864,2913.56,2976.755,23.130908469597017,NaN,NaN
1722686400,3054.8457187787435,3054.8457187787435,2859,2944.4649999999997,21.77362406306183,NaN,NaN
1722729600,2999.6553593893714,2999.6553593893714,2876.22,2907.3875,20.30058645252089,NaN,NaN
1722772800,2953.5214296946856,2953.5214296946856,2630,2789.735,16.488664525184078,NaN,NaN
1722816000,2871.628214847343,2871.628214847343,2111,2446.98,10.375981073807282,NaN,NaN
1722859200,2659.3041074236717,2659.3041074236717,2183.51,2352.925,9.351486106340118,NaN,NaN
1722902400,2506.114553711836,2547.43,2415.8,2460.4750000000004,19.178483965088745,NaN,NaN
1722945600,2483.294776855918,2556.23,2414.19,2472.6625,20.233765073356523,NaN,NaN
1722988800,2477.9786384279587,2551.32,2425.53,2477.7975,20.70355681812481,NaN,NaN
1723032000,2477.888069213979,2487.64,2309.04,2403.1225,18.955185057408684,NaN,NaN
1723075200,2440.5052846069893,2465.25,2320.4,2394.0175,18.747302992804507,NaN,NaN
1723118400,2417.2613923034946,2724.1,2411.02,2566.315,33.58981452539183,NaN,NaN
1723161600,2491.7881961517473,2707.98,2491.7881961517473,2660.6499999999996,40.047212474702604,NaN,NaN
1723204800,2576.2190980758733,2663.96,2552.61,2612.57,38.018173473721866,NaN,NaN
1723248000,2594.3945490379365,2644.7,2576.49,2614.14,38.12841094687708,NaN,NaN
1723291200,2604.2672745189684,2637.89,2589.51,2618.475,38.45390235858258,NaN,NaN
1723334400,2611.3711372594844,2720,2606.02,2647.1375000000003,40.67612428990614,NaN,NaN
1723377600,2629.2543186297426,2655.8,2540,2600.9449999999997,38.277446316739464,NaN,NaN
1723420800,2615.099659314871,2683.2,2510.05,2605.5575,38.66638446568089,NaN,NaN
1723464000,2610.3285796574355,2750,2592.58,2684.62,45.057331953319,NaN,NaN
1723507200,2647.4742898287177,2738.4,2611.37,2679.1800000000003,44.71210488662606,NaN,NaN
1723550400,2663.327144914359,2734,2630.91,2678.0025,44.63239059060295,NaN,NaN
1723593600,2670.6648224571795,2764.05,2670.6648224571795,2725.6324999999997,48.62253079776514,NaN,NaN
1723636800,2698.14866122859,2780,2632.2,2705.9725,47.11327351538294,NaN,NaN
1723680000,2702.060580614295,2702.060580614295,2589,2640.4375,42.38979925094151,NaN,NaN
1723723200,2671.2490403071474,2675.6,2515.71,2599.7325,39.72570822388912,NaN,NaN
1723766400,2635.490770153574,2635.490770153574,2552.17,2590.855,39.14784747930591,NaN,NaN
1723809600,2613.1728850767868,2630.97,2550.04,2596.565,39.7548683353798,NaN,NaN
1723852800,2604.8689425383936,2607.92,2587.5,2596.8424999999997,39.786304858695615,NaN,NaN
1723896000,2600.8557212691967,2629.69,2596.7,2610.0325000000003,41.352790421530074,NaN,NaN
1723939200,2605.4441106345985,2669.49,2594.53,2631.9825,43.965326952484794,NaN,NaN
1723982400,2618.7133053172993,2689.16,2610.05,2640.19,44.95276884389857,NaN,NaN
1724025600,2629.4516526586494,2648.08,2565.84,2603.4925,41.43675397090887,NaN,NaN
1724068800,2616.4720763293244,2641.15,2563.58,2607.25,41.93752248313292,NaN,NaN
1724112000,2611.861038164662,2695,2611.861038164662,2648.2174999999997,47.235153520171565,NaN,NaN
1724155200,2630.039269082331,2655.78,2555,2606.515,42.94020852931966,NaN,NaN
1724198400,2618.2771345411657,2618.2771345411657,2557,2578.82,40.31829482977988,NaN,NaN
1724241600,2598.5485672705827,2663.74,2536.22,2602.0699999999997,43.44053159694611,NaN,NaN
1724284800,2600.309283635291,2644.49,2584.2,2625.3275,46.458008057765575,NaN,NaN
1724328000,2612.8183918176455,2644.69,2590.5,2624.9925000000003,46.419592569542374,NaN,NaN
1724371200,2618.905445908823,2689,2618.905445908823,2646.64,49.33501388471711,NaN,NaN
1724414400,2632.7727229544116,2799.13,2632.7727229544116,2711.9275,56.94413661847165,NaN,NaN
1724457600,2672.3501114772057,2786.29,2672.3501114772057,2761.1225,61.6213958984659,NaN,NaN
1724500800,2716.736305738603,2820,2716.736305738603,2768.8900000000003,62.31745221964235,NaN,NaN
1724544000,2742.8131528693016,2782.73,2733.21,2758.735,60.765788192219276,NaN,NaN
1724587200,2750.774076434651,2792.28,2739.77,2757.295,60.535608944838735,NaN,NaN
1724630400,2754.0345382173255,2762,2710.01,2738.8700000000003,57.532638817141724,NaN,NaN
1724673600,2746.452269108663,2746.452269108663,2666.66,2706.74,52.629674908344086,NaN,NaN
1724716800,2726.5961345543315,2726.5961345543315,2619.3,2656.6099999999997,46.03751228472746,NaN,NaN
1724760000,2691.603067277166,2691.603067277166,2392.96,2526.465,34.09690019114339,NaN,NaN
1724803200,2609.034033638583,2609.034033638583,2418.8,2487.41,31.45992377329391,NaN,NaN
1724846400,2548.2220168192916,2554.6,2456.19,2515.5775,35.34373662124224,NaN,NaN
1724889600,2531.899758409646,2574.22,2512.2,2542.49,38.90581917398164,NaN,NaN
1724932800,2537.194879204823,2595.4,2505.88,2546.0225,39.37792244000569,NaN,NaN
1724976000,2541.6086896024117,2541.6086896024117,2503.8,2519.81,37.0876982571637,NaN,NaN
1725019200,2530.7093448012056,2552.17,2431.14,2505.435,35.85609102119814,NaN,NaN
1725062400,2518.0721724006025,2533.95,2511.47,2524.2275,38.72102886877702,NaN,NaN
1725105600,2521.1498362003013,2528.22,2491.92,2514.66,37.79548231248791,NaN,NaN
1725148800,2517.9049181001506,2517.9049181001506,2458.84,2491.465,35.575338962850225,NaN,NaN
1725192000,2504.684959050075,2516,2400,2454.8624999999997,32.346343904140255,NaN,NaN
1725235200,2479.773729525037,2539.53,2423.52,2476.1425,35.98424401412828,NaN,NaN
1725278400,2477.9581147625186,2564.83,2477.9581147625186,2527.8,43.8741029422297,NaN,NaN
1725321600,2502.8790573812594,2553.6,2494.24,2523.8575,43.43411945065572,NaN,NaN
1725364800,2513.3682786906297,2519.12,2411.12,2466.2799999999997,37.516862495219236,NaN,NaN
1725408000,2489.8241393453145,2489.8241393453145,2306.65,2394.98,31.74870812219484,NaN,NaN
1725451200,2442.4020696726575,2490,2393.16,2433.16,37.307225069270324,NaN,NaN
1725494400,2437.7810348363287,2466,2376.72,2420.7425000000003,36.27253821179662,NaN,NaN
1725537600,2429.2617674181647,2429.2617674181647,2348.04,2380.3825,33.062883026661964,NaN,NaN
1725580800,2404.8221337090827,2408.4,2321.21,2367.8424999999997,32.11210259130638,NaN,NaN
1725624000,2386.332316854541,2408.83,2150.55,2289.3925,26.90041282707338,NaN,NaN
1725667200,2337.8624084272706,2337.8624084272706,2220.98,2257.3475,25.107861697340113,NaN,NaN
1725710400,2297.604954213635,2311.27,2257.37,2281.4799999999996,28.947738031327106,NaN,NaN
1725753600,2289.5424771068174,2309.86,2263.22,2285.815,29.64555896640796,NaN,NaN
1725796800,2287.678738553409,2333.58,2240.94,2292.1050000000005,30.70894146667051,NaN,NaN
1725840000,2289.8918692767047,2339,2283.1,2308.6724999999997,33.55756180286669,NaN,NaN
1725883200,2299.282184638352,2381.41,2272.8,2332.2525,37.49610796849357,NaN,NaN
1725926400,2315.7673423191764,2372,2315.7673423191764,2352.6275,40.76362138601316,NaN,NaN
1725969600,2334.197421159588,2400,2320.41,2364.9825,42.71908648754861,NaN,NaN
1726012800,2349.589960579794,2389.32,2306.45,2352.9700000000003,41.291833149267816,NaN,NaN
1726056000,2351.279980289897,2368.87,2277.68,2328.6724999999997,38.49061558535222,NaN,NaN
1726099200,2339.9762401449484,2391.93,2339.54,2355.14,43.024851930619754,NaN,NaN
1726142400,2347.558120072474,2373.64,2315.39,2349.8375,42.351283401503956,NaN,NaN
1726185600,2348.697810036237,2376.22,2337.35,2357.4175,43.70797912202535,NaN,NaN
1726228800,2353.0576550181186,2464.82,2342.41,2400.2025,50.752961979895844,NaN,NaN
1726272000,2376.6300775090594,2440.6,2376.6300775090594,2426.21,54.48208900618013,NaN,NaN
1726315200,2401.4200387545297,2424.11,2376.72,2408.925,51.68108246037679,NaN,NaN
1726358400,2405.172519377265,2430.32,2401.75,2414.1825000000003,52.4813207262182,NaN,NaN
1726401600,2409.6775096886327,2418.72,2283.75,2356.3575,43.874622852560094,NaN,NaN
1726444800,2383.017504844316,2383.017504844316,2252.39,2302.995,37.72600100573418,NaN,NaN
1726488000,2343.006252422158,2343.006252422158,2267.6,2295.92,36.98592582203089,NaN,NaN
1726531200,2319.463126211079,2323.69,2263.29,2297.6925,37.31768624163886,NaN,NaN
1726574400,2308.5778131055395,2393.63,2302.61,2336.54,44.2459575774834,NaN,NaN
1726617600,2322.5589065527697,2343.28,2277.34,2315.75,41.596180032405215,NaN,NaN
1726660800,2319.1544532763846,2376.14,2288,2334.8725,44.86675590103792,NaN,NaN
1726704000,2327.0134766381925,2442.6,2327.0134766381925,2406.3225,55.00550933289654,NaN,NaN
1726747200,2366.6679883190964,2494.95,2366.6679883190964,2453.995,60.25699402119986,NaN,NaN
1726790400,2410.331494159548,2571.93,2410.331494159548,2504.8525,64.95602100195936,NaN,NaN
1726833600,2457.591997079774,2570,2457.591997079774,2548.1375,68.3824557032172,NaN,NaN
1726876800,2502.864748539887,2587.4,2502.864748539887,2558.5675,69.16481663216197,NaN,NaN
1726920000,2530.7161242699435,2623.34,2530.7161242699435,2585.6675,71.16155224707222,NaN,NaN
1726963200,2558.1918121349718,2632.57,2558.1918121349718,2598.7925,72.10373425174333,NaN,NaN
1727006400,2578.4921560674857,2594,2524.58,2570.0425,66.94432573074158,NaN,NaN
1727049600,2574.267328033743,2687.24,2539.49,2613.43,70.38799499431212,NaN,NaN
1727092800,2593.848664016871,2702.82,2593.848664016871,2656.81,73.37462084237427,NaN,NaN
1727136000,2625.329332008436,2667.75,2609.4,2640.245,70.45251409739724,NaN,NaN
1727179200,2632.787166004218,2670.96,2591.56,2638.1449999999995,70.07153218417783,NaN,NaN
1727222400,2635.4660830021085,2673.5,2610.53,2641.1575,70.31948652581048,NaN,NaN
1727265600,2638.3117915010544,2638.3117915010544,2554.05,2597.7375,62.30693119246086,NaN,NaN
1727308800,2618.0246457505273,2639.5,2559.2,2601.8975,62.74492601411986,NaN,NaN
1727352000,2609.9610728752637,2666.22,2607.92,2633.7975,66.00689858201132,NaN,NaN
1727395200,2621.879286437632,2677.61,2615.21,2644.2675,67.02734333436885,NaN,NaN
1727438400,2633.073393218816,2728.6,2633.073393218816,2679.3075,70.2464782853927,NaN,NaN
1727481600,2656.190446609408,2704.35,2650,2681,70.39681771753263,NaN,NaN
1727524800,2668.5952233047037,2684.51,2652.2,2671.7875,68.37172653898874,NaN,NaN
1727568000,2670.1913616523516,2683.7,2629.73,2660.2825,65.8250343604163,NaN,NaN
1727611200,2665.236930826176,2673.41,2641,2656.13,64.88562240286106,NaN,NaN
1727654400,2660.683465413088,2663.5,2592.42,2635.62,60.307601723376465,NaN,NaN
1727697600,2648.151732706544,2648.151732706544,2575,2611.2775,55.31890553647004,NaN,NaN
1727740800,2629.714616353272,2659,2591.34,2620.3625,56.756640584194265,NaN,NaN
1727784000,2625.038558176636,2633.42,2414,2531.0175,42.33078985442656,NaN,NaN
1727827200,2578.028029088318,2578.028029088318,2441.71,2460.9275000000002,34.84786451493373,NaN,NaN
1727870400,2519.477764544159,2519.477764544159,2352,2412.5525,30.800911104366605,NaN,NaN
1727913600,2466.0151322720794,2466.0151322720794,2318.72,2359.6325,27.09402604480843,NaN,NaN
1727956800,2412.8238161360396,2412.8238161360396,2310,2344.5600000000004,26.129472504493464,NaN,NaN
1728000000,2378.69190806802,2393.52,2339.15,2367.1674999999996,30.146395853313052,NaN,NaN
1728043200,2372.92970403401,2441.64,2352.6,2398.7125,35.423094024284026,NaN,NaN
1728086400,2385.8211020170047,2428.23,2385.8211020170047,2412.5225,37.64384860866737,NaN,NaN
1728129600,2399.1718010085024,2424.15,2390.05,2411.5125,37.54216404817497,NaN,NaN
1728172800,2405.342150504251,2430.73,2405.342150504251,2419.755,38.9905371942819,NaN,NaN
1728216000,2412.5485752521254,2457.8,2412.5485752521254,2435.03,41.68920507351128,NaN,NaN
1728259200,2423.789287626063,2512.92,2423.789287626063,2466.155,46.848394250762006,NaN,NaN
1728302400,2444.972143813032,2521,2403,2455.6375,45.38705079686072,NaN,NaN
1728345600,2450.304821906516,2450.304821906516,2410.51,2430.255,41.9834235144716,NaN,NaN
1728388800,2440.279910953258,2466.66,2401.18,2437.1099999999997,43.221790800666064,NaN,NaN
1728432000,2438.694955476629,2473.61,2427.44,2445.9075000000003,44.848795744649344,NaN,NaN
1728475200,2442.3012277383145,2472.08,2351.42,2408.915,39.69757406374665,NaN,NaN
1728518400,2425.608113869157,2425.608113869157,2366.87,2388.82,37.198150755519436,NaN,NaN
1728561600,2407.2140569345784,2421.36,2330.66,2386.2675,36.88051074751652,NaN,NaN
1728604800,2396.740778467289,2426.22,2381.86,2403.0975,40.488911702647684,NaN,NaN
1728648000,2399.9191392336443,2471.45,2399.9191392336443,2435.8225,46.85135248378742,NaN,NaN
1728691200,2417.8708196168222,2467.51,2417.8708196168222,2448.4625,49.11429618051983,NaN,NaN
1728734400,2433.166659808411,2490.51,2433.166659808411,2467.0525000000002,52.32908201131338,NaN,NaN
1728777600,2450.109579904206,2484.92,2450.109579904206,2468.035,52.49988237748255,NaN,NaN
1728820800,2459.072289952103,2484.6,2436.4,2462.045,51.29325143376946,NaN,NaN
1728864000,2460.5586449760513,2548.43,2443.39,2499.66,57.84535157912164,NaN,NaN
1728907200,2480.1093224880256,2654,2480.1093224880256,2589.0424999999996,68.64064819621287,NaN,NaN
1728950400,2534.575911244013,2637.38,2534.575911244013,2608.3450000000003,70.40334449499136,NaN,NaN
1728993600,2571.4604556220065,2688.6,2537.36,2604.8925,69.64923986741341,NaN,NaN
1729036800,2588.176477811003,2642.69,2588.176477811003,2617.2925,70.85663839371053,NaN,NaN
1729080000,2602.7344889055016,2647.79,2591.58,2620.22,71.14845502864827,NaN,NaN
1729123200,2611.4772444527507,2648.37,2596.49,2613.4925,69.42798756788918,NaN,NaN
1729166400,2612.484872226375,2632.73,2575.4,2602.9849999999997,66.71447739998175,NaN,NaN
1729209600,2607.7349361131874,2651.66,2596.49,2618.98,68.71872274209076,NaN,NaN
1729252800,2613.3574680565935,2675.58,2612.2,2637.9825,70.95620713139768,NaN,NaN
1729296000,2625.6699840282968,2663.49,2625.6699840282968,2642.04,71.42618375250746,NaN,NaN
1729339200,2633.8549920141486,2655.5,2631.04,2641.555,71.277711749969,NaN,NaN
1729382400,2637.7049960070744,2653.56,2635.54,2646.6975,71.94365235871857,NaN,NaN
1729425600,2642.2012480035373,2759,2642,2699.3525,77.65613361592006,NaN,NaN
1729468800,2670.7768740017686,2769.48,2670.7768740017686,2730.6425,80.23191438654828,NaN,NaN
1729512000,2700.7096870008845,2711.36,2655.01,2684.46,67.80728396722796,NaN,NaN
1729555200,2692.5848435004423,2692.5848435004423,2613.2,2646.1825,59.57282067933791,NaN,NaN
1729598400,2669.383671750221,2669.383671750221,2606.56,2626.9399999999996,55.897827866491845,NaN,NaN
1729641600,2648.1618358751102,2648.1618358751102,2563.73,2598.9175,50.96692105775307,NaN,NaN
1729684800,2623.5396679375554,2623.5396679375554,2450,2535.7375,41.97623603294522,NaN,NaN
1729728000,2579.6385839687778,2579.6385839687778,2508.8,2531.38,41.433364531933655,NaN,NaN
1729771200,2555.509291984389,2560,2507.31,2533.1499999999996,41.762833367768074,NaN,NaN
1729814400,2544.3296459921944,2547,2462.06,2522.5024999999996,40.29435569585851,NaN,NaN
1729857600,2533.416072996097,2566.33,2382.59,2483.6675,35.40449842902656,NaN,NaN
1729900800,2508.541786498048,2508.541786498048,2430.12,2455.8575,32.37465951648049,NaN,NaN
1729944000,2482.199643249024,2508,2442.2,2476.4224999999997,36.68935582896041,NaN,NaN
1729987200,2479.311071624512,2486.84,2464.13,2475.835,36.617478315883574,NaN,NaN
1730030400,2477.573035812256,2527.99,2469.75,2493.8500000000004,40.46879064279732,NaN,NaN
1730073600,2485.7115179061284,2544.74,2471.67,2512.8325,44.308778036825416,NaN,NaN
1730116800,2499.272008953064,2589.67,2488,2543.0675,49.85680247922606,NaN,NaN
1730160000,2521.169754476532,2638.8,2521.169754476532,2599.77,58.255755333442416,NaN,NaN
1730203200,2560.4698772382662,2681.86,2560.4698772382662,2639.7675,62.96778610928706,NaN,NaN
1730246400,2600.118688619133,2696.5,2599.66,2648.535,63.9289509909826,NaN,NaN
1730289600,2624.3268443095667,2722.3,2624.3268443095667,2669.0475,66.1430333274572,NaN,NaN
1730332800,2646.687172154783,2669,2625.26,2648.065,61.9538748526723,NaN,NaN
1730376000,2647.376086077392,2647.376086077392,2503,2575.3575,50.110442507755664,NaN,NaN
1730419200,2611.366793038696,2611.366793038696,2467.67,2508.7425000000003,42.15852261672094,NaN,NaN
1730462400,2560.0546465193484,2586.8,2481.68,2523.8525,44.31698084679314,NaN,NaN
1730505600,2541.953573259674,2541.953573259674,2491.2,2507.0675,42.423118430423564,NaN,NaN
1730548800,2524.510536629837,2524.510536629837,2470,2492.7174999999997,40.817152945163855,NaN,NaN
1730592000,2508.614018314918,2508.614018314918,2421.29,2466.595,37.997255178402995,NaN,NaN
1730635200,2487.604509157459,2487.604509157459,2411,2449.68,36.25082780138606,NaN,NaN
1730678400,2468.642254578729,2491.39,2434.99,2463.5775,38.742037119187835,NaN,NaN
1730721600,2466.1098772893647,2486,2357.59,2428,34.97408434459909,NaN,NaN
1730764800,2447.0549386446824,2448,2380.74,2416.895,33.86688438280524,NaN,NaN
1730808000,2431.974969322341,2480,2401.3,2436.12,37.552637796004376,NaN,NaN
1730851200,2434.0474846611705,2643.2,2420.3,2528.7799999999997,51.56414599495097,NaN,NaN
1730894400,2481.413742330585,2744.7,2481.413742330585,2675.8999999999996,64.99413605308693,NaN,NaN
1730937600,2578.6568711652926,2880,2578.6568711652926,2773.4125,70.77770934844246,NaN,NaN
1730980800,2676.0346855826465,2916.11,2676.0346855826465,2844.9649999999997,74.15233748115904,NaN,NaN
1731024000,2760.4998427913233,2954.94,2760.4998427913233,2912.7999999999997,76.87844177076295,NaN,NaN
1731067200,2836.6499213956613,2981.69,2836.6499213956613,2936.9700000000003,77.77776623518224,NaN,NaN
1731110400,2886.809960697831,3058.77,2886.809960697831,3006.4575,80.16623316254194,NaN,NaN
1731153600,2946.6337303489154,3157.4,2946.6337303489154,3081.4449999999997,82.36857985308365,NaN,NaN
1731196800,3014.0393651744575,3230,3014.0393651744575,3169.975,84.54980598794027,NaN,NaN
1731240000,3092.0071825872287,3248.52,3069,3180.1850000000004,84.783606304908,NaN,NaN
1731283200,3136.0960912936143,3221.8,3105,3176.9475,84.34773996947933,NaN,NaN
1731326400,3156.5217956468073,3387.61,3139.5,3274.1225,86.57814369635524,NaN,NaN
1731369600,3215.3221478234036,3442.5,3207.67,3326.045,87.59527992927859,NaN,NaN
1731412800,3270.683573911702,3304.78,3208.33,3259.83,79.33806453289407,NaN,NaN
1731456000,3265.2567869558507,3285.52,3116.69,3203.5,73.03098753023718,NaN,NaN
1731499200,3234.3783934779253,3331,3118.39,3201.1375,72.76970288846542,NaN,NaN
1731542400,3217.7579467389623,3240.4,3155,3191.9474999999998,71.6951571451132,NaN,NaN
1731585600,3204.8527233694813,3204.8527233694813,3028.56,3117.8974999999996,63.55191776260327,NaN,NaN
1731628800,3161.3751116847407,3161.3751116847407,3014.79,3072.9725,59.16160900571846,NaN,NaN
1731672000,3117.1738058423703,3131.06,3014.5,3084.965,59.95685395448985,NaN,NaN
1731715200,3101.0694029211854,3195.63,3072,3138.245,63.36966583097315,NaN,NaN
1731758400,3119.6572014605927,3219.97,3119.6572014605927,3167.1475,65.10698088839465,NaN,NaN
1731801600,3143.4023507302963,3162.11,3034.99,3108.875,59.02828022806262,NaN,NaN
1731844800,3126.138675365148,3126.72,3042.93,3087.795,56.956617604950345,NaN,NaN
1731888000,3106.966837682574,3149.71,3050.01,3082.9975,56.47086803591143,NaN,NaN
1731931200,3094.9821688412867,3224.94,3052.19,3135.3050000000003,60.433050451725165,NaN,NaN
1731974400,3115.1435844206435,3221.2,3091.13,3161.6625,62.295451220143896,NaN,NaN
1732017600,3138.4030422103215,3150,3065.4,3112.3375,56.89804075164846,NaN,NaN
1732060800,3125.370271105161,3135.13,3071.6,3103.5,55.96247770009794,NaN,NaN
1732104000,3114.4351355525805,3159.2,3029.41,3089.6,54.44608235590664,NaN,NaN
1732147200,3102.01756777629,3155,3032.59,3101.3275,55.54067788354467,NaN,NaN
1732190400,3101.672533888145,3386.73,3101.672533888145,3259.1199999999994,67.02250883607775,NaN,NaN
1732233600,3180.3962669440725,3425.92,3180.3962669440725,3357.735,71.90573933928371,NaN,NaN
1732276800,3269.065633472036,3357.18,3257.54,3321.815,67.95834564992455,NaN,NaN
1732320000,3295.440316736018,3402.98,3295.440316736018,3349.5325,69.35629233495281,NaN,NaN
1732363200,3322.4864083680086,3497.51,3322.4864083680086,3398.9375,71.72433758140482,NaN,NaN
1732406400,3360.7119541840043,3450,3339.11,3381.81,69.71306641456798,NaN,NaN
1732449600,3371.260977092002,3372.22,3281.4,3339.76,64.90120047678997,NaN,NaN
1732492800,3355.5104885460014,3527,3300.01,3415.0150000000003,69.02221158667328,NaN,NaN
1732536000,3385.262744273001,3546.66,3348.72,3445.4275,70.52819339769684,NaN,NaN
1732579200,3415.3451221365003,3462.49,3280.1,3370.0225,62.42492783194442,NaN,NaN
1732622400,3392.68381106825,3392.68381106825,3252,3315.5625,57.3040457692692,NaN,NaN
1732665600,3354.123155534125,3485.5,3302.4,3393.2675,62.08342836928031,NaN,NaN
1732708800,3373.6953277670627,3684.92,3373.6953277670627,3559.985,69.8750565839173,NaN,NaN
1732752000,3466.840163883531,3661.92,3466.840163883531,3625.1125,72.27214135376286,NaN,NaN
1732795200,3545.9763319417657,3642.19,3529.76,3592.8125,69.32585349624975,NaN,NaN
1732838400,3569.3944159708826,3602.85,3534.28,3577.6675,67.92754937139023,NaN,NaN
1732881600,3573.530957985441,3647.98,3559.24,3598.545,68.85998556191151,NaN,NaN
1732924800,3586.0379789927206,3726.71,3568.4,3635.255,70.4848691939699,NaN,NaN
1732968000,3610.64648949636,3738.98,3610.64648949636,3686.9100000000003,72.64764195790036,NaN,NaN
1733011200,3648.7782447481804,3732.34,3648.7782447481804,3696.8875000000003,73.05830456111634,NaN,NaN
1733054400,3672.8328723740906,3746.8,3672.8328723740906,3706.3625,73.46572219330719,NaN,NaN
1733097600,3689.5976861870454,3760,3569.58,3656.545,67.67134084801434,NaN,NaN
1733140800,3673.071343093523,3682.01,3554.32,3617.185,63.415589922460846,NaN,NaN
1733184000,3645.128171546761,3670,3585,3628.06,64.08759836506539,NaN,NaN
1733227200,3636.5940857733804,3636.5940857733804,3500,3590.7825,60.017904885433474,NaN,NaN
1733270400,3613.68829288669,3751.44,3613.68829288669,3677.3875000000003,65.49935850930336,NaN,NaN
1733313600,3645.537896443345,3887.24,3645.537896443345,3786.0325000000003,70.89087364723034,NaN,NaN
1733356800,3715.7851982216725,3943.28,3715.7851982216725,3869.4425,74.22155737583554,NaN,NaN
1733400000,3792.6138491108363,3956,3677,3837.295,70.85646143114049,NaN,NaN
1733443200,3814.954424555418,3929,3777.26,3839.6225000000004,70.95912214895415,NaN,NaN
1733486400,3827.288462277709,4087.73,3827.288462277709,3946.3774999999996,75.26327287516465,NaN,NaN
1733529600,3886.8329811388544,4024.46,3886.8329811388544,3997.4075000000003,77.01679161987667,NaN,NaN
1733572800,3942.1202405694276,4024.01,3942.1202405694276,3998.68,77.06046027129852,NaN,NaN
1733616000,3970.400120284714,4008.99,3923.5,3975.1375,74.2496407959247,NaN,NaN
1733659200,3972.768810142357,4015.58,3956.16,3986.935,74.74673756185226,NaN,NaN
1733702400,3979.8519050711784,4006.17,3841.24,3925.6099999999997,67.45692380771234,NaN,NaN
1733745600,3952.730952535589,3952.730952535589,3509,3754.4700000000003,52.16663554679399,NaN,NaN
1733788800,3853.600476267795,3853.600476267795,3615.11,3714.4950000000003,49.352653779747136,NaN,NaN
1733832000,3784.047738133898,3784.047738133898,3515.89,3662.185,45.866063985312984,NaN,NaN
1733875200,3723.116369066949,3728,3562.34,3658.855,45.64499505724132,NaN,NaN
1733918400,3690.9856845334743,3848.64,3690.9856845334743,3776.615,54.074931371620565,NaN,NaN
1733961600,3733.800342266737,3947.81,3733.800342266737,3872.4525000000003,59.57042036681336,NaN,NaN
1734004800,3803.1264211333687,3987.41,3803.1264211333687,3904.6175000000003,61.24652062112171,NaN,NaN
1734048000,3853.8719605666847,3941.19,3852.94,3894.3075,60.382406746493054,NaN,NaN
1734091200,3874.0897302833423,3968.47,3874.0897302833423,3913.9425,61.496562692371356,NaN,NaN
1734134400,3894.0161151416714,3945,3886.2,3908.1325,60.950347232940956,NaN,NaN
1734177600,3901.074307570836,3901.074307570836,3825.03,3872.1625000000004,57.54271673243271,NaN,NaN
1734220800,3886.618403785418,3911.5,3831.5,3872.7275,57.58283209062709,NaN,NaN
1734264000,3879.672951892709,3974.61,3844.4,3913.9275000000002,60.512708308391915,NaN,NaN
1734307200,3896.8002259463547,4025.18,3896.8002259463547,3949.0825,62.8694580183568,NaN,NaN
1734350400,3922.941362973177,4107.8,3884,3971.93,64.35830719218245,NaN,NaN
1734393600,3947.4356814865887,4041.82,3943,3992.0499999999997,65.66400601833232,NaN,NaN
1734436800,3969.7428407432944,4025.6,3847.96,3940.93,59.681639864205074,NaN,NaN
1734480000,3955.3364203716474,3955.3364203716474,3803.63,3870.6225,52.58571665580962,NaN,NaN
1734523200,3912.979460185824,3912.979460185824,3617.42,3758.5175,43.66994708076005,NaN,NaN
1734566400,3835.748480092912,3835.748480092912,3542.22,3648.66,37.04205377465967,NaN,NaN
1734609600,3742.204240046456,3742.204240046456,3326.8,3539.9075,31.883243460490746,NaN,NaN
1734652800,3641.0558700232277,3641.0558700232277,3103,3272.5425,23.29409177891681,NaN,NaN
1734696000,3456.799185011614,3497.84,3101.9,3294.1575000000003,25.05194857291164,NaN,NaN
1734739200,3375.478342505807,3555.18,3375.478342505807,3473.3799999999997,37.78352183939372,NaN,NaN
1734782400,3424.4291712529034,3444.24,3293.11,3379.625,34.48348028208645,NaN,NaN
1734825600,3402.0270856264515,3403,3295.07,3354.505,33.635806600517824,NaN,NaN
1734868800,3378.266042813226,3397.88,3221.1,3320.46,32.470798451271065,NaN,NaN
1734912000,3349.363021406613,3363.12,3216.97,3300.365,31.771308352402798,NaN,NaN
1734955200,3324.864010703306,3466.99,3269.35,3374.5950000000003,37.156773406103085,NaN,NaN
1734998400,3349.729505351653,3434.97,3349.729505351653,3407.5625,39.442961885000265,NaN,NaN
1735041600,3378.646002675827,3539.65,3378.646002675827,3460.745,43.042695800199546,NaN,NaN
1735084800,3419.6955013379134,3547.95,3419.6955013379134,3492.54,45.142210138379774,NaN,NaN
1735128000,3456.1177506689564,3501.05,3440.93,3477.505,44.31043728628806,NaN,NaN
1735171200,3466.8113753344783,3514.94,3346.87,3433.0225000000005,41.85333930005595,NaN,NaN
1735214400,3449.9169376672394,3449.9169376672394,3304.63,3346.74,37.50858396722333,NaN,NaN
1735257600,3398.32846883362,3444.16,3317.25,3378.9300000000003,40.0106142719881,NaN,NaN
1735300800,3388.62923441681,3423,3306.6,3370.5950000000003,39.56884562393917,NaN,NaN
1735344000,3379.612117208405,3379.612117208405,3322.23,3344.625,38.15525058901998,NaN,NaN
1735387200,3362.1185586042025,3428.68,3351.02,3385.7325,41.70530079953242,NaN,NaN
1735430400,3373.9255293021015,3413.78,3373.9255293021015,3397.9425,42.75638615852374,NaN,NaN
1735473600,3385.934014651051,3410.92,3326.17,3372.9849999999997,41.124175447518965,NaN,NaN
1735516800,3379.459507325525,3437.59,3347.77,3391.4925000000003,42.86598761082718,NaN,NaN
1735560000,3385.4760036627627,3430.2,3305,3380.29,42.054964069215096,NaN,NaN
1735603200,3382.883001831381,3410,3315.59,3370.5375,41.321991767852396,NaN,NaN
1735646400,3376.7102509156903,3451,3328.47,3377.9975,42.15253488148071,NaN,NaN
1735689600,3377.353875457845,3377.353875457845,3313.88,3340.2700000000004,39.135620884775825,NaN,NaN
1735732800,3358.8119377289227,3374.85,3323.03,3349.8175,40.30009330883187,NaN,NaN
1735776000,3354.3147188644616,3476,3354.3147188644616,3415.5175,47.713472254846415,NaN,NaN
1735819200,3384.9161094322308,3509.99,3384.9161094322308,3464.6575,52.46775832906481,NaN,NaN
1735862400,3424.7868047161155,3477.03,3423.44,3455.4425,51.521672939770724,NaN,NaN
1735905600,3440.114652358058,3630,3440.114652358058,3541.4700000000003,58.961400086632494,NaN,NaN
1735948800,3490.7923261790293,3620.86,3490.7923261790293,3601.0725,63.17770572898403,NaN,NaN
1735992000,3545.9324130895147,3671.6,3545.9324130895147,3630.6375,65.09347940522737,NaN,NaN
1736035200,3588.2849565447573,3675.25,3588.2849565447573,3637.2324999999996,65.52437015040351,NaN,NaN
1736078400,3612.7587282723784,3656.88,3593.7,3625.0075,63.94853793153264,NaN,NaN
1736121600,3618.8831141361893,3698.04,3610.63,3649.7975,65.74745958906345,NaN,NaN
1736164800,3634.3403070680947,3744.83,3622.1,3677.2225,67.6694752188027,NaN,NaN
1736208000,3655.781403534047,3700.86,3625.55,3663.28,65.65252913486351,NaN,NaN
1736251200,3659.530701767024,3659.530701767024,3356.31,3505.7124999999996,48.176362968910716,NaN,NaN
1736294400,3582.6216008835117,3582.6216008835117,3306.41,3363.1525,38.25450480423826,NaN,NaN
1736337600,3472.887050441756,3472.887050441756,3208.2,3317.9075000000003,35.73881688229547,NaN,NaN
1736380800,3395.3972752208783,3395.3972752208783,3265.77,3312.935,35.462799722828535,NaN,NaN
1736424000,3354.1661376104394,3354.1661376104394,3158,3253.9025,32.27585364272018,NaN,NaN
1736467200,3304.0343188052198,3321.25,3213.74,3266.4599999999996,33.641982895125906,NaN,NaN
1736510400,3285.2471594026097,3322.49,3193.97,3273.785,34.472334581915746,NaN,NaN
1736553600,3279.516079701305,3280.5,3217.56,3259.73,33.60345321121905,NaN,NaN
1736596800,3269.6230398506523,3320.18,3258.3,3283.78,36.55049920086121,NaN,NaN
1736640000,3276.7015199253265,3290.91,3224.49,3262.8125,35.08825649440789,NaN,NaN
1736683200,3269.7570099626632,3300,3234.38,3263.6775,35.20342463184069,NaN,NaN
1736726400,3266.7172549813313,3339,3055.88,3179.835,29.702508825066786,NaN,NaN
1736769600,3223.2761274906657,3223.2761274906657,2920,3064.465,24.117793789738414,NaN,NaN
1736812800,3143.870563745333,3256.67,3125.65,3184.3625,37.30976514003959,NaN,NaN
1736856000,3164.1165318726667,3240.69,3164.1165318726667,3214.0125,40.083808248634526,NaN,NaN
1736899200,3189.064515936333,3252.35,3186.36,3215.985,40.2731558789415,NaN,NaN
1736942400,3202.5247579681663,3473.75,3186.73,3327.9025,49.93976631220812,NaN,NaN
1736985600,3265.2136289840832,3460.79,3265.2136289840832,3390.945,54.415290893293275,NaN,NaN
1737028800,3328.0793144920417,3365.95,3265.44,3322.675,49.27745205556076,NaN,NaN
1737072000,3325.377157246021,3439,3307.5,3369.445,52.5806689822373,NaN,NaN
1737115200,3347.4110786230103,3525.72,3347.4110786230103,3454.4349999999995,57.94087421276252,NaN,NaN
1737158400,3400.923039311505,3494.39,3227,3376.6624999999995,52.133428052489236,NaN,NaN
1737201600,3388.792769655752,3388.792769655752,3250,3304.17,47.36765123782785,NaN,NaN
1737244800,3346.4813848278764,3378.11,3130.48,3241.5674999999997,43.65617738351564,NaN,NaN
1737288000,3294.0244424139382,3448.99,3145,3239.7725,43.55080708214069,NaN,NaN
1737331200,3266.898471206969,3453.69,3142.78,3296.775,47.8550695218325,NaN,NaN
1737374400,3281.8367356034846,3390.68,3205.42,3313.88,49.10906309661533,NaN,NaN
1737417600,3297.858367801742,3314,3204.6,3276.915,46.50622802167722,NaN,NaN
1737460800,3287.386683900871,3368,3265.11,3316.4300000000003,49.58248356584905,NaN,NaN
1737504000,3301.908341950436,3365.99,3273.83,3323.4799999999996,50.13346905097794,NaN,NaN
1737547200,3312.6941709752177,3332.7,3222.85,3281.175,46.82644635146327,NaN,NaN
1737590400,3296.934585487609,3296.934585487609,3185,3225.5075,42.82344512112,NaN,NaN
1737633600,3261.221042743805,3347.97,3189.69,3272.2375,46.925129273142204,NaN,NaN
1737676800,3266.7292713719025,3421,3266.7292713719025,3358.5849999999996,53.55522454200746,NaN,NaN
1737720000,3312.6571356859513,3428,3304.11,3360.3525,53.682770803239414,NaN,NaN
1737763200,3336.5048178429756,3336.5048178429756,3268.66,3302.6675,48.95738536529594,NaN,NaN
1737806400,3319.586158921488,3350.68,3294.24,3317.65,50.18391482276903,NaN,NaN
1737849600,3318.618079460744,3362,3292.82,3321.4700000000003,50.51044429405508,NaN,NaN
1737892800,3320.044039730372,3344.88,3230,3279.9475,46.911024337209064,NaN,NaN
1737936000,3299.995769865186,3299.995769865186,3020.01,3141.3675000000003,37.34580552067159,NaN,NaN
1737979200,3220.681634932593,3239,3046.68,3131.7650000000003,36.78608401475869,NaN,NaN
1738022400,3176.223317466297,3223.01,3151.62,3185.9525,42.06306090183138,NaN,NaN
1738065600,3181.0879087331487,3214.38,3040.03,3129.72,38.47375832920997,NaN,NaN
1738108800,3155.403954366574,3164.11,3076.31,3113.3175,37.46938966553695,NaN,NaN
1738152000,3134.360727183287,3182.52,3054.06,3121.4024999999997,38.32406067966728,NaN,NaN
1738195200,3127.881613591643,3229.82,3091.06,3164.3725000000004,42.7989311088973,NaN,NaN
1738238400,3146.1270567958218,3283.43,3146.1270567958218,3240.6924999999997,49.76980530636547,NaN,NaN
1738281600,3193.4097783979105,3338.55,3193.4097783979105,3283.7225,53.23050154725469,NaN,NaN
1738324800,3238.566139198955,3437.31,3238.566139198955,3337.99,57.23240494732608,NaN,NaN
1738368000,3288.2780695994775,3331.98,3224.01,3277.285,51.88419660825306,NaN,NaN
1738411200,3282.7815347997384,3282.7815347997384,3101.7,3186.1400000000003,45.073647969873704,NaN,NaN
1738454400,3234.4607673998694,3234.4607673998694,3052.19,3099.4475,39.73150637578284,NaN,NaN
1738497600,3166.9541336999346,3166.9541336999346,2750.71,2946.795,32.44050239776719,NaN,NaN
1738540800,3056.8745668499673,3056.8745668499673,2125.01,2612.2125,22.63583591464733,NaN,NaN
1738584000,2834.5435334249837,2921,2529.39,2727.9249999999997,30.46329975660217,NaN,NaN
1738627200,2781.2342667124917,2888.5,2663.21,2797.3974999999996,34.73295230603706,NaN,NaN
1738670400,2789.3158833562456,2869.39,2632.6,2747.7925,33.166988544870065,NaN,NaN
1738713600,2768.554191678123,2817.89,2699.13,2762.055,34.08715198065103,NaN,NaN
1738756800,2765.304595839061,2826.95,2715.27,2782.6175,35.46665625607136,NaN,NaN
1738800000,2773.9610479195308,2857.64,2755.69,2801.375,36.76677209339724,NaN,NaN
1738843200,2787.6680239597654,2807.77,2655.28,2738.4025,34.27056931187664,NaN,NaN
1738886400,2763.0352619798828,2764.78,2668.03,2720.5325000000003,33.57396635838012,NaN,NaN
1738929600,2741.7838809899413,2797.5,2562.51,2686.2000000000003,32.21896078901415,NaN,NaN
1738972800,2713.9919404949705,2713.9919404949705,2594.63,2624.34,29.87907455902713,NaN,NaN
1739016000,2669.1659702474853,2669.1659702474853,2588.8,2621.1150000000002,29.757739129397535,NaN,NaN
1739059200,2645.140485123743,2698.9,2626.63,2653.1925,32.68581651547197,NaN,NaN
1739102400,2649.1664925618716,2666.38,2520.02,2617.0950000000003,31.114002193537928,NaN,NaN
1739145600,2633.130746280936,2662,2559.85,2625.5475,31.939338230824916,NaN,NaN
1739188800,2629.339123140468,2693.79,2629.339123140468,2659.845,35.32540517660496,NaN,NaN
1739232000,2644.592061570234,2725.04,2644.592061570234,2688.9375,38.136881578761916,NaN,NaN
1739275200,2666.764780785117,2710.29,2558.24,2644.98,35.61746297073202,NaN,NaN
1739318400,2655.8723903925584,2655.8723903925584,2569.31,2609.6175,33.68930813636828,NaN,NaN
1739361600,2632.7449451962793,2795.45,2546.92,2676.93,40.312945057603834,NaN,NaN
1739404800,2654.8374725981394,2757.28,2650.65,2700.5975000000003,42.4882053273481,NaN,NaN
1739448000,2677.7174862990696,2679.99,2612.76,2656.2,39.57455187175614,NaN,NaN
1739491200,2666.9587431495347,2721.4,2664.46,2686.635,42.48621375880116,NaN,NaN
1739534400,2676.7968715747675,2791.78,2676.7968715747675,2719.99,45.58108956665067,NaN,NaN
1739577600,2698.3934357873836,2739,2694,2716.83,45.33221014916146,NaN,NaN
1739620800,2707.611717893692,2713.99,2662.28,2694.42,43.51749836954095,NaN,NaN
1739664000,2701.015858946846,2727.31,2687.71,2704.7625,44.619360078433374,NaN,NaN
1739707200,2702.8891794734227,2712.49,2651.26,2684.0375,42.816834577470644,NaN,NaN
1739750400,2693.4633397367115,2774.98,2637.71,2707.325,45.48192298949833,NaN,NaN
1739793600,2700.3941698683557,2849.7,2686.91,2758.965,50.94202882944379,NaN,NaN
1739836800,2729.679584934178,2756.93,2652.17,2708.1025,46.05002737160969,NaN,NaN
1739880000,2718.891042467089,2732.8,2605.44,2672.3725,42.93111947108158,NaN,NaN
1739923200,2695.6317712335444,2736.7,2656.03,2697.915,45.759336423158906,NaN,NaN
1739966400,2696.7733856167724,2734.37,2677.51,2713.5775,47.478176720770016,NaN,NaN
1740009600,2705.175442808386,2758.68,2705.175442808386,2731.1475,49.41473221724273,NaN,NaN
1740052800,2718.161471404193,2770.59,2707.18,2739.1274999999996,50.310854942104655,NaN,NaN
1740096000,2728.644485702096,2831.71,2726,2771.12,53.84128127072935,NaN,NaN
1740139200,2749.882242851048,2845.32,2616.72,2728.4425,48.85465255488356,NaN,NaN
1740182400,2739.162371425524,2753.59,2653.33,2700.7275,45.882704261117276,NaN,NaN
1740225600,2719.944935712762,2798.07,2719.944935712762,2754.1099999999997,51.94630772467622,NaN,NaN
1740268800,2737.027467856381,2831.58,2737.027467856381,2784.4249999999997,55.02794013504288,NaN,NaN
1740312000,2760.7262339281906,2857.34,2760.7262339281906,2811.9975,57.685865539088496,NaN,NaN
1740355200,2786.3618669640955,2839.95,2663.03,2753.1675,50.788646287753686,NaN,NaN
1740398400,2769.764683482048,2769.764683482048,2470.33,2592.62,37.5824198268963,NaN,NaN
1740441600,2681.192341741024,2681.192341741024,2313.49,2447.825,30.004734139998604,NaN,NaN
1740484800,2564.508670870512,2564.508670870512,2361.89,2456.1949999999997,30.87241458783076,NaN,NaN
1740528000,2510.351835435256,2510.351835435256,2457.77,2481.4375,33.54783400901522,NaN,NaN
1740571200,2495.894667717628,2495.894667717628,2253.77,2380.4375,28.752775095774254,NaN,NaN
1740614400,2438.166083858814,2438.166083858814,2303.22,2343.7549999999997,27.230452957152522,NaN,NaN
1740657600,2390.9605419294066,2390.9605419294066,2230.57,2313.6175,26.01193365227654,NaN,NaN
1740700800,2352.289020964703,2352.289020964703,2076.26,2205.99,22.19260865093443,NaN,NaN
1740744000,2279.1395104823514,2279.1395104823514,2105.38,2180.9750000000004,21.40590789287974,NaN,NaN
1740787200,2230.057255241176,2281.14,2171.41,2218.64,25.678001322503917,NaN,NaN
1740830400,2224.3486276205876,2235.99,2142.73,2195.1349999999998,24.773025739842822,NaN,NaN
1740873600,2209.741813810294,2260.84,2201.1,2229.5550000000003,28.733924846190703,NaN,NaN
1740916800,2219.648406905147,2550.58,2172.04,2369.9025,42.11684480549176,NaN,NaN
1740960000,2294.775453452574,2523.56,2294.775453452574,2429.9625,46.72724403563201,NaN,NaN
1741003200,2362.3689767262867,2389,2097.91,2248.0175,37.08947517568646,NaN,NaN
1741046400,2305.1932383631433,2305.1932383631433,2002.81,2105.0925,31.579341142447475,NaN,NaN
1741089600,2205.1428691815718,2221.88,1993.2,2121.9925000000003,32.8496890893981,NaN,NaN
1741132800,2163.567684590786,2273.51,2155.03,2204.44,38.81778888415725,NaN,NaN
1741176000,2184.003842295393,2252.86,2161.78,2218.4875,39.79952373543203,NaN,NaN
1741219200,2201.2456711476966,2319.99,2201.2456711476966,2273.31,43.602908203621524,NaN,NaN
1741262400,2237.2778355738483,2298.9,2176.9,2243.8975,42.067326253691235,NaN,NaN
1741305600,2240.587667786924,2240.587667786924,2101.82,2182.2275,38.968495400697634,NaN,NaN
1741348800,2211.4075838934623,2258.47,2115,2178.14,38.764670350773855,NaN,NaN
1741392000,2194.773791946731,2194.773791946731,2105.06,2136.1525,36.64436663745032,NaN,NaN
1741435200,2165.4631459733655,2234.93,2138.1,2179.64,40.28735193295058,NaN,NaN
1741478400,2172.551572986683,2212,2128.43,2172.675,39.89171551875748,NaN,NaN
1741521600,2172.6132864933415,2172.6132864933415,1989.66,2075.9175,34.78165566324044,NaN,NaN
1741564800,2124.265393246671,2152.4,1995.08,2074.0074999999997,34.68719611121794,NaN,NaN
1741608000,2099.1364466233354,2135.98,1810.01,1984.8000000000002,30.51840489000236,NaN,NaN
1741651200,2041.9682233116678,2041.9682233116678,1754.28,1865.7975,26.02503940054143,NaN,NaN
1741694400,1953.882861655834,1963.2,1840.53,1910.32,30.1676554105741,NaN,NaN
1741737600,1932.1014308279168,1960,1852.3,1913.14,30.4333881337362,NaN,NaN
1741780800,1922.6207154139584,1947,1829.72,1900.4424999999999,29.882006909966577,NaN,NaN
1741824000,1911.5316077069792,1917.12,1853.9,1894.8649999999998,29.628078556604933,NaN,NaN
1741867200,1903.1983038534895,1923.09,1821.81,1877.4325,28.804202155662992,NaN,NaN
1741910400,1890.3154019267447,1908.93,1861.31,1884.3075,29.63522240626044,NaN,NaN
1741953600,1887.3114509633724,1945.64,1877.69,1909.3474999999999,32.71569481420869,NaN,NaN
1741996800,1898.3294754816861,1935.21,1898.3294754816861,1919.9,34.02649732862358,NaN,NaN
1742040000,1909.114737740843,1957.19,1909.114737740843,1936.4775,36.13152776981177,NaN,NaN
1742083200,1922.7961188704217,1940.87,1866.9,1904.7375000000002,33.90116247842741,NaN,NaN
1742126400,1913.766809435211,1924.11,1860.38,1886.375,32.64564017572438,NaN,NaN
1742169600,1900.0709047176056,1918.42,1879.98,1899,34.44331480183085,NaN,NaN
1742212800,1899.5354523588028,1952.4,1888.01,1919.3249999999998,37.34266800489899,NaN,NaN
1742256000,1909.4302261794014,1930.25,1885.58,1908.64,36.43049366506774,NaN,NaN
1742299200,1909.0351130897006,1936.2,1872.31,1908.1175,36.3836904478498,NaN,NaN
1742342400,1908.5763065448505,2033.79,1908.5763065448505,1980.225,46.582964478410176,NaN,NaN
1742385600,1944.4006532724252,2069.9,1944.4006532724252,2037.1524999999997,52.99078247509148,NaN,NaN
1742428800,1990.7765766362124,2067.9,1972.4,2021.3575,51.157122948626416,NaN,NaN
1742472000,2006.0670383181064,2010.66,1952.17,1983.9275,47.00607951300735,NaN,NaN
1742515200,1994.9972691590533,1996.73,1956.6,1975.9825,46.15006284658687,NaN,NaN
1742558400,1985.4898845795267,1985.4898845795267,1937.1,1963.2649999999999,44.74540935454905,NaN,NaN
1742601600,1974.3774422897632,2006.61,1964.34,1981.7749999999999,47.261432275895864,NaN,NaN
1742644800,1978.0762211448814,2004.3,1974.78,1987.545,48.055468181983855,NaN,NaN
1742688000,1982.8106105724407,2020.74,1976.81,1996.56,49.338866063485234,NaN,NaN
1742731200,1989.6853052862202,2020.2,1980.77,2003.7424999999998,50.39053871364446,NaN,NaN
1742774400,1996.71390264311,2104.11,1977.67,2045.1350000000002,56.052542257927996,NaN,NaN
1742817600,2020.9244513215551,2102.49,2020.9244513215551,2086.0325000000003,60.81161925947929,NaN,NaN
1742860800,2053.478475660778,2097.7,2037.08,2071.165,58.33836318829774,NaN,NaN
1742904000,2062.321737830389,2083.52,2051.88,2067.5575,57.72488564003875,NaN,NaN
1742947200,2064.9396189151944,2079.21,2042.6,2064.12,57.10862112958565,NaN,NaN
1742990400,2064.5298094575974,2070.52,1981.6,2032.54,51.65289175514726,NaN,NaN
1743033600,2048.5349047287987,2048.5349047287987,2006.78,2017.4725,49.23605057578352,NaN,NaN
1743076800,2033.0037023643995,2033.0037023643995,1987.06,2008.3125,47.77262207903913,NaN,NaN
1743120000,2020.6581011821997,2020.6581011821997,1860,1945.02,39.12031211251321,NaN,NaN
1743163200,1982.8390505910997,1982.8390505910997,1862.14,1890.8450000000003,33.52357762837103,NaN,NaN
1743206400,1936.84202529555,1936.84202529555,1833.5,1872.1375,31.830127955026327,NaN,NaN
1743249600,1904.489762647775,1904.489762647775,1797.2,1833.395,28.607178254398775,NaN,NaN
1743292800,1868.9423813238875,1868.9423813238875,1812.69,1830.7649999999999,28.39697472281071,NaN,NaN
1743336000,1849.8536906619438,1849.8536906619438,1767.69,1812.105,26.887400811444508,NaN,NaN
1743379200,1830.979345330972,1830.979345330972,1776.75,1805.355,26.341886685706868,NaN,NaN
1743422400,1818.1671726654859,1854.22,1794.94,1821.255,29.947339753217875,NaN,NaN
1743465600,1819.711086332743,1892.55,1817.88,1848.805,35.81026059846239,NaN,NaN
1743508800,1834.2580431663714,1927.9,1834.2580431663714,1884.4175,42.50847120291693,NaN,NaN
1743552000,1859.3377715831857,1908.41,1852,1883.5275000000001,42.389422979551256,NaN,NaN
1743595200,1871.432635791593,1957,1781.53,1850.6200000000001,38.13658533176687,NaN,NaN
1743638400,1861.0263178957966,1861.0263178957966,1787.23,1805.7075000000002,33.23561530896272,NaN,NaN
1743681600,1833.3669089478985,1833.3669089478985,1750,1796.0500000000002,32.275130676216676,NaN,NaN
1743724800,1814.7084544739494,1835.68,1758.72,1798.8775,32.88666117649633,NaN,NaN
1743768000,1806.7929772369748,1828.9,1769.45,1799.775,33.0931786822828,NaN,NaN
1743811200,1803.2839886184875,1827.29,1803.2839886184875,1813.875,36.404082772335386,NaN,NaN
1743854400,1808.5794943092437,1810.04,1764.39,1796.9450000000002,34.214748461759555,NaN,NaN
1743897600,1802.762247154622,1817,1783,1798.8025000000002,34.67891298225142,NaN,NaN
1743940800,1800.782373577311,1800.782373577311,1537.5,1674.885,23.013242242303775,NaN,NaN
1743984000,1737.8336867886555,1737.8336867886555,1411.01,1522.2725,15.913392470991681,NaN,NaN
1744027200,1630.0530933943278,1639,1478.12,1538.3174999999999,18.751450460853405,NaN,NaN
1744070400,1584.1852966971637,1618.67,1541.04,1575.2675,25.027092878360406,NaN,NaN
1744113600,1579.7263983485818,1593.47,1441.3,1524.125,22.4431730972791,NaN,NaN
1744156800,1551.925699174291,1551.925699174291,1385.05,1452.585,19.4223694459765,NaN,NaN
1744200000,1502.2553495871455,1689,1440.2,1563.51,34.20901915155325,NaN,NaN
1744243200,1532.8826747935727,1669.85,1532.8826747935727,1628.8824999999997,41.072205894367045,NaN,NaN
1744286400,1580.8825873967862,1640,1471.02,1557.0175,36.55737509427464,NaN,NaN
1744329600,1568.950043698393,1585,1504.63,1542.665,35.71303954598035,NaN,NaN
1744372800,1555.8075218491965,1591.47,1541.48,1564.65,38.072471282197036,NaN,NaN
1744416000,1560.2287609245982,1606.41,1546.06,1578.3449999999998,39.56054790117543,NaN,NaN
1744459200,1569.286880462299,1669.59,1569.286880462299,1624.6325,44.421637875817154,NaN,NaN
1744502400,1596.9596902311496,1649.75,1592.58,1622.7,44.26157872732687,NaN,NaN
1744545600,1609.8298451155747,1649.04,1562.01,1603.275,42.5999969855656,NaN,NaN
1744588800,1606.5524225577874,1691.5,1595.56,1640.0349999999999,46.679333553926774,NaN,NaN
1744632000,1623.2937112788936,1689.59,1606.01,1648.6725000000001,47.621287528891635,NaN,NaN
1744675200,1635.9831056394469,1651.96,1614.8,1630.6475,45.80284948918094,NaN,NaN
1744718400,1633.3153028197235,1661.21,1583.12,1616.2924999999998,44.350379001315204,NaN,NaN
1744761600,1624.8039014098617,1624.8039014098617,1551.18,1582.13,41.01682147936664,NaN,NaN
1744804800,1603.466950704931,1613.66,1538.07,1578.2625,40.644364330311355,NaN,NaN
1744848000,1590.8647253524655,1610.53,1574.69,1588.9100000000003,42.20047538645056,NaN,NaN
1744891200,1589.887362676233,1616.96,1563.2,1589.2625,42.25445046742545,NaN,NaN
1744934400,1589.5749313381166,1592.82,1573.54,1585.165,41.76620460451647,NaN,NaN
1744977600,1587.3699656690583,1600.64,1579.09,1589.75,42.56592978390977,NaN,NaN
1745020800,1588.5599828345291,1613.48,1585.01,1595.97,43.695579748093984,NaN,NaN
1745064000,1592.2649914172646,1631.81,1592.2649914172646,1609.2325,46.12863501185441,NaN,NaN
1745107200,1600.7487457086322,1619.19,1565.59,1592.665,43.59434724425246,NaN,NaN
1745150400,1596.706872854316,1600.75,1571.1,1582.9549999999997,42.13332121898109,NaN,NaN
1745193600,1589.830936427158,1658.75,1586.18,1614.6575,48.233411754266335,NaN,NaN
1745236800,1602.244218213579,1641.82,1564.07,1602.9499999999998,46.29263764959254,NaN,NaN
1745280000,1602.5971091067895,1638.16,1537.26,1596.5049999999999,45.21407810804728,NaN,NaN
1745323200,1599.5510545533948,1778,1599.5510545533948,1698.0349999999999,60.73439642077002,NaN,NaN
1745366400,1648.7930272766973,1818.18,1648.7930272766973,1779.1525000000001,68.42954978955493,NaN,NaN
1745409600,1713.9727636383486,1834.86,1713.9727636383486,1797.1924999999999,69.84492652372727,NaN,NaN
1745452800,1755.5826318191744,1802.82,1722.9,1768.975,64.94065375043434,NaN,NaN
1745496000,1762.2788159095871,1777.77,1744.4,1761.73,63.70382435810956,NaN,NaN
1745539200,1762.0044079547936,1793.29,1738.6,1773.005,64.82654326583314,NaN,NaN
1745582400,1767.5047039773967,1827.32,1757.25,1789.915,66.50019168351409,NaN,NaN
1745625600,1778.7098519886983,1841.16,1778.7098519886983,1797.6375000000003,67.26621915203972,NaN,NaN
1745668800,1788.1736759943492,1831.09,1780.1,1804.4824999999998,67.96545045335097,NaN,NaN
1745712000,1796.3280879971744,1857.47,1790.27,1818.6375000000003,69.42017507726187,NaN,NaN
1745755200,1807.4827939985873,1808.47,1781.9,1796.8999999999999,64.57083152923842,NaN,NaN
1745798400,1802.1913969992936,1827.98,1752.18,1796.9125,64.57236411406572,NaN,NaN
1745841600,1799.5519484996466,1816.97,1744.71,1794.44,63.98279094219637,NaN,NaN
1745884800,1796.9959742498233,1842.99,1787.89,1815.1325000000002,66.7213264738659,NaN,NaN
1745928000,1806.0642371249119,1833.42,1780.47,1810.3650000000002,65.48589541639562,NaN,NaN
1745971200,1808.214618562456,1816.8,1788.9,1804.8025,63.99695553442066,NaN,NaN
1746014400,1806.508559281228,1816.4,1731.7,1789.35,59.92106661462472,NaN,NaN
1746057600,1797.929279640614,1859.23,1792.52,1822.7375,65.09395908754834,NaN,NaN
1746100800,1810.3333898203068,1873.17,1810.3333898203068,1845.5149999999999,68.11724980012143,NaN,NaN
1746144000,1827.9241949101533,1851.79,1813,1834.07,65.06767674266358,NaN,NaN
1746187200,1830.9970974550765,1871,1823.34,1842.4825,66.26325784624822,NaN,NaN
1746230400,1836.7397987275383,1843.05,1817.63,1831.745,63.28596364009003,NaN,NaN
1746273600,1834.242399363769,1848.6,1810,1829.0549999999998,62.52798461934722,NaN,NaN
1746316800,1831.6486996818844,1849.95,1822,1833.2675,63.26988298980584,NaN,NaN
1746360000,1832.4580998409422,1842.15,1803,1820.405,59.40254127583741,NaN,NaN
1746403200,1826.431549920471,1831.55,1781.85,1806.7225,55.51520411801704,NaN,NaN
1746446400,1816.5770249602356,1833.55,1794.47,1813.2125,56.9541433812251,NaN,NaN
1746489600,1814.8947624801178,1820.9,1757.34,1792.0875,51.1538988241424,NaN,NaN
1746532800,1803.491131240059,1819.41,1752,1789.5825,50.4971735250371,NaN,NaN
1746576000,1796.5368156200295,1850,1796.5368156200295,1829.4850000000001,59.43165507479763,NaN,NaN
1746619200,1813.010907810015,1837.1,1787.01,1817.8925,56.25505463184365,NaN,NaN
1746662400,1815.4517039050074,1968.72,1808.71,1886.5425,67.37577826227474,NaN,NaN
1746705600,1850.9971019525037,2226,1850.9971019525037,2086.325,81.84236427906907,NaN,NaN
1746748800,1968.6610509762518,2490.77,1968.6610509762518,2308.4449999999997,88.1395070310589,NaN,NaN
1746792000,2138.553025488126,2388.23,2138.553025488126,2339.0150000000003,88.71935054128318,NaN,NaN
1746835200,2238.784012744063,2435.72,2238.784012744063,2370.6275,89.30181095621924,NaN,NaN
1746878400,2304.705756372032,2600,2304.705756372032,2488.1875,91.13496228284637,NaN,NaN
1746921600,2396.446628186016,2608.13,2396.446628186016,2543.985,91.84887550085647,NaN,NaN
1746964800,2470.215814093008,2532.09,2435.51,2503.21,86.37474050611131,NaN,NaN
1747008000,2486.712907046504,2624,2486.712907046504,2538.9925000000003,87.10126486208024,NaN,NaN
1747051200,2512.852703523252,2576.29,2406.63,2502.2425,82.25044656171717,NaN,NaN
1747094400,2507.5476017616256,2525.5,2415.3,2487.4175,80.30746576286128,NaN,NaN
1747137600,2497.4825508808126,2738.5,2491.81,2605.8525,83.6336870669598,NaN,NaN
1747180800,2551.6675254404063,2725.99,2551.6675254404063,2652.03,84.71755742715058,NaN,NaN
1747224000,2601.848762720203,2636.15,2547.26,2604.52,78.92611787451082,NaN,NaN
1747267200,2603.1843813601017,2647.03,2515.69,2581.795,76.24134712063345,NaN,NaN
1747310400,2592.489690680051,2603.59,2476.03,2545.755,72.05517375619337,NaN,NaN
1747353600,2569.1223453400253,2649.31,2534.2,2588.26,73.87693203050253,NaN,NaN
1747396800,2578.6911726700127,2623.25,2529.4,2577.6475,72.60426775604994,NaN,NaN
1747440000,2578.1693363350064,2578.1693363350064,2452.6,2502.39,64.16302140230503,NaN,NaN
1747483200,2540.279668167503,2540.279668167503,2446.42,2474.6549999999997,61.33292537773878,NaN,NaN
1747526400,2507.4673340837517,2528.55,2467.75,2493.285,62.528527007352956,NaN,NaN
1747569600,2500.3761670418758,2587.61,2323.21,2477.585,60.82175462262684,NaN,NaN
1747612800,2488.980583520938,2513.67,2348.38,2444.3525,57.258974509959415,NaN,NaN
1747656000,2466.666541760469,2547.36,2383.8,2469.2200000000003,59.185599939788624,NaN,NaN
1747699200,2467.9432708802346,2588.63,2467.9432708802346,2530.8875,63.57099352011093,NaN,NaN
1747742400,2499.4153854401175,2541.03,2442.4,2505.455,60.675478873468435,NaN,NaN
1747785600,2502.4351927200587,2615.95,2502.4351927200587,2546.4474999999998,63.55674862240616,NaN,NaN
1747828800,2524.4413463600295,2615.34,2452.2,2538.7924999999996,62.63384778010357,NaN,NaN
1747872000,2531.6169231800145,2692.99,2531.6169231800145,2609.8925,67.37279937772067,NaN,NaN
1747915200,2570.754711590007,2679.99,2570.754711590007,2654.6749999999997,69.9572431847961,NaN,NaN
1747958400,2612.714855795003,2734.23,2551,2629.2124999999996,66.72109900496955,NaN,NaN
1748001600,2620.9636778975014,2620.9636778975014,2498.3,2545.8824999999997,57.36810412537918,NaN,NaN
1748044800,2583.423088948751,2583.423088948751,2515.08,2545.1825,57.29544520419624,NaN,NaN
1748088000,2564.3027944743753,2567.38,2517.65,2544.6875,57.24023597226347,NaN,NaN
1748131200,2554.4951472371877,2554.4951472371877,2463,2507.705,53.12173116767813,NaN,NaN
1748174400,2531.100073618594,2554.26,2479.24,2520.6575,54.360307812806475,NaN,NaN
1748217600,2525.878786809297,2599,2525.878786809297,2563.785,58.3100442941106,NaN,NaN
1748260800,2544.8318934046483,2584.65,2525.86,2560.5725,57.90803345102367,NaN,NaN
1748304000,2552.7021967023243,2655,2509.46,2595.2,61.02706783434522,NaN,NaN
1748347200,2573.951098351162,2712.36,2573.951098351162,2664.7925,66.41361205303207,NaN,NaN
1748390400,2619.371799175581,2661.79,2608.5,2647.0225,63.981890257321844,NaN,NaN
1748433600,2633.1971495877906,2689.14,2612.04,2659.9424999999997,64.98572381248468,NaN,NaN
1748476800,2646.5698247938954,2788,2646.5698247938954,2713.6125,68.86732565732473,NaN,NaN
1748520000,2680.0911623969478,2718.6,2619.05,2671.215,62.93217295685584,NaN,NaN
1748563200,2675.653081198474,2675.653081198474,2557.07,2614.9325,56.028991367836376,NaN,NaN
1748606400,2645.292790599237,2645.292790599237,2507.35,2571.7575,51.373560461736865,NaN,NaN
1748649600,2608.5251452996185,2608.5251452996185,2475.33,2516.5675,46.10047061600307,NaN,NaN
1748692800,2562.5463226498096,2562.5463226498096,2515.95,2528.4900000000002,47.35752318627868,NaN,NaN
1748736000,2545.518161324905,2545.518161324905,2477.77,2508.3900000000003,45.43372197883034,NaN,NaN
1748779200,2526.9540806624527,2547.79,2468.56,2513.2275,46.00225596621327,NaN,NaN
1748822400,2520.0907903312263,2541.71,2475,2509.2125,45.57779799399072,NaN,NaN
1748865600,2514.6516451656134,2615,2477.88,2545.3050000000003,50.04042320456021,NaN,NaN
1748908800,2529.978322582807,2649.91,2529.978322582807,2612.1025,57.05851841805098,NaN,NaN
1748952000,2571.0404112914034,2655.38,2571.0404112914034,2606.38,56.328491453590864,NaN,NaN
1748995200,2588.7102056457015,2650,2583.5,2612.8125,56.99456235274237,NaN,NaN
1749038400,2600.7613528228508,2679.88,2594.49,2626.615,58.458644918243216,NaN,NaN
1749081600,2613.688176411425,2634.46,2580.88,2607.7574999999997,55.67011468597053,NaN,NaN
1749124800,2610.7228382057124,2640.86,2391.66,2513.635,44.3091740863302,NaN,NaN
1749168000,2562.1789191028565,2562.1789191028565,2381.49,2441.37,37.91200080808206,NaN,NaN
1749211200,2501.774459551428,2531.36,2466.45,2487.515,43.51955989398704,NaN,NaN
1749254400,2494.644729775714,2502,2457,2482.7125,43.083441914103126,NaN,NaN
1749297600,2488.6786148878573,2544.36,2488.6786148878573,2514.3900000000003,46.86579357918935,NaN,NaN
1749340800,2501.534307443929,2525.92,2490.58,2513.6625,46.7888924313497,NaN,NaN
1749384000,2507.598403721964,2548.63,2500,2517.99,47.34240391807687,NaN,NaN
1749427200,2512.794201860982,2547.17,2477.73,2519.1324999999997,47.49768074346207,NaN,NaN
1749470400,2515.963350930491,2693.99,2509.94,2606.46,57.752464296960575,NaN,NaN
1749513600,2561.211675465245,2798.76,2561.211675465245,2727.035,67.2608422905585,NaN,NaN
1749556800,2644.1233377326225,2827,2644.1233377326225,2776.7599999999998,70.23592878303128,NaN,NaN
1749600000,2710.4416688663114,2834.86,2710.4416688663114,2794.38,71.23348003061534,NaN,NaN
1749643200,2752.4108344331557,2879.22,2743.75,2791.71,70.8460009484226,NaN,NaN
1749686400,2772.0604172165777,2784.83,2720.38,2751.6525,65.12261303369665,NaN,NaN
1749729600,2761.856458608289,2773.21,2616.24,2690.475,57.48457628137536,NaN,NaN
1749772800,2726.1657293041444,2726.1657293041444,2436.98,2567.6225,45.85393859609542,NaN,NaN
1749816000,2646.894114652072,2646.894114652072,2502.9,2553.175,44.70833574979512,NaN,NaN
1749859200,2600.034557326036,2600.034557326036,2518.51,2553.9125,44.784171683003315,NaN,NaN
1749902400,2576.973528663018,2576.973528663018,2488.72,2526.045,42.416761305407036,NaN,NaN
1749945600,2551.5092643315093,2553.08,2508.45,2527.1,42.540597967158355,NaN,NaN
1749988800,2539.304632165755,2559.51,2492,2528.8050000000003,42.7548615515207,NaN,NaN
1750032000,2534.0548160828776,2638.5,2514.85,2579.495,48.86044033152376,NaN,NaN
1750075200,2556.7749080414387,2680.34,2535,2594.13,50.50190607469193,NaN,NaN
1750118400,2575.4524540207194,2618.6,2524.54,2559.875,46.72174889103096,NaN,NaN
1750161600,2567.6637270103597,2567.97,2453.8,2520.975,42.803502771687654,NaN,NaN
1750204800,2544.31936350518,2548.42,2488.27,2515.125,42.22993598819101,NaN,NaN
1750248000,2529.7221817525897,2538.7,2465.78,2510.835,41.78771493465513,NaN,NaN
1750291200,2520.278590876295,2546.91,2506.2,2527.4849999999997,44.22873374358739,NaN,NaN
1750334400,2523.8817954381475,2536.83,2485.03,2518.7,43.1994226988642,NaN,NaN
1750377600,2521.2908977190737,2569,2503.64,2535.855,45.849614579447206,NaN,NaN
1750420800,2528.572948859537,2559.55,2367.36,2470.76,38.50763732782117,NaN,NaN
1750464000,2499.6664744297686,2499.6664744297686,2395.99,2423.5074999999997,34.22349801217537,NaN,NaN
1750507200,2461.586987214884,2461.586987214884,2216,2349.92,28.841970321098373,NaN,NaN
1750550400,2405.753493607442,2405.753493607442,2236.05,2279.8125,24.835203884826825,NaN,NaN
1750593600,2342.7829968037213,2342.7829968037213,2111.89,2224.8975,22.23011792261306,NaN,NaN
1750636800,2283.8402484018607,2283.8402484018607,2222.3,2244.76,25.28294145600134,NaN,NaN
1750680000,2264.3001242009304,2438.68,2188,2322.93,35.94064650269705,NaN,NaN
1750723200,2293.6150621004654,2449.14,2293.6150621004654,2411.5875,45.445297500128085,NaN,NaN
1750766400,2352.6012810502325,2482.04,2352.6012810502325,2435.705,47.717823055268866,NaN,NaN
1750809600,2394.153140525116,2468.69,2394.153140525116,2438.4325,47.98172928958129,NaN,NaN
1750852800,2416.292820262558,2454.98,2389.69,2423.03,46.55266528761094,NaN,NaN
1750896000,2419.661410131279,2520.92,2416.99,2451.6925,49.56311628581351,NaN,NaN
1750939200,2435.6769550656395,2459.49,2394.32,2430.0299999999997,47.39053366917067,NaN,NaN
1750982400,2432.85347753282,2463.54,2382.53,2427.32,47.11230782237445,NaN,NaN
1751025600,2430.0867387664102,2456.92,2388.29,2428.9075000000003,47.307464804785106,NaN,NaN
1751068800,2429.4971193832052,2433.86,2405.81,2422.565,46.56811567138877,NaN,NaN
1751112000,2426.0310596916024,2447.8,2420,2432.71,47.96886194946143,NaN,NaN
1751155200,2429.3705298458012,2463.88,2424.65,2446.6,49.905222888261754,NaN,NaN
1751198400,2437.9852649229006,2525,2412,2474.8325,53.67865004175036,NaN,NaN
1751241600,2456.40888246145,2524.3,2446.68,2482.3975,54.66408993276039,NaN,NaN
1751284800,2469.403191230725,2522.17,2431,2474.2875,53.35367193185927,NaN,NaN
1751328000,2471.8453456153625,2500.8,2440,2468.8325,52.44301671869328,NaN,NaN
1751371200,2470.3389228076812,2470.3389228076812,2386.52,2424.2825000000003,45.59801943304944,NaN,NaN
1751414400,2447.3107114038407,2459.99,2373,2420.925,45.12004122320232,NaN,NaN
1751457600,2434.1178557019202,2619.28,2431.56,2516.735,58.49149699480202,NaN,NaN
1751500800,2475.42642785096,2616.96,2475.42642785096,2585.27,65.05119068553176,NaN,NaN
1751544000,2530.34821392548,2635.5,2530.34821392548,2597.41,66.07394382000176,NaN,NaN
1751587200,2563.87910696274,2603.17,2527.37,2567.7525,61.350516935870765,NaN,NaN
1751630400,2565.81580348137,2565.81580348137,2474.24,2521.8599999999997,54.81986161145091,NaN,NaN
1751673600,2543.837901740685,2543.837901740685,2498.63,2513.6475,53.71787651112674,NaN,NaN
1751716800,2528.7427008703426,2528.7427008703426,2487.95,2511.2475,53.38017088964252,NaN,NaN
1751760000,2519.9951004351715,2526.66,2503.5,2515.68,53.955896646688494,NaN,NaN
1751803200,2517.837550217586,2605,2511.94,2550.8575,58.3517450099215,NaN,NaN
1751846400,2534.347525108793,2590.57,2534.347525108793,2568.5924999999997,60.40417783698054,NaN,NaN
1751889600,2551.4700125543964,2569.12,2512,2546.6,56.67436615057001,NaN,NaN
1751932800,2549.035006277198,2585.38,2523.59,2556.605,57.94654674774105,NaN,NaN
1751976000,2552.820003138599,2628.21,2552.820003138599,2594.12,62.40428654355274,NaN,NaN
1752019200,2573.4700015692997,2647,2573.4700015692997,2619.6150000000002,65.11096552387428,NaN,NaN
1752062400,2596.5425007846497,2795.74,2596.5425007846497,2703.715,72.21668613343796,NaN,NaN
1752105600,2650.128750392325,2823.18,2650.128750392325,2781.5275,76.90373056188156,NaN,NaN
1752148800,2715.8281251961625,3000,2715.8281251961625,2872.1900000000005,80.93862560174432,NaN,NaN
1752192000,2794.0090625980815,3040.15,2794.0090625980815,2972.2975,84.21728140506559,NaN,NaN
1752235200,2883.153281299041,3010.39,2883.153281299041,2968.9849999999997,83.70422754193254,NaN,NaN
1752278400,2926.0691406495203,2979.78,2926.0691406495203,2958.345,81.97670927137015,NaN,NaN
1752321600,2942.20707032476,2967.59,2903.85,2944.5275,79.67695973897416,NaN,NaN
1752364800,2943.36728516238,2967.97,2936.49,2953.0825,80.05012858814302,NaN,NaN
1752408000,2948.22489258119,3020.31,2940.24,2974.2875,80.98226289339254,NaN,NaN
1752451200,2961.2561962905947,3083,2961.2561962905947,3017.39,82.74689627746645,NaN,NaN
1752494400,2989.323098145297,3068.33,2980.97,3028.6575000000003,83.18610777503388,NaN,NaN
1752537600,3008.9902990726487,3023.2,2932.46,2987.5950000000003,75.62992205736482,NaN,NaN
1752580800,2998.2926495363245,3144.14,2967,3057.5375,79.11056147464082,NaN,NaN
1752624000,3027.9150747681624,3175,3027.9150747681624,3141.1,82.35335452192463,NaN,NaN
1752667200,3084.507537384081,3425,3084.507537384081,3273.5750000000003,86.0504445128307,NaN,NaN
1752710400,3179.041268692041,3480.19,3179.041268692041,3398.8999999999996,88.50417320519978,NaN,NaN
1752753600,3288.9706343460202,3523.44,3288.9706343460202,3448.7024999999994,89.30896585864632,NaN,NaN
1752796800,3368.83656717301,3673.84,3368.83656717301,3554.91,90.78978578047327,NaN,NaN
1752840000,3461.873283586505,3671.5,3461.873283586505,3576.5575,91.06154375444534,NaN,NaN
1752883200,3519.2153917932524,3608.3,3506.79,3553.69,88.10418029628346,NaN,NaN
1752926400,3536.452695896626,3598.31,3526.44,3567.3775,88.34810532886371,NaN,NaN
1752969600,3551.915097948313,3766.45,3551.915097948313,3673.5725,90.05240082556452,NaN,NaN
1753012800,3612.7437989741566,3824.56,3612.7437989741566,3754.8875000000003,91.12308567022268,NaN,NaN
1753056000,3683.815649487078,3837,3683.815649487078,3775.8475000000003,91.38061399536409,NaN,NaN
1753099200,3729.831574743539,3860,3719,3787.505,91.5278304793162,NaN,NaN
1753142400,3758.6682873717696,3798.65,3616.54,3720.7025000000003,82.80043413174486,NaN,NaN
1753185600,3739.685393685885,3751,3625.42,3706.9825,81.0902369755229,NaN,NaN
1753228800,3723.3339468429426,3764.2,3639.96,3705.5899999999997,80.90758323492479,NaN,NaN
1753272000,3714.461973421471,3714.461973421471,3527,3626.99,71.1637300784994,NaN,NaN
1753315200,3670.7259867107355,3670.7259867107355,3502.85,3612.8925,69.54595690557734,NaN,NaN
1753358400,3641.8092433553675,3771,3612.96,3686.505,72.99780829003465,NaN,NaN
1753401600,3664.157121677684,3747,3573.76,3687.2699999999995,73.03201805822279,NaN,NaN
1753444800,3675.7135608388417,3735,3601.56,3695.7225,73.43252479589863,NaN,NaN
1753488000,3685.7180304194208,3782.83,3685.7180304194208,3736.205,75.32279615845025,NaN,NaN
1753531200,3710.9615152097103,3793,3709.39,3745.715,75.75913103780579,NaN,NaN
1753574400,3728.3382576048552,3842.95,3728.3382576048552,3782.58,77.42546197765911,NaN,NaN
1753617600,3755.4591288024276,3879.82,3755.4591288024276,3839.665,79.74709153711247,NaN,NaN
1753660800,3797.562064401214,3941,3797.562064401214,3883.9750000000004,81.35036912498856,NaN,NaN
1753704000,3840.7685322006073,3889.99,3754,3830.6975,73.7868001780926,NaN,NaN
1753747200,3835.7330161003038,3886.44,3731.21,3810.6375000000003,71.10611408170982,NaN,NaN
1753790400,3823.185258050152,3874.54,3716.04,3802.5650000000005,70.0039365451234,NaN,NaN
1753833600,3812.875129025076,3834.03,3744.16,3782.54,67.22041274279569,NaN,NaN
1753876800,3797.707564512538,3832,3677.65,3769.4575,65.39107515917851,NaN,NaN
1753920000,3783.5825322562687,3878.67,3783.5825322562687,3832.165,69.65399902577225,NaN,NaN
1753963200,3807.8737661281343,3845.09,3684.33,3766.5649999999996,61.16611560721108,NaN,NaN
1754006400,3787.219383064067,3787.219383064067,3585.69,3662.705,50.64385067812108,NaN,NaN
1754049600,3724.9621915320336,3724.9621915320336,3431.75,3559.63,42.77856881957991,NaN,NaN
1754092800,3642.296095766017,3642.296095766017,3455,3497.3925,38.85469893072,NaN,NaN
1754136000,3569.8442978830085,3569.8442978830085,3368.29,3447.1150000000002,35.9832876229119,NaN,NaN
1754179200,3508.4796489415044,3516.31,3354.28,3437.4975000000004,35.443697387642686,NaN,NaN
1754222400,3472.9885744707526,3521.79,3454.34,3489.58,40.63534823245815,NaN,NaN
1754265600,3481.2842872353763,3576.07,3481.2842872353763,3529.8125,44.35789578714635,NaN,NaN
1754308800,3505.548393617688,3736.73,3505.548393617688,3641.1325,53.117830878355086,NaN,NaN
1754352000,3573.340446808844,3722.24,3573.340446808844,3679.6375,55.714900436954316,NaN,NaN
1754395200,3626.488973404422,3680.58,3546,3628.0950000000003,51.594738063279024,NaN,NaN
1754438400,3627.291986702211,3662,3564.19,3614.46,50.53018285552962,NaN,NaN
1754481600,3620.8759933511055,3698.6,3574.05,3643.8974999999996,52.79474175232943,NaN,NaN
1754524800,3632.386746675553,3843.66,3632.386746675553,3750.3999999999996,59.9397192461353,NaN,NaN
1754568000,3691.393373337776,3927.77,3691.393373337776,3861.4075,65.75745195501568,NaN,NaN
1754611200,3776.400436668888,3969.06,3776.400436668888,3919.3325,68.34110356586316,NaN,NaN
1754654400,3847.866468334444,4071,3847.866468334444,3972.4975,70.53830590450409,NaN,NaN
1754697600,3910.1819841672223,4246.65,3910.1819841672223,4113.1975,75.40350359963941,NaN,NaN
1754740800,4011.6897420836112,4326.2,4011.6897420836112,4232.4975,78.62643313394318,NaN,NaN
1754784000,4122.093621041806,4332.6,4122.093621041806,4238.83,78.78533651804135,NaN,NaN