time,open,high,low,close,RSI,Regular Bullish Label,Regular Bearish Label
1609459200,28850.714783772768,29470,28690.17,29090.550000000003,NaN,NaN,NaN
1609473600,28970.632391886385,29395,28806.54,29143.195000000003,NaN,NaN,NaN
1609488000,29056.913695943193,29402.57,28872.24,29170.285000000003,NaN,NaN,NaN
1609502400,29113.599347971598,29600,29030.14,29283.075,NaN,NaN,NaN
1609516800,29198.337173985798,29360,28624.57,29050.57,NaN,NaN,NaN
1609531200,29124.4535869929,29338.89,28880.37,29144.9975,NaN,NaN,NaN
1609545600,29134.72554349645,29469,28946.53,29274.795,NaN,NaN,NaN
1609560000,29204.760271748222,29820.5,29204.760271748222,29535.6125,NaN,NaN,NaN
1609574400,29370.186385874113,29899,29370.186385874113,29719.845,NaN,NaN,NaN
1609588800,29545.015692937057,31800,29545.015692937057,30746.917500000003,NaN,NaN,NaN
1609603200,30145.96659646853,33300,30145.96659646853,32408.677499999998,NaN,NaN,NaN
1609617600,31277.322048234266,33061.37,30300,32141.725000000002,NaN,NaN,NaN
1609632000,31709.523524117132,32884.09,31709.523524117132,32399.35,NaN,NaN,NaN
1609646400,32054.436762058565,34778.11,32054.436762058565,33564.14,NaN,NaN,NaN
1609660800,32809.288381029284,34670.41,32809.288381029284,34234.68,91.86954515228202,NaN,NaN
1609675200,33521.984190514646,34600,32727,33811.7875,85.52875854161013,NaN,NaN
1609689600,33666.88584525732,33822.69,32267,33091.7625,75.92073120282157,NaN,NaN
1609704000,33379.32417262866,33861.92,32600,33059.2675,75.50847102425803,NaN,NaN
1609718400,33219.295836314326,33588,32400.25,33123.365000000005,75.78776089944111,NaN,NaN
1609732800,33171.330418157166,33600,31505,32669.747499999998,69.72768667291541,NaN,NaN
1609747200,32920.53895907858,32920.53895907858,28130,30877.445,52.02627833454488,NaN,NaN
1609761600,31898.99197953929,32185.67,30454.25,31282.1575,54.81567545990915,NaN,NaN
1609776000,31590.574739769647,31920,30626.36,31489.395,56.21944122838466,NaN,NaN
1609790400,31539.984869884822,32031.01,30856.08,31635.33,57.2271858280496,NaN,NaN
1609804800,31587.65743494241,32853.38,31130.86,31793.497499999998,58.346277013329505,NaN,NaN
1609819200,31690.577467471205,31690.577467471205,29900,30861.565000000002,50.039008694150276,NaN,NaN
1609833600,31276.0712337356,31821.94,30817.78,31308.54,53.46148954056614,NaN,NaN
1609848000,31292.3056168678,32375.07,31111.78,31840.872499999998,57.220154562687455,NaN,NaN
1609862400,31566.5890584339,34187.09,31566.5890584339,32937.009999999995,63.71812338374505,NaN,NaN
1609876800,32251.799529216947,34360,32251.799529216947,33830.332500000004,67.9859515928251,NaN,NaN
1609891200,33041.06601460848,34170,33041.06601460848,33881.28,68.2155827054873,NaN,NaN
1609905600,33461.17300730424,35766.58,33461.17300730424,34667.3925,71.60049493351613,NaN,NaN
1609920000,34064.28275365212,35200,33357.9,34535.8075,70.25185102331835,NaN,NaN
1609934400,34300.045126826066,35088,34052.42,34656.287500000006,70.79427946585176,NaN,NaN
1609948800,34478.166313413036,35695,34372.92,34862.705,71.74487544008373,NaN,NaN
1609963200,34670.43565670652,36939.21,34280,35701.880000000005,75.26906519896463,NaN,NaN
1609977600,35186.15782835326,37699,35186.15782835326,37086.387500000004,79.75545950860581,NaN,NaN
1609992000,36136.272664176635,37700.8,36136.272664176635,37180.817500000005,80.02166412295823,NaN,NaN
1610006400,36658.54508208832,37913.72,36300,37224.7125,80.15231348530689,NaN,NaN
1610020800,36941.62879104416,38970.42,36941.62879104416,38321.119999999995,83.12141849123769,NaN,NaN
1610035200,37631.37439552208,40365,36500,38724.3525,84.06552632766486,NaN,NaN
1610049600,38177.86344776104,39969,38177.86344776104,39204.0375,85.13102286749661,NaN,NaN
1610064000,38690.95047388052,39699.87,36500,38494.8625,76.93982396665287,NaN,NaN
1610078400,38592.906486940265,39143.8,37563.92,38496.345,76.9448180311005,NaN,NaN
1610092800,38544.62574347013,41500.45,38222,39984.67,81.3188576486133,NaN,NaN
1610107200,39264.64787173507,41950,39264.64787173507,40960.6875,83.52612274093308,NaN,NaN
1610121600,40112.667685867535,41600,39800,40648.54,80.25996633289895,NaN,NaN
1610136000,40380.603842933764,40937.77,38652,40134.417499999996,75.05424014014821,NaN,NaN
1610150400,40257.51067146688,40976.13,39500,40318.67,75.66345807210149,NaN,NaN
1610164800,40288.09033573344,40490,38720,39764.630000000005,70.11823133729294,NaN,NaN
1610179200,40026.36016786672,41237.44,39290.86,40183.32,71.80019050291264,NaN,NaN
1610193600,40104.84008393336,41380,40104.84008393336,40667.729999999996,73.64828124081495,NaN,NaN
1610208000,40386.28504196668,40880,39869,40485.0175,71.73856156043313,NaN,NaN
1610222400,40435.65127098334,40781.69,39928.91,40366.1825,70.45887529715415,NaN,NaN
1610236800,40400.91688549167,41350,40087.15,40460.5025,70.90253511990221,NaN,NaN
1610251200,40430.70969274583,41073.26,40050,40605.625,71.60904576154297,NaN,NaN
1610265600,40518.16734637292,41060,38888,40027.082500000004,64.84896613239783,NaN,NaN
1610280000,40272.624923186464,40272.624923186464,38450,39355.725,58.00577853654275,NaN,NaN
1610294400,39814.174961593235,39814.174961593235,37111,38499.284999999996,50.66132165074181,NaN,NaN
1610308800,39156.72998079662,39156.72998079662,35111.11,37433.3825,43.31120959935509,NaN,NaN
1610323200,38295.056240398306,38295.056240398306,33600,36363.2475,37.43846341837859,NaN,NaN
1610337600,37329.15187019915,37329.15187019915,32538,34587.88,30.137468204053278,NaN,NaN
1610352000,35958.515935099575,36360,34020,34737.7025,31.354080584983805,NaN,NaN
1610366400,35348.10921754979,35348.10921754979,31115,33000.8875,25.754852239368873,NaN,NaN
1610380800,34174.498358774894,34174.498358774894,30420,31960.652499999997,23.094686123698878,NaN,NaN
1610395200,33067.57542938745,35638.55,31408.07,33676.43,35.0170716814099,NaN,NaN
1610409600,33372.00271469372,35547.19,33372.00271469372,34904.8875,41.955366330443766,NaN,NaN
1610424000,34138.44510734686,36628,34138.44510734686,35636.81,45.67694570669129,NaN,NaN
1610438400,34887.62755367343,36499.98,34757,35770.3925,46.35299727858479,NaN,NaN
1610452800,35329.01002683672,35688.82,32531,34365.0525,40.62496830454586,NaN,NaN
1610467200,34847.03126341836,35550,33819.11,34470.905,41.21422433063946,NaN,NaN
1610481600,34658.968131709174,35051.02,33260.74,34262.274999999994,40.363959411905164,NaN,NaN
1610496000,34460.621565854584,34460.621565854584,32380,33655.79,37.91518754019388,NaN,NaN
1610510400,34058.205782927296,35180.67,32800,34196.5175,41.33257833946327,NaN,NaN
1610524800,34127.36164146365,35250,34127.36164146365,34705.595,44.4336464090791,NaN,NaN
1610539200,34416.478320731825,35100,34017,34544.095,43.64546403295786,NaN,NaN
1610553600,34480.28666036591,36188,34388.53,35313.17,48.344533882790415,NaN,NaN
1610568000,34896.72833018296,37850,34896.72833018296,36731.9575,55.68563050045151,NaN,NaN
1610582400,35814.342915091474,38172.22,35814.342915091474,37397.1825,58.652699892629535,NaN,NaN
1610596800,36605.76270754574,38596.92,36605.76270754574,37635.405,59.69347614221732,NaN,NaN
1610611200,37120.58385377287,38786.1,37120.58385377287,38303.380000000005,62.540763209347396,NaN,NaN
1610625600,37711.98192688644,40100,37707,38929.7175,65.03491772051962,NaN,NaN
1610640000,38320.84971344322,40000,38320.84971344322,39658.785,67.72848479177802,NaN,NaN
1610654400,38989.817356721614,39935.1,38259.25,39303.955,65.09996488969784,NaN,NaN
1610668800,39146.88617836081,39747.76,38450,39010.7425,62.926656290872735,NaN,NaN
1610683200,39078.814339180404,39078.814339180404,37554.94,38395.2775,58.51110903409514,NaN,NaN
1610697600,38737.0459195902,38780,37923,38321.2375,57.98399359339995,NaN,NaN
1610712000,38529.141709795105,38529.141709795105,35258,36792.9075,48.309367840151616,NaN,NaN
1610726400,37661.02460489755,37661.02460489755,34408,35417.39,41.584400752056304,NaN,NaN
1610740800,36539.207302448776,36888,34801.15,35912.5775,44.57561766173726,NaN,NaN
1610755200,36225.89240122439,37669,35852.93,36698.06999999999,49.033805201045396,NaN,NaN
1610769600,36461.981200612194,36959.61,35520,36396.8475,47.457317076963484,NaN,NaN
1610784000,36429.4143503061,37950,36375.88,37142.905,51.60728438244445,NaN,NaN
1610798400,36786.159675153045,37886,36671.2,37424.7975,53.11413522411039,NaN,NaN
1610812800,37105.47858757652,37713.94,36200,36938.447499999995,50.20928091740934,NaN,NaN
1610827200,37021.96304378826,37021.96304378826,35357.8,36132.2925,45.74349500919765,NaN,NaN
1610841600,36577.12777189413,36744.05,35520,36109.0075,45.617287345525696,NaN,NaN
1610856000,36343.06763594707,36382.38,34518.04,35459.58,42.1262959817035,NaN,NaN
1610870400,35901.323817973534,35901.323817973534,33850,34819.520000000004,38.96160807617692,NaN,NaN
1610884800,35360.42190898677,35973.89,34666,35409.59,43.19811474090544,NaN,NaN
1610899200,35385.00595449338,36166.47,35385.00595449338,35760.96,45.6185924191516,NaN,NaN
1610913600,35572.98297724669,36852.5,35506,35955.2525,46.964396642447454,NaN,NaN
1610928000,35764.11773862335,36208,34842.99,35495.557499999995,44.17864581084371,NaN,NaN
1610942400,35629.83761931167,36278.68,34800,35572.89,44.772129480155336,NaN,NaN
1610956800,35601.363809655835,36650,35601.363809655835,36241.057499999995,49.74383847689867,NaN,NaN
1610971200,35921.21065482791,37469.83,35921.21065482791,36591.902500000004,52.1782153290502,NaN,NaN
1610985600,36256.556577413954,36565,35400,36081.7825,48.49964709562737,NaN,NaN
1611000000,36169.16953870698,36777.77,35755.01,36278.97,49.967995815574504,NaN,NaN
1611014400,36224.06976935349,37280,36224.06976935349,36683.0475,52.929663187564735,NaN,NaN
1611028800,36453.558634676745,37233.87,36002.01,36718.2525,53.18965197238594,NaN,NaN
1611043200,36585.90556733837,37535.27,36585.90556733837,37179.92,56.576833233714304,NaN,NaN
1611057600,36882.912783669184,37449,36610,37163.0325,56.416020749412574,NaN,NaN
1611072000,37022.972641834596,37850,36052.04,36877.815,53.64277805684816,NaN,NaN
1611086400,36950.3938209173,36950.3938209173,35844.06,36198.7725,47.638645117030485,NaN,NaN
1611100800,36574.58316045865,36574.58316045865,35000,35594.935,43.02669277293378,NaN,NaN
1611115200,36084.75908022933,36084.75908022933,34737,35346.645000000004,41.257980429425835,NaN,NaN
1611129600,35715.702040114666,35939.12,34000,35009.537500000006,38.918755135633965,NaN,NaN
1611144000,35362.61977005734,35362.61977005734,34020,34445.130000000005,35.30914474093382,NaN,NaN
1611158400,34903.87488502867,35311,33400,34525.3075,36.21418914335831,NaN,NaN
1611172800,34714.59119251434,35670,34482.75,35204.525,43.43396583722808,NaN,NaN
1611187200,34959.55809625717,35600,34230.76,34967.520000000004,41.661930417770726,NaN,NaN
1611201600,34963.53904812859,35019.01,33971.41,34546.7775,38.64748317194104,NaN,NaN
1611216000,34755.15827406429,34755.15827406429,32009.68,33381.075,31.785451586425154,NaN,NaN
1611230400,34068.116637032144,34068.116637032144,31037,31853.0725,25.415323577677725,NaN,NaN
1611244800,32960.59456851607,32960.59456851607,31038.51,31910.65,26.017002942061865,NaN,NaN
1611259200,32435.622284258036,32550,30071,31484.947500000002,24.446732664566625,NaN,NaN
1611273600,31960.28489212902,31960.28489212902,28850,30418.795,21.024289228968257,NaN,NaN
1611288000,31189.53994606451,32152.9,30615.22,31138.4925,28.319408305147533,NaN,NaN
1611302400,31164.016223032253,31997,30500,31263.6175,29.538039646831194,NaN,NaN
1611316800,31213.816861516127,32767.44,31213.816861516127,32055.9875,36.85873988258238,NaN,NaN
1611331200,31634.902180758065,33655.79,31634.902180758065,32915.9425,43.695823595372765,NaN,NaN
1611345600,32275.42234037903,33826.53,32275.42234037903,33235.30499999999,46.03293455721418,NaN,NaN
1611360000,32755.363670189512,32974.89,32053.33,32585.8075,42.19677850023975,NaN,NaN
1611374400,32670.585585094756,33456,32267.07,32754.8125,43.515828091449954,NaN,NaN
1611388800,32712.699042547378,33104.94,31511.24,32298.210000000003,40.80649858377498,NaN,NaN
1611403200,32505.454521273692,32505.454521273692,31390.16,31800.1025,38.025152579296694,NaN,NaN
1611417600,32152.778510636846,32500,31759.65,32121.385000000002,40.826713380705584,NaN,NaN
1611432000,32137.081755318424,32538.61,31812.5,32194.4725,41.4748518918434,NaN,NaN
1611446400,32165.77712765921,32480.06,31630,32167.0275,41.29195245605132,NaN,NaN
1611460800,32166.402313829603,33071,32166.402313829603,32674.6625,46.03254336427676,NaN,NaN
1611475200,32420.5324069148,33030,32420.5324069148,32781.395,47.001552337609795,NaN,NaN
1611489600,32600.963703457397,32931.59,31858.68,32395.172499999997,43.927852911249566,NaN,NaN
1611504000,32498.0681017287,32498.0681017287,30900,31575.697500000002,38.21714147218432,NaN,NaN
1611518400,32036.88280086435,32369.59,31250.26,31796.510000000002,40.463136648030385,NaN,NaN
1611532800,31916.696400432178,33674.48,31916.696400432178,32919.43,50.348317822277956,NaN,NaN
1611547200,32418.06320021609,33797.96,32418.06320021609,33439.520000000004,54.14577116621286,NaN,NaN
1611561600,32928.791600108045,33548,32750.09,33207.635,52.227812887999185,NaN,NaN
1611576000,33068.21330005402,34875,33050,33892.14,57.06281664356882,NaN,NaN
1611590400,33480.17665002701,34600,33373.92,33960.9425,57.528119224914974,NaN,NaN
1611604800,33720.5595750135,33720.5595750135,31910,32762.414999999997,47.8087558392607,NaN,NaN
1611619200,33241.48728750675,33241.48728750675,31458,32014.545000000002,42.934313277703914,NaN,NaN
1611633600,32628.016143753375,32628.016143753375,31100,31644.079999999998,40.71955519376118,NaN,NaN
1611648000,32136.048071876685,32450,31373,31815.89,42.20847687036003,NaN,NaN
1611662400,31975.969035938342,31975.969035938342,30837.37,31589.745,40.75740101114932,NaN,NaN
1611676800,31782.85701796917,32403.88,31300.69,31915.785,43.75938961832198,NaN,NaN
1611691200,31849.321008984585,32921.88,31849.321008984585,32363.4225,47.679405843230235,NaN,NaN
1611705600,32106.37175449229,32557.29,31568.28,32097.61,45.64487856564776,NaN,NaN
1611720000,32101.990877246146,32101.990877246146,31350,31731.22,42.92590469350725,NaN,NaN
1611734400,31916.605438623075,31916.605438623075,30578.94,31177.65,39.1330174465535,NaN,NaN
1611748800,31547.12771931154,31547.12771931154,29241.72,30314.2675,34.07579708538147,NaN,NaN
1611763200,30930.69760965577,30948,29500,30377.73,34.74335949166188,NaN,NaN
1611777600,30654.213804827887,31649.99,30084.24,30707.987500000003,38.24780704561743,NaN,NaN
1611792000,30681.100652413945,31526.78,29842.1,30783.83,39.05720454618859,NaN,NaN
1611806400,30732.465326206973,31876.63,30732.465326206973,31374.94,45.09729654608434,NaN,NaN
1611820800,31053.702663103486,31600,30812.26,31254.957499999997,44.14098912371268,NaN,NaN
1611835200,31154.330081551743,32203.38,31154.330081551743,31682.3,48.34265901876924,NaN,NaN
1611849600,31418.315040775873,32747.78,31418.315040775873,32222.245000000003,53.13888288862511,NaN,NaN
1611864000,31820.280020387938,33783.98,31820.280020387938,33026.4725,59.213244437331554,NaN,NaN
1611878400,32423.37626019397,34310,32423.37626019397,33685.6725,63.400990119128764,NaN,NaN
1611892800,33054.524380096984,33934.48,31915.4,32961.305,56.53215457496694,NaN,NaN
1611907200,33007.91469004849,37990,32006.91,34822.1475,66.55611143689703,NaN,NaN
1611921600,33915.03109502424,38531.9,33915.03109502424,37285.4775,74.83060631911981,NaN,NaN
1611936000,35600.25429751212,37569,33500,35629.2425,63.46166041010757,NaN,NaN
1611950400,35614.748398756055,35614.748398756055,33700,34407.41,56.62669179576112,NaN,NaN
1611964800,35011.07919937803,35011.07919937803,32825,33819.41,53.63299717004901,NaN,NaN
1611979200,34415.24459968902,34415.24459968902,33001.52,33630.42,52.66919223110783,NaN,NaN
1611993600,34022.83229984451,34424.7,33510,33910.479999999996,53.988719421092334,NaN,NaN
1612008000,33966.65614992225,34500,33410.63,33945.307499999995,54.15986913434463,NaN,NaN
1612022400,33955.98182496113,34400.02,33520,34104.175,54.98247334730143,NaN,NaN
1612036800,34030.078412480565,34800,33966.4,34328.945,56.180591260691415,NaN,NaN
1612051200,34179.511706240286,34342.69,33655,34047.6975,54.23551467740377,NaN,NaN
1612065600,34113.60460312014,34127.65,33450,33778.9625,52.3697737320531,NaN,NaN
1612080000,33946.283551560075,33946.283551560075,33205,33552.2125,50.78236683934553,NaN,NaN
1612094400,33749.248025780034,34220,32554,33299.975,49.00295342153532,NaN,NaN
1612108800,33524.61151289001,33524.61151289001,32171.67,32730.255,45.15437570841658,NaN,NaN
1612123200,33127.43325644501,33255.49,32461.23,32904.2475,46.535389941033074,NaN,NaN
1612137600,33015.84037822251,33830,32296.16,33198.275,48.87803150715222,NaN,NaN
1612152000,33107.05768911126,34427,33107.05768911126,33772.115,53.189000555522185,NaN,NaN
1612166400,33439.58634455563,34717.27,33439.58634455563,34073.1075,55.31741017566024,NaN,NaN
1612180800,33756.346922277815,34460,33160,33740.875,52.480928805442986,NaN,NaN
1612195200,33748.61096113891,34100,33133.26,33557.8475,50.93152820332837,NaN,NaN
1612209600,33653.22923056946,34039,33430.76,33708.565,52.1834366924848,NaN,NaN
1612224000,33680.89711528473,34161.39,33418,33661.7,51.74138028993585,NaN,NaN
1612238400,33671.29855764237,34400,33500,33919.365,54.04630597709208,NaN,NaN
1612252800,33795.331778821186,35668.1,33795.331778821186,34672.9075,60.05501651303681,NaN,NaN
1612267200,34234.119639410594,35200,34234.119639410594,34741.11,60.55770650724648,NaN,NaN
1612281600,34487.6148197053,35800,34487.6148197053,35206.8375,63.89871040695146,NaN,NaN
1612296000,34847.22615985265,35984.33,34847.22615985265,35669.655,66.89935051744013,NaN,NaN
1612310400,35258.440579926326,36500,35258.440579926326,35934.64,68.51303349757139,NaN,NaN
1612324800,35596.54028996316,36845,35596.54028996316,36444.425,71.4015487373253,NaN,NaN
1612339200,36020.48264498158,36299.98,35511,36019.4925,65.96902669838735,NaN,NaN
1612353600,36019.98757249079,36917.27,35810.9,36386.895,68.22040785217384,NaN,NaN
1612368000,36203.44128624539,37221.42,36203.44128624539,36875.845,70.97266407086698,NaN,NaN
1612382400,36539.643143122696,37662.63,36539.643143122696,37178.7075,72.55800253968293,NaN,NaN
1612396800,36859.17532156134,38288,36859.17532156134,37692.552500000005,75.04796138132726,NaN,NaN
1612411200,37275.863910780674,38195,37275.863910780674,37716.0025,75.15873733841336,NaN,NaN
1612425600,37495.933205390334,38708.27,36662.45,37633.9675,73.92234520742205,NaN,NaN
1612440000,37564.95035269517,37763.57,36161.95,36952.295,64.43661535150035,NaN,NaN
1612454400,37258.622676347586,37499.99,36399.79,36982.7975,64.65517260572416,NaN,NaN
1612468800,37120.71008817379,37783.83,36841.77,37257.36,66.64239930172366,NaN,NaN
1612483200,37189.03504408689,37400,36570,37068.167499999996,63.97328260354424,NaN,NaN
1612497600,37128.601272043445,37727.22,36995.27,37435.62,66.75802916173352,NaN,NaN
1612512000,37282.11063602172,37800,37200,37587.74,67.86542610936556,NaN,NaN
1612526400,37434.925318010864,38310.12,37434.925318010864,37872.335,69.88659260293733,NaN,NaN
1612540800,37653.630159005435,38163.34,37230,37740.755000000005,67.76443011025182,NaN,NaN
1612555200,37697.19257950272,38309,37485.94,37923.5225,69.16505462700648,NaN,NaN
1612569600,37810.35753975136,39666,37810.35753975136,38889,75.27627725985755,NaN,NaN
1612584000,38349.67876987568,39488.62,38349.67876987568,39208.665,76.90813236956677,NaN,NaN
1612598400,38779.17188493784,40479.86,38779.17188493784,39834.9675,79.73090461146428,NaN,NaN
1612612800,39307.06969246892,40866.66,39307.06969246892,40441.9075,82.02415929002707,NaN,NaN
1612627200,39874.488596234456,40955.51,39874.488596234456,40485.1225,82.17876628102539,NaN,NaN
1612641600,40179.80554811723,40469.19,39035.33,39717.72,70.57120866057987,NaN,NaN
1612656000,39948.76277405862,39948.76277405862,38344,38994.3775,61.721603614500175,NaN,NaN
1612670400,39471.57013702931,39471.57013702931,37923,38721.72,58.73189740440885,NaN,NaN
1612684800,39096.645068514656,39700,38762.16,39134.69,61.75370250532375,NaN,NaN
1612699200,39115.66753425733,39272.69,37580,38454.542499999996,54.655402782072635,NaN,NaN
1612713600,38785.10501712866,38785.10501712866,37351,37941.53,49.98808515098008,NaN,NaN
1612728000,38363.31750856433,39080,37660.97,38396.665,53.76070007774731,NaN,NaN
1612742400,38379.99125428217,39130,37988.89,38497.66,54.579476732900275,NaN,NaN
1612756800,38438.82562714109,39391.78,37992.39,38681.784999999996,56.10550245265165,NaN,NaN
1612771200,38560.30531357054,39498.99,38560.30531357054,39259.149999999994,60.57819089786906,NaN,NaN
1612785600,38909.72765678527,44918,38909.72765678527,41787.8525,73.3745713103159,NaN,NaN
1612800000,40348.79007839263,44280,40348.79007839263,43389.2,78.20039770005769,NaN,NaN
1612814400,41868.995039196314,46794.45,41868.995039196314,44781.1475,81.36255464244515,NaN,NaN
1612828800,43325.07126959816,47498,43325.07126959816,46493.0925,84.36621383082559,NaN,NaN
1612843200,44909.081884799074,48142.19,44909.081884799074,47111.465000000004,85.28850114662687,NaN,NaN
1612857600,46010.27344239954,47928.23,45560.97,46843.8775,83.00650690453861,NaN,NaN
1612872000,46427.07547119977,47083.84,44961.09,46302.3775,78.43309082878565,NaN,NaN
1612886400,46364.72648559989,47433.78,46011,46819.6475,79.58993907060437,NaN,NaN
1612900800,46592.18699279994,47499.43,46201.37,46795.399999999994,79.37500433696975,NaN,NaN
1612915200,46693.79349639997,46900,45979.58,46380.2675,75.61027548852694,NaN,NaN
1612929600,46537.03049819999,46944.07,45589.98,46330.8625,75.15343182124724,NaN,NaN
1612944000,46433.9464991,47310,46262.22,46680.9725,76.24863249780584,NaN,NaN
1612958400,46557.45949955,46593.34,43727,45314.982500000006,64.33365550041924,NaN,NaN
1612972800,45936.220999775,45936.220999775,43800,44646.13250000001,59.4361210206282,NaN,NaN
1612987200,45291.176749887505,45322.09,44355,44918.68000000001,60.74743142996721,NaN,NaN
1613001600,45104.92837494376,45104.92837494376,43994.02,44608.735,58.433989083668216,NaN,NaN
1613016000,44856.83168747188,45129.59,44397.62,44702.7325,58.94463171035558,NaN,NaN
1613030400,44779.782093735936,46546.47,44500,45451.99,62.86120294466488,NaN,NaN
1613044800,45115.88604686796,48399,45115.88604686796,47120.340000000004,69.77534346895354,NaN,NaN
1613059200,46118.11302343398,48298,46118.11302343398,47728.222499999996,71.8329789773082,NaN,NaN
1613073600,46923.16776171699,48678.9,46542.29,47736.18,71.85998577393421,NaN,NaN
1613088000,47329.67388085849,48985.8,47329.67388085849,47970.03,72.68872804879653,NaN,NaN
1613102400,47649.851940429246,47649.851940429246,46789,47320.6075,66.80467379471816,NaN,NaN
1613116800,47485.22972021462,47999,47027.03,47476.61749999999,67.48559245064409,NaN,NaN
1613131200,47480.923610107304,48140,46125,47211.5275,65.04411946690045,NaN,NaN
1613145600,47346.22555505365,47980,46915.32,47297.33,65.4794408099271,NaN,NaN
1613160000,47321.777777526826,48150,47140.26,47462.705,66.34927941990689,NaN,NaN
1613174400,47392.24138876342,48150,47200,47619.3425,67.19250637529626,NaN,NaN
1613188800,47505.79194438171,47934.14,46990,47437.2675,65.14890360346425,NaN,NaN
1613203200,47471.529722190855,47569.03,46251,46851.06,58.93409192271228,NaN,NaN
1613217600,47161.294861095426,47300,46202.53,46791.192500000005,58.32219376015311,NaN,NaN
1613232000,46976.24368054772,47400.14,46708.94,47013.8125,59.985924640392774,NaN,NaN
1613246400,46995.02809027386,47397.36,46653.58,47019.145000000004,60.027086539014164,NaN,NaN
1613260800,47007.08654513693,47730,47007.08654513693,47292.04,62.1716991017803,NaN,NaN
1613275200,47149.56327256847,49404.94,47149.56327256847,48154.435,68.01234390095672,NaN,NaN
1613289600,47651.999136284234,49349.76,47651.999136284234,48879.9125,71.93762517731328,NaN,NaN
1613304000,48265.955818142116,49707.43,48101.38,48851.29,71.5645002131527,NaN,NaN
1613318400,48558.622909071055,49100,48400.31,48682.91499999999,69.28778039861783,NaN,NaN
1613332800,48620.768954535524,49300,48505.79,48769.240000000005,69.81793742478057,NaN,NaN
1613347200,48695.004477267765,49010.92,45570.79,47570.619999999995,55.49382833776476,NaN,NaN
1613361600,48132.81223863388,48132.81223863388,46174.78,47000.792499999996,50.21892412864492,NaN,NaN
1613376000,47566.80236931694,47999,47112.38,47546.135,54.660687747319464,NaN,NaN
1613390400,47556.46868465847,48219.23,47423.99,47846.17999999999,56.937325314040656,NaN,NaN
1613404800,47701.32434232923,48800,47701.32434232923,48333.744999999995,60.415673413378215,NaN,NaN
1613419200,48017.53467116461,48801,47643,48253.1025,59.55876604586724,NaN,NaN
1613433600,48135.31858558231,49670,47003.62,48552.1875,61.72693363250918,NaN,NaN
1613448000,48343.753042791155,49998,48343.753042791155,49333.869999999995,66.74509478096779,NaN,NaN
1613462400,48838.811521395575,49318.47,48700,49023.925,63.2063365433893,NaN,NaN
1613476800,48931.36826069779,50689.18,48403.21,49241.1975,64.6223435727209,NaN,NaN
1613491200,49086.282880348896,49291,47750,48633.825,57.91267526267807,NaN,NaN
1613505600,48860.053940174446,49290,48173.81,48783.4025,59.04056876336149,NaN,NaN
1613520000,48821.72822008722,50274.88,48821.72822008722,49503.1775,64.03526225685756,NaN,NaN
1613534400,49162.45286004361,51266.09,49106.75,50285.7675,68.52881859032466,NaN,NaN
1613548800,49724.1101800218,51678.36,49724.1101800218,51174.2925,72.69947433159133,NaN,NaN
1613563200,50449.2013400109,51633.17,50449.2013400109,51154.075000000004,72.46415532059129,NaN,NaN
1613577600,50801.63817000545,52395,50780,51621.83,74.51917024463721,NaN,NaN
1613592000,51211.734085002725,52618.74,51211.734085002725,52193.5375,76.79833568238051,NaN,NaN
1613606400,51702.63579250136,52530,51702.63579250136,52153.3875,76.28229684427443,NaN,NaN
1613620800,51928.01164625068,52298,51295,51881.9,72.72388177677959,NaN,NaN
1613635200,51904.95582312534,52168.75,51133,51644.442500000005,69.66293790741328,NaN,NaN
1613649600,51774.699161562676,52285,50901.9,51536.8275,68.26070332211941,NaN,NaN
1613664000,51655.76333078134,52177.75,51450,51743.262500000004,69.52782283276225,NaN,NaN
1613678400,51699.512915390675,52195.12,51510,51754.4325,69.59854721159415,NaN,NaN
1613692800,51726.97270769534,51943.99,50710.2,51362.95,63.99271545211509,NaN,NaN
1613707200,51544.96135384767,51894.77,50918,51446.927500000005,64.6504624788621,NaN,NaN
1613721600,51495.94442692384,52984.99,51495.94442692384,52267.975,70.35268229533358,NaN,NaN
1613736000,51881.95971346192,53886.07,51881.95971346192,53193.655,75.20829365463744,NaN,NaN
1613750400,52537.80735673096,55843.78,52537.80735673096,54575.7975,80.37623400323366,NaN,NaN
1613764800,53556.80242836548,56368,53556.80242836548,55517.2125,82.97886482956912,NaN,NaN
1613779200,54537.00746418274,56609.14,54537.00746418274,55885.802500000005,83.88029958201066,NaN,NaN
1613793600,55211.40498209137,56144.87,55185.98,55562.667499999996,79.88599165029964,NaN,NaN
1613808000,55387.03624104569,56388.37,55030,55745.5525,80.45331854809476,NaN,NaN
1613822400,55566.29437052284,57700.46,55566.29437052284,56481.12,82.58135143167921,NaN,NaN
1613836800,56023.70718526142,57425,56023.70718526142,56668.305,83.0859952326073,NaN,NaN
1613851200,56346.006092630705,57050,53863.93,55932.56,74.00985871295069,NaN,NaN
1613865600,56139.28304631535,56900,55477.59,56181,75.00284370271181,NaN,NaN
1613880000,56160.141523157676,56959.71,55863.54,56355.0575,75.70323133122814,NaN,NaN
1613894400,56257.59951157884,57827,55821.03,56756.21,77.28302308395119,NaN,NaN
1613908800,56506.90475578942,57555,56506.90475578942,57185.6925,78.86728598405283,NaN,NaN
1613923200,56846.29862789471,58352.8,56846.29862789471,57686.3925,80.56864729458503,NaN,NaN
1613937600,57266.345563947354,58247.84,56935.03,57666.015,80.28535445368509,NaN,NaN
1613952000,57466.18028197368,57508.47,55351.15,56533.0225,66.32204792003306,NaN,NaN
1613966400,56999.601390986834,56999.601390986834,55102.77,55983.67,60.80041839153031,NaN,NaN
1613980800,56491.635695493416,56623.69,53505.7,55269.14,54.45053783665704,NaN,NaN
1613995200,55880.38784774671,55880.38784774671,47622,52517.3375,37.99355023198944,NaN,NaN
1614009600,54198.86267387336,54198.86267387336,51570,53058.985,41.726914348562524,NaN,NaN
1614024000,53628.92383693668,54989.46,53279.02,53985.89,47.54709172996688,NaN,NaN
1614038400,53807.40691846834,54183.59,50901,52769.655,41.66648631347705,NaN,NaN
1614052800,53288.530959234165,53288.530959234165,48615,50616.942500000005,33.71757527928733,NaN,NaN
1614067200,51952.736729617085,51952.736729617085,44892.56,47732.945,26.44014411563994,NaN,NaN
1614081600,49842.840864808546,49842.840864808546,45788.1,47587.3175,26.13341770094617,NaN,NaN
1614096000,48715.07918240427,49247.69,45500,47218.1775,25.331229934641073,NaN,NaN
1614110400,47966.62834120213,48938.85,45251,47150.9675,25.17967939349964,NaN,NaN
1614124800,47558.797920601064,50993.57,46988.69,49437.0625,38.6292319058283,NaN,NaN
1614139200,48497.93021030053,51357,48497.93021030053,50443.335,43.44806366143058,NaN,NaN
1614153600,49470.63260515027,51374.99,49470.63260515027,50406.2275,43.31300287493888,NaN,NaN
1614168000,49938.43005257513,51294,48450,49980.88,41.71237406855794,NaN,NaN
1614182400,49959.65502628757,50150,48811.26,49435.17,39.686032165451586,NaN,NaN
1614196800,49697.41251314378,49747.49,48028.18,49102.95,38.46108353337821,NaN,NaN
1614211200,49400.18125657189,50884.88,49400.18125657189,50071.2675,43.896659936296906,NaN,NaN
1614225600,49735.724378285944,50568.97,49533.44,50176.3425,44.46983988124185,NaN,NaN
1614240000,49956.03343914297,50513.35,48581.71,49946.36,43.42412468936762,NaN,NaN
1614254400,49951.19671957148,52041.73,49951.19671957148,50816.93,48.373122903001004,NaN,NaN
1614268800,50384.06335978574,51370.18,49226.09,50222.5325,45.44980529432414,NaN,NaN
1614283200,50303.29792989287,50303.29792989287,46674.34,48185.07,37.15999086534915,NaN,NaN
1614297600,49244.18396494644,49244.18396494644,46000,47050.9925,33.49760322892638,NaN,NaN
1614312000,48147.58823247322,48147.58823247322,44106.78,46049.575,30.627138233670053,NaN,NaN
1614326400,47098.58161623661,47098.58161623661,44939.19,45808.5575,29.961677056723744,NaN,NaN
1614340800,46453.56955811831,47853.13,45800,46918.8575,36.77673667643855,NaN,NaN
1614355200,46686.213529059154,48424.11,46602.62,47394.14,39.49098854967609,NaN,NaN
1614369600,47040.17676452958,47115.38,45000,46337.8575,35.81133682339342,NaN,NaN
1614384000,46689.01713226479,48085.47,46156.24,46985.417499999996,39.53118149990778,NaN,NaN
1614398400,46837.21731613239,48394,46712.18,47421.945,41.97245776470319,NaN,NaN
1614412800,47129.5811580662,47640.03,46224.84,47079.4675,40.587973779112396,NaN,NaN
1614427200,47104.5243290331,47800,46337.53,46991.53999999999,40.2211517553367,NaN,NaN
1614441600,47048.032164516546,47450.26,46271,46913.86750000001,39.87828784249262,NaN,NaN
1614456000,46980.94983225828,47557.14,45000,46517.237499999996,38.09257915050497,NaN,NaN
1614470400,46749.093666129134,46749.093666129134,44444,45453.825,33.73135169095552,NaN,NaN
1614484800,46101.459333064566,46101.459333064566,43738.65,44593.045,30.670358895814957,NaN,NaN
1614499200,45347.252166532286,45530.62,44375.02,44897.832500000004,32.98915893416935,NaN,NaN
1614513600,45122.542333266145,45500.17,43168,44336.64,30.93739461163814,NaN,NaN
1614528000,44729.59116663307,44729.59116663307,43000,43829.53,29.171786725033854,NaN,NaN
1614542400,44279.56058331653,45919.61,44088,44886.5375,37.21495755571539,NaN,NaN
1614556800,44583.04904165826,46796.94,44583.04904165826,45804.4875,43.242871735765384,NaN,NaN
1614571200,45193.76827082913,46688.13,45193.76827082913,46238.4275,45.88772744317518,NaN,NaN
1614585600,45716.097885414565,48050,45716.097885414565,47084.1875,50.708895397220296,NaN,NaN
1614600000,46400.14269270728,49298,46400.14269270728,48414.685,57.173224640753816,NaN,NaN
1614614400,47407.41384635364,49469.99,47407.41384635364,48734.9675,58.58139191607836,NaN,NaN
1614628800,48071.19067317682,49790,47876,48878.9225,59.23025798282902,NaN,NaN
1614643200,48475.05658658841,50200,48475.05658658841,49370.1275,61.44952715581573,NaN,NaN
1614657600,48922.59204329421,49402.07,48301.36,48752.44499999999,57.23073126703583,NaN,NaN
1614672000,48837.5185216471,49265.54,48270.69,48677.990000000005,56.72518703540291,NaN,NaN
1614686400,48757.75426082355,49699.99,48380.83,48900.26000000001,57.92020690097955,NaN,NaN
1614700800,48829.00713041178,48829.00713041178,47144.22,48001.479999999996,51.70277531835218,NaN,NaN
1614715200,48415.24356520589,48489.24,47047.6,47861.229999999996,50.78662980730056,NaN,NaN
1614729600,48138.236782602944,49000.51,48100.71,48560.645,55.06296528926614,NaN,NaN
1614744000,48349.44089130147,49960,48349.44089130147,49267.7025,58.946631802850696,NaN,NaN
1614758400,48808.57169565074,51777,48808.57169565074,50737.317500000005,65.60112884556648,NaN,NaN
1614772800,49772.94459782537,52640,49772.94459782537,51388.5475,68.07096287507161,NaN,NaN
1614787200,50580.74604891268,51600,50260,50871.130000000005,64.13107812462366,NaN,NaN
1614801600,50725.93802445634,51356.86,50301.5,50716.225,62.95626288751281,NaN,NaN
1614816000,50721.08151222817,51773.88,49401.3,50274.86,59.60578628789449,NaN,NaN
1614830400,50497.97075611408,50497.97075611408,49010.1,49537.869999999995,54.39968709971421,NaN,NaN
1614844800,50017.92037805704,50756.23,48524.86,49576.44500000001,54.62308956571499,NaN,NaN
1614859200,49797.18268902852,50569.41,48721.43,49506.6875,54.106860878947124,NaN,NaN
1614873600,49651.935094514265,50033.92,47588.52,48758.84999999999,48.784009063222776,NaN,NaN
1614888000,49205.39254725713,49205.39254725713,47500,48146.35,44.888941956731394,NaN,NaN
1614902400,48675.87127362857,48675.87127362857,46300,47585.024999999994,41.6100390595426,NaN,NaN
1614916800,48130.44813681428,48130.44813681428,46500,47179.2025,39.37094935153997,NaN,NaN
1614931200,47654.82531840714,47654.82531840714,46418.12,47200.145,39.551722692448315,NaN,NaN
1614945600,47427.48515920357,48728.21,46974.32,47762.21000000001,44.34772354858657,NaN,NaN
1614960000,47594.84757960179,49400,46885,48361.98,48.997868884879914,NaN,NaN
1614974400,47978.41378980089,49448.93,47978.41378980089,49016.4975,53.55836701666022,NaN,NaN
1614988800,48497.455644900445,49156,48350,48727.6325,51.37496434705757,NaN,NaN
1615003200,48612.544072450226,49117.32,48115.83,48677.7475,50.98838601252981,NaN,NaN
1615017600,48645.14578622511,49100,48000,48522.785,49.73639390211625,NaN,NaN
1615032000,48583.96539311256,48583.96539311256,47070,47680.4375,43.4857261618106,NaN,NaN
1615046400,48132.20144655628,48690.6,47104.85,47851.085,44.99391654097537,NaN,NaN
1615060800,47991.64322327814,49200,47991.64322327814,48661.64,51.600890938148645,NaN,NaN
1615075200,48326.64161163907,49900.99,48326.64161163907,49304.207500000004,56.102357682716985,NaN,NaN
1615089600,48815.42455581954,50179.17,48815.42455581954,49723.5975,58.79600075414011,NaN,NaN
1615104000,49269.51102790977,51148.22,49269.51102790977,50484.354999999996,63.20645517936527,NaN,NaN
1615118400,49876.933013954884,51250,49876.933013954884,50667.85,64.20178722941841,NaN,NaN
1615132800,50272.39150697744,51352.1,50250,50642.2525,63.94192684477193,NaN,NaN
1615147200,50457.32200348872,51450.03,49758.01,50640.37,63.92143591816198,NaN,NaN
1615161600,50548.84600174436,51847.38,50234.98,50909.99,65.62075157794474,NaN,NaN
1615176000,50729.418000872174,50944,49521.2,50204.7325,57.93406599099914,NaN,NaN
1615190400,50467.075250436086,50560,49274.67,50021.682499999995,56.09732969159744,NaN,NaN
1615204800,50244.37887521804,51233,50100.01,50719.597499999996,61.154123104196444,NaN,NaN
1615219200,50481.98818760902,51485.35,50481.98818760902,51100.295000000006,63.61594988683703,NaN,NaN
1615233600,50791.14159380451,52402.78,50791.14159380451,51831.24249999999,67.83132802103859,NaN,NaN
1615248000,51311.19204690225,54100,51311.19204690225,53026.3025,73.28166231502301,NaN,NaN
1615262400,52168.747273451125,54448,52168.747273451125,53811.275,76.14115411434744,NaN,NaN
1615276800,52990.01113672556,54355,52990.01113672556,53852.5425,76.28484979096197,NaN,NaN
1615291200,53421.27681836278,54815.84,53421.27681836278,54171.877499999995,77.418229177873,NaN,NaN
1615305600,53796.57715918138,54338,53626.97,54042.6975,75.8392482226864,NaN,NaN
1615320000,53919.637329590696,54895,53882.52,54442.7025,77.37783716140547,NaN,NaN
1615334400,54181.16991479535,55813.09,53134.8,54322.59,75.81654696429817,NaN,NaN
1615348800,54251.87995739767,54407.74,53005,53763.6125,68.85372499156648,NaN,NaN
1615363200,54007.74622869884,55444,54007.74622869884,54628.08,72.9856698770469,NaN,NaN
1615377600,54317.913114349416,56489.66,54317.913114349416,55627.735,76.81589951144778,NaN,NaN
1615392000,54972.82405717471,57387.69,54972.82405717471,56638.975,79.91781742725131,NaN,NaN
1615406400,55805.89952858735,57225.73,55530.01,56336.6825,76.61771760451097,NaN,NaN
1615420800,56071.291014293674,56499.98,55170.22,55878.5975,71.7805240149153,NaN,NaN
1615435200,55974.94425714684,56179.87,55005,55552.917499999996,68.47074489023188,NaN,NaN
1615449600,55763.93087857342,56270.75,54272.82,55451.28,67.42586473479483,NaN,NaN
1615464000,55607.60543928671,57238.5,55607.60543928671,56380.3,71.679992810019,NaN,NaN
1615478400,55993.952719643356,57682,55993.952719643356,56781.6975,73.30234473752647,NaN,NaN
1615492800,56387.82510982168,58150,56387.82510982168,57326.735,75.36593818726958,NaN,NaN
1615507200,56857.280054910836,58081.51,56624,57395.707500000004,75.62272367002191,NaN,NaN
1615521600,57126.49377745542,57430,56350,56889.51,69.86656761030801,NaN,NaN
1615536000,57008.00188872771,57095.76,55826.05,56523.177500000005,65.95400283547909,NaN,NaN
1615550400,56765.58969436386,57095.41,54962.84,56378.7975,64.42274739136816,NaN,NaN
1615564800,56572.19359718193,57768,56572.19359718193,57094.97,68.3482840180093,NaN,NaN
1615579200,56833.58179859097,57500,56262.14,56981.5675,67.0860253551501,NaN,NaN
1615593600,56907.57464929548,57307.2,56078.23,56825.3675,65.29723830536234,NaN,NaN
1615608000,56866.471074647736,57389.58,56257.47,56921.2675,65.89844393348568,NaN,NaN
1615622400,56893.86928732387,60200,56893.86928732387,58629.909999999996,74.40614152716809,NaN,NaN
1615636800,57761.88964366193,60500,57761.88964366193,59819.774999999994,78.43997743620405,NaN,NaN
1615651200,58790.83232183097,60864.97,58790.83232183097,60197.55,79.54242230542373,NaN,NaN
1615665600,59494.191160915485,61844,59494.191160915485,61102.8625,81.92737074811333,NaN,NaN
1615680000,60298.52683045775,61724.79,60298.52683045775,61248.435,82.28499872075818,NaN,NaN
1615694400,60773.48091522887,61595.09,60455.28,60975.36749999999,79.1221138770656,NaN,NaN
1615708800,60874.42420761443,61110.53,59354.62,60317.065,71.94269053707582,NaN,NaN
1615723200,60595.744603807216,60595.744603807216,59470,60002.39,68.73218621545422,NaN,NaN
1615737600,60299.067301903604,60369.99,59300,59820.725000000006,66.87671084383383,NaN,NaN
1615752000,60059.896150951805,60750,58966.78,59653.45,65.13313252268016,NaN,NaN
1615766400,59856.673075475905,60491.47,58705.47,59638.2525,64.96740757545909,NaN,NaN
1615780800,59747.46278773795,60633.43,57253,59014.045,58.39529091572171,NaN,NaN
1615795200,59380.753893868976,59380.753893868976,54600,56722.635,41.71343993433009,NaN,NaN
1615809600,58051.69444693449,58051.69444693449,55050,56184.350000000006,38.901977733043076,NaN,NaN
1615824000,57118.02222346725,57118.02222346725,55478.01,56243.1275,39.38241686727069,NaN,NaN
1615838400,56680.57486173362,56940,55537,56163.1425,38.93375451204935,NaN,NaN
1615852800,56421.85868086681,56421.85868086681,53271.34,54822.4875,32.29298224518621,NaN,NaN
1615867200,55622.17309043341,55622.17309043341,53607.93,54652.85,31.55946315245471,NaN,NaN
1615881600,55137.51154521671,56400,55079.63,55547.6625,39.381236134992065,NaN,NaN
1615896000,55342.58702260835,55913.57,54596.89,55454.8725,38.88495562154446,NaN,NaN
1615910400,55398.729761304174,56087.02,54950.16,55653.365000000005,40.609145390672,NaN,NaN
1615924800,55526.04738065209,56938.29,55526.04738065209,56310.9075,46.040058025649685,NaN,NaN
1615939200,55918.477440326045,57189.43,55401.02,56249.355,45.61951497852355,NaN,NaN
1615953600,56083.916220163024,56326.53,55185.42,55709.7975,41.99807954258637,NaN,NaN
1615968000,55896.85686008151,56052.63,54326.27,55259.5325,39.20137539019209,NaN,NaN
1615982400,55578.19468004076,55578.19468004076,54123.69,54826.832500000004,36.67395093176346,NaN,NaN
1615996800,55202.51359002038,58201.58,54740,56434.75,49.66177333509938,NaN,NaN
1616011200,55818.631795010195,58974.73,55818.631795010195,58339.26,60.1000819098897,NaN,NaN
1616025600,57078.945897505095,59561.54,57078.945897505095,58948.235,62.75928278922536,NaN,NaN
1616040000,58013.59044875255,59200,58013.59044875255,58596.6225,60.2619752422539,NaN,NaN
1616054400,58305.10647437627,58660,57870.38,58263.972499999996,57.914041506546674,NaN,NaN
1616068800,58284.53948718813,59637.39,57500,58709.94,60.15540481500211,NaN,NaN
1616083200,58497.239743594066,60129.97,57200,58539.357500000006,58.86406298662523,NaN,NaN
1616097600,58518.29862179703,58518.29862179703,57023,57527.97,51.76831209940808,NaN,NaN
1616112000,58023.13431089852,58023.13431089852,56270.74,57397.515,50.91574598611217,NaN,NaN
1616126400,57710.32465544926,58492.85,57603.92,57927.6625,54.2156533961855,NaN,NaN
1616140800,57818.99357772463,58888,57499.63,58263.25,56.22201438608087,NaN,NaN
1616155200,58041.121788862314,59249.5,57950.59,58750.7325,59.030611671378935,NaN,NaN
1616169600,58395.92714443116,59180,58345.14,58832.185,59.49817278710124,NaN,NaN
1616184000,58614.05607221558,59468,58000,58581.1425,57.3266567692114,NaN,NaN
1616198400,58597.59928610779,58913.98,57820.17,58282.975,54.7698455627239,NaN,NaN
1616212800,58440.287143053894,58606.63,57980,58339.1975,55.1758109618639,NaN,NaN
1616227200,58389.74232152695,59299,58389.74232152695,58836.57,58.70679564801619,NaN,NaN
1616241600,58613.15616076348,59880,58610.62,59244.5125,61.39307094171711,NaN,NaN
1616256000,58928.83433038174,59474.89,58901.66,59223.47,61.172012163818444,NaN,NaN
1616270400,59076.15216519087,59381.7,57966.85,58680.915,55.61185687595797,NaN,NaN
1616284800,58878.53358259544,58878.53358259544,57363.07,57960.5475,49.2155209317553,NaN,NaN
1616299200,58419.54054129772,58419.54054129772,56668,57307.0325,44.24384446948128,NaN,NaN
1616313600,57863.286520648864,57863.286520648864,55450.11,56503.972499999996,39.02662734271324,NaN,NaN
1616328000,57183.629510324434,57539,55870.23,56709.600000000006,40.94683037677458,NaN,NaN
1616342400,56946.61475516222,57676,56750,57274.555,45.98039535642316,NaN,NaN
1616356800,57110.58487758111,58113,57110.58487758111,57527.6125,48.113805359095025,NaN,NaN
1616371200,57319.09868879056,57647.89,56289,57213.020000000004,45.69761950340375,NaN,NaN
1616385600,57266.05934439528,57895.78,57266.05934439528,57587.917499999996,48.98540828281896,NaN,NaN
1616400000,57426.98842219764,58430.73,57024.13,57686.29,49.84354740292366,NaN,NaN
1616414400,57556.63921109882,57761,56521.01,57269.700000000004,46.292216985351594,NaN,NaN
1616428800,57413.16960554941,57413.16960554941,55508,56327.744999999995,39.4481429478871,NaN,NaN
1616443200,56870.4573027747,56870.4573027747,53650,54814.56,31.413455522157932,NaN,NaN
1616457600,55842.508651387354,55842.508651387354,53777.68,54472.505000000005,29.929468749754037,NaN,NaN
1616472000,55157.50682569368,55157.50682569368,53000,54156.24,28.5848767741129,NaN,NaN
1616486400,54656.873412846835,54865.37,53821.79,54275.7725,29.867300708907635,NaN,NaN
1616500800,54466.32295642342,55450,54234.96,54774.9875,35.10833107089745,NaN,NaN
1616515200,54620.65522821171,55830.9,54620.65522821171,55207.495,39.33797424310186,NaN,NaN
1616529600,54914.07511410586,55080.16,54190.1,54654.899999999994,36.100365412445626,NaN,NaN
1616544000,54784.487557052926,54784.487557052926,53511.39,54243.5425,33.86590713530258,NaN,NaN
1616558400,54514.01502852647,55612.92,53700,54781.91499999999,39.17242112935016,NaN,NaN
1616572800,54647.96501426323,56662.08,54647.96501426323,56029.9275,49.323481965223486,NaN,NaN
1616587200,55338.94625713161,57200,55338.94625713161,56508.55,52.59108841026418,NaN,NaN
1616601600,55923.74812856581,56422.02,54666.66,55530.8325,46.05780925888391,NaN,NaN
1616616000,55727.2903142829,55727.2903142829,51700,53370.8875,35.55073825390424,NaN,NaN
1616630400,54549.08890714145,54549.08890714145,51500,52206.630000000005,31.39346409590968,NaN,NaN
1616644800,53377.85945357072,53377.85945357072,51905.58,52398.700000000004,32.78980157449705,NaN,NaN
1616659200,52888.27972678536,53160.85,52101,52423.94,32.98283186909558,NaN,NaN
1616673600,52656.10986339268,52656.10986339268,50427.56,51498.8875,29.62464287803975,NaN,NaN
1616688000,52077.498681696336,52532,50550,51568.335,30.199225324156473,NaN,NaN
1616702400,51822.916840848164,52720.24,51220.72,51857.4825,32.664270157800274,NaN,NaN
1616716800,51840.19967042408,52723.68,51214.6,51909.8125,33.12457665038886,NaN,NaN
1616731200,51875.00608521204,53600.9,51875.00608521204,52937.57,41.572389051309486,NaN,NaN
1616745600,52406.288042606015,53826.48,52406.288042606015,53169.17,43.31024929278373,NaN,NaN
1616760000,52787.72902130301,53542,52508.19,53017.3525,42.419550738620366,NaN,NaN
1616774400,52902.54076065151,54060.24,52888.81,53510.785,46.28604851839742,NaN,NaN
1616788800,53206.662880325755,55073.46,53206.662880325755,54411.4525,52.549388085894165,NaN,NaN
1616803200,53809.05769016288,55555,53809.05769016288,54959.17,55.91588190195931,NaN,NaN
1616817600,54384.11384508144,55378.7,54384.11384508144,54937.262500000004,55.745522197382996,NaN,NaN
1616832000,54660.68817254072,55146.23,54311.6,54712.7475,53.93202999907383,NaN,NaN
1616846400,54686.717836270356,55041.79,53950,54599.1325,52.9925330434214,NaN,NaN
1616860800,54642.925168135174,56271,54642.925168135174,55486.7825,59.001590862441304,NaN,NaN
1616875200,55064.85383406759,56700.36,55064.85383406759,55989.3775,61.96621835625507,NaN,NaN
1616889600,55527.115667033795,56200,55527.115667033795,55910.2975,61.21614748222162,NaN,NaN
1616904000,55718.7065835169,56496,55718.7065835169,56145.1525,62.66165452428475,NaN,NaN
1616918400,55931.92954175845,56559.75,55683.56,56057.75,61.73942175342429,NaN,NaN
1616932800,55994.839770879225,56375.19,55291.13,55951.9225,60.57688945721439,NaN,NaN
1616947200,55973.38113543962,56490,54691.84,55686.8775,57.64909409331638,NaN,NaN
1616961600,55830.12931771981,55884.4,54743.18,55403.4775,54.60982304948348,NaN,NaN
1616976000,55616.80340885991,56013.76,54977.8,55535.20250000001,55.776846802135616,NaN,NaN
1616990400,55576.00295442996,56167.37,54800.01,55562.745,56.031401010524974,NaN,NaN
1617004800,55569.373977214986,58350,55569.373977214986,57007.075,66.81793175078678,NaN,NaN
1617019200,56288.22448860749,58405.82,56288.22448860749,57811.92,71.0761315689198,NaN,NaN
1617033600,57050.072244303745,58290,57050.072244303745,57714.03999999999,69.90130366287212,NaN,NaN
1617048000,57382.05612215187,57900,57103.43,57578.8275,68.22368514581594,NaN,NaN
1617062400,57480.441811075936,57769.01,57117.36,57425.79000000001,66.28464598597256,NaN,NaN
1617076800,57453.11590553797,58277,57071.35,57661.462499999994,67.80229736321783,NaN,NaN
1617091200,57557.28920276898,59335,57557.28920276898,58604.555,73.0334737841464,NaN,NaN
1617105600,58080.922101384494,59368,58080.922101384494,58908.6875,74.47377804995176,NaN,NaN
1617120000,58494.80480069225,59107.84,58470,58791.0675,72.85316003318424,NaN,NaN
1617134400,58642.936150346126,59086.65,58380.02,58818.31,72.99971350690026,NaN,NaN
1617148800,58730.62307517306,59050,58369,58693.55,71.10650156205163,NaN,NaN
1617163200,58712.08653758653,59800,57500.18,58520.6575,68.4568987712643,NaN,NaN
1617177600,58616.37201879326,58616.37201879326,56769,57808.322499999995,58.744404434226496,NaN,NaN
1617192000,58212.34725939663,59430.54,57641.06,58597.8425,64.71911138329327,NaN,NaN
1617206400,58405.094879698314,59648.52,58405.094879698314,58989.925,67.25525783618379,NaN,NaN
1617220800,58697.50993984916,59289.45,58328.55,58727.917499999996,63.94716957541434,NaN,NaN
1617235200,58712.71371992458,59314.53,58712.71371992458,58973.4575,65.65224058382724,NaN,NaN
1617249600,58843.08560996229,59232.59,58500.2,58917.395,64.89755452319967,NaN,NaN
1617264000,58880.24030498114,59490,58115,58751.775,62.607895127501536,NaN,NaN
1617278400,58816.007652490574,59263.3,58375,58799.3175,63.01132241805541,NaN,NaN
1617292800,58807.66257624529,59146.77,57935.45,58743.9675,62.17033621715701,NaN,NaN
1617307200,58775.815038122644,59069.74,58524.7,58808.4675,62.79351928003079,NaN,NaN
1617321600,58792.14126906132,60200,58455.1,59311.335,67.31435528163956,NaN,NaN
1617336000,59051.738134530664,59997,59051.738134530664,59647.942500000005,69.94672490124013,NaN,NaN
1617350400,59349.840317265334,59685,59218,59466.7475,66.82677636487001,NaN,NaN
1617364800,59408.293908632666,59624.86,58827.66,59368.84,65.13611611995285,NaN,NaN
1617379200,59388.56695431633,59600,58525.01,59113.7675,60.819150970094924,NaN,NaN
1617393600,59251.16722715816,59251.16722715816,58428.57,58861.895000000004,56.8149048403838,NaN,NaN
1617408000,59056.53111357908,59450.08,58931.3,59138.23,59.93178585274595,NaN,NaN
1617422400,59097.38055678955,59531.74,59097.38055678955,59308.027500000004,61.75822201791836,NaN,NaN
1617436800,59202.70402839477,59791.72,58750.96,59274.875,61.17191343408267,NaN,NaN
1617451200,59238.789514197386,59454.83,58800,59085.222499999996,57.79184863287152,NaN,NaN
1617465600,59162.006007098695,59162.006007098695,57707.7,58569.61,49.74426452729631,NaN,NaN
1617480000,58865.80800354935,58865.80800354935,56880,57781.505000000005,40.46829743059934,NaN,NaN
1617494400,58323.656501774676,58323.656501774676,56388,57128.9225,34.6984732981559,NaN,NaN
1617508800,57726.28950088734,57726.28950088734,57139.02,57492.35999999999,39.842644082330196,NaN,NaN
1617523200,57609.324750443666,57787.79,57033.85,57427.927500000005,39.252284106036605,NaN,NaN
1617537600,57518.62612522184,58492.85,57000,57672.2975,42.71891482804832,NaN,NaN
1617552000,57595.46181261092,58280,57595.46181261092,57959.065,46.572038573423924,NaN,NaN
1617566400,57777.26340630546,58300,57777.26340630546,58070.50750000001,48.034952085401045,NaN,NaN
1617580800,57923.88545315273,58387.35,57320,57844.119999999995,45.32021196827907,NaN,NaN
1617595200,57884.002726576364,57884.002726576364,56790.57,57281.4225,39.365105337283275,NaN,NaN
1617609600,57582.71261328818,57766.84,56777.77,57387.74249999999,40.94411737248093,NaN,NaN
1617624000,57485.22755664409,59272,57485.22755664409,58448.3475,53.85395276171172,NaN,NaN
1617638400,57966.78752832205,59240,57966.78752832205,58968.8,58.632825945271655,NaN,NaN
1617652800,58467.793764161026,59130,58467.793764161026,58936.197499999995,58.22604297415609,NaN,NaN
1617667200,58701.99563208051,59495.24,58600,58958.4825,58.43829979789971,NaN,NaN
1617681600,58830.23906604025,59031.66,58349,58641.86,54.222775398814555,NaN,NaN
1617696000,58736.04953302012,59000,58300,58604.4825,53.73002808815164,NaN,NaN
1617710400,58670.26601651006,58998,57413.02,58192.722499999996,48.50109970445137,NaN,NaN
1617724800,58431.49425825503,58431.49425825503,57722.23,58011.9725,46.36789825072443,NaN,NaN
1617739200,58221.733379127516,58311.91,57483.71,58002.945,46.25846598619924,NaN,NaN
1617753600,58112.33918956376,58200.01,57161.86,57818.662500000006,43.97679593749978,NaN,NaN
1617768000,57965.500844781884,58655,57268,57924.0775,45.628882781940455,NaN,NaN
1617782400,57944.78917239094,57944.78917239094,55700,56952.4525,35.2969226091727,NaN,NaN
1617796800,57448.62083619547,57448.62083619547,55612,56330.2675,30.52964747596738,NaN,NaN
1617811200,56889.44416809773,56889.44416809773,55473,56232.072499999995,29.844549131928446,NaN,NaN
1617825600,56560.75833404886,56570.24,55717.15,56098.67,28.895855548573095,NaN,NaN
1617840000,56329.71416702443,56700,55700,56223.515,31.10311013032259,NaN,NaN
1617854400,56276.614583512215,57333.85,56276.614583512215,56857.49,41.101841296339245,NaN,NaN
1617868800,56567.0522917561,57267.49,56330.77,56760.767499999994,40.14461927328888,NaN,NaN
1617883200,56663.90989587805,57912.02,56311.77,57103.2725,45.026930671600105,NaN,NaN
1617897600,56883.59119793902,58153.31,56883.59119793902,57798.9425,53.350186323575116,NaN,NaN
1617912000,57341.266848969506,58100,57341.266848969506,57839.7725,53.79238515263022,NaN,NaN
1617926400,57590.51967448475,58419.45,57590.51967448475,58072.1775,56.329867088472774,NaN,NaN
1617940800,57831.34858724238,58314,57654,58001.2825,55.331666139621255,NaN,NaN
1617955200,57916.31554362119,58894.9,57669.58,58285.0925,58.501987719829984,NaN,NaN
1617969600,58100.7040218106,58783.47,58024,58393.667499999996,59.68095203455701,NaN,NaN
1617984000,58247.1857609053,58528,57870.57,58252.2875,57.39437661324885,NaN,NaN
1617998400,58249.73663045265,58600,57873.31,58246.61,57.29943557397884,NaN,NaN
1618012800,58248.173315226326,59238.27,57900.01,58627.582500000004,61.85876111115747,NaN,NaN
1618027200,58437.87790761316,61500,58437.87790761316,60109.85,73.64823335579383,NaN,NaN
1618041600,59273.863953806576,60997.18,59273.863953806576,60598.015,76.25172600206204,NaN,NaN
1618056000,59935.93947690329,60800,59811.74,60358.735,72.47215722191933,NaN,NaN
1618070400,60147.33723845164,60550,59550,59978.66,66.8075992304673,NaN,NaN
1618084800,60062.99861922582,60062.99861922582,58374.61,59388.4375,59.084375301141066,NaN,NaN
1618099200,59725.71805961291,60699,59544.94,60070.412500000006,64.22990647682312,NaN,NaN
1618113600,59898.065279806455,60328,59339.83,59897.975,62.10322178369337,NaN,NaN
1618128000,59898.02013990322,60144.7,59450,59743.01,60.1749504580393,NaN,NaN
1618142400,59820.51506995161,59844,59232.52,59610.9575,58.50783480595031,NaN,NaN
1618156800,59715.73628497581,60190,59405.18,59736.54,59.65264179405269,NaN,NaN
1618171200,59726.13814248791,60130.57,59433.29,59817.955,60.41516833067967,NaN,NaN
1618185600,59772.046571243955,60456.29,59586.01,60102.515,63.044091249338784,NaN,NaN
1618200000,59937.28078562197,61300,59937.28078562197,60599.990000000005,67.15132145424485,NaN,NaN
1618214400,60268.63539281099,60878.25,59350.59,60295.335,62.565454057823686,NaN,NaN
1618228800,60281.9851964055,60584.28,59610.96,60105.8925,59.82933558251128,NaN,NaN
1618243200,60193.93884820275,60223,59680.9,59995.2825,58.22817411805455,NaN,NaN
1618257600,60094.61067410138,60241.32,59759.05,59987.697499999995,58.11332107118945,NaN,NaN
1618272000,60041.15408705069,61100,59805.15,60314.6475,61.626877470396536,NaN,NaN
1618286400,60177.90079352535,61415.5,60177.90079352535,60822.66499999999,66.35008461269933,NaN,NaN
1618300800,60500.28289676267,63287.88,60500.28289676267,62081.8825,74.67191656205175,NaN,NaN
1618315200,61291.08269838133,63657.86,61291.08269838133,63107.975000000006,79.1884893741124,NaN,NaN
1618329600,62199.52884919067,63777.77,62199.52884919067,63159.155,79.3859445756463,NaN,NaN
1618344000,62679.341924595334,63666,62679.341924595334,63270.252499999995,79.8332353007191,NaN,NaN
1618358400,62974.797212297664,63869.99,62974.797212297664,63564.3775,81.00814929941195,NaN,NaN
1618372800,63269.58735614883,64854,63269.58735614883,64124.46000000001,83.03502792430115,NaN,NaN
1618387200,63697.023678074416,64787.98,63012.84,64150.2075,83.1241925853125,NaN,NaN
1618401600,63923.6155890372,64640.58,62345.67,63635.18749999999,74.670221390742,NaN,NaN
1618416000,63779.401544518594,63779.401544518594,61301,62565.1725,60.82847968943468,NaN,NaN
1618430400,63172.2870222593,63172.2870222593,61873.51,62511.3625,60.223877348784086,NaN,NaN
1618444800,62841.824761129654,63491.45,62333.55,62960.285,63.48472495247923,NaN,NaN
1618459200,62901.05488056483,63460.22,62706.4,63016.45,63.88364970723034,NaN,NaN
1618473600,62958.75244028241,63137.92,62020,62590.399999999994,58.649344273609856,NaN,NaN
1618488000,62774.5762201412,63074.05,62347.36,62623.925,58.93447213159248,NaN,NaN
1618502400,62699.2506100706,63573.02,62308,62989.87,62.013530336483576,NaN,NaN
1618516800,62844.5603050353,63800,62844.5603050353,63321.762500000004,64.60557040590867,NaN,NaN
1618531200,63083.16140251765,63520.61,62684.01,63075.317500000005,61.26272462334289,NaN,NaN
1618545600,63079.23945125883,63079.23945125883,61025,62086.0125,50.064037243556925,NaN,NaN
1618560000,62582.62597562942,62582.62597562942,60000,60969.13,40.96070828752496,NaN,NaN
1618574400,61775.8779878147,61775.8779878147,60250,61070.604999999996,41.99273984622391,NaN,NaN
1618588800,61423.24149390735,61877,61105,61561.7625,46.83679825444063,NaN,NaN
1618603200,61492.50199695367,62087.98,61333,61617.3,47.371971444842174,NaN,NaN
1618617600,61554.900998476835,62506.05,61114.14,61831.8175,49.487145993663425,NaN,NaN
1618632000,61693.35924923842,62464.38,61693.35924923842,62202.2975,53.00040336007071,NaN,NaN
1618646400,61947.82837461921,62458.28,60700.55,61540.1825,46.74320544767696,NaN,NaN
1618660800,61744.005437309606,61744.005437309606,60094,60616.8975,39.7040223746834,NaN,NaN
1618675200,61180.45146865481,61180.45146865481,59580.91,60333.895,37.82380459170847,NaN,NaN
1618689600,60757.173234327405,60955,59969.98,60409.165,38.65588043537521,NaN,NaN
1618704000,60583.16911716371,60583.16911716371,50931.3,56612.8575,22.384805490581314,NaN,NaN
1618718400,58598.01330858185,58598.01330858185,53924.76,55408.0375,19.56949803315692,NaN,NaN
1618732800,57003.02540429092,57003.02540429092,53064.66,54764.02250000001,18.248341140504053,NaN,NaN
1618747200,55883.523952145464,55883.523952145464,53200,54431.5,17.58809884184977,NaN,NaN
1618761600,55157.51197607273,55967.66,54859.75,55500.13,26.759247988471216,NaN,NaN
1618776000,55328.820988036365,56688.28,55328.820988036365,56024.107500000006,30.824222546542217,NaN,NaN
1618790400,55676.464244018185,57291,55676.464244018185,56540.6325,34.67332090859149,NaN,NaN
1618804800,56108.54837200909,57485.46,56108.54837200909,57062.5975,38.40322491994842,NaN,NaN
1618819200,56585.57293600455,57526.81,56120.03,57019.395,38.20876849636433,NaN,NaN
1618833600,56802.48396800227,57142.2,54221.58,55764.1025,32.9828408156329,NaN,NaN
1618848000,56283.29323400113,56283.29323400113,54351.67,55241.1075,31.07580012007726,NaN,NaN
1618862400,55762.200367000565,56600,55517.45,55920.38250000001,36.23285389804879,NaN,NaN
1618876800,55841.291433500286,55841.291433500286,54237.04,55106.6125,33.04313843001373,NaN,NaN
1618891200,55473.951966750144,55486.31,53329.96,54497.7425,30.8544930438744,NaN,NaN
1618905600,54985.84723337507,56419.13,54230.38,55331.72749999999,37.00897022903312,NaN,NaN
1618920000,55158.78736668753,56455.93,54649.58,55673.88250000001,39.39240666738379,NaN,NaN
1618934400,55416.334933343765,56782,55099.63,55944.3125,41.28345243112917,NaN,NaN
1618948800,55680.32371667188,57076.24,55680.32371667188,56540.92,45.33571168054977,NaN,NaN
1618963200,56110.621858335944,56757.91,55170.61,55889.530000000006,41.93296699437207,NaN,NaN
1618977600,56000.07592916797,56000.07592916797,54968.69,55325.025,39.18790378559126,NaN,NaN
1618992000,55662.55046458398,55750,54276.85,54973.565,37.540174578618384,NaN,NaN
1619006400,55318.05773229199,56346.7,54300,55340.9525,40.36299211710524,NaN,NaN
1619020800,55329.505116146,56339.98,55129,55774.4025,43.60152786176553,NaN,NaN
1619035200,55551.953808073,55551.953808073,53536.02,54570.8775,37.51054937087657,NaN,NaN
1619049600,55061.4156540365,55061.4156540365,52569.17,53622.969999999994,33.53678336363724,NaN,NaN
1619064000,54342.19282701825,54850,53450,53984.905,36.31113607906397,NaN,NaN
1619078400,54163.54891350912,55223,53080,54328.9075,38.92082752460935,NaN,NaN
1619092800,54246.22820675456,55521.48,54246.22820675456,54837.447499999995,42.66126153203405,NaN,NaN
1619107200,54541.83785337728,55166.19,52222.17,53740.8825,37.34983172310878,NaN,NaN
1619121600,54141.36017668864,54141.36017668864,50500,52011.722499999996,30.83123445096291,NaN,NaN
1619136000,53076.54133834432,53076.54133834432,48555,50669.14,26.904899389307303,NaN,NaN
1619150400,51872.84066917216,51872.84066917216,47700,49128.32,23.246074111475096,NaN,NaN
1619164800,50500.58033458608,50500.58033458608,47500,48943.88249999999,22.845581490766378,NaN,NaN
1619179200,49722.231417293035,50300,48541,49686.994999999995,28.2120257404531,NaN,NaN
1619193600,49704.613208646515,50920,49470.26,50275.902500000004,32.234660831520955,NaN,NaN
1619208000,49990.25785432326,51301.34,49990.25785432326,50860.7975,36.0664638241833,NaN,NaN
1619222400,50425.52767716163,51166.22,49304.06,50422.6925,34.49315679561417,NaN,NaN
1619236800,50424.11008858081,50631.16,49649.7,50048.994999999995,33.1642139789064,NaN,NaN
1619251200,50236.5525442904,50236.5525442904,48657.14,49436.924999999996,31.05386355330735,NaN,NaN
1619265600,49836.738772145196,50360.63,48900,49636.195,32.55852040815368,NaN,NaN
1619280000,49736.466886072594,50888,49650,50353.94,37.822047790169535,NaN,NaN
1619294400,50045.2034430363,51000,49900,50403.9075,38.18375283110645,NaN,NaN
1619308800,50224.55547151815,50452.85,49600,49929.0575,36.03822084460045,NaN,NaN
1619323200,50076.80648575908,50076.80648575908,49600.24,49653.995,34.81777904046373,NaN,NaN
1619337600,49865.400742879545,50280,49161.94,49669.155000000006,34.94853554721679,NaN,NaN
1619352000,49767.27787143977,50567.91,49450,49956.655,37.508752002008556,NaN,NaN
1619366400,49861.966435719885,50434,49295.09,49830.0175,36.82132252239944,NaN,NaN
1619380800,49845.99196785994,49845.99196785994,46930,48730.74,31.435568116669103,NaN,NaN
1619395200,49288.365983929965,52500,48753.44,50679.7975,46.4041409439567,NaN,NaN
1619409600,49984.08174196498,53080,49984.08174196498,52570.09,56.35582993772798,NaN,NaN
1619424000,51277.08587098249,53685,51277.08587098249,53089.94,58.63080355486509,NaN,NaN
1619438400,52183.51293549125,53950,52183.51293549125,53579.8775,60.70947238041982,NaN,NaN
1619452800,52881.695217745626,54356.62,52868.07,53708.0025,61.25771317674648,NaN,NaN
1619467200,53294.848858872814,54250,52600.36,53722.490000000005,61.32342986907228,NaN,NaN
1619481600,53508.66942943641,54160.61,53267.71,53722.5,61.32347863641414,NaN,NaN
1619496000,53615.58471471821,54933.74,53222,54040.262500000004,62.92329307516969,NaN,NaN
1619510400,53827.9236073591,55242.32,53827.9236073591,54797.167499999996,66.48001147242604,NaN,NaN
1619524800,54312.54555367955,55300,54258.32,54923.155,67.04666611772845,NaN,NaN
1619539200,54617.850276839774,55081.61,54258.4,54770.8925,65.6032546247779,NaN,NaN
1619553600,54694.37138841989,55460,54694.37138841989,54993.025,66.72860513355411,NaN,NaN
1619568000,54843.698194209945,55738,54769.42,55073.36,67.14722505862466,NaN,NaN
1619582400,54958.52909710497,54995.07,53813.16,54459.565,60.84785145092058,NaN,NaN
1619596800,54709.047048552486,55087.85,53917.64,54528.6825,61.28826562166391,NaN,NaN
1619611200,54618.86477427624,55327,54111.11,54657.3775,62.142190184610165,NaN,NaN
1619625600,54638.12113713812,55432,54245.33,54856.86,63.48667550615537,NaN,NaN
1619640000,54747.49056856906,56428,54002,55170.8125,65.55973106171754,NaN,NaN
1619654400,54959.15153428453,55195.84,54046.33,54588.37500000001,58.88085010867586,NaN,NaN
1619668800,54773.76326714227,54773.76326714227,53482.22,54176.582500000004,54.64237267775044,NaN,NaN
1619683200,54475.17288357114,54739.43,53759.98,54316.21,55.80407600796779,NaN,NaN
1619697600,54395.69144178557,54531.89,53303.68,53959.71000000001,52.132703838914026,NaN,NaN
1619712000,54177.70072089279,54177.70072089279,52476.69,53214.002499999995,45.403745617499176,NaN,NaN
1619726400,53695.85161044639,53695.85161044639,52330.94,53099.1475,44.45205561006287,NaN,NaN
1619740800,53397.4995552232,53816.36,53013.01,53515.85,48.656871984175005,NaN,NaN
1619755200,53456.674777611595,54558.8,53456.674777611595,54063.5,53.62532917291524,NaN,NaN
1619769600,53760.0873888058,54792.33,53760.0873888058,54354.295,56.056961125162964,NaN,NaN
1619784000,54057.1911944029,57258.15,54057.1911944029,55709.935,65.21414286859958,NaN,NaN
1619798400,54883.56309720145,57385,54883.56309720145,56962.455,71.18817430013327,NaN,NaN
1619812800,55923.009048600725,57963,55923.009048600725,57259.715,72.39965311007728,NaN,NaN
1619827200,56591.36202430036,58458.07,56591.36202430036,57938.759999999995,74.98701583565088,NaN,NaN
1619841600,57265.06101215018,58422.31,57265.06101215018,57977.64750000001,75.13079660490492,NaN,NaN
1619856000,57621.354256075094,57930,57116.16,57647.049999999996,71.37455981602098,NaN,NaN
1619870400,57634.20212803755,58043.01,56956.14,57543.16,70.18701339414727,NaN,NaN
1619884800,57588.681064018776,57998.97,57218,57585.9675,70.4055120577467,NaN,NaN
1619899200,57587.32428200939,57939,57243.65,57688.335,70.95373909400325,NaN,NaN
1619913600,57637.82964100469,57911.02,56323.66,57120.555,63.88486454548168,NaN,NaN
1619928000,57379.19232050235,57379.19232050235,56171.31,56595.88,58.122336933144084,NaN,NaN
1619942400,56987.53616025117,57090,56035.25,56712.07,59.00423243432707,NaN,NaN
1619956800,56849.80308012558,57286.96,56231.55,56800.927500000005,59.70313395004497,NaN,NaN
1619971200,56825.36529006279,56968.56,56317.59,56679.43749999999,58.24116503277421,NaN,NaN
1619985600,56752.4013950314,57141.05,56212,56691.9125,58.35393661449089,NaN,NaN
1620000000,56722.1569475157,58289.99,56525,57329.75,63.74498862515639,NaN,NaN
1620014400,57025.95347375785,58848,57025.95347375785,58314.59,70.16658310889747,NaN,NaN
1620028800,57670.27173687892,58981.44,57670.27173687892,58676.0175,72.11837332505596,NaN,NaN
1620043200,58173.14461843946,58770,57260,58072.36750000001,64.52543651619901,NaN,NaN
1620057600,58122.75605921973,58170,57169,57626.8,59.54230350884627,NaN,NaN
1620072000,57874.778029609864,57874.778029609864,56435,57186.075,55.016426282331764,NaN,NaN
1620086400,57530.42651480493,57530.42651480493,54580,56100.39,45.784073323997305,NaN,NaN
1620100800,56815.408257402465,56815.408257402465,55122,55713.4875,43.013874332770314,NaN,NaN
1620115200,56264.447878701234,56637.89,55555,56063.572499999995,46.18667656990361,NaN,NaN
1620129600,56164.010189350614,56321.18,53526,54947.485,38.774732887825145,NaN,NaN
1620144000,55555.74759467531,55555.74759467531,53201.01,54072.622500000005,34.148633416786424,NaN,NaN
1620158400,54814.185047337654,54824,53046.69,53902.607500000006,33.31675292106743,NaN,NaN
1620172800,54358.396273668826,55415.83,52900,54079.0175,35.08385238905868,NaN,NaN
1620187200,54218.706886834414,55285.71,53922.84,54716.4425,41.15213177921551,NaN,NaN
1620201600,54467.574693417206,55809.24,54467.574693417206,55113.917499999996,44.628038745753784,NaN,NaN
1620216000,54790.7460967086,57712.06,54790.7460967086,56372.6,53.911697724402785,NaN,NaN
1620230400,55581.6730483543,58069.82,55581.6730483543,57471.1875,60.18603481331157,NaN,NaN
1620244800,56526.43027417715,57619.86,56526.43027417715,57192.0125,58.02424632444793,NaN,NaN
1620259200,56859.221387088575,57570,56570.66,57093.465000000004,57.24263497892849,NaN,NaN
1620273600,56976.34319354429,57568.42,56331.66,56877.99,55.482785340018744,NaN,NaN
1620288000,56927.16659677215,58360,56772.75,57483.885,59.27427545950187,NaN,NaN
1620302400,57205.52579838608,58099,56763,57484.6225,59.27882169177386,NaN,NaN
1620316800,57345.07414919304,57475,55200,56472.975000000006,50.887244278012666,NaN,NaN
1620331200,56909.02457459652,56909.02457459652,55674.13,56247.6575,49.21614582127669,NaN,NaN
1620345600,56578.34103729826,57122.17,55476.74,56174.565,48.65792088982759,NaN,NaN
1620360000,56376.45301864913,56376.45301864913,55241.63,55748.63,45.42460606448744,NaN,NaN
1620374400,56062.54150932457,56784,55570.35,56146.354999999996,48.84301217335643,NaN,NaN
1620388800,56104.44825466228,57680,56104.44825466228,56973.05499999999,55.13368258506042,NaN,NaN
1620403200,56538.751627331134,58650,56538.751627331134,57721.4775,59.93678004777634,NaN,NaN
1620417600,57130.11456366557,58074.31,56749.75,57430.705,57.36723593142226,NaN,NaN
1620432000,57280.40978183279,58400,56900,57678.8675,58.98341571567712,NaN,NaN
1620446400,57479.6386409164,58599.99,57479.6386409164,58165.7275,62.024978789678535,NaN,NaN
1620460800,57822.683070458195,59379.26,57822.683070458195,58675.8525,64.95717882608949,NaN,NaN
1620475200,58249.267785229094,59438.64,57472.95,58266.8875,60.8975212542404,NaN,NaN
1620489600,58258.077642614546,59300,57560.63,58372.7625,61.567184425061704,NaN,NaN
1620504000,58315.42007130727,59500,58315.42007130727,58964.6525,65.15945715889839,NaN,NaN
1620518400,58640.03628565364,59300,58325.09,58781.1,63.18703857267608,NaN,NaN
1620532800,58710.568142826814,58974.91,57575,58287.805,58.09715781320359,NaN,NaN
1620547200,58499.186571413404,58499.186571413404,57535.61,57952.1725,54.85920092611923,NaN,NaN
1620561600,58225.6795357067,58225.6795357067,56235.66,57380.682499999995,49.77251341543002,NaN,NaN
1620576000,57803.18101785335,57883.11,57048.96,57394.655,49.894839255531174,NaN,NaN
1620590400,57598.918008926674,58439.7,57179.18,57781.6725,53.288305626849336,NaN,NaN
1620604800,57690.29525446334,59444.9,57690.29525446334,58763.1125,60.579533675585026,NaN,NaN
1620619200,58226.703877231674,59500,58226.703877231674,58895.682499999995,61.454743504970985,NaN,NaN
1620633600,58561.193188615835,58593.79,57301.81,58084.1,53.60795778679307,NaN,NaN
1620648000,58322.64659430792,58322.64659430792,56700,57846.7475,51.535486222849165,NaN,NaN
1620662400,58084.69704715395,58593.7,55516.85,57035.165,45.11324089118246,NaN,NaN
1620676800,57559.93102357698,57559.93102357698,53400,55304.947499999995,35.077276893106244,NaN,NaN
1620691200,56432.43926178849,56435.48,54370,55441.02,36.27788045436409,NaN,NaN
1620705600,55936.729630894246,55936.729630894246,54589,55329.6075,35.69581946240778,NaN,NaN
1620720000,55633.16856544712,56190,55125.71,55566.0175,37.970101226303434,NaN,NaN
1620734400,55599.59303272356,56176,54766.44,55551.4325,37.88108836062653,NaN,NaN
1620748800,55575.51276636178,56850,55575.51276636178,56315.442500000005,45.13664420654793,NaN,NaN
1620763200,55945.4776331809,56862.43,55945.4776331809,56577.59,47.40656021624148,NaN,NaN
1620777600,56261.53381659045,57872.18,56261.53381659045,57213.565,52.53707481061382,NaN,NaN
1620792000,56737.54940829522,58000.01,56737.54940829522,57435.0075,54.21196735853791,NaN,NaN
1620806400,57086.278454147614,57195.5,55950.45,56667.1225,47.89970321976217,NaN,NaN
1620820800,56876.700477073806,56900,55232.56,56008.285,43.2469280302837,NaN,NaN
1620835200,56442.49273853691,56442.49273853691,53500,54772.207500000004,36.15178621395155,NaN,NaN
1620849600,55607.350119268456,55607.350119268456,48600,51855.06,25.513473069108272,NaN,NaN
1620864000,53731.20505963423,53731.20505963423,46000,49207.28,19.81411563213048,NaN,NaN
1620878400,51469.242529817115,51469.242529817115,50282,50747.725,29.659063920972514,NaN,NaN
1620892800,51108.48376490855,51108.48376490855,48457.12,50015.965000000004,27.90629429596237,NaN,NaN
1620907200,50562.22438245428,50884.34,49458.68,49936.917499999996,27.715749024898017,NaN,NaN
1620921600,50249.57094122714,50429.99,47000,48906.6175,25.2917363065701,NaN,NaN
1620936000,49578.094220613566,49879.77,48350,49117.6775,26.70591445467639,NaN,NaN
1620950400,49347.88586030678,50390.7,49021.01,49560.39,29.711441564243458,NaN,NaN
1620964800,49454.13793015339,50286.26,48799.75,49557.787500000006,29.703730463957186,NaN,NaN
1620979200,49505.9627150767,50958.32,49505.9627150767,50340.912500000006,35.157275633191745,NaN,NaN
1620993600,49923.43760753835,51483,49923.43760753835,50817.527500000004,38.294817835102876,NaN,NaN
1621008000,50370.48255376918,51322.41,50083.8,50689.07,37.76443705169826,NaN,NaN
1621022400,50529.776276884586,50529.776276884586,49030,49826.845,34.327757529619774,NaN,NaN
1621036800,50178.31063844229,50700,49269.78,49860.2375,34.576074058415344,NaN,NaN
1621051200,50019.27406922115,50019.27406922115,48400,49089.375,31.60513276943557,NaN,NaN
1621065600,49554.324534610576,49554.324534610576,47721.84,48604.969999999994,29.8683481060408,NaN,NaN
1621080000,49079.647267305285,49697.63,48527.07,49034.354999999996,33.363939069412936,NaN,NaN
1621094400,49057.00113365264,49057.00113365264,46900,48246.417499999996,30.372271098589252,NaN,NaN
1621108800,48651.709316826316,48738.75,46555,47541.284999999996,27.95636310760952,NaN,NaN
1621123200,48096.497158413156,48406.44,46467,47504.972499999996,27.83357896635252,NaN,NaN
1621137600,47800.73482920657,49500,47800.73482920657,48824.18,38.415711119282925,NaN,NaN
1621152000,48312.45741460328,49795.89,48312.45741460328,49210.53999999999,41.138015261048395,NaN,NaN
1621166400,48761.49870730164,49249.06,47566.01,48389.33,37.35797207743049,NaN,NaN
1621180800,48575.41435365082,48575.41435365082,44444.44,46454.637500000004,30.295273046514737,NaN,NaN
1621195200,47515.025926825416,47515.025926825416,43825.39,45572.5325,27.72189636554387,NaN,NaN
1621209600,46543.77921341271,46686,42777,44701.3225,25.42482875599474,NaN,NaN
1621224000,45622.55085670635,45622.55085670635,42196.97,43915.4025,23.53063394513896,NaN,NaN
1621238400,44768.976678353174,45800,44291.84,45241.6275,32.64931778246759,NaN,NaN
1621252800,45005.30208917659,45791.04,43156,44510.835,30.491638065553005,NaN,NaN
1621267200,44758.0685445883,44758.0685445883,42001,43488.9325,27.731757286105292,NaN,NaN
1621281600,44123.500522294155,44939.2,42500,43793.7425,29.773563997741817,NaN,NaN
1621296000,43958.62151114708,45281.34,43150.79,44187.494999999995,32.4294144198244,NaN,NaN
1621310400,44073.05825557354,45799.29,44073.05825557354,45121.25750000001,38.38078423374672,NaN,NaN
1621324800,44597.15787778677,45662.14,44597.15787778677,45190.7325,38.81259957520114,NaN,NaN
1621339200,44893.94518889338,45341.84,42507,44034.2675,34.48098163493087,NaN,NaN
1621353600,44464.10634444669,44464.10634444669,42371.96,43107.445,31.451505032768708,NaN,NaN
1621368000,43785.775672223346,43785.775672223346,42250.02,42971.284999999996,31.020311935524447,NaN,NaN
1621382400,43378.53033611167,43584.9,40125,41787.7075,27.49198869509506,NaN,NaN
1621396800,42583.11891805583,42583.11891805583,38550,40090.1,23.383702020684268,NaN,NaN
1621411200,41336.60945902791,41336.60945902791,36333,39068.995,21.319945427243468,NaN,NaN
1621425600,40202.80222951395,40202.80222951395,30000,36328.5075,16.986834816538916,NaN,NaN
1621440000,38265.65486475697,40442,36111,38301.5175,28.287290637695918,NaN,NaN
1621454400,38283.58618237849,40200,36600.01,38206.8875,28.089784031860873,NaN,NaN
1621468800,38245.23684118924,38599,34850,37115.317500000005,25.847853311560158,NaN,NaN
1621483200,37680.27717059462,40780.87,37680.27717059462,39320.6675,36.81940633340479,NaN,NaN
1621497600,38500.47233529731,40690.56,38500.47233529731,39956.35,39.59383191272675,NaN,NaN
1621512000,39228.41116764865,42451.67,39228.41116764865,41111.83,44.37532694875236,NaN,NaN
1621526400,40170.120583824326,41450,38110,40277.23,41.80152469831686,NaN,NaN
1621540800,40223.675291912165,41900,39383.52,40481.55,42.6780644964739,NaN,NaN
1621555200,40352.612645956084,42200,40352.612645956084,40950.285,44.73450104689974,NaN,NaN
1621569600,40651.44882297804,40800,39222,40131.6425,41.90681791663196,NaN,NaN
1621584000,40391.54566148902,41230.67,39277,40368.635,43.029516175605295,NaN,NaN
1621598400,40380.09033074451,41789.4,36444.44,39038.177500000005,38.527938554928326,NaN,NaN
1621612800,39709.13391537226,39709.13391537226,35501.01,36548.04,31.818515205726783,NaN,NaN
1621627200,38128.58695768613,38128.58695768613,33488,36062.285,30.69555704239734,NaN,NaN
1621641600,37095.43597884307,38100,36517.03,37208.0575,36.39750943986165,NaN,NaN
1621656000,37151.746739421535,37219.45,35200.62,36409.165,34.279758437511376,NaN,NaN
1621670400,36780.45586971077,38827.52,36258.96,37377.65,38.91951250599854,NaN,NaN
1621684800,37079.05293485538,38829,37000,38037.2875,41.926758794983215,NaN,NaN
1621699200,37558.17021742769,38600,37158.14,37801.6775,41.14749769318992,NaN,NaN
1621713600,37679.92385871384,38400,37268.76,37601.285,40.458724364975964,NaN,NaN
1621728000,37640.60442935692,38270.64,36668.99,37454.932499999995,39.93298794400251,NaN,NaN
1621742400,37547.76846467846,37547.76846467846,35530,36575.2175,36.83458303700948,NaN,NaN
1621756800,37061.49298233923,37061.49298233923,33800.59,35262.07,32.749781432613986,NaN,NaN
1621771200,36161.78149116962,36161.78149116962,32600,34276.2225,30.055060886274944,NaN,NaN
1621785600,35219.00199558481,35219.00199558481,31111.01,32844.79,26.628923631194567,NaN,NaN
1621800000,34031.89599779241,35000,33045.31,33936.9725,32.91290852545539,NaN,NaN
1621814400,33984.43424889621,35889,33984.43424889621,35121.645,39.01426349067597,NaN,NaN
1621828800,34553.0396244481,36887,34031,35703.5875,41.81372398291015,NaN,NaN
1621843200,35128.31356222405,37922.18,35128.31356222405,37011.375,47.63151202319495,NaN,NaN
1621857600,36069.844281112026,38637.7,36069.844281112026,37760.979999999996,50.67574470950455,NaN,NaN
1621872000,36915.412140556014,39787.96,36818.55,38438.0625,53.31556127265694,NaN,NaN
1621886400,37676.73732027801,39920,37676.73732027801,39069.455,55.69673696145807,NaN,NaN
1621900800,38373.096160139,39791.77,37800.5,38676.9425,53.85763694228499,NaN,NaN
1621915200,38525.019330069495,39200,37608,38524.8725,53.12573103383077,NaN,NaN
1621929600,38524.94591503475,39110,36486,37781.7675,49.57999989696914,NaN,NaN
1621944000,38153.35670751738,38481.18,36419.62,37428.885,47.9435755832565,NaN,NaN
1621958400,37791.12085375869,38299.88,37011,37720.28,49.427927279553046,NaN,NaN
1621972800,37755.700426879346,38753.98,37250.01,37905.350000000006,50.395365728059964,NaN,NaN
1621987200,37830.52521343967,39693.66,37800.44,38830.700000000004,55.02782074062654,NaN,NaN
1622001600,38330.612606719835,40755,38330.612606719835,39926.192500000005,59.81264946100231,NaN,NaN
1622016000,39128.40255335992,40841,39128.40255335992,40129.3075,60.648636454261194,NaN,NaN
1622030400,39628.85502667996,40289.75,38440,39334.755000000005,55.761961290854536,NaN,NaN
1622044800,39481.80501333998,39481.80501333998,37900.03,38623.4375,51.7425209063336,NaN,NaN
1622059200,39052.62125666999,39450.69,38280.19,38862.3825,52.968919502169605,NaN,NaN
1622073600,38957.501878334995,39243.1,37134.27,38310.212499999994,49.81816692396998,NaN,NaN
1622088000,38633.857189167495,38633.857189167495,37204.76,37877.8225,47.43852359497311,NaN,NaN
1622102400,38255.83984458375,39888.02,37826.08,38919.895,53.2360447015487,NaN,NaN
1622116800,38587.86742229188,40411.14,38587.86742229188,39756.182499999995,57.30595159916362,NaN,NaN
1622131200,39172.02496114594,39721.28,38500,39164.155,53.74025860189522,NaN,NaN
1622145600,39168.08998057297,39187.35,38195.19,38670.22,50.894936729330084,NaN,NaN
1622160000,38919.154990286486,38919.154990286486,37687.77,38333.1925,48.988991692973066,NaN,NaN
1622174400,38626.17374514324,38626.17374514324,36442,37473.0325,44.417208358669,NaN,NaN
1622188800,38049.60312257162,38049.60312257162,35100,36169.325,38.54571176163346,NaN,NaN
1622203200,37109.464061285806,37279.98,35168.24,36137.295,38.411367604710684,NaN,NaN
1622217600,36623.3795306429,36845.93,35551.06,36234.47,39.10480622186208,NaN,NaN
1622232000,36428.924765321455,36428.924765321455,34684,35594.2,36.21179077244585,NaN,NaN
1622246400,36011.562382660726,36774.44,35617.87,36128.2175,40.18642694362584,NaN,NaN
1622260800,36069.88994133036,37338.58,35604.3,36386.6675,42.06783273679902,NaN,NaN
1622275200,36228.278720665185,36350,34567.89,35609.4725,38.17878740038496,NaN,NaN
1622289600,35918.875610332594,35918.875610332594,33800,34748.4025,34.38592786637163,NaN,NaN
1622304000,35333.63905516629,35333.63905516629,33632.76,34280.8625,32.49807861978326,NaN,NaN
1622318400,34807.25077758315,35100,33752.3,34370.7225,33.25652986911146,NaN,NaN
1622332800,34588.986638791575,34974.99,33379,34432.315,33.8055386492355,NaN,NaN
1622347200,34510.650819395785,36232.09,34510.650819395785,35408.07000000001,41.95177634753233,NaN,NaN
1622361600,34959.360409697896,36420,34959.360409697896,36080.494999999995,46.80975053101293,NaN,NaN
1622376000,35519.927704848946,36488,35100,35856.11,45.4430651829436,NaN,NaN
1622390400,35688.01885242447,36284.44,35300,35784.7575,44.99320331488448,NaN,NaN
1622404800,35736.38817621223,36350,35500,35892.215,45.86240930569475,NaN,NaN
1622419200,35814.301588106115,36000,34250.55,35095.345,40.72333264529221,NaN,NaN
1622433600,35454.82329405306,35975,34153.84,35117.1475,40.918399724712884,NaN,NaN
1622448000,35285.985397026525,37195,35285.985397026525,36367.4275,50.89746357897076,NaN,NaN
1622462400,35826.70644851326,37278.03,35826.70644851326,36852.2725,54.13280455448128,NaN,NaN
1622476800,36339.489474256625,37457.07,36339.489474256625,36947.97750000001,54.76637356753996,NaN,NaN
1622491200,36643.73348712832,37499,36557.3,37043.965,55.43131938174895,NaN,NaN
1622505600,36843.84924356415,37894.81,36478,37082.905,55.7157264101112,NaN,NaN
1622520000,36963.377121782076,37443.72,36561.89,36885.9975,53.84459763617893,NaN,NaN
1622534400,36924.68731089104,36939.81,35902.43,36567.61,50.869755240371965,NaN,NaN
1622548800,36746.14865544552,37440,35666,36484.48,50.09158775759024,NaN,NaN
1622563200,36615.314327722765,36615.314327722765,35716.66,36104.675,46.585282333484095,NaN,NaN
1622577600,36359.994663861384,36800,35873.08,36335.0075,48.920414864317145,NaN,NaN
1622592000,36347.50108193069,36900,35920,36496.81,50.555656372219815,NaN,NaN
1622606400,36422.155540965345,37400,36422.155540965345,36891.19,54.38851736696284,NaN,NaN
1622620800,36656.67277048268,37538.07,36656.67277048268,37203.1475,57.2138823975812,NaN,NaN
1622635200,36929.91013524134,38225,36929.91013524134,37631.8475,60.80684984944025,NaN,NaN
1622649600,37280.87881762067,38200,37280.87881762067,37963.1575,63.36712780904449,NaN,NaN
1622664000,37622.01815881034,37929.97,37320,37675.8075,59.723108333278596,NaN,NaN
1622678400,37648.91282940517,37903.14,37170,37569.0975,58.380458476452525,NaN,NaN
1622692800,37609.00516470258,39039.19,37600,38227.13,63.78691590358991,NaN,NaN
1622707200,37918.06758235129,39476,37918.06758235129,38852.869999999995,68.0386998755719,NaN,NaN
1622721600,38385.46879117564,39265.25,38288,38717.6525,66.22911768157226,NaN,NaN
1622736000,38551.560645587815,38997,38431.03,38640.067500000005,65.15828528790485,NaN,NaN
1622750400,38595.81407279391,39450,38532.31,38956.4375,67.46813491118138,NaN,NaN
1622764800,38776.12578639695,39289.07,37320.26,38447.457500000004,60.51705791204904,NaN,NaN
1622779200,38611.79164319848,38611.79164319848,36218.21,37175.37,47.378785328233484,NaN,NaN
1622793600,37893.580821599244,37893.580821599244,36072.82,36573.482500000006,42.659666236688636,NaN,NaN
1622808000,37233.53166079962,37233.53166079962,35555.15,36557.1675,42.53598893916917,NaN,NaN
1622822400,36895.34958039981,37248.94,36708,36926.6975,46.3312472778995,NaN,NaN
1622836800,36911.02354019991,37246.99,36462.42,36834.85249999999,45.52642597437743,NaN,NaN
1622851200,36872.93802009995,37846.6,36613.22,37174.7425,49.05344533278288,NaN,NaN
1622865600,37023.840260049976,37925,37023.840260049976,37581.80500000001,52.980002846270395,NaN,NaN
1622880000,37302.822630024995,37850,35667,36742.1375,45.23528795706281,NaN,NaN
1622894400,37022.480065012496,37022.480065012496,35250,35968.96,39.508160903477034,NaN,NaN
1622908800,36495.720032506244,36495.720032506244,35692.04,36029.15,40.14349278475775,NaN,NaN
1622923200,36262.43501625312,36262.43501625312,34800,35526.72749999999,36.68037656454918,NaN,NaN
1622937600,35894.581258126556,36257.34,35405.61,35792.1725,39.642956132059886,NaN,NaN
1622952000,35843.376879063275,36480,35701.04,36075.5425,42.723801423513606,NaN,NaN
1622966400,35959.459689531635,36414.55,35800.93,36054.0325,42.54627024050821,NaN,NaN
1622980800,36006.74609476582,36429.28,35450,35976.2175,41.868473492233704,NaN,NaN
1622995200,35991.481797382905,36317.81,35705,35981.8575,41.940669050528186,NaN,NaN
1623009600,35986.66964869145,35995.28,35222,35690.182499999995,39.227398827807995,NaN,NaN
1623024000,35838.42607434573,36900,35498.62,36146.965,45.205826865382086,NaN,NaN
1623038400,35992.69553717286,36545.01,35850.66,36232.15,46.267413114289546,NaN,NaN
1623052800,36112.42276858643,36591.72,35900.52,36252.174999999996,46.52967057196752,NaN,NaN
1623067200,36182.29888429321,36777.47,35860.5,36262.4875,46.67401668374402,NaN,NaN
1623081600,36222.39319214661,36222.39319214661,35328.02,35769.365,40.97745559473335,NaN,NaN
1623096000,35995.8790960733,35995.8790960733,33300,34557.94,30.975545582064527,NaN,NaN
1623110400,35276.90954803665,35276.90954803665,32351,33198.265,23.918848359014177,NaN,NaN
1623124800,34237.587274018326,34237.587274018326,32123,32788.22,22.27104915963737,NaN,NaN
1623139200,33512.90363700916,33512.90363700916,32651.52,33020.305,25.403489231333438,NaN,NaN
1623153600,33266.604318504586,33266.604318504586,31000,32242.225000000002,22.176776852954234,NaN,NaN
1623168000,32754.414659252296,32999.35,31563.52,32283.074999999997,22.731684639171874,NaN,NaN
1623182400,32518.744829626146,33841.98,32518.744829626146,33187.2325,33.95648213865698,NaN,NaN
1623196800,32852.98866481307,33540.47,32396.82,33045.29,33.14249907564236,NaN,NaN
1623211200,32949.139332406536,34512.95,32536.49,33520.185,38.4578863833017,NaN,NaN
1623225600,33234.66216620327,35045.55,33234.66216620327,34498.520000000004,47.68535786899222,NaN,NaN
1623240000,33866.59108310164,36736,33866.59108310164,35644.6175,56.00705648537684,NaN,NaN
1623254400,34755.604291550815,37000,34755.604291550815,36316.7575,60.0232872933194,NaN,NaN
1623268800,35536.18089577541,37534.79,35536.18089577541,36823.822499999995,62.783601743436776,NaN,NaN
1623283200,36180.0016978877,37666.11,36180.0016978877,37191.23,64.68627442996561,NaN,NaN
1623297600,36685.61584894385,37220.99,36500,36910.707500000004,62.07674011425957,NaN,NaN
1623312000,36798.16167447193,38491,36242.57,37378.5575,64.63886715309674,NaN,NaN
1623326400,37088.359587235966,38198.23,36612,37381.5625,64.65538451880896,NaN,NaN
1623340800,37234.96104361798,37234.96104361798,36100,36705.435,58.08151121520954,NaN,NaN
1623355200,36970.19802180899,37088,35782,36555.205,56.701992175152874,NaN,NaN
1623369600,36762.701510904495,37300,35936.77,36667.25,57.51252610406457,NaN,NaN
1623384000,36714.97575545225,37435,36390.32,36931.82000000001,59.44316113272346,NaN,NaN
1623398400,36823.39787772613,37680.4,36823.39787772613,37281.945,61.90987554019113,NaN,NaN
1623412800,37052.671438863064,37589,36747.62,37133.4625,60.2366577529482,NaN,NaN
1623427200,37093.06696943153,37419.01,36511.52,36998.92999999999,58.68896198497998,NaN,NaN
1623441600,37045.99848471576,37498.58,36745,37205.58,60.37321170236253,NaN,NaN
1623456000,37125.78924235788,37463.63,35277,36410.95,51.65260267455648,NaN,NaN
1623470400,36768.369621178936,36768.369621178936,35000,35397.145,43.09908525726948,NaN,NaN
1623484800,36082.75731058947,36082.75731058947,34600.36,35346.53,42.71873786497024,NaN,NaN
1623499200,35714.643655294734,36238,35315,35633.865,45.65096878998041,NaN,NaN
1623513600,35674.254327647366,35997.67,35300,35603.1575,45.38359116391752,NaN,NaN
1623528000,35638.70591382368,36143.93,35420.32,35710.0925,46.55746708581849,NaN,NaN
1623542400,35674.39920691184,35926.96,34816.02,35289.225000000006,42.670285717064,NaN,NaN
1623556800,35481.81210345592,35499.86,34757,35101.1725,41.02218899619435,NaN,NaN
1623571200,35291.492301727965,36099,35171.55,35614.149999999994,47.032171426943584,NaN,NaN
1623585600,35452.82115086398,36150,35452.82115086398,35939.7475,50.48138785231671,NaN,NaN
1623600000,35696.28432543199,37750.14,35696.28432543199,36851.275,58.607820937149114,NaN,NaN
1623614400,36273.779662716,39380,36273.779662716,38421.6875,68.26923496833787,NaN,NaN
1623628800,37347.733581358,39800,37347.733581358,39131.425,71.50622315666268,NaN,NaN
1623643200,38239.579290679,39700,38239.579290679,39253.18,72.03330189996954,NaN,NaN
1623657600,38746.379645339504,39629.01,38746.379645339504,39292.64750000001,72.21273755401191,NaN,NaN
1623672000,39019.513572669755,41064.05,39019.513572669755,39988.9375,75.23195566436061,NaN,NaN
1623686400,39504.22553633488,40740.03,39323.1,40116.14,75.75033144722144,NaN,NaN
1623700800,39810.18276816744,40605.87,39602,40110.055,75.6687447905216,NaN,NaN
1623715200,39960.11888408372,40900,39856.6,40419.435,77.02371794026912,NaN,NaN
1623729600,40189.77694204186,40580,40100,40362.2175,76.17878634356231,NaN,NaN
1623744000,40275.99722102093,40400,39531,40034.5775,71.3520221642539,NaN,NaN
1623758400,40155.28736051047,40450,39720,40018.7275,71.11726755595171,NaN,NaN
1623772800,40087.00743025524,41330,39768,40280.255000000005,72.71257077645667,NaN,NaN
1623787200,40183.63121512762,40365.27,39506.4,39993.3675,68.25865848491348,NaN,NaN
1623801600,40088.49935756381,40181.95,39610,39987.345,68.1642657025716,NaN,NaN
1623816000,40037.922178781904,40527.14,39840,40126.9125,69.22633400810619,NaN,NaN
1623830400,40082.41733939095,40260.14,38877.46,39586.12,60.766995817268224,NaN,NaN
1623844800,39834.26866969548,39834.26866969548,38565,38981.415,52.97210762756485,NaN,NaN
1623859200,39407.84183484774,39735.52,38301.68,38873.24249999999,51.69465226809034,NaN,NaN
1623873600,39140.54216742387,39140.54216742387,38116.01,38517.530000000006,47.62721718631107,NaN,NaN
1623888000,38829.03608371194,38978.75,38213.23,38601.50750000001,48.65435130350909,NaN,NaN
1623902400,38715.27179185597,39400,38644.4,39029.2025,53.641028040589056,NaN,NaN
1623916800,38872.23714592798,39559.88,38872.23714592798,39243.045,55.944849368890345,NaN,NaN
1623931200,39057.64107296399,39195.9,38411.39,38940.865000000005,52.01143069439466,NaN,NaN
1623945600,38999.253036482,39111.56,37505,38331.775,45.12453862491033,NaN,NaN
1623960000,38665.514018240996,38665.514018240996,37365,37854.625,40.59029523081148,NaN,NaN
1623974400,38260.0695091205,38260.0695091205,37213,37858.9,40.64783849163925,NaN,NaN
1623988800,38059.48475456025,38148.11,37377,37791.729999999996,39.99239033027943,NaN,NaN
1624003200,37925.607377280125,38029.99,37063.8,37657.695,38.652986602859166,NaN,NaN
1624017600,37791.65118864006,37948.55,36278.5,37100.18,33.61062738921153,NaN,NaN
1624032000,37445.91559432003,37445.91559432003,35129.29,35907.735,25.844763547048345,NaN,NaN
1624046400,36676.825297160016,36676.825297160016,35232.26,35576.035,24.17170104762134,NaN,NaN
1624060800,36126.43014858001,36297.3,34803.52,35506.185,23.821978961134732,NaN,NaN
1624075200,35816.307574290004,35873.9,34961.39,35431.1725,23.429931382530754,NaN,NaN
1624089600,35623.740037145006,35995,35561.81,35820.744999999995,29.883779942766793,NaN,NaN
1624104000,35722.2425185725,36457,35550,36015.5175,32.92765789983666,NaN,NaN
1624118400,35868.88000928625,36210,35360.08,35907.145000000004,32.09283761047374,NaN,NaN
1624132800,35888.01250464313,36200,35394.75,35755.53,30.91206064366399,NaN,NaN
1624147200,35821.77125232156,35821.77125232156,35119.21,35482.542499999996,28.853589083289194,NaN,NaN
1624161600,35652.15687616078,35922,35363.02,35612.494999999995,31.202236348438177,NaN,NaN
1624176000,35632.32593808039,35693.88,33724.48,34732.245,25.14670827203703,NaN,NaN
1624190400,35182.285469040195,35182.285469040195,33336,34073.8175,21.74692814862867,NaN,NaN
1624204800,34628.051484520096,35700.92,34289,34978.7125,34.794478214187166,NaN,NaN
1624219200,34803.38199226005,36137.72,34803.38199226005,35655.177500000005,42.511353585724216,NaN,NaN
1624233600,35229.27974613003,35750,34566.82,35141.655,38.76116771711771,NaN,NaN
1624248000,35185.46737306501,35185.46737306501,32266,33667.295,30.45448134617635,NaN,NaN
1624262400,34426.381186532504,34426.381186532504,31710,32708.295,26.47945704646311,NaN,NaN
1624276800,33567.338093266255,33567.338093266255,31927.91,32592.2,26.036410573350025,NaN,NaN
1624291200,33079.769046633126,33079.769046633126,32034.52,32571.0625,25.951272532041614,NaN,NaN
1624305600,32825.41577331656,32825.41577331656,31251.23,32056.012499999997,23.90044567242127,NaN,NaN
1624320000,32440.71413665828,33260,31168,32265.085,26.44162135366544,NaN,NaN
1624334400,32352.89956832914,33109.81,32352.89956832914,32814,32.78754984975849,NaN,NaN
1624348800,32583.44978416457,32658.63,31112,31915.5,28.459537162808076,NaN,NaN
1624363200,32249.474892082286,32249.474892082286,28805,30932.4025,24.62877212269396,NaN,NaN
1624377600,31590.938696041143,33298.78,31590.938696041143,32257.6,36.94899098957187,NaN,NaN
1624392000,31924.26934802057,32987,31924.26934802057,32512.655,39.0151912685422,NaN,NaN
1624406400,32218.462174010285,34444,31683,33150.7475,43.962757459282635,NaN,NaN
1624420800,32684.604837005143,34392.1,32684.604837005143,33979.54,49.673747407303324,NaN,NaN
1624435200,33332.072418502576,34500,33332.072418502576,34010.965,49.88231163801908,NaN,NaN
1624449600,33671.518709251286,34881,33400.3,33920.71,49.25100407633097,NaN,NaN
1624464000,33796.11435462564,33947.17,32870.99,33297.0675,45.0119285221068,NaN,NaN
1624478400,33546.59092731282,33785.26,32749.01,33273.71,44.856205101699004,NaN,NaN
1624492800,33410.150463656406,33879.99,32339.82,33121.020000000004,43.78968976985377,NaN,NaN
1624507200,33265.585231828205,33280.55,32286.57,32752.515,41.24114226681329,NaN,NaN
1624521600,33009.0501159141,33930.23,32820.61,33363.8375,46.77523342864197,NaN,NaN
1624536000,33186.443807957054,34583.58,33186.443807957054,34019.229999999996,51.995261545833834,NaN,NaN
1624550400,33602.836903978525,35298,33602.836903978525,34448.885,55.1039037815829,NaN,NaN
1624564800,34025.86095198926,34999.09,34025.86095198926,34757.2025,57.24359360355739,NaN,NaN
1624579200,34391.53172599463,35500,34251,34866.5375,58.00787935835806,NaN,NaN
1624593600,34629.03461299732,35100,33961.48,34600.75,55.41465992614248,NaN,NaN
1624608000,34614.89230649866,34614.89230649866,33234.37,33826.924999999996,48.602239434964936,NaN,NaN
1624622400,34220.908653249324,34220.908653249324,32351,32967.7,42.3732526622215,NaN,NaN
1624636800,33594.30432662466,33594.30432662466,31500,32309.6125,38.32215703859405,NaN,NaN
1624651200,32951.95841331233,32951.95841331233,31275,31862.84,35.81849609703414,NaN,NaN
1624665600,32407.399206656162,32407.399206656162,31300,31780.6475,35.360799083202934,NaN,NaN
1624680000,32094.02335332808,32730,30573.77,31500.962499999998,33.77904220773554,NaN,NaN
1624694400,31797.49292666404,31883.6,30151,31131.4675,31.75791470217723,NaN,NaN
1624708800,31464.48021333202,31985,30505,31447.85,35.326229285045315,NaN,NaN
1624723200,31456.16510666601,31910,30776.63,31446.8725,35.320084289492954,NaN,NaN
1624737600,31451.518803333005,32300.24,30905.78,31765.910000000003,39.04683385710527,NaN,NaN
1624752000,31608.714401666504,33200,31608.714401666504,32651.002500000002,47.99857684003053,NaN,NaN
1624766400,32129.858450833253,33499,32129.858450833253,33185.244999999995,52.53028959400292,NaN,NaN
1624780800,32657.551725416626,33451,32268,33064.34,51.437793270946955,NaN,NaN
1624795200,32860.94586270831,33574.32,32717.52,33184.605,52.496118057053174,NaN,NaN
1624809600,33022.77543135415,33400,32574.28,32997.3825,50.645713391039514,NaN,NaN
1624824000,33010.07896567708,34749,32357.13,33655.4125,56.455322832521695,NaN,NaN
1624838400,33332.745732838535,34972.28,33332.745732838535,34581.97,63.050700034003945,NaN,NaN
1624852800,33957.35786641927,35297.71,33957.35786641927,34749.325,64.10813008475627,NaN,NaN
1624867200,34353.34143320963,35172.21,33960,34567.024999999994,62.02579585177666,NaN,NaN
1624881600,34460.18321660481,35000,33862.72,34484.9775,61.06442931892341,NaN,NaN
1624896000,34472.58035830241,35030.92,33931,34593.417499999996,61.90484706649477,NaN,NaN
1624910400,34532.9989291512,34819,34112.03,34466.9225,60.27058166251462,NaN,NaN
1624924800,34499.9607145756,35169.56,34225.43,34616.76,61.564948108666705,NaN,NaN
1624939200,34558.360357287806,35448,34534,34852.09,63.572276953402024,NaN,NaN
1624953600,34705.2251786439,35768.9,34705.2251786439,35225.93,66.56006404844598,NaN,NaN
1624968000,34965.577589321954,36428,34965.577589321954,35893.9375,71.1185159820111,NaN,NaN
1624982400,35429.75754466098,36600,35429.75754466098,36320.345,73.59307572052623,NaN,NaN
1624996800,35875.051272330486,36488.7,35700.01,36120.707500000004,70.5455321536178,NaN,NaN
1625011200,35997.879386165245,36100,34936,35516.9275,62.16145231648322,NaN,NaN
1625025600,35757.40344308262,35757.40344308262,34666,35081.875,56.912847934910886,NaN,NaN
1625040000,35419.63922154131,35419.63922154131,34401.01,34958.7175,55.48461468421771,NaN,NaN
1625054400,35189.17836077065,35189.17836077065,34083.92,34534.55,50.75994777209451,NaN,NaN
1625068800,34861.864180385324,34899,34017.55,34463.3875,49.99083939520164,NaN,NaN
1625083200,34662.62584019266,35194.04,34391.43,34843.5075,54.00021194647981,NaN,NaN
1625097600,34753.066670096334,35057.57,34120,34585.645000000004,51.01239027465414,NaN,NaN
1625112000,34669.35583504817,34669.35583504817,33312.52,33811.979999999996,43.275737119185045,NaN,NaN
1625126400,34240.667917524086,34240.667917524086,33001,33454.38,40.238046206394614,NaN,NaN
1625140800,33847.523958762045,33917.93,33055,33530.7475,41.18747990881841,NaN,NaN
1625155200,33689.13572938102,33689.13572938102,32711,33222.3775,38.525892142991296,NaN,NaN
1625169600,33455.756614690516,33649,33091.48,33334.162500000006,40.038560478152284,NaN,NaN
1625184000,33394.95955734526,33977.04,32767.74,33288.582500000004,39.61056615952104,NaN,NaN
1625198400,33341.771028672636,33500.36,32699,33116.21,37.958064327030804,NaN,NaN
1625212800,33228.990514336314,33620,32770,33192.832500000004,39.172854738352505,NaN,NaN
1625227200,33210.91150716816,33724.34,32872,33331.15,41.40331534430302,NaN,NaN
1625241600,33271.030753584084,33795.16,33109.76,33484.3825,43.85934191824622,NaN,NaN
1625256000,33377.706626792045,33898.95,33041.65,33513.715,44.34027422797626,NaN,NaN
1625270400,33445.71081339602,33914.6,33316.73,33635.585,46.39495581457432,NaN,NaN
1625284800,33540.64790669801,34663.48,33444.25,34032.9375,52.54589051628691,NaN,NaN
1625299200,33786.792703349005,34780,33786.792703349005,34573.3925,59.37409851441607,NaN,NaN
1625313600,34180.09260167451,34816.5,34180.09260167451,34625.755000000005,59.97500885326989,NaN,NaN
1625328000,34402.923800837256,34945.61,34402.923800837256,34696.39,60.81696409837735,NaN,NaN
1625342400,34549.65690041863,34914.76,34250.48,34645.090000000004,59.83255100618329,NaN,NaN
1625356800,34597.373450209314,34771.64,34357.15,34609.880000000005,59.12516195967578,NaN,NaN
1625371200,34603.62672510466,35727,34603.62672510466,35147.665,65.77988029411733,NaN,NaN
1625385600,34875.64586255233,35687.18,34875.64586255233,35541.6875,69.67540262165127,NaN,NaN
1625400000,35208.66668127617,35572.72,35208.66668127617,35457.277500000004,67.89235633672484,NaN,NaN
1625414400,35332.97209063808,35687.54,35332.97209063808,35540.207500000004,68.73878703028149,NaN,NaN
1625428800,35436.58979531904,35967.85,35135,35491.0925,67.60212723844327,NaN,NaN
1625443200,35463.84114765952,35463.84114765952,34180.18,34778.244999999995,53.71807496673426,NaN,NaN
1625457600,35121.04307382976,35121.04307382976,34000,34255.765,46.22454800197908,NaN,NaN
1625472000,34688.40403691488,34688.40403691488,33300,33874.08,41.65329459765874,NaN,NaN
1625486400,34281.242018457444,34281.242018457444,33301.22,33511.0225,37.821867264561355,NaN,NaN
1625500800,33896.13225922872,34274.33,33125.55,33775.935,42.01319964403692,NaN,NaN
1625515200,33836.03362961436,34210,33670.01,33922.0325,44.24533563071039,NaN,NaN
1625529600,33879.03306480718,34169.1,33634.76,33853.675,43.403467631142945,NaN,NaN
1625544000,33866.35403240359,34959.73,33866.35403240359,34415.840000000004,51.56542491314109,NaN,NaN
1625558400,34141.0970162018,35118.88,33730,34447.759999999995,51.988805333578945,NaN,NaN
1625572800,34294.4285081009,34516.38,33800.01,34106.5325,47.23536172322294,NaN,NaN
1625587200,34200.48050405045,34200.48050405045,33532,33946.1075,45.14546260312879,NaN,NaN
1625601600,34073.29400202523,34323.77,33628.81,34048.145,46.75899167407902,NaN,NaN
1625616000,34060.719501012616,34530,33941,34284.38,50.39682525010749,NaN,NaN
1625630400,34172.54975050631,34919.28,34172.54975050631,34612.0575,54.9907645623086,NaN,NaN
1625644800,34392.30362525316,34989,34392.30362525316,34746.1175,56.75536074603533,NaN,NaN
1625659200,34569.210562626584,35059.09,34477.13,34723.1975,56.34861127321184,NaN,NaN
1625673600,34646.20403131329,34784,34412.43,34588.4375,53.90258684157402,NaN,NaN
1625688000,34617.320765656645,34628.71,33777.77,34224.3275,47.85773078792616,NaN,NaN
1625702400,34420.82413282832,34420.82413282832,33066,33540.85,39.01337546891412,NaN,NaN
1625716800,33980.837066414155,33980.837066414155,32242.07,32886.957500000004,32.77316447409649,NaN,NaN
1625731200,33433.89728320708,33433.89728320708,32077,32502.47,29.759014583905397,NaN,NaN
1625745600,32968.18364160354,32988.87,32350,32733.8275,33.7097862319321,NaN,NaN
1625760000,32851.00557080177,33177.06,32641.36,32930.4975,36.95598006867289,NaN,NaN
1625774400,32890.75153540088,33067.09,32508,32863.3125,36.30198527244356,NaN,NaN
1625788800,32877.03201770044,33100,32261.07,32794.6475,35.60841574052928,NaN,NaN
1625803200,32835.83975885022,33310,32742,32976.005,38.92729581629372,NaN,NaN
1625817600,32905.92237942511,33065,32598,32835.03,37.317160747617855,NaN,NaN
1625832000,32870.47618971256,33682.43,32635.08,33162.792499999996,43.19964738216363,NaN,NaN
1625846400,33016.63434485628,33696.4,33016.63434485628,33496.88,48.50443236524511,NaN,NaN
1625860800,33256.75717242814,34100,33256.75717242814,33683.9875,51.250448178320404,NaN,NaN
1625875200,33470.37233621407,34262,33470.37233621407,33877.21,53.97964189104539,NaN,NaN
1625889600,33673.79116810704,33909.67,33458.84,33733.64,51.66516809420423,NaN,NaN
1625904000,33703.71558405352,33950,33565,33768.7375,52.204684637974786,NaN,NaN
1625918400,33736.226542026765,33943.4,33634.16,33808.512500000004,52.84703540302495,NaN,NaN
1625932800,33772.36952101339,34192,33223.31,33671.945,50.34515551867167,NaN,NaN
1625947200,33722.15726050669,33722.15726050669,33004.78,33404.5125,45.77505063181027,NaN,NaN
1625961600,33563.334880253344,33817.83,33387.72,33539.3475,48.3221509408464,NaN,NaN
1625976000,33551.34119012667,33642.74,33306.47,33476.7525,47.21340035854797,NaN,NaN
1625990400,33514.046845063334,33870,33424.84,33654.625,50.67672615219855,NaN,NaN
1626004800,33584.33592253167,33994.69,33584.33592253167,33853.137500000004,54.28186425710073,NaN,NaN
1626019200,33718.73671126584,34123.08,33718.73671126584,33936.5025,55.744766241766904,NaN,NaN
1626033600,33827.61960563292,34666,33710.94,34132.625,59.06345307382132,NaN,NaN
1626048000,33980.12230281646,34537.39,33980.12230281646,34312.807499999995,61.890934759140364,NaN,NaN
1626062400,34146.464901408224,34678.43,34146.464901408224,34392.12,63.09913483110407,NaN,NaN
1626076800,34269.29245070412,34488.27,33525.66,33956.417499999996,53.13336257647987,NaN,NaN
1626091200,34112.85497535206,34112.85497535206,33316.2,33455.1525,44.43772578231655,NaN,NaN
1626105600,33784.00373767603,33784.00373767603,32750,33087.835,39.35503888301917,NaN,NaN
1626120000,33435.91936883802,33435.91936883802,32658.34,32963.2025,37.776212707439925,NaN,NaN
1626134400,33199.56093441901,33229,32830.98,33054.515,39.685363776615674,NaN,NaN
1626148800,33127.0379672095,33333.33,32742.01,33081.6375,40.2715682572823,NaN,NaN
1626163200,33104.33773360475,33340,32912.29,33118.7525,41.11497240822753,NaN,NaN
1626177600,33111.54511680237,33111.54511680237,32280,32790.4225,36.23983739367604,NaN,NaN
1626192000,32950.983808401186,32956.26,32231.42,32572.27,33.4055758856459,NaN,NaN
1626206400,32761.626904200595,32761.626904200595,32202.25,32497.9275,32.47351427810176,NaN,NaN
1626220800,32629.777202100297,32807.41,31650.61,32254.2875,29.56238655286299,NaN,NaN
1626235200,32442.032351050148,32442.032351050148,31655.83,31855.4575,25.528038787914454,NaN,NaN
1626249600,32148.744925525076,32707.27,31550,32157.3175,32.98262723204954,NaN,NaN
1626264000,32153.031212762537,32959.21,32153.031212762537,32619.04,42.468864456787706,NaN,NaN
1626278400,32386.03560638127,33114.03,32386.03560638127,32798.560000000005,45.68785724774864,NaN,NaN
1626292800,32592.29780319064,33063.82,32592.29780319064,32823.6525,46.14147214922717,NaN,NaN
1626307200,32707.975151595318,33185.25,32580.12,32806.7625,45.86380096025766,NaN,NaN
1626321600,32757.368825797657,32757.368825797657,32359.65,32540.557500000003,41.61327643038272,NaN,NaN
1626336000,32648.963162898828,32648.963162898828,31800,32192.2775,36.80708643892715,NaN,NaN
1626350400,32420.620331449412,32420.620331449412,31455,31791.37,32.19722571891505,NaN,NaN
1626364800,32105.995165724707,32105.995165724707,31133,31536.28,29.652442611263425,NaN,NaN
1626379200,31821.137582862353,31898,31503.35,31705.067499999997,33.403185605901314,NaN,NaN
1626393600,31763.102541431173,32049.45,31556.95,31848.945,36.51065197629508,NaN,NaN
1626408000,31806.023770715587,32020,31548.15,31814.385000000002,36.07521288141461,NaN,NaN
1626422400,31810.204385357792,31810.204385357792,31020,31416.625,31.429267068462977,NaN,NaN
1626436800,31613.414692678896,32212.52,31067.43,31623.465,36.04199908158686,NaN,NaN
1626451200,31618.439846339446,32249.18,31618.439846339446,32024.48,43.91876236256499,NaN,NaN
1626465600,31821.45992316972,31987,31336.98,31654.797499999997,39.13400256687963,NaN,NaN
1626480000,31738.12871158486,31738.12871158486,31164.31,31374.3425,35.93545933158207,NaN,NaN
1626494400,31556.23560579243,31590.94,31190,31400.2875,36.452909814662796,NaN,NaN
1626508800,31478.261552896212,31955.92,31250,31527.7225,39.0566470623756,NaN,NaN
1626523200,31502.992026448104,31772.02,31341.16,31567.3175,39.88088083047078,NaN,NaN
1626537600,31535.154763224054,31920,31535.154763224054,31763.8275,43.93368016236703,NaN,NaN
1626552000,31649.491131612027,31898.5,31480.66,31683.39,42.66579214566756,NaN,NaN
1626566400,31666.440565806013,32435,31463,31896.0175,47.01844068802563,NaN,NaN
1626580800,31781.229032903007,32190.45,31680.01,31937.14,47.843140653832315,NaN,NaN
1626595200,31859.184516451503,31868.53,31565.58,31736.804999999997,44.23103575306791,NaN,NaN
1626609600,31797.994758225752,31849.54,31108.97,31531.475,40.82863262620658,NaN,NaN
1626624000,31664.734879112875,31763.11,31290,31515.6275,40.569245375690706,NaN,NaN
1626638400,31590.18118955644,31943,31420,31696.1175,44.86544756070218,NaN,NaN
1626652800,31643.14934477822,31861.79,31431.87,31653.449999999997,44.0546838688049,NaN,NaN
1626667200,31648.29967238911,31899,31523.28,31642.0475,43.826749864902894,NaN,NaN
1626681600,31645.173586194556,31669.73,31155,31423.7425,39.602163192584,NaN,NaN
1626696000,31534.45804309728,31534.45804309728,30407.44,30934.559999999998,32.12858655774832,NaN,NaN
1626710400,31234.509021548638,31234.509021548638,30520.01,30702.6075,29.30462618714995,NaN,NaN
1626724800,30968.55826077432,30984.4,30691.72,30815.152500000004,32.408956737246754,NaN,NaN
1626739200,30891.855380387162,31063.07,29501,30251.045,26.199075646526268,NaN,NaN
1626753600,30571.45019019358,30571.45019019358,29505.95,29716.712499999998,21.915520002281582,NaN,NaN
1626768000,30144.08134509679,30144.08134509679,29278,29670.1725,21.584495742484336,NaN,NaN
1626782400,29907.126922548396,29988,29279.13,29712.280000000002,22.721815840239316,NaN,NaN
1626796800,29809.7034612742,29984.82,29605,29815.37,25.56812139404677,NaN,NaN
1626811200,29812.536730637097,29994.41,29500,29766.4075,25.095351703089918,NaN,NaN
1626825600,29789.47211531855,29910,29482.61,29757.012499999997,24.999829191830855,NaN,NaN
1626840000,29773.242307659275,30942.42,29773.242307659275,30358.969999999998,40.600661882558114,NaN,NaN
1626854400,30066.106153829634,31655,30066.106153829634,31180.829999999998,54.51273984722089,NaN,NaN
1626868800,30623.468076914818,31969.99,30623.468076914818,31714.177499999998,60.91100210300428,NaN,NaN
1626883200,31168.822788457408,32858,31168.822788457408,32001.1575,63.856937747749974,NaN,NaN
1626897600,31584.990144228705,32247.63,31516.3,31884.005,61.809053413085955,NaN,NaN
1626912000,31734.497572114353,32376.78,31734.497572114353,32056.9825,63.66207386296289,NaN,NaN
1626926400,31895.740036057177,32344.9,31860,32066.072500000002,63.76157957212576,NaN,NaN
1626940800,31980.90626802859,32259,31708,32002.595,62.47500554712913,NaN,NaN
1626955200,31991.750634014294,32584.06,31724.39,32181.7275,64.64315150648662,NaN,NaN
1626969600,32086.739067007147,32591.35,32086.739067007147,32423.777499999997,67.38533308887273,NaN,NaN
1626984000,32255.258283503572,32487.19,32051.85,32300.95,64.64542698906305,NaN,NaN
1626998400,32278.104141751784,32799,32201.02,32470.515,66.6607795245249,NaN,NaN
1627012800,32374.309570875892,32915,32360.67,32589.47,68.03729204710606,NaN,NaN
1627027200,32481.889785437947,32540.2,32210,32384.175,63.18840079723117,NaN,NaN
1627041600,32433.032392718975,32599.86,32214.32,32356.4225,62.53952965888536,NaN,NaN
1627056000,32394.727446359488,32394.727446359488,31924.32,32205.655,58.99524644161523,NaN,NaN
1627070400,32300.191223179743,33650,32193.06,32931.447499999995,68.30691897286728,NaN,NaN
1627084800,32615.81936158987,33780.23,32615.81936158987,33621.3625,74.28484380335844,NaN,NaN
1627099200,33118.59093079493,33934.25,33118.59093079493,33745.615000000005,75.19238275270664,NaN,NaN
1627113600,33432.10296539747,34065.71,33432.10296539747,33820.4,75.74717762460699,NaN,NaN
1627128000,33626.25148269873,34047.86,33626.25148269873,33870.595,76.13298990426249,NaN,NaN
1627142400,33748.42324134937,34500,33703.73,33974.350000000006,76.9492563796669,NaN,NaN
1627156800,33861.38662067469,34283.42,33667.01,34013.682499999995,77.2666690204009,NaN,NaN
1627171200,33937.53456033734,34436.44,33851.12,34177.48,78.58893248976497,NaN,NaN
1627185600,34057.50728016868,34785.33,34057.50728016868,34426.6,80.45127427547816,NaN,NaN
1627200000,34242.05364008434,34800,34238.56,34533.277500000004,81.20516516991948,NaN,NaN
1627214400,34387.66557004217,34434.06,33862.45,34217.4075,72.31265106911337,NaN,NaN
1627228800,34302.536535021085,34600,34090.63,34304.49,73.18448592298373,NaN,NaN
1627243200,34303.51326751054,35398,34300,34858.064999999995,77.93992030854014,NaN,NaN
1627257600,34580.78913375527,39799.97,34580.78913375527,37167.6875,87.72262324880184,NaN,NaN
1627272000,35874.238316877636,39265.17,35874.238316877636,38355.792499999996,90.14394906925928,NaN,NaN
1627286400,37115.01540843882,38738.51,37115.01540843882,38255.9525,88.5632985230998,NaN,NaN
1627300800,37685.48395421941,38880,37685.48395421941,38454.455,88.97714519264171,NaN,NaN
1627315200,38069.969477109706,40550,38069.969477109706,39242.417499999996,90.45384262896974,NaN,NaN
1627329600,38656.193488554854,39510.96,36764.93,38218.7125,76.1758071428736,NaN,NaN
1627344000,38437.452994277424,38437.452994277424,36383,36992.97,63.29310561070424,NaN,NaN
1627358400,37715.21149713871,37715.21149713871,36675.34,36984.99249999999,63.2181707236364,NaN,NaN
1627372800,37350.10199856936,38069.32,36969.52,37554.7025,66.28780343964439,NaN,NaN
1627387200,37452.40224928468,38771.91,37452.40224928468,38188.505000000005,69.35215008158366,NaN,NaN
1627401600,37820.45362464234,38315.81,37350,37918.97,66.58046693607838,NaN,NaN
1627416000,37869.71181232117,39542.61,37798.02,38649.7475,70.072719092467,NaN,NaN
1627430400,38259.72965616058,40350,38259.72965616058,39632.07,74.00503233441367,NaN,NaN
1627444800,38945.89982808029,40183.67,38945.89982808029,39780.9675,74.55088019149302,NaN,NaN
1627459200,39363.433664040145,40900,39359.21,40227.005,76.16545385816056,NaN,NaN
1627473600,39795.219332020075,40871.59,39329.4,40160.2175,75.39413990579256,NaN,NaN
1627488000,39977.71841601004,40680.07,38772,39882.43,72.12263962655513,NaN,NaN
1627502400,39930.07420800502,40388.61,39586.2,40095.744999999995,73.0883417990078,NaN,NaN
1627516800,40012.9096040025,40278.48,39200,39776.957500000004,69.22873951139994,NaN,NaN
1627531200,39894.933552001254,40270.53,39491.99,39826.729999999996,69.4995549861742,NaN,NaN
1627545600,39860.831776000625,40640,39501.78,39961.6925,70.2637817935208,NaN,NaN
1627560000,39911.26213800031,40143.74,39450,39825.765,68.40477319976384,NaN,NaN
1627574400,39868.513569000155,40177,39390,39791.54,67.91752244318363,NaN,NaN
1627588800,39830.02678450008,40419.3,39489.55,39896.2925,68.65349374711911,NaN,NaN
1627603200,39863.159642250044,40250,39742.59,39995.267499999994,69.36849550161911,NaN,NaN
1627617600,39929.213571125016,40030,39582.96,39827.24,66.591493098325,NaN,NaN
1627632000,39878.22678556251,39878.22678556251,38313.23,39111.2075,56.25622757313108,NaN,NaN
1627646400,39494.71714278126,39494.71714278126,38528.6,38853.605,53.06530980736134,NaN,NaN
1627660800,39174.16107139063,39871.45,38871.74,39417.39,58.60000177572965,NaN,NaN
1627675200,39295.77553569531,42316.71,39295.77553569531,41017.18,69.566826194388,NaN,NaN
1627689600,40156.47776784765,42448,40156.47776784765,42022.9925,74.19512203878551,NaN,NaN
1627704000,41089.73513392382,41876.34,41089.73513392382,41601.915,69.43434442338248,NaN,NaN
1627718400,41345.825066961916,41980,41337.02,41612.369999999995,69.48669704657915,NaN,NaN
1627732800,41479.097533480955,41746.64,41000.15,41469.19,67.77465259381812,NaN,NaN
1627747200,41474.14376674048,41625.71,41033,41374.5125,66.60602538470559,NaN,NaN
1627761600,41424.32813337024,41984.73,41132.51,41470.677500000005,67.22420805391872,NaN,NaN
1627776000,41447.502816685126,42599,41120,41903.9925,69.9257681158071,NaN,NaN
1627790400,41675.74765834256,42441.26,41580,42038.232500000006,70.73065949141149,NaN,NaN
1627804800,41856.990079171286,41948,41325,41640.315,65.16339077514766,NaN,NaN
1627819200,41748.652539585644,41810,41160,41460.995,62.76578478994859,NaN,NaN
1627833600,41604.82376979283,41604.82376979283,40600,41159.8525,58.84974809904914,NaN,NaN
1627848000,41382.33813489642,41500,39422.01,40507.6975,51.37436106816248,NaN,NaN
1627862400,40945.01781744821,40945.01781744821,39250,39746.305,44.29932535503307,NaN,NaN
1627876800,40345.6614087241,40480.01,39591.51,39990.3925,46.827410194523246,NaN,NaN
1627891200,40168.02695436205,40171.87,39319,39784.435,44.972614493476684,NaN,NaN
1627905600,39976.230977181025,39976.230977181025,38907.51,39493.31,42.41518383039241,NaN,NaN
1627920000,39734.77048859051,39975.96,39012.17,39467.775,42.18856731706849,NaN,NaN
1627934400,39601.27274429526,39601.27274429526,38690,39140.2275,39.28880669325621,NaN,NaN
1627948800,39370.75012214763,39780,38512,39023.65,38.28032477348415,NaN,NaN
1627963200,39197.20006107382,39197.20006107382,37955.52,38509.0075,34.11695372015913,NaN,NaN
1627977600,38853.10378053691,38853.10378053691,38315,38551.86,34.75328511946739,NaN,NaN
1627992000,38702.48189026846,38703,37703.75,38266.5525,32.50243155126577,NaN,NaN
1628006400,38484.51719513423,38550.24,37642.03,38093.2725,31.181535006173746,NaN,NaN
1628020800,38288.89484756711,38643,37870,38182.2125,32.69350542191246,NaN,NaN
1628035200,38235.55367378356,38566.82,37890.54,38160.3025,32.5040505695692,NaN,NaN
1628049600,38197.92808689178,38213.99,37674.18,37923.4575,30.449880647402438,NaN,NaN
1628064000,38060.69279344589,38260,37508.56,37939.365,30.76635496522144,NaN,NaN
1628078400,38000.02889672294,39472.47,38000.02889672294,38772.2125,44.90223402119922,NaN,NaN
1628092800,38386.12069836147,39850,38386.12069836147,39536.0925,54.149157791962814,NaN,NaN
1628107200,38961.10659918073,39969.66,38961.10659918073,39740.55,56.26486863945661,NaN,NaN
1628121600,39350.82829959037,39849.61,39167,39543.7175,53.6960706799252,NaN,NaN
1628136000,39447.272899795185,39530.6,38722,39140.3125,48.78056074469422,NaN,NaN
1628150400,39293.79269989759,39293.79269989759,37821,38414.65,41.43289432488959,NaN,NaN
1628164800,38854.2213499488,39370,37332.7,38365.29,40.98071847355783,NaN,NaN
1628179200,38609.755674974396,41350,38609.755674974396,39882.3875,56.64271694784306,NaN,NaN
1628193600,39246.0715874872,41290.01,39246.0715874872,40877.7025,63.4883877335794,NaN,NaN
1628208000,40061.8870437436,41015.99,39900.39,40499.5775,59.636066732807784,NaN,NaN
1628222400,40280.7322718718,41199.99,39853.86,40500.72749999999,59.644086882603865,NaN,NaN
1628236800,40390.7298859359,41120,40387.77,40686.5825,60.99302601420969,NaN,NaN
1628251200,40538.656192967945,42455.73,40300,41365.817500000005,65.52806779435286,NaN,NaN
1628265600,40952.236846483975,43392.43,40952.236846483975,42673.384999999995,72.22308610133237,NaN,NaN
1628280000,41812.81092324198,42967.68,41812.81092324198,42774.6875,72.66601079110062,NaN,NaN
1628294400,42293.74921162099,43770.03,42293.74921162099,43219.479999999996,74.58247672030814,NaN,NaN
1628308800,42756.61460581049,43930.4,42756.61460581049,43467.56,75.60963044599148,NaN,NaN
1628323200,43112.087302905245,43989.49,43110.01,43526.855,75.86072508482688,NaN,NaN
1628337600,43319.47115145263,44555,43000,43681.315,76.53830584993969,NaN,NaN
1628352000,43500.393075726315,44059.21,42446.41,43451.815,73.24837923738366,NaN,NaN
1628366400,43476.10403786316,44700,43470,44168.4875,76.6270347428528,NaN,NaN
1628380800,43822.29576893158,44776,43785,44363.990000000005,77.46321894351878,NaN,NaN
1628395200,44093.14288446579,45310,44093.14288446579,44648.035,78.65788133257503,NaN,NaN
1628409600,44370.5889422329,45014.45,44071.82,44585.71,77.6847999156237,NaN,NaN
1628424000,44478.14947111645,45198.27,43737,44342.9675,73.85266053685616,NaN,NaN
1628438400,44410.55848555823,44410.55848555823,43261,43839.0825,66.51747211430846,NaN,NaN
1628452800,44124.82049277911,44581,43541.05,43907.880000000005,66.9994118324797,NaN,NaN
1628467200,44016.35024638956,44016.35024638956,42779,43507.572499999995,61.456381919029404,NaN,NaN
1628481600,43761.961373194776,43845.39,43234,43594.055,62.18427543406013,NaN,NaN
1628496000,43678.00818659739,46048.5,43600.92,44845.042499999996,70.78034425416953,NaN,NaN
1628510400,44261.525343298694,46250,44261.525343298694,45826.2175,75.48690613524603,NaN,NaN
1628524800,45043.871421649346,46454.15,45043.871421649346,45994,76.19308808678501,NaN,NaN
1628539200,45518.93571082468,46412.99,44900,45886.86,74.71294398321905,NaN,NaN
1628553600,45702.89785541234,46700,45629.67,46071.825,75.59439973404383,NaN,NaN
1628568000,45887.36142770617,46023.92,45300,45744.76,70.88886009626685,NaN,NaN
1628582400,45816.06071385309,46171.42,45192.79,45664.315,69.73899949535054,NaN,NaN
1628596800,45740.18785692655,46097.99,44856,45366.192500000005,65.49884918847818,NaN,NaN
1628611200,45553.19017846328,45565.18,44589.46,45203.03,63.23285591409501,NaN,NaN
1628625600,45378.11008923164,45906.54,45233.9,45555.29,65.97009858175679,NaN,NaN
1628640000,45466.70004461582,45996.77,45341.14,45627.142499999994,66.51765950688244,NaN,NaN
1628654400,45546.92127230791,46433.67,45434.85,45950.8575,68.94229646871845,NaN,NaN
1628668800,45748.889386153955,46571.42,45748.889386153955,46173.69,70.52460420212421,NaN,NaN
1628683200,45961.28969307698,46743.47,45800,46230.454999999994,70.93089783991343,NaN,NaN
1628697600,46095.87234653848,46607.94,46095.87234653848,46429.555,72.36951169148625,NaN,NaN
1628712000,46262.713673269245,46680,45510.66,46037.4175,65.49456005062095,NaN,NaN
1628726400,46150.06558663462,46218.12,45392.44,45762.0575,61.10484044555456,NaN,NaN
1628740800,45956.06154331731,46016.57,44833.4,45505.145000000004,57.24942031701232,NaN,NaN
1628755200,45730.603271658656,45730.603271658656,44600,45064.7275,51.276601450176976,NaN,NaN
1628769600,45397.66538582933,45397.66538582933,43920,44459.26,44.416048483325916,NaN,NaN
1628784000,44928.46269291466,44928.46269291466,43770,44212.427500000005,41.95178832003657,NaN,NaN
1628798400,44570.44509645733,44570.44509645733,43855.88,44294.1675,43.07806036099381,NaN,NaN
1628812800,44432.306298228665,44922,44217.39,44596.677500000005,47.163844809770175,NaN,NaN
1628827200,44514.491899114335,46336,44514.491899114335,45533.5125,57.36918433804936,NaN,NaN
1628841600,45024.002199557166,46537.15,45024.002199557166,46184.755,62.75475140953463,NaN,NaN
1628856000,45604.37859977858,46666,45604.37859977858,46322.447499999995,63.796144876570644,NaN,NaN
1628870400,45963.41304988929,46630,45963.41304988929,46417.33,64.53208112625546,NaN,NaN
1628884800,46190.37152494465,47886,46190.37152494465,47133.965,69.56435696108453,NaN,NaN
1628899200,46662.16826247232,47834.12,46662.16826247232,47639.0275,72.52322921258089,NaN,NaN
1628913600,47150.59788123616,47722.98,47150.59788123616,47577.275,71.60660584328488,NaN,NaN
1628928000,47363.93644061808,48144,45971.03,47075.284999999996,64.47288514231684,NaN,NaN
1628942400,47219.610720309036,47219.610720309036,46100,46641.2525,58.999878232027925,NaN,NaN
1628956800,46930.43161015452,47374.67,46568.21,46980.277500000004,61.73246251013877,NaN,NaN
1628971200,46955.35455507726,47213.88,46331.28,46911.86,60.85105511229059,NaN,NaN
1628985600,46933.60727753863,47372.27,46802,47029.395,61.858554819503254,NaN,NaN
1629000000,46981.50113876931,46981.50113876931,45519,46256.91,52.327102476695465,NaN,NaN
1629014400,46619.205569384656,46619.205569384656,45555.55,45846.18000000001,48.08465145607693,NaN,NaN
1629028800,46232.692784692335,46498.89,45500,46022.59,49.96115290060159,NaN,NaN
1629043200,46127.641392346166,46428.21,45649.82,46148.33,51.312011527378,NaN,NaN
1629057600,46137.985696173084,47299.15,46137.985696173084,46716.245,56.963169552292335,NaN,NaN
1629072000,46427.11534808655,48053.83,46427.11534808655,47281.6775,61.726355629359496,NaN,NaN
1629086400,46854.39642404327,47719.3,46854.39642404327,47392.280000000006,62.59835629633404,NaN,NaN
1629100800,47123.33821202164,47661.38,47000,47372.045,62.31861425737837,NaN,NaN
1629115200,47247.69160601082,47709.12,45951.73,46880.457500000004,55.79521355126272,NaN,NaN
1629129600,47064.07455300541,47064.07455300541,46067.51,46292.6325,49.167465440678164,NaN,NaN
1629144000,46678.3535265027,46678.3535265027,45660,45997.9725,46.204599023527294,NaN,NaN
1629158400,46338.16301325135,46620,45239.45,46044.4375,46.7495370050704,NaN,NaN
1629172800,46191.30025662568,46600,45636.97,46150.365,48.041720403017436,NaN,NaN
1629187200,46170.83262831284,47160,45885.01,46460.4825,51.734392783268376,NaN,NaN
1629201600,46315.65756415642,47082.6,45659,46329.1875,50.11063039198622,NaN,NaN
1629216000,46322.42253207821,46322.42253207821,45287.55,45676.240000000005,42.899403859506606,NaN,NaN
1629230400,45999.33126603911,45999.33126603911,44376,45020.100000000006,37.118766303930855,NaN,NaN
1629244800,45509.71563301956,45509.71563301956,44203.28,44772.6025,35.19242741618284,NaN,NaN
1629259200,45141.159066509776,45500,44853.8,45090.225000000006,39.52960394025583,NaN,NaN
1629273600,45115.69203325489,45560,44650,44976.975,38.53923709914084,NaN,NaN
1629288000,45046.33351662745,45833,44650.01,45262.402500000004,42.45252826673806,NaN,NaN
1629302400,45154.36800831373,46000,44772.65,45373.4425,43.9477499603094,NaN,NaN
1629316800,45263.90525415687,45263.90525415687,44401,44800.0725,38.39962180280118,NaN,NaN
1629331200,45031.98887707843,45234.56,44044.65,44506.3875,35.89966923114291,NaN,NaN
1629345600,44769.188188539214,44769.188188539214,43927.7,44323.895000000004,34.40094035395879,NaN,NaN
1629360000,44546.54159426961,45000,44175.47,44512.6825,37.31635139108841,NaN,NaN
1629374400,44529.61204713481,45800,44123.65,44979.61749999999,43.951273182027585,NaN,NaN
1629388800,44754.6147735674,46757.01,44754.6147735674,46163.115000000005,56.51495803086539,NaN,NaN
1629403200,45458.864886783704,47033,45458.864886783704,46710.935,60.88558139920222,NaN,NaN
1629417600,46084.89994339185,47390,46084.89994339185,46957.087499999994,62.69970473667293,NaN,NaN
1629432000,46520.99372169592,47246.39,46520.99372169592,46958.715000000004,62.712018767373515,NaN,NaN
1629446400,46739.85436084797,47357.67,46720,46958.3725,62.707327064358374,NaN,NaN
1629460800,46849.11343042398,48720.29,46849.11343042398,47812.3,68.94540395789946,NaN,NaN
1629475200,47330.70671521199,49096.34,47330.70671521199,48697.0775,73.8300003251082,NaN,NaN
1629489600,48013.89210760599,49382.99,48013.89210760599,48996.9075,75.25066638722794,NaN,NaN
1629504000,48505.399803803,49357.62,48505.399803803,49044.59,75.47864877740128,NaN,NaN
1629518400,48774.9949019015,48990,48555,48829.35,72.24356443652646,NaN,NaN
1629532800,48802.17245095075,49400,48222,48767.0225,71.2906899128365,NaN,NaN
1629547200,48784.59747547537,49405.52,48434.07,48880.6125,72.01513397605008,NaN,NaN
1629561600,48832.604987737686,49757.04,48765,49170.425,73.8296207816426,NaN,NaN
1629576000,49001.51499386884,49390,48806.58,48999.2825,70.90588381400167,NaN,NaN
1629590400,49000.39874693442,49162.51,48601,48843.8475,68.26188317589335,NaN,NaN
1629604800,48922.123123467216,49272.7,48781.1,49009.7025,69.56596041967231,NaN,NaN
1629619200,48965.91281173361,49500,48900,49181.762500000004,70.90171181393833,NaN,NaN
1629633600,49073.83765586681,49210.93,48050,48729.895000000004,63.07243731314285,NaN,NaN
1629648000,48901.86632793341,48901.86632793341,48168.01,48544.57750000001,60.13942374827243,NaN,NaN
1629662400,48723.22191396671,49489.73,48239.03,48903.955,63.66787699613027,NaN,NaN
1629676800,48813.58845698336,50350,48813.58845698336,49729.8075,70.1967806729796,NaN,NaN
1629691200,49271.69797849168,50399,49271.69797849168,50185.485,73.07213390752464,NaN,NaN
1629705600,49728.59148924584,50500,49728.59148924584,50249.975,73.46235423952331,NaN,NaN
1629720000,49989.283244622915,50459.93,49309.07,49925.455,68.1133382680608,NaN,NaN
1629734400,49957.36912231146,49957.36912231146,49077,49413.2725,60.61204812809533,NaN,NaN
1629748800,49685.32081115573,49739.37,49029,49374.3075,60.0700516906568,NaN,NaN
1629763200,49529.81415557787,49687.49,48776.26,49320.94,59.28807877459495,NaN,NaN
1629777600,49425.37707778894,49860,49166.88,49532.045,61.42713381953312,NaN,NaN
1629792000,49478.71103889447,49846,49060,49526.53,61.336466495770516,NaN,NaN
1629806400,49502.620519447235,49502.620519447235,48210.98,48851.909999999996,51.351587655437484,NaN,NaN
1629820800,49177.265259723616,49177.265259723616,47749.1,48181.287500000006,43.730572871136445,NaN,NaN
1629835200,48679.27637986181,48679.27637986181,47600,47980.350000000006,41.73210672482781,NaN,NaN
1629849600,48329.81318993091,48329.81318993091,47652.36,47898.125,40.908252955966084,NaN,NaN
1629864000,48113.969094965454,48603.84,47886.12,48152.61749999999,44.556515856033705,NaN,NaN
1629878400,48133.29329748273,48169.43,47126.28,47752.575000000004,40.340375491256495,NaN,NaN
1629892800,47942.93414874136,48900,47324.99,48154.3725,45.87961907534364,NaN,NaN
1629907200,48048.65332437068,49172.58,48048.65332437068,48787.46000000001,53.245644510291356,NaN,NaN
1629921600,48418.05666218534,49264.3,48418.05666218534,48872.805,54.151576926355716,NaN,NaN
1629936000,48645.43083109267,49352.84,47829.61,48516.89000000001,49.816472260831944,NaN,NaN
1629950400,48581.16041554634,48581.16041554634,46560.01,47354.777500000004,38.873629972764256,NaN,NaN
1629964800,47967.96895777318,47967.96895777318,46693.68,46906.94499999999,35.62593275868349,NaN,NaN
1629979200,47437.456978886585,47437.456978886585,46250,46829.2675,35.07850622640895,NaN,NaN
1629993600,47133.36223944329,47133.36223944329,46485.16,46837.14,35.18720445482718,NaN,NaN
1630008000,46985.251119721644,47439,46818,47008.7725,37.638643277519655,NaN,NaN
1630022400,46997.01180986082,47665.48,46348,46919.8925,36.861111876187564,NaN,NaN
1630036800,46958.45215493041,47546.18,46572.36,47106.055,39.67219903872637,NaN,NaN
1630051200,47032.253577465206,47794.96,46989.48,47429.509999999995,44.311467508149235,NaN,NaN
1630065600,47230.8817887326,48451.51,47032.63,47780.6575,48.905233075311905,NaN,NaN
1630080000,47505.7696443663,48546.42,47505.7696443663,48248.5475,54.313184790435194,NaN,NaN
1630094400,47877.15857218315,49149.93,47877.15857218315,48667.127499999995,58.5408109770774,NaN,NaN
1630108800,48272.14303609157,49299,48272.14303609157,49014.222499999996,61.70526863631752,NaN,NaN
1630123200,48643.18276804578,49079.84,48626.49,48877.3325,59.76771735706668,NaN,NaN
1630137600,48760.257634022884,49072.07,48627.31,48830.7825,59.088255980043066,NaN,NaN
1630152000,48795.52006701144,49200,48346.88,48757.12,57.96526217121862,NaN,NaN
1630166400,48776.32003350572,49172.31,48500,48783.84,58.27503750122297,NaN,NaN
1630180800,48780.08001675286,48975.16,48578.29,48775.185000000005,58.125613165333846,NaN,NaN
1630195200,48777.63250837643,49632.27,48067.53,48705.615,56.86346111376281,NaN,NaN
1630209600,48741.623754188215,48741.623754188215,47762.54,48266.5575,49.550749622530056,NaN,NaN
1630224000,48504.090627094105,48650.84,48140,48357.732500000006,50.961093386991955,NaN,NaN
1630238400,48430.91156354705,48561.46,48105.03,48325.354999999996,50.42202634086063,NaN,NaN
1630252800,48378.133281773524,48877.88,48329.22,48620.3325,55.083665133612044,NaN,NaN
1630267200,48499.232890886764,49385.42,48366.71,48829.81,58.09687534576955,NaN,NaN
1630281600,48664.52144544338,48888.61,47803,48355.872500000005,49.93486123095188,NaN,NaN
1630296000,48510.19697272169,48510.19697272169,47610.6,47911.1625,43.727090698310626,NaN,NaN
1630310400,48210.67973636085,48210.67973636085,47620.05,47913.99250000001,43.77499290829278,NaN,NaN
1630324800,48062.33611818043,48089.3,47370,47845.425,42.82382283373102,NaN,NaN
1630339200,47953.88055909022,48620,47953.88055909022,48302.35,50.53685448443827,NaN,NaN
1630353600,48128.115279545105,48696.87,46853,47788.1925,43.436208706812145,NaN,NaN
1630368000,47958.153889772555,47958.153889772555,46700,47013.64,35.37310580638969,NaN,NaN
1630382400,47485.89694488628,47900,46823.88,47408.955,41.356495933061346,NaN,NaN
1630396800,47447.42597244314,48072.92,47137,47735.1725,45.81474001204465,NaN,NaN
1630411200,47591.299236221574,48246.11,47180,47698.1875,45.39339328085334,NaN,NaN
1630425600,47644.74336811079,47644.74336811079,47001,47316.7475,41.18638495890068,NaN,NaN
1630440000,47480.745434055396,47480.745434055396,46744.57,47122.615000000005,39.195380187529366,NaN,NaN
1630454400,47301.6802170277,47321.42,46512,46994.49,37.89340539224497,NaN,NaN
1630468800,47148.08510851385,47473.28,46969.56,47164.375,40.70585868721307,NaN,NaN
1630483200,47156.23005425693,47770,47111.25,47441.39,45.07364438189968,NaN,NaN
1630497600,47298.810027128464,47836.69,47252,47572.619999999995,47.063048406073285,NaN,NaN
1630512000,47435.71501356423,49156,47386.66,48045.29,53.584112383239066,NaN,NaN
1630526400,47740.50250678211,48873.89,47740.50250678211,48482.085,58.6529498546703,NaN,NaN
1630540800,48111.29375339106,49870,48111.29375339106,49206.4525,65.40090812054984,NaN,NaN
1630555200,48658.87312669553,50450,48658.87312669553,49789.4075,69.68834954368461,NaN,NaN
1630569600,49224.140313347765,50199,49224.140313347765,49944.2175,70.72579961124656,NaN,NaN
1630584000,49584.178906673886,50450.13,49244.35,49826.947499999995,68.8047067196191,NaN,NaN
1630598400,49705.56320333694,49744.83,49186,49452.895000000004,62.93281575848039,NaN,NaN
1630612800,49579.229101668476,49841.41,49224.92,49413.25750000001,62.32581923081585,NaN,NaN
1630627200,49496.24330083424,49500,48316.84,49135.075,58.091079493212916,NaN,NaN
1630641600,49315.65915041712,49755,49215.81,49438.1875,61.18571195680326,NaN,NaN
1630656000,49376.92332520856,50485,49255.57,49803.552500000005,64.58078636113763,NaN,NaN
1630670400,49590.23791260428,51000,49590.23791260428,50401.8075,69.31386709156752,NaN,NaN
1630684800,49996.022706302145,50720,49996.022706302145,50502.4025,70.03886703144853,NaN,NaN
1630699200,50249.21260315107,50534.32,49570,50157.990000000005,64.42648244971048,NaN,NaN
1630713600,50203.60130157554,50350.47,49575.83,50050.432499999995,62.73576897590212,NaN,NaN
1630728000,50127.01690078777,50463.08,50109.04,50260.4,64.68413906063358,NaN,NaN
1630742400,50193.70845039388,50535.69,49690,50078.9825,61.68319477677942,NaN,NaN
1630756800,50136.34547519694,50317.05,49750,49960.88,59.74011435400819,NaN,NaN
1630771200,50048.612737598465,50048.612737598465,49370,49815.457500000004,57.344733072770524,NaN,NaN
1630785600,49932.035118799235,50262.95,49724.22,49969.41,59.20942976763954,NaN,NaN
1630800000,49950.72255939962,50299.31,49657.14,49884.299999999996,57.707511121132775,NaN,NaN
1630814400,49917.51127969981,50040.01,49450,49752.5925,55.36694615689544,NaN,NaN
1630828800,49835.0518898499,50390.01,49810,50063.9825,59.54469802193574,NaN,NaN
1630843200,49949.51719492495,50494.11,49949.51719492495,50230.5125,61.614034039035815,NaN,NaN
1630857600,50090.01484746247,50875.08,50090.01484746247,50473.6475,64.47144554928587,NaN,NaN
1630872000,50281.83117373123,51900,50281.83117373123,51244.385,71.67059859220845,NaN,NaN
1630886400,50763.10808686561,51943.28,50763.10808686561,51685.835,74.81801074392234,NaN,NaN
1630900800,51224.47154343281,51994.37,51224.47154343281,51733.9625,75.14225656330244,NaN,NaN
1630915200,51479.21702171641,52188.8,51282.05,51666.925,73.71838970487548,NaN,NaN
1630929600,51573.071010858206,51721.94,50969.33,51424.100000000006,68.64438965364175,NaN,NaN
1630944000,51498.5855054291,52032.74,51478.63,51707.802500000005,71.14343273411467,NaN,NaN
1630958400,51603.194002714554,52780,51603.194002714554,52196.32,74.85913081974482,NaN,NaN
1630972800,51899.75700135728,52920,51899.75700135728,52644.115,77.6943951469652,NaN,NaN
1630987200,52271.93600067864,52731,52061.42,52447.66500000001,73.76418055110014,NaN,NaN
1631001600,52359.80050033932,52366.46,50402,51513.505000000005,58.58725949042232,NaN,NaN
1631016000,51936.65275016966,51936.65275016966,42843.05,47891.94500000001,31.51533325995696,NaN,NaN
1631030400,49914.29887508483,49914.29887508483,45901.57,46699.29,27.077874085418728,NaN,NaN
1631044800,48306.79443754241,48306.79443754241,46080.01,46705.405000000006,27.134524172703635,NaN,NaN
1631059200,47506.099718771206,47506.099718771206,46234.29,46723.565,27.315112406885333,NaN,NaN
1631073600,47114.832359385604,47114.832359385604,45007,45840.8,24.178179764608345,NaN,NaN
1631088000,46477.8161796928,46780,44412.02,45665.4575,23.598467128462488,NaN,NaN
1631102400,46071.6368398464,46900,45583,46241.2925,29.570717118567472,NaN,NaN
1631116800,46156.464669923196,46530,45860.01,46227.3075,29.510383433158026,NaN,NaN
1631131200,46191.8860849616,46779,45827.9,46272.88,30.011512589948353,NaN,NaN
1631145600,46232.3830424808,46374.23,45513.08,45984.182499999995,28.623260062592507,NaN,NaN
1631160000,46108.282771240396,46358.4,45883.42,46129.494999999995,30.369189444947096,NaN,NaN
1631174400,46118.888885620196,46560,45888.38,46254.135,31.907722998209252,NaN,NaN
1631188800,46186.5119428101,47240.68,45599,46533.62,35.35688463419672,NaN,NaN
1631203200,46360.065971405056,47399.97,46360.065971405056,46859.31,39.22057972788004,NaN,NaN
1631217600,46609.68798570253,46646.56,46051.21,46415.0275,36.054783707366255,NaN,NaN
1631232000,46512.357742851265,47033,46262.01,46602.465,38.31691077094226,NaN,NaN
1631246400,46557.41137142563,46817.99,45900,46399.5625,36.79928761423977,NaN,NaN
1631260800,46478.48693571282,46478.48693571282,45623.44,46126.462499999994,34.801321240098446,NaN,NaN
1631275200,46302.47471785641,46494.99,44738.9,45746.649999999994,32.18420068798791,NaN,NaN
1631289600,46024.562358928204,46024.562358928204,45308,45549.6425,30.886728389669685,NaN,NaN
1631304000,45787.1024294641,45831,44132.29,45115.995,28.192537836583128,NaN,NaN
1631318400,45451.54871473205,45498.27,44722.22,45063.6425,27.876398652272314,NaN,NaN
1631332800,45257.59560736603,45469.85,44765.52,45117.807499999995,28.766408887067684,NaN,NaN
1631347200,45187.701553683015,45727.49,44835.29,45290.4475,31.661040635660513,NaN,NaN
1631361600,45239.074526841505,45796.93,45239.074526841505,45576.56,36.28218409586505,NaN,NaN
1631376000,45407.81726342075,45987.93,45300,45554.744999999995,36.08184170364321,NaN,NaN
1631390400,45481.28113171038,45481.28113171038,44974.79,45239.762500000004,33.228788733789784,NaN,NaN
1631404800,45360.52181585519,45360.52181585519,44742.06,45143.905,32.389427766833535,NaN,NaN
1631419200,45252.21340792759,45500,45044,45304.322499999995,35.333341036653735,NaN,NaN
1631433600,45278.26795396379,46200,45278.26795396379,45736.0075,42.57904681189713,NaN,NaN
1631448000,45507.13772698189,46270.56,45507.13772698189,45995.365,46.46047304999011,NaN,NaN
1631462400,45751.25136349094,46146.89,45751.25136349094,45925.345,45.56498428154398,NaN,NaN
1631476800,45838.29818174547,46460,44900,45822.0275,44.210910162451434,NaN,NaN
1631491200,45830.162840872734,46285.71,44555,45370.9325,38.790683453997175,NaN,NaN
1631505600,45600.54767043637,45600.54767043637,44174,44558.375,31.33775918450803,NaN,NaN
1631520000,45079.461335218184,45079.461335218184,44164.2,44602.265,32.09666268714429,NaN,NaN
1631534400,44840.86316760909,46880,43370,44867.6375,36.65548453995607,NaN,NaN
1631548800,44854.25033380454,44854.25033380454,44167.01,44521.0475,33.492787503927715,NaN,NaN
1631563200,44687.64891690227,45500,44687.64891690227,44980.1825,40.78201206357115,NaN,NaN
1631577600,44833.91570845114,45363.93,44594.44,45021.485,41.404168967675076,NaN,NaN
1631592000,44927.70035422557,45881.6,44927.70035422557,45459.642499999994,47.6836313429527,NaN,NaN
1631606400,45193.671427112786,46178.43,45193.671427112786,45887.567500000005,52.983094522384484,NaN,NaN
1631620800,45540.619463556395,46950,45540.619463556395,46358.5925,58.023458752899906,NaN,NaN
1631635200,45949.60598177819,46888.88,45949.60598177819,46612.302500000005,60.48095376111169,NaN,NaN
1631649600,46280.9542408891,47250,46280.9542408891,46803.35,62.27212377066823,NaN,NaN
1631664000,46542.152120444545,47470,46542.152120444545,47146.745,65.31516140785892,NaN,NaN
1631678400,46844.44856022227,47221.54,46682.32,47038.0425,63.56729222299171,NaN,NaN
1631692800,46941.24553011113,47699,46941.24553011113,47361.395,66.44394346826547,NaN,NaN
1631707200,47151.32026505556,48370.31,47151.32026505556,47875.46,70.43995999938791,NaN,NaN
1631721600,47513.390132527784,48429.87,47513.390132527784,48157.165,72.38096252649278,NaN,NaN
1631736000,47835.27756626389,48500,47835.27756626389,48149.2125,72.23675990779452,NaN,NaN
1631750400,47992.24503313194,48192.06,47337.58,47816.53,66.2871423263303,NaN,NaN
1631764800,47904.38751656597,48557,47583.11,48024.674999999996,68.05966179533583,NaN,NaN
1631779200,47964.53125828298,48356.01,47623,48054.385,68.31573283571551,NaN,NaN
1631793600,48009.458129141494,48226.38,47211.35,47838.244999999995,64.278324441596,NaN,NaN
1631808000,47923.851564570745,48166.66,47269,47721.4775,62.141660017327496,NaN,NaN
1631822400,47822.66453228537,47942.41,47021.1,47532.832500000004,58.74427091164264,NaN,NaN
1631836800,47677.74851614269,48094.26,47450.44,47795.58500000001,61.871092104902566,NaN,NaN
1631851200,47736.66675807135,48150,47652.51,47855.5175,62.567978966917075,NaN,NaN
1631865600,47796.09212903568,47989.2,47278.9,47597.847499999996,57.686325636080106,NaN,NaN
1631880000,47696.96981451784,47696.96981451784,47126.1,47428.3825,54.665478140278466,NaN,NaN
1631894400,47562.67615725892,47730,46750.47,47377.417499999996,53.75379948565518,NaN,NaN
1631908800,47470.046828629456,47578.94,46699.56,47270.04,51.79390263607203,NaN,NaN
1631923200,47370.04341431473,47987.49,47035.56,47561.9,56.442606724368964,NaN,NaN
1631937600,47465.97170715737,48843.2,47465.97170715737,48327.4225,65.7673774998764,NaN,NaN
1631952000,47896.697103578685,48824.54,47896.697103578685,48532.1775,67.75571573514222,NaN,NaN
1631966400,48214.43730178934,48680,48214.43730178934,48427.8275,65.66251804330392,NaN,NaN
1631980800,48321.13240089467,48518.99,48062.63,48315.6525,63.395217388394094,NaN,NaN
1631995200,48318.39245044733,48369.37,47800.51,48182.155,60.70861353802298,NaN,NaN
1632009600,48250.27372522367,48372.83,47591.83,48025.5725,57.623969310266716,NaN,NaN
1632024000,48137.92311261184,48218.97,47763.85,47996.350000000006,57.041458199049465,NaN,NaN
1632038400,48067.13655630592,48333,47180.32,47749.6875,52.2409971898373,NaN,NaN
1632052800,47908.41202815296,47908.41202815296,47069.01,47453.365000000005,47.11159962396764,NaN,NaN
1632067200,47680.88851407648,47785,47287.91,47524.085,48.41342842431763,NaN,NaN
1632081600,47602.48675703824,47666.01,46829.18,47278.415,44.33119840291243,NaN,NaN
1632096000,47440.45087851912,47440.45087851912,45100,46307.94,32.627317127814464,NaN,NaN
1632110400,46874.195439259565,46874.195439259565,44444,45162.1225,24.42734347287265,NaN,NaN
1632124800,46018.15896962978,46018.15896962978,43240.33,44276.27250000001,20.200447937182645,NaN,NaN
1632139200,45147.21573481489,45147.21573481489,42500,43553.47,17.534334078646737,NaN,NaN
1632153600,44350.342867407446,44350.342867407446,42888,43708.2825,19.970674171951458,NaN,NaN
1632168000,44029.31268370373,44029.31268370373,42551.11,43346.415,18.58827913216922,NaN,NaN
1632182400,43687.86384185187,43687.86384185187,40200,42252.6625,15.170182038540219,NaN,NaN
1632196800,42970.26317092593,43340,42172.24,42874.0825,23.749251285134065,NaN,NaN
1632211200,42922.17283546296,43639,42922.17283546296,43319.7625,29.273773543435524,NaN,NaN
1632225600,43120.96766773148,43550,42146.13,43014.4775,27.788577008603554,NaN,NaN
1632240000,43067.72258386574,43295.66,41502,42471.025,25.325365274735205,NaN,NaN
1632254400,42769.37379193287,42769.37379193287,39600,41169.265,20.612190017757896,NaN,NaN
1632268800,41969.319395966435,42420.75,40565.39,41443.08,23.82355430032436,NaN,NaN
1632283200,41706.19969798322,42749.4,41706.19969798322,42291.240000000005,32.88064579423019,NaN,NaN
1632297600,41998.71984899161,42618.55,41841.46,42232.39,32.591097904292184,NaN,NaN
1632312000,42115.55492449581,43296,41874.65,42580.479999999996,36.17144273789537,NaN,NaN
1632326400,42348.0174622479,44000.55,42348.0174622479,43365.855,43.46731802334557,NaN,NaN
1632340800,42856.93623112395,43673.42,42856.93623112395,43401.990000000005,43.78569735794249,NaN,NaN
1632355200,43129.46311556198,44191.42,43069.09,43720.3625,46.63721423847634,NaN,NaN
1632369600,43424.91280778099,44386.6,43424.91280778099,44094.24249999999,49.85417156238302,NaN,NaN
1632384000,43759.57765389049,44297.25,43361,43884.097499999996,48.09902031355024,NaN,NaN
1632398400,43821.83757694524,44258.11,43394,43761.9725,47.06207859578741,NaN,NaN
1632412800,43791.90503847262,44936.77,43602,44263.4925,51.669982682496645,NaN,NaN
1632427200,44027.69876923631,44978,44027.69876923631,44742.205,55.63921872652348,NaN,NaN
1632441600,44384.95188461816,44978.53,44205,44582.955,54.04896396039873,NaN,NaN
1632456000,44483.95344230908,45200,43889.64,44547.784999999996,53.68403490454135,NaN,NaN
1632470400,44515.86922115454,45075,40675,43023.99,40.823249301468,NaN,NaN
1632484800,43769.92961057727,43769.92961057727,40843.82,41748.815,33.57454459885926,NaN,NaN
1632499200,42759.372305288634,42759.372305288634,41742.01,42147.7275,37.323824514523146,NaN,NaN
1632513600,42453.549902644314,43200,42303.78,42671.445,41.95589903792719,NaN,NaN
1632528000,42562.49745132215,42950,42024.54,42598.307499999995,41.494694753959415,NaN,NaN
1632542400,42580.402475661074,42860.94,42206.43,42511.875,40.92218776620933,NaN,NaN
1632556800,42546.13873783054,42966.84,41646.28,42366.917499999996,39.92722764887064,NaN,NaN
1632571200,42456.52811891527,42765.54,42156.33,42519.215000000004,41.53555853154147,NaN,NaN
1632585600,42487.871559457635,42813.34,42348.39,42624.4125,42.67718122270603,NaN,NaN
1632600000,42556.14202972881,42808.29,42375,42629.97,42.74079260822192,NaN,NaN
1632614400,42593.05601486441,42735.05,41904.02,42380.524999999994,40.564898645251006,NaN,NaN
1632628800,42486.790507432204,42486.790507432204,40750,41624.135,34.782459140459295,NaN,NaN
1632643200,42055.4627537161,43746.9,41037.13,42268.6675,42.326756613473144,NaN,NaN
1632657600,42162.065126858055,43467.22,42162.065126858055,43234.52250000001,51.3996459384731,NaN,NaN
1632672000,42698.29381342903,43543.99,42698.29381342903,43304.6475,51.990182670457045,NaN,NaN
1632686400,43001.47065671452,43950,42673.67,43259.9725,51.5603497171123,NaN,NaN
1632700800,43130.72157835726,44350,42933,43620.6625,54.808871442571906,NaN,NaN
1632715200,43375.692039178626,44250,43375.692039178626,43909.6925,57.281152323168946,NaN,NaN
1632729600,43642.692269589315,44129.28,43367.57,43732.47,55.28402880089111,NaN,NaN
1632744000,43687.58113479466,44089.75,43045.53,43544.055,53.16188480015092,NaN,NaN
1632758400,43615.818067397326,43615.818067397326,42850,43142.8775,48.861132131361785,NaN,NaN
1632772800,43379.347783698664,43400,42098,42664.2925,44.26097878141161,NaN,NaN
1632787200,43021.82014184933,43021.82014184933,41942,42337.85,41.39798575241322,NaN,NaN
1632801600,42679.835070924666,42787.38,41650,42192.76,40.15475504980867,NaN,NaN
1632816000,42436.297535462334,42436.297535462334,41514.12,41891.915,37.63121197345199,NaN,NaN
1632830400,42164.10626773117,42593.69,41278.49,41856.2425,37.33162284944135,NaN,NaN
1632844800,42010.17438386558,42010.17438386558,41115,41482.034999999996,34.251154984589576,NaN,NaN
1632859200,41746.10469193279,42017.33,40888,41383.4175,33.46738649937724,NaN,NaN
1632873600,41564.7610959664,42274.76,40753.88,41563.409999999996,36.33107134796522,NaN,NaN
1632888000,41564.085547983195,42476.26,41564.085547983195,42281.625,46.269085598220464,NaN,NaN
1632902400,41922.8552739916,42500,41922.8552739916,42335.495,46.93809481355224,NaN,NaN
1632916800,42129.1751369958,42590,41619.99,42077.2375,44.10300574261193,NaN,NaN
1632931200,42103.206318497905,42103.206318497905,41052.4,41445.81,38.05144211575245,NaN,NaN
1632945600,41774.50815924895,41774.50815924895,40900,41303.205,36.822562427225755,NaN,NaN
1632960000,41538.85657962448,43729.68,41410.17,42563.8425,51.6789902823923,NaN,NaN
1632974400,42051.34953981224,43830,42051.34953981224,43481.32,59.198922227778226,NaN,NaN
1632988800,42766.33476990612,43446.77,42697.01,43125.7375,55.58823059289193,NaN,NaN
1633003200,42946.03613495306,43777,42850,43212.0775,56.285433397526084,NaN,NaN
1633017600,43079.05681747653,44141.37,42819.86,43410.64,57.92146443094472,NaN,NaN
1633032000,43244.84840873827,43915.89,43100,43593.0775,59.42403801309848,NaN,NaN
1633046400,43418.96295436913,44059,43283.03,43699.457500000004,60.31394300061162,NaN,NaN
1633060800,43559.210227184565,44836,43456.46,44179.167499999996,64.13393152549813,NaN,NaN
1633075200,43869.18886359228,47786.7,43869.18886359228,46190.8,75.00080631133747,NaN,NaN
1633089600,45029.99443179614,47886.11,45029.99443179614,47375.384999999995,79.03002680210903,NaN,NaN
1633104000,46202.68971589807,48190,46202.68971589807,47704.1675,79.99382528323895,NaN,NaN
1633118400,46953.42860794904,48495,46953.42860794904,48094.1525,81.1032537047683,NaN,NaN
1633132800,47523.79055397452,48224.01,47443.98,47832.6075,77.98003872446526,NaN,NaN
1633147200,47678.19902698726,47900,47430.18,47644.0075,75.71576024634538,NaN,NaN
1633161600,47661.10326349363,47899.01,47478.44,47696.475000000006,75.92519202928592,NaN,NaN
1633176000,47678.78913174682,48336.59,47616.8,47866.34249999999,76.62797154090924,NaN,NaN
1633190400,47772.5658158734,48267,47650,47997.2325,77.18073430658441,NaN,NaN
1633204800,47884.8991579367,48300,47500,47918.725,76.01940284424734,NaN,NaN
1633219200,47901.812078968345,47963,47088,47646.137500000004,71.97011231013468,NaN,NaN
1633233600,47773.97478948417,48100,47773.97478948417,47919.6925,73.49588951322887,NaN,NaN
1633248000,47846.83364474209,48048,47600,47879.715,72.87160329563369,NaN,NaN
1633262400,47863.27432237104,48150,47799.18,47950.965000000004,73.30678980411278,NaN,NaN
1633276800,47907.11966118553,49228.08,47821.96,48426.152500000004,76.06455692333873,NaN,NaN
1633291200,48166.63608059277,48837.88,47601.89,48353.635,74.79459845898013,NaN,NaN
1633305600,48260.13554029638,48280.71,47336,47821.3775,66.0747958005135,NaN,NaN
1633320000,48040.75652014819,48040.75652014819,47234.21,47601.762500000004,62.820459551166046,NaN,NaN
1633334400,47821.2595100741,47962.51,47352.77,47684.9175,63.55245094468691,NaN,NaN
1633348800,47753.088505037056,48500,46891,47683.7675,63.533821449301364,NaN,NaN
1633363200,47718.42800251853,49536.12,47694.41,48592.1875,70.8123212589158,NaN,NaN
1633377600,48155.307751259264,49498.78,48155.307751259264,49164.9525,74.29592019778535,NaN,NaN
1633392000,48660.13012562963,49799,48660.13012562963,49338.252499999995,75.25812597020246,NaN,NaN
1633406400,48999.191312814815,49664.14,48999.191312814815,49383.832500000004,75.5177102403692,NaN,NaN
1633420800,49191.51190640741,50350,49191.51190640741,49769.909999999996,77.65611235244583,NaN,NaN
1633435200,49480.7109532037,50388,49480.7109532037,49908.6425,78.38665850833569,NaN,NaN
1633449600,49694.67672660185,51388,49640.36,50503.009999999995,81.21970020653774,NaN,NaN
1633464000,50098.843363300926,51886.3,50098.843363300926,51413.2175,84.55786918814461,NaN,NaN
1633478400,50756.03043165046,51600,50756.03043165046,51375.8825,83.89911467436882,NaN,NaN
1633492800,51065.956465825235,51828,51065.956465825235,51469.53,84.23096287333428,NaN,NaN
1633507200,51267.74323291262,51500,50382.41,51159.7425,78.46937380241013,NaN,NaN
1633521600,51213.742866456305,55555,51213.742866456305,53276.4,85.67792339374154,NaN,NaN
1633536000,52245.07143322815,55109.67,52245.07143322815,54897.6,88.77721567727153,NaN,NaN
1633550400,53571.33571661408,55750,53571.33571661408,55231.7475,89.2915770687417,NaN,NaN
1633564800,54401.54160830704,55332.31,54112,54892.5625,85.03137636605001,NaN,NaN
1633579200,54647.05205415352,55237.04,54235.33,54759.80499999999,83.355049933625,NaN,NaN
1633593600,54703.42852707676,54778.91,53786.13,54406.622500000005,78.89875109174599,NaN,NaN
1633608000,54555.02551353838,54700,53357,54065.63,74.74396329211707,NaN,NaN
1633622400,54310.327756769184,54330,53400,53898.787500000006,72.72599229675646,NaN,NaN
1633636800,54104.557628384595,54640.3,53607.27,53998.885,73.19359667647696,NaN,NaN
1633651200,54051.7213141923,54429.99,53691.02,53930.362499999996,72.28002514344098,NaN,NaN
1633665600,53991.04190709615,54967.97,53617.61,54307.545,74.1897250196549,NaN,NaN
1633680000,54149.293453548074,56100,54149.293453548074,55231.44,78.15891790795298,NaN,NaN
1633694400,54690.36672677404,55300,54024.84,54723.097499999996,71.63162828204,NaN,NaN
1633708800,54706.732113387014,54706.732113387014,54042.38,54438.4225,68.19686848834951,NaN,NaN
1633723200,54572.57730669351,54774.35,53775.83,54297.0225,66.49140731862559,NaN,NaN
1633737600,54434.79990334675,54699,53661.67,54219.229999999996,65.5206105082234,NaN,NaN
1633752000,54327.01495167337,55100,54327.01495167337,54741.100000000006,68.81049455175719,NaN,NaN
1633766400,54534.057475836686,55340.3,54490.55,54885.2725,69.67144377927787,NaN,NaN
1633780800,54709.66498791834,55489,54709.66498791834,55012.9125,70.44917182165932,NaN,NaN
1633795200,54861.28874395917,55149.96,54592.21,54844.0675,67.96629204192305,NaN,NaN
1633809600,54852.67812197958,55165,54323,54773.6325,66.9069504278322,NaN,NaN
1633824000,54813.155310989794,55199,54080,54819.4675,67.26451512508794,NaN,NaN
1633838400,54816.3114054949,56074.43,54816.3114054949,55410.6,71.5360614618349,NaN,NaN
1633852800,55113.45570274745,55928,54680,55355.45,70.6103406795823,NaN,NaN
1633867200,55234.452851373724,55551.38,54638,55176.8475,67.56118937953559,NaN,NaN
1633881600,55205.65017568687,55523.36,55000,55335.9725,68.8517542141189,NaN,NaN
1633896000,55270.811337843435,56561.31,54333.85,55251.1025,67.3135365919015,NaN,NaN
1633910400,55260.956918921715,56750,54415.06,55582.79,70.1228578898817,NaN,NaN
1633924800,55421.873459460854,57049,55421.873459460854,56621.665,76.83767876987734,NaN,NaN
1633939200,56021.76922973043,56879.95,55862.78,56485,74.46665494020391,NaN,NaN
1633953600,56253.384614865216,57678,56092.33,56916.7975,76.89279870035105,NaN,NaN
1633968000,56585.09105743261,57839.04,56585.09105743261,57496.552500000005,79.68402782960335,NaN,NaN
1633982400,57040.82177871631,57506.84,56800,57316.63,76.59190546040192,NaN,NaN
1633996800,57178.72588935815,57471.35,56400,57013.512500000004,71.5542220047368,NaN,NaN
1634011200,57096.11919467908,57680,56558,57073.0375,71.94446900267883,NaN,NaN
1634025600,57084.57834733954,57618.99,56680,57220.479999999996,72.9349332917565,NaN,NaN
1634040000,57152.52917366977,57450,56010,56750.83500000001,65.05645368978848,NaN,NaN
1634054400,56951.68208683489,56951.68208683489,55154.72,55790.475,52.55478159326481,NaN,NaN
1634068800,56371.07854341745,56548.99,53879,55438.674999999996,48.851378405762446,NaN,NaN
1634083200,55904.87677170872,56599.99,55825.9,56175.145,55.86323698332299,NaN,NaN
1634097600,56040.01088585435,56365,54562.34,55454.435,48.81128104069304,NaN,NaN
1634112000,55747.222942927176,55747.222942927176,54167.19,54821.57,43.605777555153935,NaN,NaN
1634126400,55284.39647146359,56440.75,54521.74,55585.535,50.472312774304605,NaN,NaN
1634140800,55434.96573573179,57300,55434.96573573179,56700.3425,58.42703688153816,NaN,NaN
1634155200,56067.654117865895,57777,56067.654117865895,57252.759999999995,61.7089465102168,NaN,NaN
1634169600,56660.207058932945,58532.54,56660.207058932945,57777.02,64.56771372389416,NaN,NaN
1634184000,57218.61352946647,58169.99,57218.61352946647,57734.1525,64.14600054056447,NaN,NaN
1634198400,57476.383014733234,58150,57189,57582.17999999999,62.58538393184971,NaN,NaN
1634212800,57529.28150736661,57986.2,56947.59,57471.88,61.41746231452551,NaN,NaN
1634227200,57500.5807536833,58086.98,56818.05,57517.3625,61.73456573144399,NaN,NaN
1634241600,57508.97162684165,57867.11,57207.89,57564.0125,62.078823648783136,NaN,NaN
1634256000,57536.492063420825,59453.75,56850,58270.85,66.93308921297273,NaN,NaN
1634270400,57903.671031710415,59998,57903.671031710415,59451.015,73.12005759237616,NaN,NaN
1634284800,58677.34301585521,59537.61,58677.34301585521,59259.0675,70.79977664912667,NaN,NaN
1634299200,58968.205257927606,60361.5,58968.205257927606,59778.8775,73.2731969193254,NaN,NaN
1634313600,59373.541378963804,61880,59373.541378963804,60841.64750000001,77.47434924483971,NaN,NaN
1634328000,60107.59443948191,62933,60107.59443948191,61712.19,80.21743503447853,NaN,NaN
1634342400,60909.892219740956,61771.65,60909.892219740956,61555.015,78.36200009560923,NaN,NaN
1634356800,61232.45360987048,62378.42,61232.45360987048,61829.92,79.26535302634443,NaN,NaN
1634371200,61531.186804935234,62062.55,61324.79,61679.64000000001,77.36391569102551,NaN,NaN
1634385600,61605.41340246762,61605.81,60398.73,61135.71000000001,70.74870579924388,NaN,NaN
1634400000,61370.56170123381,61370.56170123381,60150,60785.255,66.78623497311602,NaN,NaN
1634414400,61077.908350616904,61300,60500,60877.4775,67.30517351679347,NaN,NaN
1634428800,60977.69292530845,61405.94,60475.76,60968.280000000006,67.838000800162,NaN,NaN
1634443200,60972.986462654226,61249.93,60299.33,60748.665,65.075674530513,NaN,NaN
1634457600,60860.82573132712,61465.9,60322.85,60764.545,65.18606415077284,NaN,NaN
1634472000,60812.68536566356,61326.64,60471.97,60875.6575,65.99595756320593,NaN,NaN
1634486400,60844.171432831776,61080,60379.56,60685.7925,63.286678609456594,NaN,NaN
1634500800,60764.981966415886,61718.39,58963,60682.3,63.23525390079813,NaN,NaN
1634515200,60723.640983207944,62578.91,60723.640983207944,61909.3425,71.88046412168464,NaN,NaN
1634529600,61316.49174160397,62695.78,61316.49174160397,62120.1125,73.05264337581961,NaN,NaN
1634544000,61718.302120801985,62464.01,60579.02,61465.375,64.11200832676568,NaN,NaN
1634558400,61591.838560400996,62213.73,59844.45,61248.5625,61.4308601678952,NaN,NaN
1634572800,61420.2005302005,62377.73,61034.05,61712.3625,64.8201344619608,NaN,NaN
1634587200,61566.28151510025,62104.72,61106.4,61663.9,64.18544241485935,NaN,NaN
1634601600,61615.090757550126,62998,61526.62,62279.770000000004,68.41763735578319,NaN,NaN
1634616000,61947.43037877507,62820.2,61947.43037877507,62423.2425,69.32697868340617,NaN,NaN
1634630400,62185.33643938754,62574.42,61743.61,62185.869999999995,65.94396472993083,NaN,NaN
1634644800,62185.60321969377,63278.61,61322.22,62281.3025,66.64860283981626,NaN,NaN
1634659200,62233.45285984688,64299,62233.45285984688,63295.78999999999,73.03561381214655,NaN,NaN
1634673600,62764.62142992344,64486,62764.62142992344,64131.7925,76.95259297362472,NaN,NaN
1634688000,63448.20696496172,64375.34,63448.20696496172,64050.05,75.79323858523279,NaN,NaN
1634702400,63749.12848248086,64200.69,63481.4,63881.6825,73.34224495832514,NaN,NaN
1634716800,63815.40549124043,64250,63697.69,63934.692500000005,73.63136855105834,NaN,NaN
1634731200,63875.04899562022,67000,63760,65355.957500000004,79.91966330007436,NaN,NaN
1634745600,64615.50324781011,66940.73,64615.50324781011,66579.62,83.55572540992789,NaN,NaN
1634760000,65597.56162390506,66444.47,65462,66076.37,77.35218382667223,NaN,NaN
1634774400,65836.96581195253,66033.64,64062.82,65291.719999999994,68.778050643439,NaN,NaN
1634788800,65564.34290597626,65564.34290597626,64142.01,64896.149999999994,64.8739581871699,NaN,NaN
1634803200,65230.246452988125,66639.74,64175,65185.835,66.37906513537783,NaN,NaN
1634817600,65208.04072649406,65599.98,62000,63851.9225,54.74638885913104,NaN,NaN
1634832000,64529.98161324703,64529.98161324703,62188,62901.5925,48.25783221679143,NaN,NaN
1634846400,63715.787056623514,63715.787056623514,62000,62545.415,46.05468671498284,NaN,NaN
1634860800,63130.60102831176,63351.02,62000,62695.517499999994,47.14972363334266,NaN,NaN
1634875200,62913.059264155876,63408.85,62464.6,63120.67,50.23129932318217,NaN,NaN
1634889600,63016.86463207794,63732.39,62874.71,63338.807499999995,51.784690428085725,NaN,NaN
1634904000,63177.836066038966,63709.5,60478.1,62063.8375,43.281512640556585,NaN,NaN
1634918400,62620.836783019484,62620.836783019484,60000,60778.427500000005,36.73274411104484,NaN,NaN
1634932800,61699.63214150975,61699.63214150975,60129.63,60772.64,36.705814747371434,NaN,NaN
1634947200,61236.136070754874,61258.43,60358,60885.295,37.663796458764544,NaN,NaN
1634961600,61060.715535377436,61567.11,60705,61097.1575,39.51779473588708,NaN,NaN
1634976000,61078.93651768872,61688,59562.15,60920.5925,38.490355586494296,NaN,NaN
1634990400,60999.76450884436,61747.64,60710.36,61364.2775,42.53361927714981,NaN,NaN
1635004800,61182.021004422175,61632.29,60902,61248.075,41.759392075673865,NaN,NaN
1635019200,61215.048002211086,61455.27,60817.46,61141.875,41.0244176298927,NaN,NaN
1635033600,61178.46150110554,61500,60820,61208.6275,41.718761405499095,NaN,NaN
1635048000,61193.54450055277,61250,60572.2,60934.447499999995,39.65367299500975,NaN,NaN
1635062400,61063.996000276384,61273.69,60157.14,60599.912500000006,37.23200741732958,NaN,NaN
1635076800,60831.954250138195,60848.18,59632.47,60155.405,34.239847604997095,NaN,NaN
1635091200,60493.6796250691,60745.12,59510.63,60189.705,34.6761023196117,NaN,NaN
1635105600,60341.69231253455,61400,60341.69231253455,60865.49,42.73646507179169,NaN,NaN
1635120000,60603.59115626727,62250,60603.59115626727,61459.12,48.72203186961385,NaN,NaN
1635134400,61031.35557813363,62900,61031.35557813363,62352.445,56.15007349184439,NaN,NaN
1635148800,61691.90028906682,63200,61691.90028906682,62767.6875,59.11481274891445,NaN,NaN
1635163200,62229.79389453341,63638,62229.79389453341,63145.675,61.656212415512485,NaN,NaN
1635177600,62687.7344472667,63710.63,62635.72,63160.3025,61.75528551560016,NaN,NaN
1635192000,62924.01847363335,63329.48,62530,62906.565,58.911729746366134,NaN,NaN
1635206400,62915.291736816675,63293.48,62619.42,62937.424999999996,59.15804431219772,NaN,NaN
1635220800,62926.358368408335,62926.358368408335,62184.01,62547.635,54.697772445817435,NaN,NaN
1635235200,62736.99668420417,63110,62423.71,62676.5575,55.88256013738984,NaN,NaN
1635249600,62706.777092102086,62882.99,61800,62484.392499999994,53.63108171966175,NaN,NaN
1635264000,62595.584796051044,62743.86,61826.08,62271.1325,51.16729153388256,NaN,NaN
1635278400,62433.35864802552,62433.35864802552,59817.55,61111.66,40.32153300819072,NaN,NaN
1635292800,61772.50932401276,61772.50932401276,60138.4,60505.3875,36.02194572433491,NaN,NaN
1635307200,61138.94841200638,61496,59908.61,60517.2175,36.16498334223472,NaN,NaN
1635321600,60828.082956003185,60828.082956003185,58000,59116.9825,28.144311650302868,NaN,NaN
1635336000,59972.53272800159,59972.53272800159,58270,58775.535,26.59536615490707,NaN,NaN
1635350400,59374.0338640008,59374.0338640008,58101,58788.1175,26.75534006387474,NaN,NaN
1635364800,59081.0756820004,59587.35,58390.91,58863.5025,27.77098073025634,NaN,NaN
1635379200,58972.2890910002,59162.02,58075.62,58622.72,26.50669743671105,NaN,NaN
1635393600,58797.5045455001,59248.6,58685,58941.7775,30.989960086835453,NaN,NaN
1635408000,58869.641022750046,61257.82,58869.641022750046,60050.045,43.81183633264934,NaN,NaN
1635422400,59459.84301137502,61800,59459.84301137502,61189.06,53.3955937194134,NaN,NaN
1635436800,60324.45150568751,61478.42,57820,60431.54,47.58273560588019,NaN,NaN
1635451200,60377.99575284375,62499,60333,61174.19,52.98633535428751,NaN,NaN
1635465600,60776.09287642188,62100,60174.81,61123.424999999996,52.58726059770981,NaN,NaN
1635480000,60949.758938210936,61698.51,60350.44,61065.244999999995,52.10292489158264,NaN,NaN
1635494400,61007.50196910546,61358.28,60420.01,60822.2525,50.03038169391493,NaN,NaN
1635508800,60914.87723455273,62553.96,60699.62,61623.6175,56.21594994968565,NaN,NaN
1635523200,61269.247367276366,62980,61269.247367276366,62432.66249999999,61.40967546223877,NaN,NaN
1635537600,61850.954933638175,62718.87,61850.954933638175,62388.872500000005,60.98798449973221,NaN,NaN
1635552000,62119.913716819094,62359.25,61604.98,61974.47,56.99904735146421,NaN,NaN
1635566400,62047.19185840955,62047.19185840955,61272.15,61615.8575,53.72434535569331,NaN,NaN
1635580800,61831.52467920477,61989.99,61054.48,61559.1675,53.20397329481959,NaN,NaN
1635595200,61695.34608960239,62253,60673,61474.55,52.38830126255196,NaN,NaN
1635609600,61584.9480448012,61793,61074.51,61493.89,52.56729193029023,NaN,NaN
1635624000,61539.4190224006,61960,61175.01,61681.26,54.35754321764177,NaN,NaN
1635638400,61610.339511200305,62405.3,61581.96,61886.0725,56.29917467055913,NaN,NaN
1635652800,61748.20600560015,61748.20600560015,61065.76,61468.125,51.48594656825074,NaN,NaN
1635667200,61608.165502800075,61608.165502800075,60279.63,60869.85,45.49053176349381,NaN,NaN
1635681600,61239.00775140004,61239.00775140004,59945.36,60418.405000000006,41.55798668822305,NaN,NaN
1635696000,60828.70637570002,60906.79,60200,60564.24250000001,43.26429763971879,NaN,NaN
1635710400,60696.47443785002,61620.06,60521.33,61032.785,48.46976355947527,NaN,NaN
1635724800,60864.62971892501,61735.3,59700,60664.5225,44.97686821235196,NaN,NaN
1635739200,60764.576109462505,62298,59405,60949.1075,48.090049956611765,NaN,NaN
1635753600,60856.84180473125,62437.74,60856.84180473125,62013.049999999996,57.72110080682472,NaN,NaN
1635768000,61434.94590236562,62190,61300.01,61712.225000000006,54.63456711077124,NaN,NaN
1635782400,61573.585451182815,61573.585451182815,60322.67,61220.247500000005,49.932035857394325,NaN,NaN
1635796800,61396.91647559141,61454.76,60411,61053.21000000001,48.40854573190043,NaN,NaN
1635811200,61225.06323779571,61566,60624.68,61044.075,48.32171330329483,NaN,NaN
1635825600,61134.56911889785,61824.66,61053.21,61368.375,51.638251379162604,NaN,NaN
1635840000,61251.472059448926,63597.8,61251.472059448926,62347.17,59.98518835747982,NaN,NaN
1635854400,61799.321029724466,64270,61799.321029724466,63520.872500000005,67.2782877349833,NaN,NaN
1635868800,62660.09676486223,64267.36,62660.09676486223,63764.44,68.55894936197316,NaN,NaN
1635883200,63212.26838243112,63610,62584.5,63247.634999999995,62.9309419671523,NaN,NaN
1635897600,63229.95169121555,63500,62722.4,63163.345,62.03646009272508,NaN,NaN
1635912000,63196.64834560778,63500,62728,63208.2575,62.34358998394958,NaN,NaN
1635926400,63202.45292280389,63399.71,62872.94,63193.925,62.17073544304198,NaN,NaN
1635940800,63198.188961401946,63198.188961401946,61579.57,62502.7125,54.34503570251357,NaN,NaN
1635955200,62850.45073070098,63333,60382.76,62176.4375,51.076768987012365,NaN,NaN
1635969600,62513.44411535049,63200,62513.44411535049,62862.8675,56.94346790998792,NaN,NaN
1635984000,62688.15580767524,63086.31,62178,62645.2,54.703331510777325,NaN,NaN
1635998400,62666.67790383762,62826.95,61819.51,62230.0625,50.613721623309466,NaN,NaN
1636012800,62448.370201918806,62448.370201918806,61230.66,61714.3525,46.01183485215811,NaN,NaN
1636027200,62081.3613509594,62370,60775,61406.810000000005,43.473347464959666,NaN,NaN
1636041600,61744.0856754797,61744.0856754797,60677.01,61084.345,40.92390811306995,NaN,NaN
1636056000,61414.21533773985,61530.27,61000,61293.652500000004,43.250244366154384,NaN,NaN
1636070400,61353.93391886992,62332.04,60820,61687.712499999994,47.44616612376775,NaN,NaN
1636084800,61520.82320943496,62595.72,61520.82320943496,62202.275,52.39575916275,NaN,NaN
1636099200,61861.54910471748,62229.45,61191.28,61702.265,47.69504748106014,NaN,NaN
1636113600,61781.90705235874,61928.37,60750,61180.042499999996,43.32334103985961,NaN,NaN
1636128000,61480.97477617937,61480.97477617937,60730,61008.7425,41.96456797475563,NaN,NaN
1636142400,61244.85863808969,61324.1,60721,61018.2275,42.07290362721514,NaN,NaN
1636156800,61131.54306904484,61277.77,60777,61026.1175,42.16961079133298,NaN,NaN
1636171200,61078.830284522424,61560.49,60511.01,60992.9725,41.85350357483006,NaN,NaN
1636185600,61035.901392261214,61350,60081.21,60637.3875,38.51766616254076,NaN,NaN
1636200000,60836.64444613061,60836.64444613061,60050,60445.725,36.81444998927498,NaN,NaN
1636214400,60641.18472306531,61186.08,60400,60852.515,42.614476254719975,NaN,NaN
1636228800,60746.84986153265,61489.63,60746.84986153265,61308.66500000001,48.34087196496452,NaN,NaN
1636243200,61027.75743076633,62328.06,61027.75743076633,61813.625,53.83304507757943,NaN,NaN
1636257600,61420.691215383165,62292.31,61420.691215383165,61971.307499999995,55.42666049527768,NaN,NaN
1636272000,61695.99935769158,62350,61468.48,61872.4375,54.164164351523695,NaN,NaN
1636286400,61784.218428845794,62137,61650,61909.105,54.57738774910352,NaN,NaN
1636300800,61846.661714422895,62499.44,61846.661714422895,62158.6725,57.39287394903023,NaN,NaN
1636315200,62002.66710721145,63286.35,62002.66710721145,62746.2,63.17915933653595,NaN,NaN
1636329600,62374.43355360572,65639.08,62374.43355360572,64346.557499999995,73.66881974601563,NaN,NaN
1636344000,63360.49552680286,66342.58,63360.49552680286,65633.81,78.88054827772325,NaN,NaN
1636358400,64497.15276340143,66423,64497.15276340143,66000.52500000001,80.08958997171328,NaN,NaN
1636372800,65248.83888170072,66524.43,65122,66015.76250000001,80.14046415611759,NaN,NaN
1636387200,65632.30069085036,66538.53,65632.30069085036,66124.68,80.52354963800352,NaN,NaN
1636401600,65878.49034542518,67789,65500,66662.46,82.33539903846166,NaN,NaN
1636416000,66270.47517271258,68524.25,66270.47517271258,67888.8175,85.62052758595199,NaN,NaN
1636430400,67079.6463363563,68520,67079.6463363563,68122.425,86.14895512982059,NaN,NaN
1636444800,67601.03566817814,68238,67300,67746.385,80.9895076129562,NaN,NaN
1636459200,67673.71033408906,68116.56,66610,67273.16,74.9094445903021,NaN,NaN
1636473600,67473.43516704453,67473.43516704453,66222.4,66758.0275,68.8501743684283,NaN,NaN
1636488000,67115.73133352227,67800.27,66653,67050.285,70.31714304526528,NaN,NaN
1636502400,67083.00816676114,67378.7,66355.05,66792.16249999999,67.302464105382,NaN,NaN
1636516800,66937.58533338056,66937.58533338056,66233,66474.1925,63.680601477852356,NaN,NaN
1636531200,66705.88891669028,67099,66357,66607.305,64.54089403772676,NaN,NaN
1636545600,66656.59695834514,69000,65888,67445.86,69.45013365251954,NaN,NaN
1636560000,67051.22847917257,68775.51,66542.85,67579.6925,70.1601970414616,NaN,NaN
1636574400,67315.46048958629,67315.46048958629,62822.9,65350.895,49.51837950348539,NaN,NaN
1636588800,66333.17774479314,66333.17774479314,64100,64697.847499999996,45.311816035481385,NaN,NaN
1636603200,65515.51262239656,65515.51262239656,64383.46,64943.2425,47.12934497540534,NaN,NaN
1636617600,65229.377561198286,65600.07,64550.55,65158.72750000001,48.74035932279651,NaN,NaN
1636632000,65194.05253059915,65474.47,64402.49,64983.1075,47.470800338917016,NaN,NaN
1636646400,65088.58001529957,65249,64573.99,64935.642499999994,47.11361405601366,NaN,NaN
1636660800,65012.11125764978,65309.13,64628.39,64957.942500000005,47.31418958414776,NaN,NaN
1636675200,64985.026878824894,65450.7,64052,64775.895000000004,45.787517747354066,NaN,NaN
1636689600,64880.46093941245,65075.79,64202.68,64648.305,44.69891880457588,NaN,NaN
1636704000,64764.382969706225,64957.97,63501,64175.067500000005,40.82219909667436,NaN,NaN
1636718400,64469.72523485312,64469.72523485312,62900,63502.2825,36.03702107333235,NaN,NaN
1636732800,63986.00386742656,64089.99,62278,63342.2375,34.98638744294047,NaN,NaN
1636747200,63664.12068371328,64890,63664.12068371328,64140.5075,43.78907920867217,NaN,NaN
1636761600,63902.314091856635,64455,63576.1,63981.815,42.55552448508118,NaN,NaN
1636776000,63942.06454592832,64123,63510,63859.229999999996,41.58108683215932,NaN,NaN
1636790400,63900.647272964154,64081.5,63360.22,63756.485,40.73907665712575,NaN,NaN
1636804800,63828.56613648208,64843,63427.86,64128.520000000004,45.07608979183718,NaN,NaN
1636819200,63978.54306824104,65000,63829.01,64364.915,47.69548296152641,NaN,NaN
1636833600,64171.72903412052,64550.5,63918.89,64197.759999999995,46.024046726759124,NaN,NaN
1636848000,64184.74451706026,65320,64184.74451706026,64679.455,51.31842131608122,NaN,NaN
1636862400,64432.09975853013,65201.72,64400,64716.7775,51.71362611432199,NaN,NaN
1636876800,64574.43862926506,64800,64056,64482.162500000006,49.01962793616549,NaN,NaN
1636891200,64528.30056463253,64799,64000,64328.62,47.283585935889704,NaN,NaN
1636905600,64428.46028231627,64428.46028231627,63576.27,64059.7575,44.3234600464657,NaN,NaN
1636920000,64244.10889115813,65550.51,64040.47,64820.0175,53.238181187304505,NaN,NaN
1636934400,64532.06319557907,66200,64532.06319557907,65737.715,61.29440254887079,NaN,NaN
1636948800,65134.889097789535,66000,65134.889097789535,65691.845,60.73119855851152,NaN,NaN
1636963200,65413.36704889477,66401.82,65244.47,65739.76500000001,61.13298826932683,NaN,NaN
1636977600,65576.56602444738,65946.63,63993.17,64990.6025,52.1494962407433,NaN,NaN
1636992000,65283.584262223696,65283.584262223696,63624.54,64155.8025,44.33184240978642,NaN,NaN
1637006400,64719.69338111185,64719.69338111185,63400,63884.64,42.122938371607084,NaN,NaN
1637020800,64302.166690555925,64302.166690555925,60422.2,62138.4125,31.305256372717608,NaN,NaN
1637035200,63220.289595277965,63220.289595277965,60293.06,60901.432499999995,26.176879197457637,NaN,NaN
1637049600,62060.86104763898,62060.86104763898,58574.07,60355.76,24.286771488604373,NaN,NaN
1637064000,61208.31052381949,61427,60020,60673.225000000006,27.563746520424615,NaN,NaN
1637078400,60940.76776190975,60940.76776190975,59728.27,60381.2675,26.43077315136972,NaN,NaN
1637092800,60661.01763095488,61199.65,59105.26,60142.0625,25.50574537333725,NaN,NaN
1637107200,60401.54006547744,60437.68,58553.12,59522.415,23.237007898183123,NaN,NaN
1637121600,59961.97753273872,60142.85,58580,59363.2125,22.678849945006732,NaN,NaN
1637136000,59662.59501636936,60840.23,58373,59916.990000000005,29.061877350236998,NaN,NaN
1637150400,59789.792508184684,60822.27,59334.23,60145.83,31.575618757000356,NaN,NaN
1637164800,59967.81125409235,60672.13,59404.75,59988.4675,30.76820334304297,NaN,NaN
1637179200,59978.13937704617,60575.08,59620.66,60188.2725,33.107120534566675,NaN,NaN
1637193600,60083.20593852308,60976,59840,60250.2175,33.853229872389136,NaN,NaN
1637208000,60166.71171926154,60166.71171926154,59500,59792.582500000004,31.093947751223325,NaN,NaN
1637222400,59979.64710963077,59979.64710963077,58962.77,59470.322499999995,29.28387356852643,NaN,NaN
1637236800,59724.98480481538,59935,57650,58724.6325,25.574024910281295,NaN,NaN
1637251200,59224.80865240769,59224.80865240769,56592.06,57776.55,21.7936851282289,NaN,NaN
1637265600,58500.67932620385,58500.67932620385,56474.26,57444.705,20.643446896597666,NaN,NaN
1637280000,57972.69216310192,57972.69216310192,55600,56477.19,17.708814386352287,NaN,NaN
1637294400,57224.94108155096,57224.94108155096,55817.79,56050.905,16.589790301407987,NaN,NaN
1637308800,56637.92304077548,57487.2,55986.05,56612.6675,23.454279710665602,NaN,NaN
1637323200,56625.29527038774,58173.94,56625.29527038774,57437.2925,32.26642161319231,NaN,NaN
1637337600,57031.29388519387,58320,57031.29388519387,57960.145000000004,37.20279769042618,NaN,NaN
1637352000,57495.719442596936,58120,57495.719442596936,57934.1075,37.05795703888872,NaN,NaN
1637366400,57714.91347129847,58979.97,57714.91347129847,58370.695,41.19229342480812,NaN,NaN
1637380800,58042.80423564924,58849.63,58042.80423564924,58493.197499999995,42.33680971659565,NaN,NaN
1637395200,58268.000867824616,58800,58268.000867824616,58530.369999999995,42.701223326110004,NaN,NaN
1637409600,58399.18543391231,58834.98,57483.42,58133.11,39.805999115022075,NaN,NaN
1637424000,58266.147716956155,59625,57353,58499.105,43.60007005424985,NaN,NaN
1637438400,58382.62635847808,59845,58382.62635847808,59572.66,52.96504822739789,NaN,NaN
1637452800,58977.64317923904,59770.78,58500,59163.24249999999,49.58367067062275,NaN,NaN
1637467200,59070.442839619514,59238.32,58555,58862.682499999995,47.20130844286632,NaN,NaN
1637481600,58966.562669809755,59409.61,58486.65,58892.9775,47.475249781925996,NaN,NaN
1637496000,58929.77008490488,59294.88,58657.22,58961.067500000005,48.12669128684926,NaN,NaN
1637510400,58945.418792452445,60029.76,58945.418792452445,59416.3825,52.37988511797952,NaN,NaN
1637524800,59180.90064622622,59696.69,58500,59033.2075,48.756817287649284,NaN,NaN
1637539200,59107.054073113104,59107.054073113104,56959.07,57929.325,40.14240460846994,NaN,NaN
1637553600,58518.18953655655,58518.18953655655,56766.58,57297.38,36.19935472997975,NaN,NaN
1637568000,57907.784768278274,57907.784768278274,56952.35,57305.8475,36.28965715965501,NaN,NaN
1637582400,57606.81613413914,59444,56580.01,57849.83,41.97198737321701,NaN,NaN
1637596800,57728.32306706957,58250,55800,57059.4525,36.83185356781435,NaN,NaN
1637611200,57393.88778353478,57393.88778353478,55610,56140.545,31.93513095137604,NaN,NaN
1637625600,56767.21639176739,57258.56,55971.97,56605.545,36.5333864013704,NaN,NaN
1637640000,56686.380695883694,57037.06,55809.45,56450.2675,35.66687281850817,NaN,NaN
1637654400,56568.32409794185,58009.99,55317,56370.81,35.20669910919827,NaN,NaN
1637668800,56469.56704897092,57749.5,56093.55,56718.3275,38.918566534884945,NaN,NaN
1637683200,56593.94727448546,57854.39,56593.94727448546,57349.67999999999,45.07478502246856,NaN,NaN
1637697600,56971.813637242725,57850.01,56971.813637242725,57637.494999999995,47.66436032274425,NaN,NaN
1637712000,57304.65431862136,57735,56136,56953.0625,42.52928579624965,NaN,NaN
1637726400,57128.85840931068,57128.85840931068,56214.85,56477.3325,39.35553108588029,NaN,NaN
1637740800,56803.09545465534,57560,56311,56745.5225,41.9839822276169,NaN,NaN
1637755200,56774.30897732767,57166.23,55837,56586.1,40.850542938079016,NaN,NaN
1637769600,56680.20448866383,57116.46,56477.01,56786.5325,42.936365099135735,NaN,NaN
1637784000,56733.36849433192,57476.03,56722,57040.3625,45.55482198017809,NaN,NaN
1637798400,56886.865497165956,58270,56886.865497165956,57566.755,50.61570478953669,NaN,NaN
1637812800,57226.81024858297,57825,57000,57555.97,50.512105334995,NaN,NaN
1637827200,57391.39012429149,58482.66,57329.75,57867.825,53.47730723571434,NaN,NaN
1637841600,57629.60756214574,59137.76,57629.60756214574,58524.1025,59.039432253800804,NaN,NaN
1637856000,58076.855031072875,59390,58076.855031072875,58989.83500000001,62.468713229406426,NaN,NaN
1637870400,58533.34501553644,59398.9,58519.54,58933.16,61.790759115906255,NaN,NaN
1637884800,58733.25250776822,59150,57857,58467.07,56.372406612917736,NaN,NaN
1637899200,58600.161253884115,58600.161253884115,56636.57,57377.18000000001,46.175798944964,NaN,NaN
1637913600,57988.67062694206,57988.67062694206,53680.45,55333.0975,33.8201596212548,NaN,NaN
1637928000,56660.884063471036,56660.884063471036,53500,54109.81,28.845692404104895,NaN,NaN
1637942400,55385.34703173552,55385.34703173552,53927.44,54311.1675,30.65377270569776,NaN,NaN
1637956800,54848.25726586776,54848.25726586776,53521,54039.76,29.563316112766685,NaN,NaN
1637971200,54444.00863293388,54641.99,53610,54080.695,29.96796544380392,NaN,NaN
1637985600,54262.35181646694,54613.84,54200,54388.865,33.0846025302579,NaN,NaN
1638000000,54325.60840823347,55280,54300,54645.07,35.64866713344732,NaN,NaN
1638014400,54485.33920411674,55223,54485.33920411674,54806.7375,37.281780842751445,NaN,NaN
1638028800,54646.03835205837,55224.44,54646.03835205837,54927.395000000004,38.53549788497211,NaN,NaN
1638043200,54786.71667602919,55065,54011.01,54683.2375,36.92689432720742,NaN,NaN
1638057600,54734.977088014595,54821,53666.6,54335.345,34.70395936412146,NaN,NaN
1638072000,54535.1610440073,54636.65,53923.04,54303.1525,34.49701205911798,NaN,NaN
1638086400,54419.15677200365,54933.8,54130.72,54518.3025,37.19265587898777,NaN,NaN
1638100800,54468.72963600182,54635.52,54029.99,54363.6875,36.044667791347315,NaN,NaN
1638115200,54416.20856800091,54967.5,53256.64,54284.5325,35.44154703871767,NaN,NaN
1638129600,54350.37053400045,57445.05,54350.37053400045,55988.905,53.48821717130152,NaN,NaN
1638144000,55169.637767000226,58242.09,55169.637767000226,57503.13999999999,63.30312977586307,NaN,NaN
1638158400,56336.38888350011,57688,56336.38888350011,57440.5375,62.71391928216613,NaN,NaN
1638172800,56888.46319175005,57642.85,56666.67,57176.245,60.16775206596092,NaN,NaN
1638187200,57032.35409587502,57500,56799.21,57077.1075,59.19688528211686,NaN,NaN
1638201600,57054.73079793751,58865.97,57000.01,57718.145000000004,63.31854869855024,NaN,NaN
1638216000,57386.437898968754,58400,57386.437898968754,57930.979999999996,64.59722554287332,NaN,NaN
1638230400,57658.708949484375,57964.18,56770.01,57400.84,59.07341729124834,NaN,NaN
1638244800,57529.77447474218,57529.77447474218,55875.55,56690.162500000006,52.58214664878963,NaN,NaN
1638259200,57109.968487371094,57713.91,56236.54,57015.744999999995,55.0206532559743,NaN,NaN
1638273600,57062.856743685545,59176.99,57062.856743685545,57780.0825,60.195769160984625,NaN,NaN
1638288000,57421.46962184277,58380.41,56500,57436.05,57.0159509192614,NaN,NaN
1638302400,57428.75981092139,57786.08,56762.39,57282.255000000005,55.601937020557116,NaN,NaN
1638316800,57355.507405460696,57686.12,56630,57157.1725,54.41983876399546,NaN,NaN
1638331200,57256.33995273035,57415.16,56666.66,57151.9325,54.36769240706481,NaN,NaN
1638345600,57204.136226365175,57850,56717.22,57222.255,54.99101609149379,NaN,NaN
1638360000,57213.19561318259,58819.45,57000,57898.649999999994,60.570040922532854,NaN,NaN
1638374400,57555.92280659129,59053.55,57000.89,58024.2075,61.5234561734216,NaN,NaN
1638388800,57790.06515329564,57790.06515329564,56458.01,57132.3375,51.91987921271269,NaN,NaN
1638403200,57461.20132664782,57461.20132664782,55777.77,56659.3575,47.67011890245539,NaN,NaN
1638417600,57060.27941332391,57060.27941332391,56219.58,56576.595,46.946008242858596,NaN,NaN
1638432000,56818.437206661954,57175.65,56038.15,56584.604999999996,47.02987180940049,NaN,NaN
1638446400,56701.521103330975,57367.67,56012.82,56552.7025,46.71315483055654,NaN,NaN
1638460800,56627.11180166549,56945.52,56001,56519.9375,46.367785282667626,NaN,NaN
1638475200,56573.52465083274,57221,56365,56670.6525,48.26265758951608,NaN,NaN
1638489600,56622.08857541637,56772.24,56050.81,56407.58,45.25697317456361,NaN,NaN
1638504000,56514.83428770819,57045.44,56229.98,56582,47.58759468850513,NaN,NaN
1638518400,56548.417143854094,57330,56426.35,56862.454999999994,51.18622263965175,NaN,NaN
1638532800,56705.43607192705,57600,55722,56564.2725,47.45549922857262,NaN,NaN
1638547200,56634.85428596352,56634.85428596352,53750,54884.8275,32.907502108831494,NaN,NaN
1638561600,55759.84089298176,55759.84089298176,51680,53342.677500000005,25.25221269195569,NaN,NaN
1638576000,54551.25919649088,54551.25919649088,52000,52865.0375,23.433894352474624,NaN,NaN
1638590400,53708.148348245435,53708.148348245435,42000.3,48462.5075,13.666035927900452,NaN,NaN
1638604800,51085.327924122714,51085.327924122714,46131.71,46945.545,11.83542536479905,NaN,NaN
1638619200,49015.436462061356,49015.436462061356,46489.66,47439.207500000004,15.788758848229165,NaN,NaN
1638633600,48227.32198103068,49444,47742.09,48659.9575,24.77194585806015,NaN,NaN
1638648000,48443.63974051534,49487.76,48443.63974051534,49084.43,27.661541873552636,NaN,NaN
1638662400,48764.034870257674,49699,48315.41,49084.415,27.66150143836768,NaN,NaN
1638676800,48924.224935128834,49666.94,48831.61,49239.6275,28.82096016470642,NaN,NaN
1638691200,49081.92621756442,49573.23,48700,49201.244999999995,28.69846028906757,NaN,NaN
1638705600,49141.5856087822,49699.05,47727.21,48653.5175,26.938828195939195,NaN,NaN
1638720000,48897.5515543911,49351.29,47894.84,48525.037500000006,26.52794111423502,NaN,NaN
1638734400,48711.294527195554,49546.69,48498.45,49085.97750000001,31.44439869813202,NaN,NaN
1638748800,48898.63601359778,49438.18,48273.58,49031.637500000004,31.22640697243726,NaN,NaN
1638763200,48965.13675679889,49258.44,47731,48605.14,29.497906701634875,NaN,NaN
1638777600,48785.138378399446,49409.79,47100,48375.0575,28.578846595851076,NaN,NaN
1638792000,48580.097939199724,48967.98,47822.39,48577.707500000004,30.62896339858655,NaN,NaN
1638806400,48578.902719599864,49366,48578.902719599864,49016.18,34.977994767976824,NaN,NaN
1638820800,48797.54135979993,50891.11,48760,49799.00749999999,41.97249444268935,NaN,NaN
1638835200,49298.27442989996,51430,49298.27442989996,50787.39,49.37687755637283,NaN,NaN
1638849600,50042.83221494998,51335.16,50042.83221494998,50996.32749999999,50.80591592322278,NaN,NaN
1638864000,50519.579857474986,51500,50519.579857474986,51168.375,52.00731329823835,NaN,NaN
1638878400,50843.97742873749,51936.33,50611.04,51434.4325,53.8829434391673,NaN,NaN
1638892800,51139.20496436875,51866.88,50666,51287.8775,52.66204461908829,NaN,NaN
1638907200,51213.541232184376,51213.541232184376,50039.74,50629.845,47.46201387161327,NaN,NaN
1638921600,50921.69311609219,50921.69311609219,50100,50398.8275,45.7538935041607,NaN,NaN
1638936000,50660.2603080461,50700,50077,50342.2075,45.32336282588276,NaN,NaN
1638950400,50501.23390402304,50620.2,48824.69,49778.08,41.166966068515464,NaN,NaN
1638964800,50139.65695201152,51200,48600,49906.65,42.462045326584814,NaN,NaN
1638979200,50023.15347600576,50865.8,50023.15347600576,50495.305,48.09563090679973,NaN,NaN
1638993600,50259.22923800288,50896.08,50079.78,50467.5625,47.85780852462783,NaN,NaN
1639008000,50363.39586900144,50797.76,49425.74,50052.01,44.32243203383033,NaN,NaN
1639022400,50207.70293450072,50350,49184.49,49767.095,42.0299004806408,NaN,NaN
1639036800,49987.39896725036,50016.89,48898,49523.07,40.1160264959868,NaN,NaN
1639051200,49755.23448362518,49755.23448362518,48048,48835.7825,35.247750512817674,NaN,NaN
1639065600,49295.508491812594,49295.508491812594,47500,48103.475,30.93941863814895,NaN,NaN
1639080000,48699.4917459063,48699.4917459063,47320,47737.3975,29.02922487769689,NaN,NaN
1639094400,48218.444622953146,48788.29,47439.29,48034.240000000005,32.65981566354962,NaN,NaN
1639108800,48126.342311476576,48573.77,47550,48047.9675,32.83094208356006,NaN,NaN
1639123200,48087.15490573829,48728,47587.39,48180.2525,34.556823559310814,NaN,NaN
1639137600,48133.70370286914,50125,47744.19,48639.8525,40.296598779648214,NaN,NaN
1639152000,48386.77810143457,48386.77810143457,47251.06,47913.795,35.0645219159144,NaN,NaN
1639166400,48150.28655071728,48522.5,46852,47653.47,33.3905108215223,NaN,NaN
1639180800,47901.87827535864,48683.7,46751,47718.057499999995,34.22946657173591,NaN,NaN
1639195200,47809.96788767932,48881.99,47765.33,48241.520000000004,40.74364525909697,NaN,NaN
1639209600,48025.74394383966,48900,47843.1,48251.3225,40.86176775121019,NaN,NaN
1639224000,48138.53322191983,48943.92,48138.53322191983,48522.8425,44.180940394538226,NaN,NaN
1639238400,48330.687860959915,49276,48330.687860959915,48703.585,46.33995547588397,NaN,NaN
1639252800,48517.13643047996,49485.71,48390.22,48918.292499999996,48.86995782738046,NaN,NaN
1639267200,48717.71446523997,49699.95,48717.71446523997,49354.634999999995,53.652523804632665,NaN,NaN
1639281600,49036.174732619984,49359.86,48824.09,49197.7175,51.77688467943962,NaN,NaN
1639296000,49116.94611630999,49376.79,48638,49110.08,50.71062887833663,NaN,NaN
1639310400,49113.513058155,49934.59,49107.33,49447.3775,54.586902627282306,NaN,NaN
1639324800,49280.445279077496,50777,49280.445279077496,50030.75,60.38911035866764,NaN,NaN
1639339200,49655.59763953875,50547.07,49655.59763953875,50171.1925,61.65913271107351,NaN,NaN
1639353600,49913.39506976937,50189.97,48430.13,49386.7975,51.69063749639882,NaN,NaN
1639368000,49650.09628488468,49650.09628488468,48554.77,48879.72,46.46128824796236,NaN,NaN
1639382400,49264.90814244234,49264.90814244234,48145,48725.96000000001,44.975471671663115,NaN,NaN
1639396800,48995.43407122117,49000,47012.03,48027.2625,38.88941654777862,NaN,NaN
1639411200,48511.348285610584,48511.348285610584,45672.75,46899.08,31.481578103697743,NaN,NaN
1639425600,47705.21414280529,47705.21414280529,46214.13,46736.105,30.57551150615882,NaN,NaN
1639440000,47220.65957140265,47226.32,46290,46792.770000000004,31.31569554731024,NaN,NaN
1639454400,47006.714785701326,47176.22,46306.8,46858.75750000001,32.221944667311064,NaN,NaN
1639468800,46932.73614285067,47740,46789.69,47287.92,37.95567099673056,NaN,NaN
1639483200,47110.328071425334,47959.77,46617.25,47262.2175,37.749703030667646,NaN,NaN
1639497600,47186.27278571267,47186.27278571267,46429.88,46822.7875,34.32062610843819,NaN,NaN
1639512000,47004.53014285633,48700.41,46839.78,47685.722499999996,44.90466813687409,NaN,NaN
1639526400,47345.126321428164,48761,47345.126321428164,48299.090000000004,50.954571590475084,NaN,NaN
1639540800,47822.10816071408,48450,47822.10816071408,48212.6375,50.119200854009904,NaN,NaN
1639555200,48017.37283035704,48850,48017.37283035704,48315.4325,51.14481934988921,NaN,NaN
1639569600,48166.402665178524,48300,46587,47412.9625,42.82048541009896,NaN,NaN
1639584000,47789.68258258926,49259.98,46547,47778.545,46.61131593757363,NaN,NaN
1639598400,47784.11379129463,49500,47784.11379129463,48891.7225,56.14528796419675,NaN,NaN
1639612800,48337.918145647316,49269.03,48337.918145647316,48915.82750000001,56.32715898365608,NaN,NaN
1639627200,48626.87282282366,49072.3,48502.26,48776.595,54.910641549254265,NaN,NaN
1639641600,48701.73391141183,49436.43,48608.62,48991.2675,56.717950385183144,NaN,NaN
1639656000,48846.50070570591,49266.6,48243.58,48825.945,54.893144556956784,NaN,NaN
1639670400,48836.22285285295,48836.22285285295,47666,48207.012500000004,48.59023419732176,NaN,NaN
1639684800,48521.61767642648,48521.61767642648,47511,47849.2325,45.348736851611534,NaN,NaN
1639699200,48185.42508821324,48185.42508821324,47390.43,47696.21,43.99684446028001,NaN,NaN
1639713600,47940.81754410662,47953.22,46749.55,47369.02250000001,41.170718775915425,NaN,NaN
1639728000,47654.92002205331,47654.92002205331,46769.89,47047.0275,38.54654546863176,NaN,NaN
1639742400,47350.97376102665,47363.36,45456,46615.155,35.296929103376684,NaN,NaN
1639756800,46983.06438051333,47440.1,46400,46783.6475,37.51035208569196,NaN,NaN
1639771200,46883.35594025666,47093.16,45565.58,46388.90000000001,34.53005038194509,NaN,NaN
1639785600,46636.127970128335,46636.127970128335,45500,46115.677500000005,32.59941335461903,NaN,NaN
1639800000,46375.90273506417,46858.27,46072.33,46394.43000000001,36.50028947119419,NaN,NaN
1639814400,46385.16636753209,47392.37,46194.44,46755.335,41.24189149621473,NaN,NaN
1639828800,46570.25068376605,47219.16,46560.83,46927.24249999999,43.4095127301687,NaN,NaN
1639843200,46748.74659188302,46992.14,46325.61,46704.9975,41.28885635954447,NaN,NaN
1639857600,46726.872045941505,47100,46525,46775.79,42.25652844819014,NaN,NaN
1639872000,46751.33102297076,47990.75,46406.91,47236.1275,48.23163817840561,NaN,NaN
1639886400,46993.72926148538,48074.16,46993.72926148538,47687.255,53.32849497167314,NaN,NaN
1639900800,47340.492130742685,47641.77,46807.27,47279.212499999994,48.66172602152792,NaN,NaN
1639915200,47309.85231537134,48300.01,46867.01,47390.515,49.948372914095344,NaN,NaN
1639929600,47350.18365768567,47500,46580,46998.435,45.61177151272532,NaN,NaN
1639944000,47174.309328842835,47550,46482.9,46847.0175,44.02217916789105,NaN,NaN
1639958400,47010.66341442142,47200,46220,46697.115,42.44509868216887,NaN,NaN
1639972800,46853.88920721071,47049.87,46103,46567.32,41.073039226381574,NaN,NaN
1639987200,46710.60460360536,46710.60460360536,45750,46206.4475,37.44844281650505,NaN,NaN
1640001600,46458.52605180268,46458.52605180268,45558.85,45984.854999999996,35.38358298293193,NaN,NaN
1640016000,46221.69052590134,46690,45863.72,46278.34,40.0948378220328,NaN,NaN
1640030400,46250.01526295066,47537.57,46250.01526295066,46905.71,48.7046595957809,NaN,NaN
1640044800,46577.862631475335,48085,46577.862631475335,47389.409999999996,54.1733692339084,NaN,NaN
1640059200,46983.63631573766,48824.16,46983.63631573766,48314.865,62.427026287902684,NaN,NaN
1640073600,47649.25065786883,49000,47649.25065786883,48721.295,65.3763126527121,NaN,NaN
1640088000,48185.272828934416,49328.96,48185.272828934416,48719.9025,65.35738354414734,NaN,NaN
1640102400,48452.58766446721,48876.94,48332.5,48561.927500000005,63.12440335549919,NaN,NaN
1640116800,48507.25758223361,49287.93,48461.47,48814.770000000004,65.17521177365646,NaN,NaN
1640131200,48661.013791116806,49576.13,48600,49078.18,67.22050313813003,NaN,NaN
1640145600,48869.5968955584,49347.9,48869.5968955584,49179.3475,67.99789272747654,NaN,NaN
1640160000,49024.47219777921,49535,48830.29,49138.4275,67.3026318772774,NaN,NaN
1640174400,49081.449848889606,49123.62,48421.87,48851.6875,62.48158145488196,NaN,NaN
1640188800,48966.5686744448,49245.81,48506.01,48890.7725,62.87198866772771,NaN,NaN
1640203200,48928.6705872224,49144.99,48555,48805.034999999996,61.36354487615156,NaN,NaN
1640217600,48866.85279361119,48866.85279361119,47920.42,48441.10249999999,55.298676500738445,NaN,NaN
1640232000,48653.97764680559,48653.97764680559,48031.45,48317.467500000006,53.368910920858895,NaN,NaN
1640246400,48485.7225734028,48541.86,48060,48271.56,52.634419797125275,NaN,NaN
1640260800,48378.6412867014,48859.61,48323.98,48589.42,57.042726843480004,NaN,NaN
1640275200,48484.0306433507,51375,48484.0306433507,49995.46,70.23798278805005,NaN,NaN
1640289600,49239.74532167535,51209.3,49239.74532167535,50914.7775,75.53046457209128,NaN,NaN
1640304000,50077.26141083767,51527.58,50077.26141083767,51010.2175,76.00746926835562,NaN,NaN
1640318400,50543.739455418836,51109.09,50543.739455418836,50967.4875,75.29972321516728,NaN,NaN
1640332800,50755.61347770942,51550,50755.61347770942,51099.1575,76.04008680080663,NaN,NaN
1640347200,50927.38548885471,51244.22,50384.43,50894.805,72.41236666987496,NaN,NaN
1640361600,50911.09524442736,51810,50735.87,51157.237499999996,74.11993790749406,NaN,NaN
1640376000,51034.16637221367,51236.15,50500,50920.6375,69.91813180603845,NaN,NaN
1640390400,50977.401936106835,51131.25,50600,50848.845,68.64647988267431,NaN,NaN
1640404800,50913.12346805342,51084.13,50656.43,50875.965,68.87676109916812,NaN,NaN
1640419200,50894.5442340267,51009.29,50555,50791.61,67.22291394561546,NaN,NaN
1640433600,50843.07711701335,50934.78,50631.55,50727.3025,65.92335073851213,NaN,NaN
1640448000,50785.18980850668,51156.23,50142.32,50711.902500000004,65.59630894670951,NaN,NaN
1640462400,50748.546154253345,51080,50335.67,50676.12,64.79200528858955,NaN,NaN
1640476800,50712.33307712668,50712.33307712668,49610,50089.54,53.262657777413004,NaN,NaN
1640491200,50400.93653856334,50400.93653856334,49600.95,49795.99250000001,48.60174487128652,NaN,NaN
1640505600,50098.464519281675,50169.17,49412,49815.1125,48.91531383375353,NaN,NaN
1640520000,49956.78850964084,50281.08,49642.11,49930.355,50.86120549786723,NaN,NaN
1640534400,49943.57175482043,50465.54,49943.57175482043,50218.942500000005,55.438771467603225,NaN,NaN
1640548800,50081.257127410216,51280,49914.73,50578.1825,60.38588550500971,NaN,NaN
1640563200,50329.71981370511,51150,50329.71981370511,50845.875,63.62642249481131,NaN,NaN
1640577600,50587.79740685255,51093.86,50587.79740685255,50857.177500000005,63.76121435359211,NaN,NaN
1640592000,50722.48745342628,50900,50499.77,50713.5125,60.68295296088476,NaN,NaN
1640606400,50717.99997671314,51677,50567.07,51113.525,65.65484475722008,NaN,NaN
1640620800,50915.76248835657,52088,50915.76248835657,51485.80500000001,69.51818079316098,NaN,NaN
1640635200,51200.78374417829,51365.76,50622,50973.4625,59.58458897542867,NaN,NaN
1640649600,51087.12312208915,51087.12312208915,49500,50183.3875,48.15688633815826,NaN,NaN
1640664000,50635.25531104457,50635.25531104457,48657.12,49385.0975,39.84220829556214,NaN,NaN
1640678400,50010.17640552229,50010.17640552229,48755.32,49156.8275,37.830777309206056,NaN,NaN
1640692800,49583.501952761144,49583.501952761144,48301.88,48952.732500000006,36.07705424428156,NaN,NaN
1640707200,49268.11722638058,49268.11722638058,47313.01,48228.6975,30.64900257237379,NaN,NaN
1640721600,48748.40736319029,48748.40736319029,47320,47673.994999999995,27.264494183969504,NaN,NaN
1640736000,48211.20118159514,48211.20118159514,47450.01,47783.46000000001,28.932322014978595,NaN,NaN
1640750400,47997.330590797574,48056.28,47522.89,47787.5525,28.997872243033,NaN,NaN
1640764800,47892.44154539879,48092.1,47398.46,47699.634999999995,28.392015931467782,NaN,NaN
1640779200,47796.03827269939,48030.05,46586.62,47578.4975,27.5382710088884,NaN,NaN
1640793600,47687.2678863497,48038.92,47024.27,47542.78999999999,27.27789065695727,NaN,NaN
1640808000,47615.028943174846,47709.2,46096.99,46854.8675,22.804327592958856,NaN,NaN
1640822400,47234.94822158742,47234.94822158742,45900,46428.365000000005,20.553719129792498,NaN,NaN
1640836800,46831.65661079371,47105.37,46490.01,46770.0225,26.787109038517727,NaN,NaN
1640851200,46800.83955539686,47566,46659.13,47180.322499999995,33.5317693553002,NaN,NaN
1640865600,46990.58102769843,47719.37,46990.58102769843,47378.23,36.567276793160005,NaN,NaN
1640880000,47184.40551384921,47900,47092.13,47427.475,37.33416591960974,NaN,NaN
1640894400,47305.9402569246,47682.07,46729,47272.572499999995,35.865324349826395,NaN,NaN
1640908800,47289.2563784623,47500,46825.38,47162.027500000004,34.81270433429155,NaN,NaN
1640923200,47225.64193923115,47550,46836.86,47194.9475,35.42055455444461,NaN,NaN
1640937600,47210.29471961557,48548.26,47065.3,47695.100000000006,43.96903661043945,NaN,NaN
1640952000,47452.69735980779,48170,47452.69735980779,47995.442500000005,48.38728782162214,NaN,NaN
1640966400,47724.0699299039,48118.45,45678.96,46882.765,36.807596699029546,NaN,NaN
1640980800,47303.41746495195,47303.41746495195,45678,46048.295,30.845677174390985,NaN,NaN
1640995200,46675.85623247597,46949.99,46208.37,46547.1225,37.37571601410957,NaN,NaN
1641009600,46611.48936623798,47555.55,46591.23,47038.68000000001,43.079627617910255,NaN,NaN
1641024000,46825.084683119,47344.69,46715.39,47003.42,42.77863929716183,NaN,NaN
1641038400,46914.2523415595,47491.14,46756.3,47056.3375,43.41758052402189,NaN,NaN
1641052800,46985.29492077975,47954.63,46985.29492077975,47422.38,47.762687132570235,NaN,NaN
1641067200,47203.83746038987,47814,47203.83746038987,47522.165,48.91437830383949,NaN,NaN
1641081600,47363.00123019493,47750,47269.47,47517.9,48.864788808047976,NaN,NaN
1641096000,47440.45061509746,47440.45061509746,46770.23,47172.22,44.89228126166234,NaN,NaN
1641110400,47306.33530754873,47499.45,46970.05,47219.61,45.54585826230958,NaN,NaN
1641124800,47262.97265377437,47447,47013.5,47259.965000000004,46.13174352419351,NaN,NaN
1641139200,47261.46882688718,47990,46654,47223.0375,45.64775141216282,NaN,NaN
1641153600,47242.25316344359,47469.34,46815.17,47119.59,44.24726274060276,NaN,NaN
1641168000,47180.92158172179,47289.11,46722.39,47022.735,42.91955599811008,NaN,NaN
1641182400,47101.828290860896,47211.09,46750,46951.432499999995,41.922251571792216,NaN,NaN
1641196800,47026.630395430446,47431.67,46778,47159.7575,45.879180133604144,NaN,NaN
1641211200,47093.19394771522,47570,46575.25,47054.175,44.234268682652115,NaN,NaN
1641225600,47073.68447385761,47073.68447385761,46263.29,46526.685000000005,37.081265809684645,NaN,NaN
1641240000,46800.18473692881,46800.18473692881,45696,46269.762500000004,34.18192876498689,NaN,NaN
1641254400,46534.973618464406,46549.19,45934.5,46310.94,35.05834422710696,NaN,NaN
1641268800,46422.9568092322,46600.21,45996.26,46365.1075,36.260707271015576,NaN,NaN
1641283200,46394.0321546161,46772.41,46300,46589.042499999996,41.11457507093437,NaN,NaN
1641297600,46491.53732730805,47557.54,46410,46906.6675,47.250454409978815,NaN,NaN
1641312000,46699.10241365402,46984.99,45500,46365.6725,39.66854596516929,NaN,NaN
1641326400,46532.38745682701,46532.38745682701,45760.05,46018.17,35.70527065958508,NaN,NaN
1641340800,46275.278728413505,46549,45722.21,46131.442500000005,37.88380320562431,NaN,NaN
1641355200,46203.36061420676,46527.39,46203.36061420676,46400.8675,42.84452222263711,NaN,NaN
1641369600,46302.114057103376,47070,46110,46464.6225,43.98453252997133,NaN,NaN
1641384000,46383.36827855169,46822.17,45803.67,46379.8425,42.76306045368346,NaN,NaN
1641398400,46381.60538927584,46674.37,44500,45620.7075,33.73040565739582,NaN,NaN
1641412800,46001.15644463792,46001.15644463792,42500,43871.2625,22.129634904910887,NaN,NaN
1641427200,44936.20947231896,44936.20947231896,42803.37,43226.3775,19.471207363527427,NaN,NaN
1641441600,44081.293486159484,44081.293486159484,42600.05,42989.025,18.586218442082554,NaN,NaN
1641456000,43535.15924307975,43535.15924307975,42430.58,42957.0125,18.464322626766048,NaN,NaN
1641470400,43246.08587153987,43267.09,42632.44,42931.9675,18.36285579243271,NaN,NaN
1641484800,43089.02668576993,43508.78,42725.09,43155.4975,22.45851945952215,NaN,NaN
1641499200,43122.262092884965,43581.3,43007.81,43277.3825,24.67753395233656,NaN,NaN
1641513600,43199.82229644248,43199.82229644248,41577.77,42402.2525,20.206363683338452,NaN,NaN
1641528000,42801.03739822124,42801.03739822124,41000,41614.955,17.18903908357636,NaN,NaN
1641542400,42207.996199110625,42883.47,41607.5,42114.075,24.85048649992011,NaN,NaN
1641556800,42161.03559955531,42766.17,40610,41738.475000000006,23.117225352416995,NaN,NaN
1641571200,41949.75529977766,42315.85,40917.66,41579.935,22.406818318110453,NaN,NaN
1641585600,41764.84514988883,42054,41336.82,41683.170000000006,24.04366624324979,NaN,NaN
1641600000,41724.00757494442,42246.37,41558,41795.44,25.87501407954811,NaN,NaN
1641614400,41759.72378747221,41999.99,41739,41865.8725,27.06310097368366,NaN,NaN
1641628800,41812.7981437361,42200,41767.16,41955.2425,28.62633823063659,NaN,NaN
1641643200,41884.020321868054,42063.23,41400,41754.19500000001,27.213310819683016,NaN,NaN
1641657600,41819.10766093403,41819.10766093403,40501,41170.55,23.57520706923154,NaN,NaN
1641672000,41494.82883046701,42300,40720,41382.7,27.375822064799408,NaN,NaN
1641686400,41438.764415233505,42170.11,41388.13,41767.9675,33.813010963236465,NaN,NaN
1641700800,41603.365957616756,42103.31,41603.365957616756,41852.472499999996,35.170365540173236,NaN,NaN
1641715200,41727.91922880837,41990,41410,41762.28,34.360427224847086,NaN,NaN
1641729600,41745.099614404186,41923.39,41200.02,41650.535,33.33611488532328,NaN,NaN
1641744000,41697.817307202095,42740,41556.49,42153.215000000004,41.74866936649884,NaN,NaN
1641758400,41925.51615360105,42786.7,41766.43,42278.255,43.65345710494942,NaN,NaN
1641772800,42101.88557680052,42101.88557680052,41601,41867.565,39.12785261231672,NaN,NaN
1641787200,41984.72528840027,42248.5,41811.7,42017.542499999996,41.51246574558372,NaN,NaN
1641801600,42001.13389420013,42116.61,41455,41794.8325,39.06516542086782,NaN,NaN
1641816000,41897.98319710007,41897.98319710007,39650,40954.095,31.51254580833394,NaN,NaN
1641830400,41426.039098550034,42121.63,40564.89,41242.0025,36.070662026973864,NaN,NaN
1641844800,41334.02079927502,41985,41158.99,41565.907499999994,40.84095327582364,NaN,NaN
1641859200,41449.96414963751,42400.01,41449.96414963751,42011.28,46.7272265987249,NaN,NaN
1641873600,41730.622074818755,42387.78,41730.622074818755,42212.0475,49.18189277933162,NaN,NaN
1641888000,41971.334787409374,42627.66,41575,42056.215,47.35787668975075,NaN,NaN
1641902400,42013.774893704685,42200,41268.93,41753.212499999994,43.94510824974939,NaN,NaN
1641916800,41883.49369685234,43100,41680.44,42371.6025,51.60946867577979,NaN,NaN
1641931200,42127.54809842617,43095.26,42127.54809842617,42848.5,56.54413785961153,NaN,NaN
1641945600,42488.02404921308,42965,42450,42687.3275,54.520611119439465,NaN,NaN
1641960000,42587.67577460654,42867.55,42463.13,42624.34,53.71163106478526,NaN,NaN
1641974400,42606.00788730327,43443.6,42508.69,42862.4675,56.34865798749623,NaN,NaN
1641988800,42734.23769365164,44078.4,42734.23769365164,43362.155000000006,61.327400514759844,NaN,NaN
1642003200,43048.19634682582,43886.26,43048.19634682582,43626.665,63.688399255566964,NaN,NaN
1642017600,43337.430673412906,44322,43337.430673412906,43899.2875,65.99284742143115,NaN,NaN
1642032000,43618.35908670645,44075.42,43422.72,43727.68,63.27086946532713,NaN,NaN
1642046400,43673.01954335322,43795.44,43483.2,43621.155,61.573100003779885,NaN,NaN
1642060800,43647.08727167661,44014.51,43500,43704.2025,62.41973164574242,NaN,NaN
1642075200,43675.64488583831,44500,42871.01,43543.6475,59.68203861814018,NaN,NaN
1642089600,43609.64619291916,43609.64619291916,42535,42983.92,51.24396897464738,NaN,NaN
1642104000,43296.78309645958,43296.78309645958,42311.22,42615.045,46.57090824447067,NaN,NaN
1642118400,42955.91404822979,42955.91404822979,42362.91,42582.2825,46.1682058995785,NaN,NaN
1642132800,42769.09827411489,42978.1,42599.99,42715.4925,48.13207615717771,NaN,NaN
1642147200,42742.29538705744,42742.29538705744,41826.82,42297.15,42.845667913554216,NaN,NaN
1642161600,42519.72269352872,43347.42,41725.95,42548.8275,46.642477739896385,NaN,NaN
1642176000,42534.27509676436,43408,42534.27509676436,43092.9825,53.79018613457558,NaN,NaN
1642190400,42813.62879838218,43448.78,42813.62879838218,43146.667499999996,54.438645571575535,NaN,NaN
1642204800,42980.14814919109,43174,42864.49,43006.60249999999,52.3736332380393,NaN,NaN
1642219200,42993.375324595545,43099.81,42712.94,42957.205,51.629799615085616,NaN,NaN
1642233600,42975.29016229777,43283.83,42884.01,43068.387500000004,53.23954783543384,NaN,NaN
1642248000,43021.83883114889,43406.96,42555,43095.189999999995,53.6400881380384,NaN,NaN
1642262400,43058.51441557444,43564.15,43058.51441557444,43431.7575,58.452809678114875,NaN,NaN
1642276800,43245.13595778722,43800,43071.11,43370.9325,57.295203010504935,NaN,NaN
1642291200,43308.03422889361,43308.03422889361,42838,43013.285,50.910760612271474,NaN,NaN
1642305600,43160.659614446806,43253.68,42850.16,43070.8175,51.8404331842952,NaN,NaN
1642320000,43115.738557223405,43305,42759,43058.625,51.61733118465961,NaN,NaN
1642334400,43087.1817786117,43416.05,42581.79,43046.4175,51.378913531157025,NaN,NaN
1642348800,43066.79963930586,43475,42790.02,43077.3375,51.98387457784358,NaN,NaN
1642363200,43072.068569652925,43263.15,42750.25,42977.4625,49.82726375015424,NaN,NaN
1642377600,43024.76553482647,43176.18,42624.11,42879.8375,47.742314250731035,NaN,NaN
1642392000,42952.30151741323,42967.99,42300,42642.854999999996,43.034833608705384,NaN,NaN
1642406400,42797.57825870661,42900,42567.93,42698.8175,44.428324332974725,NaN,NaN
1642420800,42748.197879353305,42793.16,42385,42581.78,42.10838863899828,NaN,NaN
1642435200,42664.98893967665,42664.98893967665,41822.74,42269.2975,36.6114785994127,NaN,NaN
1642449600,42467.143219838326,42467.143219838326,41540.42,42093.2525,33.92460357714124,NaN,NaN
1642464000,42280.197859919164,42436.66,41972.71,42162.885,35.927573130556425,NaN,NaN
1642478400,42221.54142995959,42337.3,41886.25,42081.505000000005,34.60721541477447,NaN,NaN
1642492800,42151.523214979796,42151.523214979796,41453,41859.494999999995,31.234793523931742,NaN,NaN
1642507200,42005.509107489896,42005.509107489896,41250,41660.35,28.547444729676073,NaN,NaN
1642521600,41832.92955374495,41832.92955374495,41381.66,41616.9025,27.981803357811046,NaN,NaN
1642536000,41724.91602687247,42691,41500.99,42059.924999999996,40.85137895467216,NaN,NaN
1642550400,41892.420513436235,42500,41582.99,42035.38,40.42041132816091,NaN,NaN
1642564800,41963.900256718116,41963.900256718116,41161.2,41501.1625,32.40701363757499,NaN,NaN
1642579200,41732.53137835905,42178.48,41138.56,41659.285,36.42460080829297,NaN,NaN
1642593600,41695.90818917953,42559.13,41695.90818917953,42101.3825,46.07533209406032,NaN,NaN
1642608000,41898.645344589764,42355.9,41697.46,41977.105,44.050980964951016,NaN,NaN
1642622400,41937.87517229488,41993.98,41548,41768.61,40.81141489778754,NaN,NaN
1642636800,41853.24258614744,42082.26,41639.88,41826.777500000004,42.09093538667087,NaN,NaN
1642651200,41840.01004307372,42148,41768.48,41974.94,45.332686020050275,NaN,NaN
1642665600,41907.47502153686,42232.76,41807.94,42057.1125,47.101370484033026,NaN,NaN
1642680000,41982.29376076843,43456,41900.05,42698.5475,58.41230140163186,NaN,NaN
1642694400,42340.420630384215,43505,42340.420630384215,43134.005,64.0346304713653,NaN,NaN
1642708800,42737.212815192106,42996.64,40553.31,41787.042499999996,44.15129522584239,NaN,NaN
1642723200,42262.12765759605,42262.12765759605,38220,39616.6425,28.691666479345372,NaN,NaN
1642737600,40939.38507879803,40939.38507879803,38437.15,38803.6375,25.14052429484437,NaN,NaN
1642752000,39871.511289399015,39871.511289399015,38668.19,39005.67,27.540572104673075,NaN,NaN
1642766400,39438.59064469951,39438.59064469951,37710,38626.9625,25.866485619841356,NaN,NaN
1642780800,39032.77657234976,39071.13,37850,38440.6225,25.059322831184247,NaN,NaN
1642795200,38736.69953617488,38736.69953617488,35440.45,37084.9675,20.136306369281,NaN,NaN
1642809600,37910.83351808744,37910.83351808744,36009.98,36408.037500000006,18.212301956314846,NaN,NaN
1642824000,37159.435509043724,37159.435509043724,35112.84,35819.2775,16.716257419825453,NaN,NaN
1642838400,36489.35650452186,36489.35650452186,34008,35190.695,15.27370151720882,NaN,NaN
1642852800,35840.02575226093,36192.76,34805.32,35310.88,16.75292987686892,NaN,NaN
1642867200,35575.45287613047,35575.45287613047,34243.38,34778.1625,15.464161839654793,NaN,NaN
1642881600,35176.80768806524,35729.03,34415.95,34936.2525,17.492632979236433,NaN,NaN
1642896000,35056.53009403262,35526.28,34811,35114.925,19.833930257985358,NaN,NaN
1642910400,35085.727547016315,35758.64,34940.09,35330.2325,22.681240797397194,NaN,NaN
1642924800,35207.98002350816,36150.76,35207.98002350816,35683.317500000005,27.244892812336175,NaN,NaN
1642939200,35445.648761754084,36080.5,35050.4,35526.192500000005,26.49543128326617,NaN,NaN
1642953600,35485.920630877044,35485.920630877044,34601.01,35027.28,24.217419895240155,NaN,NaN
1642968000,35256.600315438525,36499,34707.58,35556.645000000004,30.996510992864685,NaN,NaN
1642982400,35406.622657719265,36251.5,35160.51,35748.705,33.32685174304473,NaN,NaN
1642996800,35577.66382885963,35577.66382885963,34811.87,35128.095,29.82212983120685,NaN,NaN
1643011200,35352.879414429815,35562.15,33029.54,34294.175,25.88328421083402,NaN,NaN
1643025600,34823.52720721491,34823.52720721491,32917.17,33809.155,23.905629668489,NaN,NaN
1643040000,34316.341103607454,36436,33803.13,35135.71,37.8847431993955,NaN,NaN
1643054400,34726.02555180373,37550,34726.02555180373,36556.97,48.748223555050345,NaN,NaN
1643068800,35641.497775901866,36691.87,35641.497775901866,36433.034999999996,47.96052553703198,NaN,NaN
1643083200,36037.266387950935,36496.62,35701,36166.5325,46.230618896767915,NaN,NaN
1643097600,36101.89944397547,36800,36003.3,36313.3275,47.35697122163093,NaN,NaN
1643112000,36207.61347198773,37149.42,35967.33,36513.1875,48.92567576528925,NaN,NaN
1643126400,36360.400485993865,37545.14,36360.400485993865,36908.6875,51.975457841135864,NaN,NaN
1643140800,36634.54399299693,37103.15,36421.56,36887.54,51.79735494135342,NaN,NaN
1643155200,36761.04199649846,37522.24,36550.2,37105.13,53.560643705055035,NaN,NaN
1643169600,36933.085998249226,37974.43,36933.085998249226,37453.04,56.31248018094831,NaN,NaN
1643184000,37193.06299912461,38248.92,37193.06299912461,37746.2175,58.54191158215291,NaN,NaN
1643198400,37469.640249562304,38499,37469.640249562304,38007.945,60.480780657352206,NaN,NaN
1643212800,37738.792624781156,38919.98,37311.58,37949.1175,59.80378851750174,NaN,NaN
1643227200,37843.95506239058,37843.95506239058,36234.63,37050.167499999996,50.5011285069908,NaN,NaN
1643241600,37447.06128119529,37447.06128119529,35507.01,36284.9875,44.19879174468172,NaN,NaN
1643256000,36866.024390597646,36866.024390597646,35692.61,35978.995,41.94451340336155,NaN,NaN
1643270400,36422.509695298824,36781.79,35815.8,36363.685,45.694468022445754,NaN,NaN
1643284800,36393.09734764941,37199,36393.09734764941,36735.4675,49.11530699315986,NaN,NaN
1643299200,36564.282423824705,36787.77,35883.82,36380.05499999999,46.12411012743371,NaN,NaN
1643313600,36472.16871191235,37234.47,35538.75,36535.6275,47.62765020892149,NaN,NaN
1643328000,36503.89810595618,37467.98,36500,37119.979999999996,52.9401381856023,NaN,NaN
1643342400,36811.93905297809,37500,36777.77,37107.355,52.81548644472771,NaN,NaN
1643356800,36959.647026489045,36959.647026489045,36287.03,36604.3375,47.96916894301512,NaN,NaN
1643371200,36781.99226324452,37300,36155.01,36772.915,49.637042050870775,NaN,NaN
1643385600,36777.453631622266,37376.7,36765.05,37138.4,53.143936354517436,NaN,NaN
1643400000,36957.92681581114,38000,36957.92681581114,37518.515,56.53387983345102,NaN,NaN
1643414400,37238.22090790557,37983.41,37238.22090790557,37721.5725,58.270706193124525,NaN,NaN
1643428800,37479.896703952785,37925,37479.896703952785,37772.2875,58.71442308417035,NaN,NaN
1643443200,37626.09210197639,37923,37544.94,37760.247500000005,58.555236886601726,NaN,NaN
1643457600,37693.169800988195,38198.82,37268.44,37692.535,57.60926122681026,NaN,NaN
1643472000,37692.8524004941,37950,37317.37,37672.0875,57.308177785738515,NaN,NaN
1643486400,37682.46995024705,38720.74,37682.46995024705,38139.197499999995,62.17193931660272,NaN,NaN
1643500800,37910.83372512352,38281.24,37737.49,38025.6725,60.37174921401927,NaN,NaN
1643515200,37968.25311256176,38300,37901.17,38090.82,61.068403157647154,NaN,NaN
1643529600,38029.53655628088,38359.26,37795,38127.315,61.47696051878822,NaN,NaN
1643544000,38078.425778140445,38153.82,37712.05,37988.9975,58.951870540136696,NaN,NaN
1643558400,38033.71163907022,38074.76,37442.52,37751.78,54.795060672882045,NaN,NaN
1643572800,37892.74581953511,38230,37351.63,37743.94,54.65788742118473,NaN,NaN
1643587200,37818.342909767554,37951.07,36632.61,37372.777500000004,48.47137267603049,NaN,NaN
1643601600,37595.560204883775,37595.560204883775,36811.48,37038.975000000006,43.682722762977505,NaN,NaN
1643616000,37317.26760244189,37399.93,36880,37166.7325,45.886242590539126,NaN,NaN
1643630400,37242.000051220944,37900,36724,37403.015,49.79845337496041,NaN,NaN
1643644800,37322.507525610476,38744,37322.507525610476,38138.54,59.59186351384082,NaN,NaN
1643659200,37730.52376280524,38737.99,37730.52376280524,38464.3425,63.03206366246024,NaN,NaN
1643673600,38097.43313140262,38649.9,38097.43313140262,38472.37,63.115387774649186,NaN,NaN
1643688000,38284.90156570131,38644.57,38240,38480.54,63.20628394075557,NaN,NaN
1643702400,38382.72078285065,39100,38000,38491.455,63.336277927310014,NaN,NaN
1643716800,38437.087891425326,39034.47,38190.42,38570.067500000005,64.31418542438837,NaN,NaN
1643731200,38503.577695712665,39265.2,38341.06,38653.667499999996,65.37194904063367,NaN,NaN
1643745600,38578.62259785633,38889,38369,38582.6725,63.646609973846374,NaN,NaN
1643760000,38580.647548928166,38855.92,38374.78,38619.54,64.17537807438225,NaN,NaN
1643774400,38600.09377446408,38600.09377446408,38196.42,38397.3275,58.63910918278685,NaN,NaN
1643788800,38498.71063723204,38597.95,38225,38398.7725,58.664081588135815,NaN,NaN
1643803200,38448.741568616024,38773.41,37361.49,38013.67,49.99981062911228,NaN,NaN
1643817600,38231.20578430801,38231.20578430801,37066.66,37434.335,40.346007701910516,NaN,NaN
1643832000,37832.77039215401,37832.77039215401,36586.95,37178.0025,36.94688753790001,NaN,NaN
1643846400,37505.386446077006,37505.386446077006,36720.01,36871.715,33.33318015143195,NaN,NaN
1643860800,37188.5507230385,37188.5507230385,36780.04,36929.9325,34.641713350604064,NaN,NaN
1643875200,37059.24161151925,37106.91,36250.73,36791.700000000004,32.986142280447055,NaN,NaN
1643889600,36925.47080575963,36976.89,36250,36730.485,32.25107840352376,NaN,NaN
1643904000,36827.977902879815,37104.6,36449.43,36753.947499999995,32.86855522807099,NaN,NaN
1643918400,36790.9627014399,37387,36270,36880.08,36.233281544524395,NaN,NaN
1643932800,36835.52135071995,37445.5,36835.52135071995,37270.457500000004,45.36112094098894,NaN,NaN
1643947200,37052.98942535998,38222,37052.98942535998,37658.479999999996,52.62081504962687,NaN,NaN
1643961600,37355.73471267999,38236.08,37355.73471267999,37919.7825,56.784933416639895,NaN,NaN
1643976000,37637.758606339994,39819.91,37290.2,38602.745,65.35547186980145,NaN,NaN
1643990400,38120.25180317,40877,38120.25180317,40134.67,76.57680375187094,NaN,NaN
1644004800,39127.460901585,41772.33,39127.460901585,41114.335,80.8487972506514,NaN,NaN
1644019200,40120.897950792496,41913.69,40120.897950792496,41526.65,82.31105080644396,NaN,NaN
1644033600,40823.77397539625,41748.18,40823.77397539625,41486.4275,81.65605333042605,NaN,NaN
1644048000,41155.10073769813,41669,41099.92,41394.72749999999,80.09127915851734,NaN,NaN
1644062400,41274.91411884906,41899.54,41274.91411884906,41604.39,80.98833512985215,NaN,NaN
1644076800,41439.65205942453,41854.81,40843.01,41501.1475,79.0983174545095,NaN,NaN
1644091200,41470.399779712265,41771.85,41349.81,41512.2875,79.15484496843845,NaN,NaN
1644105600,41491.34363985613,41640,41340.35,41451.747500000005,77.92151877192917,NaN,NaN
1644120000,41471.54556992807,41714.18,41305.29,41518.957500000004,78.3252850188803,NaN,NaN
1644134400,41495.25153496404,41700.01,41444,41569.582500000004,78.64212119123192,NaN,NaN
1644148800,41532.41701748202,42168,41116.56,41581.5125,78.72106015848725,NaN,NaN
1644163200,41556.96475874101,41747.4,41417.23,41600.512500000004,78.85510088727597,NaN,NaN
1644177600,41578.738629370506,42656,41478.86,42058.415,81.82631463426777,NaN,NaN
1644192000,41818.57681468525,42944.2,41645.85,42447.4775,83.89679721976958,NaN,NaN
1644206400,42133.02715734263,43000,42133.02715734263,42773.72,85.39896381814961,NaN,NaN
1644220800,42453.373578671315,42767.69,42234.09,42611.43,81.33438157848377,NaN,NaN
1644235200,42532.40178933566,43895.02,42490.02,43235.16499999999,84.40627546524692,NaN,NaN
1644249600,42883.78339466783,44500.5,42883.78339466783,44018.45,87.24513589220592,NaN,NaN
1644264000,43451.11669733391,44438.93,43451.11669733391,44068.532499999994,87.40304624041885,NaN,NaN
1644278400,43759.82459866695,44185,43555.72,43939.82,84.50737807095734,NaN,NaN
1644292800,43849.82229933348,45492,43849.82229933348,44649.825000000004,87.05507187589834,NaN,NaN
1644307200,44249.82364966674,44919.77,43520.96,44321.00749999999,80.45633581815,NaN,NaN
1644321600,44285.415574833365,44285.415574833365,42854.81,43565.182499999995,67.74490766304697,NaN,NaN
1644336000,43925.299037416684,43925.299037416684,42666,43194.792499999996,62.53112389888034,NaN,NaN
1644350400,43560.04576870834,44393.36,42938.36,43593.81,65.60241957750284,NaN,NaN
1644364800,43576.92788435417,44341.88,43117.92,43711.52,66.47543166455256,NaN,NaN
1644379200,43644.22394217708,43918.52,43125,43548.6375,64.05285997373714,NaN,NaN
1644393600,43596.43072108854,43939,43181.91,43661.0275,65.00065264426968,NaN,NaN
1644408000,43628.72911054427,44471.4,43617.61,43918.025,67.1345544808513,NaN,NaN
1644422400,43773.37705527214,44700,43579.66,44152.68,68.99344416190105,NaN,NaN
1644436800,43963.02852763607,44799,43963.02852763607,44456.7375,71.26166960313046,NaN,NaN
1644451200,44209.883013818035,44400,43542.14,44022.56749999999,64.05589657905583,NaN,NaN
1644465600,44116.22525690901,44131.6,43575.22,43893.66499999999,62.04980292795125,NaN,NaN
1644480000,44004.94512845451,45177.96,44004.94512845451,44540.085,67.53990050891493,NaN,NaN
1644494400,44272.51506422725,45669.71,43174.01,44656.2275,68.42376847583382,NaN,NaN
1644508800,44464.37128211363,45821,44341.07,44870.79,70.04644961577782,NaN,NaN
1644523200,44667.58064105682,44667.58064105682,43333.42,43950.9875,56.614825938049044,NaN,NaN
1644537600,44309.28407052841,44309.28407052841,42600,43297.2525,49.3689904546215,NaN,NaN
1644552000,43803.2682852642,43803.2682852642,42814.23,43233.155,48.71071623709962,NaN,NaN
1644566400,43518.2116426321,43600,42851,43291.9425,49.37740871535967,NaN,NaN
1644580800,43405.077071316045,43920,43253.31,43549.9625,52.30763298408322,NaN,NaN
1644595200,43477.51978565802,43767.16,42050,43057.2025,46.74296216475003,NaN,NaN
1644609600,43267.36114282901,43267.36114282901,41938.51,42480.1125,41.213232778420185,NaN,NaN
1644624000,42873.73682141451,42873.73682141451,42156.99,42326.21,39.85897727879723,NaN,NaN
1644638400,42599.97341070726,42599.97341070726,41688.88,42127.3925,38.11648682185662,NaN,NaN
1644652800,42363.68295535363,42459.06,41888.82,42214.575000000004,39.36819798764364,NaN,NaN
1644667200,42289.12897767682,42445.85,41800.13,42194.097499999996,39.16780124536702,NaN,NaN
1644681600,42241.61323883841,43079.49,41995.2,42465.270000000004,43.28495243534812,NaN,NaN
1644696000,42353.4416194192,42752.99,41700,42333.3325,41.802526115119406,NaN,NaN
1644710400,42343.387059709596,42508.47,42057.26,42253.4,40.88887340573782,NaN,NaN
1644724800,42298.3935298548,42490.01,42119.35,42312.9375,41.90735146646412,NaN,NaN
1644739200,42305.6655149274,42654.64,42243.48,42445.310000000005,44.20899715277576,NaN,NaN
1644753600,42375.48775746371,42760,42138.17,42482.215,44.86486726215597,NaN,NaN
1644768000,42428.85137873185,42580,41870,42260.2825,41.690812543458456,NaN,NaN
1644782400,42344.56693936593,42497.85,41929.42,42128.024999999994,39.880104634424384,NaN,NaN
1644796800,42236.295969682964,42236.295969682964,41550.56,41925.17,37.21063370248146,NaN,NaN
1644811200,42080.73298484148,42368.21,41734.7,42083.4375,40.55398755741866,NaN,NaN
1644825600,42082.08524242074,42415,41922.48,42192.4425,42.81257118296615,NaN,NaN
1644840000,42137.263871210365,42842.4,41961.13,42375.3025,46.485732578660695,NaN,NaN
1644854400,42256.28318560518,42818.35,41803.17,42331.45,45.727199765441135,NaN,NaN
1644868800,42293.86659280259,42800,41933.95,42347.3,46.069736245121334,NaN,NaN
1644883200,42320.583296401295,43700,42320.583296401295,43057.6825,58.66239828202557,NaN,NaN
1644897600,42689.13289820065,43781.97,42689.13289820065,43609.5975,65.41846457491141,NaN,NaN
1644912000,43149.36519910033,44425.85,43149.36519910033,43989.9225,69.15908192001564,NaN,NaN
1644926400,43569.643849550164,44500,43569.643849550164,44239.1475,71.34634233540687,NaN,NaN
1644940800,43904.39567477508,44259.37,43846.07,44074.59,67.92111980199168,NaN,NaN
1644955200,43989.49283738754,44751.4,43941.28,44307.869999999995,70.11171712776027,NaN,NaN
1644969600,44148.68141869377,44549.97,43877.18,44235.815,68.55449492124202,NaN,NaN
1644984000,44192.248209346886,44192.248209346886,43673.92,44005.28999999999,63.681334252973095,NaN,NaN
1644998400,44098.76910467344,44327.55,43876,44140.222499999996,65.23891763554647,NaN,NaN
1645012800,44119.49580233672,44214.11,43307,43823.2225,58.85307837601503,NaN,NaN
1645027200,43971.35915116836,44344.64,43350,43878.315,59.59333473500416,NaN,NaN
1645041600,43924.83707558418,44376.58,43823.09,44073.305,62.18631014129988,NaN,NaN
1645056000,43999.07103779209,44164.71,43575.04,43799.09,56.677941373751935,NaN,NaN
1645070400,43899.080518896044,43950,43350,43699.865,54.786822137582014,NaN,NaN
1645084800,43799.47275944802,44022.36,42900,43501.4675,51.11443718763907,NaN,NaN
1645099200,43650.47012972401,43650.47012972401,41700,42532.535,37.79131288760495,NaN,NaN
1645113600,43091.50256486201,43091.50256486201,40750.02,41497.02,29.070413746740314,NaN,NaN
1645128000,42294.261282431005,42294.261282431005,40073.21,40749.337499999994,24.647679648529362,NaN,NaN
1645142400,41521.7993912155,41521.7993912155,40300,40614.4225,23.939913323077533,NaN,NaN
1645156800,41068.110945607754,41068.110945607754,40493.31,40657.932499999995,24.690972956018342,NaN,NaN
1645171200,40863.021722803875,40959.88,40101.01,40476.41,23.642084202731468,NaN,NaN
1645185600,40669.71586140194,40799,39616.72,40106.675,21.62683407969385,NaN,NaN
1645200000,40388.19543070097,40438.27,39450,39984.2725,20.988983420519844,NaN,NaN
1645214400,40186.23396535049,40286.09,39711.31,40047.1575,22.25758586375214,NaN,NaN
1645228800,40116.695732675245,40307.22,39915.89,40080.67,22.967419840794093,NaN,NaN
1645243200,40098.68286633762,40444.32,40060.88,40223.509999999995,26.066054277525367,NaN,NaN
1645257600,40161.09643316881,40301.11,39648.6,40013.9875,24.508719341237395,NaN,NaN
1645272000,40087.54196658441,40087.54196658441,39639.03,39882.1075,23.55478426832896,NaN,NaN
1645286400,39984.824733292204,40345.62,39850,40035.05,27.09857560214033,NaN,NaN
1645300800,40009.9373666461,40140,39800,39998.457500000004,26.778718352397874,NaN,NaN
1645315200,40004.197433323054,40125.44,39700,39924.8,26.11062585711275,NaN,NaN
1645329600,39964.49871666153,39964.49871666153,38581.1,39253.979999999996,20.977572793961684,NaN,NaN
1645344000,39609.239358330764,39609.239358330764,38000,38494.2,16.920308586638427,NaN,NaN
1645358400,39051.719679165384,39051.719679165384,38022,38329.2575,16.188312061415246,NaN,NaN
1645372800,38690.48858958269,38690.48858958269,38180.1,38355.4575,16.803994290144175,NaN,NaN
1645387200,38522.973044791346,38979.12,38048.49,38452.92999999999,19.182599709809196,NaN,NaN
1645401600,38487.95152239567,39388,38182.98,38719.28,25.454466619232548,NaN,NaN
1645416000,38603.615761197834,39494.35,38603.615761197834,39154.232500000006,34.40658857631438,NaN,NaN
1645430400,38878.92413059892,39362.15,37348.49,38395.50749999999,28.073349980962988,NaN,NaN
1645444800,38637.21581529945,39283.07,37213.63,38225.185,26.87731883120709,NaN,NaN
1645459200,38431.200407649725,39141.41,37500,38401.1375,30.18631973362787,NaN,NaN
1645473600,38416.16895382486,38448.27,36800,37597.9075,24.692866320112785,NaN,NaN
1645488000,38007.03822691243,38007.03822691243,36350,36854.3925,20.901119555497743,NaN,NaN
1645502400,37430.71536345621,37430.71536345621,36515.87,36782.205,20.57084366396286,NaN,NaN
1645516800,37106.46018172811,37865,36756.53,37228.165,28.126854383852304,NaN,NaN
1645531200,37167.31259086405,38298.48,37167.31259086405,37713.0575,35.33041079237,NaN,NaN
1645545600,37440.18504543202,38169.08,37380,37843.575000000004,37.15620030196943,NaN,NaN
1645560000,37641.88002271601,38429,37641.88002271601,38119.91500000001,40.9570306570261,NaN,NaN
1645574400,37880.89751135801,38354.56,37528.33,37965.9725,39.52297775290238,NaN,NaN
1645588800,37923.435005679006,38213.11,37712.93,37956.9675,39.43599375497538,NaN,NaN
1645603200,37940.2012528395,39125.47,37940.2012528395,38535.165,47.43543986578261,NaN,NaN
1645617600,38237.68312641975,39249.93,38237.68312641975,38748.8375,50.06054226535826,NaN,NaN
1645632000,38493.260313209874,38780,37536,38111.08,43.13608736310913,NaN,NaN
1645646400,38302.17015660494,38302.17015660494,37036.79,37424.7425,37.17639132936684,NaN,NaN
1645660800,37863.45632830247,37863.45632830247,34720.53,36083.8125,28.803406933701083,NaN,NaN
1645675200,36973.63441415124,36973.63441415124,34322.28,35021.765,24.16183144221442,NaN,NaN
1645689600,35997.69970707562,35997.69970707562,34818.09,35364.3375,28.18203367643531,NaN,NaN
1645704000,35681.018603537814,36100,35035,35624.2975,31.164076803485997,NaN,NaN
1645718400,35652.65805176891,37366.36,35652.65805176891,36577.07,40.856937951227145,NaN,NaN
1645732800,36114.86402588445,39843,36114.86402588445,38189.057499999995,52.93267187099644,NaN,NaN
1645747200,37151.960762942224,39030.01,37151.960762942224,38605.14750000001,55.460598133446084,NaN,NaN
1645761600,37878.554131471115,38942.46,37878.554131471115,38655.92,55.77274629558991,NaN,NaN
1645776000,38267.23706573556,38876.91,38014.37,38525.635,54.71310633760496,NaN,NaN
1645790400,38396.43603286778,39683.53,38396.43603286778,39134.8625,58.66764821240918,NaN,NaN
1645804800,38765.64926643389,39588.82,38537.91,39054.582500000004,57.94954605259636,NaN,NaN
1645819200,38910.115883216946,39600,38601,39024.075,57.66070994840534,NaN,NaN
1645833600,38967.09544160847,40348.45,38967.09544160847,39508.520000000004,60.98610532635265,NaN,NaN
1645848000,39237.80772080424,39468.73,38910.11,39242.292499999996,58.277213786039454,NaN,NaN
1645862400,39240.05011040212,39546,38573.18,39061.847499999996,56.447096401448164,NaN,NaN
1645876800,39150.94880520106,39378.6,38772.15,39073.6575,56.54328570528066,NaN,NaN
1645891200,39112.30315260053,39440,38823.08,39183.215000000004,57.48142064727502,NaN,NaN
1645905600,39147.759076300266,39700,38911,39245.46,58.035708500643615,NaN,NaN
1645920000,39196.609538150136,39256.58,38189.19,38792.3275,52.65430085797621,NaN,NaN
1645934400,38994.46851907507,38994.46851907507,38458.8,38683.130000000005,51.41698835227246,NaN,NaN
1645948800,38838.79925953754,39548.17,38621.57,39110.115000000005,55.79155829756537,NaN,NaN
1645963200,38974.45712976877,39855.7,38565.14,39314.417499999996,57.75177957090684,NaN,NaN
1645977600,39144.43731488439,39450.94,37500,38478.615,48.313677760653285,NaN,NaN
1645992000,38811.52615744219,38811.52615744219,37000,37650.715000000004,41.141397850356626,NaN,NaN
1646006400,38231.12057872109,38483.53,37450.17,37856.645000000004,43.39246173834624,NaN,NaN
1646020800,38043.88278936055,38478.28,37451.56,38017.805,45.16011364495605,NaN,NaN
1646035200,38030.84389468028,38672.96,38030.84389468028,38360.725,48.82216654515155,NaN,NaN
1646049600,38195.784447340135,40898,37934.89,39497.875,58.6766380628189,NaN,NaN
1646064000,38846.82972367007,41463.41,38846.82972367007,41077.7475,67.91908813802777,NaN,NaN
1646078400,39962.28861183503,44225.84,39962.28861183503,42490.9225,73.60577129377289,NaN,NaN
1646092800,41226.605555917515,43750,41226.605555917515,43228.2275,75.99646254996969,NaN,NaN
1646107200,42227.41652795876,43562.35,42227.41652795876,43310.792499999996,76.25582381352763,NaN,NaN
1646121600,42769.10451397938,43887,42769.10451397938,43449.975,76.71262139841258,NaN,NaN
1646136000,43109.53975698969,44949,43109.53975698969,43888.1625,78.13857438529132,NaN,NaN
1646150400,43498.85112849485,44078.65,43111.46,43638.322499999995,75.30713418198829,NaN,NaN
1646164800,43568.58681424742,44506.65,43568.58681424742,44082.875,76.91039501489978,NaN,NaN
1646179200,43825.73090712371,44750,43819.97,44328.954999999994,77.77078387651807,NaN,NaN
1646193600,44077.34295356185,44534.79,43653.63,44121.5375,75.22628846501668,NaN,NaN
1646208000,44099.44022678092,44341.25,43738.27,44038.972499999996,74.18579058870563,NaN,NaN
1646222400,44069.20636339046,45400,43334.09,44240.975,75.09346545582864,NaN,NaN
1646236800,44155.090681695234,44498.02,43433,43940.4875,71.08914241469715,NaN,NaN
1646251200,44047.78909084762,44380,43681.3,43914.67250000001,70.7401441224615,NaN,NaN
1646265600,43981.23079542381,44063.15,43193.52,43613.8575,66.63494602205722,NaN,NaN
1646280000,43797.5441477119,43797.5441477119,42915.06,43348.675,63.15550524803784,NaN,NaN
1646294400,43573.10957385595,43621.22,43064.46,43386.2375,63.44666325487988,NaN,NaN
1646308800,43479.67353692798,44101.12,42348.56,43094.8125,59.51700995069538,NaN,NaN
1646323200,43287.24301846399,43287.24301846399,42055.64,42394.93,51.299477892402976,NaN,NaN
1646337600,42841.086509231995,42841.086509231995,41832.28,42304.167499999996,50.32900228931549,NaN,NaN
1646352000,42572.62700461599,42572.62700461599,41069.91,41875.287500000006,45.909361643893504,NaN,NaN
1646366400,42223.957252308,42223.957252308,41100,41371.5975,41.3201056964509,NaN,NaN
1646380800,41797.777376154,41904.88,40863.01,41466.735,42.489500750626455,NaN,NaN
1646395200,41632.256188077,41833,40550.04,41184.855,39.94924349391353,NaN,NaN
1646409600,41408.5555940385,41408.5555940385,39665.72,40275.207500000004,33.07677467484477,NaN,NaN
1646424000,40841.88154701925,40841.88154701925,38550,39340.067500000005,27.78498502358225,NaN,NaN
1646438400,40090.97452350963,40090.97452350963,38564.04,38990.3125,26.102928328806087,NaN,NaN
1646452800,39540.64351175481,39540.64351175481,38407.59,38903.86,25.68895232887587,NaN,NaN
1646467200,39222.251755877405,39294.47,38784.69,39056.3725,27.86245344452118,NaN,NaN
1646481600,39139.3121279387,39371.15,38889.75,39137.622500000005,29.05299123573276,NaN,NaN
1646496000,39138.46731396935,39613.24,39122.33,39332.32,31.951163596232874,NaN,NaN
1646510400,39235.39365698467,39583.66,39235.39365698467,39424.14,33.334266144958704,NaN,NaN
1646524800,39329.766828492335,39693.87,39275,39416.845,33.276397585165654,NaN,NaN
1646539200,39373.30591424617,39656.89,38814.73,39289.93,32.22816023326973,NaN,NaN
1646553600,39331.61795712309,39387.57,38088.57,38804.045000000006,28.523628502970922,NaN,NaN
1646568000,39067.83147856155,39067.83147856155,38296.12,38641.8425,27.39168365481254,NaN,NaN
1646582400,38854.836989280775,39368.4,38518.56,38855.06,31.253748023916657,NaN,NaN
1646596800,38854.94849464038,39273.79,38127,38623.0625,29.42007435377343,NaN,NaN
1646611200,38739.00549732019,38739.00549732019,37578.03,38106.0325,25.788733040400786,NaN,NaN
1646625600,38422.518998660096,38422.518998660096,37760.08,37943.065,24.751686965776372,NaN,NaN
1646640000,38182.791999330046,38399.54,37649.46,38070.322499999995,27.21312105091772,NaN,NaN
1646654400,38126.55724966502,39285,38126.55724966502,38757.645000000004,38.848047169061154,NaN,NaN
1646668800,38442.10112483251,39547.57,37192.78,38280.195,34.69873427718122,NaN,NaN
1646683200,38361.14806241625,38517.82,37155,37742.44,30.718989987979924,NaN,NaN
1646697600,38051.79403120813,38972.08,37867.65,38380.9025,39.579548925576916,NaN,NaN
1646712000,38216.34826560406,38831.7,38001,38519.2625,41.33067667472646,NaN,NaN
1646726400,38367.80538280203,39186.58,38367.80538280203,38794.425,44.7595723778308,NaN,NaN
1646740800,38581.11519140101,39226.99,38307.07,38793.8625,44.753814118587215,NaN,NaN
1646755200,38687.48884570051,39362.08,38139.84,38731.284999999996,44.074496297597314,NaN,NaN
1646769600,38709.38692285025,38897.68,38388.73,38695.4775,43.66605710630494,NaN,NaN
1646784000,38702.432211425126,41448.84,38656.45,40013.4125,58.79974130799583,NaN,NaN
1646798400,39357.922355712566,41884,39357.922355712566,41527.637500000004,69.07806489717201,NaN,NaN
1646812800,40442.77992785629,42438.81,40442.77992785629,42001.9625,71.47837266744318,NaN,NaN
1646827200,41222.37121392814,42594.06,41222.37121392814,42223.39,72.54961786029916,NaN,NaN
1646841600,41722.88060696407,42558.96,41722.88060696407,42264.4475,72.75396264633032,NaN,NaN
1646856000,41993.66405348203,42320,41683.06,42037.354999999996,69.66491742503827,NaN,NaN
1646870400,42015.509526741014,42039.63,40545.08,41323.729999999996,60.912535882862976,NaN,NaN
1646884800,41669.6197633705,41669.6197633705,38848.48,39922.7025,48.12831980214119,NaN,NaN
1646899200,40796.16113168525,40796.16113168525,38782.14,39103.685,42.511333606965756,NaN,NaN
1646913600,39949.923065842624,40292.44,38539.73,39272.025,43.959061300569616,NaN,NaN
1646928000,39610.97403292131,39610.97403292131,38904.63,39270.4475,43.947892425600244,NaN,NaN
1646942400,39440.71076646066,39680,39050,39395.95,45.14206789145568,NaN,NaN
1646956800,39418.33038323033,39439.65,38223.6,38950.0575,41.7396512961657,NaN,NaN
1646971200,39184.193941615165,39348.87,38337.03,38883.24,41.238061128567196,NaN,NaN
1646985600,39033.71697080758,40219.34,38806.86,39512.995,47.6262789267771,NaN,NaN
1647000000,39273.35598540379,40236.26,38908,39529.65,47.78794247305366,NaN,NaN
1647014400,39401.50299270189,39401.50299270189,38500,38866.9225,42.2052899523426,NaN,NaN
1647028800,39134.212746350946,39177.48,38308.83,38752.115,41.305076198876336,NaN,NaN
1647043200,38943.16387317547,39327.99,38660.52,38951.755,43.55948019183998,NaN,NaN
1647057600,38947.459436587735,39261.46,38931.8,39096.795,45.20608156779414,NaN,NaN
1647072000,39022.12721829387,39284.46,38957.47,39106.520000000004,45.32126828570919,NaN,NaN
1647086400,39064.32360914694,39262.95,38678.22,39015.595,44.38186097273328,NaN,NaN
1647100800,39039.959304573465,39486.71,38930.71,39122.3875,45.80278538629973,NaN,NaN
1647115200,39081.17340228673,39210,38730.67,38944.5275,43.795954675993215,NaN,NaN
1647129600,39012.850451143364,39276.28,38703.73,38995.36,44.54380856074698,NaN,NaN
1647144000,39004.10522557168,39310,39004.10522557168,39165.71,47.084865713436095,NaN,NaN
1647158400,39084.90761278584,39129.22,38601.81,38890.4775,43.60811192151508,NaN,NaN
1647172800,38987.692556392925,39074.93,38370,38780.515,42.2653271443122,NaN,NaN
1647187200,38884.10377819646,39067,38851,38930.755,44.76773245035063,NaN,NaN
1647201600,38907.42938909823,38907.42938909823,37578.51,38273.475,37.17611272848473,NaN,NaN
1647216000,38590.452194549114,38590.452194549114,37555,37958.537500000006,34.18480497843247,NaN,NaN
1647230400,38274.49484727456,39184.66,38126.29,38633.4825,44.49281865934973,NaN,NaN
1647244800,38453.98867363728,39299.98,38453.98867363728,39029.855,49.49545665383358,NaN,NaN
1647259200,38741.92183681864,39174.79,38612.01,38912.1725,48.10911483936933,NaN,NaN
1647273600,38827.04716840932,39055,38415.4,38811.915,46.903794097527985,NaN,NaN
1647288000,38819.48108420466,39947.12,38606.41,39259.770000000004,52.61492454507664,NaN,NaN
1647302400,39039.62554210233,39804.68,38636.7,39220.29,52.08308613263837,NaN,NaN
1647316800,39129.957771051166,39129.957771051166,38098.33,38574.2125,44.2078697787037,NaN,NaN
1647331200,38852.08513552559,38852.08513552559,38254.35,38531.4,43.73594266368665,NaN,NaN
1647345600,38691.74256776279,39270.24,38465.7,38849.515,48.163923259144696,NaN,NaN
1647360000,38770.628783881395,39805.43,38770.628783881395,39371.1,54.48837180632804,NaN,NaN
1647374400,39070.8643919407,39887.61,39070.8643919407,39534.065,56.28308072234809,NaN,NaN
1647388800,39302.46469597035,41718,38828.48,39746.7025,58.578327959636944,NaN,NaN
1647403200,39524.583597985176,39676.65,38911,39332.1625,52.76243961036505,NaN,NaN
1647417600,39428.37304899259,40731.3,39428.37304899259,40099.385,60.565950453447535,NaN,NaN
1647432000,39763.879024496295,41194.6,39763.879024496295,40644.9825,64.99461839805839,NaN,NaN
1647446400,40204.43076224814,40950,39311.53,40438.3425,62.14783484069443,NaN,NaN
1647460800,40321.38663112407,41471.36,40321.38663112407,41057.93,66.83802428616204,NaN,NaN
1647475200,40689.65831556203,41393.01,40689.65831556203,41085.4325,67.03329155648055,NaN,NaN
1647489600,40887.54540778101,41478.82,40543.52,40940.774999999994,64.86965595854906,NaN,NaN
1647504000,40914.160203890504,40914.160203890504,40500,40718.6225,61.58231668110138,NaN,NaN
1647518400,40816.39135194525,41233.27,40704.89,40871.30499999999,62.97119861630869,NaN,NaN
1647532800,40843.84817597262,40890.11,40565.39,40781.4775,61.56111340829176,NaN,NaN
1647547200,40812.66283798631,41068.9,40639.77,40874.6075,62.49870696182774,NaN,NaN
1647561600,40843.635168993154,40933.11,40215.59,40647.195,58.73146055572046,NaN,NaN
1647576000,40745.41508449658,40897,40432.35,40605.55,58.04149909483146,NaN,NaN
1647590400,40675.48254224829,40750,40135.04,40461.53,55.60851133301744,NaN,NaN
1647604800,40568.50627112415,41072.96,40300,40673.61,58.375527148870106,NaN,NaN
1647619200,40621.058135562074,42063.97,40621.058135562074,41485.6875,66.88681586581896,NaN,NaN
1647633600,41053.37281778104,42325.02,41053.37281778104,41937.65,70.50198763879453,NaN,NaN
1647648000,41495.511408890525,42000,41495.511408890525,41762.615000000005,67.43156328948453,NaN,NaN
1647662400,41629.063204445265,41944.64,41535.22,41720.8775,66.68577347158006,NaN,NaN
1647676800,41674.970352222634,41791.52,41575.06,41674.587499999994,65.81634785245657,NaN,NaN
1647691200,41674.778926111314,42085.62,41652.9,41849.494999999995,67.53850844223902,NaN,NaN
1647705600,41762.13696305566,42163.5,41762.13696305566,41984.52,68.84346131298012,NaN,NaN
1647720000,41873.32848152783,42400,41715.43,42087.8575,69.84265105144326,NaN,NaN
1647734400,41980.592990763915,42296.26,41770.38,42052.5275,69.02758684335373,NaN,NaN
1647748800,42016.56024538196,42016.56024538196,41751.99,41891.49,65.28760161268605,NaN,NaN
1647763200,41954.025122690975,41954.025122690975,41575,41740.96,61.91088264755615,NaN,NaN
1647777600,41847.49256134548,41847.49256134548,41252.67,41469.705,56.26369963919363,NaN,NaN
1647792000,41658.59878067274,41658.59878067274,40911,41283.29,52.70566670146433,NaN,NaN
1647806400,41470.94439033637,41677.65,41092.02,41352.7025,53.875318447944466,NaN,NaN
1647820800,41411.823445168186,41451.51,40467.94,41003.6225,47.51149495018178,NaN,NaN
1647835200,41207.72297258409,41207.72297258409,40714.81,40946.48,46.5423351365361,NaN,NaN
1647849600,41077.10148629204,41492.14,41077.10148629204,41230.6075,51.80643884978921,NaN,NaN
1647864000,41153.85449314602,41544.22,40738.48,41187.8625,50.992895202192905,NaN,NaN
1647878400,41170.85849657301,41240.31,40759.18,41101.130000000005,49.3011483383224,NaN,NaN
1647892800,41135.99424828651,41370,40950,41125.6975,49.80909084225323,NaN,NaN
1647907200,41130.845874143255,42497,40875.51,41652.8075,59.2439159873069,NaN,NaN
1647921600,41391.82668707163,43361,41391.82668707163,42452.1025,68.81641549408596,NaN,NaN
1647936000,41921.96459353581,43030.2,41921.96459353581,42578.722499999996,70.01778476096128,NaN,NaN
1647950400,42250.34354676791,43199,42250.34354676791,42829.2725,72.29248823119109,NaN,NaN
1647964800,42539.80802338396,42711.37,42263.01,42458.14750000001,64.48790321464381,NaN,NaN
1647979200,42498.97776169198,42872.17,42258.68,42444.845,64.22027828485042,NaN,NaN
1647993600,42471.911380845995,42529.99,41884,42213.015,59.57974391871604,NaN,NaN
1648008000,42342.463190423,42342.463190423,41751.47,42048.13,56.45513643818523,NaN,NaN
1648022400,42195.2965952115,42345.32,41878.82,42092.9125,57.11299782342046,NaN,NaN
1648036800,42144.10454760575,42737.39,41881,42319.085,60.36944309441941,NaN,NaN
1648051200,42231.59477380288,42775.1,42050.37,42415.11,61.699149356417806,NaN,NaN
1648065600,42323.35238690144,43025.96,42189.73,42578.810000000005,63.9215504947783,NaN,NaN
1648080000,42451.08119345072,43276.12,42451.08119345072,42880.4375,67.64666805727734,NaN,NaN
1648094400,42665.75934672536,43478,42665.75934672536,42995.369999999995,68.96173005117161,NaN,NaN
1648108800,42830.56467336268,43220,42830.56467336268,43026.7725,69.3285622103163,NaN,NaN
1648123200,42928.668586681335,44036.93,42560.46,43391.455,73.2783086939559,NaN,NaN
1648137600,43160.06179334067,44220.89,43160.06179334067,43971.572499999995,78.10788045894243,NaN,NaN
1648152000,43565.817146670335,44100,43565.817146670335,43951.759999999995,77.59209374804965,NaN,NaN
1648166400,43758.788573335165,44398.53,43758.788573335165,44053.1325,78.37881406852034,NaN,NaN
1648180800,43905.96053666758,44200,43901.1,43993.56,76.67514957147534,NaN,NaN
1648195200,43949.76026833379,44664.2,43579,44183.362499999996,78.29399738171415,NaN,NaN
1648209600,44066.5613841669,45094.14,44066.5613841669,44546.329999999994,81.00853638178963,NaN,NaN
1648224000,44306.44569208345,44596.29,44013.11,44343.14,75.32918454450295,NaN,NaN
1648238400,44324.792846041724,44646.06,44230.59,44408.6875,75.91578048179846,NaN,NaN
1648252800,44366.740173020866,44453.48,44071.97,44308.16,73.04716495551946,NaN,NaN
1648267200,44337.450086510435,44548.24,44337.450086510435,44452.082500000004,74.53098401332957,NaN,NaN
1648281600,44394.76629325522,44578,44318.94,44435.375,74.02153347181641,NaN,NaN
1648296000,44415.07064662761,44415.07064662761,44153.94,44272.8825,69.07615150886988,NaN,NaN
1648310400,44343.976573313805,44464.92,44140.76,44294.6175,69.37092380757403,NaN,NaN
1648324800,44319.297036656906,44792.99,44255,44481.68749999999,71.8574117263743,NaN,NaN
1648339200,44400.49226832845,44950,44400.49226832845,44664.5975,74.07362823834096,NaN,NaN
1648353600,44532.54488416423,44759.17,44532.54488416423,44687.0625,74.34089400005762,NaN,NaN
1648368000,44609.80369208212,44747.94,44469.38,44630.22,72.30970833335019,NaN,NaN
1648382400,44620.01184604106,44933.45,44421.46,44695.4825,73.21459719939172,NaN,NaN
1648396800,44657.74717302053,45036.04,44657.74717302053,44866.0575,75.470844348514,NaN,NaN
1648411200,44761.90233651026,46999,44678.12,45833.885,83.80595148282634,NaN,NaN
1648425600,45297.89366825513,47650,45297.89366825513,47047.68,88.90016528848389,NaN,NaN
1648440000,46172.78683412756,47371.99,46172.78683412756,47031.865,88.50948627008383,NaN,NaN
1648454400,46602.325917063776,47383.05,46602.325917063776,47117.70250000001,88.79724913259432,NaN,NaN
1648468800,46860.014208531895,47908.05,46860.014208531895,47426.66,89.78851586482399,NaN,NaN
1648483200,47143.33710426595,48189.84,47143.33710426595,47717.32,90.62863329590606,NaN,NaN
1648497600,47430.328552132974,48094.11,46885.44,47514.51,85.3520377999231,NaN,NaN
1648512000,47472.41927606649,47606.01,47050,47278.32,79.5437109860313,NaN,NaN
1648526400,47375.36963803324,47753.75,47320.65,47438.475,80.51213402593714,NaN,NaN
1648540800,47406.92231901662,47963.24,47334.69,47634.62,81.65743530391957,NaN,NaN
1648555200,47520.77115950831,48096.47,47345,47694.39,82.00449971585394,NaN,NaN
1648569600,47607.580579754154,47871.02,47105.5,47529.502499999995,77.64009284609074,NaN,NaN
1648584000,47568.54153987707,47726,46950.85,47453.285,75.63622515675434,NaN,NaN
1648598400,47510.91326993854,47510.91326993854,46445.42,47193.2075,69.08393902187167,NaN,NaN
1648612800,47352.06038496927,47580,47140.46,47385.09,71.07486739942328,NaN,NaN
1648627200,47368.57519248463,47500,47064.81,47317.29,69.37485312751627,NaN,NaN
1648641600,47342.93259624232,47344.5,46869,47173.557499999995,65.78267387176645,NaN,NaN
1648656000,47258.245048121156,47700.22,46831.81,47191.685,66.02163432178494,NaN,NaN
1648670400,47224.96502406058,47292.68,46850,47071.14,62.87701660917592,NaN,NaN
1648684800,47148.05251203029,47425.21,46973.91,47140.667499999996,63.94374605910322,NaN,NaN
1648699200,47144.360006015144,47170.71,46898.12,47081.285,62.29722731578905,NaN,NaN
1648713600,47112.82250300757,47386.7,47000,47174.865000000005,63.87584006824084,NaN,NaN
1648728000,47143.84375150379,47600,46230,46858.9525,55.43720685251785,NaN,NaN
1648742400,47001.39812575189,47001.39812575189,45500,46007.1075,40.06646152767192,NaN,NaN
1648756800,46504.252812875944,46504.252812875944,45200,45535.5775,34.38347319894724,NaN,NaN
1648771200,46019.91515643797,46019.91515643797,44200,44988.7975,29.209664986879005,NaN,NaN
1648785600,45504.356328218986,45504.356328218986,44547.11,44818.39750000001,27.805454435470736,NaN,NaN
1648800000,45161.376914109496,45323.91,44990.48,45098.582500000004,33.46901541304413,NaN,NaN
1648814400,45129.97970705475,46720.09,44701.01,45754.3375,44.45230952772982,NaN,NaN
1648828800,45442.15860352738,46602,45442.15860352738,46347.4125,52.14668509658032,NaN,NaN
1648843200,45894.78555176369,46439.56,45894.78555176369,46290.145,51.406217070625125,NaN,NaN
1648857600,46092.46527588184,47213,46081.93,46544.587499999994,54.49778141138168,NaN,NaN
1648872000,46318.52638794092,46684.4,46318.52638794092,46569.862499999996,54.805370274016525,NaN,NaN
1648886400,46444.19444397045,46753.15,46444.19444397045,46592.62,55.099680623525664,NaN,NaN
1648900800,46518.407221985224,46941.11,46130.03,46477.259999999995,53.208154779974485,NaN,NaN
1648915200,46497.83361099261,46497.83361099261,45620,46130.5775,47.88770247041235,NaN,NaN
1648929600,46314.2055554963,46350,45756.94,46009.5475,46.15264929551286,NaN,NaN
1648944000,46161.87652774815,46161.87652774815,45530.92,45837.7475,43.730567999312896,NaN,NaN
1648958400,45999.81201387408,46570,45927.83,46201.22750000001,49.740286526947656,NaN,NaN
1648972800,46100.51975693704,46446.8,46076.92,46285.034999999996,51.03872498162422,NaN,NaN
1648987200,46192.77737846852,46723,46188,46394.02,52.74829681615771,NaN,NaN
1649001600,46293.39868923426,46770.65,46220.16,46452.2,53.678145425268205,NaN,NaN
1649016000,46372.79934461713,47444.11,46248.84,46626.4475,56.44274839054001,NaN,NaN
1649030400,46499.62342230856,46499.62342230856,45744.77,46154.6775,48.076543194832944,NaN,NaN
1649044800,46327.15046115428,46327.15046115428,45834.39,46076.7975,46.84219440055796,NaN,NaN
1649059200,46201.97398057714,46287.97,45787,46102.265,47.318524090937984,NaN,NaN
1649073600,46152.11949028857,46359,45555,45926.990000000005,44.371631225978575,NaN,NaN
1649088000,46039.55474514428,46039.55474514428,45118,45654.4975,40.181928628475305,NaN,NaN
1649102400,45847.02612257214,46890.71,45626.02,46255.7525,51.14383329858157,NaN,NaN
1649116800,46051.38931128607,46777.77,46051.38931128607,46604.1775,56.15779791710578,NaN,NaN
1649131200,46327.78340564303,46884.49,46327.78340564303,46697.5325,57.41873493314422,NaN,NaN
1649145600,46512.657952821515,46740,46512.657952821515,46663.972499999996,56.78644715862187,NaN,NaN
1649160000,46588.315226410756,47200,45667.4,46328.6225,50.77013297717996,NaN,NaN
1649174400,46458.46886320537,46458.46886320537,45457.89,45861.28,43.80497602924746,NaN,NaN
1649188800,46159.874431602686,46159.874431602686,45353.81,45747.8575,42.28864171307967,NaN,NaN
1649203200,45953.86596580134,45953.86596580134,44412,45158.0225,35.42178524888064,NaN,NaN
1649217600,45555.94423290067,45555.94423290067,45119,45279.515,37.66698996370741,NaN,NaN
1649232000,45417.729616450335,45453.94,44665.91,45053.770000000004,35.21694030796672,NaN,NaN
1649246400,45235.74980822517,45235.74980822517,43705.64,44423.2925,29.45455192369087,NaN,NaN
1649260800,44829.52115411259,44829.52115411259,43177.11,43849.662500000006,25.384770431339078,NaN,NaN
1649275200,44339.5918270563,44339.5918270563,43121,43521.7825,23.394972543859154,NaN,NaN
1649289600,43930.68716352815,43930.68716352815,42727.35,43187.7375,21.54228482953677,NaN,NaN
1649304000,43559.21233176408,43559.21233176408,43210.47,43373.895000000004,25.101960086355348,NaN,NaN
1649318400,43466.55366588204,43834.52,43269.5,43579.024999999994,28.92847728010969,NaN,NaN
1649332800,43522.789332941014,43900.99,43024.86,43506.10249999999,28.373515069801556,NaN,NaN
1649347200,43514.445916470504,43819.99,43266.68,43451.85249999999,27.944028362118758,NaN,NaN
1649361600,43483.14920823525,43750,43208,43447.78,27.909874446435083,NaN,NaN
1649376000,43465.464604117624,43694.15,43305.57,43512.47,29.386265518411463,NaN,NaN
1649390400,43488.96730205881,43780.32,43416.74,43641.63249999999,32.36466697601719,NaN,NaN
1649404800,43565.2999010294,43970.62,43260.76,43573.425,31.606523917466575,NaN,NaN
1649419200,43569.3624505147,43961.99,42751.01,43414.950000000004,29.85654475026851,NaN,NaN
1649433600,43492.15622525735,43714.97,42414,43126.955,26.937611887977553,NaN,NaN
1649448000,43309.555612628676,43309.555612628676,42107.14,42490.1725,21.850827748140375,NaN,NaN
1649462400,42899.86405631434,42899.86405631434,42125.48,42306.0925,20.637596721651065,NaN,NaN
1649476800,42602.97827815717,42640,42341.79,42460.72,24.4331221542228,NaN,NaN
1649491200,42531.849139078586,42540,42322.72,42447.225,24.32378717473418,NaN,NaN
1649505600,42489.53706953929,42522.44,42158.67,42346.7425,23.48122279110487,NaN,NaN
1649520000,42418.13978476965,42631.69,42183.6,42395.0625,24.82968704303947,NaN,NaN
1649534400,42406.601142384825,42800,42390,42613.979999999996,30.78127996188455,NaN,NaN
1649548800,42510.29057119241,42896.64,42510.29057119241,42756.83,34.42949028474811,NaN,NaN
1649563200,42633.560285596206,42799,42575.4,42698.4275,33.648654192578874,NaN,NaN
1649577600,42665.9938927981,42716.75,42433.49,42616.0475,32.52802479457786,NaN,NaN
1649592000,42641.02069639905,42850,42525,42700.705,34.92645515361552,NaN,NaN
1649606400,42670.862848199526,43310.15,42659.64,42988.26,42.414325476598535,NaN,NaN
1649620800,42829.56142409977,43410.3,41868,42668.23,37.27375365568956,NaN,NaN
1649635200,42748.89571204988,42748.89571204988,41755,42109.945,30.360820961559412,NaN,NaN
1649649600,42429.420356024944,42429.420356024944,42084.56,42212.9525,32.83592691267475,NaN,NaN
1649664000,42321.18642801247,42350,40968.11,41672.869999999995,27.347649044112828,NaN,NaN
1649678400,41997.02821400623,41997.02821400623,40560,40863.94,21.540340559328683,NaN,NaN
1649692800,41430.48410700312,41430.48410700312,39770.35,40308.50750000001,18.61705692865361,NaN,NaN
1649707200,40869.49580350156,40869.49580350156,39200,39746.3475,16.21805549557061,NaN,NaN
1649721600,40307.92165175078,40307.92165175078,39290,39605.1325,15.67174151598094,NaN,NaN
1649736000,39956.52707587539,40196.39,39624.71,39938.0525,22.315610049346034,NaN,NaN
1649750400,39947.2897879377,40464,39947.2897879377,40260.515,28.214981339941716,NaN,NaN
1649764800,40103.90239396885,40699,39800,40264.0325,28.278963382675528,NaN,NaN
1649779200,40183.967446984425,40376.8,39261.39,39780.1025,24.980185552982036,NaN,NaN
1649793600,39982.03497349221,40289.02,39254.63,39730.4225,24.662129344592856,NaN,NaN
1649808000,39856.22873674611,40275,39588.54,40003.634999999995,29.944785526176418,NaN,NaN
1649822400,39929.93186837305,40228.41,39858.34,40073.2,31.26633496406619,NaN,NaN
1649836800,40001.565934186525,40212.75,39656.1,39930.369999999995,30.014388446971807,NaN,NaN
1649851200,39965.96796709326,41411,39622.87,40478.67,39.95413672460444,NaN,NaN
1649865600,40222.31898354663,41561.31,40222.31898354663,41151.947499999995,49.44841469177356,NaN,NaN
1649880000,40687.133241773314,41404.58,40687.133241773314,41152.92,49.460845146519326,NaN,NaN
1649894400,40920.02662088665,41500,40920.02662088665,41258.0325,50.867131605857935,NaN,NaN
1649908800,41089.02956044333,41413.11,41089.02956044333,41290.4175,51.316601827694384,NaN,NaN
1649923200,41189.723530221665,41324.93,40851.5,41092.02,48.395727921576274,NaN,NaN
1649937600,41140.87176511083,41300,39925.21,40527.30499999999,41.206271571657005,NaN,NaN
1649952000,40834.08838255541,40834.08838255541,39551.94,39840.192500000005,34.49210730481117,NaN,NaN
1649966400,40337.140441277705,40337.140441277705,39662.46,39849.4775,34.64707188170465,NaN,NaN
1649980800,40093.30897063886,40207.25,39766.4,40029.24,37.71890029274692,NaN,NaN
1649995200,40061.27448531943,40449.96,39953.2,40210.885,40.74952905521428,NaN,NaN
1650009600,40136.07974265971,40399,40036.06,40223.6225,40.96645961177466,NaN,NaN
1650024000,40179.851121329855,40870.36,39900,40350.64,43.19974020933033,NaN,NaN
1650038400,40265.24556066493,40650.01,40203.68,40394.8125,43.993260174700524,NaN,NaN
1650052800,40330.029030332465,40602,40281.35,40437.15,44.78939741133049,NaN,NaN
1650067200,40383.58951516623,40709.35,40383.58951516623,40526.53,46.517845583713836,NaN,NaN
1650081600,40455.05975758312,40563.46,40353.54,40436.22,44.98539803991491,NaN,NaN
1650096000,40445.63987879156,40492.91,40277,40395.1575,44.27126005171799,NaN,NaN
1650110400,40420.39868939578,40577.57,39991.55,40262.185000000005,41.94888620089695,NaN,NaN
1650124800,40341.29184469789,40341.29184469789,40005.78,40132.1125,39.75214375833182,NaN,NaN
1650139200,40236.702172348945,40699.55,40185.45,40368.43,45.351429049577995,NaN,NaN
1650153600,40302.56608617447,40423,40122.05,40288.6525,43.86918476671245,NaN,NaN
1650168000,40295.60929308723,40430,40226.55,40293.1425,43.980158777573,NaN,NaN
1650182400,40294.37589654361,40529.79,40280,40389.9275,46.43837496646372,NaN,NaN
1650196800,40342.1516982718,40595.67,40200,40426.435,47.3764064722699,NaN,NaN
1650211200,40384.2933491359,40476.07,39833.31,40281.284999999996,44.07162764019412,NaN,NaN
1650225600,40332.78917456795,40459.52,39546.17,40013.5675,38.708360111719486,NaN,NaN
1650240000,40173.17833728397,40173.17833728397,39580.05,39742.0775,34.16743344859111,NaN,NaN
1650254400,39957.627918641985,39957.627918641985,38536.51,39279.192500000005,28.112112684856697,NaN,NaN
1650268800,39618.410209320995,39618.410209320995,38799,38963.97,24.878567384507164,NaN,NaN
1650283200,39291.1901046605,39620.8,38998.54,39218.095,31.69922089966336,NaN,NaN
1650297600,39254.642552330246,41116.73,39000,40012.9775,47.69613284464134,NaN,NaN
1650312000,39633.81002616513,41099,39633.81002616513,40803.33,58.18338962598135,NaN,NaN
1650326400,40218.570013082564,41263.43,40218.570013082564,40839.8375,58.5963540443674,NaN,NaN
1650340800,40529.20375654128,40883.99,40529.20375654128,40707.979999999996,56.428789837304734,NaN,NaN
1650355200,40618.59187827064,41026.89,40580,40744.33,56.902095598933336,NaN,NaN
1650369600,40681.46093913532,41760,40662.26,41138.8575,61.75770421892167,NaN,NaN
1650384000,40910.159219567664,41547.65,40910.159219567664,41394.6725,64.54687704998915,NaN,NaN
1650398400,41152.41585978383,41539.9,41152.41585978383,41415.8125,64.77551053557707,NaN,NaN
1650412800,41284.11417989191,41541.23,41229.96,41412.630000000005,64.70785700426865,NaN,NaN
1650427200,41348.37208994596,41631.47,41261.58,41404.81,64.52951196637363,NaN,NaN
1650441600,41376.59104497298,42199,41302.02,41732.765,68.45606983842468,NaN,NaN
1650456000,41554.67802248649,42173.38,41054.1,41644.805,66.33505560058401,NaN,NaN
1650470400,41599.74151124325,41599.74151124325,40820,41182.0175,56.42872258196274,NaN,NaN
1650484800,41390.879505621626,41645.09,41140,41334.292499999996,58.61853713034616,NaN,NaN
1650499200,41362.586002810815,41785.48,41320.47,41539.43000000001,61.430757122746584,NaN,NaN
1650513600,41451.00800140541,41940,41419.2,41727.1175,63.85129127633163,NaN,NaN
1650528000,41589.06275070271,42690,41589.06275070271,42181.6975,68.93621186463625,NaN,NaN
1650542400,41885.38012535135,42976,41885.38012535135,42409.2475,71.12575367433838,NaN,NaN
1650556800,42147.313812675675,42184.04,41207.22,41686.3525,57.30646956641814,NaN,NaN
1650571200,41916.83315633784,41916.83315633784,39751,40689.875,44.47786184958286,NaN,NaN
1650585600,41303.35407816892,41303.35407816892,40232.63,40468.235,42.214258320505955,NaN,NaN
1650600000,40885.79453908446,40885.79453908446,40293,40574.9375,43.699775651837875,NaN,NaN
1650614400,40730.36601954223,40783.54,40138.03,40554.1775,43.465654478386604,NaN,NaN
1650628800,40642.271759771116,40642.271759771116,39320.02,39994.79,37.61746888146843,NaN,NaN
1650643200,40318.530879885555,40318.530879885555,39177,39475.035,33.153918955460796,NaN,NaN
1650657600,39896.78293994278,39896.78293994278,39401,39612.0825,35.3327926607614,NaN,NaN
1650672000,39754.43271997139,39872.64,39406.25,39612.775,35.34426089436678,NaN,NaN
1650686400,39683.6038599857,39687.77,39285,39509.19,34.36260279844393,NaN,NaN
1650700800,39596.39692999285,39686.64,39501.41,39597.99,36.003562536809895,NaN,NaN
1650715200,39597.193464996424,39820.62,39535.22,39687.855,37.700985401977626,NaN,NaN
1650729600,39642.52423249821,39980,39642.52423249821,39796.515,39.78083895195539,NaN,NaN
1650744000,39719.519616249105,39948.27,39327.58,39618.189999999995,37.56440252359156,NaN,NaN
1650758400,39668.85480812455,39828,39414.18,39615.090000000004,37.52526086666234,NaN,NaN
1650772800,39641.97240406228,39815.42,39629.99,39743.3375,40.29686837907126,NaN,NaN
1650787200,39692.65495203114,39803.74,39544.91,39677.285,39.32911110476804,NaN,NaN
1650801600,39684.96997601557,39940,39351.58,39639.295,38.752661429465256,NaN,NaN
1650816000,39662.13248800779,39807.94,38929.62,39524.447499999995,36.98767551904237,NaN,NaN
1650830400,39593.28999400389,39771.6,39426.01,39587.87,38.649422351335986,NaN,NaN
1650844800,39590.57999700194,39590.57999700194,38674,39219.667499999996,33.17889346106789,NaN,NaN
1650859200,39405.12374850097,39405.12374850097,38200,38790.975,28.17807132182122,NaN,NaN
1650873600,39098.049374250484,39098.049374250484,38209.36,38610.865,26.379131531130696,NaN,NaN
1650888000,38854.45718712524,39420,38578.6,38951.912500000006,34.85955972251358,NaN,NaN
1650902400,38903.18484356262,40384.61,38903.18484356262,39624.7275,47.66689611357906,NaN,NaN
1650916800,39263.95617178131,40616,39263.95617178131,40328.600000000006,57.157000899812765,NaN,NaN
1650931200,39796.27808589066,40773.65,39796.27808589066,40527.31250000001,59.39563497620923,NaN,NaN
1650945600,40161.79529294533,40690.47,40161.79529294533,40546.317500000005,59.61299131166278,NaN,NaN
1650960000,40354.05639647267,40797.31,40229.41,40519.5625,59.13309002021987,NaN,NaN
1650974400,40436.80944823634,40625,38550,39551.4925,45.01304982721784,NaN,NaN
1650988800,39994.150974118165,39994.150974118165,37842.49,38390.7425,34.404850936278095,NaN,NaN
1651003200,39192.44673705909,39192.44673705909,37702.26,38137.085,32.59695295854867,NaN,NaN
1651017600,38664.76586852955,38664.76586852955,37881.31,38206,33.617559133811966,NaN,NaN
1651032000,38435.38293426477,39113.72,38311.3,38720.2325,40.81858617706627,NaN,NaN
1651046400,38577.80771713238,39221.65,38577.80771713238,38999.33,44.347239896288514,NaN,NaN
1651060800,38788.56885856619,39474.72,38435.95,38983.405,44.18535355133557,NaN,NaN
1651075200,38885.9869292831,39309,38668.2,38960.307499999995,43.934844779889836,NaN,NaN
1651089600,38923.14721464155,39399.99,38831.73,39081.4275,45.67419230827011,NaN,NaN
1651104000,39002.287357320776,39689.49,39002.287357320776,39355.06,49.48690282918964,NaN,NaN
1651118400,39178.67367866039,39660,39178.67367866039,39403.39,50.1523387306965,NaN,NaN
1651132800,39291.03183933019,39882.38,39291.03183933019,39576.5825,52.56395218448296,NaN,NaN
1651147200,39433.807169665095,40300,38881.43,39574.6875,52.5340041564142,NaN,NaN
1651161600,39504.247334832544,40372.63,39314.05,39777.1425,55.4540673617586,NaN,NaN
1651176000,39640.69491741627,40216.27,39606.92,39887.2575,57.003406058547206,NaN,NaN
1651190400,39763.97620870813,39925.25,39286.01,39621.582500000004,52.27892761253444,NaN,NaN
1651204800,39692.77935435407,39692.77935435407,39368.97,39538.3575,50.85695504627694,NaN,NaN
1651219200,39615.56842717703,39634.12,38616.46,39152.565,44.776952764091114,NaN,NaN
1651233600,39384.066713588516,39406.37,38634.52,38948.822499999995,41.926249971395414,NaN,NaN
1651248000,39166.444606794255,39166.444606794255,38175,38647.427500000005,38.06552934675055,NaN,NaN
1651262400,38906.936053397134,38906.936053397134,38310.9,38475.979999999996,36.03288592015596,NaN,NaN
1651276800,38691.458026698565,38795.38,38551.12,38649.744999999995,39.555782678760494,NaN,NaN
1651291200,38670.60151334928,38778.79,38493.52,38644.755,39.488525754450954,NaN,NaN
1651305600,38657.67825667464,38688.72,38536.66,38613.935000000005,39.04692417105128,NaN,NaN
1651320000,38635.80662833732,38638.38,38156.04,38460.245,36.83477032300974,NaN,NaN
1651334400,38548.025814168665,38610.15,38201.78,38436.33,36.48835883457431,NaN,NaN
1651348800,38492.17790708433,38492.17790708433,37578.2,38035.6625,31.195141827527422,NaN,NaN
1651363200,38263.92020354216,38263.92020354216,37386.38,37783.93,28.406908012075647,NaN,NaN
1651377600,38023.92510177108,38165.12,37885.3,38015.5325,34.23129414540773,NaN,NaN
1651392000,38019.72880088554,38094.16,37866.62,37968.4575,33.632374797412055,NaN,NaN
1651406400,37994.09315044277,38641.46,37841.9,38229.034999999996,39.90062401711292,NaN,NaN
1651420800,38111.56407522138,38675,37750,38180.72,39.16206481523734,NaN,NaN
1651435200,38146.14203761069,38630,37686.26,38148.12,38.64232123733444,NaN,NaN
1651449600,38147.13101880535,38810.73,38147.13101880535,38582.39,48.45593816265511,NaN,NaN
1651464000,38364.76050940267,39167.34,38364.76050940267,38830.7375,53.07786040059352,NaN,NaN
1651478400,38597.74900470134,39075,38482.41,38741.909999999996,51.30578316526359,NaN,NaN
1651492800,38669.829502350665,39155.47,38242.51,38655.7025,49.575879337471925,NaN,NaN
1651507200,38662.76600117533,38868.88,38052,38545.0775,47.368688351995075,NaN,NaN
1651521600,38603.921750587666,38908.56,38280.76,38569.4675,47.919229881567,NaN,NaN
1651536000,38586.694625293836,38625,38317.06,38497.215,46.37174955963221,NaN,NaN
1651550400,38541.954812646916,38579.77,38385.67,38511.765,46.744718603471306,NaN,NaN
1651564800,38526.85990632346,38651.51,38261.16,38510.6675,46.718325367279185,NaN,NaN
1651579200,38518.763703161734,38607.09,38152,38413.865000000005,44.34025340160622,NaN,NaN
1651593600,38466.31435158087,38466.31435158087,37517.8,37989.427500000005,35.74809161145458,NaN,NaN
1651608000,38227.87092579044,38227.87092579044,37530.01,37753.229999999996,32.02856255666728,NaN,NaN
1651622400,37990.55046289522,38100,37670,37878.1425,35.83111219919829,NaN,NaN
1651636800,37934.34648144761,38757.27,37934.34648144761,38354.115,47.81179213300351,NaN,NaN
1651651200,38144.230740723804,39100,38144.230740723804,38868.405,57.12628073711732,NaN,NaN
1651665600,38506.317870361905,39182,38506.317870361905,38954.11749999999,58.457055848463355,NaN,NaN
1651680000,38730.21768518095,40023.77,38590.97,39361.79,64.1558586470904,NaN,NaN
1651694400,39046.00384259048,39942.35,39046.00384259048,39776.53,68.83909062469563,NaN,NaN
1651708800,39411.26692129524,39798.09,39411.26692129524,39688.54,66.84369053756603,NaN,NaN
1651723200,39549.90346064762,39845.51,39516.92,39670.167499999996,66.41082465503973,NaN,NaN
1651737600,39610.03548032381,39629.85,39407.17,39529.675,63.048517503402024,NaN,NaN
1651752000,39569.85524016191,39569.85524016191,36514.29,38115.615000000005,40.70851719125473,NaN,NaN
1651766400,38842.73512008096,38842.73512008096,35571.9,36529.8925,28.509163855347637,NaN,NaN
1651780800,37686.313810040476,37686.313810040476,36132.85,36400.457500000004,27.777430554341947,NaN,NaN
1651795200,37043.38565502024,37043.38565502024,36163.44,36463.465000000004,28.736305295008364,NaN,NaN
1651809600,36753.42532751012,36753.42532751012,35833.01,36304.19,27.733907606411407,NaN,NaN
1651824000,36528.80766375506,36528.80766375506,35587.1,36063.6275,26.24482819233566,NaN,NaN
1651838400,36296.21758187753,36436.2,35258,35869.8425,25.07679357946064,NaN,NaN
1651852800,36083.030040938764,36239.4,35834.03,36019.777500000004,27.755852108026914,NaN,NaN
1651867200,36051.403770469384,36116.81,35863.59,35998.877499999995,27.60766057230451,NaN,NaN
1651881600,36025.14063523469,36077.98,35760,35915.99,26.99215244732858,NaN,NaN
1651896000,35970.565317617344,35970.565317617344,35722.24,35854.277500000004,26.51811182057314,NaN,NaN
1651910400,35912.421408808674,36146.3,35879.96,36000.92999999999,29.6786863413016,NaN,NaN
1651924800,35956.67570440433,36085.5,35866,35992.457500000004,29.599476972150725,NaN,NaN
1651939200,35974.56660220217,35997.14,35852.06,35922.0075,28.908580848551722,NaN,NaN
1651953600,35948.287051101084,35948.287051101084,34785,35502.5325,25.145083836861247,NaN,NaN
1651968000,35725.40977555054,35725.40977555054,34210,34919.215,21.042592641789355,NaN,NaN
1651982400,35322.312387775266,35322.312387775266,34318.46,34586.935,19.12811370026688,NaN,NaN
1651996800,34954.62369388763,34954.62369388763,34501.57,34688.81,21.48665206954641,NaN,NaN
1652011200,34821.71684694382,34843.01,34301.01,34572.0475,20.740072518751973,NaN,NaN
1652025600,34696.88217347191,34763.34,33713.95,34355.71,19.395392311905766,NaN,NaN
1652040000,34526.29608673595,34640,33930,34299.01,19.046840281248578,NaN,NaN
1652054400,34412.65304336797,34412.65304336797,33267.26,33777.9875,16.171004125081964,NaN,NaN
1652068800,34095.32027168399,34095.32027168399,33340.29,33566.2825,15.168809613248968,NaN,NaN
1652083200,33830.801385841994,33830.801385841994,32650.39,33268.24249999999,13.865963263879593,NaN,NaN
1652097600,33549.521942921,33549.521942921,32061.29,32737.335,11.904493525132935,NaN,NaN
1652112000,33143.4284714605,33143.4284714605,30334.07,31552.155,8.883416861557436,NaN,NaN
1652126400,32347.79173573025,32347.79173573025,30033.33,30737.5625,7.478621258649568,NaN,NaN
1652140800,31542.677117865125,31542.677117865125,29730.4,30477.649999999998,7.093190673700988,NaN,NaN
1652155200,31010.16355893256,32658.99,30600,31377.83,22.072802771356137,NaN,NaN
1652169600,31193.99677946628,32016.66,31193.99677946628,31622.1725,25.580284088713327,NaN,NaN
1652184000,31408.08463973314,32383.8,30819.98,31536.505,25.15282472204305,NaN,NaN
1652198400,31472.29481986657,31805.15,30962.9,31354.52,24.226662120537497,NaN,NaN
1652212800,31413.407409933287,31413.407409933287,30147.78,30962.0775,22.318195059339146,NaN,NaN
1652227200,31187.742454966643,31691.89,30626.22,31135.295,25.121987189506953,NaN,NaN
1652241600,31161.518727483322,31888.85,30200,30977.447500000002,24.26258931227501,NaN,NaN
1652256000,31069.483113741662,32162.59,30376.61,31171.835,27.549565739971044,NaN,NaN
1652270400,31120.65905687083,32000,29039.54,30887.5725,25.787085272003566,NaN,NaN
1652284800,31004.115778435415,31131.58,29190,30167.8525,21.956978992878106,NaN,NaN
1652299200,30585.984139217708,30585.984139217708,27785,28978.445,17.36637752398117,NaN,NaN
1652313600,29782.214569608856,30243,28367.07,29030.04,18.16564892813369,NaN,NaN
1652328000,29406.12728480443,29406.12728480443,26700,27985.870000000003,15.00292250108474,NaN,NaN
1652342400,28695.998642402214,29294,27477.7,28359.52,20.347214020121655,NaN,NaN
1652356800,28527.759321201105,29813,27902.95,28802.55,26.26693536865713,NaN,NaN
1652371200,28665.15466060055,29967.03,28186.74,28954.045,28.231137613602243,NaN,NaN
1652385600,28809.599830300274,29300,28001,28742.6875,27.144680231708563,NaN,NaN
1652400000,28776.143665150135,30800,28751.67,29790.987500000003,39.56719862405526,NaN,NaN
1652414400,29283.56558257507,31083.37,29283.56558257507,30497.820000000003,46.225185139092844,NaN,NaN
1652428800,29890.692791287536,30767.38,29890.692791287536,30444.43,45.81460098222306,NaN,NaN
1652443200,30167.561395643766,31033,30167.561395643766,30567.170000000002,46.980523906678094,NaN,NaN
1652457600,30367.365697821886,30537.78,29382.66,30086.1375,43.06917050688811,NaN,NaN
1652472000,30226.751598910945,30226.751598910945,29200,29677.5775,40.02149569663539,NaN,NaN
1652486400,29952.164549455472,29952.164549455472,29219.37,29475.25,38.56606606473817,NaN,NaN
1652500800,29713.707274727734,29713.707274727734,29200,29453.295,38.40286434710684,NaN,NaN
1652515200,29583.501137363866,29599.51,28830,29233.8325,36.729664155196346,NaN,NaN
1652529600,29408.666818681933,29408.666818681933,28660.76,28953.337499999998,34.651608513358354,NaN,NaN
1652544000,29181.002159340966,29942.82,28630,29182.4125,37.74918820649377,NaN,NaN
1652558400,29181.707329670484,30343.27,29181.707329670484,29767.2,44.92611284281071,NaN,NaN
1652572800,29474.453664835244,30273.21,29474.453664835244,29908.7675,46.533157945183206,NaN,NaN
1652587200,29691.610582417623,30061.54,29480,29772.2975,45.16498035398385,NaN,NaN
1652601600,29731.95404120881,30327.68,29547.48,29985.655,47.751462532291306,NaN,NaN
1652616000,29858.804520604404,30561.37,29782.01,30149.5775,49.71398242741357,NaN,NaN
1652630400,30004.191010302202,30500,29936.49,30226.9575,50.656191828916874,NaN,NaN
1652644800,30115.5742551511,31460,30115.5742551511,30900.4975,58.02807478838428,NaN,NaN
1652659200,30508.035877575552,31328.9,30211.32,30798.085,56.64239888571919,NaN,NaN
1652673600,30653.060438787776,30653.060438787776,29258,29912.107500000002,46.334262315764384,NaN,NaN
1652688000,30282.58396939389,30282.58396939389,29433.9,29795.935,45.173384578588035,NaN,NaN
1652702400,30039.259484696944,30252.77,29313.48,29798.44,45.20526412588389,NaN,NaN
1652716800,29918.849742348473,29985.3,29087.04,29581.399999999998,42.87888279410869,NaN,NaN
1652731200,29750.124871174237,30259.78,29543.46,29813.4875,46.07469434085416,NaN,NaN
1652745600,29781.80618558712,30508,29780.97,30131.642499999998,50.188867532482966,NaN,NaN
1652760000,29956.72434279356,30578.14,29956.72434279356,30399.5775,53.41242515039244,NaN,NaN
1652774400,30178.15092139678,30788.37,30178.15092139678,30447.775,53.98925540356222,NaN,NaN
1652788800,30312.96296069839,30748,29944.48,30291.425,51.75077725029871,NaN,NaN
1652803200,30302.193980349195,30320,29450.38,30005.3025,47.84156118903532,NaN,NaN
1652817600,30153.7482401746,30669,30045.85,30314.22,52.05281213893416,NaN,NaN
1652832000,30233.984120087298,30709.99,29732.49,30179.7025,50.153869092507655,NaN,NaN
1652846400,30206.84331004365,30206.84331004365,29682.97,29878.7825,46.102093888453524,NaN,NaN
1652860800,30042.812905021827,30046.79,29742.99,29883.4025,46.173990544141,NaN,NaN
1652875200,29963.10770251091,29963.10770251091,28875,29400.81,40.149260130944626,NaN,NaN
1652889600,29681.958851255455,29681.958851255455,28750,29137.43,37.28959742236592,NaN,NaN
1652904000,29409.694425627727,29411.07,28654.47,29014.3525,35.99923676008248,NaN,NaN
1652918400,29212.023462813864,29337.52,28691.38,28985.252500000002,35.684819821650066,NaN,NaN
1652932800,29098.637981406933,29432.8,29029.88,29212.895,40.09277230787733,NaN,NaN
1652947200,29155.766490703467,29540,28855.42,29271.9375,41.218059581693645,NaN,NaN
1652961600,29213.85199535173,30545.18,29213.85199535173,29947.065,52.26055637559001,NaN,NaN
1652976000,29580.458497675863,30456.56,29580.458497675863,30193.777500000004,55.546917497423294,NaN,NaN
1652990400,29887.117998837934,30486.57,29887.117998837934,30180.9125,55.3330102259423,NaN,NaN
1653004800,30034.015249418968,30777.33,30034.015249418968,30350.515,57.648493208470825,NaN,NaN
1653019200,30192.265124709484,30362.16,29850.51,30161.1125,54.26538464153239,NaN,NaN
1653033600,30176.68881235474,30535.4,30110.04,30329.0625,56.692392333199294,NaN,NaN
1653048000,30252.87565617737,30449.98,29071.39,29772.082499999997,47.65962159180824,NaN,NaN
1653062400,30012.479078088683,30012.479078088683,28730,29133.420000000002,39.82423928388729,NaN,NaN
1653076800,29572.94953904434,29572.94953904434,29123.77,29251.9325,41.73836174921229,NaN,NaN
1653091200,29412.44101952217,29412.44101952217,28947.28,29188.497499999998,40.98683918094021,NaN,NaN
1653105600,29300.469259761085,29566,29205.23,29363.144999999997,43.97763117260425,NaN,NaN
1653120000,29331.80712988054,29481.1,29168.68,29340.239999999998,43.66507780897639,NaN,NaN
1653134400,29336.023564940268,29645.7,29190,29419.0425,45.11043930881008,NaN,NaN
1653148800,29377.533032470135,29656.18,29377.533032470135,29515.895,46.91321113743354,NaN,NaN
1653163200,29446.71401623507,29538.66,29311.07,29439.777499999997,45.64440030625804,NaN,NaN
1653177600,29443.245758117533,29545.75,29331.26,29421.395,45.325577190315805,NaN,NaN
1653192000,29432.320379058765,29457.89,29255.11,29379.57,44.56288093438372,NaN,NaN
1653206400,29405.945189529382,30311.31,29405.945189529382,29768.035,52.54929101856124,NaN,NaN
1653220800,29586.99009476469,30236.63,29586.99009476469,29911.6675,55.12356523935167,NaN,NaN
1653235200,29749.328797382346,30177.93,29738.57,29924.13,55.34991058566212,NaN,NaN
1653249600,29836.729398691175,30487.99,29836.729398691175,30157.0225,59.46447650019536,NaN,NaN
1653264000,29996.875949345587,30459.56,29996.875949345587,30243.395000000004,60.903424438643505,NaN,NaN
1653278400,30120.135474672796,30670.51,30101.07,30349.977499999997,62.66468732643326,NaN,NaN
1653292800,30235.0564873364,30616.18,30235.0564873364,30438.0475,64.10369142599833,NaN,NaN
1653307200,30336.5519936682,30625.98,29967.07,30340.925,61.297844455485176,NaN,NaN
1653321600,30338.7384968341,30529.9,29078.3,29767.9075,47.959827375661945,NaN,NaN
1653336000,30053.32299841705,30053.32299841705,28866.35,29141.11,38.174713104783336,NaN,NaN
1653350400,29597.216499208524,29597.216499208524,29056.7,29198.125,39.38616619139171,NaN,NaN
1653364800,29397.67074960426,29439.26,29241.61,29346.3325,42.53816254227181,NaN,NaN
1653379200,29372.00162480213,29430.83,29123.89,29313.750000000004,42.02082095550087,NaN,NaN
1653393600,29342.875812401067,29650,28669,29249.265,40.95910556644168,NaN,NaN
1653408000,29296.07040620053,29593.77,29101,29367.177499999998,43.75740851111023,NaN,NaN
1653422400,29331.623953100265,29845.86,29250.22,29535.57,47.57859340202456,NaN,NaN
1653436800,29433.596976550132,30222.87,29433.596976550132,29908.225,54.88382360157907,NaN,NaN
1653451200,29670.910988275064,30223.74,29666.67,29947.489999999998,55.58613089194444,NaN,NaN
1653465600,29809.20049413753,29941.41,29294.21,29586.524999999998,48.163511248488355,NaN,NaN
1653480000,29697.862747068764,29909,29339.57,29571.734999999997,47.881383879713646,NaN,NaN
1653494400,29634.798873534382,30034.37,29430.54,29673.340000000004,50.04622954936583,NaN,NaN
1653508800,29654.069436767193,29880,29537.31,29639.64,49.31457037332873,NaN,NaN
1653523200,29646.854718383598,29886.64,29503.72,29692.415,50.53419330238085,NaN,NaN
1653537600,29669.6348591918,29876.72,29337.77,29696.3375,50.62928252146146,NaN,NaN
1653552000,29682.9861795959,29744.25,28877,29338.339999999997,42.58348481971358,NaN,NaN
1653566400,29510.66308979795,29510.66308979795,28019.56,28976.515,36.303986936520275,NaN,NaN
1653580800,29243.589044898974,29787.69,29243.589044898974,29482.637499999997,47.88154591097219,NaN,NaN
1653595200,29363.113272449486,29682.84,29174,29359.487500000003,45.7046933887693,NaN,NaN
1653609600,29361.300386224742,29390.34,28840.39,29113.0225,41.62591457972213,NaN,NaN
1653624000,29237.16144311237,29237.16144311237,28643.89,28967.7225,39.39391776039104,NaN,NaN
1653638400,29102.441971556185,29142.75,28779.4,28957.027499999997,39.22718658879108,NaN,NaN
1653652800,29029.73473577809,29397.66,28639.26,28950.079999999998,39.11138267233036,NaN,NaN
1653667200,28989.90736788904,29056,28282.9,28767.34,36.09316343596496,NaN,NaN
1653681600,28878.62368394452,29025,28504.64,28759.86,35.970800363020004,NaN,NaN
1653696000,28819.24184197226,28854.05,28450,28688.265,34.75622678762346,NaN,NaN
1653710400,28753.75342098613,28949.39,28753.75342098613,28852.177499999998,39.770383349941866,NaN,NaN
1653724800,28802.965460493062,28930.81,28766.68,28852.805000000004,39.78946068368503,NaN,NaN
1653739200,28827.88523024653,29266,28795.78,28969.502500000002,43.38116839349546,NaN,NaN
1653753600,28898.693865123267,29067.01,28784.48,28964.877500000002,43.27099917683736,NaN,NaN
1653768000,28931.785682561633,29154.61,28931.785682561633,29041.4375,45.72802387975959,NaN,NaN
1653782400,28986.611591280816,29045.34,28839.21,28975.050000000003,43.950414092117214,NaN,NaN
1653796800,28980.83079564041,29060.32,28914.96,28991.985,44.54265262635571,NaN,NaN
1653811200,28986.407897820205,29235.76,28952.7,29102.665,48.38147877702301,NaN,NaN
1653825600,29044.536448910105,29489,29044.536448910105,29271.335,53.647318027870185,NaN,NaN
1653840000,29157.935724455052,29355.5,29077.98,29193.965,51.073504197545255,NaN,NaN
1653854400,29175.950362227526,29587.78,29091.67,29318.487500000003,54.829650370933884,NaN,NaN
1653868800,29247.218931113763,30400,29247.218931113763,29880.197500000002,67.09971891673834,NaN,NaN
1653883200,29563.708215556882,30928.71,29563.708215556882,30538.6125,75.50054803191139,NaN,NaN
1653897600,30051.16035777844,30765.09,30051.16035777844,30655.802499999998,76.64369533262202,NaN,NaN
1653912000,30353.48142888922,30931,30269.22,30624.920000000002,75.6420460772844,NaN,NaN
1653926400,30489.20071444461,30878.1,30489.20071444461,30680.4575,76.24333509005265,NaN,NaN
1653940800,30584.829107222307,32222,30500,31274.83,81.50528935761567,NaN,NaN
1653955200,30929.829553611155,31861.55,30929.829553611155,31702.28,84.21337389586357,NaN,NaN
1653969600,31316.054776805577,31800.67,31316.054776805577,31645.4775,82.4849268350172,NaN,NaN
1653984000,31480.76613840279,31842.69,31480.76613840279,31669.885,82.64971354978472,NaN,NaN
1653998400,31575.32556920139,32181.37,31200.01,31801.725,83.55000787742468,NaN,NaN
1654012800,31688.525284600695,32399,31570.53,31913.440000000002,84.29371234527139,NaN,NaN
1654027200,31800.982642300347,31936.5,31584.29,31736.885000000002,78.27104284976994,NaN,NaN
1654041600,31768.933821150174,31982.97,31614.01,31756.3325,78.45365759837607,NaN,NaN
1654056000,31762.63316057509,31762.63316057509,31371.45,31537.792500000003,71.21103120364451,NaN,NaN
1654070400,31650.212830287546,31709.99,31444,31561.3925,71.51683082567334,NaN,NaN
1654084800,31605.802665143776,31901.34,30600,31213.27,61.19144439922179,NaN,NaN
1654099200,31409.536332571886,31409.536332571886,29901.29,30378.697500000002,44.575892807405296,NaN,NaN
1654113600,30894.116916285944,30894.116916285944,29301,29848.995,37.59776765589276,NaN,NaN
1654128000,30371.55595814297,30371.55595814297,29594.55,29758.5625,36.54591539201759,NaN,NaN
1654142400,30065.059229071485,30123.35,29650.93,29868.164999999997,38.78132552325681,NaN,NaN
1654156800,29966.61211453574,30210.18,29865,30054.28,42.48653498592422,NaN,NaN
1654171200,30010.44605726787,30387.84,29597.01,30092.809999999998,43.252271993604346,NaN,NaN
1654185600,30051.62802863393,30408.54,29977.45,30222.9325,45.873231297080466,NaN,NaN
1654200000,30137.280264316963,30689,30137.280264316963,30417.579999999998,49.621559683081685,NaN,NaN
1654214400,30277.43013215848,30699,30277.43013215848,30510.2825,51.349543804446434,NaN,NaN
1654228800,30393.85631607924,30561.32,30282.29,30454.327500000003,50.229623573476175,NaN,NaN
1654243200,30424.09190803962,30529.07,29680,30102.74,43.77001236728464,NaN,NaN
1654257600,30263.41595401981,30263.41595401981,29282.36,29609.072500000002,36.644157250532636,NaN,NaN
1654272000,29936.244227009905,29936.244227009905,29401,29539.2275,35.75718684262689,NaN,NaN
1654286400,29737.735863504953,29887.56,29558.3,29679.6475,38.95625779541242,NaN,NaN
1654300800,29708.691681752476,29763.35,29500,29630.92,38.244554827110605,NaN,NaN
1654315200,29669.805840876237,29734.49,29546.78,29635.5875,38.360719476688054,NaN,NaN
1654329600,29652.69667043812,29800,29594.91,29694.39,39.89465798433126,NaN,NaN
1654344000,29673.54333521906,29988.88,29485,29753.59,41.473765044111694,NaN,NaN
1654358400,29713.566667609528,29858.8,29613.26,29746.565,41.334985455174426,NaN,NaN
1654372800,29730.065833804765,29977.99,29632.05,29782.372499999998,42.393115096774004,NaN,NaN
1654387200,29756.21916690238,29897.18,29678.5,29801.664999999997,42.989754322047936,NaN,NaN
1654401600,29778.94208345119,29819.85,29645.67,29719.535,41.04101606056041,NaN,NaN
1654416000,29749.238541725594,29749.238541725594,29531.42,29659.48,39.62650499064079,NaN,NaN
1654430400,29704.3592708628,29981,29626.65,29824.64,45.21845066425025,NaN,NaN
1654444800,29764.4996354314,30189,29761,29993.0225,50.27514723118879,NaN,NaN
1654459200,29878.7610677157,30127.47,29815.75,29978.07,49.835230383448334,NaN,NaN
1654473600,29928.41553385785,31276.87,29890.23,30584.325,63.70317472937277,NaN,NaN
1654488000,30256.370266928927,31434.75,30256.370266928927,31281.735000000004,72.96278555454293,NaN,NaN
1654502400,30769.052633464467,31599.37,30769.052633464467,31392.46,74.09280692539618,NaN,NaN
1654516800,31080.756316732233,31765.64,31080.756316732233,31466.5825,74.85058435038071,NaN,NaN
1654531200,31273.669408366117,31555.75,31000.01,31391.9725,72.55024530494359,NaN,NaN
1654545600,31332.82095418306,31599.85,31272.39,31429.015,72.99400190109253,NaN,NaN
1654560000,31380.91797709153,31381.03,29218.96,30384.177499999998,48.954253000806396,NaN,NaN
1654574400,30882.547738545763,30882.547738545763,29401,29545.555,38.106413119708705,NaN,NaN
1654588800,30214.051369272882,30214.051369272882,29345,29546.3125,38.119751579902086,NaN,NaN
1654603200,29880.181934636443,30041.25,29401.44,29713.8425,41.1408750919587,NaN,NaN
1654617600,29797.01221731822,31429.85,29747.62,30532.0875,53.167400030792315,NaN,NaN
1654632000,30164.549858659113,31589.6,30164.549858659113,31018.66,58.58638978639376,NaN,NaN
1654646400,30591.60492932956,31327.22,29843.88,30580.785,52.67900942577047,NaN,NaN
1654660800,30586.194964664777,30686.63,29872.55,30286.915,49.10071708460234,NaN,NaN
1654675200,30436.55498233239,30616.85,30336.81,30481.57,51.45303128701563,NaN,NaN
1654689600,30459.062491166194,30901.67,30051.16,30460.1125,51.17228326643401,NaN,NaN
1654704000,30459.587495583095,30552.64,29916.45,30271.5,48.65898068140226,NaN,NaN
1654718400,30365.543747791548,30499,30102.86,30236.6925,48.188608732643516,NaN,NaN
1654732800,30301.118123895772,30323.51,30070.24,30223.002500000002,47.99210828879157,NaN,NaN
1654747200,30262.060311947887,30487.54,30235.85,30376.1075,50.426761171548726,NaN,NaN
1654761600,30319.083905973945,30700,30251.89,30434.7225,51.36543968119042,NaN,NaN
1654776000,30376.90320298697,30389.05,29944.1,30233.712499999998,48.00822720962057,NaN,NaN
1654790400,30305.307851493482,30450,29976,30186.337499999998,47.22480791987849,NaN,NaN
1654804800,30245.822675746742,30250,29970.51,30086.89,45.54466795593507,NaN,NaN
1654819200,30166.35633787337,30382.8,29578.96,30046.5175,44.847100693798616,NaN,NaN
1654833600,30106.436918936684,30226.79,30042.13,30108.932500000003,46.21851709153275,NaN,NaN
1654848000,30107.684709468343,30114.25,29868,30013.8125,44.40628834517332,NaN,NaN
1654862400,30060.748604734174,30184.4,29222.67,29720.54,39.2909567119994,NaN,NaN
1654876800,29890.644302367087,29890.644302367087,28850,29192.2475,32.11438921319683,NaN,NaN
1654891200,29541.445901183542,29541.445901183542,28970,29110.4775,31.165527574072655,NaN,NaN
1654905600,29325.96170059177,29325.96170059177,29047.93,29181.86,33.02586938573502,NaN,NaN
1654920000,29253.910850295884,29440.41,29251.17,29322.71,36.663278247584586,NaN,NaN
1654934400,29288.31042514794,29345.11,28590,28998.9875,32.31877042936976,NaN,NaN
1654948800,29143.64896257397,29143.64896257397,28251,28565.137499999997,27.598692254122412,NaN,NaN
1654963200,28854.393231286984,28854.393231286984,28099.99,28473.82,26.714315127507618,NaN,NaN
1654977600,28664.10661564349,28683.54,28250.04,28488.3875,27.115550830288498,NaN,NaN
1654992000,28576.247057821747,28576.247057821747,27249,27942.975,22.212165124160066,NaN,NaN
1655006400,28259.611028910873,28259.611028910873,27190,27516.5725,19.27721189232132,NaN,NaN
1655020800,27888.091764455436,27888.091764455436,27342.82,27543.06,19.984490265915298,NaN,NaN
1655035200,27715.57588222772,28347.89,26890,27697.425,24.155223857974732,NaN,NaN
1655049600,27706.500441113858,28238.58,27423.73,27795.36,26.763419157544817,NaN,NaN
1655064000,27750.93022055693,27750.93022055693,26560,27029.0725,20.75054152199094,NaN,NaN
1655078400,27390.001360278464,27390.001360278464,24900,25972.605,15.560118507501542,NaN,NaN
1655092800,26681.30318013923,26681.30318013923,24555,25285.9875,13.241842470173381,NaN,NaN
1655107200,25983.645340069615,25983.645340069615,23500,24245.5475,10.65201481913526,NaN,NaN
1655121600,25114.59642003481,25114.59642003481,22600,23494.265,9.245838822117776,NaN,NaN
1655136000,24304.430710017405,24304.430710017405,23101.01,23448.8275,9.167019640884305,NaN,NaN
1655150400,23876.629105008702,23876.629105008702,21925.77,22854.112500000003,8.183660108604457,NaN,NaN
1655164800,23365.370802504352,23365.370802504352,20846,22063.9725,7.094730270799573,NaN,NaN
1655179200,22714.671651252174,23362.88,21763.71,22533.007500000003,14.377956346007977,NaN,NaN
1655193600,22623.839575626087,22979.96,21725.22,22394.315,14.02776584726351,NaN,NaN
1655208000,22509.077287813045,22800,21811.01,22321.4875,13.837183787630607,NaN,NaN
1655222400,22415.28239390652,22777.07,22126.4,22445.0325,15.92398032048294,NaN,NaN
1655236800,22430.15744695326,22430.15744695326,21358,22007.335,14.576998012722271,NaN,NaN
1655251200,22218.746223476628,22297.37,21406.68,21824.0675,14.041426387802503,NaN,NaN
1655265600,22021.406861738316,22021.406861738316,20652.18,21080.3925,12.098858240611577,NaN,NaN
1655280000,21550.89968086916,21550.89968086916,20111.62,20825.392499999998,11.510810453641085,NaN,NaN
1655294400,21188.14609043458,21798.95,21045.13,21360.055,20.261831267576838,NaN,NaN
1655308800,21274.10054521729,22496.52,20250,21449.4125,21.656299260089057,NaN,NaN
1655323200,21361.756522608644,22800,21361.756522608644,22116.4375,31.312685233060904,NaN,NaN
1655337600,21739.097011304322,22995.73,21739.097011304322,22489.5375,36.06003010511801,NaN,NaN
1655352000,22114.31725565216,22361.98,21646.64,21996.102499999997,32.82845622183132,NaN,NaN
1655366400,22055.209877826077,22055.209877826077,20852.35,21387.27,29.335205920305725,NaN,NaN
1655380800,21721.239938913037,21721.239938913037,20745,21093.6325,27.798807724542513,NaN,NaN
1655395200,21407.43621945652,21500,20818,21067.0625,27.657653235420966,NaN,NaN
1655409600,21237.24935972826,21237.24935972826,20232,20639.2925,25.419740772343005,NaN,NaN
1655424000,20938.270929864128,21059.68,20246.66,20522.58,24.82942264425698,NaN,NaN
1655438400,20730.425464932065,21286.01,20326,20774.004999999997,28.672236769251143,NaN,NaN
1655452800,20752.21523246603,21365.43,20752.21523246603,21071.402500000004,33.033126015123955,NaN,NaN
1655467200,20911.80886623302,21047.41,20386.93,20767.52,30.950832945969537,NaN,NaN
1655481600,20839.664433116508,20839.664433116508,20440.92,20602.605,29.851089169186494,NaN,NaN
1655496000,20721.134716558256,20723,20368.2,20518.899999999998,29.282365563077718,NaN,NaN
1655510400,20620.017358279125,20792.06,20322.08,20510.65,29.223269695818843,NaN,NaN
1655524800,20565.333679139563,20565.333679139563,19066.8,19830.592500000002,24.78324407817246,NaN,NaN
1655539200,20197.963089569785,20197.963089569785,18742.5,19196.265,21.50167499500907,NaN,NaN
1655553600,19697.114044784892,19697.114044784892,18942.75,19108.1225,21.083910932128035,NaN,NaN
1655568000,19402.618272392447,19402.618272392447,18031.13,18538.442499999997,18.572287761338742,NaN,NaN
1655582400,18970.530386196224,19493.23,17622,18538.4075,18.57214137955195,NaN,NaN
1655596800,18754.468943098113,19198,18224.98,18676.215,21.205482575126723,NaN,NaN
1655611200,18715.341971549056,18715.341971549056,17960.41,18300.002500000002,19.36436149209176,NaN,NaN
1655625600,18507.67223577453,20150,18264.67,19103.64,32.78857756432474,NaN,NaN
1655640000,18805.656117887265,19945.88,18805.656117887265,19648.545000000002,40.07351747460394,NaN,NaN
1655654400,19227.10055894363,20344.91,19227.10055894363,19911.0075,43.26341846966174,NaN,NaN
1655668800,19569.054029471816,20815.95,19569.054029471816,20391.1225,48.64829760271884,NaN,NaN
1655683200,19980.08826473591,20687.99,19637.03,20219.877500000002,46.93715248709523,NaN,NaN
1655697600,20099.982882367956,20258.29,19776.58,20025.4975,45.00219574469566,NaN,NaN
1655712000,20062.740191183977,21022,20023.14,20483.387499999997,50.209308085991246,NaN,NaN
1655726400,20273.063845591987,21090,20273.063845591987,20770.215,53.19851217799921,NaN,NaN
1655740800,20521.639422795994,20832.82,19832.95,20390.829999999998,49.007543701685414,NaN,NaN
1655755200,20456.234711397996,20784.77,20001.53,20358.247499999998,48.65304563497825,NaN,NaN
1655769600,20407.241105698995,20783.99,20348.4,20580.0825,51.23918677323885,NaN,NaN
1655784000,20493.6618028495,21333,20474.41,20885.4325,54.6267685240367,NaN,NaN
1655798400,20689.547151424747,21500.01,20689.547151424747,21123.46,57.12719798446407,NaN,NaN
1655812800,20906.503575712373,21723,20853.36,21232.7425,58.26437987995903,NaN,NaN
1655827200,21069.62303785619,21550.39,20870.01,21175.305,57.402574834321676,NaN,NaN
1655841600,21122.464018928094,21122.464018928094,20551,20804.535,52.05047347154757,NaN,NaN
1655856000,20963.499509464047,20963.499509464047,20253.96,20508.0075,48.18131367952462,NaN,NaN
1655870400,20735.753504732023,20735.753504732023,19950.34,20240.817499999997,44.93969442106514,NaN,NaN
1655884800,20488.28550236601,20676.7,20038.85,20330.3675,46.24505901761516,NaN,NaN
1655899200,20409.326501183004,20900,20035.54,20380.485,47.00234231883801,NaN,NaN
1655913600,20394.905750591504,20394.905750591504,19840.86,20104.7625,43.381481262993,NaN,NaN
1655928000,20249.834125295754,20249.834125295754,19770.51,20028.9275,42.41369242643367,NaN,NaN
1655942400,20139.380812647876,20612.22,19890.07,20176.02,44.977706711083925,NaN,NaN
1655956800,20157.700406323936,20657.14,20157.700406323936,20375.2525,48.333277892966336,NaN,NaN
1655971200,20266.476453161966,20812.12,20266.476453161966,20591.765,51.775234319454555,NaN,NaN
1655985600,20429.120726580983,20829.21,20287.41,20526.855,50.68508016512605,NaN,NaN
1656000000,20477.98786329049,20945.55,20170,20594.38,51.82154595840251,NaN,NaN
1656014400,20536.183931645246,21233,20536.183931645246,20981.4775,57.822246305245024,NaN,NaN
1656028800,20758.830715822623,21369.85,20758.830715822623,21131.845,59.911024539848746,NaN,NaN
1656043200,20945.337857911312,21168.13,20736.72,20973.075,56.71711809033982,NaN,NaN
1656057600,20959.20642895566,21326.52,20745.01,21038.6975,57.72038272221964,NaN,NaN
1656072000,20998.951964477827,21457,20822.9,21083.4,58.42730430729279,NaN,NaN
1656086400,21041.175982238914,21267.36,20784.76,21047.475,57.59387996599147,NaN,NaN
1656100800,21044.325491119456,21558.41,21044.325491119456,21298.9725,61.711448587738104,NaN,NaN
1656115200,21171.648995559728,21379.65,21121.72,21259.9175,60.72537312392447,NaN,NaN
1656129600,21215.783247779866,21614.5,21180.4,21400.9125,63.02254346233822,NaN,NaN
1656144000,21308.347873889932,21555.71,21308.347873889932,21430.662500000002,63.507554962494794,NaN,NaN
1656158400,21369.505186944967,21372.89,20906.62,21145.405,55.932066341618274,NaN,NaN
1656172800,21257.455093472483,21271.62,20915,21088.677499999998,54.538806425216926,NaN,NaN
1656187200,21173.06629673624,21588.43,21146.04,21357.9675,59.674114016212016,NaN,NaN
1656201600,21265.51689836812,21544.49,21265.51689836812,21436.0075,61.04734749341098,NaN,NaN
1656216000,21350.76219918406,21526,21336.96,21421.427499999998,60.63192807830322,NaN,NaN
1656230400,21386.09484959203,21777,21365.15,21561.8175,63.22679342450951,NaN,NaN
1656244800,21473.956174796018,21888,21197.12,21529.9575,62.224428461459844,NaN,NaN
1656259200,21501.956837398007,21501.956837398007,21115.3,21292.690000000002,55.20530759147864,NaN,NaN
1656273600,21397.323418699005,21425,20964.73,21177.85,52.1396107772914,NaN,NaN
1656288000,21287.586709349504,21287.586709349504,20926.01,21081.377500000002,49.64545870862865,NaN,NaN
1656302400,21184.482104674753,21404.52,21142.86,21270.482500000002,54.26392905197428,NaN,NaN
1656316800,21227.482302337376,21539.85,21227.482302337376,21373.2775,56.594477654732636,NaN,NaN
1656331200,21300.379901168686,21343.83,20590,20998.28,47.15463484539784,NaN,NaN
1656345600,21149.329950584342,21149.329950584342,20510,20766.2775,42.438368123320195,NaN,NaN
1656360000,20957.80372529217,20966.73,20680,20811.1675,43.61351093879399,NaN,NaN
1656374400,20884.485612646087,20884.485612646087,20510,20715.355,41.65863226291213,NaN,NaN
1656388800,20799.920306323045,20933,20703.3,20812.68,44.38555774157017,NaN,NaN
1656403200,20806.300153161523,21212.1,20806.300153161523,20989.9075,49.055242320531754,NaN,NaN
1656417600,20898.103826580762,21129.19,20588,20830.432500000003,45.36411845773148,NaN,NaN
1656432000,20864.268163290384,20864.268163290384,20218,20462.802499999998,38.2239040549599,NaN,NaN
1656446400,20663.53533164519,20663.53533164519,20202.01,20300.377500000002,35.56074992164423,NaN,NaN
1656460800,20481.9564158226,20481.9564158226,20152,20278.559999999998,35.205925245337255,NaN,NaN
1656475200,20380.258207911298,20381.1,19889,20161.7025,33.28993980801168,NaN,NaN
1656489600,20270.98035395565,20270.98035395565,19854.92,20071.86,31.85458801965015,NaN,NaN
1656504000,20171.420176977823,20254.2,19892.97,20084.115,32.28348806786386,NaN,NaN
1656518400,20127.76758848891,20268,19921.85,20124.489999999998,33.76261869925088,NaN,NaN
1656532800,20126.128794244454,20432.31,20052.74,20207.9225,36.8331166100122,NaN,NaN
1656547200,20167.025647122227,20179.08,19951.08,20082.5425,34.26269224601552,NaN,NaN
1656561600,20124.784073561113,20124.784073561113,19310,19728.515,28.2647198523687,NaN,NaN
1656576000,19926.649536780555,19926.649536780555,18921.59,19224.892499999998,22.287522651583544,NaN,NaN
1656590400,19575.771018390275,19575.771018390275,18756.71,19085.825,20.96886222921961,NaN,NaN
1656604800,19330.79800919514,19330.79800919514,18850.21,19054.3525,20.67079202193085,NaN,NaN
1656619200,19192.57525459757,19980,18626,19368.885000000002,31.196960055441465,NaN,NaN
1656633600,19280.730127298786,20918.35,19280.730127298786,20062.5725,47.68434773436258,NaN,NaN
1656648000,19671.651313649392,19773.71,19315.91,19599.875,40.68171371114595,NaN,NaN
1656662400,19635.763156824694,19821.28,18975,19391.605,37.97816727399932,NaN,NaN
1656676800,19513.68407841235,19669.22,19130.21,19320.3475,37.070449184044435,NaN,NaN
1656691200,19417.015789206176,19544.52,19253.01,19369.6625,38.17182753759071,NaN,NaN
1656705600,19393.339144603087,19686.71,19221.03,19394.427499999998,38.75155113376879,NaN,NaN
1656720000,19393.883322301543,19393.883322301543,19063.52,19215.415,36.11547693049491,NaN,NaN
1656734400,19304.649161150774,19304.649161150774,19112.51,19167.305,35.41815841213905,NaN,NaN
1656748800,19235.977080575387,19285.01,18977.01,19146.010000000002,35.09515141107299,NaN,NaN
1656763200,19190.993540287694,19467.39,19152.13,19261.03,38.364757766936705,NaN,NaN
1656777600,19226.011770143847,19408.01,19191.91,19275.645,38.78672051780631,NaN,NaN
1656792000,19250.828385071924,19383.01,19200,19277.2725,38.83693640030001,NaN,NaN
1656806400,19264.05044253596,19307.42,19173.46,19249.497499999998,38.260091300308446,NaN,NaN
1656820800,19256.77397126798,19400,18781,19146.2575,36.11297241524206,NaN,NaN
1656835200,19201.51573563399,19201.51573563399,18930.19,19078.795000000002,34.74098132796277,NaN,NaN
1656849600,19140.155367816995,19140.155367816995,18964,19059.25,34.3340037977664,NaN,NaN
1656864000,19099.702683908497,19565.05,19011.66,19278.912500000002,42.48834938098471,NaN,NaN
1656878400,19189.30759195425,19647.63,19189.30759195425,19417.2975,46.95717113882238,NaN,NaN
1656892800,19303.302545977123,19343.43,19055.31,19204.527500000004,41.60435798546908,NaN,NaN
1656907200,19253.915022988564,19253.915022988564,19082.92,19124.015,39.757486482091295,NaN,NaN
1656921600,19188.96501149428,19855.7,19110.04,19473.2075,50.10312857784716,NaN,NaN
1656936000,19331.08625574714,20143.02,19331.08625574714,19811.9525,57.693368200333275,NaN,NaN
1656950400,19571.51937787357,20050,19571.51937787357,19839.5925,58.2514189788588,NaN,NaN
1656964800,19705.555938936785,20354.01,19705.555938936785,20038.6625,62.126276458249706,NaN,NaN
1656979200,19872.10921946839,20478.4,19872.10921946839,20296.92,66.47369555195169,NaN,NaN
1656993600,20084.514609734193,20470.78,20084.514609734193,20294.115,66.38456528122113,NaN,NaN
1657008000,20189.3148048671,20215.69,19478,19857.44,54.20057732130312,NaN,NaN
1657022400,20023.37740243355,20023.37740243355,19304.4,19484.825,46.37844409300631,NaN,NaN
1657036800,19754.101201216778,20500,19479.53,19974.43,55.4718424300662,NaN,NaN
1657051200,19864.26560060839,20750,19864.26560060839,20356.7725,61.029751016107575,NaN,NaN
1657065600,20110.519050304196,20414.01,19761.25,20075.6425,55.54035428004751,NaN,NaN
1657080000,20093.0807751521,20337.84,19864.45,20078.995,55.59165151087724,NaN,NaN
1657094400,20086.03788757605,20303.65,20033.37,20150.665,56.74075762144573,NaN,NaN
1657108800,20118.351443788026,20366.2,19961.02,20144.88,56.613417422107595,NaN,NaN
1657123200,20131.615721894013,20478.08,20131.615721894013,20272.2575,58.80562825643899,NaN,NaN
1657137600,20201.936610947007,20675.22,20201.936610947007,20461.33,61.88421945394473,NaN,NaN
1657152000,20331.633305473504,20594.77,20331.633305473504,20506.44,62.60232435999013,NaN,NaN
1657166400,20419.03665273675,20493.72,20251.68,20416.5025,60.16841546404198,NaN,NaN
1657180800,20417.769576368373,20619.5,20391.16,20489.625,61.47970433348299,NaN,NaN
1657195200,20453.697288184187,21035,20378.16,20702.357500000002,65.08131051919193,NaN,NaN
1657209600,20578.027394092096,21837.74,20578.027394092096,21344.08,73.21656284478541,NaN,NaN
1657224000,20961.05369704605,21838.1,20961.05369704605,21700.485,76.49226947721542,NaN,NaN
1657238400,21330.769348523027,22527.37,21330.769348523027,21965.265,78.58750143736174,NaN,NaN
1657252800,21648.017174261513,22242.29,21648.017174261513,21970.265,78.62624252361024,NaN,NaN
1657267200,21809.141087130756,21822.1,21317,21630.1825,69.4255084345184,NaN,NaN
1657281600,21719.661793565378,22130,21189.26,21716.4425,70.37252896153325,NaN,NaN
1657296000,21718.05214678269,21979.51,21550,21826.427499999998,71.58121723814915,NaN,NaN
1657310400,21772.239823391345,22045.91,21580.71,21758.317499999997,69.68528456951563,NaN,NaN
1657324800,21765.278661695673,21765.278661695673,21403.24,21576.75,64.7609351806444,NaN,NaN
1657339200,21671.014330847836,21728.63,21485.82,21620.447500000002,65.3947364475464,NaN,NaN
1657353600,21645.73091542392,21778.73,21322.12,21550.714999999997,63.434022193498,NaN,NaN
1657368000,21598.222957711958,21717.62,21379.64,21522.862500000003,62.62633694081286,NaN,NaN
1657382400,21560.54272885598,21980,21517.87,21666.29,65.09127928903534,NaN,NaN
1657396800,21613.41636442799,21754,21546.06,21628.345,63.89071435011193,NaN,NaN
1657411200,21620.880682213996,21620.880682213996,21091.81,21396.6475,56.979803790103055,NaN,NaN
1657425600,21508.764091106998,21508.764091106998,21161.36,21292.18,54.1364441634012,NaN,NaN
1657440000,21400.4720455535,21424.67,21161.67,21306.91,54.481354651249326,NaN,NaN
1657454400,21353.69102277675,21353.69102277675,20835.73,21095.617499999997,48.810857541868636,NaN,NaN
1657468800,21224.654261388372,21224.654261388372,20655,20881.612500000003,43.83447696105285,NaN,NaN
1657483200,21053.133380694188,21180.92,20698.9,20915.9225,44.806038241219326,NaN,NaN
1657497600,20984.527940347092,20984.527940347092,20453.36,20680.91,39.73570771625369,NaN,NaN
1657512000,20832.718970173548,20832.718970173548,20353.72,20485.105,36.07302126312454,NaN,NaN
1657526400,20658.911985086772,20658.911985086772,20411.56,20489.094999999998,36.202071607551815,NaN,NaN
1657540800,20574.003492543387,20762.02,20271.1,20486.2775,36.146581198273516,NaN,NaN
1657555200,20530.14049627169,20716.29,20400,20516.440000000002,37.25537082805156,NaN,NaN
1657569600,20523.290248135847,20565.05,19875.23,20228.34,31.60936437675447,NaN,NaN
1657584000,20375.81512406792,20375.81512406792,19786.46,19924.735,26.970680939195944,NaN,NaN
1657598400,20150.27506203396,20150.27506203396,19620,19838.185,25.807960020555996,NaN,NaN
1657612800,19994.23003101698,19994.23003101698,19558.12,19724.905,24.32957052284344,NaN,NaN
1657627200,19859.56751550849,20010,19695.3,19841.7975,28.85831119032642,NaN,NaN
1657641600,19850.682507754245,20007.23,19278,19642.575,26.002065731020863,NaN,NaN
1657656000,19746.62875387712,19746.62875387712,19240,19380.6225,22.805826511256456,NaN,NaN
1657670400,19563.625626938563,19582.51,19265.4,19413.2175,24.0567584361427,NaN,NaN
1657684800,19488.42156346928,19875,19420,19618.4825,31.576501973373695,NaN,NaN
1657699200,19553.45203173464,19930,19553.45203173464,19787.7425,37.1067200686601,NaN,NaN
1657713600,19670.59726586732,20128.39,18910.94,19585.215,33.60665132141665,NaN,NaN
1657728000,19627.906132933662,20046.15,19230,19595.822500000002,33.958015790030174,NaN,NaN
1657742400,19611.864316466832,20366.61,19584.37,19959.5,44.75316702782207,NaN,NaN
1657756800,19785.682158233416,20435.72,19785.682158233416,20264.7225,51.864612523518524,NaN,NaN
1657771200,20025.202329116706,20276.9,19894.76,20096.655,48.186478375613376,NaN,NaN
1657785600,20060.928664558352,20060.928664558352,19635.22,19855.275,43.423451880161785,NaN,NaN
1657800000,19958.10183227918,20466,19616.07,20052.675000000003,47.954239615776395,NaN,NaN
1657814400,20005.38841613959,20900,20005.38841613959,20509.927499999998,56.620228929823924,NaN,NaN
1657828800,20257.657958069794,20720,20257.657958069794,20588.829999999998,57.92221116829691,NaN,NaN
1657843200,20423.243979034894,20833,20382.29,20603.989999999998,58.18191304380314,NaN,NaN
1657857600,20513.616989517446,20936,20494.29,20719.72,60.20131305939422,NaN,NaN
1657872000,20616.668494758724,21059.32,20616.668494758724,20846.15,62.3408396801777,NaN,NaN
1657886400,20731.409247379364,21090,20731.409247379364,20852.83,62.45568258567164,NaN,NaN
1657900800,20792.119623689683,21189,20636.7,20945.934999999998,64.09899946691539,NaN,NaN
1657915200,20869.02731184484,21200,20760,20988.9725,64.86456289614503,NaN,NaN
1657929600,20928.99990592242,20928.99990592242,20600,20758.355,57.75716830953045,NaN,NaN
1657944000,20843.67745296121,20843.67745296121,20478.61,20631.905,54.24728866102048,NaN,NaN
1657958400,20737.791226480604,20737.791226480604,20539.85,20597.155,53.28889549166883,NaN,NaN
1657972800,20667.473113240303,20957.46,20588.72,20776.4725,57.4649413492001,NaN,NaN
1657987200,20721.97280662015,21588.94,20721.97280662015,21161.2675,64.7480904067501,NaN,NaN
1658001600,20941.620153310076,21345.99,20911.64,21160.807500000003,64.733820652382,NaN,NaN
1658016000,21051.21382665504,21460.85,21051.21382665504,21265.8575,66.54702672560632,NaN,NaN
1658030400,21158.53566332752,21684.54,21158.53566332752,21426.3575,69.15629623823796,NaN,NaN
1658044800,21292.44658166376,21549,21209.71,21420.7775,68.95492689008552,NaN,NaN
1658059200,21356.612040831882,21500,21075.07,21301.1275,64.61054279365807,NaN,NaN
1658073600,21328.869770415942,21355,20824,21093.985,57.818912656861755,NaN,NaN
1658088000,21211.42738520797,21211.42738520797,20750.01,20914.3225,52.64953690539155,NaN,NaN
1658102400,21062.874942603987,21379.99,20762.45,21055.510000000002,55.98026441338584,NaN,NaN
1658116800,21059.192471301994,22400,21059.192471301994,21774.635000000002,68.23607126813701,NaN,NaN
1658131200,21416.913735650996,22515,21416.913735650996,22213.7375,73.15149337983705,NaN,NaN
1658145600,21815.325617825496,22777.63,21815.325617825496,22370.885000000002,74.66266500156286,NaN,NaN
1658160000,22093.10530891275,22713.28,21388,22098.7575,67.57018083011548,NaN,NaN
1658174400,22095.931404456373,22650,21434.35,22033.712499999998,65.95736653341967,NaN,NaN
1658188800,22064.821952228187,22961.72,21807.46,22276.327500000003,68.9357372163965,NaN,NaN
1658203200,22170.574726114093,22170.574726114093,21579.54,21845.465000000004,59.054441466373554,NaN,NaN
1658217600,22008.01986305705,22230,21696.6,21916.492500000004,60.07053908980025,NaN,NaN
1658232000,21962.256181528526,23199.9,21962.256181528526,22571.2525,67.96312149181416,NaN,NaN
1658246400,22266.754340764262,23706.26,22266.754340764262,23296.6925,74.0769792140749,NaN,NaN
1658260800,22781.72342038213,23800,22781.72342038213,23435.91,75.06060098564957,NaN,NaN
1658275200,23108.816710191066,23522.4,22922,23319.932500000003,72.58955265125492,NaN,NaN
1658289600,23214.374605095534,23864.15,23214.374605095534,23496.692499999997,73.99471269700042,NaN,NaN
1658304000,23355.533552547764,23888.04,23313.9,23577.9175,74.63811355158579,NaN,NaN
1658318400,23466.725526273884,24276.74,23466.725526273884,23936.4575,77.30707902420625,NaN,NaN
1658332800,23701.59151313694,24201.94,23400,23858.74,75.45351842680036,NaN,NaN
1658347200,23780.165756568473,23799.62,22906.19,23398.0875,65.43833197017048,NaN,NaN
1658361600,23589.126628284237,23589.126628284237,22666,23027.3175,58.686333176954946,NaN,NaN
1658376000,23308.22206414212,23308.22206414212,22638.53,22862.18,55.91885498397987,NaN,NaN
1658390400,23085.20103207106,23085.20103207106,22466.34,22768.945,54.360213122336575,NaN,NaN
1658404800,22927.07301603553,22927.07301603553,22341.46,22610.43,51.7206727748754,NaN,NaN
1658419200,22768.751508017765,23207.94,22632.72,22918.6075,56.17595165691868,NaN,NaN
1658433600,22843.679504008884,23308.8,22843.679504008884,23146.684999999998,59.17836369934197,NaN,NaN
1658448000,22995.18225200444,23352.53,22861.43,23069.012499999997,57.72787974341792,NaN,NaN
1658462400,23032.097376002217,23320,22805.89,23037.9825,57.1254879116324,NaN,NaN
1658476800,23035.039938001108,23634.4,23035.039938001108,23358.6525,61.5865477294579,NaN,NaN
1658491200,23196.846219000552,23756.49,23196.846219000552,23471.7825,63.0473407715916,NaN,NaN
1658505600,23334.314359500277,23344.62,22543.64,22941.3075,52.89057458638366,NaN,NaN
1658520000,23137.810929750136,23137.810929750136,22500,22638.415,48.123477809557514,NaN,NaN
1658534400,22888.11296487507,22904.39,22550.14,22736.9775,49.71183915882651,NaN,NaN
1658548800,22812.545232437536,23000.77,22675.12,22813.74,50.97092189072649,NaN,NaN
1658563200,22813.14261621877,22877.26,22210.67,22521.85,46.23094647440994,NaN,NaN
1658577600,22667.496308109385,22667.496308109385,22039.89,22218.8275,41.87712331470134,NaN,NaN
1658592000,22443.161904054694,22443.161904054694,21934.57,22188.9925,41.46308978667231,NaN,NaN
1658606400,22316.077202027347,22559,22221.54,22376.027500000004,45.12584615527149,NaN,NaN
1658620800,22346.052351013677,22677.37,22288,22436.4525,46.29499935258089,NaN,NaN
1658635200,22391.25242550684,22839.99,22257.15,22532.65,48.18764254996375,NaN,NaN
1658649600,22461.951212753418,22822.81,22461.951212753418,22666.1325,50.77969367895921,NaN,NaN
1658664000,22564.04185637671,22911.31,22444,22715.005,51.73182316034638,NaN,NaN
1658678400,22639.523428188353,22880.87,22630,22764.5875,52.73085199576321,NaN,NaN
1658692800,22702.055464094177,23014.64,22513.7,22701.784999999996,51.283001370283756,NaN,NaN
1658707200,22701.920232047087,22701.920232047087,21753.57,22216.112500000003,41.73861041852246,NaN,NaN
1658721600,22459.016366023545,22459.016366023545,21737.82,21892.63,36.8229155358086,NaN,NaN
1658736000,22175.823183011773,22175.823183011773,21868.36,21970.73,38.70003572176246,NaN,NaN
1658750400,22073.276591505884,22073.276591505884,21683.4,21881.122500000005,37.32958424406874,NaN,NaN
1658764800,21977.199545752945,22021.47,21552.53,21839.5275,36.68025333678574,NaN,NaN
1658779200,21908.363522876472,22259.98,21250,21678.385000000002,34.19841999008855,NaN,NaN
1658793600,21793.374261438235,21793.374261438235,20856.48,21164.1825,27.746882151832338,NaN,NaN
1658808000,21478.778380719115,21478.778380719115,21017.21,21124.4525,27.318061055182554,NaN,NaN
1658822400,21301.615440359557,21301.615440359557,20932.7,21062.7875,26.63013744418444,NaN,NaN
1658836800,21182.201470179778,21196.58,20706.5,20935.0275,25.213482660296336,NaN,NaN
1658851200,21058.61448508989,21083.49,20734.79,20870.165,24.500866714204065,NaN,NaN
1658865600,20964.389742544947,21300,20809.53,21068.9375,30.942294506095052,NaN,NaN
1658880000,21016.663621272473,21284,21016.663621272473,21164.515,33.86416567662371,NaN,NaN
1658894400,21090.589310636235,21451.33,21059,21233.6375,35.97402534941571,NaN,NaN
1658908800,21162.113405318116,21439.29,21129.65,21278.82,37.38027806089405,NaN,NaN
1658923200,21220.466702659058,21547.53,21157.07,21359.015,39.90329158259821,NaN,NaN
1658937600,21289.74085132953,23112.63,21289.74085132953,22218.09,58.973078672822865,NaN,NaN
1658952000,21753.915425664767,22997.17,21753.915425664767,22824.809999999998,66.94960387256165,NaN,NaN
1658966400,22289.362712832382,23460.58,22289.362712832382,23062.445,69.45454855229721,NaN,NaN
1658980800,22675.90385641619,23273.81,22675.90385641619,23054.840000000004,69.27359683728014,NaN,NaN
1658995200,22865.371928208097,23138.28,22816.26,22998.54,67.86399870268428,NaN,NaN
1659009600,22931.955964104047,23992,22582.13,23358.972500000003,71.81770311141773,NaN,NaN
1659024000,23145.464232052025,24106.96,23145.464232052025,23827.8975,75.96138110814294,NaN,NaN
1659038400,23486.680866026014,24199.72,23486.680866026014,23886.4375,76.42734485695726,NaN,NaN
1659052800,23686.559183013007,23947.73,23686.559183013007,23851.707499999997,75.49240722474727,NaN,NaN
1659067200,23769.133341506502,24442.66,23769.133341506502,24029.7225,77.04262461035066,NaN,NaN
1659081600,23899.427920753253,24131.54,23530.96,23831.1725,71.60239216944052,NaN,NaN
1659096000,23865.300210376627,24222,23414.03,23841.37,71.71287218967525,NaN,NaN
1659110400,23853.335105188315,24051.22,23606.18,23891.322500000002,72.28174614830887,NaN,NaN
1659124800,23872.32880259416,24138.69,23700,23876.895,71.83241532832211,NaN,NaN
1659139200,23874.61190129708,23968.9,23674.14,23805.417500000003,69.52646125883675,NaN,NaN
1659153600,23840.014700648542,23914,23650,23811.89,69.62156180555726,NaN,NaN
1659168000,23825.95235032427,24073.05,23732.56,23910.1425,71.09615419996065,NaN,NaN
1659182400,23868.047425162134,24668,23868.047425162134,24267.612500000003,75.71492731278556,NaN,NaN
1659196800,24067.82996258107,24593.02,23862,24225.559999999998,74.21252884962286,NaN,NaN
1659211200,24146.694981290533,24146.694981290533,23502.25,23787.109999999997,60.69061670751307,NaN,NaN
1659225600,23966.902490645265,23966.902490645265,23520,23697.239999999998,58.34402975420761,NaN,NaN
1659240000,23832.07124532263,23842.2,23670,23741.177499999998,59.175114592731035,NaN,NaN
1659254400,23786.624372661314,23860,23558.21,23733.095,58.94215042040425,NaN,NaN
1659268800,23759.85968633066,23861.83,23605.21,23761.1425,59.53745111876838,NaN,NaN
1659283200,23760.50109316533,24194.82,23400,23803.917500000003,60.478588840739704,NaN,NaN
1659297600,23782.209296582667,23892.43,23227.31,23564.1875,53.033539090486954,NaN,NaN
1659312000,23673.198398291333,23673.198398291333,23257.37,23348.975,47.39312380730803,NaN,NaN
1659326400,23511.086699145664,23511.086699145664,23112,23308.91,46.403670860063706,NaN,NaN
1659340800,23409.99834957283,23409.99834957283,22939.57,23217.405,44.13720589742544,NaN,NaN
1659355200,23313.701674786415,23509.68,22961.6,23256.45,45.36347290355194,NaN,NaN
1659369600,23285.075837393208,23355,22850,23120.945,41.92394301320478,NaN,NaN
1659384000,23203.010418696605,23417.11,22908.45,23137.234999999997,42.48848731753774,NaN,NaN
1659398400,23170.122709348303,23447.62,22780,23086.9075,41.15736659877479,NaN,NaN
1659412800,23128.515104674152,23128.515104674152,22715.61,22848.0625,35.47686271497716,NaN,NaN
1659427200,22988.288802337076,22988.288802337076,22654.37,22849.92,35.551361704012564,NaN,NaN
1659441600,22919.104401168537,23151.24,22666.05,22919.850000000002,38.43339819867121,NaN,NaN
1659456000,22919.477200584268,23459.89,22870.1,23064.744999999995,44.01936213041292,NaN,NaN
1659470400,22992.11110029213,23148.6,22910,22999.4,42.16150343504522,NaN,NaN
1659484800,22995.755550146067,23079.39,22681.22,22902.315000000002,39.49446297993202,NaN,NaN
1659499200,22949.035275073034,23074.86,22802,22932.6175,40.75420624475785,NaN,NaN
1659513600,22940.826387536516,23471.5,22940.826387536516,23212.7375,50.92582887435001,NaN,NaN
1659528000,23076.781943768256,23647.68,23076.781943768256,23403.2175,56.406619517441236,NaN,NaN
1659542400,23239.999721884127,23574.98,23239.999721884127,23411.6525,56.63757283830446,NaN,NaN
1659556800,23325.826110942064,23486.48,22720,23121.339999999997,47.341294390225535,NaN,NaN
1659571200,23223.58305547103,23223.58305547103,22791.46,22981.857500000002,43.63548586293077,NaN,NaN
1659585600,23102.720277735516,23185.35,22815.35,23011.09,44.61401475417045,NaN,NaN
1659600000,23056.905138867758,23056.905138867758,22767.86,22889.3,41.39002309685559,NaN,NaN
1659614400,22973.10256943388,23148.99,22750,22928.92,42.83720649313839,NaN,NaN
1659628800,22951.011284716937,22980,22400,22690.73,36.933014001002,NaN,NaN
1659643200,22820.870642358466,22820.870642358466,22449.09,22548.337499999998,33.92291484127084,NaN,NaN
1659657600,22684.60407117923,23200,22586.95,22896.17,45.58889700672575,NaN,NaN
1659672000,22790.387035589614,23432.51,22790.387035589614,23214.577500000003,53.65511657221611,NaN,NaN
1659686400,23002.48226779481,23441.1,23002.48226779481,23281.620000000003,55.16233801321118,NaN,NaN
1659700800,23142.051133897407,23472.86,22879.42,23186.05,52.53923651431666,NaN,NaN
1659715200,23164.050566948703,23164.050566948703,22754.13,22944.805,46.525003340602474,NaN,NaN
1659729600,23054.42778347435,23329,22839.27,23102.98,50.52403620249707,NaN,NaN
1659744000,23078.703891737176,23354.36,23078.703891737176,23248.497499999998,53.93690349443954,NaN,NaN
1659758400,23163.600695868587,23236.93,23140.02,23189.1175,52.3499965974503,NaN,NaN
1659772800,23176.35909793429,23258.61,23100,23180.2,52.10207857717111,NaN,NaN
1659787200,23178.279548967148,23236.49,23153.59,23187.427499999998,52.29925105811718,NaN,NaN
1659801600,23182.853524483573,23256.37,22982.49,23156.29,51.31910891204364,NaN,NaN
1659816000,23169.571762241787,23220,22909.52,23067.512499999997,48.52670491473181,NaN,NaN
1659830400,23118.542131120892,23118.542131120892,22844.62,22960.2125,45.317160925009304,NaN,NaN
1659844800,23039.377315560447,23039.377315560447,22938.47,22993.535,46.500568207049916,NaN,NaN
1659859200,23016.456157780223,23055,22890.52,22999.649999999998,46.72840426459439,NaN,NaN
1659873600,23008.05307889011,23184.21,23008.05307889011,23064.1675,49.1871444634512,NaN,NaN
1659888000,23036.110289445052,23300,22994,23119.2475,51.25558427968736,NaN,NaN
1659902400,23077.67889472253,23402,23051.71,23197.64,54.118274138864024,NaN,NaN
1659916800,23137.659447361264,23350,23137.659447361264,23246.3175,55.852070952869255,NaN,NaN
1659931200,23191.988473680634,23852.43,23191.988473680634,23561.2175,65.05242565152714,NaN,NaN
1659945600,23376.602986840317,24189.43,23376.602986840317,23983.5225,73.13742690240909,NaN,NaN
1659960000,23680.06274342016,24245,23680.06274342016,24073.7675,74.4953169167621,NaN,NaN
1659974400,23876.91512171008,24011.93,23793.33,23930.8675,68.58338199752517,NaN,NaN
1659988800,23903.89131085504,24104.55,23670.88,23878.0675,66.48394038502587,NaN,NaN
1660003200,23890.97940542752,23890.97940542752,23626.87,23784.192499999997,62.80294218956781,NaN,NaN
1660017600,23837.585952713758,23933.25,23754.51,23848.714999999997,64.2673433977632,NaN,NaN
1660032000,23843.150476356877,23890.47,23182.55,23553.765,53.83386849514277,NaN,NaN
1660046400,23698.45773817844,23698.45773817844,22865,23132.6025,43.07929497734845,NaN,NaN
1660060800,23415.53011908922,23415.53011908922,22970,23057.7325,41.492397200742374,NaN,NaN
1660075200,23236.63130954461,23265,23050,23129.6925,43.6412645613885,NaN,NaN
1660089600,23183.161904772307,23183.161904772307,22664.69,22957.77,39.87330854273978,NaN,NaN
1660104000,23070.465952386156,23070.465952386156,22829.17,22917.0225,39.01354921923133,NaN,NaN
1660118400,22993.744226193077,23204,22961.96,23063.395,43.708994987200555,NaN,NaN
1660132800,23028.569613096537,24178,23004.58,23575.510000000002,56.36668302500055,NaN,NaN
1660147200,23302.03980654827,24092.52,23302.03980654827,23800.992499999997,60.57070016932693,NaN,NaN
1660161600,23551.516153274133,24226,23551.516153274133,23860.49,61.62146423080537,NaN,NaN
1660176000,23706.00307663707,24491.22,23706.00307663707,24170.510000000002,66.61405027157392,NaN,NaN
1660190400,23938.256538318536,24745,23938.256538318536,24447.18,70.32423946562677,NaN,NaN
1660204800,24192.718269159268,24685.2,24192.718269159268,24505.3825,71.05302502648475,NaN,NaN
1660219200,24349.050384579634,24918.54,24280.18,24525.442499999997,71.31450248837507,NaN,NaN
1660233600,24437.246442289816,24437.246442289816,24081.22,24266.302499999998,63.353139497579285,NaN,NaN
1660248000,24351.774471144905,24351.774471144905,23852.13,24085.9275,58.46096310425777,NaN,NaN
1660262400,24218.850985572455,24218.850985572455,23761.84,23950.7525,55.03132234168474,NaN,NaN
1660276800,24084.80174278623,24084.80174278623,23880,23978.06,55.59802493823427,NaN,NaN
1660291200,24031.430871393117,24143,23583,23839.995000000003,52.02802072688735,NaN,NaN
1660305600,23935.71293569656,24012.21,23653.66,23829.877500000002,51.765704118021375,NaN,NaN
1660320000,23882.79521784828,24271.58,23882.79521784828,24095.190000000002,57.77746830967309,NaN,NaN
1660334400,23988.99260892414,24456.5,23988.99260892414,24271.510000000002,61.235352045916486,NaN,NaN
1660348800,24130.251304462072,24811.24,24130.251304462072,24585.96,66.50394328263306,NaN,NaN
1660363200,24358.105652231035,24888,24358.105652231035,24702.195,68.22319284914323,NaN,NaN
1660377600,24530.150326115516,24653.48,24291.22,24488.66,61.934048762028176,NaN,NaN
1660392000,24509.40516305776,24600.88,24300,24462.362500000003,61.18598002959602,NaN,NaN
1660406400,24485.88383152888,24593.37,24336.16,24460.1875,61.12022538135559,NaN,NaN
1660420800,24473.03566576444,24545,24319.09,24426.0075,60.0284602435624,NaN,NaN
1660435200,24449.52158288222,24640,24343.3,24499.095,61.60768627067716,NaN,NaN
1660449600,24474.30829144111,25047.56,24474.30829144111,24747.802499999998,66.46330066936372,NaN,NaN
1660464000,24611.055395720556,24883.24,24524.32,24711.342500000002,65.16220819894534,NaN,NaN
1660478400,24661.198947860277,24661.198947860277,24400,24520.6175,58.68981837380447,NaN,NaN
1660492800,24590.90822393014,24590.90822393014,24144,24380.58,54.41599238227639,NaN,NaN
1660507200,24485.74411196507,24485.74411196507,24172.4,24299.1775,52.04353230445469,NaN,NaN
1660521600,24392.460805982533,25211.32,24164.1,24637.015,59.86442976778138,NaN,NaN
1660536000,24514.737902991266,24982.7,23944.62,24455.1225,54.69275912624006,NaN,NaN
1660550400,24484.930201495634,24484.930201495634,23869.46,24065.0675,45.596038426739185,NaN,NaN
1660564800,24274.99885074782,24274.99885074782,23900,24110.1625,46.69978959478677,NaN,NaN
1660579200,24192.58067537391,24281.1,23965,24113.660000000003,46.789956731419004,NaN,NaN
1660593600,24153.120337686956,24192.83,23773.22,24011.1025,44.417139295329115,NaN,NaN
1660608000,24082.11141884348,24247.49,23853,24069.2375,46.086179224018885,NaN,NaN
1660622400,24075.674459421738,24144.77,23795.67,24022.655,44.92217016752082,NaN,NaN
1660636800,24049.16472971087,24150,23968.78,24056.145,45.97857106339173,NaN,NaN
1660651200,24052.654864855434,24094.13,23671.22,23925.870000000003,42.558982945006235,NaN,NaN
1660665600,23989.26243242772,24058,23691.06,23895.075,41.768181048658946,NaN,NaN
1660680000,23942.168716213862,23994,23809,23896.995000000003,41.84074167526024,NaN,NaN
1660694400,23919.581858106932,24085,23824.99,23943.2,43.66014434461899,NaN,NaN
1660708800,23931.390929053465,24446.71,23759.3,23999.7725,45.89203171524755,NaN,NaN
1660723200,23965.581714526732,23965.581714526732,23690.79,23787.682500000003,39.56415582384161,NaN,NaN
1660737600,23876.632107263365,23876.632107263365,23321.6,23555.207499999997,34.025921673277736,NaN,NaN
1660752000,23715.91980363168,23715.91980363168,23236,23385.445,30.651696119158828,NaN,NaN
1660766400,23550.68240181584,23550.68240181584,23180.4,23304.347500000003,29.163845309219255,NaN,NaN
1660780800,23427.51495090792,23516.44,23285.23,23394.41,33.05047860017852,NaN,NaN
1660795200,23410.96247545396,23466.67,23325.01,23410.034999999996,33.729834505693375,NaN,NaN
1660809600,23410.49873772698,23582.35,23344.2,23468.7975,36.34585700717531,NaN,NaN
1660824000,23439.64811886349,23600,23355.73,23485.61,37.110777614844345,NaN,NaN
1660838400,23462.629059431747,23469.27,23235.28,23375.22,34.204389254839,NaN,NaN
1660852800,23418.924529715874,23448,23111.04,23273.780000000002,31.744128231764634,NaN,NaN
1660867200,23346.35226485794,23346.35226485794,22711.11,22970.07,25.768059369647503,NaN,NaN
1660881600,23158.21113242897,23158.21113242897,21447.76,22239.9875,17.32469781441955,NaN,NaN
1660896000,22699.099316214484,22699.099316214484,21261.96,21638.28,13.421414097016623,NaN,NaN
1660910400,22168.689658107243,22168.689658107243,21265.77,21445.6875,12.454207648404761,NaN,NaN
1660924800,21807.18857905362,21807.18857905362,21149.95,21395.925,12.209379137720049,NaN,NaN
1660939200,21601.55678952681,21601.55678952681,20783.57,21082.5275,10.773024863715634,NaN,NaN
1660953600,21342.042144763407,21342.042144763407,20792.92,20995.079999999998,10.405188633928105,NaN,NaN
1660968000,21168.5610723817,21370,21077.56,21223.695,18.26260290586029,NaN,NaN
1660982400,21196.12803619085,21315,21118.5,21243.787500000002,18.93548891421031,NaN,NaN
1660996800,21219.957768095424,21382.85,21200,21278.9875,20.17528831678797,NaN,NaN
1661011200,21249.472634047714,21360,20941.63,21147.6225,19.006985082660165,NaN,NaN
1661025600,21198.54756702386,21250.51,20761.9,21035.25,18.044391153977813,NaN,NaN
1661040000,21116.89878351193,21330.55,21116.89878351193,21199.512499999997,24.095829224848316,NaN,NaN
1661054400,21158.205641755965,21285.08,21069.11,21203.9075,24.25697824674154,NaN,NaN
1661068800,21181.056570877983,21570,21181.056570877983,21392.27,31.016663569515828,NaN,NaN
1661083200,21286.66328543899,21587.74,21286.66328543899,21462.0975,33.38989821722187,NaN,NaN
1661097600,21374.380392719497,21557.26,21330.75,21454.754999999997,33.260322064831584,NaN,NaN
1661112000,21414.567696359747,21800,21277.73,21526.337499999998,35.873072952482744,NaN,NaN
1661126400,21470.452598179872,21530.03,21360.41,21455.5,34.43635308752782,NaN,NaN
1661140800,21462.976299089936,21494.44,21058.62,21266.1125,30.87596878189781,NaN,NaN
1661155200,21364.544399544968,21364.544399544968,20890.18,21143.9125,28.80642922687008,NaN,NaN
1661169600,21254.228449772483,21444.72,21086.54,21295.377500000002,34.653041372886676,NaN,NaN
1661184000,21274.802974886243,21548.71,20963,21242.3575,33.61246028563916,NaN,NaN
1661198400,21258.580237443122,21423.74,21045,21231.0125,33.381472232778634,NaN,NaN
1661212800,21244.79636872156,21468.51,21218.28,21331.68,37.48664544894118,NaN,NaN
1661227200,21288.23818436078,21318.84,20890.14,21188.375,34.25096236824598,NaN,NaN
1661241600,21238.30659218039,21550,21238.30659218039,21399.42,42.16789271688464,NaN,NaN
1661256000,21318.863296090196,21684.87,21318.863296090196,21485.864999999998,45.08471621781545,NaN,NaN
1661270400,21402.364148045097,21602.49,21358.38,21488.9725,45.191730849805026,NaN,NaN
1661284800,21445.668324022547,21654.91,21428,21533.51,46.7921188139761,NaN,NaN
1661299200,21489.589162011274,21555.84,21145,21373.489999999998,42.042086492544584,NaN,NaN
1661313600,21431.539581005636,21504.97,21237.57,21331.1,40.85881750788507,NaN,NaN
1661328000,21381.319790502817,21476.23,21261,21373.855,42.61318087556985,NaN,NaN
1661342400,21377.58739525141,21645.65,21373.43,21519.342500000002,48.2398166895096,NaN,NaN
1661356800,21448.464947625704,21900,21448.464947625704,21707.760000000002,54.46638836176032,NaN,NaN
1661371200,21578.112473812853,21761.92,21361.6,21550.23,49.14351513878322,NaN,NaN
1661385600,21564.171236906426,21637.89,21310.15,21446.255,45.951481899119365,NaN,NaN
1661400000,21505.21311845321,21762,21461.53,21608.735,51.277320672767424,NaN,NaN
1661414400,21556.974059226606,21819.88,21556.974059226606,21723.9075,54.685883533325296,NaN,NaN
1661428800,21640.440779613302,21779,21483.38,21636.9525,51.742685022847844,NaN,NaN
1661443200,21638.69663980665,21646.27,21422.43,21559.455,49.201142801207105,NaN,NaN
1661457600,21599.075819903326,21685,21514.89,21591.545,50.2899703422911,NaN,NaN
1661472000,21595.310409951664,21614.89,21431.22,21539.33,48.4694986450074,NaN,NaN
1661486400,21567.320204975833,21567.320204975833,21326.66,21474.137499999997,46.21983307726251,NaN,NaN
1661500800,21520.728852487915,21520.728852487915,21106.31,21304.435,40.898373598298576,NaN,NaN
1661515200,21412.581926243958,21886.77,20635.12,21123.56,36.124419382850704,NaN,NaN
1661529600,21268.07096312198,21268.07096312198,20529.74,20696.825,27.861388564989483,NaN,NaN
1661544000,20982.44798156099,20982.44798156099,20107.9,20435.485,24.20921425832877,NaN,NaN
1661558400,20708.966490780494,20708.966490780494,20135.04,20245.072500000002,21.951414124585042,NaN,NaN
1661572800,20477.019495390246,20477.019495390246,19920,20168.465,21.09885556765785,NaN,NaN
1661587200,20322.742247695125,20322.742247695125,20135.89,20224.1525,23.426992573447066,NaN,NaN
1661601600,20273.447373847564,20273.447373847564,19800,20057.6475,21.394274978268186,NaN,NaN
1661616000,20165.54743692378,20165.54743692378,19838.8,19983.22,20.53649166207842,NaN,NaN
1661630400,20074.38371846189,20103.57,19858.43,20004.4,21.501033714850607,NaN,NaN
1661644800,20039.391859230946,20171.18,19926.78,20031.535,22.7940170920009,NaN,NaN
1661659200,20035.463429615473,20085,19937.9,20017.7275,22.590117013197187,NaN,NaN
1661673600,20026.59546480774,20107.52,19943,20035.335,23.52953224853077,NaN,NaN
1661688000,20030.96523240387,20059.99,19811,19981.7225,22.629039231895504,NaN,NaN
1661702400,20006.343866201933,20155.62,19955.1,20026.6275,25.210818795920304,NaN,NaN
1661716800,20016.485683100967,20049.96,19520,19774.47,20.97769630503504,NaN,NaN
1661731200,19895.477841550484,19966.56,19550.79,19735.275,20.404191915289132,NaN,NaN
1661745600,19815.376420775243,19941.22,19739.74,19861.065,27.2757950105443,NaN,NaN
1661760000,19838.22071038762,19923.63,19762.3,19852.0075,27.09441286961095,NaN,NaN
1661774400,19845.11410519381,20384.25,19805,20068.9325,37.76813450570818,NaN,NaN
1661788800,19957.023302596906,20433.62,19957.023302596906,20218.7025,43.87744758846485,NaN,NaN
1661803200,20087.862901298453,20351.53,20075,20202.7275,43.3881741303909,NaN,NaN
1661817600,20145.295200649227,20298.75,20110,20242.3275,45.024678177501805,NaN,NaN
1661832000,20193.811350324613,20576.25,20193.811350324613,20385.2725,50.578412260500734,NaN,NaN
1661846400,20289.541925162306,20511.3,20289.541925162306,20420.185,51.85762126963284,NaN,NaN
1661860800,20354.863462581154,20450,19650,20065.010000000002,40.40086645613373,NaN,NaN
1661875200,20209.936731290578,20209.936731290578,19540,19835.8125,35.02359544286236,NaN,NaN
1661889600,20022.87461564529,20059.66,19745.43,19890.9875,37.190856687627445,NaN,NaN
1661904000,19956.931057822643,20459.32,19797.94,20118.289999999997,45.28723521018949,NaN,NaN
1661918400,20037.61052891132,20490,20037.61052891132,20334.3875,51.66618551428618,NaN,NaN
1661932800,20185.999014455658,20410.21,20123.09,20276.5425,49.98617788550503,NaN,NaN
1661947200,20231.27075722783,20423.38,19870,20187.197500000002,47.42129591910295,NaN,NaN
1661961600,20209.234128613916,20328.46,19881.22,20145.127500000002,46.21869353357861,NaN,NaN
1661976000,20177.180814306957,20299.97,19966,20136.14,45.95059719815514,NaN,NaN
1661990400,20156.66040715348,20208.37,19917.01,20049.1975,43.33205030741108,NaN,NaN
1662004800,20102.92895357674,20139,19801.38,19964.965,40.90025264899052,NaN,NaN
1662019200,20033.94697678837,20126.23,19820.6,19978.9525,41.48748778704567,NaN,NaN
1662033600,20006.449738394185,20096.39,19652.79,19901.670000000002,39.171570017096755,NaN,NaN
1662048000,19954.059869197095,19954.059869197095,19565.66,19789.5925,36.030362787323256,NaN,NaN
1662062400,19871.826184598547,20180,19841.45,20006.1475,45.178108602711404,NaN,NaN
1662076800,19938.986842299273,20245.89,19938.986842299273,20123.329999999998,49.3951832112522,NaN,NaN
1662091200,20031.158421149637,20298,20031.158421149637,20150.8475,50.36081774185391,NaN,NaN
1662105600,20091.00296057482,20179.19,19991,20093.06,48.277408921249254,NaN,NaN
1662120000,20092.031480287413,20441.26,20020.06,20226.995000000003,53.118346722847456,NaN,NaN
1662134400,20159.513240143708,20387.3,19755.29,20102.2175,48.55858514077074,NaN,NaN
1662148800,20130.865370071853,20130.865370071853,19858.4,19936.5375,43.249745238548364,NaN,NaN
1662163200,20033.701435035924,20055.93,19866.77,19943.342500000002,43.52286241180434,NaN,NaN
1662177600,19988.52196751796,19988.52196751796,19754.77,19859.550000000003,40.91194563511607,NaN,NaN
1662192000,19924.035983758982,19924.035983758982,19726.1,19802.3375,39.18352461955569,NaN,NaN
1662206400,19863.186741879494,19904.68,19748.88,19806.31,39.37504214343447,NaN,NaN
1662220800,19834.74837093975,19835,19652.72,19742.6675,37.34596319671819,NaN,NaN
1662235200,19788.707935469873,19850,19677.29,19767.2975,38.663309973306184,NaN,NaN
1662249600,19778.002717734937,19861.94,19740.07,19801.8125,40.54970742378518,NaN,NaN
1662264000,19789.90760886747,19812.19,19615,19708.1,37.2040786677488,NaN,NaN
1662278400,19749.003804433734,19852.92,19583.1,19729.44,38.44946313063757,NaN,NaN
1662292800,19739.221902216865,19940,19650,19807.447500000002,42.90687199377707,NaN,NaN
1662307200,19773.334701108433,19956.54,19722,19838.0175,44.60005432591458,NaN,NaN
1662321600,19805.676100554218,20029.23,19805.676100554218,19931.9275,49.54981020337558,NaN,NaN
1662336000,19868.80180027711,20057.27,19809.56,19938.010000000002,49.862269945007995,NaN,NaN
1662350400,19903.405900138554,19913.09,19681.22,19807.2975,43.61126760150435,NaN,NaN
1662364800,19855.351700069277,19855.351700069277,19633.83,19722.94,40.11595506037661,NaN,NaN
1662379200,19789.145850034638,19950.7,19667.02,19793.565,44.15163929941332,NaN,NaN
1662393600,19791.35542501732,19912.4,19670.14,19786.4425,43.830831849835526,NaN,NaN
1662408000,19788.89896250866,19870.8,19697.1,19768.345,42.976359437442824,NaN,NaN
1662422400,19778.62198125433,20180,19673.44,19859.6975,48.440405600728916,NaN,NaN
1662436800,19819.159740627165,19948.14,19730.74,19843.67,47.57900570809148,NaN,NaN
1662451200,19831.41487031358,20030.82,19831.41487031358,19929.1725,52.43808601280866,NaN,NaN
1662465600,19880.29368515679,19993.67,19663.7,19848.517499999998,47.92524218651241,NaN,NaN
1662480000,19864.405592578394,19864.405592578394,18733.97,19307.9375,29.561966479789007,NaN,NaN
1662494400,19586.171546289195,19586.171546289195,18649.51,18845.899999999998,21.85427691080956,NaN,NaN
1662508800,19216.0357731446,19216.0357731446,18510.77,18730.1,20.417437761721075,NaN,NaN
1662523200,18973.0678865723,18973.0678865723,18671.22,18765.085,22.084130843708593,NaN,NaN
1662537600,18869.076443286147,18869.076443286147,18691.22,18772.6,22.45979215148445,NaN,NaN
1662552000,18820.838221643073,18968.58,18674.33,18813.510000000002,24.591253425712836,NaN,NaN
1662566400,18817.174110821536,19200,18817.174110821536,18978.35,32.627462056457375,NaN,NaN
1662580800,18897.762055410767,19464.06,18897.762055410767,19184.29,41.07604983162677,NaN,NaN
1662595200,19041.026027705382,19384.81,19041.026027705382,19261.885000000002,43.92914403378746,NaN,NaN
1662609600,19151.455513852692,19391.22,19056,19209.32,42.4303282301053,NaN,NaN
1662624000,19180.387756926346,19397.71,19142.29,19255.6875,44.23766131079857,NaN,NaN
1662638400,19218.03762846317,19378.19,19012,19238.149999999998,43.67911782675748,NaN,NaN
1662652800,19228.093814231586,19354.04,19093.13,19262.590000000004,44.72648773782482,NaN,NaN
1662667200,19245.341907115795,19458.25,19245.341907115795,19345.575,48.245811546894956,NaN,NaN
1662681600,19295.458453557898,19956.12,19291.75,19629.785,58.08824435651517,NaN,NaN
1662696000,19462.621726778947,20800,19462.621726778947,20327.454999999998,72.10996676373446,NaN,NaN
1662710400,19895.038363389474,21200,19895.038363389474,20848.684999999998,78.02501335987992,NaN,NaN
1662724800,20371.861681694736,21337.72,20371.861681694736,21113.65,80.31101367286045,NaN,NaN
1662739200,20742.75584084737,21437.9,20742.75584084737,21281.32,81.61441078819679,NaN,NaN
1662753600,21012.037920423685,21597.22,21012.037920423685,21358.754999999997,82.20045309232447,NaN,NaN
1662768000,21185.396460211843,21391.65,21163.25,21304.8975,80.28367330721537,NaN,NaN
1662782400,21245.14698010592,21672.24,21245.14698010592,21377.395,80.92835837380778,NaN,NaN
1662796800,21311.27099005296,21393.99,21253.5,21304.1225,78.14712598911888,NaN,NaN
1662811200,21307.69674502648,21363.01,21111.13,21244.6525,75.86816067938653,NaN,NaN
1662825600,21276.174622513237,21646,21171.44,21404.18,77.74319741828246,NaN,NaN
1662840000,21340.17731125662,21810.8,21340.17731125662,21599.969999999998,79.81603585467737,NaN,NaN
1662854400,21470.07365562831,21682.6,21450.01,21580.559999999998,79.03022932364019,NaN,NaN
1662868800,21525.316827814153,21643.61,21350,21536.88,77.18852461983383,NaN,NaN
1662883200,21531.09841390708,21726.6,21531.09841390708,21626.9575,78.31101926075075,NaN,NaN
1662897600,21579.02795695354,21753.75,21455,21616.235,77.82012580360528,NaN,NaN
1662912000,21597.63147847677,21860,21530,21662.515,78.44808610480219,NaN,NaN
1662926400,21630.073239238387,21850,21456.67,21687.8825,78.80235235590276,NaN,NaN
1662940800,21658.977869619193,22374,21538.51,21849.062499999996,80.94553357989282,NaN,NaN
1662955200,21754.020184809597,22232.09,21627.34,21927.375,81.90291390837086,NaN,NaN
1662969600,21840.6975924048,22472.68,21840.6975924048,22237.91,85.0999017892707,NaN,NaN
1662984000,22039.3037962024,22488,22000,22229.0175,84.63879680186875,NaN,NaN
1662998400,22134.1606481012,22454,22010.96,22250.907499999998,84.85632156824538,NaN,NaN
1663012800,22192.5340740506,22480.71,22192.5340740506,22389.2675,86.18769283480324,NaN,NaN
1663027200,22290.9007870253,22445.86,22054.07,22281.7375,80.28049370202206,NaN,NaN
1663041600,22286.31914351265,22627,22178.57,22327.845,80.88545411061531,NaN,NaN
1663056000,22307.082071756326,22713.92,22182.09,22422.585,82.10056713335325,NaN,NaN
1663070400,22364.833535878162,22799,20751,21725.627500000002,54.60163046264398,NaN,NaN
1663084800,22045.230517939082,22045.230517939082,20030,20517.77,33.59850921730741,NaN,NaN
1663099200,21281.500258969543,21281.500258969543,19860,20184.9025,30.155877427761155,NaN,NaN
1663113600,20733.201379484773,20733.201379484773,20042.15,20270.072500000002,32.07370015535136,NaN,NaN
1663128000,20501.636939742388,20501.636939742388,20130.98,20275.92,32.211327266055434,NaN,NaN
1663142400,20388.77846987119,20419.83,20091.19,20244.8975,31.842717023967168,NaN,NaN
1663156800,20316.837984935595,20389.99,20070,20215.88,31.479840242530003,NaN,NaN
1663171200,20266.358992467798,20266.358992467798,19617.62,19996.649999999998,28.808696013097588,NaN,NaN
1663185600,20131.504496233898,20393.37,19851.21,20105.78,31.906127485960454,NaN,NaN
1663200000,20118.64224811695,20270.61,19920,20110.3425,32.03925759238041,NaN,NaN
1663214400,20114.492374058475,20330.24,19955.43,20128.3725,32.600054133356934,NaN,NaN
1663228800,20121.432437029238,20225,20025,20150.644999999997,33.33190598367547,NaN,NaN
1663243200,20136.038718514617,20194.12,19497,19894.5175,29.3809564438793,NaN,NaN
1663257600,20015.27810925731,20015.27810925731,19644.1,19777.845,27.766383644982113,NaN,NaN
1663272000,19896.561554628657,19896.561554628657,19578,19738.895,27.228438393685877,NaN,NaN
1663286400,19817.72827731433,19817.72827731433,19582.05,19710.9225,26.826471016887155,NaN,NaN
1663300800,19764.325388657166,19859.99,19728,19767.965,29.12429837762666,NaN,NaN
1663315200,19766.145194328583,19890,19610.13,19776.762499999997,29.49204350879232,NaN,NaN
1663329600,19771.453847164288,19875.61,19442.76,19712.09,28.32840846069054,NaN,NaN
1663344000,19741.771923582142,19741.771923582142,19320.01,19565.5125,25.839921018426438,NaN,NaN
1663358400,19653.64221179107,19819.22,19612.42,19713.07,32.28836918466155,NaN,NaN
1663372800,19683.356105895535,20071.09,19683.356105895535,19882.33,38.85610754792541,NaN,NaN
1663387200,19782.84305294777,19988.89,19782.84305294777,19875.2425,38.6868921687109,NaN,NaN
1663401600,19829.042776473885,19916.61,19806.64,19843.9225,37.90138707082616,NaN,NaN
1663416000,19836.482638236943,20037.99,19748.08,19889.9075,39.833010944375,NaN,NaN
1663430400,19863.195069118472,20189,19863.195069118472,20024.1575,45.19295030030403,NaN,NaN
1663444800,19943.67628455924,20145.76,19940,20052.1625,46.26827190573336,NaN,NaN
1663459200,19997.91939227962,20117.26,19949.95,20045.0375,46.02087696572237,NaN,NaN
1663473600,20021.47844613981,20098,19953.58,20026.27,45.333284734930764,NaN,NaN
1663488000,20023.874223069906,20102.16,19765.01,19960.664999999997,42.91925063813435,NaN,NaN
1663502400,19992.269611534954,20029.81,19725,19872.932500000003,39.86224516446796,NaN,NaN
1663516800,19932.601055767478,19932.601055767478,19562.45,19745.5975,35.868922630054925,NaN,NaN
1663531200,19839.09927788374,19839.09927788374,19335.62,19557.832499999997,30.94594448808445,NaN,NaN
1663545600,19698.465888941868,19698.465888941868,18670,19095.637499999997,22.690382021747922,NaN,NaN
1663560000,19397.05169447093,19397.05169447093,18232.56,18589.0675,17.256648980504423,NaN,NaN
1663574400,18993.059597235464,18993.059597235464,18367.88,18580.3725,17.18059717159693,NaN,NaN
1663588800,18786.71604861773,19433.48,18676.47,18969.0525,31.67609277440907,NaN,NaN
1663603200,18877.884274308868,19560.35,18877,19258.3475,40.082120634385795,NaN,NaN
1663617600,19068.115887154432,19686.2,19068.115887154432,19537.8875,46.8826434364079,NaN,NaN
1663632000,19303.001693577215,19634.62,19174.74,19427.6425,44.726629029458266,NaN,NaN
1663646400,19365.322096788608,19589,19233.38,19386.125,43.90771672402831,NaN,NaN
1663660800,19375.723548394304,19424.29,19150,19288.162500000002,41.95573429102818,NaN,NaN
1663675200,19331.943024197153,19331.943024197153,18777,19125.940000000002,38.87376984779299,NaN,NaN
1663689600,19228.94151209858,19319.28,18711.87,19065.642499999998,37.76336864051212,NaN,NaN
1663704000,19147.29200604929,19147.29200604929,18785.01,18936.6975,35.43251436815173,NaN,NaN
1663718400,19041.994753024643,19060.26,18829.3,18946.26,35.749233524291824,NaN,NaN
1663732800,18994.12737651232,19135.57,18791.2,18974.207499999997,36.72611341315552,NaN,NaN
1663747200,18984.167438256158,19205.93,18823.53,19035.5475,38.92113748146802,NaN,NaN
1663761600,19009.85746912808,19477.77,19009.85746912808,19229.5725,45.37613134679693,NaN,NaN
1663776000,19119.714984564038,19956,18666,19203.71,44.69803589995649,NaN,NaN
1663790400,19161.71249228202,19161.71249228202,18125.98,18665.704999999998,33.4871092227056,NaN,NaN
1663804800,18913.70874614101,18913.70874614101,18356.39,18574.295,32.01772418985347,NaN,NaN
1663819200,18744.001873070505,18969.87,18617.41,18802.989999999998,39.20513540189735,NaN,NaN
1663833600,18773.49593653525,19285.12,18773.49593653525,19088.83,46.778897778164534,NaN,NaN
1663848000,18931.16296826763,19317.66,18794.06,19082.105,46.63170718220361,NaN,NaN
1663862400,19006.633984133812,19499,18780.01,19144.04,48.24679400671267,NaN,NaN
1663876800,19075.336992066907,19550.17,19075.336992066907,19352.8075,53.3694430007732,NaN,NaN
1663891200,19214.07224603345,19467,19214.07224603345,19372.245,53.82769158040702,NaN,NaN
1663905600,19293.158623016723,19500,19200,19329.1025,52.59230656998171,NaN,NaN
1663920000,19311.130561508362,19311.130561508362,18835,19048.627500000002,45.311513713159044,NaN,NaN
1663934400,19179.879030754182,19179.879030754182,18531.42,18795.755,39.94261642534776,NaN,NaN
1663948800,18987.81701537709,18987.81701537709,18572.55,18736.120000000003,38.77575028092766,NaN,NaN
1663963200,18861.968507688547,19406.73,18803,19076.8025,48.103117676955705,NaN,NaN
1663977600,18969.385503844274,19316.14,18969.385503844274,19189.1075,50.765899418708266,NaN,NaN
1663992000,19079.246501922134,19189,18925.94,19058.5,47.70060697339921,NaN,NaN
1664006400,19068.873250961067,19119.75,18940.23,19027.06,46.96545443198931,NaN,NaN
1664020800,19047.966625480534,19225.92,19012.49,19103.697500000002,49.02765839776447,NaN,NaN
1664035200,19075.832062740268,19195,19050.03,19118.1175,49.42613927849105,NaN,NaN
1664049600,19096.974781370132,19150.81,18805.34,18994.8325,46.10739954557483,NaN,NaN
1664064000,19045.903640685065,19062,18913.43,18987.7725,45.91726036440726,NaN,NaN
1664078400,19016.838070342532,19132.21,18937.62,19055.1875,48.117443733001416,NaN,NaN
1664092800,19036.012785171268,19180.21,18982,19094.56,49.41184860814454,NaN,NaN
1664107200,19065.286392585636,19144.23,18841.91,19023.2075,47.11763856515109,NaN,NaN
1664121600,19044.24694629282,19123.27,18850.01,18969.377500000002,45.40484835134497,NaN,NaN
1664136000,19006.81222314641,19006.81222314641,18629.2,18826.4075,41.128538600361566,NaN,NaN
1664150400,18916.609861573204,18948.11,18721.02,18836.662500000002,41.5537442739799,NaN,NaN
1664164800,18876.636180786605,18935,18680.72,18848.9925,42.09527157753754,NaN,NaN
1664179200,18862.814340393303,19318.96,18803.13,18977.4725,47.54878460909582,NaN,NaN
1664193600,18920.14342019665,19280,18817.62,19021.929999999997,49.32719293078659,NaN,NaN
1664208000,18971.036710098324,19269.69,18967.59,19138.3825,53.7507262781986,NaN,NaN
1664222400,19054.70960504916,19246.33,19054.70960504916,19186.590000000004,55.48320807055482,NaN,NaN
1664236800,19120.649802524582,20300,19120.649802524582,19703.3375,68.92210913688459,NaN,NaN
1664251200,19411.99365126229,20350,19411.99365126229,20147.9075,75.71463113138499,NaN,NaN
1664265600,19779.95057563115,20338.39,19779.95057563115,20210.6725,76.49569925720137,NaN,NaN
1664280000,19995.311537815574,20385.86,19865,20092.235,71.8027924768279,NaN,NaN
1664294400,20043.77326890779,20043.77326890779,18816.32,19434.045000000002,52.51979117402135,NaN,NaN
1664308800,19738.909134453897,19738.909134453897,18926.91,19063.255,45.161702488826414,NaN,NaN
1664323200,19401.082067226947,19401.082067226947,18471.28,18883.3275,42.080784941702305,NaN,NaN
1664337600,19142.204783613473,19142.204783613473,18622,18758.18,40.0350047434954,NaN,NaN
1664352000,18950.192391806737,19155.08,18565,18864.5,42.58859260195486,NaN,NaN
1664366400,18907.346195903367,19500,18907.346195903367,19220.692499999997,50.2346041582415,NaN,NaN
1664380800,19064.019347951682,19666.66,19064.019347951682,19489.309999999998,55.09191107698037,NaN,NaN
1664395200,19276.66467397584,19790,19276.66467397584,19533.940000000002,55.86272729679947,NaN,NaN
1664409600,19405.302336987923,19605,19277.01,19450.5825,53.9984519444217,NaN,NaN
1664424000,19427.942418493963,19629,19267,19440.802499999998,53.7717158429529,NaN,NaN
1664438400,19434.37245924698,19550,19301.27,19418.677499999998,53.22721045721098,NaN,NaN
1664452800,19426.52497962349,19476.16,18843.01,19267.765,49.54210944453189,NaN,NaN
1664467200,19347.144989811743,19645.52,19117.5,19364.2925,51.83890617248875,NaN,NaN
1664481600,19355.71874490587,19620,19355.71874490587,19498.47,54.91128424434707,NaN,NaN
1664496000,19427.094372452935,19700,19311.99,19500.1625,54.950323691110036,NaN,NaN
1664510400,19463.628436226467,19640,19387.87,19499.235,54.92225939796036,NaN,NaN
1664524800,19481.431718113236,19635.53,19400.32,19510.72,55.22718927381886,NaN,NaN
1664539200,19496.07585905662,20185,19155.36,19633.04,58.45086245671726,NaN,NaN
1664553600,19564.55792952831,19873.5,19470.29,19643.3325,58.720191019062156,NaN,NaN
1664568000,19603.945214764157,19603.945214764157,19240.44,19419.822500000002,50.990371684661405,NaN,NaN
1664582400,19511.88385738208,19511.88385738208,19351.02,19418.420000000002,50.94505329185813,NaN,NaN
1664596800,19465.15192869104,19465.15192869104,19258.53,19352.0125,48.73634567866215,NaN,NaN
1664611200,19408.582214345523,19408.582214345523,19159.42,19287.32,46.616065237953386,NaN,NaN
1664625600,19347.95110717276,19400.02,19240.08,19320.7725,47.87880551545807,NaN,NaN
1664640000,19334.36180358638,19353.81,19206.63,19289.752500000002,46.773950226805624,NaN,NaN
1664654400,19312.05715179319,19342.63,19200,19279.9325,46.40884568460742,NaN,NaN
1664668800,19295.994825896596,19345.88,19236,19301.237500000003,47.36871453509927,NaN,NaN
1664683200,19298.6161629483,19395.91,19227.73,19304.815,47.53863323440156,NaN,NaN
1664697600,19301.71558147415,19301.71558147415,19036,19203.4775,43.27652204235098,NaN,NaN
1664712000,19252.596540737075,19252.596540737075,19070,19163.4975,41.68851720990996,NaN,NaN
1664726400,19208.04702036854,19341.58,19129.97,19219.037500000002,44.72304652307124,NaN,NaN
1664740800,19213.542260184273,19304.06,18920.35,19135.46,41.244694536735864,NaN,NaN
1664755200,19174.501130092136,19258.96,18959.68,19111.1675,40.264456595131556,NaN,NaN
1664769600,19142.834315046068,19315,19059.68,19185.19,44.5861870083518,NaN,NaN
1664784000,19164.012157523033,19255.3,19122.67,19205.2775,45.733555827471015,NaN,NaN
1664798400,19184.644828761517,19498,19134.23,19303.739999999998,51.080400340452805,NaN,NaN
1664812800,19244.192414380756,19650,19244.192414380756,19459.5325,58.11286027476234,NaN,NaN
1664827200,19351.86245719038,19719.1,19351.86245719038,19600.08,63.24607424801652,NaN,NaN
1664841600,19475.97122859519,19722.6,19475.97122859519,19610.1375,63.58993430007316,NaN,NaN
1664856000,19543.054364297597,19975.43,19543.054364297597,19773.927499999998,68.72206886502354,NaN,NaN
1664870400,19658.490932148798,20152,19658.490932148798,19966.6725,73.46249221216792,NaN,NaN
1664884800,19812.581716074397,20270,19812.581716074397,20053.5,75.28003958609027,NaN,NaN
1664899200,19933.0408580372,20272.98,19872.02,20116.2,76.53010210175364,NaN,NaN
1664913600,20024.6204290186,20475,20024.6204290186,20293.104999999996,79.65601728704101,NaN,NaN
1664928000,20158.862714509298,20365.6,20142.95,20259.05,77.51568578467028,NaN,NaN
1664942400,20208.956357254647,20299.99,20074.91,20198.035,73.69500359377489,NaN,NaN
1664956800,20203.495678627325,20245.58,19952.12,20113.082499999997,68.6233730006114,NaN,NaN
1664971200,20158.28908931366,20158.28908931366,19730,19957.97,60.444032034482014,NaN,NaN
1664985600,20058.129544656833,20350,19950.05,20105.305,64.74274601011965,NaN,NaN
1665000000,20081.717272328417,20215.17,19975.42,20116.539999999997,65.05461215402605,NaN,NaN
1665014400,20099.128636164205,20445.52,20099.128636164205,20274.9625,69.1927180352074,NaN,NaN
1665028800,20187.045568082103,20456.6,20156,20296.7775,69.72437064713742,NaN,NaN
1665043200,20241.91153404105,20257.42,20080.01,20200.27,64.42730827056363,NaN,NaN
1665057600,20221.090767020527,20324.94,19874.81,20113.552499999998,60.01523835022565,NaN,NaN
1665072000,20167.321633510262,20256,19946.76,20055.844999999998,57.20762984895989,NaN,NaN
1665086400,20111.58331675513,20111.58331675513,19853,19974.079999999998,53.396058301992895,NaN,NaN
1665100800,20042.831658377567,20054.41,19940.9,19984.465,53.81693666619524,NaN,NaN
1665115200,20013.648329188785,20013.648329188785,19810,19933.155,51.34947640342059,NaN,NaN
1665129600,19973.401664594392,20024.7,19913.63,19966.307500000003,52.85358374985951,NaN,NaN
1665144000,19969.854582297197,20068.82,19474.71,19780.3325,44.53554317752748,NaN,NaN
1665158400,19875.0935411486,19875.0935411486,19320,19490.795,35.23758366931935,NaN,NaN
1665172800,19682.9442705743,19682.9442705743,19440.73,19518.785,36.61526364754645,NaN,NaN
1665187200,19600.86463528715,19627.38,19494,19539.0625,37.65006620716118,NaN,NaN
1665201600,19569.963567643576,19569.963567643576,19415.6,19491.079999999998,36.1462684890824,NaN,NaN
1665216000,19530.521783821787,19548,19450,19508.2125,37.11212617705218,NaN,NaN
1665230400,19519.367141910894,19543.23,19415,19495.08,36.654443118175735,NaN,NaN
1665244800,19507.223570955448,19535.91,19438.99,19482.7025,36.2012917684656,NaN,NaN
1665259200,19494.963035477725,19494.963035477725,19237.14,19400.6475,33.26523749885193,NaN,NaN
1665273600,19447.805267738862,19455,19327.77,19391.467500000002,32.9433309331296,NaN,NaN
1665288000,19419.63638386943,19439.87,19316.04,19382.305,32.6041989645377,NaN,NaN
1665302400,19400.970691934715,19558,19373.49,19451.949999999997,37.842110068004686,NaN,NaN
1665316800,19426.460345967356,19550,19426.460345967356,19503.73,41.483446527848656,NaN,NaN
1665331200,19465.095172983678,19555.89,19353,19478.405,40.24175546426733,NaN,NaN
1665345600,19471.75008649184,19500,19368.1,19443.962499999998,38.55165825685816,NaN,NaN
1665360000,19457.856293245917,19525,19401,19454.7375,39.408992626829864,NaN,NaN
1665374400,19456.29689662296,19477,19368.08,19427.575,37.97076841012558,NaN,NaN
1665388800,19441.935948311482,19441.935948311482,19107,19317.6625,32.76066852663841,NaN,NaN
1665403200,19379.79922415574,19441.99,19221.41,19316.36,32.703401462614664,NaN,NaN
1665417600,19348.07961207787,19358.76,19098.21,19234.395,29.23955726294797,NaN,NaN
1665432000,19291.237306038936,19291.237306038936,19020.25,19161.462499999998,26.54534877184632,NaN,NaN
1665446400,19226.349903019465,19226.349903019465,18950.01,19065.035,23.46659487888013,NaN,NaN
1665460800,19145.692451509734,19145.692451509734,19010,19064.045,23.436541104250637,NaN,NaN
1665475200,19104.868725754866,19158.93,19031.23,19106.53,27.714952400047082,NaN,NaN
1665489600,19105.699362877433,19268.09,18860,19107.3425,27.798048827258327,NaN,NaN
1665504000,19106.520931438718,19185.52,18918.01,19062.594999999998,26.02372290871213,NaN,NaN
1665518400,19084.55796571936,19084.55796571936,18986.62,19027.3175,24.685949302923547,NaN,NaN
1665532800,19055.937732859682,19132.93,19024.65,19066.5775,29.056754281296207,NaN,NaN
1665547200,19061.25761642984,19203.14,19041.9,19101.635,32.80671425423802,NaN,NaN
1665561600,19081.44630821492,19201.82,19081.44630821492,19129.3625,35.70159216085828,NaN,NaN
1665576000,19105.40440410746,19182.18,18965.88,19100,34.02962209189528,NaN,NaN
1665590400,19102.70220205373,19179.26,19041.74,19123.885000000002,36.62945395803103,NaN,NaN
1665604800,19113.293601026868,19238.31,19113.293601026868,19165.670000000002,41.00930788500166,NaN,NaN
1665619200,19139.481800513437,19175.13,19017.8,19109.2975,37.26708873506363,NaN,NaN
1665633600,19124.38965025672,19124.38965025672,18950,19039.2825,33.213248629923484,NaN,NaN
1665648000,19081.83607512836,19081.83607512836,18566.66,18841.0125,24.939826664710523,NaN,NaN
1665662400,18961.42428756418,19049.99,18190,18738.1675,21.893355900194493,NaN,NaN
1665676800,18849.795893782088,19513.79,18849.795893782088,19184.350000000002,50.27312197755122,NaN,NaN
1665691200,19017.072946891043,19494.56,19017.072946891043,19392.0875,57.93639614208685,NaN,NaN
1665705600,19204.580223445522,19951.87,19204.580223445522,19620.5925,64.42983226294172,NaN,NaN
1665720000,19412.58636172276,19849.79,19412.58636172276,19719.33,66.81378130208839,NaN,NaN
1665734400,19565.95818086138,19748.54,19530,19629.2475,62.68592937372185,NaN,NaN
1665748800,19597.602840430693,19854.48,19301,19527.579999999998,58.307588817180296,NaN,NaN
1665763200,19562.591420215344,19562.591420215344,19106.16,19259.1325,48.64600078919051,NaN,NaN
1665777600,19410.86196010767,19410.86196010767,19070.37,19158.28,45.58966002420368,NaN,NaN
1665792000,19284.570980053835,19284.570980053835,19133.24,19184.710000000003,46.53763736603373,NaN,NaN
1665806400,19234.64049002692,19234.64049002692,19133.16,19178.980000000003,46.34909890619078,NaN,NaN
1665820800,19206.81024501346,19206.81024501346,19037.39,19138.695,44.96970256906452,NaN,NaN
1665835200,19172.75262250673,19199,19094.01,19147.0725,45.33405392799472,NaN,NaN
1665849600,19159.912561253364,19163.39,19052,19111.3775,43.99738745269798,NaN,NaN
1665864000,19135.64503062668,19135.64503062668,18975.18,19069.555,42.41923618008017,NaN,NaN
1665878400,19102.600015313343,19170.82,19063.74,19106.597500000003,44.32410015679616,NaN,NaN
1665892800,19104.598757656673,19162.82,19104.598757656673,19132.7275,45.68899192556529,NaN,NaN
1665907200,19118.66312882834,19195,19087.37,19140.3425,46.10366457191301,NaN,NaN
1665921600,19129.50281441417,19172.55,19104.16,19144.9725,46.37177070495015,NaN,NaN
1665936000,19137.237657207086,19383.44,19118.4,19258.93,52.61913844310224,NaN,NaN
1665950400,19198.083828603543,19425.84,19101,19291.302499999998,54.249621586699085,NaN,NaN
1665964800,19244.69316430177,19309.06,19152.03,19227.6125,50.56302116951188,NaN,NaN
1665979200,19236.152832150885,19318.28,19161.03,19240.3175,51.27435756917848,NaN,NaN
1665993600,19238.235166075443,19545.22,19238.235166075443,19385.6025,58.60872561761067,NaN,NaN
1666008000,19311.918833037722,19676.96,19311.918833037722,19522.3325,64.08744601501061,NaN,NaN
1666022400,19417.125666518863,19592.55,19417.125666518863,19524.1125,64.1539660276491,NaN,NaN
1666036800,19470.61908325943,19626.91,19470.61908325943,19544.0575,64.93765848774773,NaN,NaN
1666051200,19507.338291629712,19624.03,19480,19550.1025,65.18608865023374,NaN,NaN
1666065600,19528.720395814857,19706.66,19524.37,19611.157499999998,67.67714065379258,NaN,NaN
1666080000,19569.938947907427,19673,19470,19593.135,66.17198091572985,NaN,NaN
1666094400,19581.536973953713,19680.49,19280.11,19474.8,57.17978118759554,NaN,NaN
1666108800,19528.168486976858,19528.168486976858,19091,19281.23,46.13551839477357,NaN,NaN
1666123200,19404.69924348843,19433.43,19195.44,19293.525,46.8378974588459,NaN,NaN
1666137600,19349.112121744216,19360.16,19213.99,19295.805,46.97597808158711,NaN,NaN
1666152000,19322.45856087211,19322.45856087211,19146.8,19238.565,43.893630880351374,NaN,NaN
1666166400,19280.511780436056,19281.81,19140.01,19210.3125,42.4143176149553,NaN,NaN
1666180800,19245.412140218028,19301.69,19065.97,19208.877500000002,42.33627156031665,NaN,NaN
1666195200,19227.144820109017,19279.31,19095,19218.71,43.10874002539944,NaN,NaN
1666209600,19222.927410054508,19249.51,19084.23,19172.335,40.36236822957506,NaN,NaN
1666224000,19197.631205027254,19197.631205027254,18900,19057.695,34.50949009830957,NaN,NaN
1666238400,19127.663102513627,19210,19037.66,19109.2,38.80307762320874,NaN,NaN
1666252800,19118.431551256814,19253.33,19105.99,19178.1275,44.08617894224297,NaN,NaN
1666267200,19148.279525628408,19347.82,19128.24,19234.362500000003,48.02825933190103,NaN,NaN
1666281600,19191.321012814205,19256.55,18964.02,19134.567499999997,42.32538284474798,NaN,NaN
1666296000,19162.9442564071,19162.9442564071,18929.38,19033.085,37.45489205074874,NaN,NaN
1666310400,19098.01462820355,19131.39,18999,19056.02,39.15886008933876,NaN,NaN
1666324800,19077.017314101773,19084.17,18991.69,19038.7275,38.31136069169427,NaN,NaN
1666339200,19057.872407050887,19057.872407050887,18900,18979.072500000002,35.46018424921817,NaN,NaN
1666353600,19018.472453525443,19174.16,18650,18984.35,35.91456708213066,NaN,NaN
1666368000,19001.41122676272,19250,19001.41122676272,19174.165,49.645982120074486,NaN,NaN
1666382400,19087.78811338136,19249.73,19087.78811338136,19185.25,50.31550694731216,NaN,NaN
1666396800,19136.519056690682,19183.39,19112.72,19152.925,48.2987392783725,NaN,NaN
1666411200,19144.722028345343,19177.01,19132.71,19155.915,48.50434818120749,NaN,NaN
1666425600,19150.31851417267,19188,19140,19167.56,49.34919911212343,NaN,NaN
1666440000,19158.939257086335,19257,19155,19206.660000000003,52.18573917228212,NaN,NaN
1666454400,19182.79962854317,19248.85,19134,19200.37,51.68429821974403,NaN,NaN
1666468800,19191.584814271584,19224.99,19173.79,19196.74,51.377479805748564,NaN,NaN
1666483200,19194.162407135795,19219.76,19163.32,19196.24,51.3322774163441,NaN,NaN
1666497600,19195.2012035679,19221.71,19148.01,19182.409999999996,50.0213434804578,NaN,NaN
1666512000,19188.805601783948,19188.805601783948,19125.63,19157.0675,47.62138223527253,NaN,NaN
1666526400,19172.936550891973,19213.14,19070.11,19156.1575,47.53319159955695,NaN,NaN
1666540800,19164.547025445987,19553.96,19164.547025445987,19353.2775,63.361439921850796,NaN,NaN
1666555200,19258.912262722995,19695,19258.912262722995,19551.935,72.39869880845504,NaN,NaN
1666569600,19405.423631361497,19601.15,19342.33,19476.4625,65.76214319073333,NaN,NaN
1666584000,19440.94306568075,19440.94306568075,19250.59,19339.3425,55.761202335632504,NaN,NaN
1666598400,19390.142782840376,19444.44,19292.3,19370.6925,57.35790786272806,NaN,NaN
1666612800,19380.417641420187,19450.9,19157,19333.190000000002,54.8094115426573,NaN,NaN
1666627200,19356.803820710094,19425.05,19223,19323.309999999998,54.12709354871843,NaN,NaN
1666641600,19340.056910355044,19419.15,19301.11,19348.482500000002,55.64224258875397,NaN,NaN
1666656000,19344.269705177525,19365.32,19250,19321.985,53.63406085377823,NaN,NaN
1666670400,19333.127352588763,19377.1,19272.85,19324.777499999997,53.82320596864974,NaN,NaN
1666684800,19328.95242629438,19328.95242629438,19237,19293.1575,51.27264808849362,NaN,NaN
1666699200,19311.05496314719,19811,19260.82,19530.4225,64.76519617409818,NaN,NaN
1666713600,19420.738731573598,20415.87,19420.738731573598,20038.872499999998,78.50263268127019,NaN,NaN
1666728000,19729.805615786798,20296.92,19729.805615786798,20158.5925,80.43673043024884,NaN,NaN
1666742400,19944.1990578934,20308,19944.1990578934,20172.15,80.64905144877324,NaN,NaN
1666756800,20058.1745289467,20382.56,20058.1745289467,20276.7775,82.25007929450742,NaN,NaN
1666771200,20167.476014473352,20783.27,20167.476014473352,20504.23,85.13031453042989,NaN,NaN
1666785600,20335.853007236678,21020,20335.853007236678,20703.0675,87.10085252354727,NaN,NaN
1666800000,20519.460253618337,20997.13,20519.460253618337,20811.8275,88.03487207042623,NaN,NaN
1666814400,20665.64387680917,20907,20665.64387680917,20784.3475,86.33385641556296,NaN,NaN
1666828800,20724.995688404582,20847.9,20581.49,20739.0825,83.4727833568447,NaN,NaN
1666843200,20732.039094202293,20872.21,20680.72,20754.7125,83.67397475446559,NaN,NaN
1666857600,20743.375797101147,20750.9,20451.71,20634.1425,75.9892741833288,NaN,NaN
1666872000,20688.759148550576,20780,20430,20598.8,73.84826018070905,NaN,NaN
1666886400,20643.779574275286,20679.51,20497.62,20592.699999999997,73.46353000055836,NaN,NaN
1666900800,20618.23978713764,20637.9,20200,20440.65,64.45026813159845,NaN,NaN
1666915200,20529.44489356882,20529.44489356882,20160,20271.43,56.18792644490095,NaN,NaN
1666929600,20400.43744678441,20400.43744678441,20060,20186.274999999998,52.537913617628604,NaN,NaN
1666944000,20293.356223392206,20293.356223392206,20026,20132.0975,50.29916341466932,NaN,NaN
1666958400,20212.7268616961,20588.88,20000.09,20311.89,56.86775386813636,NaN,NaN
1666972800,20262.30843084805,20750,20262.30843084805,20573.4175,64.26588451964122,NaN,NaN
1666987200,20417.862965424025,20735.86,20417.862965424025,20625.7275,65.53909058022387,NaN,NaN
1667001600,20521.795232712015,20823.81,20521.795232712015,20680.982500000002,66.88141942421021,NaN,NaN
1667016000,20601.388866356006,20777,20601.388866356006,20731.0875,68.09504438359576,NaN,NaN
1667030400,20666.238183178004,21085,20650.21,20801.5925,69.77355242816132,NaN,NaN
1667044800,20733.915341589003,20947,20676.54,20811.2325,70.00590253735021,NaN,NaN
1667059200,20772.5739207945,20982.86,20757.26,20874.832499999997,71.55922615705597,NaN,NaN
1667073600,20823.70321039725,20899.99,20704.12,20812.684999999998,67.8609663441002,NaN,NaN
1667088000,20818.19410519862,20841.11,20701.15,20781.86,66.03795445558191,NaN,NaN
1667102400,20800.02705259931,20931.21,20741.32,20824.72,67.3512712607506,NaN,NaN
1667116800,20812.373526299656,20887.34,20632.73,20785.1875,64.85989844123196,NaN,NaN
1667131200,20798.780513149828,20798.780513149828,20589.18,20704.5475,59.98550929646377,NaN,NaN
1667145600,20751.664006574916,20751.664006574916,20550,20643.780000000002,56.5373679962189,NaN,NaN
1667160000,20697.72200328746,20739,20515,20632.3125,55.88451967915565,NaN,NaN
1667174400,20665.01725164373,20675,20427.23,20561.445,51.89632496550246,NaN,NaN
1667188800,20613.231125821865,20613.231125821865,20455,20527.68,50.063136112952705,NaN,NaN
1667203200,20570.45556291093,20845.92,20449.86,20643.35,55.82057488923423,NaN,NaN
1667217600,20606.902781455465,20755.73,20237.95,20531.684999999998,49.84584784319956,NaN,NaN
1667232000,20569.29389072773,20569.29389072773,20328.68,20409,44.242787192197454,NaN,NaN
1667246400,20489.146945363864,20524.76,20353.77,20435.167500000003,45.646188223059575,NaN,NaN
1667260800,20462.157222681933,20589.67,20440.64,20500.905,49.111452970816906,NaN,NaN
1667275200,20481.531111340966,20662.8,20466.71,20552.8975,51.73249202123432,NaN,NaN
1667289600,20517.21430567048,20700,20489.92,20577.862500000003,52.98467679809354,NaN,NaN
1667304000,20547.538402835242,20570.07,20330.74,20466.760000000002,47.125381742231546,NaN,NaN
1667318400,20507.149201417622,20517.77,20372.85,20446.5175,46.12456996184458,NaN,NaN
1667332800,20476.83335070881,20503.51,20429.35,20466.4425,47.31071740843688,NaN,NaN
1667347200,20471.637925354407,20558.35,20407.66,20492.29,48.88295636948439,NaN,NaN
1667361600,20481.963962677204,20563.36,20356.75,20465.5225,47.30857449351323,NaN,NaN
1667376000,20473.7432313386,20539.9,20339.99,20433.215,45.407662591989336,NaN,NaN
1667390400,20453.479115669303,20457.29,20360,20414.675,44.307417041417196,NaN,NaN
1667404800,20434.07705783465,20800,20048.04,20376.9375,42.07276646663073,NaN,NaN
1667419200,20405.507278917325,20405.507278917325,20059.94,20186.265,33.012986944533154,NaN,NaN
1667433600,20295.886139458664,20339.99,20120,20230.615,36.44131002963354,NaN,NaN
1667448000,20263.25056972933,20393.32,20263.25056972933,20322.012499999997,42.924198158448775,NaN,NaN
1667462400,20292.631534864664,20338.99,20052,20205.995,37.671521996414825,NaN,NaN
1667476800,20249.31326743233,20339.86,20031.24,20187.38,36.89146109175598,NaN,NaN
1667491200,20218.346633716166,20315.8,20177.1,20251.152499999997,41.37051711443689,NaN,NaN
1667505600,20234.74956685808,20271,20157.86,20224.802499999998,40.103980611575054,NaN,NaN
1667520000,20229.77603342904,20330.87,20180.96,20260.184999999998,42.64322255745946,NaN,NaN
1667534400,20244.980516714517,20688,20244.980516714517,20481.982500000002,55.405775427296554,NaN,NaN
1667548800,20363.48150835726,20681.91,20363.48150835726,20599.4825,60.429134922565,NaN,NaN
1667563200,20481.48200417863,21302.05,20350,20762.195,66.12054403959024,NaN,NaN
1667577600,20621.838502089315,21115.48,20621.838502089315,20932.7825,70.85358604989504,NaN,NaN
1667592000,20777.31050104466,21209.16,20777.31050104466,21128.7125,75.1479982193017,NaN,NaN
1667606400,20953.01150052233,21480.65,20953.01150052233,21288.6075,77.99715335018206,NaN,NaN
1667620800,21120.809500261166,21467.93,21120.809500261166,21415.469999999998,79.96020225787166,NaN,NaN
1667635200,21268.139750130584,21427.34,21234.9,21362.9475,76.9011839132967,NaN,NaN
1667649600,21315.543625065293,21420.84,21210.98,21333.9175,75.18900607742788,NaN,NaN
1667664000,21324.730562532648,21345.08,21261.56,21309.2425,73.68723778445319,NaN,NaN
1667678400,21316.986531266324,21380,21233.33,21310.82,73.72337170742293,NaN,NaN
1667692800,21313.903265633162,21365.27,21189.44,21271.99,71.13391824237644,NaN,NaN
1667707200,21292.94663281658,21292.94663281658,21143.27,21206.185,66.84870807937826,NaN,NaN
1667721600,21249.565816408292,21310,21173.03,21232.9975,67.70245280903566,NaN,NaN
1667736000,21241.28165820415,21289.49,21190.81,21244.050000000003,68.06751611058908,NaN,NaN
1667750400,21242.665829102076,21282.19,21152.46,21217.75,66.15141817431609,NaN,NaN
1667764800,21230.207914551036,21230.207914551036,20886.13,21049.4575,55.40382443763382,NaN,NaN
1667779200,21139.83270727552,21139.83270727552,20820,20927.292500000003,49.16000007415545,NaN,NaN
1667793600,21033.56260363776,21033.56260363776,20612.67,20770.14,42.52138465666085,NaN,NaN
1667808000,20901.851301818882,20901.851301818882,20571.52,20688,39.51756471474154,NaN,NaN
1667822400,20794.92565090944,20798.74,20626.25,20730.9775,41.83290591313558,NaN,NaN
1667836800,20762.95157545472,20892.04,20652.52,20789.255,44.91243125967651,NaN,NaN
1667851200,20776.10328772736,20890.71,20384.89,20678.765,40.531141338771434,NaN,NaN
1667865600,20727.43414386368,20727.43414386368,20116.13,20382.210000000003,31.616302992350313,NaN,NaN
1667880000,20554.82207193184,20554.82207193184,19344,19882.730000000003,22.599968596315946,NaN,NaN
1667894400,20218.776035965922,20218.776035965922,19580.33,19719.415,20.537621641806894,NaN,NaN
1667908800,19969.09551798296,19969.09551798296,19229,19548.947500000002,18.626910955126263,NaN,NaN
1667923200,19759.021508991482,20700.88,17166.83,18911.5875,13.550744659007577,NaN,NaN
1667937600,19335.30450449574,19335.30450449574,17810.49,18335.74,10.710725567249398,NaN,NaN
1667952000,18835.522252247873,18835.522252247873,18000,18361.705,11.610275760744969,NaN,NaN
1667966400,18598.613626123937,18598.613626123937,18173.09,18311.2675,11.370634975609534,NaN,NaN
1667980800,18454.94056306197,18454.94056306197,17250.33,17891.15,9.594270562337627,NaN,NaN
1667995200,18173.045281530984,18173.045281530984,16918.83,17466.745000000003,8.200525251524695,NaN,NaN
1668009600,17819.895140765493,17819.895140765493,16441.53,16919.7775,6.824548501064882,NaN,NaN
1668024000,17369.836320382747,17369.836320382747,15588,16298.8625,5.662924647860606,NaN,NaN
1668038400,16834.349410191375,16834.349410191375,15754.26,16155.3625,5.432771220570686,NaN,NaN
1668052800,16494.855955095685,16920,16204.36,16561.775,15.862352391809026,NaN,NaN
1668067200,16528.315477547843,16959.99,16258.74,16592.165,16.603022543229102,NaN,NaN
1668081600,16560.24023877392,17960.04,16386.66,17074.9475,27.51903335198621,NaN,NaN
1668096000,16817.59386938696,17989,16817.59386938696,17530.42,36.026652627197784,NaN,NaN
1668110400,17174.00693469348,18199,17174.00693469348,17657.985,38.21405081860763,NaN,NaN
1668124800,17415.99596734674,17695,16888.76,17312.582499999997,34.74943453927709,NaN,NaN
1668139200,17364.289233673368,17483.9,17002.97,17238.7675,34.03917845065939,NaN,NaN
1668153600,17301.528366836683,17537,17209.2,17375.247499999998,36.61869017717179,NaN,NaN
1668168000,17338.38793341834,17544.9,16361.6,17031.805,33.10974200691504,NaN,NaN
1668182400,17185.09646670917,17185.09646670917,16543.95,16827.37,31.193608930057806,NaN,NaN
1668196800,17006.233233354586,17148.96,16555.77,16906.052499999998,32.80541117058026,NaN,NaN
1668211200,16956.14286667729,17119.1,16774,16967.63,34.106344859092474,NaN,NaN
1668225600,16961.886433338645,16961.886433338645,16631.39,16824.7975,32.53296297117859,NaN,NaN
1668240000,16893.341966669323,16977.45,16727.13,16848.38,33.08185929474108,NaN,NaN
1668254400,16870.860983334664,16996.35,16757,16888.8875,34.07402796063819,NaN,NaN
1668268800,16879.874241667334,16964.37,16830,16905.3575,34.499264582605534,NaN,NaN
1668283200,16892.615870833666,16897.68,16760,16840.5425,33.58127467997052,NaN,NaN
1668297600,16866.579185416835,16954.28,16774.07,16864.0275,34.26382118116139,NaN,NaN
1668312000,16865.303342708416,16926.15,16562.82,16794.745,33.18053606613705,NaN,NaN
1668326400,16830.024171354205,16830.024171354205,16435.23,16666.3425,31.211062540473606,NaN,NaN
1668340800,16748.183335677102,16748.183335677102,16517.85,16618.0325,30.47806522434908,NaN,NaN
1668355200,16683.10791783855,16683.10791783855,16461.16,16554.120000000003,29.49128381075579,NaN,NaN
1668369600,16618.613958919275,16618.613958919275,16229,16423.8375,27.534277555025184,NaN,NaN
1668384000,16521.22572945964,16521.22572945964,15911.61,16198.792500000001,24.508833387208128,NaN,NaN
1668398400,16360.009114729819,16889.97,15815.21,16417.655,32.29981184171973,NaN,NaN
1668412800,16388.83205736491,16935.59,16388.83205736491,16787.09,42.99441426987184,NaN,NaN
1668427200,16587.961028682454,17190,16425.67,16740.065,42.08312100760715,NaN,NaN
1668441600,16664.013014341224,16674.97,16181,16426.987500000003,36.53148276327856,NaN,NaN
1668456000,16545.500257170614,16765,16191.58,16458.5625,37.428021972027736,NaN,NaN
1668470400,16502.031378585307,16894.56,16502.031378585307,16715.765,44.326820605612895,NaN,NaN
1668484800,16608.898189292653,16946.32,16608.898189292653,16813.15,46.72202648229849,NaN,NaN
1668499200,16711.024094646327,16989,16708.31,16831.067499999997,47.17235361534484,NaN,NaN
1668513600,16771.04579732316,17134.69,16730,16908.747499999998,49.17797463659424,NaN,NaN
1668528000,16839.89664866158,17071.43,16614.61,16883.22,48.525977550083006,NaN,NaN
1668542400,16861.558324330792,16939.99,16736.47,16858.95,47.87608756583147,NaN,NaN
1668556800,16860.254162165395,17015.92,16765.64,16913.03,49.499079766716534,NaN,NaN
1668571200,16886.642081082697,16979.22,16796.2,16892.745,48.88422691701728,NaN,NaN
1668585600,16889.693540541346,16889.693540541346,16650.29,16758.2875,44.902771003212685,NaN,NaN
1668600000,16823.990520270672,16823.990520270672,16378.61,16559.545,39.74937134687523,NaN,NaN
1668614400,16691.767760135335,16691.767760135335,16401,16508.2025,38.51946546110638,NaN,NaN
1668628800,16599.985130067667,16773.09,16499.46,16623.3775,42.7954679119235,NaN,NaN
1668643200,16611.681315033835,16751,16505,16610.947500000002,42.45230591462196,NaN,NaN
1668657600,16611.31440751692,16624.12,16410.74,16543.235,40.5449968112135,NaN,NaN
1668672000,16577.27470375846,16635.82,16471.36,16578.54,42.007982457658365,NaN,NaN
1668686400,16577.90735187923,16717.49,16430,16569.5975,41.72790019527359,NaN,NaN
1668700800,16573.752425939616,16748.94,16517.36,16605.3675,43.35480278242167,NaN,NaN
1668715200,16589.559962969808,16749,16589.559962969808,16667.774999999998,46.17813604424091,NaN,NaN
1668729600,16628.667481484903,17011,16628.667481484903,16810.149999999998,52.049919453542195,NaN,NaN
1668744000,16719.408740742452,16869.08,16719.408740742452,16798.5625,51.55692841768108,NaN,NaN
1668758400,16758.985620371226,16854.33,16680,16757.5125,49.758894893577256,NaN,NaN
1668772800,16758.24906018561,16818,16608.8,16718.4775,48.04309196491048,NaN,NaN
1668787200,16738.363280092806,16738.363280092806,16546.04,16657.58,45.41222193442116,NaN,NaN
1668801600,16697.971640046402,16727.99,16610,16673.7,46.25127012741412,NaN,NaN
1668816000,16685.835820023203,16708.77,16573.94,16652.71,45.27541353696943,NaN,NaN
1668830400,16669.2729100116,16669.2729100116,16553.53,16607.635,43.16900616275891,NaN,NaN
1668844800,16638.4539550058,16683.01,16580,16634.5625,44.820594990902435,NaN,NaN
1668859200,16636.508227502898,16686.86,16634.01,16663.195,46.59774544334249,NaN,NaN
1668873600,16649.85161375145,16664,16608.35,16638.8325,45.26198659119646,NaN,NaN
1668888000,16644.342056875725,16822.41,16625.98,16694.1,48.84450244268416,NaN,NaN
1668902400,16669.22102843786,16753.33,16666.47,16700.1175,49.23408746203159,NaN,NaN
1668916800,16684.66926421893,16738.76,16671,16703.1625,49.443903821987966,NaN,NaN
1668931200,16693.915882109464,16736.41,16462.46,16611.6125,43.60822601555864,NaN,NaN
1668945600,16652.76419105473,16652.76419105473,16461,16549.015,40.12134328451696,NaN,NaN
1668960000,16600.889595527366,16613.35,16530.22,16577.975,42.4153866784556,NaN,NaN
1668974400,16589.432297763684,16595.85,16180,16410.969999999998,34.26321539837063,NaN,NaN
1668988800,16500.20114888184,16500.20114888184,15897.15,16136.35,25.562715232635966,NaN,NaN
1669003200,16318.275574440919,16319,15955.99,16096.967499999999,24.598058637467716,NaN,NaN
1669017600,16207.621537220459,16207.621537220459,15964,16064.6675,23.804624264887565,NaN,NaN
1669032000,16136.144518610228,16284,16025.42,16131.072499999998,28.883455335361546,NaN,NaN
1669046400,16133.608509305113,16139.19,15589.68,15895.575,23.02261374159859,NaN,NaN
1669060800,16014.591754652556,16014.591754652556,15476,15718.385,19.771783614361652,NaN,NaN
1669075200,15866.488377326277,15967.76,15746.16,15835.757500000002,27.11351491953735,NaN,NaN
1669089600,15851.122938663138,15882.87,15616.63,15777.1125,25.841091869279808,NaN,NaN
1669104000,15814.117719331569,15824.16,15660,15748.115,25.211076214446138,NaN,NaN
1669118400,15781.116359665784,16315,15683.33,15996.877499999999,38.95987960511122,NaN,NaN
1669132800,15888.99692983289,16290.27,15888.99692983289,16187.455,46.99859087464153,NaN,NaN
1669147200,16038.225964916444,16254.99,16038.225964916444,16183.740000000002,46.869013630734734,NaN,NaN
1669161600,16110.982982458223,16593.8,16110.982982458223,16392.1275,54.45455199942167,NaN,NaN
1669176000,16251.55524122911,16662.1,16251.55524122911,16568.649999999998,59.70292981305145,NaN,NaN
1669190400,16410.102620614554,16677.25,16410.102620614554,16586.715,60.208283416807014,NaN,NaN
1669204800,16498.40881030728,16604.1,16342.98,16489.85,56.142648374129855,NaN,NaN
1669219200,16494.12940515364,16706,16320.02,16481.6075,55.797375330962595,NaN,NaN
1669233600,16487.86845257682,16676.72,16426.42,16544.8925,57.93633876496965,NaN,NaN
1669248000,16516.38047628841,16812.63,16516.38047628841,16665.365,61.73259992064635,NaN,NaN
1669262400,16590.872738144208,16740.01,16590.872738144208,16672.5175,61.95215008015846,NaN,NaN
1669276800,16631.695119072105,16642.18,16493.81,16582.62,57.48783169641333,NaN,NaN
1669291200,16607.157559536052,16607.157559536052,16458.05,16548.697500000002,55.85227880259915,NaN,NaN
1669305600,16577.92752976803,16676,16517.99,16582.6025,57.16404870590108,NaN,NaN
1669320000,16580.265014884015,16639,16535.01,16587.5025,57.3612324140029,NaN,NaN
1669334400,16583.883757442007,16622.64,16470,16544.41,54.96494606816364,NaN,NaN
1669348800,16564.146878721003,16564.146878721003,16342.81,16448.0275,49.9398049601995,NaN,NaN
1669363200,16506.0871893605,16591.43,16407.72,16498.252500000002,52.38285439664665,NaN,NaN
1669377600,16502.16984468025,16584.48,16435.11,16516.0575,53.25380337755671,NaN,NaN
1669392000,16509.113672340125,16553.88,16458.46,16512.1375,53.02385548556112,NaN,NaN
1669406400,16510.625586170063,16666,16482.87,16548.67,54.975090841699696,NaN,NaN
1669420800,16529.64779308503,16701.99,16509.6,16589.6825,57.12800877690071,NaN,NaN
1669435200,16559.665146542517,16651.84,16530,16597.845,57.56293104592184,NaN,NaN
1669449600,16578.75507327126,16638.23,16556.66,16589.8325,56.95216100068125,NaN,NaN
1669464000,16584.29378663563,16680.57,16483.25,16564.315000000002,54.952408157278235,NaN,NaN
1669478400,16574.304393317816,16574.304393317816,16420.45,16488.534999999996,49.404448069936905,NaN,NaN
1669492800,16531.419696658908,16549.66,16385,16470.4175,48.152759934394204,NaN,NaN
1669507200,16500.918598329452,16575.31,16446.59,16501.6825,50.484171672801786,NaN,NaN
1669521600,16501.300549164727,16600,16501.300549164727,16553.1075,54.137211002217185,NaN,NaN
1669536000,16527.204024582363,16593.91,16513,16555.2,54.28500093929772,NaN,NaN
1669550400,16541.20201229118,16586.74,16520,16557.8975,54.488604432961,NaN,NaN
1669564800,16549.549756145592,16581.6,16520.88,16557.9075,54.48941364469518,NaN,NaN
1669579200,16553.728628072797,16597.36,16401,16495.6325,48.684077359824464,NaN,NaN
1669593600,16524.680564036396,16524.680564036396,16051.9,16286.4825,35.142332045451795,NaN,NaN
1669608000,16405.581532018197,16405.581532018197,16136,16195.6325,31.096144659895444,NaN,NaN
1669622400,16300.607016009099,16300.607016009099,16178.24,16221.565,33.451507265079556,NaN,NaN
1669636800,16261.08600800455,16310.43,16120.38,16197.59,32.35049024551235,NaN,NaN
1669651200,16229.338004002275,16399.69,15995.27,16191.4925,32.06146249238877,NaN,NaN
1669665600,16210.415252001138,16271.09,16186,16223.8825,35.36493496918389,NaN,NaN
1669680000,16217.148876000569,16309.03,16100,16227.217499999999,35.71155764937485,NaN,NaN
1669694400,16222.183188000283,16541.59,16222.183188000283,16392.8325,50.04001920416577,NaN,NaN
1669708800,16307.507844000142,16548.71,16307.507844000142,16485.075,55.93133894855008,NaN,NaN
1669723200,16396.29142200007,16508.04,16328.84,16431.7725,52.107564198889314,NaN,NaN
1669737600,16414.031961000037,16479.84,16342.59,16410.8325,50.64279718205896,NaN,NaN
1669752000,16412.432230500017,16526.91,16412.432230500017,16454.7975,53.59245385229175,NaN,NaN
1669766400,16433.61486525001,17162.2,16428.3,16719.665,66.55861604227688,NaN,NaN
1669780800,16576.639932625003,16920.16,16576.639932625003,16860.9375,71.18328781612747,NaN,NaN
1669795200,16718.7887163125,16930.66,16718.7887163125,16882.4,71.82086345565456,NaN,NaN
1669809600,16800.594358156253,16897,16766.68,16852.16,69.48803149222275,NaN,NaN
1669824000,16826.377179078125,17147.16,16705,16945.1625,72.4516724784723,NaN,NaN
1669838400,16885.76983953906,17249,16885.76983953906,17125.5375,77.09786978727004,NaN,NaN
1669852800,17005.65366976953,17236.29,17005.65366976953,17160.2025,77.87033132924542,NaN,NaN
1669867200,17082.928084884763,17168,17059.58,17112.192499999997,74.140561408356,NaN,NaN
1669881600,17097.56029244238,17137.75,17042.37,17088.2,72.27743955579581,NaN,NaN
1669896000,17092.880146221192,17324,16895.02,17074.79,71.20046320643844,NaN,NaN
1669910400,17083.835073110597,17083.835073110597,16897.15,16956.6375,62.38077924084846,NaN,NaN
1669924800,17020.2362865553,17020.2362865553,16855.01,16943.039999999997,61.43757636794483,NaN,NaN
1669939200,16981.638143277647,17048.99,16857.89,16946.7275,61.60711268266706,NaN,NaN
1669953600,16964.182821638824,16973.72,16879.08,16927.6625,60.1350855524722,NaN,NaN
1669968000,16945.92266081941,17065,16936.15,16988.372499999998,63.15420950694247,NaN,NaN
1669982400,16967.147580409706,17105.73,16787.85,16957.359999999997,60.628250089940906,NaN,NaN
1669996800,16962.25379020485,16997.19,16902.1,16956.309999999998,60.53996173748758,NaN,NaN
1670011200,16959.281895102424,17099,16959.281895102424,17039.06,64.88046887730815,NaN,NaN
1670025600,16999.17094755121,17188.98,16999.17094755121,17078.25,66.74606634385839,NaN,NaN
1670040000,17038.710473775605,17038.710473775605,16925.55,16986.864999999998,58.89015988292006,NaN,NaN
1670054400,17012.787736887803,17012.787736887803,16880.88,16943.955,55.58209641758801,NaN,NaN
1670068800,16978.371368443903,16983.77,16921.07,16952.44,56.10714912773893,NaN,NaN
1670083200,16965.40568422195,16983.65,16937.84,16958.9825,56.53380043935262,NaN,NaN
1670097600,16962.194092110974,16962.194092110974,16858.74,16914.357500000002,52.766285365510605,NaN,NaN
1670112000,16938.275796055488,17049.45,16878.25,16943.135000000002,54.85562930324822,NaN,NaN
1670126400,16940.705398027745,17068,16940.705398027745,16995.545,58.45954684896321,NaN,NaN
1670140800,16968.12519901387,17050,16905.01,16975.01,56.55450857031239,NaN,NaN
1670155200,16971.567599506932,17067.45,16915,16990.2425,57.656791762477255,NaN,NaN
1670169600,16980.905049753466,17159,16972.36,17061.6925,62.46713354161384,NaN,NaN
1670184000,17021.298774876734,17202.84,17021.298774876734,17115.769999999997,65.64798539234977,NaN,NaN
1670198400,17068.534387438365,17349.99,17068.534387438365,17182.5925,69.12948521431143,NaN,NaN
1670212800,17125.563443719184,17424.25,17125.563443719184,17281.785000000003,73.4336326467609,NaN,NaN
1670227200,17203.674221859594,17386,17203.674221859594,17322.817499999997,74.98723138001546,NaN,NaN
1670241600,17263.245860929797,17313.48,17015.32,17180.699999999997,61.55941399931383,NaN,NaN
1670256000,17221.972930464897,17221.972930464897,16867,17001.822500000002,49.53590908377977,NaN,NaN
1670270400,17111.89771523245,17111.89771523245,16899.09,16945.42,46.45488349986804,NaN,NaN
1670284800,17028.658857616225,17102.97,16965.98,17009.795000000002,50.257693745063435,NaN,NaN
1670299200,17019.226928808115,17023.41,16955.13,16995.8875,49.44076074083585,NaN,NaN
1670313600,17007.557214404056,17041.96,16906.37,16983.35,48.67266462329898,NaN,NaN
1670328000,16995.453607202027,17032.95,16930,16982.91,48.64410272712541,NaN,NaN
1670342400,16989.181803601015,17021.56,16912.24,16972.5,47.92751468170836,NaN,NaN
1670356800,16980.840901800508,17107.01,16951.75,17029.559999999998,52.09333930455155,NaN,NaN
1670371200,17005.20045090025,17142.21,17005.20045090025,17068.785,54.771989652546004,NaN,NaN
1670385600,17036.992725450124,17046.48,16729.35,16890.957499999997,43.02637942933622,NaN,NaN
1670400000,16963.97511272506,16963.97511272506,16678.83,16767.96,37.100193339395915,NaN,NaN
1670414400,16865.967556362528,16897.38,16765.12,16823.317499999997,41.03649727781336,NaN,NaN
1670428800,16844.642528181263,16850.24,16778.21,16820.415,40.89200051591444,NaN,NaN
1670443200,16832.52876409063,16865.81,16793.7,16827.82,41.458357489136276,NaN,NaN
1670457600,16830.174382045316,16890.01,16780.01,16835.244999999995,42.057864911075974,NaN,NaN
1670472000,16832.709691022654,16851,16777,16821.9675,41.24447280562811,NaN,NaN
1670486400,16827.338595511326,16863.01,16733.49,16818.2675,41.00647373932652,NaN,NaN
1670500800,16822.803047755664,16957.79,16802.88,16882.237500000003,46.72985509824106,NaN,NaN
1670515200,16852.52027387783,17299,16852.52027387783,17094.3675,60.43702262402699,NaN,NaN
1670529600,16973.443886938916,17297.65,16973.443886938916,17232.002500000002,66.4662003545552,NaN,NaN
1670544000,17102.723193469457,17300,17102.723193469457,17228.315,66.17522755858394,NaN,NaN
1670558400,17165.51909673473,17235.85,17165.51909673473,17209.447500000002,64.61652886162418,NaN,NaN
1670572800,17187.483298367366,17269.39,17187.483298367366,17230.62,65.59583881572618,NaN,NaN
1670587200,17209.051649183682,17360,17058.21,17210.2175,63.76439374818373,NaN,NaN
1670601600,17209.63457459184,17209.63457459184,17119.03,17157.677499999998,59.18193922306511,NaN,NaN
1670616000,17183.65603729592,17183.65603729592,17067.1,17124.1375,56.39566825801674,NaN,NaN
1670630400,17153.89676864796,17169.09,17116.4,17139.7825,57.40308575582493,NaN,NaN
1670644800,17146.83963432398,17178,17130.28,17151.855,58.205512126387546,NaN,NaN
1670659200,17149.34731716199,17173.91,17112.52,17152.275,58.23498866044292,NaN,NaN
1670673600,17150.811158580997,17225.12,17140.23,17185.304999999997,60.589052576648754,NaN,NaN
1670688000,17168.058079290495,17227.72,17160.14,17192.8375,61.127157780920605,NaN,NaN
1670702400,17180.447789645248,17183.87,17092,17144.715,55.878052287934345,NaN,NaN
1670716800,17162.581394822624,17175,17121.92,17144.505,55.85551130103006,NaN,NaN
1670731200,17153.543197411313,17200,17150.29,17171.245,58.169450928799,NaN,NaN
1670745600,17162.394098705656,17187.67,17140.01,17168.997499999998,57.89476412095212,NaN,NaN
1670760000,17165.695799352827,17169.8,17127.96,17154.6,56.06821385100623,NaN,NaN
1670774400,17160.147899676413,17270.99,17136,17184.485,58.96239184552195,NaN,NaN
1670788800,17172.316449838207,17179.4,17071,17128.3325,52.02693410152508,NaN,NaN
1670803200,17150.324474919104,17150.324474919104,16871.85,16990.885000000002,39.71325235777969,NaN,NaN
1670817600,17070.60473745955,17070.60473745955,16903.64,16923.7325,35.315461244172354,NaN,NaN
1670832000,16997.168618729775,17008.4,16903.49,16956.03,38.82434648006181,NaN,NaN
1670846400,16976.599309364887,17054.79,16920.61,16993.915,42.74759213972995,NaN,NaN
1670860800,16985.257154682444,17046.43,16981.03,17020.2175,45.36719125614021,NaN,NaN
1670875200,17002.737327341223,17241.89,17002.737327341223,17134.355,54.99117286974685,NaN,NaN
1670889600,17068.54616367061,17238.7,17068.54616367061,17179.755,58.14920908628457,NaN,NaN
1670904000,17124.150581835303,17208.47,17080.14,17151.5375,55.54078163647129,NaN,NaN
1670918400,17137.84404091765,17500,17137.84404091765,17316.1125,65.31367661836433,NaN,NaN
1670932800,17226.978270458825,18000,17226.978270458825,17648.065,76.52337338987124,NaN,NaN
1670947200,17437.521635229412,17840,17437.521635229412,17738.195,78.55028680215398,NaN,NaN
1670961600,17587.858317614708,17818.99,17587.858317614708,17760.1325,79.02497072798107,NaN,NaN
1670976000,17673.995408807354,17845,17673.995408807354,17788.125,79.64400488102113,NaN,NaN
1670990400,17731.06020440368,17817.46,17731.06020440368,17784.835,79.34760042601347,NaN,NaN
1671004800,17757.94760220184,17878.5,17757.94760220184,17823.4925,80.27643751120277,NaN,NaN
1671019200,17790.72005110092,18116,17790.72005110092,17954.627500000002,83.05973026269248,NaN,NaN
1671033600,17872.673775550462,18387.95,17709.62,17988.074999999997,83.69186205015328,NaN,NaN
1671048000,17930.374387775228,17947.33,17660.94,17801.08,68.33849207350625,NaN,NaN
1671062400,17865.727193887615,17865.727193887615,17561,17737.3475,64.02726331065168,NaN,NaN
1671076800,17801.537346943805,17801.537346943805,17681.3,17712.079999999998,62.34790433462562,NaN,NaN
1671091200,17756.808673471904,17756.808673471904,17610.22,17686.8475,60.63748548080035,NaN,NaN
1671105600,17721.82808673595,17725.93,17374.89,17562.55,52.93376998140953,NaN,NaN
1671120000,17642.189043367973,17642.189043367973,17314,17414.765,45.52770590952585,NaN,NaN
1671134400,17528.477021683986,17528.477021683986,17275.51,17383.0225,44.10047780337669,NaN,NaN
1671148800,17455.749760841994,17455.749760841994,17345.15,17389.105,44.45977261719482,NaN,NaN
1671163200,17422.427380420995,17531.73,17372.7,17458.385000000002,48.51862654789759,NaN,NaN
1671177600,17440.4061902105,17519.64,16918.97,17242.265,38.954856224392366,NaN,NaN
1671192000,17341.33559510525,17341.33559510525,16890.46,16993.7225,31.311064300116456,NaN,NaN
1671206400,17167.529047552627,17167.529047552627,16732.36,16887.13,28.70923093601047,NaN,NaN
1671220800,17027.329523776316,17027.329523776316,16527.32,16745.3025,25.65455830956641,NaN,NaN
1671235200,16886.316011888157,16886.316011888157,16579.85,16654.379999999997,23.898987990753483,NaN,NaN
1671249600,16770.348005944077,16772,16653.53,16711.98,27.293390791697448,NaN,NaN
1671264000,16741.164002972037,16757.42,16661.71,16718.375,27.67908189799303,NaN,NaN
1671278400,16729.76950148602,16729.76950148602,16642,16694.747499999998,27.106934346462168,NaN,NaN
1671292800,16712.25850074301,16721.77,16647.15,16690.3325,26.994646789798423,NaN,NaN
1671307200,16701.295500371503,16796.82,16685.03,16737.6325,30.32465622708473,NaN,NaN
1671321600,16719.46400018575,16784.8,16702.23,16751.3975,31.306642150142878,NaN,NaN
1671336000,16735.430750092877,16804.7,16718.01,16753.64,31.476079544290272,NaN,NaN
1671350400,16744.53537504644,16767.58,16663.07,16723.2075,30.380900750340672,NaN,NaN
1671364800,16733.87143752322,16738,16673.63,16701.704999999998,29.597304126965597,NaN,NaN
1671379200,16717.78821876161,16794.99,16676.15,16726.447500000002,31.777808111102544,NaN,NaN
1671393600,16722.117859380807,16863.26,16722.117859380807,16769.0975,35.48696504197204,NaN,NaN
1671408000,16745.6076796904,16815.99,16627.35,16715.9525,33.07393117503105,NaN,NaN
1671422400,16730.7800898452,16750,16672.88,16706.635,32.654692032297376,NaN,NaN
1671436800,16718.7075449226,16784,16707.1,16736.9475,35.51833763031854,NaN,NaN
1671451200,16727.8275224613,16765.71,16665.03,16708.57,34.05827452319299,NaN,NaN
1671465600,16718.198761230648,16718.198761230648,16505,16607.95,29.437499930686784,NaN,NaN
1671480000,16663.074380615326,16663.074380615326,16256.3,16474.980000000003,24.67345224353187,NaN,NaN
1671494400,16569.027190307665,16856.5,16397.2,16604.955,35.638104081003476,NaN,NaN
1671508800,16586.991095153833,16880.58,16586.991095153833,16774.940000000002,46.588232003188644,NaN,NaN
1671523200,16680.965547576918,16858.42,16680.965547576918,16809.67,48.5155154879437,NaN,NaN
1671537600,16745.317773788458,17061.27,16710.12,16876.2325,52.08411403108965,NaN,NaN
1671552000,16810.775136894226,16936.32,16767,16880.4425,52.30927463623202,NaN,NaN
1671566400,16845.608818447115,16926.99,16833.51,16889.247499999998,52.80874117066037,NaN,NaN
1671580800,16867.428159223557,16925,16794.84,16863.2725,51.10825009411846,NaN,NaN
1671595200,16865.350329611778,16865.350329611778,16767.53,16819.247499999998,48.271088167952755,NaN,NaN
1671609600,16842.298914805888,16894.91,16795.69,16846.3125,50.10485759756234,NaN,NaN
1671624000,16844.305707402942,16914.72,16723,16844.33,49.96513447131893,NaN,NaN
1671638400,16844.317853701472,16866.4,16728.09,16802.8,47.00785534267036,NaN,NaN
1671652800,16823.558926850736,16835.11,16729.22,16786.3,45.846831128804205,NaN,NaN
1671667200,16804.929463425367,16860.77,16804.929463425367,16837.0075,49.938910730065814,NaN,NaN
1671681600,16820.968481712684,16859.54,16783.43,16830.57,49.42825849938026,NaN,NaN
1671696000,16825.76924085634,16868.52,16801.3,16832.7125,49.61292731681122,NaN,NaN
1671710400,16829.24087042817,16845.45,16610.92,16731.7775,41.85811990702476,NaN,NaN
1671724800,16780.509185214083,16780.509185214083,16559.85,16632.005,35.88686707064268,NaN,NaN
1671739200,16706.25709260704,16852.79,16647.01,16745.987500000003,45.45922735053052,NaN,NaN
1671753600,16726.12229630352,16893.9,16726.12229630352,16828.5075,51.14614101981944,NaN,NaN
1671768000,16777.31489815176,16856.54,16777.31489815176,16834.655,51.551425852490475,NaN,NaN
1671782400,16805.98494907588,16890.89,16805.98494907588,16848.3975,52.50007643769381,NaN,NaN
1671796800,16827.19122453794,16955.14,16731.13,16840.612500000003,51.88034195228392,NaN,NaN
1671811200,16833.90186226897,16860.07,16816,16838.252500000002,51.68117550326388,NaN,NaN
1671825600,16836.077181134486,16851.57,16765.67,16810.1325,49.25484315901591,NaN,NaN
1671840000,16823.10484056724,16844.08,16776.62,16809.9675,49.240235139722394,NaN,NaN
1671854400,16816.53617028362,16857.37,16805.01,16837.859999999997,51.84047135018507,NaN,NaN
1671868800,16827.19808514181,16859.44,16817.99,16837.525,51.80614587697898,NaN,NaN
1671883200,16832.361542570907,16840,16815.09,16828.964999999997,50.879101202890055,NaN,NaN
1671897600,16830.66327128545,16865,16823,16841.88,52.26695540442681,NaN,NaN
1671912000,16836.271635642726,16869.99,16808.15,16839.545000000002,51.98099933292918,NaN,NaN
1671926400,16837.908317821362,16852.95,16823.02,16835.96,51.51499203851893,NaN,NaN
1671940800,16836.93415891068,16843,16802,16824.7775,50.008973019627696,NaN,NaN
1671955200,16830.85582945534,16835.93,16815.4,16823.7025,49.858073951578625,NaN,NaN
1671969600,16827.279164727668,16857.96,16721,16798.39,46.314307775617685,NaN,NaN
1671984000,16812.834582363834,16822.27,16727,16784.2075,44.409681990671544,NaN,NaN
1671998400,16798.521041181917,16846,16753.44,16806.405,48.01317537705319,NaN,NaN
1672012800,16802.463020590956,16900,16802.463020590956,16861.7625,55.72172014774676,NaN,NaN
1672027200,16832.11276029548,16924,16832.11276029548,16874.2975,57.26688977812191,NaN,NaN
1672041600,16853.20513014774,16873.15,16818,16849.737500000003,53.33933941049715,NaN,NaN
1672056000,16851.47131507387,16868.34,16791,16833.372499999998,50.83741625275958,NaN,NaN
1672070400,16842.421907536933,16862.23,16798.38,16827.78,49.97473277355028,NaN,NaN
1672084800,16835.100953768466,16944.52,16817.82,16880.682500000003,57.34803364120125,NaN,NaN
1672099200,16857.891726884234,16972.83,16839,16901.9325,59.90447516394419,NaN,NaN
1672113600,16879.912113442115,16897,16853.52,16874.1325,55.23981939914741,NaN,NaN
1672128000,16877.022306721057,16882.03,16806.57,16847.67,51.15633837192478,NaN,NaN
1672142400,16862.34615336053,16862.34615336053,16733.21,16801.122499999998,44.87270655110586,NaN,NaN
1672156800,16831.734326680264,16831.734326680264,16592.37,16722.004999999997,36.63558788683569,NaN,NaN
1672171200,16776.86966334013,16776.86966334013,16651.03,16692.845,34.147575285389564,NaN,NaN
1672185600,16734.857331670064,16755.2,16559.79,16667.925000000003,32.138830851804016,NaN,NaN
1672200000,16701.391165835033,16701.391165835033,16585.71,16640.5925,30.050800251499453,NaN,NaN
1672214400,16670.991832917516,16689.3,16632,16661.86,33.66231083743733,NaN,NaN
1672228800,16666.425916458757,16785.19,16569.94,16653.0425,32.90379296885551,NaN,NaN
1672243200,16659.734208229376,16668,16563.63,16601.3925,28.80877160783598,NaN,NaN
1672257600,16630.56335411469,16630.56335411469,16465.33,16555.935,25.76908311880841,NaN,NaN
1672272000,16593.249177057347,16594,16488.91,16547.14,25.21474605559213,NaN,NaN
1672286400,16570.194588528673,16583.87,16534.04,16558.1525,27.322923490487682,NaN,NaN
1672300800,16564.173544264337,16630,16517.54,16575.6525,30.667674295859186,NaN,NaN
1672315200,16569.91302213217,16664.41,16569.91302213217,16617.5875,38.02781941846064,NaN,NaN
1672329600,16593.750261066085,16654.54,16590.82,16618.59,38.19672907815502,NaN,NaN
1672344000,16606.170130533043,16654.51,16555.57,16613.987500000003,37.68884495532413,NaN,NaN
1672358400,16610.078815266523,16648.77,16579.75,16615.2675,37.93600544221805,NaN,NaN
1672372800,16612.67315763326,16615.35,16429,16529.5175,29.495358090674102,NaN,NaN
1672387200,16571.09532881663,16571.09532881663,16458.25,16490.18,26.57428117046709,NaN,NaN
1672401600,16530.637664408314,16580.7,16333,16491.23,26.7827159377525,NaN,NaN
1672416000,16510.93383220416,16577,16510.93383220416,16543.269999999997,36.416541413358864,NaN,NaN
1672430400,16527.101916102078,16677.35,16523.91,16583.6625,42.716828550579294,NaN,NaN
1672444800,16555.382208051036,16616.37,16550.01,16581.58,42.483105572130526,NaN,NaN
1672459200,16568.48110402552,16568.48110402552,16531,16554.1675,39.42519631945566,NaN,NaN
1672473600,16561.32430201276,16583.9,16540.01,16563.9675,41.058590367834086,NaN,NaN
1672488000,16562.645901006377,16644.09,16547.12,16587.207499999997,44.856036835029194,NaN,NaN
1672502400,16574.926700503187,16613.3,16565.1,16584.659999999996,44.51745456018685,NaN,NaN
1672516800,16579.79335025159,16579.79335025159,16470,16539.377500000002,38.89712583951652,NaN,NaN
1672531200,16559.5854251258,16559.77,16508.39,16535.7425,38.47717995412253,NaN,NaN
1672545600,16547.6639625629,16550,16499.01,16527.06,37.4374812541354,NaN,NaN
1672560000,16537.36198128145,16557,16505.2,16536.14,39.2851533863228,NaN,NaN
1672574400,16536.750990640725,16572.94,16533.68,16555.5025,43.141419219185714,NaN,NaN
1672588800,16546.12674532036,16623.65,16546.12674532036,16585.865,48.64923906133099,NaN,NaN
1672603200,16565.995872660184,16628,16565.995872660184,16608.63,52.37435179857153,NaN,NaN
1672617600,16587.31293633009,16707.25,16548.7,16633.765,56.15614028290757,NaN,NaN
1672632000,16610.538968165045,16769.51,16610.538968165045,16693.1525,63.52573664921827,NaN,NaN
1672646400,16651.845734082523,16772.01,16651.845734082523,16733.114999999998,67.48619140783785,NaN,NaN
1672660800,16692.48036704126,16750,16669.15,16722.329999999998,65.42161033956543,NaN,NaN
1672675200,16707.405183520626,16739.64,16707.12,16729.745,66.18750652965997,NaN,NaN
1672689600,16718.575091760315,16799.23,16660.51,16717.5425,63.687496965484826,NaN,NaN
1672704000,16718.058795880155,16718.058795880155,16647.81,16679.635,56.54250557151974,NaN,NaN
1672718400,16698.84689794008,16778.4,16681.79,16720.435,61.543302491334664,NaN,NaN
1672732800,16709.640948970038,16766,16698.15,16728.8325,62.49979744174932,NaN,NaN
1672747200,16719.236724485017,16773,16617.79,16697.2875,56.78609161458727,NaN,NaN
1672761600,16708.262112242508,16708.262112242508,16605.28,16653.5975,49.97207971900497,NaN,NaN
1672776000,16680.929806121254,16695,16640.4,16663.5875,51.4078827250626,NaN,NaN
1672790400,16672.258653060628,16877.65,16652.66,16766.995000000003,63.185810492735605,NaN,NaN
1672804800,16719.626826530315,16910.98,16719.626826530315,16870.8475,70.83219888823746,NaN,NaN
1672819200,16795.237163265156,16919,16795.237163265156,16863.7425,69.76460020293483,NaN,NaN
1672833600,16829.489831632578,16863.09,16765.3,16829.447500000002,64.6958040144656,NaN,NaN
1672848000,16829.46866581629,16991.87,16787.85,16868.9075,67.6116802996977,NaN,NaN
1672862400,16849.188082908146,16869.56,16777,16834.81,62.78602911825399,NaN,NaN
1672876800,16841.999041454073,16878.18,16807.72,16840.9925,63.297540887438586,NaN,NaN
1672891200,16841.495770727037,16849.37,16789.87,16822.6475,60.63432461274085,NaN,NaN
1672905600,16832.071635363518,16839,16780.75,16819.1,60.107654407385205,NaN,NaN
1672920000,16825.585817681756,16879.82,16753,16827.34,60.9559831624034,NaN,NaN
1672934400,16826.462908840876,16875.5,16800.5,16845.697500000002,62.851330825073944,NaN,NaN
1672948800,16836.08020442044,16873.52,16818.91,16847.1425,63.003572368058784,NaN,NaN
1672963200,16841.61135221022,16872.57,16802.01,16834.997499999998,60.75010484173636,NaN,NaN
1672977600,16838.30442610511,16838.30442610511,16779.96,16811.3625,56.51383442727722,NaN,NaN
1672992000,16824.833463052557,16824.833463052557,16709.88,16763.662500000002,49.075899609687816,NaN,NaN
1673006400,16794.247981526278,16849,16679,16776.89,51.00174868172924,NaN,NaN
1673020800,16785.56899076314,16965.41,16785.56899076314,16887.614999999998,63.45920722462643,NaN,NaN
1673035200,16836.59199538157,17041,16836.59199538157,16954.5675,68.64957462107988,NaN,NaN
1673049600,16895.579747690783,16981.91,16895.579747690783,16953.785,68.52706097296702,NaN,NaN
1673064000,16924.68237384539,16954.45,16922.14,16944.3525,66.97542705637582,NaN,NaN
1673078400,16934.517436922695,16954.95,16908.07,16932.375,64.96391160050092,NaN,NaN
1673092800,16933.446218461348,16947.7,16908,16928.605,64.30921371820122,NaN,NaN
1673107200,16931.025609230674,16946.13,16916,16936.695,65.12151700712133,NaN,NaN
1673121600,16933.860304615337,16951.92,16929.46,16942.25,65.69880375389019,NaN,NaN
1673136000,16938.05515230767,16955,16911,16938.4625,64.90994634010596,NaN,NaN
1673150400,16938.258826153833,16957.12,16933.26,16947.0425,65.90857836928419,NaN,NaN
1673164800,16942.650663076914,16967.67,16925.05,16943.4775,65.07982602151674,NaN,NaN
1673179200,16943.064081538458,17019.79,16920.37,16967.002500000002,67.94428784539804,NaN,NaN
1673193600,16955.03329076923,17022.08,16916.1,16966.465,67.80742756408259,NaN,NaN
1673208000,16960.749145384616,17176.99,16924.41,17039.120000000003,75.10668828844284,NaN,NaN
1673222400,16999.93457269231,17252.6,16999.93457269231,17170.5225,82.73237072215444,NaN,NaN
1673236800,17085.228536346156,17262.56,17085.228536346156,17209.51,84.27187026431267,NaN,NaN
1673251200,17147.369268173075,17285.48,17147.369268173075,17227.3425,84.93352296601024,NaN,NaN
1673265600,17187.355884086537,17335.35,17187.355884086537,17258.5125,86.03906855182973,NaN,NaN
1673280000,17222.93419204327,17398.8,17222.93419204327,17307.25,87.57437260552469,NaN,NaN
1673294400,17265.092096021635,17313.3,17128,17228.4375,73.49850844988222,NaN,NaN
1673308800,17246.764798010816,17246.764798010816,17146.34,17191.525,67.98680663177618,NaN,NaN
1673323200,17219.14489900541,17233.91,17189.15,17207.8925,69.09355727475997,NaN,NaN
1673337600,17213.518699502703,17286.02,17187.73,17232.46,70.72930782854579,NaN,NaN
1673352000,17222.98934975135,17375,17212.14,17291.9325,74.27831863806935,NaN,NaN
1673366400,17257.460924875675,17456.07,17257.460924875675,17374.655,78.2318715887991,NaN,NaN
1673380800,17316.057962437837,17499,17316.057962437837,17444.06,80.88637376625317,NaN,NaN
1673395200,17380.05898121892,17510,17366.58,17433.34,79.27830338528162,NaN,NaN
1673409600,17406.699490609462,17462.99,17388,17428.5325,78.52435217977131,NaN,NaN
1673424000,17417.61599530473,17472.15,17408.68,17441.4,79.09734594048592,NaN,NaN
1673438400,17429.507997652367,17437.75,17315.6,17380.8825,69.68086487570443,NaN,NaN
1673452800,17405.19524882618,17571.7,17320.42,17443.5775,73.2356982944543,NaN,NaN
1673467200,17424.38637441309,18000,17424.38637441309,17750.434999999998,83.45844060582448,NaN,NaN
1673481600,17587.410687206546,18385.71,17587.410687206546,18115.225,88.89077188476992,NaN,NaN
1673496000,17851.317843603272,18241.43,17851.317843603272,18169.88,89.44981038792972,NaN,NaN
1673510400,18010.598921801637,18222.59,18010.598921801637,18158.165,88.42269634366163,NaN,NaN
1673524800,18084.38196090082,18380.47,17892.05,18139.985,86.7578118718578,NaN,NaN
1673539200,18112.18348045041,19060,18054.61,18521.809999999998,90.71289661792673,NaN,NaN
1673553600,18316.996740225204,19117.04,18316.996740225204,18902.7525,92.96913329620567,NaN,NaN
1673568000,18609.8746201126,18887,18609.8746201126,18831.027499999997,88.60442140690724,NaN,NaN
1673582400,18720.4510600563,18883.79,18720.4510600563,18840.705,88.68163218144372,NaN,NaN
1673596800,18780.57803002815,19057.7,18780.57803002815,18903.414999999997,89.19263090617264,NaN,NaN
1673611200,18841.996515014074,19310.91,18811.52,19076.1425,90.46901962765476,NaN,NaN
1673625600,18959.06950750704,19406.26,18959.06950750704,19272.4025,91.67248449106904,NaN,NaN
1673640000,19115.736003753518,20000,19115.736003753518,19652.302499999998,93.40770494842778,NaN,NaN
1673654400,19384.019251876758,21258,19384.019251876758,20510.8225,95.62587963623818,NaN,NaN
1673668800,19947.420875938376,21033.64,19947.420875938376,20918.899999999998,96.26858203747322,NaN,NaN
1673683200,20433.160437969185,21022.39,20225.06,20716.635,89.26734796207498,NaN,NaN
1673697600,20574.89771898459,21200,20568.12,20818.9725,89.67643749020556,NaN,NaN
1673712000,20696.935109492297,20911.23,20660,20785.190000000002,88.4775291959653,NaN,NaN
1673726400,20741.06255474615,21072.27,20741.06255474615,20892.2175,88.98018444518652,NaN,NaN
1673740800,20816.640027373076,21001.84,20551.01,20806.175,85.74186380180576,NaN,NaN
1673755200,20811.407513686536,20811.407513686536,20666.88,20727.81,82.78670420201001,NaN,NaN
1673769600,20769.60875684327,20769.60875684327,20573.13,20697.5125,81.61550695372648,NaN,NaN
1673784000,20733.560628421634,20994.05,20652.24,20819.2,82.67561730881278,NaN,NaN
1673798400,20776.380314210815,21050.74,20665,20873.215000000004,83.14034775474025,NaN,NaN
1673812800,20824.79765710541,20952.37,20746.39,20860.1025,82.56135123520004,NaN,NaN
1673827200,20842.450078552705,21439.59,20770.2,21039.614999999998,84.18511902259097,NaN,NaN
1673841600,20941.03253927635,21260,20941.03253927635,21120.4175,84.8681161484886,NaN,NaN
1673856000,21030.725019638176,21113.22,20666,20926.545000000002,76.34833189595523,NaN,NaN
1673870400,20978.63500981909,21053.89,20611.48,20869.0425,73.97624011447104,NaN,NaN
1673884800,20923.838754909542,21414.42,20916.43,21158.6975,77.72973854170249,NaN,NaN
1673899200,21041.268127454772,21474.05,21041.268127454772,21253.7875,78.81025272782756,NaN,NaN
1673913600,21147.527813727385,21299.04,20841.31,21112.6425,73.13790304642498,NaN,NaN
1673928000,21130.085156863694,21236.62,21060.8,21138.910000000003,73.5198808583478,NaN,NaN
1673942400,21134.49757843185,21249.46,21082.48,21171.335,74.01116302133661,NaN,NaN
1673956800,21152.916289215922,21647.45,21030,21268.18,75.47471142376746,NaN,NaN
1673971200,21210.54814460796,21412,21084,21252.129999999997,74.72367502630689,NaN,NaN
1673985600,21231.339072303977,21413.15,21121.71,21251.5325,74.6938766856921,NaN,NaN
1674000000,21241.43578615199,21377.44,21103.15,21217.855,72.92857790740149,NaN,NaN
1674014400,21229.645393075996,21320,21228.54,21278.37,74.11252107301755,NaN,NaN
1674028800,21254.007696538,21316.77,21151,21245.095,72.24163618052648,NaN,NaN
1674043200,21249.551348269,21650,20842,21184.85,68.85269483736087,NaN,NaN
1674057600,21217.2006741345,21217.2006741345,20407.15,20873.305,54.59071752494979,NaN,NaN
1674072000,21045.25283706725,21045.25283706725,20624.02,20786.3825,51.392176567969535,NaN,NaN
1674086400,20915.817668533626,20915.817668533626,20659.19,20725.637499999997,49.2217113339548,NaN,NaN
1674100800,20820.72758426681,20874.81,20742.71,20796.127500000002,51.767360270582245,NaN,NaN
1674115200,20808.427542133406,20846.75,20706.9,20779.0775,51.10005679034101,NaN,NaN
1674129600,20793.7525210667,20960.23,20660.8,20810.41,52.31649728308921,NaN,NaN
1674144000,20802.08126053335,21142.07,20791.13,20975.1475,58.203622376025294,NaN,NaN
1674158400,20888.614380266674,21192,20888.614380266674,21068.75,61.13940704121479,NaN,NaN
1674172800,20978.68219013334,21219.6,20978.68219013334,21098.2225,62.04344477020131,NaN,NaN
1674187200,21038.452345066667,21127.33,20861.28,21008.947500000002,57.6671816551987,NaN,NaN
1674201600,21023.699922533335,21023.699922533335,20898.79,20953.68,55.077158234285534,NaN,NaN
1674216000,20988.689961266668,21247.55,20955.53,21077.7975,59.47871270734596,NaN,NaN
1674230400,21033.243730633334,21529,21033.243730633334,21327.9275,66.58439297275875,NaN,NaN
1674244800,21180.585615316668,22755.93,21180.585615316668,22103.89,78.92881967904306,NaN,NaN
1674259200,21642.237807658334,22792.86,21642.237807658334,22607.052499999998,83.24989091736231,NaN,NaN
1674273600,22124.645153829166,22670,22124.645153829166,22592.6975,82.72865046104448,NaN,NaN
1674288000,22358.671326914584,23335.77,22358.671326914584,22868.752500000002,84.71112281368228,NaN,NaN
1674302400,22613.711913457293,23280,22613.711913457293,23009.4625,85.61734356159188,NaN,NaN
1674316800,22811.587206728647,23371.8,22811.587206728647,23155.3,86.50983604713181,NaN,NaN
1674331200,22983.44360336432,23299.55,22680.73,23008.7,81.06425412795828,NaN,NaN
1674345600,22996.071801682163,22996.071801682163,22602.55,22781.02,73.34259421619151,NaN,NaN
1674360000,22888.545900841083,22967.33,22716.72,22834.5825,73.97074464795512,NaN,NaN
1674374400,22861.564200420544,22938.12,22726.02,22835.81,73.98587330492165,NaN,NaN
1674388800,22848.68710021027,23078.71,22645.59,22825.887499999997,73.61341310144697,NaN,NaN
1674403200,22837.287300105134,22959.71,22687.13,22790.905,72.23277520095768,NaN,NaN
1674417600,22814.096150052566,22814.096150052566,22292.37,22624.005,65.8839596934501,NaN,NaN
1674432000,22719.050575026282,22826.46,22646.43,22709.982500000002,67.47014420073636,NaN,NaN
1674446400,22714.51653751314,22794.33,22600.14,22687.847500000003,66.61147959389294,NaN,NaN
1674460800,22701.18201875657,22957.25,22662.38,22805.205,68.87331404268404,NaN,NaN
1674475200,22753.19350937829,23115,22500,22843.18,69.59116621924794,NaN,NaN
1674489600,22798.186754689144,23180,22654,22870.4775,70.12453378707157,NaN,NaN
1674504000,22834.332127344573,23044.56,22753.71,22876.797499999997,70.25461820386724,NaN,NaN
1674518400,22855.564813672285,23144.76,22855.564813672285,23001.6275,72.77605569565985,NaN,NaN
1674532800,22928.59615683614,23162.2,22928.59615683614,23075.7825,74.17645128450596,NaN,NaN
1674547200,23002.18932841807,23090.25,22770,22958.1525,68.18476107625074,NaN,NaN
1674561600,22980.170914209033,23035.31,22711,22898.695,65.31295023264428,NaN,NaN
1674576000,22939.432957104516,23079,22785.59,22953.62,66.70789763875581,NaN,NaN
1674590400,22946.52647855226,23080.45,22462.93,22798.5,59.43786910643085,NaN,NaN
1674604800,22872.51323927613,22872.51323927613,22300,22572.6525,50.763419888085714,NaN,NaN
1674619200,22722.582869638063,22772,22606.04,22683.3825,54.28601294244482,NaN,NaN
1674633600,22702.98268481903,22739.11,22475,22631.1075,52.38072963283677,NaN,NaN
1674648000,22667.045092409513,22745,22335,22564.0775,49.959427782651325,NaN,NaN
1674662400,22615.561296204756,22765.3,22510,22650.7375,52.98526481125882,NaN,NaN
1674676800,22633.149398102378,23816.73,22633.149398102378,23094.3925,64.74008329287759,NaN,NaN
1674691200,22863.77094905119,23282.47,22863.77094905119,23130.0475,65.48691956117611,NaN,NaN
1674705600,22996.909224525596,23197.8,22897.17,23049.465,62.27641914463927,NaN,NaN
1674720000,23023.1871122628,23048.49,22850.01,22964.3125,58.985589204558146,NaN,NaN
1674734400,22993.7498061314,23250,22880.95,23020.265,60.463954671082,NaN,NaN
1674748800,23007.007403065698,23106.51,22853.81,22996.37,59.47796211868726,NaN,NaN
1674763200,23001.688701532847,23195,22963.07,23059.072500000002,61.26307126647225,NaN,NaN
1674777600,23030.380600766424,23076.62,22534.88,22848.4425,52.84190875557082,NaN,NaN
1674792000,22939.411550383214,23100,22760.64,22926.4025,55.29153233815001,NaN,NaN
1674806400,22932.907025191605,23083.87,22903.03,23006.665,57.72620144626535,NaN,NaN
1674820800,22969.786012595803,23148,22841.19,22972.6575,56.32658106384599,NaN,NaN
1674835200,22971.221756297902,23284.32,22924.01,23098.3975,60.17172181960393,NaN,NaN
1674849600,23034.80962814895,23500,22951.33,23194.6375,62.866527511279536,NaN,NaN
1674864000,23114.723564074477,23189,23042.54,23105.785000000003,58.90393894262827,NaN,NaN
1674878400,23110.25428203724,23133.4,22951.01,23048.339999999997,56.42755484314017,NaN,NaN
1674892800,23079.29714101862,23079.29714101862,22905,22973.91,53.30084057016853,NaN,NaN
1674907200,23026.60357050931,23044.12,22878.46,22979.1575,53.49648696000798,NaN,NaN
1674921600,23002.880535254655,23052.82,22975,23019.7975,55.06655483904189,NaN,NaN
1674936000,23011.339017627328,23042.91,22942,23011.714999999997,54.67121725182413,NaN,NaN
1674950400,23011.52700881366,23492,22967.76,23168.6475,60.5877028650788,NaN,NaN
1674964800,23090.08725440683,23268.51,23090.08725440683,23202.9075,61.7611243057914,NaN,NaN
1674979200,23146.497377203414,23605.74,23146.497377203414,23348.735,66.35314189531387,NaN,NaN
1674993600,23247.616188601707,23666,23247.616188601707,23493.2375,70.17519451527107,NaN,NaN
1675008000,23370.426844300855,23960.54,23370.426844300855,23713.8675,74.86909758068,NaN,NaN
1675022400,23542.147172150428,23910.6,23542.147172150428,23787.3875,76.21257258181976,NaN,NaN
1675036800,23664.767336075216,23800.51,23567.1,23703.105,71.49403000377791,NaN,NaN
1675051200,23683.93616803761,23769.32,23599.15,23678.015,70.10259386217595,NaN,NaN
1675065600,23680.975584018805,23680.975584018805,23017,23353.565000000002,55.15394654156594,NaN,NaN
1675080000,23517.2702920094,23517.2702920094,22962.68,23130.12,47.62236303810759,NaN,NaN
1675094400,23323.6951460047,23323.6951460047,22627.9,22960.032499999998,42.82806930347574,NaN,NaN
1675108800,23141.86382300235,23141.86382300235,22500,22737.925000000003,37.51662138830471,NaN,NaN
1675123200,22939.894411501176,22939.894411501176,22714.77,22822.7175,40.547931043458966,NaN,NaN
1675137600,22881.305955750588,22989.48,22743.05,22886.557500000003,42.798006507551236,NaN,NaN
1675152000,22883.931727875293,22996.84,22810.03,22912.635000000002,43.73476578137865,NaN,NaN
1675166400,22898.283363937648,23206.84,22851.01,23011.405,47.25781520775807,NaN,NaN
1675180800,22954.844181968823,23221.14,22954.844181968823,23146.975000000002,51.72584924665248,NaN,NaN
1675195200,23050.90959098441,23320,22812.69,23105.202500000003,50.311561722031584,NaN,NaN
1675209600,23078.05604549221,23184.29,22997.1,23109.177499999998,50.450397565683375,NaN,NaN
1675224000,23093.616772746103,23167.39,23017.07,23097.96,50.02559983303252,NaN,NaN
1675238400,23095.788386373053,23100,22919.33,23043.38,47.91171440541165,NaN,NaN
1675252800,23069.58419318653,23144.85,22938.36,23035.3425,47.59277928512662,NaN,NaN
1675267200,23052.463346593264,23494.77,22760.23,23155.18,52.65342189943918,NaN,NaN
1675281600,23103.821673296632,23812.66,23103.821673296632,23562.83,65.02555873070028,NaN,NaN
1675296000,23333.325836648317,24255,23333.325836648317,23881.2575,71.3281558803939,NaN,NaN
1675310400,23607.291668324156,23921.1,23607.291668324156,23802.254999999997,68.05156778303214,NaN,NaN
1675324800,23704.773334162077,23852.75,23704.773334162077,23800.9725,67.99696037348022,NaN,NaN
1675339200,23752.87291708104,23945.68,23525,23782.6675,67.16849172307695,NaN,NaN
1675353600,23767.770208540518,24144.62,23725.76,23878.112499999996,69.27084334349317,NaN,NaN
1675368000,23822.941354270257,23924.81,23363.27,23644.897500000003,59.28180030031486,NaN,NaN
1675382400,23733.91942713513,23733.91942713513,23411.47,23506.2725,54.272014956609866,NaN,NaN
1675396800,23620.095963567564,23620.095963567564,23447.25,23500.825,54.07861176734968,NaN,NaN
1675411200,23560.460481783783,23560.460481783783,23322.3,23463.5875,52.69620768316925,NaN,NaN
1675425600,23512.023990891892,23710.8,23227.16,23518.66,54.54680876875748,NaN,NaN
1675440000,23515.341995445946,23715.7,23300.76,23482.2675,53.06932671774918,NaN,NaN
1675454400,23498.804747722974,23498.804747722974,23204.62,23354.1425,48.126825827335466,NaN,NaN
1675468800,23426.473623861486,23465.15,23331.16,23392.910000000003,49.65467651707163,NaN,NaN
1675483200,23409.691811930745,23409.691811930745,23253.96,23321.8975,46.92806996448884,NaN,NaN
1675497600,23365.794655965372,23376.27,23292.19,23340.35,47.73124384653698,NaN,NaN
1675512000,23353.072327982685,23587.78,23340.44,23428.4525,51.50488331834306,NaN,NaN
1675526400,23390.762413991342,23472.5,23358.57,23419.602499999997,51.10574111240509,NaN,NaN
1675540800,23405.18245699567,23449.96,23259.62,23365.425,48.62164025478848,NaN,NaN
1675555200,23385.303728497835,23385.303728497835,23230,23318.545,46.514742404887095,NaN,NaN
1675569600,23351.924364248916,23433.33,23326.23,23370.372499999998,49.13871068109149,NaN,NaN
1675584000,23361.148432124457,23419.74,23345,23374.525,49.353104068317094,NaN,NaN
1675598400,23367.83671606223,23374.8,23000.01,23206.9575,41.71209290367228,NaN,NaN
1675612800,23287.397108031117,23287.397108031117,22743,22972.3675,33.818199883675945,NaN,NaN
1675627200,23129.88230401556,23129.88230401556,22795.01,22912.6425,32.15002376308675,NaN,NaN
1675641600,23021.26240200778,23094.92,22823,22936.5775,33.56436581822608,NaN,NaN
1675656000,22978.91995100389,22978.91995100389,22628.13,22832.875,30.58918641214342,NaN,NaN
1675670400,22905.897475501944,22939.99,22735.46,22858.6475,32.1977231953246,NaN,NaN
1675684800,22882.27248775097,23054.66,22745.01,22929.8225,36.5694964761287,NaN,NaN
1675699200,22906.047493875485,23158.25,22906.047493875485,23038.3475,42.642336080491624,NaN,NaN
1675713600,22972.19749693774,23032.13,22638,22865.735,36.63458346437671,NaN,NaN
1675728000,22918.96624846887,22918.96624846887,22745.78,22820.99,35.248256575467664,NaN,NaN
1675742400,22869.978124234436,22986.71,22861.45,22909.265,40.06684082479871,NaN,NaN
1675756800,22889.621562117216,23064.56,22862.85,22953.890000000003,42.40036811713055,NaN,NaN
1675771200,22921.755781058608,23042,22876.35,22950.12,42.250700641507954,NaN,NaN
1675785600,22935.937890529305,23350.25,22769.05,23029.0225,46.5066068660662,NaN,NaN
1675800000,22982.480195264652,23309.29,22982.480195264652,23167.932500000003,53.064630832121566,NaN,NaN
1675814400,23075.206347632327,23452,23075.206347632327,23293.7375,58.07732195841909,NaN,NaN
1675828800,23184.471923816163,23287.3,23183.17,23239.622499999998,55.33946888773106,NaN,NaN
1675843200,23212.04721190808,23239.44,23132.21,23190.987500000003,52.92468761242527,NaN,NaN
1675857600,23201.51735595404,23201.51735595404,22857,23021.9825,45.49542285988162,NaN,NaN
1675872000,23111.74992797702,23111.74992797702,22665.85,22863.742499999997,39.85431634613971,NaN,NaN
1675886400,22987.74621398851,22987.74621398851,22778.93,22899.0325,41.593625996743405,NaN,NaN
1675900800,22943.389356994256,23011.39,22424.48,22729.04,36.16789280471599,NaN,NaN
1675915200,22836.214678497126,22836.214678497126,22353.71,22571.79,32.00839308181499,NaN,NaN
1675929600,22704.002339248564,22770,22663.32,22698.880000000005,38.19492735216173,NaN,NaN
1675944000,22701.441169624282,22831.41,22556.32,22671.114999999998,37.39441174272325,NaN,NaN
1675958400,22686.27808481214,22686.27808481214,21881,22287.015,28.496517833987184,NaN,NaN
1675972800,22486.64654240607,22486.64654240607,21688,21899.949999999997,22.64811950676925,NaN,NaN
1675987200,22193.298271203035,22193.298271203035,21756,21829.395,21.771012938696018,NaN,NaN
1676001600,22011.34663560152,22011.34663560152,21622.4,21821.475,21.669562849289278,NaN,NaN
1676016000,21916.41081780076,21926.91,21713.96,21821.250000000004,21.66647394780719,NaN,NaN
1676030400,21868.83040890038,21901.24,21520,21701.99,20.036180397504324,NaN,NaN
1676044800,21785.410204450192,21799,21558.13,21695.2425,19.944739870703387,NaN,NaN
1676059200,21740.326352225096,21790.92,21451,21659.8425,19.44339009170494,NaN,NaN
1676073600,21700.084426112546,21725.95,21599.78,21657.37,19.406697211501722,NaN,NaN
1676088000,21678.72721305627,21715.38,21640.03,21681.65,20.983668341452884,NaN,NaN
1676102400,21680.188606528136,21705,21658.01,21688.27,21.435053833557134,NaN,NaN
1676116800,21684.229303264066,21777.54,21662.11,21718.2175,23.562337463670346,NaN,NaN
1676131200,21701.223401632033,21737.89,21618.23,21688.6325,22.902591279575972,NaN,NaN
1676145600,21694.927950816018,21906.32,21645.21,21769.11,28.74710790579134,NaN,NaN
1676160000,21732.01897540801,21890.16,21732.01897540801,21824.89,32.56299742492715,NaN,NaN
1676174400,21778.454487704003,21817.15,21761.04,21789.497499999998,31.41345139834543,NaN,NaN
1676188800,21783.975993852,21960,21783.975993852,21861.184999999998,36.31733441203077,NaN,NaN
1676203200,21822.580496926,21995.6,21756.04,21896.312500000004,38.63273639624667,NaN,NaN
1676217600,21859.446498463003,22090,21859.446498463003,21986.347499999996,44.22975241560142,NaN,NaN
1676232000,21922.8969992315,22028.78,21630,21859.875,38.867190078091326,NaN,NaN
1676246400,21891.385999615748,21891.385999615748,21622.47,21772.4675,35.65014990269269,NaN,NaN
1676260800,21831.926749807873,21894.99,21792.86,21841.035,39.855693699706386,NaN,NaN
1676275200,21836.480874903937,21874.97,21433,21694.705,34.651052535308494,NaN,NaN
1676289600,21765.59293745197,21765.59293745197,21556,21605.79,31.92312886392382,NaN,NaN
1676304000,21685.691468725985,21685.691468725985,21351.07,21549.68,30.3019310539909,NaN,NaN
1676318400,21617.685734362993,21845.79,21559.95,21696.88,39.047257632514054,NaN,NaN
1676332800,21657.282867181497,21816.62,21657.282867181497,21742.285,41.48616013103184,NaN,NaN
1676347200,21699.78393359075,21789.46,21684.59,21735.7375,41.2299651211241,NaN,NaN
1676361600,21717.760716795376,21875.42,21666.39,21779.795,43.74729352245362,NaN,NaN
1676376000,21748.777858397687,22319.08,21532.77,21925.7775,51.20529185958098,NaN,NaN
1676390400,21837.277679198844,22245,21837.277679198844,22102.870000000003,58.409087216176054,NaN,NaN
1676404800,21970.073839599423,22285,21970.073839599423,22203.875,61.8670216671769,NaN,NaN
1676419200,22086.974419799713,22200.88,22047.28,22136.8725,58.39843665212303,NaN,NaN
1676433600,22111.92345989986,22199.29,22072.55,22120.215,57.53480749430566,NaN,NaN
1676448000,22116.069229949928,22500,22089.11,22286.0325,63.34585462714889,NaN,NaN
1676462400,22201.050864974964,22916.98,22201.050864974964,22653.489999999998,72.36933494415236,NaN,NaN
1676476800,22427.27043248748,23353.87,22427.27043248748,23056.815000000002,78.59736758358855,NaN,NaN
1676491200,22742.04271624374,24380,22742.04271624374,23830.1325,85.3949017981761,NaN,NaN
1676505600,23286.08760812187,24905,23286.08760812187,24559.7175,88.9580428112883,NaN,NaN
1676520000,23922.902554060936,24756.35,23922.902554060936,24632.754999999997,89.24102183316232,NaN,NaN
1676534400,24277.828777030467,24664.49,24277.828777030467,24588.405000000002,87.77010803066584,NaN,NaN
1676548800,24433.116888515236,25091,24283.35,24753.7375,88.52915293711393,NaN,NaN
1676563200,24593.427194257616,25250,24593.427194257616,24950.3475,89.37376326979643,NaN,NaN
1676577600,24771.88734712881,24879.81,23505.25,24193.84,68.47998891550438,NaN,NaN
1676592000,24482.863673564403,24482.863673564403,23339.37,23652.5775,58.027492166866125,NaN,NaN
1676606400,24067.7205867822,24067.7205867822,23612,23742.699999999997,59.14565383224536,NaN,NaN
1676620800,23905.2102933911,23905.2102933911,23532.69,23705.0325,58.44483770563406,NaN,NaN
1676635200,23805.12139669555,24280,23710,23977.405,61.95524260702666,NaN,NaN
1676649600,23891.263198347777,24560.64,23891.263198347777,24283.320000000003,65.48218027511547,NaN,NaN
1676664000,24087.291599173892,25021.11,24051.73,24541.825,68.16767431918029,NaN,NaN
1676678400,24314.558299586948,24787.5,24314.558299586948,24617.2275,68.92706385930757,NaN,NaN
1676692800,24465.892899793474,24676.9,24430,24558.8975,67.58389573097588,NaN,NaN
1676707200,24512.39519989674,24607.82,24436.46,24520.6775,66.66717710620941,NaN,NaN
1676721600,24516.536349948372,24734.32,24488.43,24602.734999999997,67.68077579982415,NaN,NaN
1676736000,24559.635674974183,24877,24559.635674974183,24680.065000000002,68.64831646272256,NaN,NaN
1676750400,24619.850337487092,24666,24514.03,24605.079999999998,66.5672777241012,NaN,NaN
1676764800,24612.465168743547,24770.67,24612.465168743547,24676.6475,67.57751345873237,NaN,NaN
1676779200,24644.556334371773,24850,24563.23,24669.4875,67.35822112259444,NaN,NaN
1676793600,24657.021917185884,24706.77,24560.47,24629.822500000002,66.07894739058585,NaN,NaN
1676808000,24643.422208592943,25046,24643.422208592943,24823.519999999997,69.1592865020013,NaN,NaN
1676822400,24733.47110429647,25192,24277.53,24728.8825,66.00549326335988,NaN,NaN
1676836800,24731.176802148235,24731.176802148235,24192.57,24391.9125,56.18148748350284,NaN,NaN
1676851200,24561.544651074117,24561.544651074117,23840.83,24253.1825,52.70362168158883,NaN,NaN
1676865600,24407.363575537056,24555,24402.87,24469.845,57.163580017101275,NaN,NaN
1676880000,24438.60428776853,24983.71,24373.33,24687.6725,61.131926392239016,NaN,NaN
1676894400,24563.138393884263,25121.23,24563.138393884263,24918.274999999998,64.84489124144488,NaN,NaN
1676908800,24740.70669694213,24957.32,24622,24848.595,62.88993176769973,NaN,NaN
1676923200,24794.650848471065,24887.2,24655,24814.145,61.896374348286585,NaN,NaN
1676937600,24804.397924235534,25093.23,24781.5,24911.295,63.64084585621474,NaN,NaN
1676952000,24857.846462117766,25050,24854.18,24957.672499999997,64.47694372264323,NaN,NaN
1676966400,24907.75948105888,25250,24555.55,24844.537500000002,60.80371645571665,NaN,NaN
1676980800,24876.148490529442,24876.148490529442,24408,24582.23,53.231691550544525,NaN,NaN
1676995200,24729.189245264723,24745.78,24279.35,24546.205,52.268963205203946,NaN,NaN
1677009600,24637.697122632362,24639.56,24148.34,24460.735,49.96033889121291,NaN,NaN
1677024000,24549.216061316183,24549.216061316183,23855.55,24246.03,44.62786620352365,NaN,NaN
1677038400,24397.62303065809,24397.62303065809,23931,24104.054999999997,41.47541477154234,NaN,NaN
1677052800,24250.839015329046,24250.839015329046,23860.61,24074.44,40.82755619827008,NaN,NaN
1677067200,24162.63950766452,24235.37,23627.08,23934.232500000002,37.815882576274156,NaN,NaN
1677081600,24048.436003832263,24048.436003832263,23574.69,23763.5675,34.48161799598677,NaN,NaN
1677096000,23906.001751916134,24218.92,23735.19,23982,41.58124583773224,NaN,NaN
1677110400,23944.000875958067,24599.59,23944.000875958067,24340.245000000003,50.965898553018604,NaN,NaN
1677124800,24142.122937979035,24526.08,24142.122937979035,24417.1375,52.72146960256418,NaN,NaN
1677139200,24279.630218989518,24494.28,23647.46,24074.764999999996,44.996473886026415,NaN,NaN
1677153600,24177.197609494757,24228.44,23608,23891.892499999998,41.49879127194542,NaN,NaN
1677168000,24034.545054747377,24056,23725.1,23926.1075,42.40092363157705,NaN,NaN
1677182400,23980.326277373686,24069.87,23756.77,23934.587499999998,42.63702639465492,NaN,NaN
1677196800,23957.456888686844,24132.35,23890,23979.15,43.937543450989835,NaN,NaN
1677211200,23968.303444343423,23986.12,23766.6,23884.385000000002,41.76884122095543,NaN,NaN
1677225600,23926.344222171712,23973.79,23754.03,23860.690000000002,41.220973357843825,NaN,NaN
1677240000,23893.517111085857,24027.44,23322.01,23646.12,36.546180558354145,NaN,NaN
1677254400,23769.81855554293,23769.81855554293,22841.19,23181.4525,28.902013030713377,NaN,NaN
1677268800,23475.635527771465,23475.635527771465,22974.3,23168.6625,28.723920849879434,NaN,NaN
1677283200,23322.149013885733,23322.149013885733,23045.33,23131.535,28.18106563191958,NaN,NaN
1677297600,23226.84200694287,23226.84200694287,23023.23,23086.79,27.506371263966855,NaN,NaN
1677312000,23156.816003471435,23158.16,22906.5,23041.402499999997,26.80532420663306,NaN,NaN
1677326400,23099.109251735717,23099.109251735717,22858.35,22983.595,25.899915177365656,NaN,NaN
1677340800,23041.35212586786,23086.29,22912.1,22996.905000000002,26.51537371099984,NaN,NaN
1677355200,23019.128562933933,23185.99,22722,23012.21,27.263495801925572,NaN,NaN
1677369600,23015.669281466966,23250,23015.669281466966,23170.195,34.658406206306125,NaN,NaN
1677384000,23092.932140733483,23227.17,23090,23171.567499999997,34.720498614310856,NaN,NaN
1677398400,23132.249820366742,23293.97,23112.35,23203.5825,36.24246867194712,NaN,NaN
1677412800,23167.91616018337,23331.26,23126.47,23239.6,37.99396010470801,NaN,NaN
1677427200,23203.758080091684,23544.93,23137,23357.305,43.460293364860384,NaN,NaN
1677441600,23280.531540045842,23689.99,23280.531540045842,23516.8975,49.908361229319375,NaN,NaN
1677456000,23398.71452002292,23644.65,23398.71452002292,23545.969999999998,51.00455255640082,NaN,NaN
1677470400,23472.342260011457,23561.34,23346.16,23470.7,48.07141616463599,NaN,NaN
1677484800,23471.521130005727,23471.521130005727,23332.65,23410.177499999998,45.791155250723094,NaN,NaN
1677499200,23440.849315002863,23897.99,23379.25,23566.377500000002,52.10554925629331,NaN,NaN
1677513600,23503.613407501434,23618.3,23150,23400.5775,45.98281686832794,NaN,NaN
1677528000,23452.095453750717,23582.98,23106.77,23364.545,44.75206933555746,NaN,NaN
1677542400,23408.32022687536,23549.99,23349.57,23464.7925,48.85365550505405,NaN,NaN
1677556800,23436.55636343768,23470.44,23212.8,23346.7325,44.64961002655346,NaN,NaN
1677571200,23391.64443171884,23421.98,23200,23312.575,43.48370058817115,NaN,NaN
1677585600,23352.10971585942,23579.12,23315.42,23451.2,49.273005758755396,NaN,NaN
1677600000,23401.65485792971,23600,23205.06,23397.125,47.24016309650358,NaN,NaN
1677614400,23399.389928964854,23399.389928964854,23020.97,23192.3675,40.43712430734005,NaN,NaN
1677628800,23295.878714482427,23498,23020.03,23275.185,43.95282784143695,NaN,NaN
1677643200,23285.531857241214,23847,23285.531857241214,23607.2175,55.33545821983256,NaN,NaN
1677657600,23446.374678620607,24000,23446.374678620607,23782.1675,59.950770849563234,NaN,NaN
1677672000,23614.271089310303,23888,23550.8,23722.44,57.75652945421289,NaN,NaN
1677686400,23668.35554465515,23746.24,23328.16,23535.1575,51.40338284477752,NaN,NaN
1677700800,23601.756522327574,23674.6,23300,23489.4,49.95748332204425,NaN,NaN
1677715200,23545.578261163788,23796.93,23423.17,23586.0375,52.96648175354231,NaN,NaN
1677729600,23565.807880581895,23565.807880581895,23335.41,23442.0975,48.307237122546304,NaN,NaN
1677744000,23503.95269029095,23503.95269029095,23337.37,23403.117499999997,47.0989486837047,NaN,NaN
1677758400,23453.535095145475,23453.535095145475,23195.9,23351.5,45.47680910582704,NaN,NaN
1677772800,23402.517547572737,23507.97,23231.29,23391.0875,46.98488267199988,NaN,NaN
1677787200,23396.80252378637,23567.52,23386.44,23470.67,49.98009952976628,NaN,NaN
1677801600,23433.736261893184,23476.95,21971.13,22808.272500000003,33.177974717477625,NaN,NaN
1677816000,23121.004380946593,23121.004380946593,22251.08,22335.7275,26.36790091094086,NaN,NaN
1677830400,22728.365940473297,22728.365940473297,22300.14,22370.9525,27.56151468127024,NaN,NaN
1677844800,22549.65922023665,22549.65922023665,22172.65,22337.757500000003,27.11542779716848,NaN,NaN
1677859200,22443.708360118326,22448.25,22229.25,22342.954999999998,27.313797280643456,NaN,NaN
1677873600,22393.331680059164,22393.331680059164,22147,22309.3475,26.80576207988888,NaN,NaN
1677888000,22351.33959002958,22392.17,22323.05,22354.055,28.70551244216969,NaN,NaN
1677902400,22352.69729501479,22410,22269.94,22346.42,28.569138896347198,NaN,NaN
1677916800,22349.558647507394,22376.97,22322.3,22352.042500000003,28.837254832171638,NaN,NaN
1677931200,22350.8005737537,22398,22307.98,22343.3275,28.65769852605817,NaN,NaN
1677945600,22347.06403687685,22347.93,22227.2,22285.8225,27.443447941551938,NaN,NaN
1677960000,22316.443268438423,22359,22157.08,22278.33,27.28125305704762,NaN,NaN
1677974400,22297.386634219212,22662.09,22189.22,22396.225000000002,33.90107340964035,NaN,NaN
1677988800,22346.805817109605,22470.93,22346.805817109605,22399.727499999997,34.09302805046178,NaN,NaN
1678003200,22373.2666585548,22448.8,22316.63,22382.725000000002,33.583174695901334,NaN,NaN
1678017600,22377.995829277403,22494.96,22377.995829277403,22427.457499999997,36.28296679284704,NaN,NaN
1678032000,22402.7266646387,22460.07,22374.6,22418.704999999998,35.97482927290531,NaN,NaN
1678046400,22410.71583231935,22560,22331,22431.1725,36.79821451715589,NaN,NaN
1678060800,22420.944166159676,22508,22258,22395.857500000002,35.40911942080092,NaN,NaN
1678075200,22408.40083307984,22436,22313.94,22382.467500000002,34.87161341320717,NaN,NaN
1678089600,22395.43416653992,22450,22355,22394.3275,35.80118745303129,NaN,NaN
1678104000,22394.88083326996,22602.19,22357.08,22473.16,41.752294759214095,NaN,NaN
1678118400,22434.02041663498,22586.98,22358,22473.190000000002,41.75450751633164,NaN,NaN
1678132800,22453.60520831749,22453.60520831749,22320.01,22393.34,37.654282834884725,NaN,NaN
1678147200,22423.472604158746,22557.91,22377.69,22451.387499999997,42.105082173596834,NaN,NaN
1678161600,22437.43005207937,22479.85,22408.09,22442.159999999996,41.59671714854694,NaN,NaN
1678176000,22439.795026039683,22439.795026039683,22321,22381.2275,38.307625295145776,NaN,NaN
1678190400,22410.511263019842,22489.88,21927,22272.199999999997,33.242579249635014,NaN,NaN
1678204800,22341.35563150992,22394.08,22054.92,22223.9375,31.271494710823944,NaN,NaN
1678219200,22282.64656575496,22282.64656575496,21943,22124.364999999998,27.631288725043433,NaN,NaN
1678233600,22203.50578287748,22287,22084.3,22180.595,32.4157822014359,NaN,NaN
1678248000,22192.05039143874,22192.05039143874,21840.13,22032.8525,27.307358975217525,NaN,NaN
1678262400,22112.451445719373,22144.2,21944.55,22033.2575,27.341161806469586,NaN,NaN
1678276800,22072.854472859686,22229.04,21876.66,22079.620000000003,31.28063606651662,NaN,NaN
1678291200,22076.237236429843,22218.3,21944.25,22074.9425,31.097444216472013,NaN,NaN
1678305600,22075.58986821492,22133.75,21580,21854.11,23.962424129098196,NaN,NaN
1678320000,21964.84993410746,21964.84993410746,21629.43,21727.535,20.989749427573045,NaN,NaN
1678334400,21846.19246705373,21846.19246705373,21665.67,21724.817499999997,20.92971694666788,NaN,NaN
1678348800,21785.504983526866,21785.504983526866,21527,21646.23,19.217913575614958,NaN,NaN
1678363200,21715.867491763434,21834.99,21552.84,21676.445,21.863949795493582,NaN,NaN
1678377600,21696.156245881717,21696.156245881717,20766.2,21235.942499999997,14.438607351924574,NaN,NaN
1678392000,21466.049372940855,21466.049372940855,20042.72,20532.135000000002,9.113229950161752,NaN,NaN
1678406400,20999.09218647043,20999.09218647043,19776.22,20139.57,7.4603956578729935,NaN,NaN
1678420800,20569.331093235214,20569.331093235214,19776.55,19961.8,6.854158299232438,NaN,NaN
1678435200,20265.565546617607,20265.565546617607,19549.09,19810.1125,6.377908175001323,NaN,NaN
1678449600,20037.839023308803,20321.19,19657.11,19936.095,11.855875672542794,NaN,NaN
1678464000,19986.9670116544,20307.73,19824.06,20040.2675,16.22106890861427,NaN,NaN
1678478400,20013.6172558272,20240.4,19850,20065.9525,17.308451553194075,NaN,NaN
1678492800,20039.7848779136,20686.51,20039.7848779136,20341.5325,28.092343470868357,NaN,NaN
1678507200,20190.6586889568,20435.43,19823.82,20125.9875,25.311899891750755,NaN,NaN
1678521600,20158.3230944784,20208.36,19765.03,19977.567499999997,23.581165064297366,NaN,NaN
1678536000,20067.9452972392,20205.46,20030,20095.8775,27.81806326954522,NaN,NaN
1678550400,20081.9113986196,20331.44,19992.24,20151.8525,29.80111997132991,NaN,NaN
1678564800,20116.881949309798,20529.91,20116.881949309798,20355.3125,36.61738369338093,NaN,NaN
1678579200,20236.0972246549,20502.46,20236.0972246549,20409.545,38.33613180674117,NaN,NaN
1678593600,20322.82111232745,20440.8,20270.6,20358.645,37.31342756358404,NaN,NaN
1678608000,20340.733056163725,20497.34,20333.8,20405.82,38.93928500664347,NaN,NaN
1678622400,20373.276528081864,20466,20284.39,20388.7275,38.54916228335997,NaN,NaN
1678636800,20381.002014040932,21331.75,20341.85,20703.1825,48.72668872214223,NaN,NaN
1678651200,20542.092257020464,22150,20542.092257020464,21420.6025,63.55646469045716,NaN,NaN
1678665600,20981.347378510232,22600,20981.347378510232,22172.6025,72.52637709610117,NaN,NaN
1678680000,21576.974939255117,22506,21576.974939255117,22355.09,74.18676694117327,NaN,NaN
1678694400,21966.032469627557,22539.64,21813.88,22229.7575,71.01249470933949,NaN,NaN
1678708800,22097.894984813778,24500,21959,23136.8375,78.26194380034093,NaN,NaN
1678723200,22617.36624240689,24393.83,22617.36624240689,24102.615,83.10629174418234,NaN,NaN
1678737600,23359.990621203448,24311.99,23359.990621203448,24160.18,83.34454412802188,NaN,NaN
1678752000,23760.085310601724,24496.41,23760.085310601724,24242.225,83.69743983102659,NaN,NaN
1678766400,24001.15515530086,24820,24001.15515530086,24395.595,84.36436683201387,NaN,NaN
1678780800,24198.37507765043,24820,24118.28,24482.0175,84.74312258368778,NaN,NaN
1678795200,24340.196288825216,26386.87,24340.196288825216,25370.657499999998,87.97006233518448,NaN,NaN
1678809600,24855.42689441261,26001.81,24212.49,25290.78,86.20507607541009,NaN,NaN
1678824000,25073.103447206304,25167.9,23976.42,24715.78,74.60172661100438,NaN,NaN
1678838400,24894.44172360315,25074.24,24284.6,24686.725,74.05926668697028,NaN,NaN
1678852800,24790.583361801575,24918.59,24599,24776.434999999998,74.6716596249521,NaN,NaN
1678867200,24783.509180900786,24922.22,24255,24701.065000000002,73.11006805770421,NaN,NaN
1678881600,24742.287090450394,25196.97,24371.6,24698.212499999998,73.04780497164052,NaN,NaN
1678896000,24720.249795225194,24720.249795225194,23896.95,24314.417499999996,65.02391587583482,NaN,NaN
1678910400,24517.333647612595,24633.02,24223,24377.912500000002,65.69527756544943,NaN,NaN
1678924800,24447.6230738063,24447.6230738063,24123,24278.472499999996,63.635174808635554,NaN,NaN
1678939200,24363.047786903146,24685,24182,24436.6775,65.48935355509126,NaN,NaN
1678953600,24399.862643451575,25066.32,24374.35,24720.269999999997,68.58185462644452,NaN,NaN
1678968000,24560.066321725786,25032.74,24515.23,24815.685,69.56987763845969,NaN,NaN
1678982400,24687.875660862894,25167.4,24620,24907.637499999997,70.53165345667367,NaN,NaN
1678996800,24797.756580431444,25090,24623.52,24916.3775,70.62668236302196,NaN,NaN
1679011200,24857.06704021572,25896,24857.06704021572,25391.61,75.29232279273903,NaN,NaN
1679025600,25124.33852010786,26196.4,25124.33852010786,25923.1275,79.26020554031302,NaN,NaN
1679040000,25523.73301005393,26970,25523.73301005393,26466.704999999998,82.3771657302716,NaN,NaN
1679054400,25995.219005026964,26935.12,25995.219005026964,26598.69,83.04352754813667,NaN,NaN
1679068800,26296.95450251348,26860.66,26264,26594.7025,82.94148836473752,NaN,NaN
1679083200,26445.82850125674,27756.84,26445.82850125674,27143.805,85.57079377048467,NaN,NaN
1679097600,26794.81675062837,27724.85,26794.81675062837,27371.879999999997,86.5014633814496,NaN,NaN
1679112000,27083.348375314185,27612.31,27083.348375314185,27372.8325,86.505377967118,NaN,NaN
1679126400,27228.09043765709,27500,27055.83,27339.8375,85.5795359807993,NaN,NaN
1679140800,27283.963968828546,27637.2,27057,27340.88,85.58478559616675,NaN,NaN
1679155200,27312.42198441427,27489.94,26578,27156.350000000002,80.03108389486792,NaN,NaN
1679169600,27234.385992207135,27449.95,26810,27124.145,79.066764383303,NaN,NaN
1679184000,27179.265496103566,27255.19,26901.02,27065.6025,77.24470052532419,NaN,NaN
1679198400,27122.433998051783,27291.4,26827.22,27073.035,77.31617225693026,NaN,NaN
1679212800,27097.734499025893,27200,26872,27051.684999999998,76.57217662450829,NaN,NaN
1679227200,27074.709749512946,27750,27074.709749512946,27392.267499999998,79.89569601189017,NaN,NaN
1679241600,27233.488624756472,28376,27233.488624756472,27912.122499999998,83.69732496689804,NaN,NaN
1679256000,27572.805562378235,28390.1,27572.805562378235,28089.079999999998,84.75415151804619,NaN,NaN
1679270400,27830.942781189115,28057.44,27124.47,27605.9875,71.18692484490802,NaN,NaN
1679284800,27718.465140594555,28268,27141.36,27715.417500000003,72.26978920200588,NaN,NaN
1679299200,27716.94132029728,28472,27716.94132029728,28190.93,76.4173054407734,NaN,NaN
1679313600,27953.93566014864,28258.58,27620,27940.497499999998,70.44174727129246,NaN,NaN
1679328000,27947.216580074317,28041.48,27461.35,27746.520000000004,66.12834684851553,NaN,NaN
1679342400,27846.86829003716,28186.71,27577.02,27816.3275,66.91353800026383,NaN,NaN
1679356800,27831.59789501858,27953.33,27664.51,27780.534999999996,66.06786222561178,NaN,NaN
1679371200,27806.06644750929,27968,27303.1,27640.91,62.73690670133362,NaN,NaN
1679385600,27723.488223754644,28177,27393.52,27778.975000000002,64.63557987893111,NaN,NaN
1679400000,27751.231611877323,28244.87,27730,28014.015,67.65689412400317,NaN,NaN
1679414400,27882.62330593866,28438.55,27882.62330593866,28135.379999999997,69.12375911217791,NaN,NaN
1679428800,28009.00165296933,28214.99,27900,28086.8275,67.79900714092079,NaN,NaN
1679443200,28047.914576484665,28280,27945.44,28121.8475,68.27134002782577,NaN,NaN
1679457600,28084.881038242333,28288,28028.24,28143.5175,68.57847805634667,NaN,NaN
1679472000,28114.199269121167,28213.23,28000,28109.912500000002,67.4874533784448,NaN,NaN
1679486400,28112.055884560585,28736,28105.35,28389.7875,71.54734482944491,NaN,NaN
1679500800,28250.92169228029,28868.05,26650.27,27695.1775,53.64362849186588,NaN,NaN
1679515200,27973.049596140147,27973.049596140147,26601.8,26989.8875,42.1187465910928,NaN,NaN
1679529600,27481.468548070072,27481.468548070072,27105,27285.36,47.23334914867042,NaN,NaN
1679544000,27383.414274035036,27700,27258,27486.68,50.44630352781081,NaN,NaN
1679558400,27435.04713701752,27738.27,27435.04713701752,27598.5575,52.188580442580744,NaN,NaN
1679572800,27516.80231850876,28750,27275.92,28047.8275,58.49888399505973,NaN,NaN
1679587200,27782.31490925438,28647.05,27772.22,28342.530000000002,62.0382533257763,NaN,NaN
1679601600,28062.42245462719,28438,27967.93,28267.79,60.62610685388691,NaN,NaN
1679616000,28165.106227313598,28374.3,28134.86,28256.14,60.395335924079056,NaN,NaN
1679630400,28210.6231136568,28335.32,28102.15,28233.010000000002,59.90776374309574,NaN,NaN
1679644800,28221.816556828402,28295.72,27934.48,28146.195,58.014648709587036,NaN,NaN
1679659200,28184.0057784142,28253.01,27835,28046.510000000002,55.8329044425916,NaN,NaN
1679673600,28115.257889207103,28115.257889207103,27523.81,27855.769999999997,51.81741431078939,NaN,NaN
1679688000,27985.51394460355,27985.51394460355,27000,27534.015,45.82966957027917,NaN,NaN
1679702400,27759.764472301773,27759.764472301773,27420,27528.5775,45.73349050807937,NaN,NaN
1679716800,27644.170986150886,27644.170986150886,27375.9,27512.7775,45.43511174244805,NaN,NaN
1679731200,27578.47424307544,27578.47424307544,27309.8,27447.54,44.15416765798071,NaN,NaN
1679745600,27513.00712153772,27787.33,27357.14,27562.2725,46.98498155617387,NaN,NaN
1679760000,27537.63981076886,27730,27159.57,27431.6725,44.23620274587399,NaN,NaN
1679774400,27484.65615538443,27529.29,27156.09,27334.504999999997,42.25546858765347,NaN,NaN
1679788800,27409.580577692213,27650,27409.580577692213,27514.995,47.002484235295334,NaN,NaN
1679803200,27462.287788846108,27570.93,27462.15,27516.822500000002,47.04994832041865,NaN,NaN
1679817600,27489.555144423055,27915.08,27480.01,27691.495,51.5191660895848,NaN,NaN
1679832000,27590.525072211527,28194.4,27590.525072211527,27889.8125,56.054419139137906,NaN,NaN
1679846400,27740.168786105765,27934.57,27635.18,27800.3975,53.61894387370548,NaN,NaN
1679860800,27770.283143052882,28143,27670.71,27902.4275,55.96980340757342,NaN,NaN
1679875200,27836.35532152644,28023.86,27781.6,27915.5475,56.276698277224014,NaN,NaN
1679889600,27875.95141076322,27935.17,27666,27824.665,53.49516263386177,NaN,NaN
1679904000,27850.30820538161,27996.28,27768.55,27866.58,54.60944536008257,NaN,NaN
1679918400,27858.444102690806,27923.42,26508.14,27306.9675,40.61666184865221,NaN,NaN
1679932800,27582.7058013454,27582.7058013454,26858.79,27011.195,35.44690892352746,NaN,NaN
1679947200,27296.9504006727,27296.9504006727,26877.82,27056.665,36.77913472733497,NaN,NaN
1679961600,27176.80770033635,27176.80770033635,26800,27018.165,36.0997965659978,NaN,NaN
1679976000,27097.486350168176,27142.25,26872.11,26987.237500000003,35.532025523848475,NaN,NaN
1679990400,27042.36192508409,27155.38,26631.78,26951.8525,34.85654643778584,NaN,NaN
1680004800,26997.107212542047,27210,26835.31,27025.325,37.51282216262006,NaN,NaN
1680019200,27011.216106271022,27520,26745,27172.405000000002,42.56194126139036,NaN,NaN
1680033600,27091.81055313551,27492.8,27091.81055313551,27318.877500000002,47.14250021767639,NaN,NaN
1680048000,27205.344026567756,27479.36,27205.344026567756,27336.992499999997,47.69802538268814,NaN,NaN
1680062400,27271.16826328388,28164.48,27271.16826328388,27742.105000000003,58.26245413433321,NaN,NaN
1680076800,27506.63663164194,28650,27506.63663164194,28282.787500000002,67.65337631507023,NaN,NaN
1680091200,27894.71206582097,28590,27894.71206582097,28404.410000000003,69.32530548593135,NaN,NaN
1680105600,28149.56103291049,28448.68,28135.82,28361.6975,67.99608034653926,NaN,NaN
1680120000,28255.629266455246,28500,28211,28369.7725,68.12052896612096,NaN,NaN
1680134400,28312.700883227622,29184.68,28090.06,28528.129999999997,70.53989712463706,NaN,NaN
1680148800,28420.41544161381,28775.6,28420.41544161381,28608.147499999995,71.70826978739836,NaN,NaN
1680163200,28514.281470806905,28748.76,28500,28654.637499999997,72.39331715964416,NaN,NaN
1680177600,28584.45948540345,28691.45,28169.5,28451.5175,64.98909545887008,NaN,NaN
1680192000,28517.988492701726,28517.988492701726,27686,28068.355,53.80888617589412,NaN,NaN
1680206400,28293.17174635086,28293.17174635086,27786.66,27999.8125,52.08278878027294,NaN,NaN
1680220800,28146.49212317543,28375,27916.34,28122.07,54.86400388745732,NaN,NaN
1680235200,28134.281061587717,28219.36,27511.71,27909.49,49.48559945238758,NaN,NaN
1680249600,28021.885530793857,28021.885530793857,27688,27836.625,47.757422967043,NaN,NaN
1680264000,27929.25526539693,28656.69,27870.93,28237.645,56.716501769569625,NaN,NaN
1680278400,28083.450132698465,28541.18,28083.450132698465,28442.09,60.44108968088512,NaN,NaN
1680292800,28262.770066349232,28632.94,28262.770066349232,28476.267499999998,61.04458265541854,NaN,NaN
1680307200,28369.518783174615,28819.71,28369.518783174615,28558.684999999998,62.52910189067921,NaN,NaN
1680321600,28464.101891587306,28625.1,28351.35,28485.635,60.33443464429483,NaN,NaN
1680336000,28474.868445793654,28485.11,28360.65,28410.8975,58.08808885967832,NaN,NaN
1680350400,28442.882972896827,28473.9,28220.27,28366.770000000004,56.74472911801671,NaN,NaN
1680364800,28404.826486448415,28443.04,28280,28376.2725,56.97547531929544,NaN,NaN
1680379200,28390.549493224207,28577,28379.63,28447.8325,58.75964067281076,NaN,NaN
1680393600,28419.190996612102,28530,28355,28453.5825,58.9070985654938,NaN,NaN
1680408000,28436.386748306053,28490.4,28381.54,28441.225000000002,58.42361527621235,NaN,NaN
1680422400,28438.805874153026,28450.9,28306.8,28383,56.08776226431181,NaN,NaN
1680436800,28410.902937076513,28410.902937076513,28037.59,28220.3325,50.06535203273796,NaN,NaN
1680451200,28315.617718538255,28315.617718538255,27856.43,28038.745000000003,44.34156951243517,NaN,NaN
1680465600,28177.18135926913,28203.35,27858.29,28044.3375,44.55182041500742,NaN,NaN
1680480000,28110.759429634563,28182.17,27560,27916.972499999996,40.77417742368896,NaN,NaN
1680494400,28013.86596481728,28013.86596481728,27588,27815.8725,38.01845387121292,NaN,NaN
1680508800,27914.86923240864,28500.99,27914.86923240864,28168.045,50.55462893301978,NaN,NaN
1680523200,28041.45711620432,28375,27945.19,28156.35,50.19158181392631,NaN,NaN
1680537600,28098.90355810216,28238.53,27875,28061.5225,47.22990350644702,NaN,NaN
1680552000,28080.21302905108,28093.56,27200.24,27793.72,40.04360603348626,NaN,NaN
1680566400,27936.966514525542,27965,27662.79,27820.7125,41.017748873313174,NaN,NaN
1680580800,27878.83950726277,28145,27775.37,27949.1825,45.55206551576918,NaN,NaN
1680595200,27914.011003631385,28444.44,27914.011003631385,28171.6175,52.378303803624824,NaN,NaN
1680609600,28042.814251815693,28399,27947.59,28166.534999999996,52.21721228926252,NaN,NaN
1680624000,28104.674625907843,28260,27971.07,28112.5925,50.44396692788917,NaN,NaN
1680638400,28108.63356295392,28305,28078.63,28184.5875,52.75023988751946,NaN,NaN
1680652800,28146.61053147696,28775,28099.68,28396.2175,58.817425055690364,NaN,NaN
1680667200,28271.41401573848,28624.35,28271.41401573848,28537.322500000002,62.29397334724865,NaN,NaN
1680681600,28404.36825786924,28600,28404.36825786924,28532.52,62.10181964855961,NaN,NaN
1680696000,28468.44412893462,28750,27860,28298.864999999998,53.46138978924406,NaN,NaN
1680710400,28383.65456446731,28383.65456446731,27805.1,28096.217500000002,47.312987821938144,NaN,NaN
1680724800,28239.936032233658,28300,28132.16,28210.7025,50.75843708285443,NaN,NaN
1680739200,28225.31926611683,28225.31926611683,27878.6,28089.77,47.24390734218898,NaN,NaN
1680753600,28157.544633058416,28157.544633058416,27907.77,28019.29,45.27630423856521,NaN,NaN
1680768000,28088.41731652921,28088.41731652921,27711,27899.022500000003,42.05744733008255,NaN,NaN
1680782400,27993.719908264604,28181.05,27750,27991.7375,45.286756075313626,NaN,NaN
1680796800,27992.7287041323,28165.88,27950.9,28056.235000000004,47.479647545640965,NaN,NaN
1680811200,28024.48185206615,28121.87,27900,28018.364999999998,46.30610185339068,NaN,NaN
1680825600,28021.423426033074,28100,27926.52,28024.752500000002,46.54609137252925,NaN,NaN
1680840000,28023.087963016536,28062.73,27766.94,27927.03,43.35352390399371,NaN,NaN
1680854400,27975.058981508268,27975.058981508268,27785,27856.839999999997,41.169306923807845,NaN,NaN
1680868800,27915.94949075413,27984.75,27800,27892.434999999998,42.74468791000869,NaN,NaN
1680883200,27904.192245377064,27953.47,27856,27912.77,43.67267224644712,NaN,NaN
1680897600,27908.481122688532,27980.74,27839.02,27905.9,43.41664958403373,NaN,NaN
1680912000,27907.190561344265,28059.39,27859.02,27962.035,46.192360642351495,NaN,NaN
1680926400,27934.612780672134,28154.99,27934.612780672134,28059.685,50.7210281718618,NaN,NaN
1680940800,27997.148890336066,28114.94,27990.57,28051.955,50.359700215325795,NaN,NaN
1680955200,28024.551945168034,28057,27950,28009.4475,48.32114947299385,NaN,NaN
1680969600,28016.999722584016,28020,27872.11,27957.737500000003,45.887668047957405,NaN,NaN
1680984000,27987.36861129201,27987.41,27885.86,27933.945,44.77046375612613,NaN,NaN
1680998400,27960.656805646006,28083.45,27924.9,27993.61,48.177812595750545,NaN,NaN
1681012800,27977.133402823005,28067.46,27840.51,27959.675,46.42354284581289,NaN,NaN
1681027200,27968.404201411504,27968.404201411504,27800,27895.8,43.232535893794676,NaN,NaN
1681041600,27932.10210070575,27973.39,27800,27898.875,43.43411381176182,NaN,NaN
1681056000,27915.488550352875,28250,27876.68,28039.747499999998,51.866602442629144,NaN,NaN
1681070400,27977.618025176438,28530,27977.618025176438,28272.1675,61.94597919043993,NaN,NaN
1681084800,28124.89276258822,28425.43,28124.89276258822,28317.954999999998,63.56468457871256,NaN,NaN
1681099200,28221.42388129411,28325.43,28196.61,28271.265,60.72795745764926,NaN,NaN
1681113600,28246.344440647055,28375.02,28246.344440647055,28310.049999999996,62.235634968245364,NaN,NaN
1681128000,28278.197220323527,28575.04,28170,28372.502500000002,64.5927861439399,NaN,NaN
1681142400,28325.349860161765,29380,28325.349860161765,28837.239999999998,76.39841258214835,NaN,NaN
1681156800,28581.294930080883,29770,28581.294930080883,29412.372499999998,83.65956753631545,NaN,NaN
1681171200,28996.83371504044,30430,28996.83371504044,29943.325,87.48693820037427,NaN,NaN
1681185600,29470.07935752022,30169.14,29470.07935752022,30047.995,88.07969374928558,NaN,NaN
1681200000,29759.03717876011,30147.38,29759.03717876011,30070.8575,88.21105675988748,NaN,NaN
1681214400,29914.947339380054,30280,29914.947339380054,30126.09,88.53963573291657,NaN,NaN
1681228800,30020.518669690027,30550,30020.518669690027,30228.5625,89.14417569040694,NaN,NaN
1681243200,30124.540584845014,30274.19,29940,30136.157499999998,84.80011529127098,NaN,NaN
1681257600,30130.349042422506,30350.07,29811.82,30071.090000000004,81.77812299748241,NaN,NaN
1681272000,30100.719521211257,30100.719521211257,29850,29957.364999999998,76.63751117807819,NaN,NaN
1681286400,30029.042260605627,30050.47,29895.98,29987.435,77.04833352794516,NaN,NaN
1681300800,30008.238630302814,30486,29637.4,30025.9325,77.59162037640341,NaN,NaN
1681315200,30017.085565151407,30091.01,29760.13,29903.44,71.7703014604562,NaN,NaN
1681329600,29960.2627825757,29979.74,29775.68,29860.520000000004,69.79441431296047,NaN,NaN
1681344000,29910.391391287852,30200,29854.59,30003.7075,72.513180915846,NaN,NaN
1681358400,29957.049445643926,30128.59,29957.049445643926,30063.072500000002,73.57513911864466,NaN,NaN
1681372800,30010.060972821964,30374.87,30010.060972821964,30160.572500000002,75.26537419973624,NaN,NaN
1681387200,30085.316736410983,30595,30085.316736410983,30332.6,77.94579926549024,NaN,NaN
1681401600,30208.95836820549,30535.76,30208.95836820549,30393.68,78.8232902128788,NaN,NaN
1681416000,30301.319184102744,30394.7,30205,30327.1675,75.30939035487123,NaN,NaN
1681430400,30314.24334205137,30893.79,30310.03,30567.135000000002,78.954623850175,NaN,NaN
1681444800,30440.689171025686,31000,30440.689171025686,30774.785,81.49988402181482,NaN,NaN
1681459200,30607.737085512843,30827.27,30607.737085512843,30755.0075,80.50125931955023,NaN,NaN
1681473600,30681.372292756423,30850,30101,30497.695,68.70584561450823,NaN,NaN
1681488000,30589.53364637821,30589.53364637821,29966,30221.442499999997,58.752543390996266,NaN,NaN
1681502400,30405.488073189103,30522.07,30272.25,30396.335,62.460321245123936,NaN,NaN
1681516800,30400.91153659455,30595.6,30278.08,30429.1875,63.13076534893149,NaN,NaN
1681531200,30415.049518297274,30467.92,30337.97,30403.83,62.20726759568051,NaN,NaN
1681545600,30409.439759148638,30470,30364.7,30413.322500000002,62.42883623534659,NaN,NaN
1681560000,30411.38112957432,30444,30285,30359.895,60.28649348759946,NaN,NaN
1681574400,30385.638064787163,30385.638064787163,30202,30299.59,57.8724305464649,NaN,NaN
1681588800,30342.614032393583,30360.19,30236.39,30305.8525,58.0602469561206,NaN,NaN
1681603200,30324.233266196792,30324.233266196792,30120,30245.8775,55.50795945056723,NaN,NaN
1681617600,30285.055383098395,30399.4,30245.82,30309.8875,57.647835324096825,NaN,NaN
1681632000,30297.471441549198,30353.96,30220.4,30286.445,56.574664090792766,NaN,NaN
1681646400,30291.9582207746,30362,30160.4,30270.46,55.81169901071906,NaN,NaN
1681660800,30281.2091103873,30549.99,30259.69,30362.93,59.23643964479352,NaN,NaN
1681675200,30322.06955519365,30407.98,30192,30303.42,56.21676594227441,NaN,NaN
1681689600,30312.744777596825,30316.06,29740.64,30086.04,46.82651454141546,NaN,NaN
1681704000,30199.392388798413,30199.392388798413,29832,29915.165,41.025442458225136,NaN,NaN
1681718400,30057.278694399207,30057.278694399207,29366,29674.4025,34.5337848194978,NaN,NaN
1681732800,29865.840597199604,29865.840597199604,29240.65,29440.725,29.63275735997898,NaN,NaN
1681747200,29653.2827985998,29653.2827985998,29330.85,29434.140000000003,29.505678844382544,NaN,NaN
1681761600,29543.7113992999,29543.7113992999,29391.92,29456.592500000002,30.598533297255997,NaN,NaN
1681776000,29500.151949649953,29500.151949649953,29096.78,29368.510000000002,28.717630275687895,NaN,NaN
1681790400,29434.330974824978,29803,29434.330974824978,29617.045,39.93671621293508,NaN,NaN
1681804800,29525.687987412486,30381.68,29525.687987412486,30057.745,53.816983236502715,NaN,NaN
1681819200,29791.71649370624,30485,29791.71649370624,30287.454999999998,59.11998022590057,NaN,NaN
1681833600,30039.585746853118,30274.21,29945.58,30156.54,55.227816113922266,NaN,NaN
1681848000,30098.06287342656,30450,30098.06287342656,30300.385,58.46357409881811,NaN,NaN
1681862400,30199.22393671328,30413.53,30126,30282.692499999997,57.90921074221091,NaN,NaN
1681876800,30240.958218356638,30325.51,29980,30148.624999999996,53.750038343652975,NaN,NaN
1681891200,30194.79160917832,30194.79160917832,29000,29616.542499999996,41.12560877040444,NaN,NaN
1681905600,29905.667054589157,29905.667054589157,29100,29292.77,35.64009285932826,NaN,NaN
1681920000,29599.21852729458,29599.21852729458,29080,29234.375,34.740064594394454,NaN,NaN
1681934400,29416.79676364729,29416.79676364729,28520,28964.942499999997,30.866873179291943,NaN,NaN
1681948800,29190.869631823643,29190.869631823643,28549,28802.155000000002,28.77915383319518,NaN,NaN
1681963200,28996.512315911823,29088.3,28818.8,28909.8175,32.05242172722434,NaN,NaN
1681977600,28953.164907955914,28953.164907955914,28590,28754.447500000002,29.915640240424494,NaN,NaN
1681992000,28853.806203977958,28978.69,28334,28606.625,28.00288211053045,NaN,NaN
1682006400,28730.21560198898,28730.21560198898,28010,28319.972500000003,24.70425388448507,NaN,NaN
1682020800,28525.094050994492,28525.094050994492,28012,28181.3825,23.276636872246527,NaN,NaN
1682035200,28353.238275497246,28374.02,28090,28257.27,25.804989855769293,NaN,NaN
1682049600,28305.254137748623,28348,27815.89,28160.085,24.68316613982367,NaN,NaN
1682064000,28232.669568874313,28237.3,27919.69,28094.555,23.927813836657947,NaN,NaN
1682078400,28163.612284437157,28308.45,27962.65,28094.505,23.927212170877624,NaN,NaN
1682092800,28129.05864221858,28129.05864221858,27184.54,27648.9225,19.275604290841443,NaN,NaN
1682107200,27888.99057110929,27888.99057110929,27125,27269.34,16.358127982694654,NaN,NaN
1682121600,27579.165285554645,27579.165285554645,27140.35,27273.28,16.49940243839751,NaN,NaN
1682136000,27426.22264277732,27426.22264277732,27225,27305.635,17.72831269363084,NaN,NaN
1682150400,27365.92882138866,27365.92882138866,27184.24,27268.305,17.409944811410384,NaN,NaN
1682164800,27317.11691069433,27562.17,27231,27392.1875,22.3908839662392,NaN,NaN
1682179200,27354.652205347164,27804.38,27354.652205347164,27600.1375,30.02026682973515,NaN,NaN
1682193600,27477.394852673584,27882.72,27477.394852673584,27722.2725,34.11680690344586,NaN,NaN
1682208000,27599.83367633679,27816.85,27415.56,27651.774999999998,32.91893876273994,NaN,NaN
1682222400,27625.804338168396,27751.47,27531.85,27640.012499999997,32.71255963725275,NaN,NaN
1682236800,27632.908419084197,27777,27482.79,27655.394999999997,33.30146862691616,NaN,NaN
1682251200,27644.151709542097,27735.25,27311.25,27540.965,31.11951905140893,NaN,NaN
1682265600,27592.55835477105,27689.83,27330,27490.0175,30.17165062588026,NaN,NaN
1682280000,27541.287927385525,27650.28,27402.88,27527.385000000002,31.812157218640266,NaN,NaN
1682294400,27534.336463692765,28000,27427.3,27702.0925,39.02490697511556,NaN,NaN
1682308800,27618.214481846382,27800,27350,27598.115,36.54714344231257,NaN,NaN
1682323200,27608.164740923192,27608.164740923192,27157.14,27428.3,32.87587103612975,NaN,NaN
1682337600,27518.232370461596,27720.57,27200,27434.6125,33.14472033438376,NaN,NaN
1682352000,27476.422435230797,27579.8,26942.82,27293.2425,30.225025446120597,NaN,NaN
1682366400,27384.8324676154,27560.73,27320.47,27443.8525,36.62960679596473,NaN,NaN
1682380800,27414.3424838077,27590.28,27313.74,27440.1675,36.54122911976762,NaN,NaN
1682395200,27427.25499190385,27459.58,27240.8,27328.1575,33.8664724886106,NaN,NaN
1682409600,27377.706245951926,27443.63,27192,27323.2825,33.7506784676212,NaN,NaN
1682424000,27350.49437297596,27482.71,27199.17,27354.46,35.274873120642766,NaN,NaN
1682438400,27352.47718648798,27790.19,27316.2,27515.697500000002,42.626445041763404,NaN,NaN
1682452800,27434.08734324399,28399.99,27434.08734324399,27980.795,57.590087153807296,NaN,NaN
1682467200,27707.441171621995,28481,27707.441171621995,28333.879999999997,65.0437583587007,NaN,NaN
1682481600,28020.660585810998,28599,28020.660585810998,28396.33,66.17606698271014,NaN,NaN
1682496000,28208.4952929055,29138.83,28208.4952929055,28709.832500000004,71.21658973336345,NaN,NaN
1682510400,28459.163896452752,30036,28459.163896452752,29440.1625,79.0493100452693,NaN,NaN
1682524800,28949.663198226375,29900,27694.06,28824.58,63.39085850924454,NaN,NaN
1682539200,28887.12159911319,28887.12159911319,27235,28068.6325,50.231927128669525,NaN,NaN
1682553600,28477.877049556595,29480.5,28378.86,28790.11,58.98320627931552,NaN,NaN
1682568000,28633.9935247783,29278.88,28632.25,28922.685,60.36248077646933,NaN,NaN
1682582400,28778.33926238915,29139.85,28778.33926238915,28937.0875,60.517809284601896,NaN,NaN
1682596800,28857.713381194575,29555,28661.58,29075.13,62.052726299940375,NaN,NaN
1682611200,28966.421690597286,29890,28966.421690597286,29431.79,65.75683582154844,NaN,NaN
1682625600,29199.105845298644,29783.15,29199.105845298644,29546.357500000002,66.87536185522767,NaN,NaN
1682640000,29372.731672649323,29599.54,29330,29455.7075,65.06441058623179,NaN,NaN
1682654400,29414.21958632466,29566.92,29396.89,29468.29,65.20525450407177,NaN,NaN
1682668800,29441.25479316233,29495.34,29137.76,29339.3225,62.42719300521679,NaN,NaN
1682683200,29390.288646581164,29467.36,28891,29185.1525,59.18120196158121,NaN,NaN
1682697600,29287.720573290582,29437.81,29101.28,29253.625,60.171728162650844,NaN,NaN
1682712000,29270.672786645293,29429.36,29270.672786645293,29336.585,61.394081839945414,NaN,NaN
1682726400,29303.628893322646,29400,29195.58,29313.252500000002,60.82863638688385,NaN,NaN
1682740800,29308.440696661324,29448.88,29289.44,29357.402500000004,61.55026162394107,NaN,NaN
1682755200,29332.921598330664,29360,29234.39,29318.01,60.479679413655354,NaN,NaN
1682769600,29325.46579916533,29393.39,29210.24,29301.737500000003,60.015295159785445,NaN,NaN
1682784000,29313.601649582666,29313.601649582666,29031,29212.9825,57.42532535440997,NaN,NaN
1682798400,29263.29207479133,29265,29138.25,29218.594999999998,57.550080318794414,NaN,NaN
1682812800,29240.943537395666,29240.943537395666,29079.59,29179.85,56.32310152904334,NaN,NaN
1682827200,29210.396768697832,29295.96,29171.22,29228.122499999998,57.53778351480636,NaN,NaN
1682841600,29219.259634348913,29348.31,29160.53,29243.07,57.92795709126568,NaN,NaN
1682856000,29231.164817174456,29969.39,29182.74,29501.082500000004,64.06585159427999,NaN,NaN
1682870400,29366.123658587232,29870.22,29211.28,29524.4525,64.57004718309315,NaN,NaN
1682884800,29445.288079293616,29486.5,29160.96,29310.449999999997,56.721580387889674,NaN,NaN
1682899200,29377.86903964681,29377.86903964681,28369.95,28875.3875,44.799666293701655,NaN,NaN
1682913600,29126.628269823406,29126.628269823406,28250.15,28538.5625,38.119566253889595,NaN,NaN
1682928000,28832.595384911703,28832.595384911703,28487.42,28577.615,39.2506097752482,NaN,NaN
1682942400,28705.105192455852,28705.105192455852,28075.36,28349.8175,35.20808101811747,NaN,NaN
1682956800,28527.461346227927,28527.461346227927,27799.99,28056.235,30.804670531499383,NaN,NaN
1682971200,28291.848173113962,28291.848173113962,27666.95,27934.454999999998,29.174685951377995,NaN,NaN
1682985600,28113.15158655698,28145.6,27918.49,28044.0275,32.628912136765564,NaN,NaN
1683000000,28078.58954327849,28164.55,27872,28034.4425,32.479684488451994,NaN,NaN
1683014400,28056.516021639247,28133.33,27939.4,28053.757500000003,33.14324309296066,NaN,NaN
1683028800,28055.136760819623,28767.08,27910,28325.6475,41.81208049445326,NaN,NaN
1683043200,28190.39213040981,28879.88,28190.39213040981,28634.5475,49.77931404896248,NaN,NaN
1683057600,28412.469815204906,28815.43,28412.469815204906,28696.875,51.23032620964038,NaN,NaN
1683072000,28554.672407602455,28689.35,28336.3,28554.1,47.82176455779411,NaN,NaN
1683086400,28554.386203801227,28680,28427.56,28570.5625,48.24931605223131,NaN,NaN
1683100800,28562.474351900615,28767.93,28526.18,28622.915000000005,49.661925038619046,NaN,NaN
1683115200,28592.69467595031,28592.69467595031,28113.69,28388.065,43.87602450190934,NaN,NaN
1683129600,28490.379837975153,28800,28211.08,28411.395,44.56694029804396,NaN,NaN
1683144000,28450.88741898758,29266.66,28285.19,28725.245000000003,52.95697920242246,NaN,NaN
1683158400,28588.06620949379,29195.94,28588.06620949379,29067.485,60.056576653676125,NaN,NaN
1683172800,28827.775604746894,29237.73,28827.775604746894,29107.77,60.80638645567638,NaN,NaN
1683187200,28967.772802373445,29379.83,28967.772802373445,29143.8175,61.5027751624432,NaN,NaN
1683201600,29055.79515118672,29232.87,28663.64,28979.3375,56.564210196848904,NaN,NaN
1683216000,29017.56632559336,29017.56632559336,28673.59,28851.957499999997,53.01388204192416,NaN,NaN
1683230400,28934.76191279668,28934.76191279668,28748,28850.3675,52.96918995203542,NaN,NaN
1683244800,28892.56470639834,29531,28819.77,29096.79,58.77039420754094,NaN,NaN
1683259200,28994.67735319917,29275,28994.67735319917,29141.345,59.737420028348104,NaN,NaN
1683273600,29068.011176599586,29195.97,29022.27,29107.4725,58.61190776242956,NaN,NaN
1683288000,29087.741838299793,29439.99,28800,29186.45,60.48149235405941,NaN,NaN
1683302400,29137.0959191499,29677,29137.0959191499,29477.72,66.49298721492845,NaN,NaN
1683316800,29307.40795957495,29650,29307.40795957495,29541.99,67.66193003610584,NaN,NaN
1683331200,29424.698979787478,29820,29337.83,29504.26,66.20180326156475,NaN,NaN
1683345600,29464.47948989374,29464.47948989374,29250.65,29351.1575,60.49676579324855,NaN,NaN
1683360000,29407.81849494687,29407.81849494687,29132.14,29282.207499999997,58.06973547785388,NaN,NaN
1683374400,29345.012997473434,29345.012997473434,28300,28852.5025,45.751037434766005,NaN,NaN
1683388800,29098.757748736716,29098.757748736716,28535.26,28729.845,42.95019615426145,NaN,NaN
1683403200,28914.30137436836,28914.30137436836,28642,28803.3775,45.1192844156335,NaN,NaN
1683417600,28858.83943718418,29138.29,28744.08,28882.28,47.42903524247646,NaN,NaN
1683432000,28870.55971859209,28952.56,28787.02,28862.140000000003,46.886600501215575,NaN,NaN
1683446400,28866.349859296046,28960.03,28705.12,28853.907499999998,46.6517303004454,NaN,NaN
1683460800,28860.12867964802,29095.88,28840,28929.655,49.17452476516226,NaN,NaN
1683475200,28894.89183982401,29029.11,28770.69,28912.5475,48.61536233134488,NaN,NaN
1683489600,28903.719669912003,28952.87,28395.23,28671.4825,41.46101473167826,NaN,NaN
1683504000,28787.601084956,28787.601084956,28004.23,28316.260000000002,33.61160864376289,NaN,NaN
1683518400,28551.930542478003,28551.930542478003,27830.85,28067.06,29.405693113405107,NaN,NaN
1683532800,28309.495271239,28309.495271239,27577.01,27868.92,26.55988127618714,NaN,NaN
1683547200,28089.2076356195,28089.2076356195,27669.5,27893.3275,27.490782924984387,NaN,NaN
1683561600,27991.26756780975,27991.26756780975,27289.39,27611.975,23.75309677492207,NaN,NaN
1683576000,27801.621283904875,27801.621283904875,27262,27492.8275,22.366252237442524,NaN,NaN
1683590400,27647.224391952437,27749.34,27534.55,27645.5075,28.155016843538647,NaN,NaN
1683604800,27646.36594597622,27673.72,27437.32,27601.7575,27.52174255581086,NaN,NaN
1683619200,27624.06172298811,27728.99,27517.7,27647.9075,29.327522037795262,NaN,NaN
1683633600,27635.984611494056,27818,27370.01,27566.677499999998,28.004944570251794,NaN,NaN
1683648000,27601.331055747025,27750,27353,27554.927499999998,27.809579790086744,NaN,NaN
1683662400,27578.12927787351,27775.18,27521.49,27660.315000000002,32.366872711551025,NaN,NaN
1683676800,27619.222138936755,27849.94,27619.222138936755,27695.925000000003,33.88563826490163,NaN,NaN
1683691200,27657.57356946838,27720.97,27529.88,27619.6,32.21578061299353,NaN,NaN
1683705600,27638.586784734187,27679.1,27474.91,27593.34,31.638101339761192,NaN,NaN
1683720000,27615.96339236709,28331.42,27615.96339236709,27949.3775,45.82280706349872,NaN,NaN
1683734400,27782.670446183547,28299.15,26777,27730.405,40.28622988770446,NaN,NaN
1683748800,27756.537723091773,27982.23,27219,27623.0625,37.87060903594084,NaN,NaN
1683763200,27689.800111545886,27689.800111545886,27367.76,27509.019999999997,35.43931665484577,NaN,NaN
1683777600,27599.41005577294,27599.41005577294,27395.88,27461.515,34.44723694252306,NaN,NaN
1683792000,27530.46252788647,27530.46252788647,27257.98,27400.9875,33.1730172821554,NaN,NaN
1683806400,27465.725013943236,27630.14,26952,27291.795,30.948889494524025,NaN,NaN
1683820800,27378.760006971617,27378.760006971617,26702.05,26986.0125,25.743563581457835,NaN,NaN
1683835200,27182.38625348581,27182.38625348581,26807.22,26919.8425,24.7725898957963,NaN,NaN
1683849600,27051.114376742902,27091.12,26528.01,26793.015,22.983271512001068,NaN,NaN
1683864000,26922.06468837145,26922.06468837145,26120.74,26431.647500000003,18.813547992588013,NaN,NaN
1683878400,26676.85609418573,26676.85609418573,26234.79,26332.827499999996,17.859343736022495,NaN,NaN
1683892800,26504.841797092864,26614.67,26271.65,26388.795,20.324096611881245,NaN,NaN
1683907200,26446.81839854643,26500,25811.46,26272.9775,19.05019028841089,NaN,NaN
1683921600,26359.897949273218,26894.9,26359.897949273218,26627.5975,32.91530362325089,NaN,NaN
1683936000,26493.74772463661,26983.98,26493.74772463661,26819.8225,39.013132673769164,NaN,NaN
1683950400,26656.785112318306,26870.19,26656.785112318306,26786.4375,38.36095283840775,NaN,NaN
1683964800,26721.611306159153,26877,26721.611306159153,26804.835,38.96645714588731,NaN,NaN
1683979200,26763.223153079576,26904.98,26736,26820.29,39.504085601559964,NaN,NaN
1683993600,26791.75657653979,27045.45,26757.32,26864.239999999998,41.09319461442929,NaN,NaN
1684008000,26827.998288269893,26939.4,26750,26825.6525,40.097295887723895,NaN,NaN
1684022400,26826.825394134947,26874.42,26560.53,26768.8125,38.61283397258474,NaN,NaN
1684036800,26797.818947067473,26898.87,26793.53,26853.1625,42.04195939856012,NaN,NaN
1684051200,26825.490723533738,26886.73,26790.02,26834.4875,41.48936964268848,NaN,NaN
1684065600,26829.989111766867,27200,26744.7,26958.1725,46.50445789879548,NaN,NaN
1684080000,26894.080805883434,27135.04,26827.23,26980.8125,47.39330869030079,NaN,NaN
1684094400,26937.44665294172,26961.55,26842.57,26900.174999999996,44.553811461802766,NaN,NaN
1684108800,26918.810826470857,27290.93,26726,27041.835000000003,50.198753637605016,NaN,NaN
1684123200,26980.32291323543,27550.03,26980.32291323543,27342.579999999998,59.60210032438594,NaN,NaN
1684137600,27161.451456617717,27485.5,27161.451456617717,27386.16,60.75837939431303,NaN,NaN
1684152000,27273.805728308856,27534,27221.2,27372.03,60.15716295943791,NaN,NaN
1684166400,27322.917864154428,27663.59,27317.9,27449.135000000002,62.34670225602075,NaN,NaN
1684180800,27386.026432077215,27418.24,27126.73,27281.3375,55.23310062261091,NaN,NaN
1684195200,27333.68196603861,27333.68196603861,26852.11,27110.2875,49.08492252508493,NaN,NaN
1684209600,27221.984733019304,27252.59,26993.71,27157.225000000002,50.70642960957583,NaN,NaN
1684224000,27189.604866509653,27286.08,26987.02,27146.1775,50.30038616809993,NaN,NaN
1684238400,27167.891183254826,27167.891183254826,26900,27033.685,46.23996393842511,NaN,NaN
1684252800,27100.788091627415,27151.51,26880,27000.642499999998,45.08863097220935,NaN,NaN
1684267200,27050.71529581371,27050.71529581371,26897.34,26978.495,44.29256190445354,NaN,NaN
1684281600,27014.605147906856,27238.55,26982.93,27078.8425,48.71105327223474,NaN,NaN
1684296000,27046.723823953427,27100,26760,26941.2975,43.605687141938105,NaN,NaN
1684310400,26994.010661976714,26994.010661976714,26573.62,26742.67,37.49425065076546,NaN,NaN
1684324800,26868.340330988358,26868.340330988358,26544.71,26703.8275,36.41931029710181,NaN,NaN
1684339200,26786.08391549418,27447.29,26741.36,27092.6675,51.43093966042529,NaN,NaN
1684353600,26939.375707747087,27500,26939.375707747087,27391.2875,59.36561145435026,NaN,NaN
1684368000,27165.331603873543,27485.33,27165.331603873543,27385.805,59.17447298776061,NaN,NaN
1684382400,27275.56830193677,27454.14,27152.29,27340.9325,57.54149400494873,NaN,NaN
1684396800,27308.250400968383,27440.01,27308.250400968383,27391.1525,58.90822250203691,NaN,NaN
1684411200,27349.701450484194,27472.14,27021.95,27244.9575,53.50839416507496,NaN,NaN
1684425600,27297.3294752421,27297.3294752421,26361.2,26825.087499999998,41.68905713210894,NaN,NaN
1684440000,27061.20848762105,27065.27,26691.2,26827.94,41.783141064298285,NaN,NaN
1684454400,26944.574243810523,26944.574243810523,26749.33,26833.594999999998,41.98299483318532,NaN,NaN
1684468800,26889.084621905262,26960.24,26812.03,26864.595,43.13543675733885,NaN,NaN
1684483200,26876.83981095263,26926.61,26790.72,26856.1525,42.88559258929184,NaN,NaN
1684497600,26866.496155476314,27183.6,26630,26888.2875,44.21018379006443,NaN,NaN
1684512000,26877.391827738156,26973.56,26780.73,26868.1,43.5272380197579,NaN,NaN
1684526400,26872.745913869076,26921.21,26807.73,26860.9175,43.2711201883793,NaN,NaN
1684540800,26866.831706934536,26908.42,26825.11,26869.8425,43.71431425819362,NaN,NaN
1684555200,26868.337103467267,26873.63,26835.1,26857.325,43.204499074786156,NaN,NaN
1684569600,26862.831051733636,26917.38,26854.97,26876.8475,44.29563988695462,NaN,NaN
1684584000,26869.83927586682,26976,26869.83927586682,26919.305,46.694170372932945,NaN,NaN
1684598400,26894.57213793341,27150,26894.57213793341,27017.9875,51.880364730265846,NaN,NaN
1684612800,26956.279818966705,27129.36,26956.279818966705,27065.502500000002,54.19134833318029,NaN,NaN
1684627200,27010.891159483355,27277.55,27010.891159483355,27154.82,58.250338542764716,NaN,NaN
1684641600,27082.855579741678,27176.22,27047.88,27113.827500000003,55.80630968396288,NaN,NaN
1684656000,27098.34153987084,27098.34153987084,26776.23,26936.745,46.69230737312916,NaN,NaN
1684670400,27017.54326993542,27017.54326993542,26803.58,26877.370000000003,44.09214924815988,NaN,NaN
1684684800,26947.45663496771,26947.45663496771,26832.98,26891.85,44.89803071257919,NaN,NaN
1684699200,26919.653317483855,26926.29,26666.03,26810.5575,41.29885551377549,NaN,NaN
1684713600,26865.105408741925,26865.105408741925,26538.21,26677.5825,36.1885065394985,NaN,NaN
1684728000,26771.34395437096,26913.14,26643.12,26761.0475,41.11393648820671,NaN,NaN
1684742400,26766.19572718548,26900,26766.19572718548,26834.309999999998,45.11831132459021,NaN,NaN
1684756800,26800.252863592737,27099.89,26702.91,26876.692499999997,47.3488984047794,NaN,NaN
1684771200,26838.472681796367,26930,26781.99,26862.8975,46.683812339622406,NaN,NaN
1684785600,26850.685090898183,26959.52,26833.21,26876.107500000002,47.445096870854705,NaN,NaN
1684800000,26863.396295449093,27442.03,26798.11,27114.0225,58.84321285850452,NaN,NaN
1684814400,26988.709397724546,27495.83,26988.709397724546,27342.9775,66.39623506618773,NaN,NaN
1684828800,27165.843448862273,27349,27165.843448862273,27310.27,64.57312453620558,NaN,NaN
1684843200,27238.05672443114,27386.26,27175.19,27304.715,64.25044820984864,NaN,NaN
1684857600,27271.385862215568,27328.48,27100.79,27232.6325,60.05665598813073,NaN,NaN
1684872000,27252.009181107784,27252.009181107784,27151.38,27200.4,58.226450315377,NaN,NaN
1684886400,27226.20459055389,27226.20459055389,26649.88,26968.775,47.114931232683865,NaN,NaN
1684900800,27097.489795276946,27097.489795276946,26613,26727.024999999998,38.79381882777477,NaN,NaN
1684915200,26912.257397638474,26912.257397638474,26670,26732.482500000002,39.05549808843839,NaN,NaN
1684929600,26822.369948819236,26822.369948819236,26080.5,26469.9225,31.973127564806532,NaN,NaN
1684944000,26646.14622440962,26646.14622440962,26159.97,26281.1575,28.03671045013246,NaN,NaN
1684958400,26463.65186220481,26486.46,26242.62,26327.6075,30.31040875238122,NaN,NaN
1684972800,26395.629681102404,26395.629681102404,25871.89,26194.745,27.622095699019752,NaN,NaN
1684987200,26295.1873405512,26300,26126.76,26185.44,27.43854847460365,NaN,NaN
1685001600,26240.313670275602,26335.16,26128.37,26222.855,29.46805799602528,NaN,NaN
1685016000,26231.5843351378,26499.99,26168.6,26297.83,33.48294696652738,NaN,NaN
1685030400,26264.7071675689,26631.98,26207.47,26383.5625,37.84018333448535,NaN,NaN
1685044800,26324.13483378445,26551.02,26324.13483378445,26481.485,42.47523580406704,NaN,NaN
1685059200,26402.809916892227,26539.34,26350,26449.57,41.3919140142526,NaN,NaN
1685073600,26426.189958446113,26534.05,26327.24,26449.440000000002,41.38728357927871,NaN,NaN
1685088000,26437.814979223058,26549,26423.62,26484.3125,43.22217121976972,NaN,NaN
1685102400,26461.063739611527,26932.16,26355.81,26625.3675,50.035636828263094,NaN,NaN
1685116800,26543.215619805764,26837.34,26543.215619805764,26741.315000000002,54.83365433615215,NaN,NaN
1685131200,26642.265309902883,26807.5,26642.265309902883,26741.66,54.84754826909167,NaN,NaN
1685145600,26691.962654951443,26782.73,26633,26718.415,53.65004832780394,NaN,NaN
1685160000,26705.188827475722,26786.51,26705.188827475722,26742.8275,54.76701676825301,NaN,NaN
1685174400,26724.00816373786,26732.66,26666.37,26705.2125,52.66122199850738,NaN,NaN
1685188800,26714.61033186893,26777.77,26551,26679.460000000003,51.20947708877555,NaN,NaN
1685203200,26697.035165934467,26846,26620.35,26721.502500000002,53.464929042855495,NaN,NaN
1685217600,26709.268832967235,26895,26709.268832967235,26801.22,57.47871584228623,NaN,NaN
1685232000,26755.24441648362,27247.1,26755.24441648362,27013.242499999997,65.90253408608233,NaN,NaN
1685246400,26884.243458241806,27285.52,26884.243458241806,27206.885,71.4630338769856,NaN,NaN
1685260800,27045.5642291209,27344.23,27045.5642291209,27215.094999999998,71.67394764858454,NaN,NaN
1685275200,27130.329614560447,27280,27100.02,27201.4875,70.74072236236995,NaN,NaN
1685289600,27165.90855728022,27746.33,27165.90855728022,27439.350000000002,76.50061074158072,NaN,NaN
1685304000,27302.62927864011,28261.32,27302.62927864011,27844.575,82.73582342448118,NaN,NaN
1685318400,27573.602139320057,28447.14,27573.602139320057,28095.355,85.33003363929508,NaN,NaN
1685332800,27834.47856966003,28047.01,27834.47856966003,27937.7175,77.45158135374513,NaN,NaN
1685347200,27886.098034830015,27971.01,27745.78,27884.629999999997,74.94210952467165,NaN,NaN
1685361600,27885.364017415006,27949.7,27588,27770.52,69.71351312896323,NaN,NaN
1685376000,27827.942008707505,27827.942008707505,27524.6,27632.7575,63.91576688835472,NaN,NaN
1685390400,27730.349754353752,27818,27554.57,27686.7275,65.1389426737249,NaN,NaN
1685404800,27708.538627176877,27940.55,27584.45,27772.655,67.05381977932367,NaN,NaN
1685419200,27740.59681358844,27848.28,27672.93,27770.915,66.97359551894915,NaN,NaN
1685433600,27755.75590679422,28038.59,27712.19,27876.35,69.36534368100718,NaN,NaN
1685448000,27816.05295339711,28027.78,27615,27834.3125,67.27347332485915,NaN,NaN
1685462400,27825.182726698557,27862.84,27554,27735.03,62.48098976952423,NaN,NaN
1685476800,27780.106363349278,27855.13,27651.17,27762.7275,63.2671728367996,NaN,NaN
1685491200,27771.41693167464,27835.51,27571.04,27689.56,59.707860105646084,NaN,NaN
1685505600,27730.48846583732,27730.48846583732,26968.49,27367.8375,47.147678121977904,NaN,NaN
1685520000,27549.16298291866,27549.16298291866,26994.33,27115.7875,40.04110221100292,NaN,NaN
1685534400,27332.47524145933,27332.47524145933,26851,27022.765,37.77789738363987,NaN,NaN
1685548800,27177.620120729665,27177.620120729665,26839.01,26971.14,36.54341826911799,NaN,NaN
1685563200,27074.380060364834,27299.99,27005.16,27131.5175,42.79705189352534,NaN,NaN
1685577600,27102.948780182418,27350,26605.05,26986.3375,39.045785073912505,NaN,NaN
1685592000,27044.64314009121,27044.64314009121,26746,26803.05,34.88809512983053,NaN,NaN
1685606400,26923.846570045607,26951.07,26790.96,26859.4125,37.10593254562632,NaN,NaN
1685620800,26891.629535022803,26981.34,26782.53,26887.825,38.247825630618,NaN,NaN
1685635200,26889.7272675114,27175,26656,26897.0375,38.636849407596586,NaN,NaN
1685649600,26893.3823837557,26942.98,26713.34,26834.2325,36.928837362167585,NaN,NaN
1685664000,26863.80744187785,27017,26505,26834.9825,36.96467381001195,NaN,NaN
1685678400,26849.394970938924,27213,26849.394970938924,27053.015,46.48430164474352,NaN,NaN
1685692800,26951.204985469463,27183.07,26951.204985469463,27103.2125,48.415816547000155,NaN,NaN
1685707200,27027.208742734732,27240,26860.71,27081.844999999998,47.627802931031965,NaN,NaN
1685721600,27054.526871367365,27287.64,27006.22,27157.202500000003,50.67678778178617,NaN,NaN
1685736000,27105.864685683686,27300,27105.864685683686,27231.247499999998,53.53896978876851,NaN,NaN
1685750400,27168.55609284184,27242.6,27092,27180.0975,51.32334883011421,NaN,NaN
1685764800,27174.326796420923,27212.78,27105.73,27159.032499999998,50.39834770324312,NaN,NaN
1685779200,27166.679648210462,27181,27112.73,27149.485,49.95885402710441,NaN,NaN
1685793600,27158.08232410523,27333.29,27126.85,27223.795,53.36739329950878,NaN,NaN
1685808000,27190.938662052613,27318.63,27025.59,27186.4625,51.47057988452241,NaN,NaN
1685822400,27188.700581026307,27188.700581026307,26914.93,27051.300000000003,45.20591667901955,NaN,NaN
1685836800,27120.000290513155,27120.000290513155,26951,27045.5075,44.95339673194955,NaN,NaN
1685851200,27082.753895256577,27163.94,27027,27100.69,47.937055475437596,NaN,NaN
1685865600,27091.721947628288,27249.86,27091.721947628288,27180.670000000002,51.99813458791478,NaN,NaN
1685880000,27136.195973814145,27298,27136.195973814145,27208.9125,53.38100675148186,NaN,NaN
1685894400,27172.55423690707,27222,27155,27192.2775,52.42303992050845,NaN,NaN
1685908800,27182.415868453536,27455.02,27043.65,27206.747499999998,53.20963380457674,NaN,NaN
1685923200,27194.581684226767,27194.581684226767,26791.04,26969.787500000002,41.19759057286177,NaN,NaN
1685937600,27082.184592113386,27082.184592113386,26740.38,26821.120000000003,35.74538441422794,NaN,NaN
1685952000,26951.652296056694,26951.652296056694,26668,26778.04,34.3276688619172,NaN,NaN
1685966400,26864.846148028348,26864.846148028348,26000,26399.6325,24.962338150473215,NaN,NaN
1685980800,26632.239324014176,26632.239324014176,25388,25775.0075,16.809890730211364,NaN,NaN
1685995200,26203.623412007088,26203.623412007088,25509.98,25681.649999999998,15.970368471956647,NaN,NaN
1686009600,25942.63670600354,25942.63670600354,25601,25715.280000000002,17.56745472624604,NaN,NaN
1686024000,25828.95835300177,25828.95835300177,25706.18,25745.187500000004,19.041118273334774,NaN,NaN
1686038400,25787.072926500885,25797,25640.33,25711.5775,18.637873201676555,NaN,NaN
1686052800,25749.325213250442,26143.69,25351.02,25811.865,23.821927854391305,NaN,NaN
1686067200,25780.595106625224,27216.89,25780.595106625224,26607.3125,50.669787334101485,NaN,NaN
1686081600,26193.953803312612,27355.33,26193.953803312612,27130.8625,60.52985211088815,NaN,NaN
1686096000,26662.408151656306,27391.77,26662.408151656306,27062.829999999998,58.88283378025644,NaN,NaN
1686110400,26862.619075828152,26980.04,26753.01,26859.4825,54.14084080337596,NaN,NaN
1686124800,26861.050787914075,26968,26352,26753.0025,51.78891868919136,NaN,NaN
1686139200,26807.026643957037,26932.1,26236,26603.44,48.59565531748919,NaN,NaN
1686153600,26705.233321978518,26705.233321978518,26240.47,26406.5475,44.68912757154466,NaN,NaN
1686168000,26555.89041098926,26555.89041098926,26125.01,26360.019999999997,43.79321520901095,NaN,NaN
1686182400,26457.95520549463,26470,26210,26340.8775,43.40764497524506,NaN,NaN
1686196800,26399.416352747314,26523.93,26290.19,26400.7425,45.03740226658095,NaN,NaN
1686211200,26400.079426373657,26504.94,26368.04,26437.415,46.06213620919696,NaN,NaN
1686225600,26418.747213186827,26810,26300,26565.9225,49.60766483193643,NaN,NaN
1686240000,26492.334856593414,26732.24,26414.02,26601.9625,50.5886334396284,NaN,NaN
1686254400,26547.148678296708,26649.97,26488.01,26544.1125,48.94171139880711,NaN,NaN
1686268800,26545.630589148353,26596.58,26269.91,26462.2025,46.627106816996545,NaN,NaN
1686283200,26503.916544574175,26576.55,26424.35,26494.504999999997,47.67801734269022,NaN,NaN
1686297600,26499.210772287086,26685.43,26491.66,26570.18,50.154155826432465,NaN,NaN
1686312000,26534.695386143543,26783.33,26452.86,26580.934999999998,50.51260534068875,NaN,NaN
1686326400,26557.815193071772,26557.815193071772,26383.05,26449.275,46.138487181013446,NaN,NaN
1686340800,26503.545096535887,26503.545096535887,26397.11,26445.5175,46.016017217006315,NaN,NaN
1686355200,26474.531298267946,26533.87,26266,26400.184999999998,44.48194647451209,NaN,NaN
1686369600,26437.358149133972,26437.358149133972,25456.41,25944.934999999998,32.69417493694773,NaN,NaN
1686384000,26191.146574566985,26191.146574566985,25561.25,25673.495000000003,27.939927535100225,NaN,NaN
1686398400,25932.320787283494,25932.320787283494,25572.94,25666.14,27.82187067262676,NaN,NaN
1686412800,25799.230393641745,26154,25358,25722.7025,30.26228886477621,NaN,NaN
1686427200,25760.966446820872,25932.02,25679.59,25800.707499999997,33.59675610885043,NaN,NaN
1686441600,25780.836973410434,25864.32,25695,25782.0125,33.18719656973799,NaN,NaN
1686456000,25781.424736705216,25834.59,25634.7,25734.5325,32.11637730820634,NaN,NaN
1686470400,25757.97861835261,25842.44,25695,25768.704999999998,33.772656951681796,NaN,NaN
1686484800,25763.3418091763,25806.11,25672.68,25756.55,33.45993623221308,NaN,NaN
1686499200,25759.945904588152,26106.66,25738.07,25906.745,40.759476534834484,NaN,NaN
1686513600,25833.345452294074,26206.88,25745.03,25977.0875,43.86539449685952,NaN,NaN
1686528000,25905.216476147038,26028.5,25602.11,25836.86,39.427560293725826,NaN,NaN
1686542400,25871.038238073517,25905.63,25744.06,25810.989999999998,38.65068002110743,NaN,NaN
1686556800,25841.014119036758,26106.48,25780,25919.57,43.66774172892152,NaN,NaN
1686571200,25880.29205951838,25993.6,25734.47,25885.38,42.48944494015035,NaN,NaN
1686585600,25882.83602975919,25966.18,25652.04,25816.77,40.148270344717695,NaN,NaN
1686600000,25849.803014879595,25970.05,25804.3,25875.9425,43.0621460441035,NaN,NaN
1686614400,25862.8727574398,26157.99,25818.07,25986.277500000004,48.13281287694476,NaN,NaN
1686628800,25924.575128719902,26133.03,25924.575128719902,26061.125,51.301149896010095,NaN,NaN
1686643200,25992.85006435995,26272.25,25992.85006435995,26149.685,54.817964397918615,NaN,NaN
1686657600,26071.267532179976,26433.21,25712.57,26024.2825,49.380014090865735,NaN,NaN
1686672000,26047.77501608999,26047.77501608999,25739.38,25845.0325,42.8384221523982,NaN,NaN
1686686400,25946.403758044995,25959.26,25808.1,25901.11,45.280656211867324,NaN,NaN
1686700800,25923.756879022498,26055.99,25911.6,25971.725,48.27744443292149,NaN,NaN
1686715200,25947.740939511248,26005.36,25837.13,25931.3175,46.70130761256868,NaN,NaN
1686729600,25939.529219755626,26028.58,25885.35,25946.8375,47.41146584565593,NaN,NaN
1686744000,25943.183359877814,26085.33,25927.22,25993.752500000002,49.597685233229825,NaN,NaN
1686758400,25968.46792993891,26098,25753.38,25928.1775,46.67679671272434,NaN,NaN
1686772800,25948.322714969458,25948.322714969458,24820.56,25425.8575,31.414720259656832,NaN,NaN
1686787200,25687.090107484728,25687.090107484728,25030.01,25107.619999999995,25.684845756125128,NaN,NaN
1686801600,25397.35505374236,25397.35505374236,24872.35,24998.462499999998,24.063563029003944,NaN,NaN
1686816000,25197.90877687118,25197.90877687118,24800,24962.195,23.53207828744698,NaN,NaN
1686830400,25080.05188843559,25108.54,24921.11,25001.142499999998,25.43667394693361,NaN,NaN
1686844800,25040.597194217793,25518.49,24929,25215.735,35.03744739421748,NaN,NaN
1686859200,25128.166097108897,25759.01,25128.166097108897,25508.31,45.36623680558679,NaN,NaN
1686873600,25318.23804855445,25606.59,25318.23804855445,25551.8025,46.72234178500975,NaN,NaN
1686888000,25435.020274277224,25629.73,25435.020274277224,25551.082499999997,46.70167525980585,NaN,NaN
1686902400,25493.05138713861,25624.38,25462.03,25524.48,45.893933053038396,NaN,NaN
1686916800,25508.765693569305,25896.78,25175.56,25596.714999999997,48.49869740205588,NaN,NaN
1686931200,25552.740346784653,26518,25552.740346784653,26128.612500000003,62.72768016010192,NaN,NaN
1686945600,25840.676423392328,26464.58,25840.676423392328,26369.995000000003,67.16171069426511,NaN,NaN
1686960000,26105.335711696163,26372.4,26105.335711696163,26290.1425,64.4310069016348,NaN,NaN
1686974400,26197.739105848083,26839.99,26197.739105848083,26485.432500000003,67.87149122781452,NaN,NaN
1686988800,26341.58580292404,26657.09,26341.58580292404,26557.9825,69.06848342993474,NaN,NaN
1687003200,26449.78415146202,26585.48,26311,26453.762499999997,65.30454511981634,NaN,NaN
1687017600,26451.77332573101,26538.37,26378.95,26450.86,65.19798306642545,NaN,NaN
1687032000,26451.316662865505,26595.13,26451.316662865505,26513.2125,66.46399225867229,NaN,NaN
1687046400,26482.264581432755,26548.63,26378.98,26498.2625,65.84550524606158,NaN,NaN
1687060800,26490.263540716376,26680,26472.03,26571.367499999997,67.44103645609283,NaN,NaN
1687075200,26530.815520358185,26596,26456.83,26534.455,65.77033611309557,NaN,NaN
1687089600,26532.635260179093,26573.35,26444,26519.86,65.08380130869946,NaN,NaN
1687104000,26526.247630089547,26657.99,26525.99,26599.0175,67.0902572985243,NaN,NaN
1687118400,26562.632565044776,26700,26255.85,26486.457499999997,61.66387723350614,NaN,NaN
1687132800,26524.545032522386,26524.545032522386,26256.61,26367.3825,56.46125308105283,NaN,NaN
1687147200,26445.963766261193,26478.87,26369,26419.809999999998,58.13602373368421,NaN,NaN
1687161600,26432.886883130595,26459.18,26364.4,26424.8275,58.301339561321,NaN,NaN
1687176000,26428.857191565297,26576.87,26348.01,26454.1525,59.31261409602901,NaN,NaN
1687190400,26441.50484578265,27068.09,26308.45,26625.7025,64.70517851994649,NaN,NaN
1687204800,26533.603672891324,26859.36,26533.603672891324,26759.5475,68.24179242534507,NaN,NaN
1687219200,26646.575586445662,27179.03,26646.575586445662,26929.645,72.07180337795593,NaN,NaN
1687233600,26788.11029322283,27033.24,26755,26879.3025,69.40402219820437,NaN,NaN
1687248000,26833.706396611415,26912,26702.47,26838.7275,67.24357313686946,NaN,NaN
1687262400,26836.216948305708,27134.73,26652,26941.6625,69.81099597493915,NaN,NaN
1687276800,26888.939724152853,28140,26888.939724152853,27549.11,79.84869883432387,NaN,NaN
1687291200,27219.024862076425,28402.74,27219.024862076425,28141.375000000004,85.06339891548774,NaN,NaN
1687305600,27680.199931038216,29088.09,27680.199931038216,28591.307500000003,87.67312642218266,NaN,NaN
1687320000,28135.75371551911,29005,28135.75371551911,28817.1075,88.73670615153284,NaN,NaN
1687334400,28476.430607759554,29221.99,28476.430607759554,28952.9925,89.33317080833282,NaN,NaN
1687348800,28714.711553879777,30000,28714.711553879777,29414.3475,91.06352143527802,NaN,NaN
1687363200,29064.52952693989,30800,29064.52952693989,30131.745,92.9725272619587,NaN,NaN
1687377600,29598.137263469944,30195.77,29598.137263469944,30025.420000000002,89.90707252044092,NaN,NaN
1687392000,29811.778631734975,30500,29811.778631734975,30170.2625,90.37275264928357,NaN,NaN
1687406400,29991.02056586749,30350,29991.02056586749,30189.1875,90.43485196417477,NaN,NaN
1687420800,30090.104032933745,30244,29840.09,30028.21,85.38937215408087,NaN,NaN
1687435200,30059.157016466874,30351.14,29525.61,29913.8525,81.89392697694377,NaN,NaN
1687449600,29986.504758233437,30234.83,29821.5,30030.022500000003,82.67001482966342,NaN,NaN
1687464000,30008.263629116722,30256.76,29880,30058.6975,82.86525020251406,NaN,NaN
1687478400,30033.480564558362,30054,29800,29936.72,78.79857343197358,NaN,NaN
1687492800,29985.10028227918,30082.25,29904.29,29981.625000000004,79.20320821149284,NaN,NaN
1687507200,29983.362641139593,30195,29906.71,30043.644999999997,79.77727130228813,NaN,NaN
1687521600,30013.503820569793,31400,29911.07,30672.4825,84.46088374339578,NaN,NaN
1687536000,30342.993160284896,31431.94,30342.993160284896,31041.5375,86.44504362447053,NaN,NaN
1687550400,30692.265330142447,30950,30453.1,30743.120000000003,77.79497108484746,NaN,NaN
1687564800,30717.692665071227,30794.11,30410,30655.657499999998,75.41315063614222,NaN,NaN
1687579200,30686.675082535614,30788,30552.01,30659.3975,75.44776711494893,NaN,NaN
1687593600,30673.036291267807,30742.73,30552.78,30636.8675,74.76487531920411,NaN,NaN
1687608000,30654.9518956339,30800,30282.07,30541.2875,71.79597169848516,NaN,NaN
1687622400,30598.11969781695,30709.36,30250,30496.48,70.38490868580772,NaN,NaN
1687636800,30547.299848908475,30627.85,30408.95,30548.0175,71.0887432945172,NaN,NaN
1687651200,30547.658674454236,30783.68,30465.41,30631.247499999998,72.23630497373156,NaN,NaN
1687665600,30589.453087227117,31046.01,30589.453087227117,30796.28,74.40564451567506,NaN,NaN
1687680000,30692.866543613556,30761.7,30584.51,30696.504999999997,70.80365151666932,NaN,NaN
1687694400,30694.685771806777,30739.8,30462,30625.7475,68.27923476465281,NaN,NaN
1687708800,30660.216635903387,30660.216635903387,30328,30499.5125,63.90188683880555,NaN,NaN
1687723200,30579.864567951692,30579.864567951692,30277.49,30435.455,61.73888885203578,NaN,NaN
1687737600,30507.659783975847,30550,29963.6,30318.157499999998,57.875731644349486,NaN,NaN
1687752000,30412.908641987924,30580,30164.79,30361.3575,58.895846233237414,NaN,NaN
1687766400,30387.13307099396,30428.36,30130,30321.3825,57.50802212370755,NaN,NaN
1687780800,30354.25778549698,30666,30257.02,30416.3825,59.9248448192334,NaN,NaN
1687795200,30385.32014274849,30432,29930,30256.4,54.32154905283047,NaN,NaN
1687809600,30320.860071374245,30320.860071374245,30099,30225.24,53.27662910330203,NaN,NaN
1687824000,30273.050035687123,30496.88,30226.17,30340.652500000004,56.606131460765646,NaN,NaN
1687838400,30306.851267843565,30470.8,30233.58,30371.79,57.486347251169654,NaN,NaN
1687852800,30339.320633921783,30786.99,30336,30565.83,62.58028331904682,NaN,NaN
1687867200,30452.575316960894,30994.97,30383,30651.45,64.59607268788997,NaN,NaN
1687881600,30552.012658480446,30769.96,30455.5,30593.0575,62.137598519357624,NaN,NaN
1687896000,30572.535079240224,30736.24,30554.09,30657.7,63.78099302968792,NaN,NaN
1687910400,30615.117539620114,30709.74,30336.36,30547.822500000002,59.08641437009067,NaN,NaN
1687924800,30581.470019810058,30581.470019810058,30155.75,30320.862500000003,50.77326355086458,NaN,NaN
1687939200,30451.166259905032,30451.166259905032,30150.98,30258.962499999998,48.758365075631076,NaN,NaN
1687953600,30355.064379952513,30490.86,30009,30305.4125,50.35061669752759,NaN,NaN
1687968000,30330.238439976256,30466.36,29858.8,30209.0575,47.08233180547969,NaN,NaN
1687982400,30269.647969988127,30269.647969988127,29948.82,30086.1925,43.22906104164834,NaN,NaN
1687996800,30177.920234994064,30245.9,30049.98,30137.32,45.237532336797415,NaN,NaN
1688011200,30157.620117497034,30421.48,30141.05,30269.705,50.15488194783888,NaN,NaN
1688025600,30213.662558748518,30750,30213.662558748518,30524.615,57.97917985952138,NaN,NaN
1688040000,30369.13877937426,30843.98,30369.13877937426,30598.4325,59.94022847492907,NaN,NaN
1688054400,30483.78563968713,30663.37,30416.63,30535.945000000003,57.49417372815265,NaN,NaN
1688068800,30509.865319843564,30639.9,30250,30480.55,55.33824088362834,NaN,NaN
1688083200,30495.207659921783,30883.68,30347.17,30605.8025,59.0750433396588,NaN,NaN
1688097600,30550.505079960894,31282,30550.505079960894,30850.539999999997,65.20167120540155,NaN,NaN
1688112000,30700.522539980448,30963.2,30700.522539980448,30838.9525,64.70774344035974,NaN,NaN
1688126400,30769.737519990224,31137.36,29500,30403.7725,49.531880573224655,NaN,NaN
1688140800,30586.75500999511,30748.08,29925.5,30278.415,46.17259085207149,NaN,NaN
1688155200,30432.585004997556,30544.44,30340.46,30432.317499999997,50.60205847147467,NaN,NaN
1688169600,30432.451252498777,30534.74,30375.85,30445.1475,50.96432306928936,NaN,NaN
1688184000,30438.799376249386,30472.69,30320.57,30412.79,49.96903006953607,NaN,NaN
1688198400,30425.794688124693,30600,30420.77,30500.915,52.67948981243051,NaN,NaN
1688212800,30463.35484406235,30661.6,30463.35484406235,30565.285,54.613675286138786,NaN,NaN
1688227200,30514.319922031173,30633.92,30514.319922031173,30590.0025,55.36807247123086,NaN,NaN
1688241600,30552.161211015584,30612.68,30548.88,30589.2425,55.33761532445764,NaN,NaN
1688256000,30570.701855507792,30649.99,30463.16,30552.09,53.780175900986116,NaN,NaN
1688270400,30561.395927753896,30561.395927753896,30470.01,30511.372499999998,52.05116040637852,NaN,NaN
1688284800,30536.384213876947,30552,30484,30523.4375,52.53807514305704,NaN,NaN
1688299200,30529.910856938473,30628,30155,30456.4375,49.53008733833908,NaN,NaN
1688313600,30493.174178469235,30693.14,30366.65,30528.882500000003,52.68453498488529,NaN,NaN
1688328000,30511.028339234617,30791,30425.47,30597.81,55.53230049877936,NaN,NaN
1688342400,30554.419169617307,30800.01,30554.419169617307,30690.362500000003,59.09257562945052,NaN,NaN
1688356800,30622.390834808655,30795.8,30606,30706.41,59.695135598881215,NaN,NaN
1688371200,30664.40041740433,30700.92,30583.01,30644.085,56.230859870491074,NaN,NaN
1688385600,30654.242708702164,31170,30570.27,30858.5325,63.97716765286104,NaN,NaN
1688400000,30756.387604351083,31380,30756.387604351083,31126.32,70.90244573849701,NaN,NaN
1688414400,30941.35380217554,31299.16,30900,31152.7975,71.48614172397689,NaN,NaN
1688428800,31047.07565108777,31350.69,31047.07565108777,31199.765,72.53849067696241,NaN,NaN
1688443200,31123.420325543884,31212.26,30879.29,31049.660000000003,64.36285575393583,NaN,NaN
1688457600,31086.540162771944,31086.540162771944,30867.68,30981.7675,61.013288267175525,NaN,NaN
1688472000,31034.15383138597,31080,30886,30999.59,61.578561670191846,NaN,NaN
1688486400,31016.871915692987,31130,30620,30852.805,54.56191959722589,NaN,NaN
1688500800,30934.838457846494,30934.838457846494,30668.5,30743.895,50.008723874369124,NaN,NaN
1688515200,30839.366728923247,30878.07,30752,30816.324999999997,52.8280536889325,NaN,NaN
1688529600,30827.845864461622,30869.57,30762,30818.6325,52.91915064338066,NaN,NaN
1688544000,30823.239182230813,30823.239182230813,30350,30584.72,43.7051352209134,NaN,NaN
1688558400,30703.979591115407,30703.979591115407,30200,30353.105,36.86123211512937,NaN,NaN
1688572800,30528.5422955577,30591.57,30333.7,30428.3325,40.13994313096607,NaN,NaN
1688587200,30478.43739777885,30539.13,30383.83,30464.93,41.72536936488311,NaN,NaN
1688601600,30471.683698889425,30560.51,30327,30470.79,41.990305000077896,NaN,NaN
1688616000,30471.236849444715,30857.89,30438.26,30647.5475,49.45487867202451,NaN,NaN
1688630400,30559.392174722358,31500,30559.392174722358,30962.6875,59.46880142596349,NaN,NaN
1688644800,30761.03983736118,30887.1,29888,30507.164999999997,45.45150523819944,NaN,NaN
1688659200,30634.102418680588,30634.102418680588,30157.41,30334.605000000003,41.46433523043703,NaN,NaN
1688673600,30484.353709340296,30484.353709340296,29850.45,30100.235,36.749038427772184,NaN,NaN
1688688000,30292.29435467015,30292.29435467015,29701.02,29974.370000000003,34.481238057842006,NaN,NaN
1688702400,30133.332177335076,30300,29930.53,30093.335,38.35351217037915,NaN,NaN
1688716800,30113.333588667538,30199,29970,30073.7775,37.956353809090764,NaN,NaN
1688731200,30093.55554433377,30443.75,30041.05,30248.5825,43.57998654833109,NaN,NaN
1688745600,30171.069022166885,30449,30116,30300.5075,45.16980227186568,NaN,NaN
1688760000,30235.788261083442,30346.06,30214.16,30287.7825,44.83636818272105,NaN,NaN
1688774400,30261.78538054172,30386.81,30257.07,30315.8525,45.78704777652064,NaN,NaN
1688788800,30288.81894027086,30288.81894027086,30145.21,30223.145,43.14254388251003,NaN,NaN
1688803200,30255.981970135428,30313.98,30156.23,30216.32,42.94589310105939,NaN,NaN
1688817600,30236.150985067714,30239.37,30152.19,30200.32,42.457303359590995,NaN,NaN
1688832000,30218.23549253386,30318.25,30044.47,30170.6825,41.51512033709698,NaN,NaN
1688846400,30194.458996266927,30289.99,30054.06,30185.170000000002,42.19045491185817,NaN,NaN
1688860800,30189.814498133463,30402.98,30189.814498133463,30305.5175,47.60309699175679,NaN,NaN
1688875200,30247.665999066732,30299.89,30233.33,30271.5525,46.28593842676228,NaN,NaN
1688889600,30259.609249533365,30310,30240,30270.4225,46.240097530372296,NaN,NaN
1688904000,30265.015874766683,30445.52,30190,30312.9225,48.31346654367002,NaN,NaN
1688918400,30288.969187383344,30349.74,30204,30286.4075,47.09317531241702,NaN,NaN
1688932800,30287.688343691672,30287.688343691672,30061.12,30178.5625,42.40206772914284,NaN,NaN
1688947200,30233.125421845834,30240,29950,30126.719999999998,40.322671184575896,NaN,NaN
1688961600,30179.922710922918,30179.922710922918,30050.29,30119.64,40.0339288257794,NaN,NaN
1688976000,30149.78135546146,30245.9,30000.02,30149.5075,41.9232837775933,NaN,NaN
1688990400,30149.64442773073,30362,30143.21,30264.504999999997,48.63385026704938,NaN,NaN
1689004800,30207.074713865364,30840,30207.074713865364,30557.805,61.00855421148316,NaN,NaN
1689019200,30382.43985693268,31045.78,30190,30621.1875,63.07859096454159,NaN,NaN
1689033600,30501.81367846634,30600,30363.29,30462.715,55.18938174117764,NaN,NaN
1689048000,30482.26433923317,30658,30430.88,30525.062500000004,57.444439269538194,NaN,NaN
1689062400,30503.663419616587,30567.32,30344.28,30462.8225,54.49610077726135,NaN,NaN
1689076800,30483.242959808293,30813.63,30300,30528.5975,57.00740301538203,NaN,NaN
1689091200,30505.920229904146,30693.87,30405,30569.325,58.53342271249942,NaN,NaN
1689105600,30537.622614952073,30650,30501.56,30588.915,59.28208060100008,NaN,NaN
1689120000,30563.268807476037,30671.38,30497.95,30594.9375,59.5240216872025,NaN,NaN
1689134400,30579.10315373802,30849.01,30565.53,30685.715,63.08457889130992,NaN,NaN
1689148800,30632.409076869008,30809.13,30632.409076869008,30745.345,65.24720586416379,NaN,NaN
1689163200,30688.877038434504,30983.25,30461.59,30686.43,61.418775947606086,NaN,NaN
1689177600,30687.653519217252,30687.653519217252,30210,30390.135000000002,46.60736433431651,NaN,NaN
1689192000,30538.894259608627,30538.894259608627,30238.28,30331.4375,44.326803438058306,NaN,NaN
1689206400,30435.165879804314,30435.165879804314,30274,30346.315,45.06058400456422,NaN,NaN
1689220800,30390.740439902154,30426.91,30251,30335.485,44.599759309885194,NaN,NaN
1689235200,30363.112719951077,30637.06,30345.05,30473.0275,51.39785818514995,NaN,NaN
1689249600,30418.07010997554,31170,30418.07010997554,30772.845,62.267129283098726,NaN,NaN
1689264000,30595.45755498777,31804.2,30595.45755498777,31261.489999999998,72.9032521700911,NaN,NaN
1689278400,30928.473777493884,31691.46,30928.473777493884,31437.922499999997,75.57984176118939,NaN,NaN
1689292800,31183.198138746942,31630,31183.198138746942,31469.3075,76.03336536869739,NaN,NaN
1689307200,31326.25281937347,31469,31075.25,31275.745000000003,67.6845519366479,NaN,NaN
1689321600,31300.998909686736,31300.998909686736,31083.95,31170.035,63.578625085365005,NaN,NaN
1689336000,31235.51695484337,31360.11,31050,31215.0425,64.56426127535096,NaN,NaN
1689350400,31225.279727421686,31275.5,29900,30632.79,46.88673618823497,NaN,NaN
1689364800,30929.034863710844,30929.034863710844,29985.31,30182.8825,38.18642425632832,NaN,NaN
1689379200,30555.958681855423,30555.958681855423,30200,30298.9525,41.216952618412215,NaN,NaN
1689393600,30427.45559092771,30427.45559092771,30257.45,30313.795000000002,41.611170222000325,NaN,NaN
1689408000,30370.625295463855,30371.67,30263.25,30321.2275,41.82157636258263,NaN,NaN
1689422400,30345.926397731928,30365.04,30250.99,30307.857500000002,41.531649144587924,NaN,NaN
1689436800,30326.891948865967,30358.18,30256.89,30311.235,41.641711744727694,NaN,NaN
1689451200,30319.063474432984,30326.47,30269.96,30303.105,41.439496791007684,NaN,NaN
1689465600,30311.08423721649,30335,30064.29,30219.2025,39.31752361162754,NaN,NaN
1689480000,30265.143368608246,30311.99,30134.59,30224.95,39.545894100507255,NaN,NaN
1689494400,30245.04668430412,30350,30245.04668430412,30296.614999999998,42.45396442412477,NaN,NaN
1689508800,30270.83084215206,30441.46,30270.83084215206,30350.125,44.59697877543962,NaN,NaN
1689523200,30310.47792107603,30403.13,30200.43,30309.112499999996,43.267036488135716,NaN,NaN
1689537600,30309.795210538014,30361,30122.95,30242.22,41.11347436971275,NaN,NaN
1689552000,30276.007605269006,30336.96,30176.03,30264.4125,42.14237711144213,NaN,NaN
1689566400,30270.210052634502,30323.05,30232.06,30287.1925,43.23871094669717,NaN,NaN
1689580800,30278.701276317253,30328,29965.39,30184.024999999998,39.580741857153214,NaN,NaN
1689595200,30231.363138158624,30308,30032,30169.1325,39.066951204652845,NaN,NaN
1689609600,30200.24781907931,30241.03,29659.2,29989.864999999998,33.43984445366914,NaN,NaN
1689624000,30095.056409539655,30285.71,29881.41,30047.38,36.595294915091856,NaN,NaN
1689638400,30071.21820476983,30239.78,30071.21820476983,30131.427499999998,40.99726928007682,NaN,NaN
1689652800,30101.322852384914,30118.19,29921.54,30020.457500000004,37.31376974724377,NaN,NaN
1689667200,30060.890176192457,30111.68,29810,29943.454999999998,34.966100997320694,NaN,NaN
1689681600,30002.172588096226,30034.15,29675,29876.2875,33.01483759536451,NaN,NaN
1689696000,29939.230044048112,29964.99,29512,29776.2475,30.30248515369206,NaN,NaN
1689710400,29857.73877202406,29865,29690.65,29782.690000000002,30.697353393125226,NaN,NaN
1689724800,29820.21438601203,30076.71,29820.21438601203,29958.615,40.594683200402955,NaN,NaN
1689739200,29889.414693006016,30189.09,29889.414693006016,30053.8375,45.1599170453495,NaN,NaN
1689753600,29971.62609650301,30046,29867.17,29981.620000000003,42.4928084342971,NaN,NaN
1689768000,29976.623048251506,30128,29761.96,29964.759999999995,41.87107886773895,NaN,NaN
1689782400,29970.691524125752,30100,29870,29992.692499999997,43.349926676913896,NaN,NaN
1689796800,29981.692012062875,30054,29830.36,29959.47,41.98188191221038,NaN,NaN
1689811200,29970.58100603144,30047.95,29881.29,29946.615,41.436972372340584,NaN,NaN
1689825600,29958.598003015722,30246.98,29926.88,30081.1575,48.91110970788219,NaN,NaN
1689840000,30019.877751507862,30417.46,30019.877751507862,30267.9525,57.0977872083446,NaN,NaN
1689854400,30143.91512575393,30316,29627.04,30009.53,46.093321171386236,NaN,NaN
1689868800,30076.722562876967,30076.722562876967,29570.96,29752.46,38.20513438774786,NaN,NaN
1689883200,29914.591281438483,29914.591281438483,29669.56,29778.39,39.33292389839337,NaN,NaN
1689897600,29846.49064071924,29953.01,29726.34,29844.242499999997,42.21714840763462,NaN,NaN
1689912000,29845.36657035962,29904,29751.9,29830.082499999997,41.75743676733009,NaN,NaN
1689926400,29837.72453517981,29851.37,29729.76,29781.6125,40.14592841406261,NaN,NaN
1689940800,29809.668517589904,29913.94,29778.5,29834.2375,42.73014315179328,NaN,NaN
1689955200,29821.953008794953,30061.7,29770,29893.4225,45.57610296323478,NaN,NaN
1689969600,29857.687754397477,29955,29833.93,29891.660000000003,45.50358419333956,NaN,NaN
1689984000,29874.67387719874,29999,29874.67387719874,29925.0325,47.21619329749126,NaN,NaN
1689998400,29899.853188599373,29990,29848,29921.5425,47.0496725765385,NaN,NaN
1690012800,29910.697844299684,29979.92,29864.48,29919.03,46.92137649759219,NaN,NaN
1690027200,29914.86392214984,29914.86392214984,29828.77,29880.822500000002,44.91560583577847,NaN,NaN
1690041600,29897.84321107492,29908.71,29801.66,29861.65,43.90145112071984,NaN,NaN
1690056000,29879.74660553746,29879.74660553746,29625.1,29773.7125,39.496458732836835,NaN,NaN
1690070400,29826.72955276873,29893.77,29730,29815.870000000003,42.47633513675574,NaN,NaN
1690084800,29821.299776384367,29980.88,29821.299776384367,29897.074999999997,47.80856986919712,NaN,NaN
1690099200,29859.187388192182,29959,29859.187388192182,29911.895,48.74240678572602,NaN,NaN
1690113600,29885.54119409609,29931.51,29852.29,29892.5075,47.54394188873082,NaN,NaN
1690128000,29889.024347048045,30350,29889.024347048045,30059.5975,57.29058936160837,NaN,NaN
1690142400,29974.310923524023,30143.5,29920.37,30060.184999999998,57.32061690720736,NaN,NaN
1690156800,30017.247961762012,30099.58,29669.83,29892.2925,47.124185114803076,NaN,NaN
1690171200,29954.770230881004,29954.770230881004,29660,29768.5,41.29176815883851,NaN,NaN
1690185600,29861.635115440502,29861.635115440502,29000,29482.632500000003,31.573607922877017,NaN,NaN
1690200000,29672.133807720253,29672.133807720253,28861.9,29123.917500000003,23.9548594008227,NaN,NaN
1690214400,29398.025653860128,29398.025653860128,29000,29092.23,23.417308581032245,NaN,NaN
1690228800,29245.127826930064,29245.127826930064,29090.36,29148.7125,26.57995866864158,NaN,NaN
1690243200,29196.92016346503,29196.92016346503,29047.65,29129.622499999998,26.18634327283023,NaN,NaN
1690257600,29163.271331732514,29165.3,29074.55,29123.3275,26.04935316456863,NaN,NaN
1690272000,29143.299415866255,29282,29120,29168.1875,28.90371785942149,NaN,NaN
1690286400,29155.743457933128,29340.57,29082.84,29183.302499999998,29.885709059604466,NaN,NaN
1690300800,29169.52297896656,29376,29169.52297896656,29234.4575,33.246189616529335,NaN,NaN
1690315200,29201.990239483282,29255.99,29183.93,29216.9125,32.66787300630885,NaN,NaN
1690329600,29209.45136974164,29412.88,29096.94,29245.385,34.65441145438547,NaN,NaN
1690344000,29227.418184870818,29320.84,29180,29240.0625,34.44979711702736,NaN,NaN
1690358400,29233.74034243541,29240.54,29160.33,29198.217500000002,32.80961794484875,NaN,NaN
1690372800,29215.978921217706,29354,29166.36,29254.9375,37.175866592578984,NaN,NaN
1690387200,29235.458210608853,29499,29195,29354.985,44.07878378857349,NaN,NaN
1690401600,29295.221605304425,29690,29280.01,29430.975,48.69026862691995,NaN,NaN
1690416000,29363.09830265221,29450.44,29302.01,29377.545,45.82863201396896,NaN,NaN
1690430400,29370.321651326107,29499.41,29370.321651326107,29423.99,48.65364475420812,NaN,NaN
1690444800,29397.155825663052,29567.49,29396,29470.675,51.39732717298593,NaN,NaN
1690459200,29433.915412831528,29507.03,29236.78,29385.71,46.52478124985297,NaN,NaN
1690473600,29409.812706415763,29409.812706415763,29083.85,29218.225000000002,38.73030613084024,NaN,NaN
1690488000,29314.018853207883,29314.018853207883,29133.5,29189.5275,37.56890069881885,NaN,NaN
1690502400,29251.773176603943,29305.3,29188.15,29242.520000000004,41.08234752327382,NaN,NaN
1690516800,29247.146588301974,29266,29135.15,29198.9475,39.13227718133798,NaN,NaN
1690531200,29223.047044150986,29246.08,29123.12,29179.145,38.24379597731072,NaN,NaN
1690545600,29201.096022075493,29542.22,29201.096022075493,29335.842500000002,48.25542361547096,NaN,NaN
1690560000,29268.469261037746,29399.98,29194.05,29324.505,47.653476140142025,NaN,NaN
1690574400,29296.48713051887,29364.46,29284.68,29319.82,47.390400990077886,NaN,NaN
1690588800,29308.153565259436,29396.15,29296,29344.545000000002,48.99086026709845,NaN,NaN
1690603200,29326.34928262972,29406.92,29295,29342.2075,48.83959066844964,NaN,NaN
1690617600,29334.27839131486,29334.27839131486,29256.18,29287.222500000003,45.29652828314897,NaN,NaN
1690632000,29310.75044565743,29335.25,29261.87,29289.155,45.446321029795236,NaN,NaN
1690646400,29299.952722828715,29349.62,29290.6,29317.645,47.71919718635342,NaN,NaN
1690660800,29308.798861414358,29380.92,29308.798861414358,29352.4675,50.43725839187229,NaN,NaN
1690675200,29330.633180707177,29352.92,29306.03,29331.6925,48.806969405984674,NaN,NaN
1690689600,29331.162840353587,29331.98,29268.65,29302.4675,46.528564298250686,NaN,NaN
1690704000,29316.815170176793,29326.47,29232.22,29291.7475,45.68608736524333,NaN,NaN
1690718400,29304.281335088395,29449,29278.38,29347.6875,50.702315166027205,NaN,NaN
1690732800,29325.984417544198,29405.66,29113.51,29267.7025,44.38957493854325,NaN,NaN
1690747200,29296.8434587721,29296.8434587721,29033.24,29200.1525,39.87429544833752,NaN,NaN
1690761600,29248.497979386048,29530,29248.497979386048,29374.27,53.11329381758141,NaN,NaN
1690776000,29311.383989693022,29443.68,29311.383989693022,29399.9875,54.69988580261948,NaN,NaN
1690790400,29355.68574484651,29420.06,29332.32,29382.9975,53.413949268598834,NaN,NaN
1690804800,29369.341622423257,29473.97,29225.97,29338.4775,50.09088830336156,NaN,NaN
1690819200,29353.90956121163,29353.90956121163,29101.8,29195.565,41.22463419299004,NaN,NaN
1690833600,29274.737280605812,29295.24,29115.64,29200.155,41.58228004756903,NaN,NaN
1690848000,29237.446140302905,29347.16,28720,29033.605,33.59425372056312,NaN,NaN
1690862400,29135.525570151454,29135.525570151454,28803.5,28886.655000000002,28.408729804954675,NaN,NaN
1690876800,29011.090285075727,29011.090285075727,28862.18,28914.3175,30.580993565779522,NaN,NaN
1690891200,28962.703892537866,28980,28585.7,28845.4725,28.28106714252668,NaN,NaN
1690905600,28904.08819626893,29335,28864.01,29106.8525,45.148099071471385,NaN,NaN
1690920000,29005.470348134466,29739.25,29005.470348134466,29474.915,59.56804154744699,NaN,NaN
1690934400,29240.192674067235,30047.5,29240.192674067235,29752.237500000003,66.67643583285408,NaN,NaN
1690948800,29496.21508703362,29719.77,29496.21508703362,29623.497499999998,61.28945338627443,NaN,NaN
1690963200,29559.85629351681,29577.26,29378.62,29523.905,57.42430022407877,NaN,NaN
1690977600,29541.880646758404,29603.8,29169.04,29414.182500000003,53.42675401566492,NaN,NaN
1690992000,29478.0315733792,29478.0315733792,28927.5,29191.1125,46.36068631907175,NaN,NaN
1691006400,29334.5720366896,29334.5720366896,29066.35,29159.2475,45.43624598508645,NaN,NaN
1691020800,29246.909768344798,29275.8,29126.34,29192.57,46.634632385387455,NaN,NaN
1691035200,29219.7398841724,29219.7398841724,29013.04,29107.835000000003,43.98890138688326,NaN,NaN
1691049600,29163.7874420862,29197.78,28968,29088.9875,43.399116528881244,NaN,NaN
1691064000,29126.387471043097,29433.33,29078.43,29229.21,48.8895752417107,NaN,NaN
1691078400,29177.79873552155,29368.86,29137.55,29261.699999999997,50.09745798842994,NaN,NaN
1691092800,29219.74936776077,29361.14,29165.46,29250.39,49.6575135475115,NaN,NaN
1691107200,29235.069683880385,29251.68,29100,29176.655,46.77362209314427,NaN,NaN
1691121600,29205.862341940192,29253.02,29134.7,29190.48,47.39054919206717,NaN,NaN
1691136000,29198.171170970098,29263.52,29137,29195.234999999997,47.615444431579114,NaN,NaN
1691150400,29196.703085485045,29333.08,29130,29226.2175,49.141023532468665,NaN,NaN
1691164800,29211.460292742522,29286.7,28950,29135.76,45.01874218266254,NaN,NaN
1691179200,29173.610146371262,29173.610146371262,28807.54,29020.982500000002,40.3890326270938,NaN,NaN
1691193600,29097.296323185634,29152.23,29065.11,29106.4675,44.931400077396916,NaN,NaN
1691208000,29101.881911592816,29101.881911592816,29035,29070.0125,43.4121838286691,NaN,NaN
1691222400,29085.94720579641,29090.39,29044.37,29058.892499999998,42.93529574348321,NaN,NaN
1691236800,29072.4198528982,29082.13,28978.64,29037.5675,41.98283832015527,NaN,NaN
1691251200,29054.9936764491,29099,29009.37,29054.302499999998,43.05052107295136,NaN,NaN
1691265600,29054.64808822455,29092.38,29052.5,29071.092500000002,44.16080627223486,NaN,NaN
1691280000,29062.870294112276,29078.95,29036,29062.7675,43.705815847886285,NaN,NaN
1691294400,29062.81889705614,29107.48,29045.96,29077.53,44.79205927761182,NaN,NaN
1691308800,29070.17444852807,29142,29047.82,29090.1275,45.753982985731675,NaN,NaN
1691323200,29080.150974264034,29080.150974264034,28991.88,29040.207499999997,42.58737131570796,NaN,NaN
1691337600,29060.179237132015,29102.91,29000.52,29051.0875,43.50509967104724,NaN,NaN
1691352000,29055.633368566007,29205.09,29038.13,29104.91,47.93855739122226,NaN,NaN
1691366400,29080.271684283005,29229.62,29018.25,29124.7425,49.510836976750426,NaN,NaN
1691380800,29102.507092141503,29197.82,29050.77,29126.335,49.642349073485704,NaN,NaN
1691395200,29114.42104607075,29153.86,29045.14,29096.1325,47.13475672560083,NaN,NaN
1691409600,29105.276773035373,29150,28788.73,28972.1525,38.53067298255135,NaN,NaN
1691424000,29038.71463651769,29186.74,28701.03,28975.2825,38.83423620260459,NaN,NaN
1691438400,29006.998568258845,29276.78,29006.998568258845,29190.9675,55.23846871839467,NaN,NaN
1691452800,29098.983034129422,29260.1,29098.983034129422,29203.1725,55.958272922355384,NaN,NaN
1691467200,29151.07776706471,29331.24,29151.07776706471,29223.94,57.218916574041884,NaN,NaN
1691481600,29187.508883532355,29441.96,29171.47,29309.920000000002,62.06079747616449,NaN,NaN
1691496000,29248.714441766177,29674.7,29248.714441766177,29500.68,70.13646008472858,NaN,NaN
1691510400,29374.69722088309,29950,29374.69722088309,29726.250000000004,76.50504905387629,NaN,NaN
1691524800,29550.473610441546,30244,29550.473610441546,29896.102499999997,79.96905521162013,NaN,NaN
1691539200,29723.28805522077,29883.1,29613,29745.629999999997,70.10763816707387,NaN,NaN
1691553600,29734.459027610385,29821.29,29673.34,29757.1575,70.40869202731348,NaN,NaN
1691568000,29745.808263805193,29914.19,29740.01,29840.1325,72.55157389640624,NaN,NaN
1691582400,29792.970381902596,30160,29676.86,29871.719999999998,73.34297813827901,NaN,NaN
1691596800,29832.345190951295,29832.345190951295,29396.95,29587.2175,57.31425020315864,NaN,NaN
1691611200,29709.781345475647,29709.781345475647,29376.67,29500.217500000002,53.466225169749634,NaN,NaN
1691625600,29604.999422737827,29660.06,29566.66,29597.835000000003,56.95810856641952,NaN,NaN
1691640000,29601.417211368913,29616.98,29491.11,29550.68,54.818172712388915,NaN,NaN
1691654400,29576.048605684457,29576.048605684457,29476,29512.995,53.10115560417146,NaN,NaN
1691668800,29544.521802842228,29738,29400,29527.0025,53.68189018892185,NaN,NaN
1691683200,29535.762151421113,29535.762151421113,29320.2,29427.195,49.02378180707589,NaN,NaN
1691697600,29481.478575710556,29488.29,29422.71,29452.817499999997,50.21803613238309,NaN,NaN
1691712000,29467.148037855277,29498.17,29352.47,29429.6,49.09562835236388,NaN,NaN
1691726400,29448.374018927636,29490,29380.04,29424.83,48.85403831532204,NaN,NaN
1691740800,29436.60200946382,29452.33,29350,29416.3925,48.40034255260112,NaN,NaN
1691755200,29426.497254731912,29564.52,29354,29440.0925,49.81027502810945,NaN,NaN
1691769600,29433.294877365955,29433.294877365955,29252.45,29369.035,45.77198502644477,NaN,NaN
1691784000,29401.164938682978,29444.73,29396.76,29416.07,48.734752256685844,NaN,NaN
1691798400,29408.617469341487,29460.73,29381.56,29417.595,48.83236410930305,NaN,NaN
1691812800,29413.106234670744,29426.68,29384.82,29408.7625,48.259227243698575,NaN,NaN
1691827200,29410.934367335372,29434.35,29390.57,29419.0625,49.010793221247965,NaN,NaN
1691841600,29414.998433667686,29458.1,29408.28,29433.76,50.12410255976979,NaN,NaN
1691856000,29424.37921683384,29481.35,29411.58,29436.975000000002,50.379327104181634,NaN,NaN
1691870400,29430.677108416923,29433.16,29400,29419.875,48.94470587363483,NaN,NaN
1691884800,29425.27605420846,29455.21,29400,29425.9875,49.49830864996203,NaN,NaN
1691899200,29425.63177710423,29425.63177710423,29363,29399.1225,47.08193317237243,NaN,NaN
1691913600,29412.377138552118,29416.53,29375.49,29392.9425,46.51934068983674,NaN,NaN
1691928000,29402.659819276058,29402.659819276058,29362,29378.337499999998,45.14637313464432,NaN,NaN
1691942400,29390.498659638026,29474.65,29328.21,29404.989999999998,48.15360138264813,NaN,NaN
1691956800,29397.744329819012,29446,29272.32,29366.2675,44.34943700035324,NaN,NaN
1691971200,29382.005914909507,29429.95,29102.45,29309.04,39.395979172987474,NaN,NaN
1691985600,29345.522957454756,29469.63,29345.522957454756,29421.0375,50.94385302476733,NaN,NaN
1692000000,29383.280228727377,29495.76,29383.280228727377,29427.8475,51.54840292799491,NaN,NaN
1692014400,29405.56386436369,29672,29332.61,29503.65,57.784736371162964,NaN,NaN
1692028800,29454.606932181843,29695.32,29257,29478.215000000004,55.216567753252505,NaN,NaN
1692043200,29466.410966090923,29471.31,29338.12,29400.225,48.150141541894634,NaN,NaN
1692057600,29433.31798304546,29454.23,29371.99,29414.7875,49.45098436434816,NaN,NaN
1692072000,29424.05274152273,29435.02,29351.33,29399.2975,48.06949677343885,NaN,NaN
1692086400,29411.675120761363,29457.44,29358,29397.5675,47.90851964815318,NaN,NaN
1692100800,29404.62131038068,29499.26,29315,29378.2275,46.0518414299621,NaN,NaN
1692115200,29391.42440519034,29391.42440519034,29059.6,29235.8075,35.22552797318369,NaN,NaN
1692129600,29313.61595259517,29313.61595259517,29135.81,29190.155,32.58140487324444,NaN,NaN
1692144000,29251.885476297582,29259.85,29184.96,29218.3325,35.78532039064541,NaN,NaN
1692158400,29235.108988148793,29235.54,29111,29193.18,34.22192380201402,NaN,NaN
1692172800,29214.144494074397,29216.46,29100,29169.7,32.782121308261566,NaN,NaN
1692187200,29191.922247037197,29211.34,29047.09,29132.4125,30.581680430010778,NaN,NaN
1692201600,29162.167373518598,29235,28956,29102.3125,28.895548668657156,NaN,NaN
1692216000,29132.2399367593,29139.99,28723.08,28926.3175,21.448991117481825,NaN,NaN
1692230400,29029.27871837965,29029.27871837965,28342,28628.324999999997,14.59204805098014,NaN,NaN
1692244800,28828.80185918982,28828.80185918982,28601.87,28646.8675,16.383330928627174,NaN,NaN
1692259200,28737.83467959491,28737.83467959491,28483.89,28571.575,15.006985504816512,NaN,NaN
1692273600,28654.704839797458,28654.704839797458,27888,28235.1675,10.687018455672884,NaN,NaN
1692288000,28444.936169898727,28444.936169898727,27700,27904.4525,8.190784096569715,NaN,NaN
1692302400,28174.694334949363,28174.694334949363,25166,26900.91,4.645144515881412,NaN,NaN
1692316800,27537.80216747468,27537.80216747468,26321.18,26543.7975,3.9842010415981264,NaN,NaN
1692331200,27040.799833737343,27040.799833737343,26157.71,26398.922500000004,3.7510228756524384,NaN,NaN
1692345600,26719.86116686867,26719.86116686867,26381.6,26478.8125,6.983894396612968,NaN,NaN
1692360000,26599.336833434336,26599.336833434336,25931.95,26231.9875,6.281854776191409,NaN,NaN
1692374400,26415.662166717168,26415.662166717168,25619,25999.8325,5.701338543378242,NaN,NaN
1692388800,26207.747333358584,26243.8,26006.01,26092.204999999998,9.29316885054908,NaN,NaN
1692403200,26149.97616667929,26154.57,25924,26025.02,9.023940486538194,NaN,NaN
1692417600,26087.498083339648,26087.498083339648,25801.09,25923.9425,8.619365405188773,NaN,NaN
1692432000,26005.720291669822,26005.720291669822,25884,25925.2725,8.677383449653078,NaN,NaN
1692446400,25965.49639583491,26226.04,25872.06,26053.545,14.327006354452507,NaN,NaN
1692460800,26009.520697917455,26281,26009.520697917455,26162.3975,18.91148539743662,NaN,NaN
1692475200,26085.959098958727,26156,26033.16,26103.695,18.341474487665096,NaN,NaN
1692489600,26094.82704947936,26207.88,26046.4,26114.882500000003,18.843518590841725,NaN,NaN
1692504000,26104.85477473968,26160.16,26047.41,26100.31,18.682395200952016,NaN,NaN
1692518400,26102.58238736984,26198.72,26058.98,26130.71,20.215041069373896,NaN,NaN
1692532800,26116.64619368492,26217.52,25971.05,26118.0225,20.045234093275297,NaN,NaN
1692547200,26117.334346842457,26162.34,26002.51,26102.2325,19.822071857142205,NaN,NaN
1692561600,26109.783423421228,26299,26109.783423421228,26190.8725,24.8780885886586,NaN,NaN
1692576000,26150.327961710616,26195.12,26070,26136.445,23.8822207576395,NaN,NaN
1692590400,26143.386480855308,26189.04,26000,26075.76,22.78695708962877,NaN,NaN
1692604800,26109.573240427653,26109.573240427653,25880.2,26005.862500000003,21.56045881530396,NaN,NaN
1692619200,26057.717870213826,26198.89,25812,25995.5225,21.37715391693773,NaN,NaN
1692633600,26026.620185106913,26164,25937.6,26034.732500000002,24.015325665799594,NaN,NaN
1692648000,26030.67634255346,26258.42,26030.67634255346,26141.329999999998,30.81233460911821,NaN,NaN
1692662400,26086.00317127673,26139.42,26025.54,26086.967500000002,29.369471748732508,NaN,NaN
1692676800,26086.48533563837,26117.28,26000,26069.9925,28.91416287146012,NaN,NaN
1692691200,26078.238917819184,26112.44,26027.22,26073.9975,29.193072273496995,NaN,NaN
1692705600,26076.118208909593,26100.23,25914.03,26000.125,27.08234871320211,NaN,NaN
1692720000,26038.1216044548,26054.73,25726.29,25874.4075,23.913559163743372,NaN,NaN
1692734400,25956.2645522274,26070.04,25300,25801.510000000002,22.285287397514637,NaN,NaN
1692748800,25878.887276113703,26187.99,25878.887276113703,26060.112500000003,38.32793171466927,NaN,NaN
1692763200,25969.499888056853,26183.91,25969.499888056853,26056.02,38.193561343181614,NaN,NaN
1692777600,26012.759944028425,26096,25902.62,25998.8075,36.27874422999318,NaN,NaN
1692792000,26005.78372201421,26185,25812.82,26020.3275,37.54705617786923,NaN,NaN
1692806400,26013.055611007105,26819.27,26013.055611007105,26430.625,55.66561745631152,NaN,NaN
1692820800,26221.840305503552,26723.99,26221.840305503552,26502.7875,57.97489929818626,NaN,NaN
1692835200,26362.313902751775,26547.89,26345.76,26442.0925,55.3628535921101,NaN,NaN
1692849600,26402.203201375887,26516,26384,26454.8475,55.813404162863534,NaN,NaN
1692864000,26428.525350687945,26577.87,26409.4,26477.170000000002,56.638302538280314,NaN,NaN
1692878400,26452.847675343975,26452.847675343975,25990.72,26218.775,45.94575372459239,NaN,NaN
1692892800,26335.81133767199,26335.81133767199,25864,26015.697500000002,39.61578373815523,NaN,NaN
1692907200,26175.754418835997,26207.15,25936.01,26090.6625,42.75126072738278,NaN,NaN
1692921600,26133.208459417998,26187.34,26011.41,26121.2,44.026300735177145,NaN,NaN
1692936000,26127.204229709,26127.204229709,25974.22,26042.9575,41.47734244333975,NaN,NaN
1692950400,26085.0808648545,26128.75,25980.49,26046.535000000003,41.64370662940303,NaN,NaN
1692964800,26065.80793242725,26314.05,25777.15,26029.905,41.05939353282235,NaN,NaN
1692979200,26047.856466213627,26066.62,25832.25,25950.81,38.30637720211306,NaN,NaN
1692993600,25999.333233106816,26085.2,25957.4,26018.745,41.90912145938555,NaN,NaN
1693008000,26009.03911655341,26125.77,26009.03911655341,26075.03,44.78602908243334,NaN,NaN
1693022400,26042.034558276704,26088,26042.034558276704,26068.4925,44.51030023152212,NaN,NaN
1693036800,26055.263529138352,26060,26001.83,26039.629999999997,43.244465197958746,NaN,NaN
1693051200,26047.446764569177,26078,25985.92,26040.945,43.32355048838452,NaN,NaN
1693065600,26044.195882284588,26060,26004.77,26038.245000000003,43.190474969501366,NaN,NaN
1693080000,26041.220441142294,26047.62,25988.2,26021.852499999997,42.34013522279864,NaN,NaN
1693094400,26031.536470571147,26031.536470571147,25966.11,26009,41.64778864521389,NaN,NaN
1693108800,26020.268235285574,26055.54,26020.268235285574,26035.767499999998,43.71217352795209,NaN,NaN
1693123200,26028.017867642786,26095.6,26028.017867642786,26058.3575,45.46563690435476,NaN,NaN
1693137600,26043.187683821394,26182.23,26043.187683821394,26104.405,48.956231860650156,NaN,NaN
1693152000,26073.796341910696,26179,26037.27,26115.975000000002,49.82524522571354,NaN,NaN
1693166400,26094.88567095535,26133.71,26040.17,26100.2825,48.61629329375628,NaN,NaN
1693180800,26097.584085477676,26105,25986.41,26051.5425,44.966822754372515,NaN,NaN
1693195200,26074.563292738836,26074.563292738836,25872.05,25964.495,39.29365178159251,NaN,NaN
1693209600,26019.529146369416,26019.529146369416,25864.5,25950.905000000002,38.477467940982734,NaN,NaN
1693224000,25985.217073184707,26253.99,25985.217073184707,26087.6475,49.78074999246178,NaN,NaN
1693238400,26036.432286592353,26191.79,25918,26052.552499999998,47.37502368154693,NaN,NaN
1693252800,26044.492393296176,26178.83,25946.18,26060.32,47.9742949490952,NaN,NaN
1693267200,26052.406196648088,26206.24,26052.406196648088,26118.947500000002,52.38195322384521,NaN,NaN
1693281600,26085.676848324045,26095.08,25990.58,26043.26,46.8621952041995,NaN,NaN
1693296000,26064.46842416202,26064.46842416202,25922,25986.9375,43.21301457068506,NaN,NaN
1693310400,26025.70296208101,27692,25964.79,26763.9425,73.67205664027676,NaN,NaN
1693324800,26394.822731040505,28142.85,26394.822731040505,27686.907499999998,84.38568335696841,NaN,NaN
1693339200,27040.865115520253,27883.61,27040.865115520253,27741.0175,84.77679667849365,NaN,NaN
1693353600,27390.941307760128,27768.57,27280.99,27539.257500000003,77.02903420870155,NaN,NaN
1693368000,27465.099403880064,27476.03,27371.94,27418.84,72.7553405011162,NaN,NaN
1693382400,27441.969701940034,27499,27310.05,27395.9525,71.9383763378246,NaN,NaN
1693396800,27418.961100970017,27464.45,27017.24,27255.460000000003,66.96740706012167,NaN,NaN
1693411200,27337.21055048501,27337.21055048501,27067.9,27183.6725,64.51429833157164,NaN,NaN
1693425600,27260.441525242506,27337.78,27178.27,27248.577500000003,65.73638091767043,NaN,NaN
1693440000,27254.509512621255,27303.36,27178.88,27249.875000000004,65.76176563984743,NaN,NaN
1693454400,27252.192256310627,27294.97,27215,27247.07,65.64853228237065,NaN,NaN
1693468800,27249.631128155313,27587.51,27184.99,27334.372499999998,67.52290760831545,NaN,NaN
1693483200,27292.001814077656,27315.47,26803.73,27086.289999999997,57.86122021195124,NaN,NaN
1693497600,27189.145907038826,27189.145907038826,25928,26484.417500000003,42.11617736782071,NaN,NaN
1693512000,26836.781703519417,26836.781703519417,25655.01,25988.36,33.92284261347227,NaN,NaN
1693526400,26412.57085175971,26412.57085175971,25931.11,26013.2225,34.60947461292659,NaN,NaN
1693540800,26212.896675879856,26212.896675879856,25978,26036.23,35.27970252503161,NaN,NaN
1693555200,26124.56333793993,26124.56333793993,25957.37,26017.03,34.957694314546856,NaN,NaN
1693569600,26070.796668969964,26156,25566.53,25895.2575,32.90627948922628,NaN,NaN
1693584000,25983.02708448498,25983.02708448498,25333.75,25688.645,29.71955137031398,NaN,NaN
1693598400,25835.83604224249,25937.42,25565.55,25738.4175,31.441983122906024,NaN,NaN
1693612800,25787.126771121242,25840,25752.47,25798.897500000003,33.572392758394116,NaN,NaN
1693627200,25793.012135560624,25853.03,25766.75,25803.33,33.7349144295363,NaN,NaN
1693641600,25798.171067780313,25860,25774.81,25810.9525,34.03380860550527,NaN,NaN
1693656000,25804.561783890156,25987.5,25785.64,25870.3625,36.44017730223429,NaN,NaN
1693670400,25837.462141945078,25937.91,25763.2,25857.3175,36.128532210566064,NaN,NaN
1693684800,25847.389820972538,25907.09,25817.84,25856.96,36.11941552093443,NaN,NaN
1693699200,25852.17491048627,25907.53,25826.29,25866.8125,36.59428074531208,NaN,NaN
1693713600,25859.493705243134,25956.24,25859.493705243134,25910.0675,38.74707666607863,NaN,NaN
1693728000,25884.78060262157,25956.3,25877.3,25933.3025,39.92697602830331,NaN,NaN
1693742400,25909.041551310787,26085.01,25807.32,25927.305,39.71432007722603,NaN,NaN
1693756800,25918.173275655394,26039.99,25800,25931.162500000002,39.935908159122164,NaN,NaN
1693771200,25924.667887827698,26135,25924.667887827698,26011.3275,44.50130517064225,NaN,NaN
1693785600,25967.99769391385,26108.02,25877.66,25986.1125,43.384300237602424,NaN,NaN
1693800000,25977.055096956923,26018.12,25912.21,25970.7125,42.67968827359831,NaN,NaN
1693814400,25973.883798478462,26011.24,25865.57,25933.5675,40.952032550873945,NaN,NaN
1693828800,25953.725649239233,25966.8,25717.04,25847.64,37.20055869756078,NaN,NaN
1693843200,25900.682824619616,25948.15,25810,25866.3925,38.524116528386266,NaN,NaN
1693857600,25883.53766230981,25920,25631.21,25817.605,36.37610125322817,NaN,NaN
1693872000,25850.571331154904,25850.571331154904,25562.62,25731.394999999997,32.886643154769274,NaN,NaN
1693886400,25790.98316557745,25790.98316557745,25678.06,25715.6975,32.27945188410274,NaN,NaN
1693900800,25753.340332788724,25812.09,25654,25746.335,34.809326273681265,NaN,NaN
1693915200,25749.837666394364,25915.49,25625.03,25770.894999999997,36.846080039772204,NaN,NaN
1693929600,25760.36633319718,25845,25683.93,25743.059999999998,35.492640333524506,NaN,NaN
1693944000,25751.713166598587,25802.73,25675,25738.440000000002,35.26112528619133,NaN,NaN
1693958400,25745.076583299295,25870.51,25745.076583299295,25804.649999999998,41.182391328580216,NaN,NaN
1693972800,25774.863291649646,25792.25,25723.65,25756.924999999996,38.45229056720841,NaN,NaN
1693987200,25765.894145824823,25777.2,25715.16,25738.645000000004,37.42879056783583,NaN,NaN
1694001600,25752.269572912413,25778,25540,25659.825,33.31155715856677,NaN,NaN
1694016000,25706.047286456207,26040,25372.51,25672.515,34.55967337928446,NaN,NaN
1694030400,25689.2811432281,25786.51,25655.02,25722.755,39.39561645972217,NaN,NaN
1694044800,25706.018071614053,25839.5,25706.018071614053,25790.5275,45.27106807013131,NaN,NaN
1694059200,25748.27278580703,25850,25745.94,25799.1775,45.990769703718684,NaN,NaN
1694073600,25773.725142903517,25773.725142903517,25691.07,25731.364999999998,41.394966889402724,NaN,NaN
1694088000,25752.545071451757,25834.52,25615.38,25734.4625,41.68163690965679,NaN,NaN
1694102400,25743.50378572588,25977.75,25743.50378572588,25852.657499999998,51.4422741747668,NaN,NaN
1694116800,25798.080642862937,26443.14,25798.080642862937,26109.089999999997,65.09273506078756,NaN,NaN
1694131200,25953.585321431467,26445.5,25953.585321431467,26288.0525,71.18155550166261,NaN,NaN
1694145600,26120.818910715734,26385,26120.818910715734,26271.0075,69.93042343967888,NaN,NaN
1694160000,26195.913205357865,26266.93,25647.26,26002.477499999997,53.86697576815862,NaN,NaN
1694174400,26099.19535267893,26099.19535267893,25795.45,25858.6525,47.564876591660614,NaN,NaN
1694188800,25978.923926339463,25978.923926339463,25719.8,25838.9225,46.75674095613714,NaN,NaN
1694203200,25908.92321316973,25934.36,25850.13,25897.655000000002,49.50694920660459,NaN,NaN
1694217600,25903.289106584867,25910.5,25850.82,25886.705,48.99878209965043,NaN,NaN
1694232000,25894.997053292434,25894.997053292434,25836.49,25872.96,48.32819336307974,NaN,NaN
1694246400,25883.978526646217,25907.75,25849.05,25876.4925,48.523179973372315,NaN,NaN
1694260800,25880.23551332311,25928.66,25796.64,25870.605,48.19674081668995,NaN,NaN
1694275200,25875.420256661557,25945.09,25845.7,25888.33,49.30254731615457,NaN,NaN
1694289600,25881.87512833078,25919.5,25857.74,25886.8175,49.20602357478301,NaN,NaN
1694304000,25884.346314165392,25902.68,25825.8,25872.8675,48.26741962282872,NaN,NaN
1694318400,25878.606907082696,25878.606907082696,25750.35,25834.4875,45.685414363486856,NaN,NaN
1694332800,25856.547203541348,25872.11,25795.33,25828.755,45.29566674187635,NaN,NaN
1694347200,25842.651101770673,25842.651101770673,25712.6,25779.44,41.97789701188262,NaN,NaN
1694361600,25811.045550885334,25860,25570.57,25751.3975,40.175806651773485,NaN,NaN
1694376000,25781.221525442666,26033.66,25771.3,25861.64,49.37658077472691,NaN,NaN
1694390400,25821.430762721335,25876.73,25652.78,25777.875,43.85724193224919,NaN,NaN
1694404800,25799.652881360667,25900.69,25720.82,25793.885000000002,45.11992444955843,NaN,NaN
1694419200,25796.768940680333,25830.95,25577.3,25705.792500000003,39.81391957262801,NaN,NaN
1694433600,25751.280720340168,25755.09,24951,25355.8325,26.48768527408592,NaN,NaN
1694448000,25553.556610170082,25553.556610170082,24990.38,25094.377500000002,20.867953400352548,NaN,NaN
1694462400,25323.967055085042,25323.967055085042,24901,25075.295000000002,20.52566527502242,NaN,NaN
1694476800,25199.63102754252,25950,25131.48,25510.495,43.348204133548364,NaN,NaN
1694491200,25355.063013771258,25990,25355.063013771258,25805.847499999996,53.175736018589355,NaN,NaN
1694505600,25580.455256885627,26331.38,25580.455256885627,25997.092500000002,58.22866565118788,NaN,NaN
1694520000,25788.773878442815,26392,25788.773878442815,26182.67,62.46183150014717,NaN,NaN
1694534400,25985.721939221407,26567,25882.43,26180.435,62.3798401413825,NaN,NaN
1694548800,26083.078469610704,26159.11,25790,25963.887499999997,54.865162288833794,NaN,NaN
1694563200,26023.48298480535,26023.48298480535,25764.17,25867.355,51.86564769972232,NaN,NaN
1694577600,25945.418992402672,26109.94,25850.91,25930,53.63707243702864,NaN,NaN
1694592000,25937.709496201336,26247.79,25866.17,26048.07,56.85955120579922,NaN,NaN
1694606400,25992.889748100668,26387.76,25992.889748100668,26210.925,60.89673441121244,NaN,NaN
1694620800,26101.907374050334,26405.22,26055,26210.385,60.87639117487804,NaN,NaN
1694635200,26156.146187025166,26305.46,26140,26201.864999999998,60.5327958138958,NaN,NaN
1694649600,26179.005593512582,26541.77,26126.77,26289.055,62.844003996160595,NaN,NaN
1694664000,26234.03029675629,26390.1,26163.96,26291.05,62.897542506818134,NaN,NaN
1694678400,26262.540148378146,26489.5,26262.540148378146,26387.5225,65.48731404858042,NaN,NaN
1694692800,26325.031324189073,26798.5,26325.031324189073,26570.175000000003,69.7871964321142,NaN,NaN
1694707200,26447.603162094536,26860.49,26447.603162094536,26694.8,72.32110424483707,NaN,NaN
1694721600,26571.201581047266,26723.64,26473,26599.375,67.64305612252723,NaN,NaN
1694736000,26585.288290523633,26624.52,26448.19,26552.7075,65.41456382557107,NaN,NaN
1694750400,26568.99789526182,26655.84,26550.99,26596.980000000003,66.54074528530681,NaN,NaN
1694764800,26582.98894763091,26690,26375.01,26513.965,62.43536865724772,NaN,NaN
1694779200,26548.476973815457,26548.476973815457,26224,26374.3425,56.15952271662051,NaN,NaN
1694793600,26461.409736907728,26461.409736907728,26315.02,26369.5125,55.95000626164216,NaN,NaN
1694808000,26415.461118453866,26888,26373.21,26564.6475,62.10160832860427,NaN,NaN
1694822400,26490.054309226933,26777,26490.054309226933,26641.21,64.21329607627632,NaN,NaN
1694836800,26565.632154613464,26621.36,26467.45,26549.9375,59.92646745624495,NaN,NaN
1694851200,26557.784827306732,26581.98,26445,26511.392499999998,58.16062083181169,NaN,NaN
1694865600,26534.588663653365,26576.38,26481.87,26522.3625,58.535108991425425,NaN,NaN
1694880000,26528.475581826682,26622.22,26496.14,26539.57,59.15271552721014,NaN,NaN
1694894400,26534.02279091334,26579.99,26507,26544.8625,59.35324812197023,NaN,NaN
1694908800,26539.44264545667,26559.68,26416.16,26516.19,57.70055894997516,NaN,NaN
1694923200,26527.816322728337,26570,26490.88,26521.515,57.9348243402107,NaN,NaN
1694937600,26524.665661364168,26623.25,26493.13,26544.7475,59.0016678269152,NaN,NaN
1694952000,26534.706580682083,26600,26525.28,26560.484999999997,59.746411944799334,NaN,NaN
1694966400,26547.595790341038,26551,26464.64,26517.692499999997,56.72881518515659,NaN,NaN
1694980800,26532.644145170518,26534.09,26399,26491.434999999998,54.89664595632879,NaN,NaN
1694995200,26512.039572585258,26750,26377.35,26578.377500000002,59.55459269530781,NaN,NaN
1695009600,26545.20853629263,26800,26545.20853629263,26684.105,64.37301903093157,NaN,NaN
1695024000,26614.656768146313,27240,26614.656768146313,26957.9175,73.25835909441432,NaN,NaN
1695038400,26786.287134073158,27409,26786.287134073158,27251.35,79.23510078407226,NaN,NaN
1695052800,27018.81856703658,27310,26631,27006.305,65.97420367024787,NaN,NaN
1695067200,27012.56178351829,27012.56178351829,26728,26796.684999999998,57.16112559350316,NaN,NaN
1695081600,26904.623391759145,26904.623391759145,26667.79,26772.344999999998,56.221981674734124,NaN,NaN
1695096000,26838.484195879573,26874.73,26750.88,26822.807500000003,57.771063624067956,NaN,NaN
1695110400,26830.645847939788,27466,26830.645847939788,27099.495,65.06948235621749,NaN,NaN
1695124800,26965.070423969893,27480,26881.37,27255.295000000002,68.38308703426617,NaN,NaN
1695139200,27110.182711984948,27483.57,27069.9,27290.2875,69.09226471398591,NaN,NaN
1695153600,27200.235105992473,27222.81,26990.01,27152.1275,63.07644465601257,NaN,NaN
1695168000,27176.181302996236,27388.63,27085,27200.84,64.25808682782903,NaN,NaN
1695182400,27188.510651498116,27188.510651498116,26936.79,27080.449999999997,59.214438854018915,NaN,NaN
1695196800,27134.480325749057,27197.66,26950,27087.8375,59.42489826767476,NaN,NaN
1695211200,27111.15891287453,27237.87,26997.94,27128.627500000002,60.632815466537956,NaN,NaN
1695225600,27119.893206437264,27300,26800,27052.8075,57.22276249172464,NaN,NaN
1695240000,27086.35035321863,27241.31,26921.7,27054.6575,57.285886913872105,NaN,NaN
1695254400,27070.503926609315,27159.6,26936.66,27064.0675,57.6283882289088,NaN,NaN
1695268800,27067.285713304656,27103.17,26979.92,27027.0475,55.73495506390807,NaN,NaN
1695283200,27047.16660665233,27047.16660665233,26618.9,26839.197500000002,47.25123815756778,NaN,NaN
1695297600,26943.182053326163,26943.182053326163,26377.7,26617.3675,39.58794803865456,NaN,NaN
1695312000,26780.274776663082,26780.274776663082,26545.82,26606.594999999998,39.25499885808475,NaN,NaN
1695326400,26693.43488833154,26693.43488833154,26497.94,26571.885000000002,38.14188421350969,NaN,NaN
1695340800,26632.65994416577,26670.13,26468.77,26583.687500000004,38.77759472740167,NaN,NaN
1695355200,26608.173722082887,26705.46,26573.93,26645.49,42.131287278584296,NaN,NaN
1695369600,26626.831861041443,26743.38,26590,26662.109999999997,43.03500045840178,NaN,NaN
1695384000,26644.47093052072,26698.29,26556.6,26631.539999999997,41.743701348304775,NaN,NaN
1695398400,26638.005465260358,26644.98,26531.01,26586.775,39.8576871110651,NaN,NaN
1695412800,26612.39023263018,26612.39023263018,26488,26551.55,38.38792924177957,NaN,NaN
1695427200,26581.97011631509,26614.98,26524.59,26562.977499999997,39.171584613918775,NaN,NaN
1695441600,26572.47380815754,26586.75,26509,26553.317499999997,38.723209770232,NaN,NaN
1695456000,26562.89565407877,26594.78,26554.49,26577.449999999997,40.55385286462686,NaN,NaN
1695470400,26570.172827039383,26588.5,26546.2,26572.865,40.307467507080446,NaN,NaN
1695484800,26571.518913519692,26632.81,26559.83,26596.07,42.22076062715641,NaN,NaN
1695499200,26583.794456759846,26612.61,26558.07,26589.182499999995,41.79258156503239,NaN,NaN
1695513600,26586.48847837992,26590.01,26558.85,26573.939999999995,40.80628902123382,NaN,NaN
1695528000,26580.214239189958,26580.214239189958,26549.31,26564.345,40.16372850941206,NaN,NaN
1695542400,26572.279619594978,26611.8,26563.43,26583.8425,42.15695527314585,NaN,NaN
1695556800,26578.06105979749,26628.8,26563.8,26591.8425,42.996015510433736,NaN,NaN
1695571200,26584.951779898744,26738.54,26335.81,26525.395,38.05791093341139,NaN,NaN
1695585600,26555.17338994937,26555.17338994937,26122.08,26335.3275,28.112115869490992,NaN,NaN
1695600000,26445.250444974685,26445.250444974685,26000,26187.234999999997,23.05627315067504,NaN,NaN
1695614400,26316.24272248734,26316.24272248734,26040.12,26145.552499999998,21.864366359533093,NaN,NaN
1695628800,26230.89761124367,26233.43,26020.01,26129.515,21.405851631326655,NaN,NaN
1695643200,26180.206305621832,26300,25990.46,26152.395,23.85908312285612,NaN,NaN
1695657600,26166.300652810918,26425.63,26166.300652810918,26305.8775,37.86922721248862,NaN,NaN
1695672000,26236.089076405457,26446.15,26236.089076405457,26336.6575,40.243886346999126,NaN,NaN
1695686400,26286.37328820273,26397.46,26234.37,26322.624999999996,39.50262459219199,NaN,NaN
1695700800,26304.499144101363,26363.84,26253.64,26310.84,38.85533070081219,NaN,NaN
1695715200,26307.669572050683,26334.75,26188.26,26267.21,36.47256070737339,NaN,NaN
1695729600,26287.43978602534,26306.39,26088.34,26198.8025,33.05032129904015,NaN,NaN
1695744000,26243.12114301267,26295.99,26115,26196.337499999998,32.930415763255354,NaN,NaN
1695758400,26219.729321506333,26288.68,26100,26214.5125,34.80842280191041,NaN,NaN
1695772800,26217.12091075317,26289.5,26202.96,26248.045,38.24420417810302,NaN,NaN
1695787200,26232.582955376583,26289,26231.74,26261.2775,39.597063804014574,NaN,NaN
1695801600,26246.93022768829,26848.07,26223.72,26521.21,58.724920107150965,NaN,NaN
1695816000,26384.070113844144,26850,26169.38,26522.6225,58.801269333719105,NaN,NaN
1695830400,26453.346306922074,26453.346306922074,26112.06,26249.5175,42.45084747824999,NaN,NaN
1695844800,26351.431903461038,26385,26226.91,26313.1775,46.20575903034289,NaN,NaN
1695859200,26332.30470173052,26557.75,26332.30470173052,26413.074999999997,51.548240237652955,NaN,NaN
1695873600,26372.68985086526,26513.46,26347.17,26424.9425,52.156127229217304,NaN,NaN
1695888000,26398.81617543263,26623.84,26389.29,26487.512499999997,55.33772814736733,NaN,NaN
1695902400,26443.164337716313,27064,26443.164337716313,26755.2325,65.813266065862,NaN,NaN
1695916800,26599.198418858155,27308.48,26599.198418858155,27069.295,73.62778268017081,NaN,NaN
1695931200,26834.246709429077,27166.42,26834.246709429077,27045.7025,72.29096828845975,NaN,NaN
1695945600,26939.974604714538,27134.16,26859.7,26993.31,69.28258401703305,NaN,NaN
1695960000,26966.64230235727,27244.89,26895.94,27069.7025,71.16670923861906,NaN,NaN
1695974400,27018.172401178635,27179.99,26963.7,27073.615,71.26392592847975,NaN,NaN
1695988800,27045.893700589317,27149.05,26665.16,26918.39,62.29046109527754,NaN,NaN
1696003200,26982.141850294658,26982.141850294658,26750,26879.795000000002,60.258738018428204,NaN,NaN
1696017600,26930.96842514733,26984.99,26866.13,26921.152500000004,61.700341382910246,NaN,NaN
1696032000,26926.060462573667,26946.98,26886.31,26913.8875,61.27982042908798,NaN,NaN
1696046400,26919.973981286836,26958.04,26911.51,26929.149999999998,61.867805920960016,NaN,NaN
1696060800,26924.561990643415,26997,26923.18,26946.99,62.583045501492165,NaN,NaN
1696075200,26935.77599532171,27094.99,26903.01,26982.5775,64.03234833763214,NaN,NaN
1696089600,26959.176747660855,27043.61,26959.176747660855,27007.829999999998,65.0663616016169,NaN,NaN
1696104000,26983.503373830426,27081.78,26946.73,27002.942499999997,64.67879794906648,NaN,NaN
1696118400,26993.222936915212,27048,26954.09,27002.355,64.628964665935,NaN,NaN
1696132800,26997.788968457608,27158.59,26997.788968457608,27083.0525,68.2477959065938,NaN,NaN
1696147200,27040.420734228806,27289.08,27040.420734228806,27167.8675,71.54316744480514,NaN,NaN
1696161600,27104.144117114403,27229.29,27083.24,27163.355000000003,71.12025250157545,NaN,NaN
1696176000,27133.749558557203,27155,27035.78,27111.7425,66.29326017383794,NaN,NaN
1696190400,27122.7460292786,28065.51,27033.1,27548.550000000003,79.17525068486286,NaN,NaN
1696204800,27335.6480146393,28210,27335.6480146393,28038.942500000005,85.7566349393186,NaN,NaN
1696219200,27687.295257319653,28430,27687.295257319653,28194.850000000002,87.14734959671688,NaN,NaN
1696233600,27941.07262865983,28484.28,27941.07262865983,28295.480000000003,87.96420530069065,NaN,NaN
1696248000,28118.276314329916,28580,27983,28196.84,82.43366531996193,NaN,NaN
1696262400,28157.55815716496,28157.55815716496,27631.41,27936.522500000003,69.93677058403779,NaN,NaN
1696276800,28047.04032858248,28047.04032858248,27281.44,27676.7225,60.138090074467016,NaN,NaN
1696291200,27861.881414291238,27861.881414291238,27381.48,27529.385,55.39771497848216,NaN,NaN
1696305600,27695.63320714562,27695.63320714562,27521.43,27585.032499999998,56.783295496223026,NaN,NaN
1696320000,27640.332853572807,27642.83,27475,27554.617500000004,55.76364194629781,NaN,NaN
1696334400,27597.475176786407,27597.475176786407,27234.55,27429.8125,51.66397386240848,NaN,NaN
1696348800,27513.643838393204,27513.643838393204,27250,27339.05,48.85121755087381,NaN,NaN
1696363200,27426.3469191966,27469.65,27160.5,27332.902499999997,48.65798725837982,NaN,NaN
1696377600,27379.624709598298,27510.29,27202,27392.292500000003,50.68734079537997,NaN,NaN
1696392000,27385.95860479915,27454.98,27350.75,27422.485,51.73185856407233,NaN,NaN
1696406400,27404.221802399574,27643.09,27404.221802399574,27525.847499999996,55.22817566292178,NaN,NaN
1696420800,27465.034651199785,27633.42,27329.85,27484.98,53.5757635995994,NaN,NaN
1696435200,27475.007325599894,27839.72,27400.94,27565.7425,56.35489792926222,NaN,NaN
1696449600,27520.374912799947,27831.51,27520.374912799947,27698.222500000003,60.52904418388438,NaN,NaN
1696464000,27609.298706399975,27896.07,27609.298706399975,27744.094999999998,61.888227603048904,NaN,NaN
1696478400,27676.69685319999,27702.2,27550.77,27628.17,56.585325366001456,NaN,NaN
1696492800,27652.433426599993,27774.55,27593.23,27675.36,58.1570812772097,NaN,NaN
1696507200,27663.896713299997,28120.39,27403.59,27701.165,59.03054979633679,NaN,NaN
1696521600,27682.53085665,27682.53085665,27352,27498.9625,50.189471276018885,NaN,NaN
1696536000,27590.746678325,27590.746678325,27388,27444.78,48.11014662525836,NaN,NaN
1696550400,27517.7633391625,27590,27389.99,27487.395,49.869291708726706,NaN,NaN
1696564800,27502.57916958125,27651,27464.48,27578.3,53.49140784046729,NaN,NaN
1696579200,27540.439584790627,27801,27540.439584790627,27697.01,57.7813110146456,NaN,NaN
1696593600,27618.72479239531,28044.86,27175.94,27730.48,58.93151809542006,NaN,NaN
1696608000,27674.602396197653,28038,27674.602396197653,27930.155,65.04913031525395,NaN,NaN
1696622400,27802.378698098826,28295,27802.378698098826,28014.01,67.25513510771779,NaN,NaN
1696636800,27908.194349049412,27955.9,27842.08,27907.3725,61.9041481595909,NaN,NaN
1696651200,27907.783424524707,27944.84,27875,27902.7625,61.67569448681346,NaN,NaN
1696665600,27905.272962262352,28029.67,27880.01,27935.6475,62.73225201035309,NaN,NaN
1696680000,27920.460231131176,27986.27,27895.28,27940.8675,62.9070624727355,NaN,NaN
1696694400,27930.663865565588,27964.2,27850,27904.87,60.7894381260845,NaN,NaN
1696708800,27917.766932782793,27959.75,27856.66,27909.6425,60.97699307442583,NaN,NaN
1696723200,27913.704716391396,28095.14,27913.704716391396,28015.144999999997,64.96642794142844,NaN,NaN
1696737600,27964.424858195696,28076.04,27878.06,27981.145,62.740359561043995,NaN,NaN
1696752000,27972.78492909785,27972.78492909785,27775,27857.435,55.313710866870714,NaN,NaN
1696766400,27915.109964548923,27999.72,27687.5,27847.897500000003,54.775384392036905,NaN,NaN
1696780800,27881.50373227446,27948.68,27807.82,27886.0575,56.59552906510878,NaN,NaN
1696795200,27883.78061613723,27980,27800,27898.010000000002,57.176887957347375,NaN,NaN
1696809600,27890.895308068615,27987.93,27796.53,27905.8125,57.57635188968253,NaN,NaN
1696824000,27898.35390403431,27944,27808.4,27871.8475,55.16401615792112,NaN,NaN
1696838400,27885.100702017153,27885.100702017153,27412.21,27634.107500000002,41.923464187549,NaN,NaN
1696852800,27759.604101008576,27759.604101008576,27374.73,27466.44,35.45930873356767,NaN,NaN
1696867200,27613.02205050429,27750.03,27260,27517.502500000002,38.56602175901782,NaN,NaN
1696881600,27565.262275252146,27653.27,27556.2,27604.0625,43.52847994926897,NaN,NaN
1696896000,27584.66238762607,27697.56,27492.6,27603.15,43.48859914130559,NaN,NaN
1696910400,27593.906193813036,27706.34,27579.87,27642.495,45.79467586580452,NaN,NaN
1696924800,27618.200596906518,27735,27500,27598.832499999997,43.665180630391646,NaN,NaN
1696939200,27608.516548453255,27630,27338.87,27471.434999999998,38.0983854227647,NaN,NaN
1696953600,27539.975774226627,27539.975774226627,27298,27403.8175,35.51069652841615,NaN,NaN
1696968000,27471.896637113314,27471.896637113314,27322.69,27395.032499999998,35.17640582928938,NaN,NaN
1696982400,27433.464568556657,27477.39,27011.01,27223.642499999998,29.367878091186853,NaN,NaN
1696996800,27328.553534278326,27328.553534278326,26964.89,27036.6975,24.596894327956107,NaN,NaN
1697011200,27182.62551713916,27332,27017,27141.802499999998,31.34952677114434,NaN,NaN
1697025600,27162.21400856958,27262.45,26727.56,26991.432500000003,27.548473757325738,NaN,NaN
1697040000,27076.82325428479,27076.82325428479,26538.66,26719.235,22.281854850149145,NaN,NaN
1697054400,26898.029127142396,26898.029127142396,26680,26801.030000000002,26.80993191901665,NaN,NaN
1697068800,26849.5295635712,26947.04,26735.83,26851.364999999998,29.53086778930171,NaN,NaN
1697083200,26850.4472817856,26920.81,26783.14,26840.420000000002,29.27600388763142,NaN,NaN
1697097600,26845.4336408928,26867.14,26655.6,26792.809999999998,28.138380995299883,NaN,NaN
1697112000,26819.1218204464,26862.74,26621.76,26749.335,27.10270190636578,NaN,NaN
1697126400,26784.2284102232,26804.99,26555,26686.97,25.64453591374398,NaN,NaN
1697140800,26735.5992051116,26775,26706.44,26738.495000000003,29.0412731250302,NaN,NaN
1697155200,26737.0471025558,26876.06,26737.0471025558,26791.845,32.480639848598074,NaN,NaN
1697169600,26764.4460512779,26943,26764.4460512779,26843.3825,35.72186744930397,NaN,NaN
1697184000,26803.91427563895,26903.94,26737.4,26834.3125,35.399797201727296,NaN,NaN
1697198400,26819.113387819474,26966.85,26685.96,26795.1375,33.97497082463204,NaN,NaN
1697212800,26807.12544390974,26807.12544390974,26685,26744.375,32.168186038974326,NaN,NaN
1697227200,26775.75022195487,27130,26747.24,26879.4525,41.138423092203126,NaN,NaN
1697241600,26827.601360977435,26989.58,26827.601360977435,26906.84,42.790361136229514,NaN,NaN
1697256000,26867.220680488717,26939.35,26841.76,26895.17,42.246292596654705,NaN,NaN
1697270400,26881.195340244358,26900,26847.87,26872.254999999997,41.14015966125377,NaN,NaN
1697284800,26876.725170122176,26943.39,26850.44,26902.184999999998,43.230910076808044,NaN,NaN
1697299200,26889.455085061087,26953.18,26850,26902.5075,43.25429972865231,NaN,NaN
1697313600,26895.981292530545,26895.981292530545,26789,26847.335,40.20258827746095,NaN,NaN
1697328000,26871.658146265272,26916.77,26815.76,26866.3675,41.729866138025656,NaN,NaN
1697342400,26869.012823132638,26889.22,26869.012823132638,26881.015000000003,42.93778196130045,NaN,NaN
1697356800,26875.01391156632,26919,26843.79,26874.442499999997,42.511935246081244,NaN,NaN
1697371200,26874.728205783158,26965.28,26808.25,26881.219999999998,43.13819991910942,NaN,NaN
1697385600,26877.974102891578,27081,26877.974102891578,26979.2575,51.38779985013763,NaN,NaN
1697400000,26928.61580144579,27293.33,26928.61580144579,27126.557500000003,60.629957450403786,NaN,NaN
1697414400,27027.586650722897,27285.91,27027.586650722897,27197.1575,64.14819939944374,NaN,NaN
1697428800,27112.372075361447,27980,27112.372075361447,27564.739999999998,76.11576769296643,NaN,NaN
1697443200,27338.556037680723,27902.99,27338.556037680723,27785.840000000004,80.36205664649012,NaN,NaN
1697457600,27562.19801884036,30000,27562.19801884036,28380.7025,87.03871191975527,NaN,NaN
1697472000,27971.45025942018,28808.51,27971.45025942018,28351.42,85.49774312299986,NaN,NaN
1697486400,28161.435129710087,28643,28161.435129710087,28460.7525,86.46152125318339,NaN,NaN
1697500800,28311.09381485504,28549.34,28231.01,28387.7775,82.5195986847606,NaN,NaN
1697515200,28349.435657427523,28475.82,28069.32,28311.4425,78.48848141212733,NaN,NaN
1697529600,28330.43907871376,28609.38,28330.43907871376,28453.185,80.40283692772509,NaN,NaN
1697544000,28391.812039356882,28580.34,28135.35,28400.010000000002,77.61238437039809,NaN,NaN
1697558400,28395.911019678442,28613.65,28306.42,28474.565000000002,78.72714838421663,NaN,NaN
1697572800,28435.238009839224,28556.56,28373.33,28460.5675,77.94244145229712,NaN,NaN
1697587200,28447.90275491961,28514.66,28320.29,28436.32,76.51959895374836,NaN,NaN
1697601600,28442.111377459805,28982.36,28441.71,28608.2625,79.39243275019149,NaN,NaN
1697616000,28525.1869387299,28599,28236.41,28417.65,69.27369850720974,NaN,NaN
1697630400,28471.41846936495,28471.41846936495,28142.87,28284.065,63.19486982092889,NaN,NaN
1697644800,28377.741734682473,28437.41,28230.2,28290.172499999997,63.353205208562926,NaN,NaN
1697659200,28333.957117341233,28374.27,28190.81,28282.6775,62.995051943459515,NaN,NaN
1697673600,28308.317308670616,28418,28100.66,28274.665,62.58769943049388,NaN,NaN
1697688000,28291.49115433531,28349.39,28230,28292.552499999998,63.160422776377544,NaN,NaN
1697702400,28292.021827167653,28514.21,28280.96,28394.17,66.31519529055889,NaN,NaN
1697716800,28343.095913583827,28814.14,28343.095913583827,28591.2325,71.42555409749994,NaN,NaN
1697731200,28467.164206791913,28916.89,28457.56,28701.3225,73.81551079995548,NaN,NaN
1697745600,28584.243353395956,28882.07,28584.243353395956,28736.2825,74.54365354083205,NaN,NaN
1697760000,28660.26292669798,29400,28578.29,28981.845,78.96782466775817,NaN,NaN
1697774400,28821.05396334899,29400,28821.05396334899,29246.789999999997,82.50142138146667,NaN,NaN
1697788800,29033.921981674495,30207.55,29033.921981674495,29628.952500000003,86.12304949496011,NaN,NaN
1697803200,29331.43724083725,29910,29331.43724083725,29670.2425,86.44936831188704,NaN,NaN
1697817600,29500.839870418626,29592.71,29321,29506.525,78.56095367792597,NaN,NaN
1697832000,29503.682435209314,29790.59,29503.682435209314,29633.6325,80.08067279786844,NaN,NaN
1697846400,29568.65746760466,29699.68,29464.77,29609.4825,78.93578626823361,NaN,NaN
1697860800,29589.06998380233,29730.88,29541.86,29643.24,79.37956889629974,NaN,NaN
1697875200,29616.154991901167,29878.83,29616.154991901167,29753.545000000002,80.80279119519152,NaN,NaN
1697889600,29684.849995950586,29980,29678.69,29850.260000000002,81.97735559473755,NaN,NaN
1697904000,29767.554997975294,30379.99,29767.554997975294,30077.1,84.389801848247,NaN,NaN
1697918400,29922.327498987645,30158.2,29850,30015.7575,81.2235348453739,NaN,NaN
1697932800,29969.042499493822,30075,29843.2,29933.845,77.06547423262793,NaN,NaN
1697947200,29951.44374974691,30248,29640,29902.91,75.49365001444596,NaN,NaN
1697961600,29927.176874873454,29991.05,29780.11,29874.274999999998,73.98931393518362,NaN,NaN
1697976000,29900.725937436728,29974.46,29781,29872.68,73.90097893327308,NaN,NaN
1697990400,29886.702968718364,29946.77,29805.13,29855.065000000002,72.86631978667963,NaN,NaN
1698004800,29870.883984359185,30051.79,29714.28,29900.32,73.87817692249845,NaN,NaN
1698019200,29885.601992179592,30799,29883.6,30352.9375,81.36366915291273,NaN,NaN
1698033600,30119.269746089798,30985.12,30119.269746089798,30666.66,84.64758855925811,NaN,NaN
1698048000,30392.964873044897,30784.54,30355.06,30578.665,80.36977509363955,NaN,NaN
1698062400,30485.81493652245,30970,30395.01,30726.345,82.01271348003266,NaN,NaN
1698076800,30606.079968261227,31440.06,30606.079968261227,31113.7025,85.45203782266772,NaN,NaN
1698091200,30859.891234130613,34741.91,30859.891234130613,32621.300000000003,91.92421462229724,NaN,NaN
1698105600,31740.595617065308,35280,31740.595617065308,33810.9825,94.1398092731257,NaN,NaN
1698120000,32775.78905853265,34594.56,32775.78905853265,34090.6125,94.52034556629809,NaN,NaN
1698134400,33433.20077926633,34876.4,33433.20077926633,34342.065,94.84454216225943,NaN,NaN
1698148800,33887.63288963317,34835.74,33200,34061.885,88.55749850332228,NaN,NaN
1698163200,33974.75894481658,34386.12,33380.01,33807.880000000005,83.17461769799803,NaN,NaN
1698177600,33891.31947240829,34250,33485.1,33863.582500000004,83.41272978815712,NaN,NaN
1698192000,33877.450986204145,34399.82,33773.74,34023.92,84.10982221781433,NaN,NaN
1698206400,33950.68549310207,34204.78,33679.05,33935.1875,82.05463745591769,NaN,NaN
1698220800,33942.93649655103,34446.42,33783,34071.5375,82.75206388191539,NaN,NaN
1698235200,34007.23699827552,35000,34007.23699827552,34559.5475,84.99915259426433,NaN,NaN
1698249600,34283.39224913776,35132.85,34283.39224913776,34773.01,85.86653250824641,NaN,NaN
1698264000,34528.20112456888,34850.23,34250,34583.705,81.3728903356236,NaN,NaN
1698278400,34555.95306228444,34824.13,34421.98,34633.8625,81.64694761733088,NaN,NaN
1698292800,34594.90778114222,34810,34410.02,34665.1625,81.82663777769105,NaN,NaN
1698307200,34630.03514057111,34745.86,33960.39,34364.065,74.29132015064295,NaN,NaN
1698321600,34497.05007028556,34497.05007028556,33862,34094.7725,68.23875153899691,NaN,NaN
1698336000,34295.91128514278,34295.91128514278,33751,33990.765,66.002168970313,NaN,NaN
1698350400,34143.33814257139,34278,34023.74,34124.354999999996,67.4766627393964,NaN,NaN
1698364800,34133.84657128569,34171.28,33780,34055.005000000005,65.87932026857433,NaN,NaN
1698379200,34094.425785642845,34245,33921.84,34056.4825,65.89784244463266,NaN,NaN
1698393600,34075.45414282142,34177,33935.59,34025.3975,65.09718889406585,NaN,NaN
1698408000,34050.42582141071,34195.21,33820.48,34015.5425,64.82826568696323,NaN,NaN
1698422400,34032.98416070535,34033.48,33390.95,33780.6125,58.612135188930694,NaN,NaN
1698436800,33906.79833035268,33941.11,33679.44,33802.7775,59.0114652947727,NaN,NaN
1698451200,33854.78791517633,34146,33854.78791517633,33989.5025,62.31058339384755,NaN,NaN
1698465600,33922.14520758817,34185,33922.14520758817,34077.3275,63.78697199520027,NaN,NaN
1698480000,33999.736353794084,34493.33,33999.736353794084,34186.3575,65.58911656630926,NaN,NaN
1698494400,34093.04692689704,34239.7,33907.79,34129.08,63.79305623168654,NaN,NaN
1698508800,34111.06346344852,34219.58,34077,34150.405,64.186269685268,NaN,NaN
1698523200,34130.73423172426,34190,34060.78,34110.9625,62.827192163213276,NaN,NaN
1698537600,34120.848365862126,34120.848365862126,33952,34025.875,59.88154255512302,NaN,NaN
1698552000,34073.36168293106,34136.28,33930,34028.44,59.942513569124294,NaN,NaN
1698566400,34050.90084146553,34321.89,34050.90084146553,34181.685,63.51055640981181,NaN,NaN
1698580800,34116.29292073277,34559.22,34116.29292073277,34379.205,67.5256549934648,NaN,NaN
1698595200,34247.748960366385,34750.11,34247.748960366385,34533.5175,70.2772973296725,NaN,NaN
1698609600,34390.63323018319,34720,34390.63323018319,34552.1175,70.60065690761793,NaN,NaN
1698624000,34471.3753650916,34570.51,34181.47,34387.07,63.95202315570009,NaN,NaN
1698638400,34429.2226825458,34429.2226825458,34114.74,34231.792499999996,58.381649919174706,NaN,NaN
1698652800,34330.50759127289,34679.81,34161.1,34410.72,62.4413439082599,NaN,NaN
1698667200,34370.61379563645,34856,34370.61379563645,34647.707500000004,67.0288398906539,NaN,NaN
1698681600,34509.16064781822,34656.33,34062.84,34451.9025,60.458251567604236,NaN,NaN
1698696000,34480.53157390911,34569.68,34320,34449.1325,60.36809638221451,NaN,NaN
1698710400,34464.832036954554,34600,34202.33,34371.6,57.77131102957389,NaN,NaN
1698724800,34418.21601847728,34418.21601847728,34082.89,34197.4175,52.325672556519564,NaN,NaN
1698739200,34307.816759238645,34535.75,34025,34298.56,54.979431121996676,NaN,NaN
1698753600,34303.18837961932,34514,34130,34351.1125,56.339345166862316,NaN,NaN
1698768000,34327.15043980966,34588,34223.26,34405.9375,57.77241281166154,NaN,NaN
1698782400,34366.54396990483,34720.49,34366.54396990483,34582.64,62.09123049081698,NaN,NaN
1698796800,34474.591984952414,34668.05,34400,34531.5575,60.17520913842769,NaN,NaN
1698811200,34503.07474247621,34503.07474247621,34316,34421.06,56.139640856509445,NaN,NaN
1698825600,34462.0673712381,34493.48,34345,34428.457500000004,56.350689074100515,NaN,NaN
1698840000,34445.26243561905,35200,34097.39,34503.350000000006,58.52648608631338,NaN,NaN
1698854400,34474.30621780953,34738.07,34280.02,34466.925,57.0373103968792,NaN,NaN
1698868800,34470.615608904765,35582,34470.615608904765,35025.275,69.74532331161308,NaN,NaN
1698883200,34747.94530445238,35984.99,34747.94530445238,35585.025,77.06839011314165,NaN,NaN
1698897600,35166.48515222619,35600,35063.25,35378.695,70.31245172278406,NaN,NaN
1698912000,35272.59007611309,35478.02,35095,35306.61,68.06745298380187,NaN,NaN
1698926400,35289.600038056546,35457.96,34537.99,35002.38,59.44135514427206,NaN,NaN
1698940800,35145.99001902827,35145.99001902827,34300,34739.36,53.16804200847359,NaN,NaN
1698955200,34942.67500951413,35097.19,34706.51,34936.3225,56.84133620374448,NaN,NaN
1698969600,34939.49875475706,34946.5,34366.7,34734.175,52.306721354632195,NaN,NaN
1698984000,34836.83687737853,34836.83687737853,34310,34538.32,48.287330023738285,NaN,NaN
1698998400,34687.57843868926,34687.57843868926,34120,34365.875,45.00794363028294,NaN,NaN
1699012800,34526.72671934463,34848.79,34150.68,34503.892499999994,48.04898063447065,NaN,NaN
1699027200,34515.30960967232,34822.15,34323.37,34609.985,50.323090913258014,NaN,NaN
1699041600,34562.64730483616,34740,34485.65,34618.284999999996,50.50562810181678,NaN,NaN
1699056000,34590.46615241808,34786.68,34590.46615241808,34711.2075,52.6053120862736,NaN,NaN
1699070400,34650.83682620904,35000,34585.18,34765.52,53.83798117012029,NaN,NaN
1699084800,34708.17841310451,34884.93,34680.13,34761.354999999996,53.72258970942329,NaN,NaN
1699099200,34734.766706552255,34803.97,34644,34717.5625,52.44968124569985,NaN,NaN
1699113600,34726.16460327613,34795.46,34692.52,34732.155,52.8505768229782,NaN,NaN
1699128000,34729.15980163806,35255,34708.54,34939.0875,58.22879616439189,NaN,NaN
1699142400,34834.123650819034,35300,34834.123650819034,35143.5175,62.749395886248834,NaN,NaN
1699156800,34988.82057540952,35305.75,34988.82057540952,35197.2875,63.85734349317213,NaN,NaN
1699171200,35093.05403770476,35188.68,35000.2,35109.33,60.67801924256234,NaN,NaN
1699185600,35101.19201885238,35172.2,34757.47,34974.64,56.07404367840969,NaN,NaN
1699200000,35037.91600942619,35278.54,34867.14,35004.2025,56.8479590002855,NaN,NaN
1699214400,35021.059254713095,35380,34448,34957.02,55.177041140211635,NaN,NaN
1699228800,34989.03962735654,35118.71,34830,34984.745,55.99552914093738,NaN,NaN
1699243200,34986.89231367827,35024.99,34725.9,34908.4975,53.122568994834694,NaN,NaN
1699257600,34947.69490683913,35276.33,34827.01,35060.1275,57.76353147190035,NaN,NaN
1699272000,35003.91120341957,35250,34902.06,35116.365,59.37015802923558,NaN,NaN
1699286400,35060.13810170979,35111.1,34810.64,35014.3425,55.263219843417026,NaN,NaN
1699300800,35037.24030085489,35150,34892.03,35035.697499999995,55.95010345060253,NaN,NaN
1699315200,35036.46890042744,35053.41,34790.64,34952.2875,52.555861353207504,NaN,NaN
1699329600,34994.378200213716,34994.378200213716,34822.36,34912.7125,50.9757311620821,NaN,NaN
1699344000,34953.545350106855,34975.9,34551,34773.11,45.750294776387854,NaN,NaN
1699358400,34863.32767505343,34863.32767505343,34523.06,34678.25,42.557918410671974,NaN,NaN
1699372800,34770.788837526714,35579.7,34560,35078.7275,56.39237993135615,NaN,NaN
1699387200,34924.75816876336,35888,34924.75816876336,35485.32,65.48196536563366,NaN,NaN
1699401600,35205.03908438168,35419.29,35205.03908438168,35329.795,60.30406368699799,NaN,NaN
1699416000,35267.417042190835,35361.7,35167.78,35256.3925,57.97403665496229,NaN,NaN
1699430400,35261.90477109542,35437.09,35185.95,35295.055,58.87535925849448,NaN,NaN
1699444800,35278.47988554771,35469.29,35100,35281.4425,58.40044914803782,NaN,NaN
1699459200,35279.96119277386,35768.84,35185,35450.375,62.448661341618475,NaN,NaN
1699473600,35365.16809638693,36106,35365.16809638693,35685.68,67.23196215209757,NaN,NaN
1699488000,35525.42404819347,36550,35525.42404819347,36036.785,72.79956939449681,NaN,NaN
1699502400,35781.104524096736,36863.91,35781.104524096736,36562.58500000001,78.64996248973279,NaN,NaN
1699516800,36171.84476204837,36990,36171.84476204837,36714.69,79.99071445571411,NaN,NaN
1699531200,36443.26738102418,37972.24,36443.26738102418,37155.2425,83.26814032100637,NaN,NaN
1699545600,36799.254940512095,37211.1,35600,36569.332500000004,67.44569944634017,NaN,NaN
1699560000,36684.29372025605,36784.57,36139.57,36501.86,65.89290543128331,NaN,NaN
1699574400,36593.07686012803,36919.06,36446.2,36699.9075,68.20668829102253,NaN,NaN
1699588800,36646.492180064015,36807.69,36427.61,36602.1375,65.83237337627756,NaN,NaN
1699603200,36624.314840032006,37147.2,36324.71,36745.744999999995,67.61558779114597,NaN,NaN
1699617600,36685.029920016,37260.19,36685.029920016,37058.8575,71.15090882505862,NaN,NaN
1699632000,36871.943710007996,37455,36871.943710007996,37210.7725,72.70765777774534,NaN,NaN
1699646400,37041.358105003994,37526,37041.358105003994,37280.945,73.4211249831593,NaN,NaN
1699660800,37161.15155250199,37408.26,36900.1,37162.49,70.09022353382625,NaN,NaN
1699675200,37161.820776251,37161.820776251,36920.73,37025.4875,66.34148037927778,NaN,NaN
1699689600,37093.6541381255,37093.6541381255,36910,36990.292499999996,65.37415739789937,NaN,NaN
1699704000,37041.973319062745,37274.3,36951.1,37066.17,66.50797824827518,NaN,NaN
1699718400,37054.07165953137,37175,37030.2,37101.1925,67.04438267573195,NaN,NaN
1699732800,37077.63207976568,37155,36666.93,37025.18,64.62516358749491,NaN,NaN
1699747200,37051.406039882844,37180,36731.1,37007.465,64.04514774007347,NaN,NaN
1699761600,37029.43551994142,37171.1,36913.28,37050.2725,64.86574921500468,NaN,NaN
1699776000,37039.85400997071,37132.36,37026.69,37085.625,65.56472682782834,NaN,NaN
1699790400,37062.73950498535,37222.22,36931.1,37090.229999999996,65.66056090237788,NaN,NaN
1699804800,37076.48475249267,37200,37051.95,37127.265,66.46878738761822,NaN,NaN
1699819200,37101.87487624634,37202.09,36938.23,37077.3625,64.27362177225217,NaN,NaN
1699833600,37089.61868812317,37417.99,36852.11,37062.06,63.580202021972,NaN,NaN
1699848000,37075.839344061584,37075.839344061584,36755,36918.545,57.332972217471934,NaN,NaN
1699862400,36997.19217203079,37050,36692.58,36878.22,55.67755488856424,NaN,NaN
1699876800,36937.706086015394,36945.89,36534.04,36782.965000000004,51.867784297038924,NaN,NaN
1699891200,36860.3355430077,37031.45,36601,36829.832500000004,53.55183783894462,NaN,NaN
1699905600,36845.08402150385,36875,36333,36628.9775,46.1065984479236,NaN,NaN
1699920000,36737.03076075192,36737.03076075192,36190.17,36397.847499999996,39.33033493045977,NaN,NaN
1699934400,36567.43913037596,36714.11,36381.1,36556.787500000006,45.28546793656834,NaN,NaN
1699948800,36562.113315187984,36744,36236.36,36480.85,43.108316200778,NaN,NaN
1699963200,36521.48165759399,36693.01,35889,36247.0675,37.1817863514055,NaN,NaN
1699977600,36384.27457879699,36417.23,34800,35664.5775,27.161934965402367,NaN,NaN
1699992000,36024.426039398495,36024.426039398495,35214.39,35433.18,24.354178790332668,NaN,NaN
1700006400,35728.80301969925,35728.80301969925,35360,35489.659999999996,26.355243915006696,NaN,NaN
1700020800,35609.23150984962,35661.04,35375.38,35498.825000000004,26.6941173873345,NaN,NaN
1700035200,35554.02825492481,36278.62,35554.02825492481,35918.33,40.247334199158566,NaN,NaN
1700049600,35736.179127462405,36416.51,35736.179127462405,36265.557499999995,48.70148528537917,NaN,NaN
1700064000,36000.868313731204,37774.14,36000.868313731204,36982.64,60.97986759640031,NaN,NaN
1700078400,36491.7541568656,37980,36491.7541568656,37661.17,68.63094237301628,NaN,NaN
1700092800,37076.4620784328,37929.54,37076.4620784328,37645.0725,68.28883888717476,NaN,NaN
1700107200,37360.7672892164,37621.1,37307.55,37455.2225,64.22286958925378,NaN,NaN
1700121600,37407.9948946082,37544,37121.09,37337.455,61.76610186712435,NaN,NaN
1700136000,37372.7249473041,37372.7249473041,36256.15,36807.4075,52.10497846119063,NaN,NaN
1700150400,37090.06622365205,37090.06622365205,35500,36117.33,42.73340178730727,NaN,NaN
1700164800,36603.69811182603,36603.69811182603,35666,36005.96,41.43804982927715,NaN,NaN
1700179200,36304.82905591301,36673.69,36101.44,36355.6575,46.88264680147289,NaN,NaN
1700193600,36330.243277956506,36521.44,36145.55,36347.6875,46.77590785569296,NaN,NaN
1700208000,36338.96538897825,36464,36121,36299.39750000001,46.091189033596464,NaN,NaN
1700222400,36319.18144448913,36620,35861.1,36224.68000000001,44.9937212887673,NaN,NaN
1700236800,36271.930722244564,36800,35909.17,36269.090000000004,45.81949307673441,NaN,NaN
1700251200,36270.51036112229,36723.59,36270.51036112229,36491.97749999999,49.88578307352317,NaN,NaN
1700265600,36381.24393056114,36613.92,36360.22,36489.965,49.84940412730319,NaN,NaN
1700280000,36435.60446528057,36435.60446528057,36178.58,36348.885,47.24820908415667,NaN,NaN
1700294400,36392.24473264029,36538.61,36375.28,36433.46000000001,48.96739147074247,NaN,NaN
1700308800,36412.85236632015,36682.2,36347.69,36524.21,50.8195023147634,NaN,NaN
1700323200,36468.53118316007,36845.49,36468.53118316007,36697.215000000004,54.22984699830458,NaN,NaN
1700337600,36582.87309158004,36707.16,36443.1,36599.3625,52.03211471634781,NaN,NaN
1700352000,36591.11779579002,36591.11779579002,36388.27,36512.7325,50.0964744683616,NaN,NaN
1700366400,36551.92514789501,36669,36489.02,36572.6575,51.44213996601197,NaN,NaN
1700380800,36562.2913239475,36716,36384.02,36541.282499999994,50.67171234434667,NaN,NaN
1700395200,36551.786911973744,36570,36385.7,36494.4,49.479242054101455,NaN,NaN
1700409600,36523.09345598688,36986.44,36511.11,36753.697499999995,55.69014278837352,NaN,NaN
1700424000,36638.395477993436,37500,36638.395477993436,37152.207500000004,63.181727805609164,NaN,NaN
1700438400,36895.301488996716,37382.68,36895.301488996716,37223.792499999996,64.34780453790964,NaN,NaN
1700452800,37059.546994498356,37257.08,37040.17,37164.015,62.565830623337014,NaN,NaN
1700467200,37111.78099724918,37420,37061.1,37218.2675,63.55234604417647,NaN,NaN
1700481600,37165.02424862459,37493.2,36677,37194.83,62.78259348383667,NaN,NaN
1700496000,37179.92712431229,37750,36812.13,37398.245,66.56741877110417,NaN,NaN
1700510400,37289.086062156144,37605.76,37271.1,37473.7175,67.87287420039642,NaN,NaN
1700524800,37381.40178107807,37649.44,37304.72,37466.9525,67.61800448239416,NaN,NaN
1700539200,37424.17714053903,37480.17,37241.25,37366.5475,63.789381416408894,NaN,NaN
1700553600,37395.362320269516,37418,37150,37255.72,59.76669323892562,NaN,NaN
1700568000,37325.54116013476,37325.54116013476,36250,36907.495,49.25614257814553,NaN,NaN
1700582400,37116.518080067384,37500,36580,37008.7575,51.904889992922456,NaN,NaN
1700596800,37062.637790033696,37170,35735,36406.659999999996,38.90218016772653,NaN,NaN
1700611200,36734.64889501684,36734.64889501684,35632.01,36033.415,33.32837709889856,NaN,NaN
1700625600,36384.031947508425,36558.87,36325.44,36426.0275,42.638455224354416,NaN,NaN
1700640000,36405.02972375421,36773.53,36391.03,36517.0725,44.57141472067881,NaN,NaN
1700654400,36461.05111187711,36650,36239.2,36458.57,43.55574987974847,NaN,NaN
1700668800,36459.81055593856,37431.21,36372.58,36893.73,52.26855174095913,NaN,NaN
1700683200,36676.77027796928,37861.1,36676.77027796928,37443.557499999995,60.55379919931606,NaN,NaN
1700697600,37060.163888984636,37535.1,37060.163888984636,37370.785,59.09177872106133,NaN,NaN
1700712000,37215.47444449232,37411.59,37215.47444449232,37336.892499999994,58.384757364569175,NaN,NaN
1700726400,37276.18347224616,37653.44,37159.95,37388.1525,59.18024879127906,NaN,NaN
1700740800,37332.16798612308,37530,36870,37180.335,54.62160433046791,NaN,NaN
1700755200,37256.25149306154,37350,36917,37124.94,53.439929604714415,NaN,NaN
1700769600,37190.59574653077,37385,37190.59574653077,37291.0875,56.48095978993384,NaN,NaN
1700784000,37240.84162326538,37494.57,37240.84162326538,37339,57.34613720723033,NaN,NaN
1700798400,37289.92081163269,37567.99,37289.92081163269,37426.7525,58.9555792658324,NaN,NaN
1700812800,37358.33665581635,38035.46,37358.33665581635,37681.085,63.28016708460976,NaN,NaN
1700827200,37519.71082790817,38414,37519.71082790817,37994.274999999994,67.78191364175714,NaN,NaN
1700841600,37756.99291395408,38349,37550.32,37971.63250000001,67.14104413404786,NaN,NaN
1700856000,37864.31270697704,37943.6,37580,37750.82,61.07630024162302,NaN,NaN
1700870400,37807.566353488524,37839.44,37676.03,37756.76,61.17789024659784,NaN,NaN
1700884800,37782.16317674426,37826.99,37720,37786.845,61.72280086817682,NaN,NaN
1700899200,37784.50408837213,37828.93,37591.1,37718.735,59.68047990596705,NaN,NaN
1700913600,37751.61954418606,37751.61954418606,37620,37677.97,58.434224924527335,NaN,NaN
1700928000,37714.79477209303,37835.39,37699.99,37764.79749999999,60.334189345372096,NaN,NaN
1700942400,37739.79613604651,37888,37711.76,37799.965,61.10958094343975,NaN,NaN
1700956800,37769.880568023254,37784.63,37662.18,37739.465,58.973772835587575,NaN,NaN
1700971200,37754.67278401162,37793.67,37694.48,37752.08,59.29324715174442,NaN,NaN
1700985600,37753.37639200581,37814.63,37666.8,37737.6275,58.72900256615398,NaN,NaN
1701000000,37745.50194600291,37745.50194600291,37287,37520.68,50.898908335729594,NaN,NaN
1701014400,37633.090973001454,37633.090973001454,37150,37366.845,46.19563229508572,NaN,NaN
1701028800,37499.96798650073,37748,37320.3,37473.950000000004,49.68186077474414,NaN,NaN
1701043200,37486.958993250366,37569.23,37200,37381.475,46.858747720336865,NaN,NaN
1701057600,37434.21699662518,37434.21699662518,37051,37265.7525,43.5256087494602,NaN,NaN
1701072000,37349.98474831259,37466,36900,37171.2875,40.96405491311376,NaN,NaN
1701086400,37260.6361241563,37260.6361241563,36715,36900.4925,34.66587335676854,NaN,NaN
1701100800,37080.564312078146,37143.43,36707,36869.61,34.0234126067907,NaN,NaN
1701115200,36975.08715603907,37284,36792.51,37049.052500000005,40.87955308103487,NaN,NaN
1701129600,37012.069828019536,37343.57,37012.069828019536,37204.575,46.10683748141214,NaN,NaN
1701144000,37108.32241400977,37152.31,36868.41,37063.845,42.44931309775742,NaN,NaN
1701158400,37086.08370700489,37262.02,36931.1,37137.412500000006,44.9095786361178,NaN,NaN
1701172800,37111.74810350245,37568.28,37111.74810350245,37368.9275,51.881063824724095,NaN,NaN
1701187200,37240.33780175122,38377,37240.33780175122,37879.4125,62.99953217964901,NaN,NaN
1701201600,37559.87515087561,38284.66,37559.87515087561,37972.19,64.6004570999581,NaN,NaN
1701216000,37766.03257543781,38093.72,37677.96,37882.7625,61.823736961681,NaN,NaN
1701230400,37824.397537718905,38235.36,37824.397537718905,38035.91,64.62776604007827,NaN,NaN
1701244800,37930.153768859454,38450,37878.17,38132.38,66.30657511252235,NaN,NaN
1701259200,38031.26688442973,38280,37570,37946.35,60.35754987322434,NaN,NaN
1701273600,37988.80844221487,37988.80844221487,37650,37821.9275,56.69380327440612,NaN,NaN
1701288000,37905.36797110744,37905.36797110744,37580.85,37798.600000000006,56.00737837462692,NaN,NaN
1701302400,37851.98398555372,38051.84,37686.84,37911.292499999996,58.61425067953915,NaN,NaN
1701316800,37881.638242776855,38145.85,37767.11,37939.445,59.26367477931834,NaN,NaN
1701331200,37910.54162138843,37910.54162138843,37553.6,37784.2475,54.213169663757576,NaN,NaN
1701345600,37847.394560694214,37966.94,37500,37742.9825,52.92176494457409,NaN,NaN
1701360000,37795.188530347106,37807.37,37535,37677.89,50.8635167669261,NaN,NaN
1701374400,37736.53926517355,37809.99,37604,37721.822499999995,52.21434646281193,NaN,NaN
1701388800,37729.18088258678,38082.42,37615.86,37866.325,56.454787865431996,NaN,NaN
1701403200,37797.75294129339,38348,37797.75294129339,38164.4475,63.626222153337906,NaN,NaN
1701417600,37981.100220646695,38833,37981.100220646695,38468.0625,69.19109264596781,NaN,NaN
1701432000,38224.58136032335,38629.65,38219,38460.58,68.91128140192049,NaN,NaN
1701446400,38342.58068016167,38999,38342.58068016167,38642.4775,71.88758864032945,NaN,NaN
1701460800,38492.52909008083,38900,38492.52909008083,38747.479999999996,73.46673789058491,NaN,NaN
1701475200,38620.004545040414,38795.05,38620.004545040414,38725.36,72.54228144244058,NaN,NaN
1701489600,38672.68227252021,38826.94,38672.68227252021,38753.54,73.00826126385559,NaN,NaN
1701504000,38713.11113626011,38789.52,38651.1,38720.815,71.49094179755787,NaN,NaN
1701518400,38716.963068130055,38869.36,38708.64,38782.479999999996,72.64463746774148,NaN,NaN
1701532800,38749.72153406503,39705,38703.44,39160.05,78.40662533851452,NaN,NaN
1701547200,38954.885767032516,39717.14,38954.885767032516,39468.505000000005,81.78257441564787,NaN,NaN
1701561600,39211.69538351626,39555.53,39211.69538351626,39415.4625,79.4813578133018,NaN,NaN
1701576000,39313.578941758125,39490,39313.578941758125,39416.307499999995,79.49125822250886,NaN,NaN
1701590400,39364.94322087906,39544,39364.94322087906,39475.60249999999,80.21275742113316,NaN,NaN
1701604800,39420.27286043952,39805.93,39381.34,39606.845,81.74367333859311,NaN,NaN
1701619200,39513.55893021976,39841.1,39430.01,39649.38,82.2236985988991,NaN,NaN
1701633600,39581.46946510988,40250,39552.98,39835.3075,84.1816172743208,NaN,NaN
1701648000,39708.38848255495,40884.98,39708.38848255495,40384.8175,88.28759072751168,NaN,NaN
1701662400,40046.60299127747,41750,40046.60299127747,41150.2175,91.56992625205844,NaN,NaN
1701676800,40598.41024563873,42154.83,40598.41024563873,41635.3425,92.92356070624625,NaN,NaN
1701691200,41116.876372819366,41914.16,41116.876372819366,41481.3425,88.08808777068975,NaN,NaN
1701705600,41299.10943640968,42049.97,41179.55,41621.78,88.66724396512234,NaN,NaN
1701720000,41460.44471820484,42420,41460.44471820484,42029.0075,90.16107226755865,NaN,NaN
1701734400,41744.72610910242,41991.1,41622.21,41858.6,85.1056237380217,NaN,NaN
1701748800,41801.66305455121,41919.08,41414,41672.765,79.84756092619594,NaN,NaN
1701763200,41737.21402727561,41758.77,41420,41608.215,78.04387972159368,NaN,NaN
1701777600,41672.7145136378,42497,41672.7145136378,42046.345,81.15542362121322,NaN,NaN
1701792000,41859.5297568189,44100,41859.5297568189,43079.075,86.14104505921054,NaN,NaN
1701806400,42469.30237840945,44488,42469.30237840945,43942.92,88.80829090412738,NaN,NaN
1701820800,43206.11118920472,44146.08,43206.11118920472,43880.395,87.49572249908836,NaN,NaN
1701835200,43543.25309460236,43857.13,43444,43681.515,83.2794527284042,NaN,NaN
1701849600,43612.38404730118,44297.21,43335.28,43790.142499999994,83.74033140504878,NaN,NaN
1701864000,43701.26327365059,44279.98,43701.26327365059,43906.5325,84.24153100504321,NaN,NaN
1701878400,43803.897886825296,44146.71,43730.47,43911.7725,84.26504707677374,NaN,NaN
1701892800,43857.83519341265,44071,43600.78,43854.795,82.81783750226184,NaN,NaN
1701907200,43856.31509670633,43999.84,43710,43849.8425,82.68490964832962,NaN,NaN
1701921600,43853.07879835316,44047.33,43838.19,43924.095,83.122307314582,NaN,NaN
1701936000,43888.58689917658,43896.48,42821.1,43447.405,70.76364323083814,NaN,NaN
1701950400,43667.995949588294,43925,42955,43432.005,70.39948278725777,NaN,NaN
1701964800,43550.00047479414,43755.26,43058.42,43419.3125,70.07938402442502,NaN,NaN
1701979200,43484.65648739707,43484.65648739707,43079.98,43253.1875,65.85854157610375,NaN,NaN
1701993600,43368.92199369853,43524.99,43261.1,43356.3125,67.18002219963691,NaN,NaN
1702008000,43362.617246849266,43550,43117.38,43299.8475,65.68096464482713,NaN,NaN
1702022400,43331.23237342463,43729.73,43081.1,43407.665,67.18661392611119,NaN,NaN
1702036800,43369.44868671232,44030.16,43369.44868671232,43724.485,71.18686522773885,NaN,NaN
1702051200,43546.96684335616,43970,43546.96684335616,43828.682499999995,72.37947285529796,NaN,NaN
1702065600,43687.82467167808,44700,43687.82467167808,44190.30499999999,76.07990762526617,NaN,NaN
1702080000,43939.06483583903,44281.23,43939.06483583903,44158.80500000001,75.13561536382345,NaN,NaN
1702094400,44048.93491791952,44358.02,44048.93491791952,44192.86,75.48980691768143,NaN,NaN
1702108800,44120.897458959764,44191.58,43720,43977.285,68.80789213460423,NaN,NaN
1702123200,44049.09122947988,44136.52,43741.52,43935.1225,67.54855695252716,NaN,NaN
1702137600,43992.10686473994,44082.19,43877.34,43982.2525,68.24812226184147,NaN,NaN
1702152000,43987.17968236997,44084.55,43584.51,43826.76500000001,63.39281194371426,NaN,NaN
1702166400,43906.972341184985,43906.972341184985,43672,43773.7375,61.77862120291134,NaN,NaN
1702180800,43840.354920592494,44016,43824.31,43913.0175,64.34658147979073,NaN,NaN
1702195200,43876.68621029625,44049,43603.88,43839.335,61.97436501712726,NaN,NaN
1702209600,43858.01060514813,43973.76,43731.84,43836.840000000004,61.89116022480137,NaN,NaN
1702224000,43847.42530257406,43931.13,43750,43845.4925,62.08128800322113,NaN,NaN
1702238400,43846.45890128703,44046,43563,43798.902500000004,60.33574593887405,NaN,NaN
1702252800,43822.68070064351,43822.68070064351,40400,42575.895000000004,33.61584903078837,NaN,NaN
1702267200,43199.28785032176,43199.28785032176,41620,42095.777500000004,28.314647134741847,NaN,NaN
1702281600,42647.53267516088,42647.53267516088,41975.44,42233.2675,31.639290612877033,NaN,NaN
1702296000,42440.40008758044,42440.40008758044,41655.18,42048.2375,29.646576818580627,NaN,NaN
1702310400,42244.318793790226,42244.318793790226,40222,41165.625,22.399421108545454,NaN,NaN
1702324800,41704.97189689511,41704.97189689511,40554,40984.34,21.25037836138908,NaN,NaN
1702339200,41344.65594844756,41938.8,41178.28,41526.445,32.41526310291745,NaN,NaN
1702353600,41435.55047422378,42068.91,41376.19,41774.165,36.823108594920015,NaN,NaN
1702368000,41604.85773711189,42104.12,41545.54,41787.622500000005,37.06325165311701,NaN,NaN
1702382400,41696.24011855594,42070.23,41161.1,41540.9775,34.47665053086922,NaN,NaN
1702396800,41618.60880927797,41618.60880927797,40680,41155.8325,30.85543593954081,NaN,NaN
1702411200,41387.22065463898,41555,41042.08,41306.865,33.792200813998505,NaN,NaN
1702425600,41347.042827319485,41506,40555,41095.685,31.760914288076506,NaN,NaN
1702440000,41221.36391365974,41242,40628.64,40953.815,30.437236165602073,NaN,NaN
1702454400,41087.58945682987,41280,40953.17,41088.285,33.275760032967455,NaN,NaN
1702468800,41087.937228414936,41955.22,40984,41470.7725,40.6892948872761,NaN,NaN
1702483200,41279.35486420747,42886,41279.35486420747,42318.72,53.12384508244415,NaN,NaN
1702497600,41799.03743210374,43475.2,41799.03743210374,42912.4525,59.52286293154167,NaN,NaN
1702512000,42355.74496605187,42948.55,42355.74496605187,42795.0975,57.84212109695613,NaN,NaN
1702526400,42575.42123302593,43110,42575.42123302593,42851.405,58.44837499260219,NaN,NaN
1702540800,42713.413116512966,43311.1,42685.2,43040.585,60.50345419905133,NaN,NaN
1702555200,42876.99905825648,43367.83,41400,42620.795,54.10836621438925,NaN,NaN
1702569600,42748.89702912824,43420,42448.28,42852.6725,56.82311039842335,NaN,NaN
1702584000,42800.784764564116,43179.7,42800.784764564116,43036.8925,58.903128008082916,NaN,NaN
1702598400,42918.83863228206,43080.81,42479.14,42844.537500000006,55.87625411606417,NaN,NaN
1702612800,42881.68806614103,42881.68806614103,42515.94,42720.115,53.945223785864414,NaN,NaN
1702627200,42800.901533070515,43026.33,42630.43,42783.195,54.7981191663374,NaN,NaN
1702641600,42792.04826653526,42792.04826653526,41666,42284.71,47.33755007804599,NaN,NaN
1702656000,42538.379133267634,42538.379133267634,41696.09,41973.552500000005,43.368441479567004,NaN,NaN
1702670400,42255.96581663382,42264.03,41896.92,42049.332500000004,44.58703153844929,NaN,NaN
1702684800,42152.64915831691,42410.99,41605,42072.5175,44.97713472871765,NaN,NaN
1702699200,42112.58332915846,42357.24,42112.58332915846,42263.880000000005,48.217440667755845,NaN,NaN
1702713600,42188.23166457923,42339.55,42097.18,42247.847499999996,47.962596559801895,NaN,NaN
1702728000,42218.03958228961,42611.08,42218.03958228961,42447.520000000004,51.407235745542614,NaN,NaN
1702742400,42332.77979114481,42724.43,42331.1,42502.8125,52.34791736972948,NaN,NaN
1702756800,42417.7961455724,42417.7961455724,42118.45,42290.1475,48.46205546401611,NaN,NaN
1702771200,42353.9718227862,42353.9718227862,41860.21,42090.649999999994,45.0813235506877,NaN,NaN
1702785600,42222.3109113931,42222.3109113931,41771.62,41911.255,42.22851718483768,NaN,NaN
1702800000,42066.782955696544,42066.782955696544,41661.36,41881.2525,41.75264380558995,NaN,NaN
1702814400,41974.01772784827,42020.17,41510,41825.4025,40.83024655936013,NaN,NaN
1702828800,41899.710113924135,42424.07,41683.99,42006.335,45.0643944517459,NaN,NaN
1702843200,41953.02255696207,42190.87,41252,41730.8575,40.332104174324044,NaN,NaN
1702857600,41841.94002848103,41841.94002848103,40801,41184.16499999999,32.93951317563322,NaN,NaN
1702872000,41513.05251424051,41513.05251424051,40999,41132.0825,32.331510921367794,NaN,NaN
1702886400,41322.56750712026,41322.56750712026,40542.93,41011.0825,30.90430943928338,NaN,NaN
1702900800,41166.82500356012,41750,40888,41252.27,36.884932705156295,NaN,NaN
1702915200,41209.54750178006,41735.5,41146.83,41462.345,41.62441585392091,NaN,NaN
1702929600,41335.94625089003,42757.81,41335.94625089003,42173.31,54.16808227391984,NaN,NaN
1702944000,41754.628125445015,43497,41754.628125445015,42951.1725,63.42755997322809,NaN,NaN
1702958400,42352.90031272251,43131.2,42352.90031272251,43016.21,64.08097436353955,NaN,NaN
1702972800,42684.55515636125,43268.74,42684.55515636125,43055.755000000005,64.49633030503587,NaN,NaN
1702987200,42870.15507818063,43041.1,42232,42684.015,57.737295048964434,NaN,NaN
1703001600,42777.085039090314,42777.085039090314,41811.1,42321.6425,52.014896921111124,NaN,NaN
1703016000,42549.36376954516,42549.36376954516,42121.12,42316.935,51.94287455311141,NaN,NaN
1703030400,42433.14938477258,42493.2,42206,42348.735,52.42212898029299,NaN,NaN
1703044800,42390.94219238629,43041,42376.15,42690.2825,57.34264795580414,NaN,NaN
1703059200,42540.61234619314,42998.08,42540.61234619314,42865.4375,59.64744684726477,NaN,NaN
1703073600,42703.02492309657,44283,42703.02492309657,43482.9875,66.51659691715868,NaN,NaN
1703088000,43093.00621154829,44250,43093.00621154829,43875.302500000005,70.00933163800784,NaN,NaN
1703102400,43484.154355774146,43812.23,43230.17,43612.335,65.10686505396741,NaN,NaN
1703116800,43548.24467788707,43731.08,43286.72,43584.0225,64.5824992243218,NaN,NaN
1703131200,43566.133588943536,43877.75,43451.44,43685.7625,65.65301821498628,NaN,NaN
1703145600,43625.94804447176,44100,43579.22,43843.8275,67.30638088688575,NaN,NaN
1703160000,43734.88777223588,44242.35,43380,43844.485,67.31342933702716,NaN,NaN
1703174400,43789.686386117944,43927.7,43370.4,43677.725000000006,63.570048695717084,NaN,NaN
1703188800,43733.705693058975,44119.2,43554.01,43780.95,64.87228518475229,NaN,NaN
1703203200,43757.327846529486,44251,43722.46,43960.8125,67.08042184581367,NaN,NaN
1703217600,43859.07017326474,44398.26,43534.47,43881.275,65.13067762977953,NaN,NaN
1703232000,43870.17258663237,43870.17258663237,43463,43660.1325,59.91619700899372,NaN,NaN
1703246400,43765.15254331619,43809.4,43412.54,43661.747500000005,59.94142054684352,NaN,NaN
1703260800,43713.45002165809,43992,43481.14,43696.2575,60.513222831917005,NaN,NaN
1703275200,43704.85376082905,44048.16,43617.44,43818.857500000006,62.5579713749641,NaN,NaN
1703289600,43761.85563041453,43988.68,43456,43735.0375,60.26043523131061,NaN,NaN
1703304000,43748.44656520727,43748.44656520727,43291.1,43507.4875,54.41748693159269,NaN,NaN
1703318400,43627.967032603636,43669.88,43490.01,43567.495,55.6390448010161,NaN,NaN
1703332800,43597.73101630182,43856,43547.77,43676.947499999995,57.85745268034701,NaN,NaN
1703347200,43637.33925815091,43850,43637.33925815091,43751.27,59.344217056273216,NaN,NaN
1703361600,43694.30462907546,43835.94,43632.77,43718.6725,58.371534469152074,NaN,NaN
1703376000,43706.48856453773,43907.57,43606.18,43762.595,59.33861435806136,NaN,NaN
1703390400,43734.54178226886,43946,43401,43708.162500000006,57.554163435511626,NaN,NaN
1703404800,43721.35214113443,43721.35214113443,43405,43596.2725,53.96186945651793,NaN,NaN
1703419200,43658.81232056722,43864.08,43560.74,43684.810000000005,56.2868935590906,NaN,NaN
1703433600,43671.811160283614,43713.86,43550,43640.54,54.796738572193576,NaN,NaN
1703448000,43656.175580141804,43656.175580141804,42500,43181.915,42.302204932257034,NaN,NaN
1703462400,43419.045290070906,43419.045290070906,42720.43,43005.825,38.657512407492256,NaN,NaN
1703476800,43212.43514503545,43335.13,43101.53,43199.3975,44.33520831403327,NaN,NaN
1703491200,43205.916322517725,43291.05,43045.43,43178.935,43.87292622923157,NaN,NaN
1703505600,43192.425661258865,43802.32,43080.01,43417.86,50.37889966691948,NaN,NaN
1703520000,43305.14283062943,43710.01,43305.14283062943,43536.525,53.27576192579187,NaN,NaN
1703534400,43420.83391531472,43720.96,43328.14,43524.869999999995,52.948803956478486,NaN,NaN
1703548800,43472.85195765736,43592.68,43362.23,43495.6225,52.08495912195803,NaN,NaN
1703563200,43484.23722882868,43484.23722882868,42545,43061.2075,41.305672303364965,NaN,NaN
1703577600,43272.72236441434,43272.72236441434,42150,42601.917499999996,33.42863056943958,NaN,NaN
1703592000,42937.31993220717,42937.31993220717,42250,42538.685,32.50944941467351,NaN,NaN
1703606400,42738.002466103586,42738.002466103586,41637.6,42143.104999999996,27.428318676280497,NaN,NaN
1703620800,42440.55373305179,42591.89,42055,42316.2325,32.40758262959983,NaN,NaN
1703635200,42378.3931165259,42541.1,42098.69,42345.845,33.25118007442583,NaN,NaN
1703649600,42362.11905826295,42542,42200,42358.119999999995,33.62100744017093,NaN,NaN
1703664000,42360.11952913147,43220,42360.11952913147,42773.662500000006,44.775843116148614,NaN,NaN
1703678400,42566.89101456574,43150,42566.89101456574,42963.94,49.001970539861574,NaN,NaN
1703692800,42765.41550728287,43215,42765.41550728287,43053.134999999995,50.89886337194883,NaN,NaN
1703707200,42909.275253641434,43677,42909.275253641434,43345.409999999996,56.59598101383776,NaN,NaN
1703721600,43127.34262682071,43787.57,43127.34262682071,43482.2775,58.995313772589775,NaN,NaN
1703736000,43304.810063410354,43624.74,42794.11,43219.104999999996,52.93583633689481,NaN,NaN
1703750400,43261.95753170518,43261.95753170518,42868.36,43042.42,49.276507525675015,NaN,NaN
1703764800,43152.18876585259,43152.18876585259,42401.01,42758.0025,44.003263595755996,NaN,NaN
1703779200,42955.0956329263,42955.0956329263,42241.79,42505.93000000001,39.92532877290015,NaN,NaN
1703793600,42730.51281646315,42745.97,42334.99,42563.840000000004,41.27185390374999,NaN,NaN
1703808000,42647.17640823158,42800,42088.92,42537.525,40.82406451795306,NaN,NaN
1703822400,42592.350704115786,42766.68,42222,42489.86,39.97796507688608,NaN,NaN
1703836800,42541.10535205789,42934,42268.26,42584.405000000006,42.522602524639794,NaN,NaN
1703851200,42562.75517602895,43111,42106.64,42587.682499999995,42.61342938223821,NaN,NaN
1703865600,42575.21883801447,42575.21883801447,41650,42097.175,33.9634253038233,NaN,NaN
1703880000,42336.19691900724,42336.19691900724,41300,41930.865000000005,31.61980923907477,NaN,NaN
1703894400,42133.53095950362,42209.22,41820,42017.2425,34.160931780689765,NaN,NaN
1703908800,42075.386729751815,42160,41930.43,42002.6,33.93074099744679,NaN,NaN
1703923200,42038.9933648759,42038.9933648759,41520.3,41837.51,31.36455805858671,NaN,NaN
1703937600,41938.251682437956,42430,41882.71,42145.407499999994,40.41556997972152,NaN,NaN
1703952000,42041.82959121898,42612.32,42041.82959121898,42398.965000000004,46.65438887837973,NaN,NaN
1703966400,42220.397295609495,42399.25,42079.97,42245.1575,43.66753483613424,NaN,NaN
1703980800,42232.77739780475,42433.49,41965.84,42178.905,42.40808859366547,NaN,NaN
1703995200,42205.84119890237,42693,42156.09,42390.545,47.606585911360575,NaN,NaN
1704009600,42298.193099451186,42899,42298.193099451186,42580.9025,51.81916062442241,NaN,NaN
1704024000,42439.547799725595,42646.27,42352.76,42493.64,49.84083152740661,NaN,NaN
1704038400,42466.5938998628,42719.8,42436.47,42558.12,51.31974600811505,NaN,NaN
1704052800,42512.3569499314,42680.36,42056,42409.744999999995,47.82535632805588,NaN,NaN
1704067200,42461.0509749657,42775,42230.08,42404.7875,47.70846858146091,NaN,NaN
1704081600,42432.91923748285,42500,42180.77,42375.932499999995,46.98861126895159,NaN,NaN
1704096000,42404.425868741426,42762.39,42404.425868741426,42599.4075,52.91422354847885,NaN,NaN
1704110400,42501.91668437071,42847.07,42501.91668437071,42725.082500000004,55.89967795040296,NaN,NaN
1704124800,42613.499592185355,43550,42613.499592185355,43128.865,63.833919721222486,NaN,NaN
1704139200,42871.18229609268,44184.1,42871.18229609268,43810.807499999995,72.75063661093168,NaN,NaN
1704153600,43340.99489804634,45500,43340.99489804634,44807.567500000005,80.36914914952246,NaN,NaN
1704168000,44074.28119902317,45643.75,44074.28119902317,45405.905,83.37411126050515,NaN,NaN
1704182400,44740.093099511585,45879.63,44740.093099511585,45492.284999999996,83.76058667633849,NaN,NaN
1704196800,45116.18904975579,45800,44833.33,45313.035,79.62427602944132,NaN,NaN
1704211200,45214.6120248779,45399.84,44790.96,45103.78,74.96989733006808,NaN,NaN
1704225600,45159.196012438944,45297.26,44600,44970.915,72.08850962973668,NaN,NaN
1704240000,45065.055506219476,45410.91,44862.11,45120.655,73.33247807204621,NaN,NaN
1704254400,45092.85525310974,45384.84,44940.93,45150.06,73.58148008465608,NaN,NaN
1704268800,45121.45762655487,45500,43500,44428.6625,59.02129049078114,NaN,NaN
1704283200,44775.06006327743,44775.06006327743,40750,42792.225,39.787805869553495,NaN,NaN
1704297600,43783.64253163872,43783.64253163872,42000,42791.149999999994,39.77863537244235,NaN,NaN
1704312000,43287.396265819356,43287.396265819356,42518.7,42731.715,39.240127833355764,NaN,NaN
1704326400,43009.55563290967,43220.56,42613.77,42945.59,42.26881765697896,NaN,NaN
1704340800,42977.572816454835,43273.08,42756.97,42973.979999999996,42.677282582847106,NaN,NaN
1704355200,42975.776408227415,43233.81,42616.28,42947.3725,42.37467897537519,NaN,NaN
1704369600,42961.57445411371,44329.99,42961.57445411371,43663.62,52.20004169504308,NaN,NaN
1704384000,43312.59722705686,44437.5,43312.59722705686,44055.73500000001,56.566187246260775,NaN,NaN
1704398400,43684.16611352844,44729.58,43684.16611352844,44182.015,57.899892008476996,NaN,NaN
1704412800,43933.09055676422,44284,42450,43587.5775,50.10097600861872,NaN,NaN
1704427200,43760.33402838211,43926,43187.89,43589.1425,50.12002515596014,NaN,NaN
1704441600,43674.73826419105,44324.8,43433,43826.655,53.0494412771486,NaN,NaN
1704456000,43750.696632095525,44110.07,43100,43620.355,50.28690982965325,NaN,NaN
1704470400,43685.52581604777,43808.07,43100.46,43502.135,48.72116672942756,NaN,NaN
1704484800,43593.83040802389,44357.46,43580.51,43920.770000000004,54.163736759955576,NaN,NaN
1704499200,43757.300204011946,44214.42,43757.300204011946,44025.785,55.44134713062312,NaN,NaN
1704513600,43891.542602005975,43971.1,43397.05,43738.1125,51.22888668863451,NaN,NaN
1704528000,43814.82755100299,43814.82755100299,43551.28,43661.884999999995,50.141712247351606,NaN,NaN
1704542400,43738.356275501494,43920.08,43527.27,43746.6225,51.377018266278625,NaN,NaN
1704556800,43742.48938775074,44148.58,43742.48938775074,43937.6525,54.135825709377976,NaN,NaN
1704571200,43840.07094387537,43980,43611.19,43866.465000000004,52.93058621597749,NaN,NaN
1704585600,43853.26797193769,44259.29,43833.4,44000.355,54.96154520828658,NaN,NaN
1704600000,43926.81148596885,44100,43843.52,43990.9825,54.78334716977114,NaN,NaN
1704614400,43958.896992984424,44167.81,43880.65,44047.39,55.71397654576891,NaN,NaN
1704628800,44003.14349649221,44480.59,43945.15,44133.6025,57.1650670769539,NaN,NaN
1704643200,44068.37299824611,44262.53,43700,44063.7175,55.57539055643837,NaN,NaN
1704657600,44066.04524912305,44269.92,43572.09,44003.95,54.1875381991577,NaN,NaN
1704672000,44034.997624561525,44034.997624561525,43175,43652.052500000005,46.78025272784972,NaN,NaN
1704686400,43843.525062280765,44341.8,43430.79,43816.33500000001,50.20261517840347,NaN,NaN
1704700800,43829.930031140386,44688,43641.73,44235.0675,57.67384451378382,NaN,NaN
1704715200,44032.49876557019,45333,44032.49876557019,44820.51,65.47342568500369,NaN,NaN
1704729600,44426.5043827851,47248.99,44426.5043827851,45996.3375,75.31297595813709,NaN,NaN
1704744000,45211.42094139255,47207.16,45211.42094139255,46947.85,80.22439605134274,NaN,NaN
1704758400,46079.635470696274,47150,46079.635470696274,46814.5,77.88577584137423,NaN,NaN
1704772800,46447.06773534814,46940,46447.06773534814,46822.975,77.92981009934809,NaN,NaN
1704787200,46635.02136767407,46874.94,46381.1,46674.3875,75.10609165860836,NaN,NaN
1704801600,46654.70443383703,47051.21,45450,46496.325,71.75088032418176,NaN,NaN
1704816000,46575.514716918515,46975,46500,46804.77250000001,73.92397929400742,NaN,NaN
1704830400,46690.14360845926,47972,44748.67,46426.667499999996,67.10890507668935,NaN,NaN
1704844800,46558.40555422963,46558.40555422963,45622,46024.560000000005,60.6999393833109,NaN,NaN
1704859200,46291.48277711481,46291.48277711481,45734.56,45948.91,59.54774811774843,NaN,NaN
1704873600,46120.19638855741,46120.19638855741,45000,45533.74250000001,53.54121789097814,NaN,NaN
1704888000,45826.96944427871,45826.96944427871,44300.36,45256.1625,49.91589500464198,NaN,NaN
1704902400,45541.56597213935,46666,45173.97,45968.884999999995,57.814319751525815,NaN,NaN
1704916800,45755.22548606967,47695.93,44800,46409.7775,61.82498745703531,NaN,NaN
1704931200,46082.50149303483,46750,46082.50149303483,46526.54,62.83277078139017,NaN,NaN
1704945600,46304.52074651742,46507.08,45618.1,46182.1875,57.97214808008442,NaN,NaN
1704960000,46243.35412325871,47150,46052,46590.85,61.75347250871601,NaN,NaN
1704974400,46417.10206162935,48969.48,46417.10206162935,47319.11,67.38504726100624,NaN,NaN
1704988800,46868.10603081468,47022.07,45606.06,46526.05,57.4624326730379,NaN,NaN
1705003200,46697.07801540734,46975,46084.69,46522.785,57.42494185013917,NaN,NaN
1705017600,46609.93150770367,46609.93150770367,45898,46186.6725,53.55148563938747,NaN,NaN
1705032000,46398.30200385184,46398.30200385184,45742.49,46027.6725,51.77241317256674,NaN,NaN
1705046400,46212.98725192592,46267,45537.37,45941.7275,50.790190107488506,NaN,NaN
1705060800,46077.357375962965,46109,44333.44,45214.700000000004,43.30556084523453,NaN,NaN
1705075200,45646.02868798148,45646.02868798148,43212,43955.6075,33.96937491650861,NaN,NaN
1705089600,44800.81809399074,44800.81809399074,41500,42934.0975,28.58501671767955,NaN,NaN
1705104000,43867.45779699537,43867.45779699537,42436.12,42706.5225,27.537786815365905,NaN,NaN
1705118400,43286.99014849769,43286.99014849769,42555.84,42880.695,29.66169244360134,NaN,NaN
1705132800,43083.84257424885,43254.96,42509.11,42872.759999999995,29.619098535767463,NaN,NaN
1705147200,42978.30128712442,43257,42505,42885.122500000005,29.788261521848526,NaN,NaN
1705161600,42931.71189356221,43185,42724.39,42962.53,30.908058609784163,NaN,NaN
1705176000,42947.120946781106,43040.01,42699.52,42843.4425,30.11237138464857,NaN,NaN
1705190400,42895.28172339055,42895.28172339055,42643.98,42766.005000000005,29.579127544570028,NaN,NaN
1705204800,42830.64336169528,43060,42562.56,42828.955,30.654181501114266,NaN,NaN
1705219200,42829.799180847636,43079,42759.34,42919.9425,32.26379064646626,NaN,NaN
1705233600,42874.87084042381,43005.25,42710,42862.405,31.761727655770727,NaN,NaN
1705248000,42868.637920211906,43010.84,42632.59,42801.955,31.212190492837834,NaN,NaN
1705262400,42835.29646010595,42835.29646010595,41720,42214.582500000004,26.427526406485057,NaN,NaN
1705276800,42524.93948005298,42640,41718.05,42164.0975,26.05778496133867,NaN,NaN
1705291200,42344.51849002649,42824.68,42344.51849002649,42651.115,35.4412571937677,NaN,NaN
1705305600,42497.816745013246,42775,42497.816745013246,42681.9425,35.99494355342915,NaN,NaN
1705320000,42589.87962250662,42958.03,42163.32,42524.585,34.37433940965522,NaN,NaN
1705334400,42557.232311253305,43400.43,42249,42730.2725,38.285687598505774,NaN,NaN
1705348800,42643.752405626656,43114.45,42342.18,42740.1,38.47436883100404,NaN,NaN
1705363200,42691.92620281332,42939.5,42466.88,42710.51,38.096695160797196,NaN,NaN
1705377600,42701.21810140666,42946.05,42606.92,42817.167499999996,40.36890838168111,NaN,NaN
1705392000,42759.19280070333,43153.66,42720.06,42891.35,41.96450707997727,NaN,NaN
1705406400,42825.27140035166,43314.73,42050,42879.4875,41.77202253673657,NaN,NaN
1705420800,42852.37945017583,43434,42834.29,43171.712499999994,48.088865496652794,NaN,NaN
1705435200,43012.04597508791,43578.01,43012.04597508791,43235.6875,49.38347360750945,NaN,NaN
1705449600,43123.866737543955,43198,42844.98,43007.48,45.06598706028416,NaN,NaN
1705464000,43065.67336877198,43065.67336877198,42619.6,42762.5075,40.92927307935973,NaN,NaN
1705478400,42914.09043438599,42914.09043438599,42564,42687.665,39.729402847125435,NaN,NaN
1705492800,42800.877717193,42926.02,42365.58,42613.6375,38.52634224113113,NaN,NaN
1705507200,42707.2576085965,42745.99,42200.69,42510.14750000001,36.84652515762605,NaN,NaN
1705521600,42608.70255429825,42876.48,42450,42678.42,41.326213254845186,NaN,NaN
1705536000,42643.56127714913,42784.4,42502.19,42663.682499999995,41.05156578247112,NaN,NaN
1705550400,42653.62188857456,42922,42589,42754.5925,43.544049009775804,NaN,NaN
1705564800,42704.10719428728,42930,42387.68,42694.3975,42.26960259543175,NaN,NaN
1705579200,42699.25234714364,42810,42353.8,42581.93,39.91877243846398,NaN,NaN
1705593600,42640.591173571825,42640.591173571825,40831.99,41773.235,27.902329056616438,NaN,NaN
1705608000,42206.91308678591,42206.91308678591,40683.28,41100.025,21.97264461483732,NaN,NaN
1705622400,41653.46904339296,41653.46904339296,40752.26,41126.6575,22.67276011936987,NaN,NaN
1705636800,41390.063271696476,41576,41038.81,41238.735,25.694352079177847,NaN,NaN
1705651200,41314.39913584824,41509.69,41143.33,41353.162500000006,28.75527693558807,NaN,NaN
1705665600,41333.780817924126,41488.2,40718,41144.07,26.599071904021216,NaN,NaN
1705680000,41238.925408962066,41979,40280,41241.994999999995,29.27387711256405,NaN,NaN
1705694400,41240.46020448103,42196.86,41240.46020448103,41796.94,42.141512134446906,NaN,NaN
1705708800,41518.70010224052,41700,41456.3,41612.495,39.56500285206792,NaN,NaN
1705723200,41565.597551120256,41774,41564.81,41656.1,40.49131222313391,NaN,NaN
1705737600,41610.84877556012,41668.66,41459.02,41589.865000000005,39.50091227112242,NaN,NaN
1705752000,41600.356887780064,41700,41478,41582.2325,39.381374930538364,NaN,NaN
1705766400,41591.29469389003,41684.94,41526.36,41603.590000000004,39.929182828296135,NaN,NaN
1705780800,41597.44234694501,41872.56,41597.44234694501,41703.027500000004,42.53308438389691,NaN,NaN
1705795200,41650.23492347251,41730,41629.87,41684.185000000005,42.16014680596461,NaN,NaN
1705809600,41667.209961736255,41691.11,41564.29,41646.185000000005,41.372287697410464,NaN,NaN
1705824000,41656.697480868126,41826.97,41648.5,41710.965,43.31693914034865,NaN,NaN
1705838400,41683.83124043406,41881.39,41605,41715.6425,43.46276378691665,NaN,NaN
1705852800,41699.736870217035,41729.77,41525,41657.61,42.01845554016276,NaN,NaN
1705867200,41678.67343510852,41811.1,41500.98,41652.95,41.898052982362444,NaN,NaN
1705881600,41665.81171755426,41689.65,41058.22,41381.3075,35.510320677258505,NaN,NaN
1705896000,41523.55960877713,41523.55960877713,40684,41061.47749999999,29.757781564663972,NaN,NaN
1705910400,41292.51855438856,41292.51855438856,40364.63,40817.9575,26.268469044790734,NaN,NaN
1705924800,41055.23802719428,41244.06,40350,40795.4925,25.965986295338055,NaN,NaN
1705939200,40925.36526359714,40925.36526359714,39431.58,40224.72,19.744945058215436,NaN,NaN
1705953600,40575.04263179857,40575.04263179857,39480,39802.877499999995,16.58276143913531,NaN,NaN
1705968000,40188.960065899286,40188.960065899286,39511.1,39799.6075,16.560620814343025,NaN,NaN
1705982400,39994.28378294964,40176.74,39665.02,39905.5475,20.27449508360671,NaN,NaN
1705996800,39949.91564147482,39949.91564147482,38657,39285.6425,15.833479070431139,NaN,NaN
1706011200,39617.77907073741,39617.77907073741,38555,39016.14,14.36072263737789,NaN,NaN
1706025600,39316.959535368704,39654.34,38925.2,39232.9025,20.746027706052956,NaN,NaN
1706040000,39274.93101768435,39907.23,39032.02,39496.23,27.78977998094416,NaN,NaN
1706054400,39385.58050884218,40250,39385.58050884218,39833.005,35.66493467214673,NaN,NaN
1706068800,39609.29275442108,40191.97,39557.01,39836.0175,35.73245336729268,NaN,NaN
1706083200,39722.65512721054,40555,39722.65512721054,40151.235,42.52906570956167,NaN,NaN
1706097600,39936.94506360527,40298.86,39766,40081.2275,41.479868606873644,NaN,NaN
1706112000,40009.086281802636,40207,39615.76,39919.13250000001,39.076102466754,NaN,NaN
1706126400,39964.10939090132,40175.11,39484.19,39886.805,38.595726527297884,NaN,NaN
1706140800,39925.45719545066,40178.84,39914,40047.435,42.38572742105865,NaN,NaN
1706155200,39986.44609772533,40135.37,39792.01,40017.3475,41.86449585595809,NaN,NaN
1706169600,40001.89679886267,40300.24,39957.44,40141.4375,44.8753668261824,NaN,NaN
1706184000,40071.667149431334,40283.82,39623.4,39972.3825,41.706321119122926,NaN,NaN
1706198400,40022.02482471567,40044.91,39550,39847.0975,39.48113733234376,NaN,NaN
1706212800,39934.56116235784,39995.99,39637.99,39896.079999999994,40.81077470359961,NaN,NaN
1706227200,39915.320581178916,40245,39822.52,40024.032499999994,44.25611557309986,NaN,NaN
1706241600,39969.676540589455,40220,39896.84,40038.587499999994,44.650799111109045,NaN,NaN
1706256000,40004.132020294724,41348.13,39962.14,40642.4475,57.95234926844678,NaN,NaN
1706270400,40323.28976014737,41588,40323.28976014737,41303.752499999995,67.2379865090379,NaN,NaN
1706284800,40813.521130073685,42193.8,40813.521130073685,41771.645,71.95674135963188,NaN,NaN
1706299200,41292.583065036844,42246.82,41292.583065036844,41983.707500000004,73.79870900576705,NaN,NaN
1706313600,41638.145282518424,41933.17,41638.145282518424,41819.9225,69.97578027761546,NaN,NaN
1706328000,41729.03389125921,41890,41602.01,41754.29000000001,68.4456693479986,NaN,NaN
1706342400,41741.66194562961,41800,41394.34,41666.43,66.35397115038535,NaN,NaN
1706356800,41704.045972814805,41894.87,41704.045972814805,41796.0225,67.9116358478741,NaN,NaN
1706371200,41750.0342364074,41986.06,41745.26,41863.945,68.72878878312402,NaN,NaN
1706385600,41806.989618203705,42200,41806.989618203705,42035.395000000004,70.75339138735508,NaN,NaN
1706400000,41921.192309101854,42244,41921.192309101854,42130.365000000005,71.84093564706916,NaN,NaN
1706414400,42025.77865455093,42842.68,42025.77865455093,42422.994999999995,74.93390236509092,NaN,NaN
1706428800,42224.38682727546,42698,42224.38682727546,42470.485,75.40602386628647,NaN,NaN
1706443200,42347.43591363773,42544,42155.55,42357.385,71.93122533236856,NaN,NaN
1706457600,42352.41045681886,42354.7,41721.08,42029.925,62.894399734211135,NaN,NaN
1706472000,42191.16772840943,42191.16772840943,41620.81,41877.8975,59.177316471714086,NaN,NaN
1706486400,42034.53261420471,42504,41874.94,42185.2975,63.8319149271054,NaN,NaN
1706500800,42109.91505710236,42345.36,41988.88,42179.722499999996,63.69008163992694,NaN,NaN
1706515200,42144.81877855118,42381.1,41961.1,42160.649999999994,63.172929002725745,NaN,NaN
1706529600,42152.73438927559,42647.27,41804.88,42335.2125,65.90193613568329,NaN,NaN
1706544000,42243.9734446378,43313.8,42243.9734446378,42867.385,72.57432039125476,NaN,NaN
1706558400,42555.6792223189,43333,42555.6792223189,43153.587499999994,75.36615225522075,NaN,NaN
1706572800,42854.633361159445,43787.35,42854.633361159445,43435.917499999996,77.77016311873098,NaN,NaN
1706587200,43145.27543057972,43570.09,43145.27543057972,43426.8275,77.50789731551292,NaN,NaN
1706601600,43286.05146528986,43564.85,43215.76,43419.1475,77.2708002999749,NaN,NaN
1706616000,43352.59948264493,43882.36,43114.13,43477.435,77.82521961413354,NaN,NaN
1706630400,43415.017241322465,43599,43224,43436.62,76.41953575621048,NaN,NaN
1706644800,43425.81862066123,43760,42683.99,43233.27,69.6678989038887,NaN,NaN
1706659200,43329.54431033062,43329.54431033062,42655.07,42908.5025,60.47791852043386,NaN,NaN
1706673600,43119.02340516531,43119.02340516531,42871.1,42984.775,61.75391353252315,NaN,NaN
1706688000,43051.89920258266,43091.1,42355,42786.0225,56.62368622390599,NaN,NaN
1706702400,42918.960851291326,43465.02,42521.31,42998.8525,60.41593995891784,NaN,NaN
1706716800,42958.90667564566,43745.11,42958.90667564566,43370.490000000005,66.00491583314792,NaN,NaN
1706731200,43164.69833782283,43361.1,42276.84,42888.1425,55.12583372763573,NaN,NaN
1706745600,43026.42041891142,43026.42041891142,41884.28,42291.89,45.20670192076085,NaN,NaN
1706760000,42659.15520945571,42659.15520945571,41889.95,42098.94,42.53918658443603,NaN,NaN
1706774400,42379.04760472786,42379.04760472786,42026.52,42158.822499999995,43.6504935617193,NaN,NaN
1706788800,42268.93505236393,42946.6,41944.89,42373.7825,47.57044642660603,NaN,NaN
1706803200,42321.358776181965,43285.13,42321.358776181965,42846.0475,54.98024857587768,NaN,NaN
1706817600,42583.70313809098,43279.91,42583.70313809098,43113.675,58.55489700726027,NaN,NaN
1706832000,42848.68906904549,43432.63,42848.68906904549,43144.744999999995,58.96228536068255,NaN,NaN
1706846400,42996.71703452274,43271.1,42943.71,43084.7375,57.78096113178086,NaN,NaN
1706860800,43040.727267261376,43199,42941.1,43093.8525,57.91887817400449,NaN,NaN
1706875200,43067.289883630685,43250,42546.79,43046.825,56.88636015033935,NaN,NaN
1706889600,43057.05744181534,43488,42783.09,43143.79,58.52800867994339,NaN,NaN
1706904000,43100.42372090767,43238.01,42900.48,43100.1175,57.466657360805996,NaN,NaN
1706918400,43100.27061045384,43380.01,43100.27061045384,43223.985,59.69892395497012,NaN,NaN
1706932800,43162.12780522692,43222.75,43040,43122.4375,57.05524527265615,NaN,NaN
1706947200,43142.28265261346,43142.28265261346,42973.66,43036.7575,54.848257603538606,NaN,NaN
1706961600,43089.520076306726,43190,42880,43046.025,55.050789866277874,NaN,NaN
1706976000,43067.77253815337,43270,43016.28,43116.6075,56.64582322382494,NaN,NaN
1706990400,43092.19001907668,43104.68,42953.33,43032.5475,54.17999022554046,NaN,NaN
1707004800,43062.36875953834,43068.79,42880.01,42996.765,53.119957043294434,NaN,NaN
1707019200,43029.56687976917,43029.56687976917,42720.07,42905.3575,50.4068559152373,NaN,NaN
1707033600,42967.46218988458,43119.04,42741.6,42941.442500000005,51.46083057467836,NaN,NaN
1707048000,42954.45234494229,43115.76,42845.51,42991.1425,52.94415605257554,NaN,NaN
1707062400,42972.79742247115,42972.79742247115,42573.17,42780.649999999994,46.467401703186475,NaN,NaN
1707076800,42876.72371123557,42985.73,42222,42606.76,41.9065687770908,NaN,NaN
1707091200,42741.74185561779,42741.74185561779,42258.1,42572.0775,41.041326689548974,NaN,NaN
1707105600,42656.90967780889,43176.39,42642,42902.145,51.33850107873228,NaN,NaN
1707120000,42779.527338904445,43268.98,42779.527338904445,43122.36750000001,56.76421978256834,NaN,NaN
1707134400,42950.947419452226,43569.76,42600.11,43001.994999999995,53.268077567604365,NaN,NaN
1707148800,42976.47120972611,42976.47120972611,42501,42695.015,45.561221302379394,NaN,NaN
1707163200,42835.74310486305,42835.74310486305,42330.52,42650.735,44.5597574731094,NaN,NaN
1707177600,42743.23905243153,42960.01,42574,42773.455,47.97295548876103,NaN,NaN
1707192000,42758.347026215764,42926.73,42667,42833.707500000004,49.61315960367853,NaN,NaN
1707206400,42796.027263107884,43119.9,42670.61,42876.865,50.80939539705976,NaN,NaN
1707220800,42836.44613155394,43270.89,42658,43000.185,54.158440317445084,NaN,NaN
1707235200,42918.31556577697,43399.98,42918.31556577697,43230.9125,59.688371009691984,NaN,NaN
1707249600,43074.61403288848,43322,43032.71,43183.1125,58.124037681293444,NaN,NaN
1707264000,43128.86326644424,43192,42788,42969.74,51.62040224786043,NaN,NaN
1707278400,43049.301633222116,43051.1,42794.67,42890.947499999995,49.42129867375463,NaN,NaN
1707292800,42970.124566611055,43200,42838.01,42971.08,51.6760329882053,NaN,NaN
1707307200,42970.60228330553,43325.03,42890.51,43053.725000000006,53.95582371808539,NaN,NaN
1707321600,43012.16364165277,43710,43012.16364165277,43352.575,61.102101623618836,NaN,NaN
1707336000,43182.36932082639,44396.5,43182.36932082639,43994.26,71.3751916041068,NaN,NaN
1707350400,43588.31466041319,44780,43588.31466041319,44500.4225,76.62042018331447,NaN,NaN
1707364800,44044.368580206596,44633.78,44044.368580206596,44528.7525,76.87582516630395,NaN,NaN
1707379200,44286.560540103295,44885,44286.560540103295,44652.615,78.00706281043774,NaN,NaN
1707393600,44469.58777005164,45467.14,44469.58777005164,45051.10249999999,81.19443974505933,NaN,NaN
1707408000,44760.34513502582,45498,44760.34513502582,45276.11,82.71752142326179,NaN,NaN
1707422400,45018.227567512906,45614.3,45018.227567512906,45353.52,83.22100759972066,NaN,NaN
1707436800,45185.873783756455,46384.27,45185.873783756455,45743.947499999995,85.51334097682562,NaN,NaN
1707451200,45464.910641878225,46425.03,45464.910641878225,46135.6925,87.37683462988274,NaN,NaN
1707465600,45800.30157093911,47299.88,45800.30157093911,46720.85999999999,89.54108595645673,NaN,NaN
1707480000,46260.58078546955,47719.44,46260.58078546955,47177.86,90.85917699208545,NaN,NaN
1707494400,46719.22039273477,48200,46719.22039273477,47500.8675,91.65927586689085,NaN,NaN
1707508800,47110.04394636738,47693.28,47035.92,47342.862499999996,87.6191019145653,NaN,NaN
1707523200,47226.45322318369,47504,47044.88,47264.57,85.60556473484914,NaN,NaN
1707537600,47245.51161159185,47430.03,47145.4,47275.9425,85.65712528333833,NaN,NaN
1707552000,47260.72705579593,47274,46800,47101.93,80.88304648693634,NaN,NaN
1707566400,47181.32852789796,47378.41,47105.44,47254.83500000001,81.8407894628701,NaN,NaN
1707580800,47218.08176394898,47660,47154.52,47424.7725,82.86806942844478,NaN,NaN
1707595200,47321.42713197449,48170,47321.42713197449,47726.6375,84.54101235283238,NaN,NaN
1707609600,47524.03231598724,48557,47524.03231598724,48096.212499999994,86.30433739376667,NaN,NaN
1707624000,47810.12240799362,48592.66,47810.12240799362,48338.22,87.3239738922932,NaN,NaN
1707638400,48074.17120399681,48438.81,47922.33,48238.090000000004,84.52020045506795,NaN,NaN
1707652800,48156.130601998404,48469.07,47931.82,48240.7575,84.53444667956266,NaN,NaN
1707667200,48198.4440509992,48394.29,47948.38,48194.275,83.09928291495179,NaN,NaN
1707681600,48196.3595254996,48375,47971.18,48232.53999999999,83.34988342350225,NaN,NaN
1707696000,48214.4497627498,48826.81,48009.52,48320.3325,83.93833111932629,NaN,NaN
1707710400,48267.3911313749,48382.27,47755.81,48121.765,77.285252531497,NaN,NaN
1707724800,48194.57806568745,48311.15,47710.01,48032.0425,74.41512356371419,NaN,NaN
1707739200,48113.310282843726,49950,47841,48902.96000000001,81.56986130983948,NaN,NaN
1707753600,48508.135141421866,50334.82,48508.135141421866,49789.2175,85.89310273515096,NaN,NaN
1707768000,49148.67632071093,50271.02,49148.67632071093,49813.0825,85.98841621203488,NaN,NaN
1707782400,49480.87941035547,50368.61,49480.87941035547,49950.0525,86.55009835573739,NaN,NaN
1707796800,49715.46595517773,50117.84,49715.46595517773,49920.229999999996,85.744142737799,NaN,NaN
1707811200,49817.84797758886,50247,49650,49967.0525,85.96511995528043,NaN,NaN
1707825600,49892.45023879443,49996,48400,49277.8975,69.00961389543541,NaN,NaN
1707840000,49585.173869397215,49585.173869397215,48300.95,48833.340000000004,60.69339979146255,NaN,NaN
1707854400,49209.25693469861,49775,49011.1,49380.6075,66.108035111991,NaN,NaN
1707868800,49294.932217349306,49712.94,49294.932217349306,49566.037500000006,67.7300934221403,NaN,NaN
1707883200,49430.48485867465,49877.22,49225.01,49614.9425,68.16286786178557,NaN,NaN
1707897600,49522.71367933732,51723.08,49522.71367933732,50714.58,75.9673829253762,NaN,NaN
1707912000,50118.64683966866,52043.71,50118.64683966866,51616.2675,80.24401478037214,NaN,NaN
1707926400,50867.457169834335,51750,50867.457169834335,51554.56,79.20524022881307,NaN,NaN
1707940800,51211.00858491717,51888,51211.00858491717,51706.28999999999,79.89443676406707,NaN,NaN
1707955200,51458.64929245858,52500,51458.64929245858,52089.0175,81.55505371538484,NaN,NaN
1707969600,51773.83339622929,52364.55,51634.01,52029.6225,80.44461372159974,NaN,NaN
1707984000,51901.72794811464,52498.12,51650,52063.68,80.60766413460901,NaN,NaN
1707998400,51982.703974057324,52816.62,51721.31,52204.04,81.29968579091168,NaN,NaN
1708012800,52093.37198702866,52380,51725,52013.8125,77.27490117929071,NaN,NaN
1708027200,52053.59224351433,52053.59224351433,51314,51801.7775,72.9403837072305,NaN,NaN
1708041600,51927.68487175716,52328,51803.6,52072.965000000004,74.88104881597035,NaN,NaN
1708056000,52000.32493587858,52343.28,51700,52013.88,73.64183619408502,NaN,NaN
1708070400,52007.10246793929,52435.86,51566,51986.92999999999,73.04802470072953,NaN,NaN
1708084800,51997.01623396964,52572.08,51592.88,52066.71000000001,73.72350300409964,NaN,NaN
1708099200,52031.86311698482,52245,51655,51886.075000000004,69.47770965728462,NaN,NaN
1708113600,51958.96905849241,52208.43,51681.1,51942.4825,70.05761736011704,NaN,NaN
1708128000,51950.725779246204,52162.82,51846.84,52025.6275,70.93422966948688,NaN,NaN
1708142400,51988.1766396231,52057.54,51792,51932.405,68.51231335953132,NaN,NaN
1708156800,51960.29081981155,51960.29081981155,51500,51753.29,63.991452522261326,NaN,NaN
1708171200,51856.79040990578,51856.79040990578,50625,51258.9275,53.498608065028016,NaN,NaN
1708185600,51557.858954952884,51557.858954952884,50741.1,51141.0225,51.336540546636584,NaN,NaN
1708200000,51349.44072747644,52030.18,51303,51592.565,58.28886279626767,NaN,NaN
1708214400,51471.00286373822,51798.99,51163.28,51521.225,56.90561125570424,NaN,NaN
1708228800,51496.11393186911,51750.6,51405.52,51576.8025,57.746861377992666,NaN,NaN
1708243200,51536.45821593456,52069,51536.45821593456,51804.027500000004,61.09108509690959,NaN,NaN
1708257600,51670.242857967285,51948.57,51535.01,51772.395,60.37468878499556,NaN,NaN
1708272000,51721.318928983645,51980.73,51647.25,51790.025,60.651641483433,NaN,NaN
1708286400,51755.67196449182,52377,51587.4,51965.05,63.38750657998215,NaN,NaN
1708300800,51860.36098224591,52428.78,51860.36098224591,52133.774999999994,65.85236894307262,NaN,NaN
1708315200,51997.06799112295,52488.77,51989.21,52233.955,67.26167742046914,NaN,NaN
1708329600,52115.51149556148,52450,52063.52,52310.945,68.34299504986139,NaN,NaN
1708344000,52213.22824778074,52454.11,52027,52236.33,66.06554739021789,NaN,NaN
1708358400,52224.779123890374,52230,51677,51963.899999999994,58.41188829965447,NaN,NaN
1708372800,52094.339561945184,52110,51705.11,51852.6125,55.57930104632493,NaN,NaN
1708387200,51973.4760309726,51973.4760309726,51311,51624.495,50.20495604647907,NaN,NaN
1708401600,51798.9855154863,52039.91,51510,51742.355,52.747285006799416,NaN,NaN
1708416000,51770.67025774316,52380,51560,52016.520000000004,58.10563957228774,NaN,NaN
1708430400,51893.59512887158,52985,51340,52072.95,59.132855387900086,NaN,NaN
1708444800,51983.272564435785,52138.31,50760.37,51669.94499999999,49.7509222054113,NaN,NaN
1708459200,51826.60878221789,52517.3,51826.60878221789,52194.58,58.89413428544286,NaN,NaN
1708473600,52010.59439110894,52366.8,51988.91,52154.13,58.01758509156919,NaN,NaN
1708488000,52082.362195554466,52113.39,51452.45,51784.119999999995,50.59892963979296,NaN,NaN
1708502400,51933.24109777723,51933.24109777723,50813,51283.5525,42.652933805560714,NaN,NaN
1708516800,51608.396798888614,51608.396798888614,50625,51047.1975,39.49881600690457,NaN,NaN
1708531200,51327.797149444305,51427.43,50649.28,51072.6775,40.01380697690076,NaN,NaN
1708545600,51200.237324722155,51950.01,50862.5,51429.9725,46.84633126475963,NaN,NaN
1708560000,51315.10491236108,51878.18,51153.69,51616.8375,50.050717430860495,NaN,NaN
1708574400,51465.97120618054,51910.32,51352,51669.0125,50.94003729366466,NaN,NaN
1708588800,51567.491853090265,52034.12,51517.63,51750.355,52.36401639741977,NaN,NaN
1708603200,51658.92342654514,51733.05,50940.78,51474.57,47.3463611603524,NaN,NaN
1708617600,51566.74671327257,51750.01,51400,51565.6025,49.0808037117565,NaN,NaN
1708632000,51566.17460663628,52065.78,51184.04,51512.057499999995,48.07761738815155,NaN,NaN
1708646400,51539.11605331814,51548.54,50971.11,51227.0175,43.03492415924071,NaN,NaN
1708660800,51383.06677665907,51383.06677665907,50889,51056.719999999994,40.31431566077545,NaN,NaN
1708675200,51219.89338832953,51263.22,50830,51057.03,40.32171170452152,NaN,NaN
1708689600,51138.46169416477,51333.47,50800.32,51065.96000000001,40.55024726921209,NaN,NaN
1708704000,51102.21084708239,51195.18,50629.33,50958.674999999996,38.635984093282474,NaN,NaN
1708718400,51030.442923541195,51162.04,50521,50881.57,37.27408978591192,NaN,NaN
1708732800,50956.006461770594,50956.006461770594,50585,50771.565,35.35909693125737,NaN,NaN
1708747200,50863.7857308853,51103.87,50826.47,50962.25,41.01605210350837,NaN,NaN
1708761600,50913.01786544265,51172.06,50913.01786544265,51078.387500000004,44.217970493416324,NaN,NaN
1708776000,50995.70268272133,51180.41,50995.70268272133,51107.97,45.03643230354585,NaN,NaN
1708790400,51051.836341360664,51698,51051.836341360664,51362.3525,51.61127449720662,NaN,NaN
1708804800,51207.09442068033,51666,51207.09442068033,51557.284999999996,55.95888317462166,NaN,NaN
1708819200,51382.189710340164,51898.72,51382.189710340164,51632.7,57.548023839978825,NaN,NaN
1708833600,51507.44485517008,51800.03,51507.44485517008,51663.3275,58.20756243753164,NaN,NaN
1708848000,51585.38617758504,51777.64,51531.73,51668.4125,58.32333332790104,NaN,NaN
1708862400,51626.899338792515,51780,51436.67,51596.42249999999,55.95989402110539,NaN,NaN
1708876800,51611.66091939625,51738.85,51279.8,51553.907499999994,54.55390271534457,NaN,NaN
1708891200,51582.78420969812,51958.55,51582.78420969812,51750.3125,59.60337377480611,NaN,NaN
1708905600,51666.54835484906,51796.5,51400,51620.235,55.22680705160816,NaN,NaN
1708920000,51643.39167742453,51643.39167742453,51288.18,51433.775,49.604064998248035,NaN,NaN
1708934400,51538.58333871227,51538.58333871227,50901.44,51164.842500000006,42.83081835691237,NaN,NaN
1708948800,51351.71291935614,52847.84,50957,51934.2925,59.760642815171124,NaN,NaN
1708963200,51643.00270967807,54512.02,51643.00270967807,53648.685,76.4760118454606,NaN,NaN
1708977600,52645.84385483903,54910,52645.84385483903,54532.9425,80.88626626462737,NaN,NaN
1708992000,53589.393177419515,57073.84,53589.393177419515,55417.012500000004,84.09650821370381,NaN,NaN
1709006400,54503.20283870976,56448,54503.20283870976,55937.7,85.62758561293647,NaN,NaN
1709020800,55220.45141935488,56818.02,55220.45141935488,56357.174999999996,86.73550695300501,NaN,NaN
1709035200,55788.813209677435,57416.93,55788.813209677435,56786.912500000006,87.77519486797571,NaN,NaN
1709049600,56287.86285483872,57588.15,56209,56970.6225,88.20096297905896,NaN,NaN
1709064000,56629.24267741936,57359,56579.84,57078.9675,88.45631333979111,NaN,NaN
1709078400,56854.10508870968,57101.1,56691.85,56936.674999999996,85.82917660392229,NaN,NaN
1709092800,56895.390044354834,58379.57,56894.16,57607.805,87.68671240050855,NaN,NaN
1709107200,57251.59752217741,59494.06,57251.59752217741,58711.8425,90.00725162446003,NaN,NaN
1709121600,57981.720011088706,61360,57981.720011088706,60039.6075,91.96777792402258,NaN,NaN
1709136000,59010.66375554435,64000,58700,61154.332500000004,93.17791852201229,NaN,NaN
1709150400,60082.49812777218,62647.04,59797.57,61456.9525,93.46573232243755,NaN,NaN
1709164800,60769.72531388609,62438.22,60769.72531388609,61863.19,93.841351043339,NaN,NaN
1709179200,61316.45765694305,63676.35,61316.45765694305,62319.8625,94.24205821053661,NaN,NaN
1709193600,61818.16007847153,63340.95,61818.16007847153,62773.81,94.61699002785372,NaN,NaN
1709208000,62295.98503923576,63531.88,62051.11,62821.7575,94.65656771033078,NaN,NaN
1709222400,62558.871269617885,62879.3,60364.7,61903.0025,82.18711624789523,NaN,NaN
1709236800,62230.93688480894,62285.47,60584.07,61400.1275,76.26512708883418,NaN,NaN
1709251200,61815.53219240447,61815.53219240447,60777,61190.725,73.87794699654333,NaN,NaN
1709265600,61503.12859620224,61772.82,61061.11,61343.462499999994,74.50480055893117,NaN,NaN
1709280000,61423.295548101116,62243.53,61316.67,61714.48,76.01074501125093,NaN,NaN
1709294400,61568.887774050556,62677.06,61131.01,61733.9425,76.09052784211497,NaN,NaN
1709308800,61651.41513702528,62494.31,61234,61801.9475,76.38604877283407,NaN,NaN
1709323200,61726.68131851264,63114.23,61726.68131851264,62483.284999999996,79.16464416078072,NaN,NaN
1709337600,62104.98315925631,62433.19,61949.03,62269.3925,76.13588999325805,NaN,NaN
1709352000,62187.18782962816,62307.45,61752.3,62094.762500000004,73.65811788938967,NaN,NaN
1709366400,62140.97516481408,62140.97516481408,61641.1,61900.567500000005,70.89504901519874,NaN,NaN
1709380800,62020.77133240704,62167.79,61561.12,61831.6075,69.89240908689617,NaN,NaN
1709395200,61926.18941620352,62114.77,61625,61906.43749999999,70.38190535028293,NaN,NaN
1709409600,61916.31345810175,62200,61685.01,61996.762500000004,70.99491101122211,NaN,NaN
1709424000,61956.537979050874,62000,61642.39,61890.189999999995,69.17570113557102,NaN,NaN
1709438400,61923.36398952543,62100,61320,61737.2725,66.54094007149254,NaN,NaN
1709452800,61830.31824476272,61890.96,61393.83,61678.475,65.50778166209098,NaN,NaN
1709467200,61754.39662238136,62640.18,61754.39662238136,62114.25,69.31098126698316,NaN,NaN
1709481600,61934.32331119068,62989,61934.32331119068,62492.9075,72.18132176779545,NaN,NaN
1709496000,62213.61540559534,63231.88,62213.61540559534,62913.9625,74.98325723555226,NaN,NaN
1709510400,62563.788952797666,64268.24,62300,63285.2325,77.16708649936808,NaN,NaN
1709524800,62924.51072639883,64300,62924.51072639883,63758.8325,79.61202796776222,NaN,NaN
1709539200,63341.67161319942,65555,63341.67161319942,64712.932499999995,83.45552831121493,NaN,NaN
1709553600,64027.30205659971,66580.29,64027.30205659971,65698.9,86.32462686889609,NaN,NaN
1709568000,64863.10102829985,67524.99,64863.10102829985,66855.3025,88.78185147150438,NaN,NaN
1709582400,65859.20176414993,68499,65859.20176414993,67726.4375,90.20907076000094,NaN,NaN
1709596800,66792.81963207497,68686.8,66792.81963207497,68145.44,90.81440161119494,NaN,NaN
1709611200,67469.12981603749,68384.54,65089,66929.2825,76.10656180445646,NaN,NaN
1709625600,67199.20615801874,67199.20615801874,65515.15,66362.775,70.38792088648829,NaN,NaN
1709640000,66780.99057900938,69000,66370,67199.8425,73.55041084381412,NaN,NaN
1709654400,66990.41653950469,66996.36,59005,63546.3475,48.968720975101036,NaN,NaN
1709668800,65268.382019752346,65268.382019752346,61167.91,62667.5425,45.06701853582596,NaN,NaN
1709683200,63967.96225987618,64146.45,62779.14,63478.20249999999,49.09619715863216,NaN,NaN
1709697600,63723.08237993809,66761.1,63263.21,64990.9975,55.63567730100091,NaN,NaN
1709712000,64357.03993996904,67641.1,64357.03993996904,66915.125,62.27417998594194,NaN,NaN
1709726400,65636.08246998453,67592.31,64664.92,66509.915,60.2301775258969,NaN,NaN
1709740800,66072.99873499226,67465,66072.99873499226,66726.675,60.968210107825605,NaN,NaN
1709755200,66399.83686749614,67363.58,65714.17,66472.81999999999,59.57386925027249,NaN,NaN
1709769600,66436.32843374807,66467.88,65551,65985.05249999999,56.882010498268734,NaN,NaN
1709784000,66210.69046687403,66469.05,65657.59,66090.43,57.33058324160975,NaN,NaN
1709798400,66150.56023343702,67275.2,66150.56023343702,66727.35500000001,60.0367833321628,NaN,NaN
1709812800,66438.95761671852,67899,66438.95761671852,67151.3625,61.77483427209569,NaN,NaN
1709827200,66795.16005835927,67980,66795.16005835927,67437.5075,62.94604211819279,NaN,NaN
1709841600,67116.33377917964,67914.74,66810.32,67261.565,61.694345050991295,NaN,NaN
1709856000,67188.94938958982,67256.18,66757,66998.11249999999,59.77750942682654,NaN,NaN
1709870400,67093.53094479491,67640.45,66782.22,67200.44499999999,60.78522336728297,NaN,NaN
1709884800,67146.98797239744,67753.4,67038.71,67439.085,61.9946386442631,NaN,NaN
1709899200,67293.03648619872,69990,67150,68124.705,65.30529305798032,NaN,NaN
1709913600,67708.87074309937,68864,66082.66,67857.0625,62.99825998480094,NaN,NaN
1709928000,67782.96662154968,69379,67782.96662154968,68543.6925,66.2885573936081,NaN,NaN
1709942400,68163.32956077484,68279,67861.1,68127.91,62.6552780893213,NaN,NaN
1709956800,68145.61978038742,68541.1,68133.27,68302.58750000001,63.55894139318132,NaN,NaN
1709971200,68224.10364019372,68453.12,67933.93,68243.92,63.007480363463145,NaN,NaN
1709985600,68234.01182009686,68521.1,68100.01,68302.3275,63.348427077060975,NaN,NaN
1710000000,68268.16966004843,68325,68000,68201.675,62.28309883600032,NaN,NaN
1710014400,68234.92233002422,68433.17,68193.51,68283.365,62.82945462659365,NaN,NaN
1710028800,68259.14366501212,69216,68200,68716.5175,65.66920412108519,NaN,NaN
1710043200,68487.83058250605,69659.47,68487.83058250605,69292.0075,69.05213715394467,NaN,NaN
1710057600,68889.91904125303,69887.61,68889.91904125303,69491.30750000001,70.14917124244005,NaN,NaN
1710072000,69190.61327062652,69833.33,68641.1,69309.4275,67.78759476667571,NaN,NaN
1710086400,69250.02038531326,69768.58,69111.89,69368.8725,68.16482095513433,NaN,NaN
1710100800,69309.44644265663,69470.01,68094.75,68980.2075,62.97235782460093,NaN,NaN
1710115200,69144.82697132832,69144.82697132832,67024.96,68385.29,55.947180049228926,NaN,NaN
1710129600,68765.05848566417,71298,68445.91,69842.0775,65.96115186758763,NaN,NaN
1710144000,69303.56799283208,72226.3,69303.56799283208,71438.37000000001,73.16069406803311,NaN,NaN
1710158400,70370.96899641605,72661.1,70370.96899641605,71865.6275,74.70296794551143,NaN,NaN
1710172800,71118.29824820803,72800,71118.29824820803,72135.0025,75.652894094282,NaN,NaN
1710187200,71626.650374104,72750,71626.650374104,72158.61499999999,75.73889444568792,NaN,NaN
1710201600,71892.632687052,72470.41,71400,71891.8775,72.61837980220834,NaN,NaN
1710216000,71892.25509352601,72355.15,71301,71849.0625,72.104846895783,NaN,NaN
1710230400,71870.658796763,72376,71388,71977.23000000001,72.72661356443673,NaN,NaN
1710244800,71923.94439838151,73000,70800,71881.8075,71.4497139879526,NaN,NaN
1710259200,71902.87594919075,71902.87594919075,68620.82,70875.8325,59.57442202827083,NaN,NaN
1710273600,71389.35422459539,71550.05,70607.86,71239.97750000001,62.03426540219181,NaN,NaN
1710288000,71314.6658622977,72217.79,71314.6658622977,71765.13249999999,65.31237603726761,NaN,NaN
1710302400,71539.89918114885,73182.22,71539.89918114885,72503.7025,69.32399308307802,NaN,NaN
1710316800,72021.80084057443,73650.25,72021.80084057443,73097.7025,72.11695246585546,NaN,NaN
1710331200,72559.75167028722,73180,71634.52,72628.7175,66.93519018381042,NaN,NaN
1710345600,72594.23458514361,73394.19,72350,72932.095,68.51136040069036,NaN,NaN
1710360000,72763.1647925718,73410.22,72763.1647925718,73155.005,69.65592893314181,NaN,NaN
1710374400,72959.0848962859,73288.3,72500,73031.945,68.18248780155504,NaN,NaN
1710388800,72995.51494814295,73777,72680,73237.02,69.34618432084083,NaN,NaN
1710403200,73116.26747407147,73528.11,72627,73065.7775,67.13804865173816,NaN,NaN
1710417600,73091.02248703573,73091.02248703573,70543.64,71829.705,53.81696749792465,NaN,NaN
1710432000,72460.36374351787,72460.36374351787,68555,70068.02249999999,41.253712463033516,NaN,NaN
1710446400,71264.19312175893,71709.9,69303.75,70454.42,44.3237539893868,NaN,NaN
1710460800,70859.30656087946,72419.71,66699,69682.91500000001,39.84620905433072,NaN,NaN
1710475200,70271.11078043973,70271.11078043973,66904.98,68109.59499999999,32.611280169843695,NaN,NaN
1710489600,69190.35289021986,69190.35289021986,65600,67601.51,30.674296907739375,NaN,NaN
1710504000,68395.93144510992,68746.69,67424.79,68021.575,34.15636017805706,NaN,NaN
1710518400,68208.75322255495,70650,67520.01,68822.77,40.31408976244555,NaN,NaN
1710532800,68515.76161127747,69750,67413.8,68906.9125,40.93878902642655,NaN,NaN
1710547200,68711.33705563874,70043,68711.33705563874,69418.7325,44.72834369286488,NaN,NaN
1710561600,69065.03477781937,69460.91,68600,69173.3575,43.29413407594385,NaN,NaN
1710576000,69119.19613890968,69436.24,67725.53,68712.5575,40.657571464647276,NaN,NaN
1710590400,68915.87681945483,68915.87681945483,67524,68166.17,37.723980801716735,NaN,NaN
1710604800,68541.02340972741,68541.02340972741,66670,67593.76000000001,34.88424129800248,NaN,NaN
1710619200,68067.39170486371,68067.39170486371,64780,66132.6575,28.903333849091055,NaN,NaN
1710633600,67100.02460243186,67100.02460243186,65122.23,65884.5625,28.024714018968552,NaN,NaN
1710648000,66492.29355121593,66560,64533,65817.165,27.777678462374567,NaN,NaN
1710662400,66154.72927560797,67515,65290,66349.2925,32.813355067693536,NaN,NaN
1710676800,66252.01088780398,68111.45,66252.01088780398,67367.34,41.25274388057072,NaN,NaN
1710691200,66809.67544390199,68693.75,66809.67544390199,68241.4625,47.36613578935629,NaN,NaN
1710705600,67525.568971951,68904.4,67525.568971951,68446.9875,48.71740440535305,NaN,NaN
1710720000,67986.27823597551,68425.97,66800,67897.8625,45.36620602148333,NaN,NaN
1710734400,67942.07036798776,68956,67704.01,68212.6,47.59146211006308,NaN,NaN
1710748800,68077.33518399388,68483.96,67300,68063.935,46.625441216471735,NaN,NaN
1710763200,68070.63509199694,68627.81,66628.68,67744.2675,44.53226086476437,NaN,NaN
1710777600,67907.45129599847,68079.52,66565.2,67261.97750000001,41.50481339403533,NaN,NaN
1710792000,67584.71439799924,67999,66935.99,67370.245,42.45065152434549,NaN,NaN
1710806400,67477.47969899961,68124.11,64860,66617.53,37.866405527762524,NaN,NaN
1710820800,67047.5048494998,67047.5048494998,63577,65033.3325,30.420557616267672,NaN,NaN
1710835200,66040.4186747499,66040.4186747499,62505,63750.315,25.96715123901278,NaN,NaN
1710849600,64895.36683737495,64895.36683737495,62410.78,63423.4925,24.964583929511974,NaN,NaN
1710864000,64159.42966868747,65756,63969.58,64542.354999999996,34.31450911509951,NaN,NaN
1710878400,64350.892334343735,64500.12,61555,63096.13,29.242299515163992,NaN,NaN
1710892800,63723.51116717186,63723.51116717186,61666,62232.6075,26.7041316659695,NaN,NaN
1710907200,62978.05933358593,63198.83,60775,62198.125,26.604824864951723,NaN,NaN
1710921600,62588.092166792965,63957.74,62588.092166792965,63237.1325,34.50786684070978,NaN,NaN
1710936000,62912.61233339648,64395,62912.61233339648,63613.729999999996,37.14953759566436,NaN,NaN
1710950400,63263.17116669824,66000,62022,64351.707500000004,42.079799394750836,NaN,NaN
1710964800,63807.43933334912,68100,63807.43933334912,66845.3475,54.94184918404232,NaN,NaN
1710979200,65326.39341667456,68240.47,65326.39341667456,67268.8575,56.70049217675271,NaN,NaN
1710993600,66297.62545833728,67330,66072.2,66760.46250000001,53.97694497375333,NaN,NaN
1711008000,66529.04397916864,67659.53,66529.04397916864,67084.68,55.446709390714105,NaN,NaN
1711022400,66806.86198958431,67693.6,65885.96,66795.335,53.795572682322614,NaN,NaN
1711036800,66801.09849479215,67000,64871.01,65913.13,49.00401082460858,NaN,NaN
1711051200,66357.11424739608,66357.11424739608,64529.01,65300.1675,45.942113595712456,NaN,NaN
1711065600,65828.64087369804,66160,65120.01,65690.82,48.1650304353795,NaN,NaN
1711080000,65759.73043684903,66649.62,65756.64,66141.565,50.684850346065005,NaN,NaN
1711094400,65950.64771842452,66363.1,64065.72,65210.182499999995,45.73720957950552,NaN,NaN
1711108800,65580.41510921225,65580.41510921225,62601.11,63846.527500000004,39.63654800281202,NaN,NaN
1711123200,64713.47130460612,64713.47130460612,62766.63,63659.1725,38.86943220324361,NaN,NaN
1711137600,64186.32190230306,64186.32190230306,62260,63475.61,38.09157936136028,NaN,NaN
1711152000,63830.965951151535,64374.91,63000,63681.8875,39.555437736355174,NaN,NaN
1711166400,63756.426725575766,64856.01,63506.5,64123.48,42.68014224310202,NaN,NaN
1711180800,63939.953362787885,64857.14,63939.953362787885,64562.095,45.68365007674566,NaN,NaN
1711195200,64251.02418139394,65414.69,64251.02418139394,64856.625,47.66669506953764,NaN,NaN
1711209600,64553.82459069697,65999,64553.82459069697,65190.5525,49.89999519320322,NaN,NaN
1711224000,64872.18854534849,65199.97,63861.66,64481.135,45.46139450511571,NaN,NaN
1711238400,64676.66177267424,64723.16,63922.85,64149.7525,43.51428756094347,NaN,NaN
1711252800,64413.20713633712,64583.44,63772.29,64225.535,44.10388114319744,NaN,NaN
1711267200,64319.37106816856,65368.66,64319.37106816856,64940.527500000004,49.463529373148994,NaN,NaN
1711281600,64629.94928408429,65925.19,64629.94928408429,65527.457500000004,53.412580812107755,NaN,NaN
1711296000,65078.703392042145,66045.99,64600.01,65540.595,53.5001699701938,NaN,NaN
1711310400,65309.64919602107,67628.69,65309.64919602107,66603.07500000001,60.043021396906155,NaN,NaN
1711324800,65956.36209801055,67350,65956.36209801055,67073.765,62.55658585037776,NaN,NaN
1711339200,66515.06354900528,67740,66515.06354900528,67155.2975,62.990882604804035,NaN,NaN
1711353600,66835.18052450265,67344.23,66747.65,66930.805,60.896485019359645,NaN,NaN
1711368000,66882.99276225132,70000,66780,68345.55,68.09578828474035,NaN,NaN
1711382400,67614.27138112567,71000,67614.27138112567,70298.2825,74.9509189695721,NaN,NaN
1711396800,68956.27694056284,71150,68956.27694056284,70388.2475,75.21514139736527,NaN,NaN
1711411200,69672.26222028141,70606,69672.26222028141,70160.4775,73.11244387506952,NaN,NaN
1711425600,69916.3698601407,71561.1,69916.3698601407,70682.7225,74.84862754669476,NaN,NaN
1711440000,70299.54618007035,71280,70268.66,70682.05,74.841925738834,NaN,NaN
1711454400,70490.79809003518,71136.63,69280,70339.95,71.34246050279577,NaN,NaN
1711468800,70415.37404501758,70499,69412,69909.67,67.09315722692124,NaN,NaN
1711483200,70162.52202250878,70305.33,69401.72,69793.17749999999,65.94790242775507,NaN,NaN
1711497600,69977.84976125439,70739.65,69840,70238.9075,68.18562320723015,NaN,NaN
1711512000,70108.3786306272,70598,69640,70087.9975,66.5901021373341,NaN,NaN
1711526400,70098.18806531359,70359.97,69407,69928.425,64.86178537640214,NaN,NaN
1711540800,70013.3065326568,71769.54,68534.01,69849.56999999999,63.97809357499383,NaN,NaN
1711555200,69931.43826632839,69931.43826632839,68359.18,68822.7925,53.71577358803425,NaN,NaN
1711569600,69377.1153831642,69637.66,68630,69097.415,55.75975182949751,NaN,NaN
1711584000,69237.26519158209,69980,68903.62,69410.9025,58.03783682017709,NaN,NaN
1711598400,69324.08384579104,70469.82,69280,69859.7125,61.12427675604018,NaN,NaN
1711612800,69591.89817289551,70962.63,69591.89817289551,70575.3225,65.48364403305419,NaN,NaN
1711627200,70083.61033644775,71552.06,70083.61033644775,70959.595,67.58563154261739,NaN,NaN
1711641600,70521.60266822387,71320,70404,70953.16,67.51148740860879,NaN,NaN
1711656000,70737.38133411194,71074.03,70541.9,70798.6975,65.64976557444722,NaN,NaN
1711670400,70768.03941705596,70916.16,70274.07,70603.26250000001,63.272297535277474,NaN,NaN
1711684800,70685.65095852799,70685.65095852799,69746.33,70130.335,57.81590341306261,NaN,NaN
1711699200,70407.992979264,70407.992979264,69566,69955.19750000001,55.893593434399065,NaN,NaN
1711713600,70181.595239632,70636.04,69009,69741.955,53.558605361198524,NaN,NaN
1711728000,69961.77511981601,69961.77511981601,69078.62,69397.65,49.93156755020137,NaN,NaN
1711742400,69679.712559908,69916.5,69290,69680.75749999999,52.764179084497464,NaN,NaN
1711756800,69680.235029954,70177.87,69680.235029954,69878.0975,54.6885101850679,NaN,NaN
1711771200,69779.166264977,70321.1,69755.98,69925.815,55.16415301189119,NaN,NaN
1711785600,69852.49063248851,70183.67,69811.37,70007.69249999999,56.017304256827806,NaN,NaN
1711800000,69930.09156624426,70269.15,69925.87,70094.6375,56.95399921207785,NaN,NaN
1711814400,70012.36453312213,70280.06,69670,69961.5975,55.02299650401373,NaN,NaN
1711828800,69986.98101656107,69986.98101656107,69540,69728.7175,51.71754207583886,NaN,NaN
1711843200,69857.84925828053,70165.86,69562.99,69806.9075,52.74401491168223,NaN,NaN
1711857600,69832.37837914027,70460,69832.37837914027,70138.2175,56.92300643517866,NaN,NaN
1711872000,69985.29793957013,70470,69985.29793957013,70322.37,59.08864648976749,NaN,NaN
1711886400,70153.83396978506,70759.1,70153.83396978506,70449.98500000002,60.568087064329625,NaN,NaN
1711900800,70301.90948489253,71227.22,70301.90948489253,70738.4275,63.75819722022327,NaN,NaN
1711915200,70520.16849244628,71366,70520.16849244628,71077.3625,67.12392963589433,NaN,NaN
1711929600,70798.76549622315,71288.23,70520.51,70919.1875,64.13068785276911,NaN,NaN
1711944000,70858.97649811157,70858.97649811157,68888,69929.945,49.31837724722895,NaN,NaN
1711958400,70394.46074905578,70394.46074905578,69165.35,69505.06999999999,44.558155226757286,NaN,NaN
1711972800,69949.7653745279,70080,68161.48,68984.6575,39.52580991836813,NaN,NaN
1711987200,69467.21143726395,69816.24,68062.86,68941.065,39.12717942816471,NaN,NaN
1712001600,69204.13821863197,69900,69204.13821863197,69631.36750000001,48.060270696806036,NaN,NaN
1712016000,69417.75285931598,69674.23,66000,68007.0025,35.032320022991016,NaN,NaN
1712030400,68712.37767965799,68712.37767965799,66120.75,66600.055,27.962025924425518,NaN,NaN
1712044800,67656.216339829,67656.216339829,65075,65964.5675,25.462364886746983,NaN,NaN
1712059200,66810.3919199145,66810.3919199145,64588.58,65337.77500000001,23.254274979566176,NaN,NaN
1712073600,66074.08345995726,66200,64550,65388.722499999996,23.832466446394108,NaN,NaN
1712088000,65731.40297997862,66120,65200,65674.725,27.150462888723638,NaN,NaN
1712102400,65703.06398998931,66288.88,64493.07,65617.9325,26.89987382865681,NaN,NaN
1712116800,65660.49824499465,66483.87,65660.49824499465,66191.41249999999,33.567586445546866,NaN,NaN
1712131200,65925.95537249732,66642.36,65538.06,66094.04,33.01690825483617,NaN,NaN
1712145600,66009.99768624865,66903.63,65635.01,66108.6,33.19339289531521,NaN,NaN
1712160000,66059.29884312433,66550,65451.62,65905.41,31.929082236506034,NaN,NaN
1712174400,65982.35442156217,66297.4,65476.63,65880.32999999999,31.768238124502616,NaN,NaN
1712188800,65931.34221078108,66354.83,65454.55,65848.16500000001,31.548734657440335,NaN,NaN
1712203200,65889.75360539055,66290.32,65064.52,65766.61,30.964530723457784,NaN,NaN
1712217600,65828.18180269527,66468.99,65828.18180269527,66235.5625,38.06638722679567,NaN,NaN
1712232000,66031.87215134763,67927.69,66031.87215134763,67064.98,48.213552883894586,NaN,NaN
1712246400,66548.42607567381,69309.91,66548.42607567381,68246.10250000001,58.612587873390666,NaN,NaN
1712260800,67397.26428783691,68565.54,67320,68218.33249999999,58.31608364345524,NaN,NaN
1712275200,67807.79839391845,68756.67,67435.67,68136.0325,57.38950746028007,NaN,NaN
1712289600,67971.91544695923,68028,66380,67300.685,48.89714852450843,NaN,NaN
1712304000,67636.30022347961,67684.26,66383.01,66869.005,45.17674367146901,NaN,NaN
1712318400,67252.65261173982,68566.66,65952.56,67296.95999999999,49.29556959191092,NaN,NaN
1712332800,67274.8063058699,68380,67274.8063058699,67824.755,53.89600578749576,NaN,NaN
1712347200,67549.78065293495,67966.67,67342,67635.425,52.070904093330576,NaN,NaN
1712361600,67592.60282646748,68065.2,67447.83,67780.41750000001,53.37310434707455,NaN,NaN
1712376000,67686.51016323375,68232.14,67602,67903.54000000001,54.503506650552865,NaN,NaN
1712390400,67795.02508161688,68120,67615.22,67848.85,53.8786670353842,NaN,NaN
1712404800,67821.93754080845,68299,67527.78,67899.735,54.402450940829965,NaN,NaN
1712419200,67860.83627040422,68484.09,67860.83627040422,68199.2275,57.4643063242761,NaN,NaN
1712433600,68030.0318852021,69692,68030.0318852021,68753.6625,62.48636409927002,NaN,NaN
1712448000,68391.84719260105,69777,68391.84719260105,69226.2625,66.15458736116751,NaN,NaN
1712462400,68809.05484630053,69493.98,68809.05484630053,69330,66.91924797164148,NaN,NaN
1712476800,69069.52742315026,69555,69069.52742315026,69368.7525,67.21721171761382,NaN,NaN
1712491200,69219.13996157513,69886.03,69210,69499.1925,68.25372893484712,NaN,NaN
1712505600,69359.16623078757,70326.29,68849.77,69446.95,67.33545496225841,NaN,NaN
1712520000,69403.05811539378,69477.18,68901,69201.645,63.04629175999245,NaN,NaN
1712534400,69302.3515576969,69841.03,69043.24,69425.90000000001,65.22697064093344,NaN,NaN
1712548800,69364.12577884845,70850,69280,70071.895,70.60767717458187,NaN,NaN
1712563200,69718.01038942422,72650,69718.01038942422,71598.66,78.91276376008543,NaN,NaN
1712577600,70658.33519471211,72797.99,70658.33519471211,72055.28499999999,80.67179648285452,NaN,NaN
1712592000,71356.81009735605,72104.05,71300,71736.0075,75.90405658892732,NaN,NaN
1712606400,71546.40879867802,72000,71500.37,71721.5925,75.68656591326128,NaN,NaN
1712620800,71634.00064933901,71758.19,70833.33,71374.13,70.44676611453032,NaN,NaN
1712635200,71504.0653246695,71504.0653246695,70110,70779.69499999999,62.477787674290866,NaN,NaN
1712649600,71141.88016233474,71141.88016233474,69576.61,70415.17499999999,58.13488515115957,NaN,NaN
1712664000,70778.52758116736,70977,68535.03,69892.7175,52.501839761217894,NaN,NaN
1712678400,70335.62254058369,70335.62254058369,68210,68948.6925,44.1730640352119,NaN,NaN
1712692800,69642.15752029185,69642.15752029185,68888.47,69118.7125,45.839506999584835,NaN,NaN
1712707200,69380.43501014591,69594.15,68466.63,69089.23999999999,45.58548292985424,NaN,NaN
1712721600,69234.83750507295,69515,69005.55,69251.7525,47.31905911627899,NaN,NaN
1712736000,69243.29500253647,69336.28,68629.99,69086.385,45.7227799197302,NaN,NaN
1712750400,69164.84000126823,69204.28,67518,68605.65,41.35517923642908,NaN,NaN
1712764800,68885.24500063411,70098.89,68556,69349.0475,49.403908267010465,NaN,NaN
1712779200,69117.14625031705,71172.08,69117.14625031705,70367.0475,57.920724265339494,NaN,NaN
1712793600,69742.09687515852,71062,69742.09687515852,70707.47,60.325773251675336,NaN,NaN
1712808000,70224.78343757926,71305.89,70224.78343757926,70817.91249999999,61.10252061053374,NaN,NaN
1712822400,70521.34796878963,71256.27,69881.31,70464.185,57.23735464317435,NaN,NaN
1712836800,70492.76648439482,71100,69567.21,70162.5925,54.09536005611868,NaN,NaN
1712851200,70327.6794921974,70529.73,69574.88,70141.06999999999,53.8681045388688,NaN,NaN
1712865600,70234.3747460987,70746.09,69804.87,70254.215,54.93980838129869,NaN,NaN
1712880000,70244.29487304935,70996.91,70002.22,70495.655,57.223499086835226,NaN,NaN
1712894400,70369.97493652467,71227.46,70369.97493652467,70883.69,60.6731837649529,NaN,NaN
1712908800,70626.83246826234,70972,70509.58,70787.3975,59.39316349572428,NaN,NaN
1712923200,70707.11498413117,70975.54,69236.95,70115.9475,51.27057987970157,NaN,NaN
1712937600,70411.53124206558,70411.53124206558,65086.86,67714.53499999999,33.5817573649081,NaN,NaN
1712952000,69063.03312103279,69063.03312103279,66680.84,67020.33499999999,30.32467070173564,NaN,NaN
1712966400,68041.68406051639,68041.68406051639,65731.27,66794.085,29.32634445757762,NaN,NaN
1712980800,67417.88453025819,67929,67012.67,67387.185,35.33616965738263,NaN,NaN
1712995200,67402.5347651291,67825.91,67090.83,67430.8175,35.768899161450975,NaN,NaN
1713009600,67416.67613256455,67926,67169.97,67532.995,36.8349110574258,NaN,NaN
1713024000,67474.83556628227,67752.85,63750.01,65991.71500000001,29.012894960991588,NaN,NaN
1713038400,66733.27528314115,66733.27528314115,60660.57,63745.295000000006,21.75999147813421,NaN,NaN
1713052800,65239.28514157058,65239.28514157058,62134,63449.985,21.016207101007566,NaN,NaN
1713067200,64344.63507078529,64872.96,63394,64042.2025,26.445989842666535,NaN,NaN
1713081600,64193.41878539264,64887.99,63855.45,64343.447499999995,29.115425743118422,NaN,NaN
1713096000,64268.43314269632,64848.49,63437.55,64158.26500000001,28.43231649459969,NaN,NaN
1713110400,64213.34907134816,64747.25,62573.66,63917.6275,27.528465034550877,NaN,NaN
1713124800,64065.48828567408,65840,63326.42,64749.219999999994,35.19541285307672,NaN,NaN
1713139200,64407.35414283704,65867.45,64407.35414283704,65401.125,40.50874100656444,NaN,NaN
1713153600,64904.23957141852,66582.84,64683.01,65666.9725,42.576424557464826,NaN,NaN
1713168000,65285.606035709265,66867.07,65285.606035709265,66199.57,46.582041588291204,NaN,NaN
1713182400,65742.58801785464,66399,63810,65159.4825,40.622638524056974,NaN,NaN
1713196800,65451.03525892732,65451.03525892732,62274.4,63753.14750000001,34.243451128106344,NaN,NaN
1713211200,64602.09137946366,64602.09137946366,62632,63246.53,32.277071177893674,NaN,NaN
1713225600,63924.31068973183,63924.31068973183,62750,63256.42,32.35872987596193,NaN,NaN
1713240000,63590.36534486592,63800,61680,62988.0475,31.257330054330737,NaN,NaN
1713254400,63289.20642243296,63660,61600,62967.737499999996,31.170861353560966,NaN,NaN
1713268800,63128.47196121648,63422.97,61735.42,62503.83750000001,29.184927384042865,NaN,NaN
1713283200,62816.15473060824,63280.75,61694.02,62364.597499999996,28.596021436391823,NaN,NaN
1713297600,62590.37611530412,64365,62555,63358.705,38.1862017510094,NaN,NaN
1713312000,62974.54055765206,64295,62974.54055765206,63877.895,42.5277089360099,NaN,NaN
1713326400,63426.21777882603,64499,63181.81,63705.17,41.48383616377702,NaN,NaN
1713340800,63565.693889413014,63587.88,62541.13,63005.475,37.4713531086323,NaN,NaN
1713355200,63285.5844447065,63285.5844447065,59888,61440.7175,30.39169641924633,NaN,NaN
1713369600,62363.15097235325,62363.15097235325,59678.16,60740.47,27.855338864317346,NaN,NaN
1713384000,61551.810486176626,61763.07,60777,61209.95,31.955480847334158,NaN,NaN
1713398400,61380.88024308831,62229.9,60939.92,61608.8,35.318666539355675,NaN,NaN
1713412800,61494.840121544155,62075.46,60803.35,61511.22,34.864642534857694,NaN,NaN
1713427200,61503.03006077208,63072.27,60864,61928.067500000005,38.50160934786289,NaN,NaN
1713441600,61715.548780386045,64117.09,61580.71,62948.604999999996,46.393426831792574,NaN,NaN
1713456000,62332.07689019302,63866.19,62310.03,63287.9875,48.74881429581255,NaN,NaN
1713470400,62810.032195096515,63825.74,62810.032195096515,63483.9075,50.11157046719365,NaN,NaN
1713484800,63146.96984754826,63470.09,59600.01,62081.332500000004,41.58648960126971,NaN,NaN
1713499200,62614.15117377413,65179,61739.68,63312.75,49.68045125431025,NaN,NaN
1713513600,62963.45058688706,65450,62963.45058688706,64741.5125,57.10680508499915,NaN,NaN
1713528000,63852.48154344353,65440.57,63820.57,64642.259999999995,56.48317920734882,NaN,NaN
1713542400,64247.37077172176,64808.54,63506.57,64269.385,54.093245794550036,NaN,NaN
1713556800,64258.377885860886,64494.03,62953.9,63897.8,51.743597402903106,NaN,NaN
1713571200,64078.088942930444,64263.41,63090.07,63781.872500000005,50.999316000325756,NaN,NaN
1713585600,63929.980721465225,64268.58,63815.53,64000.335,52.389145845404606,NaN,NaN
1713600000,63965.15786073261,63988,63277,63733.3475,50.50383669261063,NaN,NaN
1713614400,63849.252680366306,64960.37,63575.83,64262.9325,54.03711592213908,NaN,NaN
1713628800,64056.09259018315,65419,64056.09259018315,64887.582500000004,57.858350566547195,NaN,NaN
1713643200,64471.83754509158,65031.25,64471.83754509158,64848.3225,57.534590192650164,NaN,NaN
1713657600,64660.08002254579,65695.56,64608,65103.535,59.135405285621864,NaN,NaN
1713672000,64881.8075112729,65244.65,64843.98,65102.325000000004,59.124025398414304,NaN,NaN
1713686400,64992.066255636455,65440.95,64763.15,65147.195,59.435762917534625,NaN,NaN
1713700800,65069.63062781823,65375.41,64778.69,65107.9525,59.01188022214837,NaN,NaN
1713715200,65088.791563909115,65088.791563909115,64237.5,64726.78,54.91513041535838,NaN,NaN
1713729600,64907.78578195456,65167.19,64362.5,64752.21,55.13888889293784,NaN,NaN
1713744000,64829.997890977276,66090.69,64500,65308.835,59.83750919826515,NaN,NaN
1713758400,65069.416445488634,66479.8,65069.416445488634,65918.1325,64.25130185252263,NaN,NaN
1713772800,65493.77447274432,66204.44,65493.77447274432,65940.98000000001,64.40925284780704,NaN,NaN
1713787200,65717.37723637217,66477.53,65626.87,65994.0625,64.79840713338365,NaN,NaN
1713801600,65855.71986818608,66824.28,65855.71986818608,66314.24,67.13278793812427,NaN,NaN
1713816000,66084.97993409305,67232.35,66084.97993409305,66729.63500000001,69.9198375756815,NaN,NaN
1713830400,66407.30746704653,67183.01,66407.30746704653,66714.2225,69.68373010169813,NaN,NaN
1713844800,66560.76498352326,66646,66020,66300.2,63.48222635231064,NaN,NaN
1713859200,66430.48249176162,66430.48249176162,65852.35,66076.6425,60.35862951003023,NaN,NaN
1713873600,66253.56249588082,67130,65765.81,66339.84,62.6864354076497,NaN,NaN
1713888000,66296.70124794041,66905.99,66296.70124794041,66540.2225,64.40041540049342,NaN,NaN
1713902400,66418.4618739702,66484.96,65980,66340.8475,61.37937148271148,NaN,NaN
1713916800,66379.6546869851,66900,66379.6546869851,66578.035,63.56888016465498,NaN,NaN
1713931200,66478.84484349255,67070.43,66478.84484349255,66715.45999999999,64.81357007913567,NaN,NaN
1713945600,66597.15242174627,66743.01,66203.05,66537.11750000001,61.859837245669986,NaN,NaN
1713960000,66567.13496087314,66737,64519.03,65609.41500000001,49.279088411481155,NaN,NaN
1713974400,66088.27498043657,66088.27498043657,63736.7,64369.9525,38.12335394732892,NaN,NaN
1713988800,65229.11374021829,65229.11374021829,63606.06,64079.902500000004,36.065782056062965,NaN,NaN
1714003200,64654.508120109145,64741.47,63860,64293.265,38.687250383370916,NaN,NaN
1714017600,64473.88656005457,64473.88656005457,63824.07,64130.465,37.42626869062415,NaN,NaN
1714032000,64302.17578002728,64302.17578002728,63337.25,63852.1175,35.30730693650628,NaN,NaN
1714046400,64077.14664001364,64302.99,62794,63773.542499999996,34.70988453415596,NaN,NaN
1714060800,63925.34457000682,64975,63925.34457000682,64457.380000000005,43.646818644438575,NaN,NaN
1714075200,64191.362285003415,65297.94,64191.362285003415,64747.7875,46.966748967575704,NaN,NaN
1714089600,64469.57489250171,64662.53,63890.82,64358.229999999996,43.2831072211997,NaN,NaN
1714104000,64413.90244625085,64610.82,64000.02,64317.259999999995,42.90200319679142,NaN,NaN
1714118400,64365.581223125424,64581.52,64059.8,64290.57,42.638615495495436,NaN,NaN
1714132800,64328.075611562715,64820.01,63297.48,63966.185000000005,39.46721374165012,NaN,NaN
1714147200,64147.130305781364,64162.5,63318.75,63681.630000000005,36.87611775524462,NaN,NaN
1714161600,63914.380152890684,64107.32,63689.22,63827.155,39.078896442654,NaN,NaN
1714176000,63870.767576445345,63923.41,62391.24,63291.665,34.33137626763835,NaN,NaN
1714190400,63581.21628822267,63581.21628822267,62808,63007.957500000004,32.105945312476365,NaN,NaN
1714204800,63294.58689411134,63294.58689411134,62673.37,62890.587499999994,31.20475874173475,NaN,NaN
1714219200,63092.58719705566,63408.53,62810.29,63008.175,33.22693631045756,NaN,NaN
1714233600,63050.38109852783,63650,62750,63175.965,36.11272708852456,NaN,NaN
1714248000,63113.17304926392,63555.56,63113.17304926392,63381.9075,39.56508673126596,NaN,NaN
1714262400,63247.54027463196,64370,63247.54027463196,63827.615000000005,46.32529384150894,NaN,NaN
1714276800,63537.57763731598,64060,63537.57763731598,63949.28,48.0340929630878,NaN,NaN
1714291200,63743.428818657994,63979.27,63345.55,63681.082500000004,44.65886748852571,NaN,NaN
1714305600,63712.255659329,63869.09,63415.6,63577.1725,43.38683424452169,NaN,NaN
1714320000,63644.714079664496,63976,63483.18,63682.417499999996,45.09271830242566,NaN,NaN
1714334400,63663.565789832246,63745.91,62781,63344.005,40.83218204240846,NaN,NaN
1714348800,63503.78539491612,63503.78539491612,62150.52,62728.965,34.459670651488,NaN,NaN
1714363200,63116.37519745806,63116.37519745806,61923.13,62310.5475,30.923831563067978,NaN,NaN
1714377600,62713.46134872903,62713.46134872903,62179.99,62377.2875,32.12024878953022,NaN,NaN
1714392000,62545.37442436452,63112.29,61765.53,62543.2225,35.12870348788472,NaN,NaN
1714406400,62544.29846218226,63221.74,62544.29846218226,62948.6375,41.90354813127235,NaN,NaN
1714420800,62746.46798109113,64228.35,62746.46798109113,63475.43,49.31123961979826,NaN,NaN
1714435200,63110.94899054557,64734,62995.7,63810.9225,53.387514430783725,NaN,NaN
1714449600,63460.935745272785,63708.7,63069.68,63393.7775,48.19753623620437,NaN,NaN
1714464000,63427.35662263639,63427.35662263639,61000,62149.28999999999,36.72668311341797,NaN,NaN
1714478400,62788.32331131819,62788.32331131819,60546.22,61026.71,29.830060527652805,NaN,NaN
1714492800,61907.5166556591,61907.5166556591,59191.6,60057.240000000005,25.394955004730747,NaN,NaN
1714507200,60982.37832782955,61070.71,59274.75,60077.6025,25.645013336197465,NaN,NaN
1714521600,60529.99041391478,60841.63,59590,60337.4175,28.91876623839073,NaN,NaN
1714536000,60433.70395695739,60433.70395695739,57100,58801.774999999994,22.58836567044399,NaN,NaN
1714550400,59617.73947847869,59617.73947847869,56552.82,57465.0725,18.74239595410353,NaN,NaN
1714564800,58541.40598923934,58541.40598923934,56674.51,57433.71,18.662109480894912,NaN,NaN
1714579200,57987.55799461967,59468,56625.09,57483.39,19.252179673001578,NaN,NaN
1714593600,57735.47399730983,58575.32,56760.02,57663.6925,21.478582512743984,NaN,NaN
1714608000,57699.58324865492,58610.55,56911.84,57832.56,23.60318269434927,NaN,NaN
1714622400,57766.07162432746,57945.19,57202.49,57567.91,22.57237682469247,NaN,NaN
1714636800,57666.99081216373,58689.55,57561.14,58122.857500000006,29.522922271535464,NaN,NaN
1714651200,57894.92415608186,59455,57894.92415608186,58875.2025,37.689398901341,NaN,NaN
1714665600,58385.06332804093,59575.29,58385.06332804093,59283.485,41.64142602230851,NaN,NaN
1714680000,58834.27416402046,59625,58637.62,59168.582500000004,40.8560675479807,NaN,NaN
1714694400,59001.42833201023,59999,58811.32,59397.80500000001,43.15917990845004,NaN,NaN
1714708800,59199.616666005124,59844.94,59061.63,59454.4025,43.74170705090786,NaN,NaN
1714723200,59327.00958300256,59575.48,58849.94,59226.8125,41.88290460910325,NaN,NaN
1714737600,59276.911041501284,62115.64,58991.99,60522.36749999999,53.89399339070824,NaN,NaN
1714752000,59899.63927075064,62179.99,59899.63927075064,61867.8125,62.55012136759644,NaN,NaN
1714766400,60883.725885375316,63333,60883.725885375316,62564.082500000004,66.09740207612474,NaN,NaN
1714780800,61723.90419268766,63595.14,61723.90419268766,62935.545,67.84719244204163,NaN,NaN
1714795200,62329.72459634383,63450,62329.72459634383,62954.7575,67.93936015563088,NaN,NaN
1714809600,62642.24104817191,64540,62642.24104817191,63574.1775,70.84145613653234,NaN,NaN
1714824000,63108.20927408595,64158.19,63108.20927408595,63768.7975,71.70799924945969,NaN,NaN
1714838400,63438.503387042976,64019.83,63300.58,63712.69,71.05242575601815,NaN,NaN
1714852800,63575.59669352149,64240.76,63550,63900.9925,71.97833324229629,NaN,NaN
1714867200,63738.294596760745,64188,62822.17,63534.5325,67.45630625071873,NaN,NaN
1714881600,63636.41354838037,63959,63119.32,63512.78,67.18648226638628,NaN,NaN
1714896000,63574.596774190184,63937.17,63539.53,63768.2975,68.76689081275839,NaN,NaN
1714910400,63671.44713709509,64646,63618.91,64138.2975,70.9488455240518,NaN,NaN
1714924800,63904.87231854755,64554.68,63811.01,64168.567500000005,71.12656065754979,NaN,NaN
1714939200,64036.71990927377,64227.51,63582.08,63925.38250000001,67.55133077559306,NaN,NaN
1714953600,63981.05120463689,64465,63708.58,64013.0425,68.17237953627402,NaN,NaN
1714968000,63997.046852318446,64588,63768.72,64191.015,69.45077472731228,NaN,NaN
1714982400,64094.03092615922,65500,63815.38,64514.9225,71.68025237659565,NaN,NaN
1714996800,64304.47671307961,64319.86,62909.61,63766.25750000001,60.66075162885456,NaN,NaN
1715011200,64035.36710653981,64035.36710653981,62700,63324.9,55.266717071294984,NaN,NaN
1715025600,63680.1335532699,63680.1335532699,63051.94,63262.245,54.52548301410347,NaN,NaN
1715040000,63471.18927663495,63967.19,62832.6,63301.115,54.92934138770611,NaN,NaN
1715054400,63386.15213831747,63853.12,63092.76,63463.7675,56.66371847176263,NaN,NaN
1715068800,63424.959819158736,64422.41,63358,63735.1325,59.46621181171563,NaN,NaN
1715083200,63580.04615957937,64320,63050.77,63650.42,58.200890211138436,NaN,NaN
1715097600,63615.23307978969,63895.46,62789.89,63371.46000000001,54.117267349558574,NaN,NaN
1715112000,63493.34653989485,63493.34653989485,62261,62707.66500000001,45.86981663636301,NaN,NaN
1715126400,63100.50576994743,63100.50576994743,62111,62572.56,44.38708477091274,NaN,NaN
1715140800,62836.53288497371,63020.22,62020.09,62535.5775,43.96811471123245,NaN,NaN
1715155200,62686.055192486856,62686.055192486856,62042,62253.275,40.802106122271184,NaN,NaN
1715169600,62469.66509624343,62828,61761,62276.369999999995,41.1752892247784,NaN,NaN
1715184000,62373.017548121716,62760,61949.42,62290.485,41.41835559338287,NaN,NaN
1715198400,62331.75127406086,62331.75127406086,60888,61627.329999999994,34.25648158176287,NaN,NaN
1715212800,61979.540637030426,61979.540637030426,61144.33,61456.185000000005,32.685666645154,NaN,NaN
1715227200,61717.86281851522,61780.6,61129,61460.79,32.774989634060276,NaN,NaN
1715241600,61589.326409257614,61589.326409257614,60630,61096.0525,29.442520402389903,NaN,NaN
1715256000,61342.68945462881,62285,60882.19,61595.06,38.635423201716556,NaN,NaN
1715270400,61468.8747273144,62668.67,61468.8747273144,62258.16249999999,48.27893738995772,NaN,NaN
1715284800,61863.5186136572,63429.03,61863.5186136572,62826.08,54.8266439304282,NaN,NaN
1715299200,62344.7993068286,63094.01,62344.7993068286,62936.560000000005,55.99377329817336,NaN,NaN
1715313600,62640.67965341431,63380,62640.67965341431,63008.65,56.77848950810504,NaN,NaN
1715328000,62824.66482670716,63320,62800,63124.41,58.071424750072445,NaN,NaN
1715342400,62974.53741335358,63469.13,60690,62096.695,45.15640550068425,NaN,NaN
1715356800,62535.61620667679,62535.61620667679,60187.12,60781.7325,34.5642365188404,NaN,NaN
1715371200,61658.67435333839,61658.67435333839,60456.91,60744.215,34.31690534429724,NaN,NaN
1715385600,61201.4446766692,61201.4446766692,60650,60819.54,35.31765983619651,NaN,NaN
1715400000,61010.4923383346,61080,60712,60885.6025,36.23526333305898,NaN,NaN
1715414400,60948.0474191673,61058.75,60487.09,60812.095,35.62958583211004,NaN,NaN
1715428800,60880.07120958365,61515,60643.94,61004.28,38.52290201926484,NaN,NaN
1715443200,60942.175604791824,61410.09,60942.175604791824,61186.0675,41.2144930567218,NaN,NaN
1715457600,61064.12155239591,61154.21,60743.51,60966.93,38.997956325511524,NaN,NaN
1715472000,61015.52577619796,61104.05,60804,60916.01,38.48009029035334,NaN,NaN
1715486400,60965.767888098984,61120,60610,60870.0025,37.98922654773043,NaN,NaN
1715500800,60917.88519404949,61366.59,60790.94,61030.88,40.83150580862081,NaN,NaN
1715515200,60974.38259702474,61587.12,60974.38259702474,61310.5275,45.50712998357514,NaN,NaN
1715529600,61142.45504851237,61888,61109.67,61455.695,47.81259186949215,NaN,NaN
1715544000,61299.075024256184,61551.43,60910.58,61338.0275,46.10971776586037,NaN,NaN
1715558400,61318.551262128094,61812,60749.21,61303.8025,45.60098919195878,NaN,NaN
1715572800,61311.17688106405,62450,60797.79,61688.04,52.003420535050125,NaN,NaN
1715587200,61499.60844053203,63295.48,61499.60844053203,62675.55,63.79657575263442,NaN,NaN
1715601600,62087.579220266016,63200,62087.579220266016,62834.835,65.27853358513079,NaN,NaN
1715616000,62461.20711013301,63450,62461.20711013301,63047.7625,67.21076458410971,NaN,NaN
1715630400,62754.4848050665,63193.59,62715.57,63005.485,66.42040498484317,NaN,NaN
1715644800,62879.98490253325,63118.36,62403.22,62737.532499999994,61.485363162310016,NaN,NaN
1715659200,62808.75870126662,62808.75870126662,61404.34,62177.229999999996,52.67240172218201,NaN,NaN
1715673600,62492.99435063331,62492.99435063331,61520.89,61850.162500000006,48.318642878157625,NaN,NaN
1715688000,62171.57842531666,62300,61142.77,61757.2375,47.12677308459817,NaN,NaN
1715702400,61964.407962658326,61964.407962658326,61159.34,61589.95,44.97592473033905,NaN,NaN
1715716800,61777.17898132916,61789.99,61472.41,61609.1,45.2837810954296,NaN,NaN
1715731200,61693.13949066458,62033.48,61319.47,61720.1075,47.13036860784452,NaN,NaN
1715745600,61706.623495332286,62280.01,61706.623495332286,62060.805,52.43596065725554,NaN,NaN
1715760000,61883.71424766614,62999.44,61883.71424766614,62396.215,57.00987495408523,NaN,NaN
1715774400,62139.96462383307,65057.26,62139.96462383307,63662.895000000004,69.09624997313941,NaN,NaN
1715788800,62901.42981191653,66419.15,62901.42981191653,65467.625,78.40978169993524,NaN,NaN
1715803200,64184.527405958266,66444.16,64184.527405958266,66098.7225,80.61038294086475,NaN,NaN
1715817600,65141.62495297914,66666,65141.62495297914,66148.58,80.77707789259956,NaN,NaN
1715832000,65645.10247648957,66278.04,65645.10247648957,66012.2425,78.78249335131048,NaN,NaN
1715846400,65828.67248824477,66585.7,65828.67248824477,66308.03,79.9398007424684,NaN,NaN
1715860800,66068.35124412239,66752.01,65361.51,66109.0525,76.90104725281168,NaN,NaN
1715875200,66088.7018720612,66088.7018720612,64602.77,65358.994999999995,66.62051364053345,NaN,NaN
1715889600,65723.84843603059,65723.84843603059,65050,65243.0125,65.16969971930806,NaN,NaN
1715904000,65483.43046801529,65901.46,65106.38,65456.895000000004,66.61361146758071,NaN,NaN
1715918400,65470.16273400765,66500,65367.51,65959.745,69.78502950513509,NaN,NaN
1715932800,65714.95386700382,66564.23,65714.95386700382,66309.48749999999,71.79204312111396,NaN,NaN
1715947200,66012.2206835019,67451.2,65828.03,66673.08,73.7445760595729,NaN,NaN
1715961600,66342.65034175095,67300,66214.67,66939.4375,75.10410714262161,NaN,NaN
1715976000,66641.04392087547,67089.72,66641.04392087547,66957.85750000001,75.1997462710121,NaN,NaN
1715990400,66799.45071043774,67095.88,66725.53,66947.615,75.02715159613204,NaN,NaN
1716004800,66873.53285521887,67240.69,66730,66950.6875,75.0456539853205,NaN,NaN
1716019200,66912.11017760943,67400.01,66840,67079.45999999999,75.85314234780185,NaN,NaN
1716033600,66995.78508880471,67227.97,66600,66960.60250000001,73.48938527505506,NaN,NaN
1716048000,66978.19379440235,66992.53,66722,66862.695,71.51248311430712,NaN,NaN
1716062400,66920.44439720118,67039.92,66810,66919.435,71.98285621101279,NaN,NaN
1716076800,66919.93969860059,67294.35,66837.39,67054.2875,73.11888543667864,NaN,NaN
1716091200,66987.1135993003,67329.45,66930.4,67188.6225,74.23944691677126,NaN,NaN
1716105600,67087.86804965015,67700,66950,67326.11,75.37104728776197,NaN,NaN
1716120000,67206.98902482507,67330.01,66677,67056.725,68.97752231017694,NaN,NaN
1716134400,67131.85701241254,67131.85701241254,65857.25,66442.785,57.091320306300034,NaN,NaN
1716148800,66787.32100620627,66787.32100620627,66000,66192.755,53.079742687348336,NaN,NaN
1716163200,66490.03800310314,66768.87,66060.31,66444.6,56.402741521453585,NaN,NaN
1716177600,66467.31900155157,67295.99,66279.64,66768.99500000001,60.30266967991731,NaN,NaN
1716192000,66618.1570007758,67349,66618.1570007758,66979.5875,62.63917774367746,NaN,NaN
1716206400,66798.8722503879,67487,66753.42,67163.6525,64.60035945033371,NaN,NaN
1716220800,66981.26237519394,70000,66981.26237519394,68698.6025,75.94187133777362,NaN,NaN
1716235200,67839.93243759696,71515.56,67839.93243759696,70466.9625,82.78483712850937,NaN,NaN
1716249600,69153.44746879848,71979,69153.44746879848,71353.905,85.0774697152814,NaN,NaN
1716264000,70253.67623439923,71394.2,70253.67623439923,71095.84999999999,81.66958292714857,NaN,NaN
1716278400,70674.76311719962,71474.92,70674.76311719962,71080.7125,81.46344404250269,NaN,NaN
1716292800,70877.7378085998,71455.09,69685.01,70524.27249999999,74.06312434170223,NaN,NaN
1716307200,70701.0051542999,70701.0051542999,69162.94,69634.74,64.04670160654646,NaN,NaN
1716321600,70167.87257714994,70377.77,69240.57,69763.16750000001,64.78714647651105,NaN,NaN
1716336000,69965.52003857498,70368.6,69822.76,70073.85500000001,66.58025884605456,NaN,NaN
1716350400,70019.68751928749,70059.89,69165,69723.9025,62.706867349116514,NaN,NaN
1716364800,69871.79500964374,70275.14,69636.01,69840.57,63.46986408211798,NaN,NaN
1716379200,69856.18250482187,70591,69435.3,70054.58499999999,64.8889749508169,NaN,NaN
1716393600,69955.38375241094,70666,69228.64,69997,64.16666376791011,NaN,NaN
1716408000,69976.19187620547,69976.19187620547,68842.19,69405.5725,57.132485512039786,NaN,NaN
1716422400,69690.88218810273,69690.88218810273,69166.61,69351.56,56.523078890120196,NaN,NaN
1716436800,69521.22109405136,69862.44,69347.17,69597.4475,58.68367027926369,NaN,NaN
1716451200,69559.33429702568,70061,69520.02,69824.44750000001,60.62887695735243,NaN,NaN
1716465600,69691.89089851285,70096.12,67610.95,68941.4475,50.6411414467088,NaN,NaN
1716480000,69316.66919925643,69316.66919925643,66764.7,67552.16,39.59035844219132,NaN,NaN
1716494400,68434.41459962822,68434.41459962822,66312.16,67461.9,38.99498939000282,NaN,NaN
1716508800,67948.1572998141,68017.56,67628.01,67876.765,43.22145403187958,NaN,NaN
1716523200,67912.46114990706,67922.79,66816.21,67446.69,40.11847902925898,NaN,NaN
1716537600,67679.57557495353,67679.57557495353,66600.12,67157.455,38.13558004225655,NaN,NaN
1716552000,67418.51528747677,68420,66921.97,67754.6075,44.260981291438675,NaN,NaN
1716566400,67586.56139373838,69250,67586.56139373838,68654.2075,51.97544625144682,NaN,NaN
1716580800,68120.3844468692,69214,68120.3844468692,68851.2275,53.493562796886785,NaN,NaN
1716595200,68485.80597343459,68910,68485.80597343459,68679.45999999999,51.95166147682836,NaN,NaN
1716609600,68582.63298671729,68831.88,68582.63298671729,68739.8,52.469950861710984,NaN,NaN
1716624000,68661.21649335865,69610,68661.21649335865,69054.45,55.18468619125339,NaN,NaN
1716638400,68857.83324667932,69299.99,68847.65,69045.68,55.09023870003479,NaN,NaN
1716652800,68951.75662333966,69266.66,68849.5,69050.4675,55.135379549156156,NaN,NaN
1716667200,69001.11206166983,69356.6,69001.11206166983,69213.125,56.72684610325649,NaN,NaN
1716681600,69107.11853083491,69319.31,68808.37,69122.965,55.550577275877615,NaN,NaN
1716696000,69115.04176541745,69435.36,68928.22,69194.3375,56.322680938022074,NaN,NaN
1716710400,69154.68963270873,69562.23,68974.55,69252.9625,56.98364781505682,NaN,NaN
1716724800,69203.82606635436,69399,68668.6,69012.625,53.41494891242992,NaN,NaN
1716739200,69108.22553317717,69108.22553317717,68692.11,68854.19499999999,51.14125696130037,NaN,NaN
1716753600,68981.21026658858,68981.21026658858,68128.01,68612.69249999999,47.801037357043775,NaN,NaN
1716768000,68796.95138329428,69298,68481.31,68790.1025,50.36567993401346,NaN,NaN
1716782400,68793.52694164714,68901.74,68321.95,68685.12,48.836587349942924,NaN,NaN
1716796800,68739.32347082357,68944.2,68250,68567.955,47.11731268671568,NaN,NaN
1716811200,68653.63923541179,70520.3,68384,69428.10250000001,58.63142028253283,NaN,NaN
1716825600,69040.8708677059,70687.56,69040.8708677059,69847.6075,62.87675197220176,NaN,NaN
1716840000,69444.23918385294,69887.9,69177.01,69440.34,56.78424329842445,NaN,NaN
1716854400,69442.28959192647,69591.81,67753,68707.885,47.81151636053277,NaN,NaN
1716868800,69075.08729596323,69075.08729596323,67486.65,67841.23749999999,39.79829255406997,NaN,NaN
1716883200,68458.1623979816,68902.71,67582.13,68142.18,43.34894740429983,NaN,NaN
1716897600,68300.1711989908,68559.99,67529.62,68213.39,44.18777199433043,NaN,NaN
1716912000,68256.7805994954,68598.33,67277.91,68168.6525,43.7494920541126,NaN,NaN
1716926400,68212.7165497477,68661.28,68124.04,68401.9975,46.71802112789364,NaN,NaN
1716940800,68307.35702487384,68923,68266.04,68604.215,49.21906040130514,NaN,NaN
1716955200,68455.78601243692,68935.68,67936.35,68412.08499999999,46.96346387924074,NaN,NaN
1716969600,68433.93550621846,68433.93550621846,67602.34,67836.5375,40.91456034307261,NaN,NaN
1716984000,68135.23650310923,68280,67262.34,67671.265,39.347319306044064,NaN,NaN
1716998400,67903.25075155462,67903.25075155462,67124.65,67378.14,36.664792419351706,NaN,NaN
1717012800,67640.69537577732,67826.09,67151.35,67474.16,38.1522559341179,NaN,NaN
1717027200,67557.42768788866,68199.97,67471.67,67860.5625,43.86563270794199,NaN,NaN
1717041600,67708.99509394434,68422.89,67508.42,67908.5175,44.55024903615889,NaN,NaN
1717056000,67808.75629697216,68100,67128,67657.395,41.683318798527694,NaN,NaN
1717070400,67733.07564848609,68826.31,67733.07564848609,68232.27,49.66841378011067,NaN,NaN
1717084800,67982.67282424305,69500,67982.67282424305,68766.94750000001,55.73876701487542,NaN,NaN
1717099200,68374.81016212153,68657.41,68050.01,68428.1525,51.5002633531026,NaN,NaN
1717113600,68401.48133106076,68729.73,68274,68472.92749999999,52.019544857250324,NaN,NaN
1717128000,68437.20441553037,68654.33,68075.99,68360.28,50.553046918935316,NaN,NaN
1717142400,68398.74220776519,68461,67876,68215.4325,48.65369741350954,NaN,NaN
1717156800,68307.08735388258,69044.1,67200,67952.35250000001,45.32298190167308,NaN,NaN
1717171200,68129.7199269413,68129.7199269413,66670,67391.395,39.16612445173543,NaN,NaN
1717185600,67760.55746347064,67798,67239.19,67564.55,41.794540477861084,NaN,NaN
1717200000,67662.55373173533,67757.14,67428.44,67610.225,42.500276974077316,NaN,NaN
1717214400,67636.38936586767,67810,67575.23,67683.155,43.67462093506905,NaN,NaN
1717228800,67659.77218293384,67760,67611.61,67666.0625,43.450640641992685,NaN,NaN
1717243200,67662.91734146692,67872.5,67640,67716.0875,44.35016053492893,NaN,NaN
1717257600,67689.50242073345,67900,67556.72,67725.44,44.52781807100492,NaN,NaN
1717272000,67707.47121036673,67885,67700,67776.4025,45.54791611450674,NaN,NaN
1717286400,67741.93685518336,67910.55,67643.33,67777.54750000002,45.57213350933599,NaN,NaN
1717300800,67759.74217759169,67867.6,67720.41,67774.6225,45.51644234548693,NaN,NaN
1717315200,67767.18233879584,68320.08,67367.2,67914.9525,48.75216853612491,NaN,NaN
1717329600,67841.06741939792,68460,67800,68163.425,53.96535859270222,NaN,NaN
1717344000,68002.24620969896,68200,67257.47,67834.15,47.124096704403364,NaN,NaN
1717358400,67918.19810484948,67984.01,67577.65,67766.06,45.830250550323136,NaN,NaN
1717372800,67842.12905242475,68793.97,67612.48,68138.72,53.37541498378727,NaN,NaN
1717387200,67990.42452621237,69221,67990.42452621237,68698.9475,61.95466979429334,NaN,NaN
1717401600,68344.68601310618,69333,68344.68601310618,69035.925,66.00650330168267,NaN,NaN
1717416000,68690.3055065531,70288,68500,69370.82,69.48474444606344,NaN,NaN
1717430400,69030.56275327655,69715.61,68800,69333.72,68.64676407187771,NaN,NaN
1717444800,69182.14137663828,69509.38,68730.51,69063.44750000001,62.713195747254574,NaN,NaN
1717459200,69122.79443831914,69370.01,68629.9,68995.005,61.26893730609483,NaN,NaN
1717473600,69058.89971915957,69268.27,68745.68,69049.45,62.01827484566318,NaN,NaN
1717488000,69054.17485957978,69191.99,68567.32,68932.195,59.35489757639729,NaN,NaN
1717502400,68993.18492978989,70480,68843.73,69681.1425,68.62363079449518,NaN,NaN
1717516800,69337.16371489494,71063.45,69337.16371489494,70506.13750000001,75.30427768329301,NaN,NaN
1717531200,69921.65060744747,70736,69921.65060744747,70466.53,74.48431991409092,NaN,NaN
1717545600,70194.09030372373,71275,70194.09030372373,70795.98000000001,76.7518687599904,NaN,NaN
1717560000,70495.03515186187,71379.21,70495.03515186187,71088.235,78.5711718076771,NaN,NaN
1717574400,70791.63507593094,71243.6,70694.61,71027.47750000001,77.2182901515373,NaN,NaN
1717588800,70909.55628796548,71731.35,70383.66,71166.67749999999,78.14669567319254,NaN,NaN
1717603200,71038.11689398273,71758,70871.2,71372.29000000001,79.4771041441172,NaN,NaN
1717617600,71205.20344699136,71357.68,70700,71111.4075,73.37348855924076,NaN,NaN
1717632000,71158.30547349568,71237.02,70900,71073.755,72.50799352805346,NaN,NaN
1717646400,71116.03023674784,71116.03023674784,70800,70994.48250000001,70.61929683249053,NaN,NaN
1717660800,71055.25636837393,71204.59,70862.5,71064.64,71.33104191698118,NaN,NaN
1717675200,71059.94818418697,71700,71000,71292.5025,73.57046071759999,NaN,NaN
1717689600,71176.22534209349,71379.93,70450,70902.355,64.30794988834093,NaN,NaN
1717704000,71039.29017104674,71039.29017104674,70117.64,70588.77,57.9885132643363,NaN,NaN
1717718400,70814.03008552338,71015.2,70663.59,70866.8825,61.59323191067163,NaN,NaN
1717732800,70840.4562927617,71449.98,70840.4562927617,71134.8375,64.7330020468198,NaN,NaN
1717747200,70987.64689638084,71700,70987.64689638084,71389.53,67.45630482507642,NaN,NaN
1717761600,71188.58844819042,71997.02,70633.21,71360.4425,66.82167610125781,NaN,NaN
1717776000,71274.51547409521,71274.51547409521,68420,69998.86,45.325472545937195,NaN,NaN
1717790400,70636.68773704761,70636.68773704761,68978.52,69293.77249999999,38.43088184999193,NaN,NaN
1717804800,69965.2301185238,69965.2301185238,69287.28,69399.97,39.91339906916637,NaN,NaN
1717819200,69682.6000592619,69682.6000592619,69232.15,69457.1375,40.74060495775244,NaN,NaN
1717833600,69569.86877963095,69582.2,69318.19,69462.13,40.81723248422406,NaN,NaN
1717848000,69515.99938981548,69515.99938981548,69168.02,69363.8325,39.72796877041686,NaN,NaN
1717862400,69439.91594490774,69490,69292.22,69418.06,40.66863513274128,NaN,NaN
1717876800,69428.98797245388,69475.18,69290.28,69383.98,40.24354531117909,NaN,NaN
1717891200,69406.48398622693,69406.48398622693,69130.24,69261.745,38.68180605801296,NaN,NaN
1717905600,69334.11449311346,69425.7,69234.73,69303.8625,39.55225655313363,NaN,NaN
1717920000,69318.98849655673,69397.19,69283.45,69335.99250000001,40.24909488865024,NaN,NaN
1717934400,69327.49049827838,69777,69250.01,69475.8325,43.31209974683038,NaN,NaN
1717948800,69401.66149913918,69857.14,69401.66149913918,69644.01,46.841470758051145,NaN,NaN
1717963200,69522.83574956958,69821.53,69522.83574956958,69692.565,47.850965280989755,NaN,NaN
1717977600,69607.70037478479,69801.34,69426,69622.1725,46.47309072252344,NaN,NaN
1717992000,69614.9364373924,69677.5,69249.99,69461.17,43.39521065823532,NaN,NaN
1718006400,69538.05321869621,69550,69172.29,69375.045,41.80039029708741,NaN,NaN
1718020800,69456.5491093481,70195.94,69201.59,69734.38500000001,50.04890895818406,NaN,NaN
1718035200,69595.46705467405,70141.1,69386.81,69771.2075,50.81813376968154,NaN,NaN
1718049600,69683.33727733704,69700.51,69334.46,69516.445,45.587427795049116,NaN,NaN
1718064000,69599.89113866852,69599.89113866852,67900,68873.5025,35.62226420260035,NaN,NaN
1718078400,69236.69681933426,69236.69681933426,67325,67955.795,26.663110513198248,NaN,NaN
1718092800,68596.24590966714,68596.24590966714,66732,67213.67,21.872405052940053,NaN,NaN
1718107200,67904.95795483358,67904.95795483358,66051,66616.09,18.923893531019644,NaN,NaN
1718121600,67260.52397741679,67586.64,66161.26,66849.8475,23.280669958676725,NaN,NaN
1718136000,67055.18573870839,67588.22,67055.18573870839,67370.84999999999,32.04560813055397,NaN,NaN
1718150400,67213.0178693542,67596.15,66905,67305.595,31.559279535851786,NaN,NaN
1718164800,67259.3064346771,67624.89,67195.97,67420.375,33.47179178166817,NaN,NaN
1718179200,67339.84071733855,68059.01,67339.84071733855,67661.025,37.420252206744514,NaN,NaN
1718193600,67500.43285866927,69999,67500.43285866927,68811.8575,52.07026298166755,NaN,NaN
1718208000,68156.14517933464,69862.4,67250,68594.83,49.70701574471909,NaN,NaN
1718222400,68375.48758966732,68667.44,67413.51,67969.465,43.57057969231583,NaN,NaN
1718236800,68172.47629483366,68393.63,66969.98,67775.63249999999,41.84620244569231,NaN,NaN
1718251200,67974.05439741682,67974.05439741682,67300.3,67557.3675,39.92983557946469,NaN,NaN
1718265600,67765.71094870841,67971.2,67168,67650.9975,41.17436405915786,NaN,NaN
1718280000,67708.3542243542,68449.3,66368.76,67257.0175,37.64053422259808,NaN,NaN
1718294400,67482.68586217711,67482.68586217711,66251.78,66601.4825,32.62341375598076,NaN,NaN
1718308800,67042.08418108855,67042.08418108855,66530.84,66721.965,34.35526823868602,NaN,NaN
1718323200,66882.02459054427,67027.32,66480,66756.0825,34.86583105742967,NaN,NaN
1718337600,66819.05354527214,67221.32,66707.76,66894.515,37.006695851655515,NaN,NaN
1718352000,66856.78427263607,67256.32,66746.4,66985.92499999999,38.44543143893711,NaN,NaN
1718366400,66921.35463631802,67370.24,66344.67,66785.725,36.48026375173628,NaN,NaN
1718380800,66853.53981815901,66853.53981815901,65078,65877.505,29.19057216153928,NaN,NaN
1718395200,66365.52240907951,66627.52,65480,65917.8825,29.86159931080755,NaN,NaN
1718409600,66141.70245453976,66290,65967.5,66142.34,33.62707085354836,NaN,NaN
1718424000,66142.02122726987,66416.66,66065.8,66206.83,34.71160306424997,NaN,NaN
1718438400,66174.42561363493,66348,66076.98,66205.48,34.698821256896125,NaN,NaN
1718452800,66189.95280681745,66478.48,66153.84,66317.06999999999,36.77138297421865,NaN,NaN
1718467200,66253.51140340872,66360,66071.47,66225.5475,35.76867024879755,NaN,NaN
1718481600,66239.52945170435,66287.76,65857.1,66131.9525,34.72580465892507,NaN,NaN
1718496000,66185.74097585218,66269.74,66076.55,66180.135,35.76410897748261,NaN,NaN
1718510400,66182.9379879261,66360.18,66034.5,66201.7425,36.25381697187121,NaN,NaN
1718524800,66192.34024396304,66770,66172.5,66425.4075,41.24689608605486,NaN,NaN
1718539200,66308.87387198152,66793.72,66308.87387198152,66619.8375,45.26076268335343,NaN,NaN
1718553600,66464.35568599075,66744.71,66464.35568599075,66635.5075,45.58342904659725,NaN,NaN
1718568000,66549.93159299539,66998.7,66460,66674.52249999999,46.4301161697452,NaN,NaN
1718582400,66612.22704649769,66913.69,66155,66491.8875,43.05309890140173,NaN,NaN
1718596800,66552.05727324885,66567.68,65939.67,66225.3375,38.636292918949536,NaN,NaN
1718611200,66388.69738662442,66388.69738662442,65556,65965.71,34.88251649928634,NaN,NaN
1718625600,66177.20369331221,66177.20369331221,65130,65535.774999999994,29.731160069942703,NaN,NaN
1718640000,65856.4893466561,67298.81,65138,66124.2,42.292098142674114,NaN,NaN
1718654400,65990.34467332804,66764.7,65990.34467332804,66531.2575,49.073954303615544,NaN,NaN
1718668800,66260.80108666403,66588.23,64569,65790.39,39.88626799216062,NaN,NaN
1718683200,66025.59554333202,66025.59554333202,65344.24,65590.555,37.82897847534155,NaN,NaN
1718697600,65808.075271666,65808.075271666,65100,65472.13,36.62342228686356,NaN,NaN
1718712000,65640.102635833,65640.102635833,64261.12,64941.7725,31.74433019392113,NaN,NaN
1718726400,65290.937567916495,65290.937567916495,64060,64520.7725,28.498672022312846,NaN,NaN
1718740800,64905.85503395824,65305,64178.1,64767.65,32.83539024449922,NaN,NaN
1718755200,64836.75251697912,65603.91,64810.62,65248.4625,40.41524954199711,NaN,NaN
1718769600,65042.60750848956,65727.54,65042.60750848956,65404.119999999995,42.67091477080073,NaN,NaN
1718784000,65223.363754244776,65544,65000,65270.2225,41.22517821444501,NaN,NaN
1718798400,65246.79312712239,65310.02,64756.28,65049.575,38.88702404264066,NaN,NaN
1718812800,65148.184063561195,65284.37,64791.76,64970.0325,38.04922223151317,NaN,NaN
1718827200,65059.1082817806,65087.76,64666,64902.5375,37.31458613481693,NaN,NaN
1718841600,64980.8228908903,65407.4,64818.72,65097.619999999995,40.86826744502035,NaN,NaN
1718856000,65039.221445445146,65967.39,65039.221445445146,65521.785,47.79777250686574,NaN,NaN
1718870400,65280.503222722575,66482.94,65280.503222722575,66017.76999999999,54.51066371079377,NaN,NaN
1718884800,65649.13661136129,66300.5,64658.06,65489.9125,47.508605819583494,NaN,NaN
1718899200,65569.52455568065,65569.52455568065,64559.15,64914.4,41.28229486628195,NaN,NaN
1718913600,65241.96227784033,65241.96227784033,64848.7,64992.197499999995,42.38159260411754,NaN,NaN
1718928000,65117.07988892016,65117.07988892016,64345,64696.947499999995,39.36919854322253,NaN,NaN
1718942400,64907.01369446008,64907.01369446008,64190.76,64409.4075,36.63796463938883,NaN,NaN
1718956800,64658.21059723004,64658.21059723004,63522.75,63966.6325,32.85780316673484,NaN,NaN
1718971200,64312.42154861502,64360,63379.35,63810.345,31.61776235415563,NaN,NaN
1718985600,64061.38327430751,64264.95,63465.17,63923.537500000006,33.573090247265895,NaN,NaN
1719000000,63992.460387153755,64460.14,63828.09,64165.95,37.68275659056479,NaN,NaN
1719014400,64079.205193576876,64342.54,63943.82,64189.3425,38.080858036692916,NaN,NaN
1719028800,64134.273846788434,64540.26,64134.273846788434,64410.1975,41.85740764133988,NaN,NaN
1719043200,64272.235673394214,64546.81,64214.43,64386.6225,41.565975538084416,NaN,NaN
1719057600,64329.429086697106,64397.82,64246.52,64304.1725,40.503828171003015,NaN,NaN
1719072000,64316.80079334855,64362,64218.5,64295.65,40.38894132626675,NaN,NaN
1719086400,64306.22539667427,64330,64246.01,64283.25750000001,40.21033840449819,NaN,NaN
1719100800,64294.74144833714,64521,64262,64365.287500000006,42.037478414068175,NaN,NaN
1719115200,64330.01447416857,64433.03,64330.01447416857,64403.4825,42.912274752621904,NaN,NaN
1719129600,64366.74848708429,64437.28,64252.85,64361.712499999994,42.16284278334891,NaN,NaN
1719144000,64364.23049354214,64429.1,64049.41,64228.4925,39.77684182260878,NaN,NaN
1719158400,64296.361496771075,64296.361496771075,63918.58,64087.497500000005,37.36669040017928,NaN,NaN
1719172800,64191.929498385536,64191.929498385536,63178.32,63674.277500000004,31.367922119543067,NaN,NaN
1719187200,63933.10349919277,63933.10349919277,62695.02,63034.2075,24.74203910228833,NaN,NaN
1719201600,63483.65549959638,63483.65549959638,62160.72,62607.68,21.48516510661854,NaN,NaN
1719216000,63045.66774979819,63045.66774979819,60567.01,61822.64,17.039378202388463,NaN,NaN
1719230400,62434.15387489909,62434.15387489909,60670.36,61126.575,14.228123108353117,NaN,NaN
1719244800,61780.36443744955,61780.36443744955,59058,60063.2875,11.190787636555001,NaN,NaN
1719259200,60921.82596872478,60921.82596872478,58402,59611.182499999995,10.194291789377303,NaN,NaN
1719273600,60266.504234362386,61598.87,60257.06,60862.955,29.036117649740405,NaN,NaN
1719288000,60564.72961718119,61420,60564.72961718119,61008.095,30.847756858901548,NaN,NaN
1719302400,60786.412308590596,61583.18,60668.01,61030.9975,31.146460879938857,NaN,NaN
1719316800,60908.7049042953,62134,60908.7049042953,61521.2175,37.381383683497745,NaN,NaN
1719331200,61214.96120214765,62420,61135.37,61835.2075,41.062711071176665,NaN,NaN
1719345600,61525.08435107382,62162.49,61525.08435107382,61901.990000000005,41.845804476590565,NaN,NaN
1719360000,61713.53717553691,62487.81,61643.48,61968.342500000006,42.660983420419974,NaN,NaN
1719374400,61840.939837768456,61990,61520,61791.5225,41.01117727741386,NaN,NaN
1719388800,61816.23116888423,61816.23116888423,61149.64,61517.380000000005,38.52369682687499,NaN,NaN
1719403200,61666.80558444212,61980,61182.8,61518.979999999996,38.547124434762566,NaN,NaN
1719417600,61592.89279222106,61592.89279222106,60715.3,61182.545,35.48494776171769,NaN,NaN
1719432000,61387.71889611053,61387.71889611053,60712,60933.165,33.368900841072545,NaN,NaN
1719446400,61160.44194805526,61300,60764.73,60991.755000000005,34.35927893819115,NaN,NaN
1719460800,61076.09847402763,61192,60606.63,60907.4875,33.58605665577676,NaN,NaN
1719475200,60991.79298701382,61455.15,60736.62,61045.45,36.12063959937278,NaN,NaN
1719489600,61018.62149350691,62389.22,61018.62149350691,61578.957500000004,44.880839071026394,NaN,NaN
1719504000,61298.78949675345,62015.52,61298.78949675345,61613.30499999999,45.399980301424236,NaN,NaN
1719518400,61456.04724837672,61719.92,61338.56,61553.737499999996,44.61517052178175,NaN,NaN
1719532800,61504.89237418836,62225.31,61472.37,61808.0775,48.69340256456905,NaN,NaN
1719547200,61656.48493709418,61834.41,61236,61562.14750000001,45.22565480785615,NaN,NaN
1719561600,61609.316218547094,61792.34,61212.11,61511.115000000005,44.51717899186634,NaN,NaN
1719576000,61560.21560927355,61875,60751,61344.5025,42.19322103280539,NaN,NaN
1719590400,61452.35905463678,61452.35905463678,60079.41,60596.18,33.687121810796384,NaN,NaN
1719604800,61024.26952731839,61024.26952731839,60063,60266.1425,30.743387242876082,NaN,NaN
1719619200,60645.2060136592,61009.29,60383.77,60645.725,37.50721018180278,NaN,NaN
1719633600,60645.4655068296,61146.64,60645.4655068296,60916.350000000006,41.866389131899766,NaN,NaN
1719648000,60780.9077534148,61224,60780.9077534148,61067.16500000001,44.2022799857779,NaN,NaN
1719662400,60924.0363767074,61182.7,60924.0363767074,61085.175,44.48913148694178,NaN,NaN
1719676800,61004.6056883537,61124,60915.12,61050.6275,44.02161786518346,NaN,NaN
1719691200,61027.616594176856,61090,60839.51,60993.3925,43.21146114565455,NaN,NaN
1719705600,61010.50454708843,61078.01,60740.94,60925.9875,42.22587008594944,NaN,NaN
1719720000,60968.24602354421,61782,60712.21,61230.135,47.99033119194413,NaN,NaN
1719734400,61099.1905117721,61713.65,61099.1905117721,61548.6825,53.2513407714723,NaN,NaN
1719748800,61323.93650588606,61860,61323.93650588606,61620.975,54.37919171182246,NaN,NaN
1719763200,61472.45575294303,62109.81,61472.45575294303,61861.1375,58.004015878777146,NaN,NaN
1719777600,61666.796626471514,63058.76,61666.796626471514,62423.2,65.01084493749985,NaN,NaN
1719792000,62044.99831323576,63818.33,62044.99831323576,63150.3375,71.61009165797367,NaN,NaN
1719806400,62597.66790661788,63466.92,62597.66790661788,63351.4125,73.11988745167258,NaN,NaN
1719820800,62974.540203308934,63314.99,62593.07,62961.9975,65.81946713697198,NaN,NaN
1719835200,62968.268851654466,63166.11,62497.2,62864.575,64.09533692290407,NaN,NaN
1719849600,62916.421925827235,63861.76,62916.421925827235,63297.0525,68.09123684129702,NaN,NaN
1719864000,63106.73721291362,63423.48,62804.6,63088.7125,64.37442209734274,NaN,NaN
1719878400,63097.724856456814,63288.83,62787.42,63028.729999999996,63.30304858758049,NaN,NaN
1719892800,63063.227428228405,63245.8,62580,62898.6175,60.9340397834732,NaN,NaN
1719907200,62980.92246411421,62980.92246411421,62401.23,62682.36,57.10860798525727,NaN,NaN
1719921600,62831.6412320571,63152,61823.74,62438.957500000004,53.07020376810206,NaN,NaN
1719936000,62635.29936602856,62635.29936602856,61806.28,62015.5675,46.86246306087681,NaN,NaN
1719950400,62325.433433014274,62325.433433014274,61875.55,62032.840000000004,47.13414288014677,NaN,NaN
1719964800,62179.13671650714,62285.94,60600,61502.347499999996,40.316321890422515,NaN,NaN
1719979200,61840.74210825357,61840.74210825357,60816,60963.9625,34.81272752238375,NaN,NaN
1719993600,61402.35230412679,61402.35230412679,59600,60458.552500000005,30.590961130902386,NaN,NaN
1720008000,60930.4524020634,60930.4524020634,59752.29,60266.1875,29.142363317836484,NaN,NaN
1720022400,60598.3199510317,60655.56,59666,60044.7275,27.526306708423974,NaN,NaN
1720036800,60321.52372551585,60374.82,59400,59913.6275,26.586402787987055,NaN,NaN
1720051200,60117.57561275792,60498.19,57800.01,59402.192500000005,23.25099125197802,NaN,NaN
1720065600,59759.88405637896,59759.88405637896,58104,58643.9975,19.371102007494173,NaN,NaN
1720080000,59201.940778189484,59201.940778189484,56952,57860.0275,16.335684681466248,NaN,NaN
1720094400,58530.98413909474,58530.98413909474,56771,57755.785,15.977180456025707,NaN,NaN
1720108800,58143.38456954737,58676.24,57752.27,58213.032499999994,23.86953561643577,NaN,NaN
1720123200,58178.20853477369,58813.13,56866,57753.19,21.665491115628555,NaN,NaN
1720137600,57965.699267386844,57965.699267386844,55000,56206.002499999995,16.233987058465445,NaN,NaN
1720152000,57085.85088369342,57085.85088369342,53485.93,54621.350000000006,12.71737270182092,NaN,NaN
1720166400,55853.60044184671,55853.60044184671,53900,54862.885,15.714353008934523,NaN,NaN
1720180800,55358.24272092336,56678.19,54828.52,55913.805,27.395694564760234,NaN,NaN
1720195200,55636.023860461675,57040.02,55636.023860461675,56486.94,32.86066817806085,NaN,NaN
1720209600,56061.48193023084,56866,56061.48193023084,56568.8,33.62909571944874,NaN,NaN
1720224000,56315.140965115424,56998,56170.5,56551.8225,33.5433487052228,NaN,NaN
1720238400,56433.48173255772,56683.9,56018,56429.4725,32.892447721088516,NaN,NaN
1720252800,56431.47711627886,56876.33,56431.47711627886,56662.63249999999,35.462576534900734,NaN,NaN
1720267200,56547.05480813942,57441.1,56500,56997.625,39.073006780816165,NaN,NaN
1720281600,56772.33990406971,58113,56772.33990406971,57618.685,45.194465331185995,NaN,NaN
1720296000,57195.512452034855,58475,57195.512452034855,58092.509999999995,49.373643937877695,NaN,NaN
1720310400,57644.01122601742,58449.46,57644.01122601742,58120.259999999995,49.615963885953875,NaN,NaN
1720324800,57882.13561300871,58007.87,57073.36,57603.67,45.27178402472978,NaN,NaN
1720339200,57742.90280650435,57911.71,57350.94,57523.16,44.61614183463657,NaN,NaN
1720353600,57633.03140325218,57633.03140325218,56563.46,57119.97499999999,41.38385805988062,NaN,NaN
1720368000,57376.50320162608,57392,56755.55,57031.0175,40.683534030768875,NaN,NaN
1720382400,57203.76035081304,57319.1,55724.37,56513.095,36.78090431300111,NaN,NaN
1720396800,56858.42767540652,56858.42767540652,54260.16,55325.262500000004,29.7357215241704,NaN,NaN
1720411200,56091.84508770326,56091.84508770326,54963.62,55468.9075,31.44583028262936,NaN,NaN
1720425600,55780.37629385163,58236.73,55741.11,56745.96250000001,44.40140609833651,NaN,NaN
1720440000,56263.16939692582,57621.1,54800,56334.157499999994,41.666889152533415,NaN,NaN
1720454400,56298.6634484629,56574.99,55425.74,56059.89,39.90422259143403,NaN,NaN
1720468800,56179.27672423145,56971.94,56179.27672423145,56590.965,44.77585264464966,NaN,NaN
1720483200,56385.12086211573,57362.66,56289.45,56883.770000000004,47.311860089177046,NaN,NaN
1720497600,56634.445431057866,57754,56634.445431057866,57262.674999999996,50.48092105489792,NaN,NaN
1720512000,56948.56021552893,57900,56948.56021552893,57367.215000000004,51.35035038535525,NaN,NaN
1720526400,57157.88760776447,58131.09,56903,57484.777500000004,52.363269292619286,NaN,NaN
1720540800,57321.33255388224,58296,57321.33255388224,57749.27250000001,54.650955426115615,NaN,NaN
1720555200,57535.30252694112,58260,57535.30252694112,57969.0775,56.51970768514573,NaN,NaN
1720569600,57752.190013470565,58208,57309.09,57936.775,56.153486413921044,NaN,NaN
1720584000,57844.48250673528,59470,57844.48250673528,58701.9975,62.3732840265464,NaN,NaN
1720598400,58273.24000336764,59032.82,58273.24000336764,58703.6175,62.38544894035604,NaN,NaN
1720612800,58488.42875168382,58550,57471.12,58053.2025,54.73420957045509,NaN,NaN
1720627200,58270.81562584191,58270.81562584191,57353.84,57616.362499999996,50.274441513636695,NaN,NaN
1720641600,57943.58906292095,57943.58906292095,57157.79,57538.8125,49.50330423755656,NaN,NaN
1720656000,57741.20078146047,58407.05,57050,57687.725,51.055762888707704,NaN,NaN
1720670400,57714.46289073024,58300,57488.28,57886.945,53.131739151623385,NaN,NaN
1720684800,57800.70394536512,58936.52,57800.70394536512,58489.502499999995,58.82089656762413,NaN,NaN
1720699200,58145.10322268256,59650,57266.58,58274.145000000004,56.195373361504934,NaN,NaN
1720713600,58209.62411134128,58209.62411134128,57178,57489.6575,47.821635577271124,NaN,NaN
1720728000,57849.64080567064,57849.64080567064,57150,57375.9725,46.73480694619885,NaN,NaN
1720742400,57612.80665283532,57612.80665283532,56542.47,57092.0575,44.042769357403195,NaN,NaN
1720756800,57352.43207641767,57416.13,56716.68,57038.44,43.53278132182588,NaN,NaN
1720771200,57195.436038208834,57334.32,56767.05,57102.965000000004,44.36765140596333,NaN,NaN
1720785600,57149.200519104415,58278,57000,57673.885,51.237406097353244,NaN,NaN
1720800000,57411.542759552205,58526.68,57411.542759552205,57954.17,54.225839004287025,NaN,NaN
1720814400,57682.8563797761,57906.1,57150.06,57630.3175,50.38365252358599,NaN,NaN
1720828800,57656.586939888046,57991.5,57656.586939888046,57864.244999999995,52.9755317529587,NaN,NaN
1720843200,57760.41596994402,58216.08,57756.63,57989.2575,54.34801324822313,NaN,NaN
1720857600,57874.83673497201,58854.98,57874.83673497201,58364.97,58.28829630028571,NaN,NaN
1720872000,58119.903367486004,58899.46,58119.903367486004,58674.6175,61.25630641396034,NaN,NaN
1720886400,58397.260433743,58964.89,58397.260433743,58748.217500000006,61.94935611042966,NaN,NaN
1720900800,58572.738966871504,59850,58288.19,58991.6475,64.22854801282908,NaN,NaN
1720915200,58782.193233435755,59838,58782.193233435755,59425.5425,67.91734240590141,NaN,NaN
1720929600,59103.867866717876,60324.61,59103.867866717876,59817.865000000005,70.84490135799287,NaN,NaN
1720944000,59460.86643335894,60400,59460.86643335894,60116.277500000004,72.87259371087015,NaN,NaN
1720958400,59788.571966679476,60236.13,59466.67,59971.475,70.3170011156809,NaN,NaN
1720972800,59880.02348333974,60184.99,59880.02348333974,60019.784999999996,70.6863551747067,NaN,NaN
1720987200,59949.904241669865,61420.69,59880,60503.65,74.15516660777294,NaN,NaN
1721001600,60226.77712083493,62796.01,60226.77712083493,61718.52250000001,80.42005691673566,NaN,NaN
1721016000,60972.64981041747,63084,60972.64981041747,62751.25,83.97597047325986,NaN,NaN
1721030400,61861.949905208734,63243.71,61861.949905208734,62706.957500000004,83.27742259053238,NaN,NaN
1721044800,62284.45370260437,63328,62284.45370260437,62813.167499999996,83.6290913842757,NaN,NaN
1721059200,62548.81060130218,63820.15,62548.81060130218,63260.04,85.05331565865227,NaN,NaN
1721073600,62904.42530065109,64900,62904.42530065109,64054.447499999995,87.18729754899584,NaN,NaN
1721088000,63479.43640032555,64955.49,63479.43640032555,64716.9725,88.64353635558744,NaN,NaN
1721102400,64098.204450162775,64993.95,62721.79,63840.7225,76.29297118537026,NaN,NaN
1721116800,63969.463475081386,63969.463475081386,62373.24,63221.64,68.98039178175581,NaN,NaN
1721131200,63595.55173754069,64960.86,63063.83,64162.259999999995,73.18574237762522,NaN,NaN
1721145600,63878.905868770344,65200,63878.905868770344,64838.807499999995,75.73394440281031,NaN,NaN
1721160000,64358.85668438517,65388.97,64115,64928.345,76.05822117933863,NaN,NaN
1721174400,64643.60084219259,66128.63,64643.60084219259,65451.65,77.9157435158607,NaN,NaN
1721188800,65047.625421096294,65993.14,65047.625421096294,65537.855,78.21558096059191,NaN,NaN
1721203200,65292.740210548145,65500,64560,65010.435000000005,71.79321146514535,NaN,NaN
1721217600,65151.58760527408,65400,64537.41,64846.287500000006,69.87030993946254,NaN,NaN
1721232000,64998.93755263704,64998.93755263704,63854,64482.695,65.67431875842718,NaN,NaN
1721246400,64740.816276318525,64740.816276318525,64058,64351.16499999999,64.1729462376359,NaN,NaN
1721260800,64545.99063815926,65133.3,63910,64499.0925,65.13822156485253,NaN,NaN
1721275200,64522.54156907963,65061.5,64402.35,64749.235,66.76868437474133,NaN,NaN
1721289600,64635.88828453982,64950,64441.94,64704.485,66.17243394519326,NaN,NaN
1721304000,64670.18664226991,65111.29,63400,64201.8525,59.72141677013361,NaN,NaN
1721318400,64436.01957113495,64436.01957113495,63238.48,63572.527500000004,52.78308644695437,NaN,NaN
1721332800,64004.27353556748,64122.43,63438.21,63775.89,54.61789224507422,NaN,NaN
1721347200,63890.08176778374,64368.62,63300.67,63995.552500000005,56.58055858436033,NaN,NaN
1721361600,63942.81713389188,64486,63600,64026.25,56.8613347792179,NaN,NaN
1721376000,63984.53356694594,64182.77,63409.01,63850.4475,54.680536281402865,NaN,NaN
1721390400,63917.49053347297,65888,63917.49053347297,64961.582500000004,64.062141401775,NaN,NaN
1721404800,64439.53651673649,67386,64439.53651673649,66551.91,72.75531879671186,NaN,NaN
1721419200,65495.72325836825,67352.44,65495.72325836825,66946.47,74.40926105087868,NaN,NaN
1721433600,66221.09662918412,66822.22,66221.09662918412,66576.675,70.11319422326498,NaN,NaN
1721448000,66398.88581459207,66775.11,66398.88581459207,66593.8475,70.19923980067144,NaN,NaN
1721462400,66496.36665729604,66733.09,66458.83,66559.47,69.76620816988833,NaN,NaN
1721476800,66527.91832864803,66832,66273.62,66603.5775,70.02172335196249,NaN,NaN
1721491200,66565.74791432402,67598,66565.74791432402,67081.5,72.71272507359419,NaN,NaN
1721505600,66823.62395716201,67430.01,66790.9,67146.2175,73.06531359909226,NaN,NaN
1721520000,66984.920728581,67436.22,66962,67177.38,73.24458661147693,NaN,NaN
1721534400,67081.1503642905,67220.52,66592.1,66921.485,69.17308749143353,NaN,NaN
1721548800,67001.31768214525,67062.77,66680,66831.19,67.7421380219997,NaN,NaN
1721563200,66916.25384107263,67499.99,66616,67039.995,69.32254292909357,NaN,NaN
1721577600,66978.1244205363,67713,65777,67019.005,68.95680822715046,NaN,NaN
1721592000,66998.56471026815,68366.66,66998.56471026815,67807.18,74.41524046992762,NaN,NaN
1721606400,67402.87235513408,68474.55,67402.87235513408,68068.4075,75.92611584941474,NaN,NaN
1721620800,67735.63992756704,67996.01,67122.22,67558.56,67.54251460457546,NaN,NaN
1721635200,67647.09996378352,67647.09996378352,66944.1,67323.78,64.03605004996982,NaN,NaN
1721649600,67485.43998189176,67952.39,66559.97,67273.06,63.27185255762643,NaN,NaN
1721664000,67379.24999094589,68250,66798.36,67586.075,65.97085166636154,NaN,NaN
1721678400,67482.66249547293,68256,67224.11,67811.05,67.8022508825689,NaN,NaN
1721692800,67646.85624773646,67750.98,67183.98,67485.23749999999,62.55187449639096,NaN,NaN
1721707200,67566.04687386822,67566.04687386822,66256.39,66958.095,55.1154426959351,NaN,NaN
1721721600,67262.07093693412,67262.07093693412,66454,66718.005,52.07865287220813,NaN,NaN
1721736000,66990.03796846706,67349.03,65962,66642.76,51.12785700885062,NaN,NaN
1721750400,66816.39898423353,66816.39898423353,65441.08,66085.2775,44.62709280420487,NaN,NaN
1721764800,66450.83824211676,66450.83824211676,65472.54,65749.6375,41.22826588897099,NaN,NaN
1721779200,66100.23787105837,66146.01,65476.84,65902.89,43.349801978055545,NaN,NaN
1721793600,66001.56393552918,66080.01,65610,65955.18,44.091379323412895,NaN,NaN
1721808000,65978.37196776459,66600,65978.37196776459,66263.4975,48.382002654632046,NaN,NaN
1721822400,66120.93473388228,67102.01,66093.99,66435,50.65071502620517,NaN,NaN
1721836800,66277.96736694114,66709.55,65558.89,66024.11,45.49187644297257,NaN,NaN
1721851200,66151.03868347057,66151.03868347057,65111,65551.4175,40.39471144636076,NaN,NaN
1721865600,65851.22809173528,65851.22809173528,63861,64737.65,33.44678075648845,NaN,NaN
1721880000,65294.439045867635,65294.439045867635,63800,64104.395000000004,29.233039109376477,NaN,NaN
1721894400,64699.41702293382,64699.41702293382,63878,64147,29.87316361558328,NaN,NaN
1721908800,64423.20851146691,65005,63456.7,64337.14750000001,32.79496347432385,NaN,NaN
1721923200,64380.178005733454,65187.82,64380.178005733454,64764.795,38.95516785951068,NaN,NaN
1721937600,64572.48650286673,66175.49,64425,65273.1125,45.36567897669348,NaN,NaN
1721952000,64922.799501433365,67480,64922.799501433365,66511.1475,57.1643194890496,NaN,NaN
1721966400,65716.97350071669,67190,65716.97350071669,66998.345,60.75599090476252,NaN,NaN
1721980800,66357.65925035835,67498,66357.65925035835,67150.28,61.830824347096055,NaN,NaN
1721995200,66753.96962517918,68000,66753.96962517918,67443.5,63.88651448395442,NaN,NaN
1722009600,67098.7348125896,68144.01,67098.7348125896,67749.27,65.94617989760732,NaN,NaN
1722024000,67424.0024062948,68200,67413.5,67877.8725,66.80372283207407,NaN,NaN
1722038400,67650.9374531474,68081.57,67630,67854.3925,66.47458407185225,NaN,NaN
1722052800,67752.6649765737,68295.39,67752.6649765737,67978.1975,67.38700210712403,NaN,NaN
1722067200,67865.43123828684,68275.64,67865.43123828684,68103.61,68.32735600687883,NaN,NaN
1722081600,67984.52061914341,69399.99,67984.52061914341,68662.325,72.17636296403727,NaN,NaN
1722096000,68323.4228095717,68990.03,67658.68,68434.67749999999,68.52247956395173,NaN,NaN
1722110400,68379.05015478584,69182.94,66650,67993.86,61.97932529123195,NaN,NaN
1722124800,68186.45507739292,68285.43,67260.54,67845.8525,59.91076338495916,NaN,NaN
1722139200,68016.15378869645,68024.18,67066.66,67648.16,57.166327282927895,NaN,NaN
1722153600,67832.15689434823,68000,67220,67654.215,57.23095019273801,NaN,NaN
1722168000,67743.18594717412,68123.32,67577.63,67795.49,58.79304563027504,NaN,NaN
1722182400,67769.33797358707,68318.43,67624,67924.8575,60.22564788183329,NaN,NaN
1722196800,67847.09773679354,68277.83,67801.62,68110.3325,62.25190710778995,NaN,NaN
1722211200,67978.71511839677,69800,67978.71511839677,68891.3875,69.33623017178013,NaN,NaN
1722225600,68435.05130919837,69888,68435.05130919837,69506.685,73.5478782333961,NaN,NaN
1722240000,68970.86815459919,69838.62,68970.86815459919,69580.41,74.0085288977206,NaN,NaN
1722254400,69275.6390772996,70079.99,67668.34,68858.08499999999,62.52070870611599,NaN,NaN
1722268800,69066.8620386498,69066.8620386498,66428,67488.26,47.47170331866382,NaN,NaN
1722283200,68277.5610193249,68277.5610193249,66600,67060.35,43.91559707046312,NaN,NaN
1722297600,67668.95550966245,67668.95550966245,65862,66535.67,39.962650405591546,NaN,NaN
1722312000,67102.31275483122,67102.31275483122,66322.49,66721.1225,41.951562385895436,NaN,NaN
1722326400,66911.71762741561,66999.92,66404.53,66732.61499999999,42.07961604351885,NaN,NaN
1722340800,66822.1663137078,66948,65555,66323.2525,38.79659761608522,NaN,NaN
1722355200,66572.7094068539,66572.7094068539,65556.56,66063.4,36.83218565594248,NaN,NaN
1722369600,66318.05470342695,66356.89,65302.67,65944.64749999999,35.936661704969126,NaN,NaN
1722384000,66131.35110171347,66413.28,65881.96,66135.31,38.521196176167024,NaN,NaN
1722398400,66133.33055085674,66554.4,65496,66083.1,38.06828898740878,NaN,NaN
1722412800,66108.21527542837,66374.01,65954.54,66161.64,39.22586658016486,NaN,NaN
1722427200,66134.9276377142,66849.24,65963.25,66321.6225,41.61957131131843,NaN,NaN
1722441600,66228.2750688571,66836.3,64957.14,65857.565,37.059839144190505,NaN,NaN
1722456000,66042.92003442855,66042.92003442855,64530,64959.207500000004,30.169095335562474,NaN,NaN
1722470400,65501.06376721428,65501.06376721428,63750,64288.8275,26.247152158255858,NaN,NaN
1722484800,64894.94563360714,64894.94563360714,63584,64084.15,25.171238710040328,NaN,NaN
1722499200,64489.54781680357,64701.41,64299.87,64501.0325,31.34429219891632,NaN,NaN
1722513600,64495.29015840178,64949.58,62666.07,63799.1275,27.265804511055705,NaN,NaN
1722528000,64147.20882920089,64147.20882920089,62302,63035.32000000001,23.658245180199202,NaN,NaN
1722542400,63591.264414600446,65659.78,63336.61,64443.105,39.537159642255446,NaN,NaN
1722556800,64017.18470730023,65596.14,63668,64806.835,42.84496998140875,NaN,NaN
1722571200,64412.00985365012,64655.17,63807.29,64308.925,39.64737875009124,NaN,NaN
1722585600,64360.46742682506,64974,64044,64460.520000000004,41.0889579852808,NaN,NaN
1722600000,64410.493713412536,65524.01,62432.9,64008.232500000006,38.16030065492246,NaN,NaN
1722614400,64209.36310670627,64209.36310670627,62515,63043.9525,32.79361685640281,NaN,NaN
1722628800,63626.65780335313,63626.65780335313,61230.01,62137.295,28.70582284663071,NaN,NaN
1722643200,62881.97640167657,62881.97640167657,60505,61468.5825,26.11970225162699,NaN,NaN
1722657600,62175.27945083828,62175.27945083828,61398.01,61734.36,28.86278607256901,NaN,NaN
1722672000,61954.81972541914,62002.39,61457.89,61760.42,29.140596674450492,NaN,NaN
1722686400,61857.61986270957,62198.22,60833.33,61457.4825,27.78233330190585,NaN,NaN
1722700800,61657.551181354786,61657.551181354786,59920,60583.2525,24.267053145016334,NaN,NaN
1722715200,61120.4018406774,61120.4018406774,59850,60410.9825,23.632497833537414,NaN,NaN
1722729600,60765.6921703387,61117.63,60320,60717.655,27.278086004479917,NaN,NaN
1722744000,60741.67358516935,60938.54,60260,60576.8825,26.649201499556142,NaN,NaN
1722758400,60659.27804258467,61000,60081.57,60587.8925,26.79136022354922,NaN,NaN
1722772800,60623.58527129234,61097.55,58960,60009.89,24.14569185024952,NaN,NaN
1722787200,60316.73763564617,60316.73763564617,57122.77,58740.9125,19.575261434700806,NaN,NaN
1722801600,59528.82506782308,59583,58001.81,58750.869999999995,19.703699590203257,NaN,NaN
1722816000,59139.84753391154,59139.84753391154,52300.17,55664.4075,12.852286290934543,NaN,NaN
1722830400,57402.12751695577,57402.12751695577,49000,52535.442500000005,9.31577078311615,NaN,NaN
1722844800,54968.78500847789,54968.78500847789,50633.47,51966.51,8.839485788642946,NaN,NaN
1722859200,53467.64750423895,54980,49542.83,52545.98,13.680242049004733,NaN,NaN
1722873600,53006.81375211947,55600,52555,53986.5425,24.42443250683354,NaN,NaN
1722888000,53496.678126059734,55200,53462,54037.7225,24.782639806309817,NaN,NaN
1722902400,53767.20031302987,56276,53767.20031302987,54977.637500000004,31.229227566946477,NaN,NaN
1722916800,54372.41890651494,56169.48,54372.41890651494,55772.55,36.208757020252435,NaN,NaN
1722931200,55072.48445325747,56122,54600.01,55482.51,35.20705767842405,NaN,NaN
1722945600,55277.49722662874,56605.55,54371.94,55648.369999999995,36.2924411011959,NaN,NaN
1722960000,55462.933613314366,57040.99,55462.933613314366,56611.815,42.33521202852246,NaN,NaN
1722974400,56037.374306657184,56935.56,55800,56381.887500000004,41.32773433966788,NaN,NaN
1722988800,56209.630903328594,57287.99,55557.88,56432.4675,41.656659865649786,NaN,NaN
1723003200,56321.0492016643,57250,56321.0492016643,56894.405000000006,44.70550718108027,NaN,NaN
1723017600,56607.727100832155,57736.05,56607.727100832155,57122.6825,46.201666296547415,NaN,NaN
1723032000,56865.204800416075,57479.6,55650,56546.8725,43.03828434050854,NaN,NaN
1723046400,56706.03865020804,56706.03865020804,54676.35,55457.520000000004,37.769513606867676,NaN,NaN
1723060800,56081.77932510402,56081.77932510402,54558.62,55004.9975,35.80843022289511,NaN,NaN
1723075200,55543.38841255201,57636.36,54730,56137.465,43.68837192762165,NaN,NaN
1723089600,55840.426706276005,57434.35,55840.426706276005,57087.0125,49.3074466336328,NaN,NaN
1723104000,56463.719603138,57670.04,56463.719603138,57290.637500000004,50.44931353328057,NaN,NaN
1723118400,56877.178551569,59505,56700,58238.385,55.476311254966696,NaN,NaN
1723132800,57557.781775784504,59863,57557.781775784504,59485.7825,61.073852947390364,NaN,NaN
1723147200,58521.78213789225,62745.14,58521.78213789225,60785.7475,65.88708213145142,NaN,NaN
1723161600,59653.764818946125,61744.37,59653.764818946125,61377.19,67.83573426171421,NaN,NaN
1723176000,60515.47740947307,61390.7,60515.47740947307,61050.3225,65.6052560826759,NaN,NaN
1723190400,60782.89995473654,61210.31,60170.16,60724.822499999995,63.37069687427888,NaN,NaN
1723204800,60753.86122736827,61115.11,59535,60278.8975,60.338594020586704,NaN,NaN
1723219200,60516.37936368413,60750,59700,60235.41499999999,60.036938448622806,NaN,NaN
1723233600,60375.89718184206,60986.03,59909.16,60603.7425,61.77999404232959,NaN,NaN
1723248000,60489.81984092103,61470.58,60266.03,60753.11,62.4944164445798,NaN,NaN
1723262400,60621.464920460516,60851.91,60242,60593.44,61.177946033241305,NaN,NaN
1723276800,60607.452460230255,61116.65,60601.96,60870.375,62.64764073449729,NaN,NaN
1723291200,60738.91373011513,60949.99,60400,60696.69,61.08572534474767,NaN,NaN
1723305600,60717.80186505757,61196.63,60400,60782.244999999995,61.59367803871527,NaN,NaN
1723320000,60750.02343252878,61160,60750.02343252878,60964.33500000001,62.70935784866427,NaN,NaN
1723334400,60857.1792162644,61382.73,60857.1792162644,61070.8125,63.379273682044754,NaN,NaN
1723348800,60963.9958581322,61271.43,60881.36,61123.7,63.72783066408061,NaN,NaN
1723363200,61043.8479290661,61858,60425,61052.2875,62.85784478942663,NaN,NaN
1723377600,61048.06771453305,61048.06771453305,59941,60374.63,55.16219491851454,NaN,NaN
1723392000,60711.34885726652,60711.34885726652,59542.57,59910.24250000001,50.59115162135218,NaN,NaN
1723406400,60310.795678633265,60310.795678633265,58286.73,59073.7025,43.58469160534242,NaN,NaN
1723420800,59692.24908931663,59692.24908931663,58100.06,58602.619999999995,40.20771237550292,NaN,NaN
1723435200,59147.43454465832,59147.43454465832,57642.21,58452.792499999996,39.16825221197307,NaN,NaN
1723449600,58800.11352232916,59990,58125.75,59160.5175,46.2383980749898,NaN,NaN
1723464000,58980.315511164576,60711.09,57800,59642.542499999996,50.461491735951626,NaN,NaN
1723478400,59311.429005582286,60420.34,58440.54,59528.060000000005,49.46761234282019,NaN,NaN
1723492800,59419.744502791145,59745.99,58555.26,59172.97,46.41404804468758,NaN,NaN
1723507200,59296.35725139557,59923.28,58846.95,59289.2175,47.55539273115242,NaN,NaN
1723521600,59292.787375697786,59476,58830.23,59146.07000000001,46.24906057956367,NaN,NaN
1723536000,59219.42868784889,59331.99,58392.88,58948.23,44.43242072801137,NaN,NaN
1723550400,59083.829343924444,59776.7,58709.57,59197.135,47.240263221767954,NaN,NaN
1723564800,59140.48217196223,61578.1,59140.48217196223,60329.18,57.70744836958548,NaN,NaN
1723579200,59734.83108598112,61138.87,59734.83108598112,60733.9825,60.7092486790898,NaN,NaN
1723593600,60234.40679299056,61302.88,60234.40679299056,60816.97,61.31544004997151,NaN,NaN
1723608000,60525.68839649528,61162.2,60525.68839649528,60916.5875,62.07190376432617,NaN,NaN
1723622400,60721.13794824764,61453,60640.4,61076.072499999995,63.3089321877849,NaN,NaN
1723636800,60898.60522412382,61800,58823.52,60339.0225,54.4675832434358,NaN,NaN
1723651200,60618.813862061914,60618.813862061914,58615.06,59101.1225,43.48375205877063,NaN,NaN
1723665600,59859.968181030956,59859.968181030956,58433.18,58797.9225,41.28759379291186,NaN,NaN
1723680000,59328.94534051548,59328.94534051548,58010,58545.20250000001,39.49700489815345,NaN,NaN
1723694400,58937.07392025774,58937.07392025774,57713.88,58214.06,37.21926514641853,NaN,NaN
1723708800,58575.56696012887,58872.85,57964.85,58410.854999999996,39.453916689884544,NaN,NaN
1723723200,58493.21098006443,59787.37,58493.21098006443,59186.997500000005,47.40521726311785,NaN,NaN
1723737600,58840.10424003222,59849.38,56680,58314.92249999999,40.90502975835879,NaN,NaN
1723752000,58577.51337001611,58577.51337001611,56078.54,57137.735,34.1065211001722,NaN,NaN
1723766400,57857.624185008055,58517.47,57098.62,57761.785,39.81696003931648,NaN,NaN
1723780800,57809.70459250403,58666.77,57800.47,58203.557499999995,43.546714572278866,NaN,NaN
1723795200,58006.63104625201,58683.47,58006.63104625201,58439.792499999996,45.49205748123992,NaN,NaN
1723809600,58223.21177312601,58915.18,57526.31,58228.1375,44.02817373173061,NaN,NaN
1723824000,58225.674636563,59817.76,58000,58893.05500000001,49.523393603387035,NaN,NaN
1723838400,58559.36481828151,59715.69,58559.36481828151,59244.4175,52.194352063711875,NaN,NaN
1723852800,58901.89115914075,59389.18,58785.05,59051.7975,50.61320778416242,NaN,NaN
1723867200,58976.84432957038,59263.47,58976.84432957038,59180.4525,51.66639873623467,NaN,NaN
1723881600,59078.64841478519,59477.16,59060,59230.57,52.09497174374583,NaN,NaN
1723896000,59154.6092073926,59654.9,59100.28,59320.10249999999,52.89847314962671,NaN,NaN
1723910400,59237.355853696296,59700,59237.355853696296,59463.9025,54.22642768288743,NaN,NaN
1723924800,59350.629176848146,59500,59113.68,59394.715,53.445673694075616,NaN,NaN
1723939200,59372.67208842407,60259.01,59300,59597.104999999996,55.46564179061989,NaN,NaN
1723953600,59484.88854421204,59698,59256.56,59466.34,53.8401750839566,NaN,NaN
1723968000,59475.61427210602,60200,59436,59808.350000000006,57.359866294235275,NaN,NaN
1723982400,59641.98213605301,60284.99,59641.98213605301,59960.7075,58.86462073340109,NaN,NaN
1723996800,59801.344818026504,59945.83,59377.14,59723.83500000001,55.5806006779798,NaN,NaN
1724011200,59762.58990901326,59869.77,58408.92,59103.605,48.0254113428559,NaN,NaN
1724025600,59433.09745450663,59433.09745450663,58210.03,58534.515,42.33856932403505,NaN,NaN
1724040000,58983.80622725331,58983.80622725331,58359.5,58586.135,42.997914067441904,NaN,NaN
1724054400,58784.97061362666,58784.97061362666,57787.3,58339.455,40.608223091176626,NaN,NaN
1724068800,58562.21280681333,58970,58029.77,58483.987499999996,42.62040881902998,NaN,NaN
1724083200,58523.10015340666,59290,58380,58794.195,46.78744543102407,NaN,NaN
1724097600,58658.647576703326,59617.63,58658.647576703326,59234.417499999996,52.10337704908261,NaN,NaN
1724112000,58946.53253835166,60910.55,58946.53253835166,60082.884999999995,60.329271178303784,NaN,NaN
1724126400,59514.70876917583,61400,59514.70876917583,60879.895000000004,66.20133780691842,NaN,NaN
1724140800,60197.30188458791,60975,60197.30188458791,60705.012500000004,63.96403925025131,NaN,NaN
1724155200,60451.15719229396,60955.99,58680.01,59745.090000000004,53.31355568330577,NaN,NaN
1724169600,60098.12359614698,60098.12359614698,58548.23,59120.7575,47.745192548283555,NaN,NaN
1724184000,59609.440548073486,59722.72,58802.35,59262.7175,49.048309019760076,NaN,NaN
1724198400,59436.07902403674,59519.99,58783.47,59159.315,48.10724918344112,NaN,NaN
1724212800,59297.69701201837,59739.52,59183.13,59488.6625,51.31150765633303,NaN,NaN
1724227200,59393.17975600918,59924.13,59085.88,59520.785,51.625254375124015,NaN,NaN
1724241600,59456.98237800459,60201.98,58850,59481.229999999996,51.18783665189789,NaN,NaN
1724256000,59469.1061890023,61625.2,59375,60520.4975,60.62717210750038,NaN,NaN
1724270400,59994.80184450115,61820.93,59994.80184450115,61362.2725,66.31003619341945,NaN,NaN
1724284800,60678.53717225057,61229,59724.87,60664.7,58.743324398319174,NaN,NaN
1724299200,60671.61858612529,61114.23,60459.98,60776.855,59.54267817211906,NaN,NaN
1724313600,60724.23679306265,61400,60724.23679306265,61130.695,62.04145422523793,NaN,NaN
1724328000,60927.46589653133,61398.18,60100,60810.417499999996,58.51834255643,NaN,NaN
1724342400,60868.94169826566,60868.94169826566,60131,60361.6475,53.89971464026852,NaN,NaN
1724356800,60615.29459913283,60707.88,60288,60419.9275,54.403026754753604,NaN,NaN
1724371200,60517.61104956642,60968.24,60342.14,60569.880000000005,55.741917725836025,NaN,NaN
1724385600,60543.74552478321,61367.74,60543.74552478321,60903.24999999999,58.6489711018495,NaN,NaN
1724400000,60723.497762391606,61337.57,60691.11,60959.905,59.14016552712627,NaN,NaN
1724414400,60841.7013811958,62320.36,60741.68,61334.192500000005,62.32422429322963,NaN,NaN
1724428800,61087.9469405979,63819.16,61087.9469405979,62582.7575,70.56456912185219,NaN,NaN
1724443200,61835.352220298955,64955,61835.352220298955,64026.314999999995,76.8648865471981,NaN,NaN
1724457600,62930.83361014948,64206.7,62930.83361014948,63925.63250000001,75.64870580392532,NaN,NaN
1724472000,63428.23305507474,64332,63428.23305507474,64075.25,76.25008078352477,NaN,NaN
1724486400,63751.74152753737,64494.5,63751.74152753737,64145.6275,76.54352274840574,NaN,NaN
1724500800,63948.68451376869,64244,63872,63999.25,74.48223806271112,NaN,NaN
1724515200,63973.967256884345,64444,63903.58,64133.545000000006,75.14359816754616,NaN,NaN
1724529600,64053.756128442175,64328,63531,64056.652500000004,73.96161680290078,NaN,NaN
1724544000,64055.20431422109,64507.04,64000,64191.2675,74.71157084987456,NaN,NaN
1724558400,64123.235907110546,64196,63785.76,63987.75750000001,71.36512610388309,NaN,NaN
1724572800,64055.496703555276,64055.496703555276,63773.27,63881.362499999996,69.60968758579403,NaN,NaN
1724587200,63968.429601777636,64288,63805,64024.77,70.65738001216968,NaN,NaN
1724601600,63996.59980088881,64248.66,63996.59980088881,64142.060000000005,71.52210948338698,NaN,NaN
1724616000,64069.32990044441,65000,64069.32990044441,64382.4775,73.26154169493401,NaN,NaN
1724630400,64225.9037002222,64481,63790,64151.494999999995,68.90682773954461,NaN,NaN
1724644800,64188.6993501111,64205.31,63420,63841.83,63.46071914947286,NaN,NaN
1724659200,64015.26467505555,64039.2,63220.95,63686.53999999999,60.86287808981224,NaN,NaN
1724673600,63850.902337527776,63958.95,63061,63602.87,59.45074429706439,NaN,NaN
1724688000,63726.886168763886,63878.78,63192.04,63486.5875,57.45555254553466,NaN,NaN
1724702400,63606.73683438194,63606.73683438194,62800,63133.6425,51.77577519636128,NaN,NaN
1724716800,63370.18966719097,63370.18966719097,62657,62918.25,48.61715728453434,NaN,NaN
1724731200,63144.21983359549,63200,62701.06,62943.3425,49.007436451063946,NaN,NaN
1724745600,63043.781166797744,63043.781166797744,62230,62637.33,44.56211702395283,NaN,NaN
1724760000,62840.55558339888,62840.55558339888,61473.03,62023.5375,37.26137561449469,NaN,NaN
1724774400,62432.04654169944,62432.04654169944,61518.74,61881.6575,35.801271295312546,NaN,NaN
1724788800,62156.85202084972,62156.85202084972,58034.01,60413.255000000005,24.918220696975737,NaN,NaN
1724803200,61285.05351042486,61285.05351042486,58917.12,59402.7825,20.336811100176675,NaN,NaN
1724817600,60343.91800521243,60343.91800521243,58516,59101.747500000005,19.204016080749014,NaN,NaN
1724832000,59722.83275260622,60234.98,58534.35,59326.3275,22.664876076316446,NaN,NaN
1724846400,59524.58012630311,60160,58443.07,59384.515,23.578262326099846,NaN,NaN
1724860800,59454.54756315156,59849.99,57860,58902.21,21.329539575840982,NaN,NaN
1724875200,59178.37878157578,59602,58623.01,59039.69,23.567260820527835,NaN,NaN
1724889600,59109.03439078789,59320,58878.46,59093.615,24.4747093724651,NaN,NaN
1724904000,59101.324695393945,59764,59049.79,59384.695,29.350642076756813,NaN,NaN
1724918400,59243.00984769697,60477,59243.00984769697,59875.485,36.763736328753794,NaN,NaN
1724932800,59559.24742384849,61166.99,59559.24742384849,60501.009999999995,44.724546477554156,NaN,NaN
1724947200,60030.12871192424,60960,58915.01,59978.25,40.17291801237408,NaN,NaN
1724961600,60004.189355962124,60004.189355962124,58713.09,59242.115000000005,34.80182493411783,NaN,NaN
1724976000,59623.152177981065,59623.152177981065,58899.7,59194.5875,34.481282962831315,NaN,NaN
1724990400,59408.86983899053,59582.86,58685,59142.74,34.1121696060772,NaN,NaN
1725004800,59275.80491949526,59674.42,59271,59403.1325,37.718148602017514,NaN,NaN
1725019200,59339.46870974763,59944.07,57946.01,58845.2675,33.48941026760177,NaN,NaN
1725033600,59092.368104873814,59371,57701.1,58466.78,30.953805259555708,NaN,NaN
1725048000,58779.5740524369,59298.89,58700,58955.725,37.53361898044898,NaN,NaN
1725062400,58867.64952621845,59462.38,58867.64952621845,59222.195,40.84232327778232,NaN,NaN
1725076800,59044.92226310923,59350,59043.12,59180.0325,40.4769955845281,NaN,NaN
1725091200,59112.477381554614,59188.9,58831.88,59059.195,39.389536106068626,NaN,NaN
1725105600,59085.83619077731,59244.04,58892.15,59065.93,39.487118888285494,NaN,NaN
1725120000,59075.88309538865,59140.01,58744,58936.6375,38.2151355882261,NaN,NaN
1725134400,59006.26029769432,59141.72,58763.29,58933.75,38.185551487493775,NaN,NaN
1725148800,58970.005148847165,59076.59,58276.01,58712.7025,35.89467690238858,NaN,NaN
1725163200,58841.35382442358,58841.35382442358,57777,58344.957500000004,32.410980724475976,NaN,NaN
1725177600,58593.15566221179,58593.15566221179,57840,58265.9925,31.69954479281448,NaN,NaN
1725192000,58429.57408110589,58429.57408110589,57201,58004.7225,29.400055643674165,NaN,NaN
1725206400,58217.14829055295,58788.93,57864.3,58346.057499999995,35.9381854031692,NaN,NaN
1725220800,58281.602895276475,58656.77,57205,57919.41,31.954750912124027,NaN,NaN
1725235200,58100.50644763824,58100.50644763824,57128,57484.73,28.489949479529216,NaN,NaN
1725249600,57792.618223819125,57987.99,57362.06,57660.009999999995,31.70564634589111,NaN,NaN
1725264000,57726.31411190956,58680.76,57520.12,58042.7225,38.236431050498105,NaN,NaN
1725278400,57884.518305954785,58808,57884.518305954785,58468,44.57866152873116,NaN,NaN
1725292800,58176.25915297739,58666.64,58176.25915297739,58484.435,44.81450105617553,NaN,NaN
1725307200,58330.347076488695,59425.69,58330.347076488695,58845.615000000005,49.86378505104632,NaN,NaN
1725321600,58587.981038244354,59809.65,58587.981038244354,59268.595,55.050694145107855,NaN,NaN
1725336000,58928.28801912218,59259,58872,59088.5,52.55748794384949,NaN,NaN
1725350400,59008.39400956109,59195.63,58717,59024.16,51.657385572932576,NaN,NaN
1725364800,59016.277004780546,59350,57568,58428.7525,44.12607536146237,NaN,NaN
1725379200,58722.51475239027,58722.51475239027,57589.01,57902.777500000004,38.75130480804107,NaN,NaN
1725393600,58312.64612619513,58312.64612619513,57415,57798.93,37.77302734901923,NaN,NaN
1725408000,58055.78806309757,58055.78806309757,55606,56922.8125,30.725646540561627,NaN,NaN
1725422400,57489.300281548785,57489.300281548785,56201,56620.4975,28.733520507756367,NaN,NaN
1725436800,57054.89889077439,57054.89889077439,56453,56670.485,29.54691680032502,NaN,NaN
1725451200,56862.691945387196,58181.43,56187.61,57269.009999999995,38.58537309693408,NaN,NaN
1725465600,57065.850972693595,58519,57065.850972693595,58089.2525,48.362365052073876,NaN,NaN
1725480000,57577.551736346795,58390,57577.551736346795,58052.84,47.99707226243357,NaN,NaN
1725494400,57815.195868173396,58327.07,56891.07,57581.115000000005,43.42134700676162,NaN,NaN
1725508800,57698.1554340867,57698.1554340867,56541.68,57030.825,38.77717047246368,NaN,NaN
1725523200,57364.49021704335,57364.49021704335,56623,56927.027500000004,37.95260160114723,NaN,NaN
1725537600,57145.75885852167,57350,55817.51,56460.38250000001,34.410017865515314,NaN,NaN
1725552000,56803.07067926084,56803.07067926084,55800,56136.505000000005,32.165863956414285,NaN,NaN
1725566400,56469.78783963042,56469.78783963042,55643.65,56035.905,31.479124080597714,NaN,NaN
1725580800,56252.84641981521,56858.88,55989,56403.97,36.79595830951029,NaN,NaN
1725595200,56328.408209907604,56747.91,55280,56105.052500000005,34.45752092418226,NaN,NaN
1725609600,56216.730354953805,56262.11,55639,55926.12,33.101411564625636,NaN,NaN
1725624000,56071.42517747691,57008,53808,55215.025,28.329685379117805,NaN,NaN
1725638400,55643.22508873846,55643.22508873846,53267.54,53820.455,21.717602863818968,NaN,NaN
1725652800,54731.84004436923,54731.84004436923,52550,53504.3075,20.546822833083453,NaN,NaN
1725667200,54118.073772184616,54118.073772184616,53745.54,53905.7675,26.00213749624298,NaN,NaN
1725681600,54011.92063609231,54405.37,53814,54081.0725,28.316670678659975,NaN,NaN
1725696000,54046.49656804616,54492.98,54046.49656804616,54318.302500000005,31.441769984618958,NaN,NaN
1725710400,54182.39953402308,54829,54182.39953402308,54565.2525,34.636295894390784,NaN,NaN
1725724800,54373.82601701154,54850,54000,54508.5025,34.24143844351343,NaN,NaN
1725739200,54441.16425850577,54441.16425850577,53814.01,54204.21250000001,32.12658645935153,NaN,NaN
1725753600,54322.68837925289,54509,53964,54259.212499999994,32.932887605421215,NaN,NaN
1725768000,54290.95043962644,54575,54261.1,54418.832500000004,35.333842181521106,NaN,NaN
1725782400,54354.89146981322,54722.85,54354.89146981322,54517.795,36.84343856696102,NaN,NaN
1725796800,54436.34323490661,54567,53640,54112.520000000004,33.4042976284903,NaN,NaN
1725811200,54274.43161745331,54531.1,53629.01,54046.027500000004,32.862302555270674,NaN,NaN
1725825600,54160.229558726656,55318,54160.229558726656,54677.24249999999,42.41435243005456,NaN,NaN
1725840000,54418.736029363325,55370.23,54418.736029363325,55010.9675,46.72965969397924,NaN,NaN
1725854400,54714.85176468166,55150,54591.96,54957.7425,46.135849562232714,NaN,NaN
1725868800,54836.29713234083,55555,54836.29713234083,55188.47,49.15229002044114,NaN,NaN
1725883200,55012.383566170414,55799,54804,55313.4675,50.76104685055587,NaN,NaN
1725897600,55162.9255330852,57177,55162.9255330852,56250.2675,60.77695898109198,NaN,NaN
1725912000,55706.5965165426,58088,55706.5965165426,57257.3825,68.25341210867651,NaN,NaN
1725926400,56481.989508271305,57065.34,56481.989508271305,56788.7375,62.30217607238894,NaN,NaN
1725940800,56635.363504135654,57290,56386.4,56854.9275,62.795588769113564,NaN,NaN
1725955200,56745.145502067826,57378,56745.145502067826,57175.8025,65.17522484412613,NaN,NaN
1725969600,56960.474001033916,57468.98,56502.31,56948.825,62.14713451002238,NaN,NaN
1725984000,56954.649500516956,58044.36,56566,57289.595,64.7919279697118,NaN,NaN
1725998400,57122.12225025848,57975.99,57122.12225025848,57754.2475,68.06811826930465,NaN,NaN
1726012800,57438.18487512924,57750,56681.32,57221.715,61.05587667880075,NaN,NaN
1726027200,57329.94993756462,57329.94993756462,56100,56612.78,54.1823381612011,NaN,NaN
1726041600,56971.364968782305,56971.364968782305,56325.7,56682.88,54.81300232018378,NaN,NaN
1726056000,56827.12248439115,57166.66,55545.19,56552.770000000004,53.34529752911792,NaN,NaN
1726070400,56689.946242195576,57981.71,56646,57228.6075,59.423144994562236,NaN,NaN
1726084800,56959.27687109778,57676.83,56959.27687109778,57452.8575,61.22802028212745,NaN,NaN
1726099200,57206.06718554889,58470.01,57206.06718554889,57841.1825,64.19781184257258,NaN,NaN
1726113600,57523.62484277444,58430.56,57523.62484277444,58159.4325,66.46488500867969,NaN,NaN
1726128000,57841.52867138722,58350,57841.52867138722,58110.034999999996,65.76874473480987,NaN,NaN
1726142400,57975.781835693604,58588,57345.23,57875.815,62.42986637376177,NaN,NaN
1726156800,57925.7984178468,58450.99,57494.01,57961.2575,63.1645190135763,NaN,NaN
1726171200,57943.5279589234,58388,57781.1,58172.355,64.98620020469528,NaN,NaN
1726185600,58057.941479461704,58290.4,57798.49,58016.792499999996,62.53197353160548,NaN,NaN
1726200000,58037.36698973085,58137.68,57742,57958.74,61.59709655191347,NaN,NaN
1726214400,57998.053494865424,58350,57815,58036.3525,62.40630931398602,NaN,NaN
1726228800,58017.202997432716,59723.97,57632.62,58723.7675,68.69770328604858,NaN,NaN
1726243200,58370.48524871636,59999,58370.48524871636,59680.2525,74.9735809902204,NaN,NaN
1726257600,59025.36887435818,60625,59025.36887435818,60125.097499999996,77.25736143992731,NaN,NaN
1726272000,59575.23318717909,60610.45,59575.23318717909,60430.84,78.6963006470701,NaN,NaN
1726286400,60003.03659358954,60348.24,59900,60178.94,74.51325895139229,NaN,NaN
1726300800,60090.98829679477,60156,59605.98,59901.6275,70.09595967682552,NaN,NaN
1726315200,59996.30789839738,60010,59626.01,59804.6025,68.5644451512036,NaN,NaN
1726329600,59900.455199198695,59983.39,59400,59767.345,67.95049165096017,NaN,NaN
1726344000,59833.90009959935,60134.13,59774,59927.7925,69.22837404392641,NaN,NaN
1726358400,59880.846299799676,60280.06,59880.846299799676,60103.755,70.61228207542163,NaN,NaN
1726372800,59992.30064989984,60216,59992.30064989984,60150.2075,70.98328613683324,NaN,NaN
1726387200,60071.25407494992,60204,59880,60070.125,69.35766082589974,NaN,NaN
1726401600,60070.68953747496,60395.8,59871,60150.68,70.09945433466979,NaN,NaN
1726416000,60110.68476873748,60352.65,59707.08,60068.340000000004,68.27993262731614,NaN,NaN
1726430400,60089.51238436875,60089.51238436875,58691.05,59410.095,55.808781692286004,NaN,NaN
1726444800,59749.803692184374,59749.803692184374,58112,58757.4475,46.70095064260526,NaN,NaN
1726459200,59253.625596092184,59253.625596092184,58312.54,58692.1825,45.89435103939786,NaN,NaN
1726473600,58972.9040480461,59179.35,58506,58815.11,47.72571137871904,NaN,NaN
1726488000,58894.00702402305,58894.00702402305,57553.38,58222.25,40.58998946941051,NaN,NaN
1726502400,58558.12851201152,58558.12851201152,57493.3,57895.7075,37.28344905842305,NaN,NaN
1726516800,58226.918006005755,58410,57608,58043.994999999995,39.686265683491264,NaN,NaN
1726531200,58135.456503002875,58343.99,57610.01,58056.9975,39.903682595947295,NaN,NaN
1726545600,58096.22700150144,58779.08,58028,58390.61750000001,45.347425762935934,NaN,NaN
1726560000,58243.42225075072,59300,58243.42225075072,58928.185,52.77116354176545,NaN,NaN
1726574400,58585.80362537536,61320,58585.80362537536,60102.127499999995,64.20581603834202,NaN,NaN
1726588800,59343.96556268768,61261,59343.96556268768,60495.685,67.08308768427113,NaN,NaN
1726603200,59919.82528134384,60424.25,59715.42,60105.41,61.77960955674789,NaN,NaN
1726617600,60012.61764067192,60769,59854.6,60361.895,63.804838737465914,NaN,NaN
1726632000,60187.25632033596,60689.62,60187.25632033596,60456.8275,64.55350790743387,NaN,NaN
1726646400,60322.04191016798,60428.01,59348.88,60012.725,58.46147570182884,NaN,NaN
1726660800,60167.38345508399,60167.38345508399,59308.61,59685.947499999995,54.39380842285448,NaN,NaN
1726675200,59926.66547754199,61318.6,59174.8,59995.145000000004,57.413198236512905,NaN,NaN
1726689600,59960.905238770996,61786.24,59473.68,60769.475,63.86521703402269,NaN,NaN
1726704000,60365.1901193855,62589.52,60365.1901193855,62005.6225,71.33218221246293,NaN,NaN
1726718400,61185.40630969275,62179.99,61185.40630969275,62051.49,71.56696237198281,NaN,NaN
1726732800,61618.448154846374,62727.52,61618.448154846374,62338.784999999996,73.05545047097523,NaN,NaN
1726747200,61978.616577423185,63500.84,61978.616577423185,62970.615,76.02772071743492,NaN,NaN
1726761600,62474.61578871159,63850,62474.61578871159,63299.005,77.42178057097806,NaN,NaN
1726776000,62886.810394355794,63254.14,62650,63026.03,73.59077232361238,NaN,NaN
1726790400,62956.4201971779,63750,62606,63261.54,74.7515672934264,NaN,NaN
1726804800,63108.980098588945,64133.32,63108.980098588945,63697.64750000001,76.78632457392563,NaN,NaN
1726819200,63403.313799294476,63700,63090.43,63438.81,73.02477542332186,NaN,NaN
1726833600,63421.06189964723,63544.37,62553.9,63173.0675,69.27276622640662,NaN,NaN
1726848000,63297.06469982362,63297.06469982362,62350,62898.78,65.53023793386677,NaN,NaN
1726862400,63097.92234991181,63300,62709.3,63004.869999999995,66.28886622986317,NaN,NaN
1726876800,63051.3961749559,63310.37,62816.47,63054.365000000005,66.65755487244925,NaN,NaN
1726891200,63052.88058747795,63134,62758,62968.15,65.31750133165227,NaN,NaN
1726905600,63010.51529373898,63136,62966.01,63070.7,66.18822091066903,NaN,NaN
1726920000,63040.60764686949,63306,63036.92,63150.165,66.88205591558119,NaN,NaN
1726934400,63095.386323434745,63400,63086,63214.3925,67.46321185011847,NaN,NaN
1726948800,63154.88941171738,63559.9,63058,63292.612499999996,68.19519901841024,NaN,NaN
1726963200,63223.75095585869,63450,62830.01,63183.745,65.97063665412503,NaN,NaN
1726977600,63203.74797792935,63203.74797792935,62838,63020,62.65982523484378,NaN,NaN
1726992000,63111.873988964675,63111.873988964675,62544.94,62824.9825,58.870419399829885,NaN,NaN
1727006400,62968.42824448233,62968.42824448233,62429.16,62698.82,56.490308087724195,NaN,NaN
1727020800,62833.62412224116,63229.5,62468.01,62877.4075,59.01621673504176,NaN,NaN
1727035200,62855.51581112058,64000,62357.93,63274.1725,64.01455343873208,NaN,NaN
1727049600,63064.84415556029,64745.88,62538.75,63804.3475,69.38718756630709,NaN,NaN
1727064000,63434.59582778015,64455.13,63400,63939.4875,70.59241520064529,NaN,NaN
1727078400,63687.04166389008,63710,63300,63498.467500000006,62.012132963437914,NaN,NaN
1727092800,63592.754581945046,63806,63059.93,63479.74,61.669350095020164,NaN,NaN
1727107200,63536.24729097252,63825.96,63098.97,63460.369999999995,61.29196868011936,NaN,NaN
1727121600,63498.30864548626,63498.30864548626,63088.69,63304.4225,58.203834153596674,NaN,NaN
1727136000,63401.36557274313,63401.36557274313,62700,63141.3,55.07782968881464,NaN,NaN
1727150400,63271.33278637157,63569.99,62900,63288.479999999996,57.305883343268135,NaN,NaN
1727164800,63279.90639318578,63948,63279.90639318578,63591.5675,61.53662243431639,NaN,NaN
1727179200,63435.73694659289,63768,62731.1,63284.36,55.53007460248244,NaN,NaN
1727193600,63360.04847329645,64375,63088.02,63728.837499999994,61.40057087504334,NaN,NaN
1727208000,63544.442986648224,64688,63544.442986648224,64302.427500000005,67.38429612796017,NaN,NaN
1727222400,63923.435243324115,64817.99,63923.435243324115,64382.775,68.12960063717598,NaN,NaN
1727236800,64153.105121662054,64460.23,63645.49,64102.265,62.73936472074519,NaN,NaN
1727251200,64127.68506083103,64127.68506083103,63407.7,63751.03,56.69122402266581,NaN,NaN
1727265600,63939.35753041551,63999,63283.37,63654.01,55.11082465952977,NaN,NaN
1727280000,63796.68376520775,63796.68376520775,63000,63336.79,50.184690493126276,NaN,NaN
1727294400,63566.73688260387,63566.73688260387,62947.08,63208.10250000001,48.29859235493895,NaN,NaN
1727308800,63387.41969130194,63544,62670,63220.0875,48.4927469988308,NaN,NaN
1727323200,63303.75359565097,63874.41,63303.75359565097,63645.207500000004,54.95456058359922,NaN,NaN
1727337600,63474.480547825486,64500,63474.480547825486,64085.432499999995,60.48317083083188,NaN,NaN
1727352000,63779.95652391274,65550,63779.95652391274,64830.7525,67.70915917806315,NaN,NaN
1727366400,64305.35451195637,65839,64305.35451195637,65118.0875,69.98764183044908,NaN,NaN
1727380800,64711.72100597819,65244,64633.52,64940.645,66.85056430752232,NaN,NaN
1727395200,64826.18300298909,65425,64819.9,65196.225,69.00553763585498,NaN,NaN
1727409600,65011.204001494545,65550,65011.204001494545,65369.005,70.4061517219702,NaN,NaN
1727424000,65190.10450074727,65986,65190.10450074727,65556.53749999999,71.8908878216444,NaN,NaN
1727438400,65373.32100037363,66498,65314.31,65813.92,73.83139624108321,NaN,NaN
1727452800,65593.62050018681,66360,65524,65887,74.37237592353301,NaN,NaN
1727467200,65740.3102500934,65962,65625,65753.735,71.47081697468367,NaN,NaN
1727481600,65747.0226250467,66260,65720,65953.4275,73.16057048258833,NaN,NaN
1727496000,65850.22506252336,66087,65738,65928.1925,72.5755773613435,NaN,NaN
1727510400,65889.20878126168,65889.20878126168,65453,65724.75749999999,67.86446813465206,NaN,NaN
1727524800,65806.98314063084,65816,65422.23,65663.8425,66.47303782575977,NaN,NaN
1727539200,65735.41282031543,65823.08,65492.59,65664.7025,66.48348591175724,NaN,NaN
1727553600,65700.0576601577,65982.16,65432,65749.04000000001,67.55142175275535,NaN,NaN
1727568000,65724.54883007886,65984,65647.28,65826.3,68.54033694723697,NaN,NaN
1727582400,65775.42441503942,65815.93,65432,65635.2175,63.39439225617862,NaN,NaN
1727596800,65705.32095751971,65720,65433,65580.4825,61.95938250901325,NaN,NaN
1727611200,65642.90172875985,65850,65576.21,65717.3675,64.14526089710387,NaN,NaN
1727625600,65680.13461437993,65972.17,65654.01,65834.085,65.94230403412107,NaN,NaN
1727640000,65757.10980718996,66076.12,65528,65791.235,64.66099510582286,NaN,NaN
1727654400,65774.17240359497,65774.17240359497,64190,64991.1225,46.49434711550095,NaN,NaN
1727668800,65382.647451797486,65382.647451797486,64310,64543.925,39.76906121662054,NaN,NaN
1727683200,64963.286225898744,64963.286225898744,63249.68,64051.785,33.94918289302666,NaN,NaN
1727697600,64507.535612949374,64507.535612949374,63508,63762.485,31.070697556839832,NaN,NaN
1727712000,64135.01030647469,64135.01030647469,63056,63460.917499999996,28.370347107235943,NaN,NaN
1727726400,63797.96390323734,63860,62856.3,63382.972499999996,27.70024475534916,NaN,NaN
1727740800,63590.46820161867,63744,63006.7,63450.445,29.257922189624736,NaN,NaN
1727755200,63520.45660080934,64130.63,63520.45660080934,63888.020000000004,38.5103018513878,NaN,NaN
1727769600,63704.23830040467,64118,63704.23830040467,63901.4525,38.7750258264013,NaN,NaN
1727784000,63802.845400202335,63809.97,61814.01,62996.71000000001,29.547836570666092,NaN,NaN
1727798400,63399.77770010117,63399.77770010117,61092,62063.8925,23.372294785327085,NaN,NaN
1727812800,62731.835100050586,62731.835100050586,60164,61121.627499999995,19.04276735007859,NaN,NaN
1727827200,61926.73130002529,61926.73130002529,60733.81,61293.049999999996,21.878020414537573,NaN,NaN
1727841600,61609.89065001265,61940,61350,61691.965,28.181358291402915,NaN,NaN
1727856000,61650.92782500632,61914.34,60888.88,61423.655,26.625275724917728,NaN,NaN
1727870400,61537.29141250316,61926.9,60524.21,61372.2825,26.325548174884474,NaN,NaN
1727884800,61454.786956251584,62390.31,60000,61113.582500000004,24.810854923546046,NaN,NaN
1727899200,61284.184728125794,61284.184728125794,60128,60491.6325,21.594047602972992,NaN,NaN
1727913600,60887.90861406289,61464,60536,61028.314999999995,30.024934760340983,NaN,NaN
1727928000,60958.11180703144,61477.19,60814.12,61170.3275,32.10536669285288,NaN,NaN
1727942400,61064.21965351572,61070.47,60126.56,60721.9425,29.1577352939493,NaN,NaN
1727956800,60893.08107675786,60900,59828.11,60533.58500000001,27.99496997223565,NaN,NaN
1727971200,60713.33303837893,61058,59917.02,60663.13,30.060738909841447,NaN,NaN
1727985600,60688.23151918946,61100,60596.4,60871.2775,33.368497024912514,NaN,NaN
1728000000,60779.75450959473,61272.73,60459.9,60859.335,33.27126914728255,NaN,NaN
1728014400,60819.54475479736,61544.98,60819.54475479736,61219.317500000005,39.03744814761223,NaN,NaN
1728028800,61019.43112739868,61646.27,61019.43112739868,61451.5425,42.48993009935223,NaN,NaN
1728043200,61235.48681369935,62004.48,60753.97,61520.332500000004,43.51048678596913,NaN,NaN
1728057600,61377.909656849675,62468,61377.909656849675,62088.265,51.208727362196264,NaN,NaN
1728072000,61733.08732842484,62484.85,61733.08732842484,62225.9975,52.885606059337796,NaN,NaN
1728086400,61979.54241421242,62214,61689.26,61962.8125,49.39236385026801,NaN,NaN
1728100800,61971.17745710621,62268.28,61824.01,62007.6175,49.99788541720308,NaN,NaN
1728115200,61989.3974785531,62326.48,61989.3974785531,62164.7175,52.159335231994106,NaN,NaN
1728129600,62077.05748927655,62370.56,62077.05748927655,62204.5525,52.7174595023337,NaN,NaN
1728144000,62140.804994638274,62180,61790,61996.5325,49.4717059353178,NaN,NaN
1728158400,62068.66874731914,62100,61700,61926.62,48.39330373487253,NaN,NaN
1728172800,61997.64437365957,62150,61876,61990.6675,49.47978220943288,NaN,NaN
1728187200,61994.15593682979,62010,61798.97,61909.16,48.092165640674274,NaN,NaN
1728201600,61951.6579684149,62176.75,61922,62037.42,50.44715338757923,NaN,NaN
1728216000,61994.53898420745,62777,61994.53898420745,62416.06,56.69353377492045,NaN,NaN
1728230400,62205.299492103724,62975,62205.299492103724,62719.0975,60.93752205496455,NaN,NaN
1728244800,62462.19849605186,62912.33,62302,62666.405,59.83941202221479,NaN,NaN
1728259200,62564.30174802593,63970.19,62564.30174802593,63244.512500000004,66.88918889550953,NaN,NaN
1728273600,62904.40712401297,63753.91,62904.40712401297,63529.2225,69.70928337439753,NaN,NaN
1728288000,63216.81481200649,63706,62649.95,63255.8475,64.06683174909213,NaN,NaN
1728302400,63236.331156003245,64478.19,62825.37,63522.652500000004,66.8841325177967,NaN,NaN
1728316800,63379.49182800163,63906.57,62735.9,63419.015,64.7601393054245,NaN,NaN
1728331200,63399.253414000814,63410,62128,62785.9975,53.57000744285626,NaN,NaN
1728345600,63092.62545700041,63092.62545700041,62156.02,62457.457500000004,48.85191701533393,NaN,NaN
1728360000,62775.04147850021,62778.04,62005,62433.2075,48.512288233716795,NaN,NaN
1728374400,62604.1244892501,62670.16,62193.63,62451.9475,48.808473522234365,NaN,NaN
1728388800,62528.035994625054,63200,61864.89,62494.229999999996,49.514149483619484,NaN,NaN
1728403200,62511.132997312525,62598,61860.31,62247.9625,45.57364240985689,NaN,NaN
1728417600,62379.54774865626,62565.95,62026.13,62249.64,45.605397891402625,NaN,NaN
1728432000,62314.59387432813,62494,62002.5,62262.7675,45.871555667521676,NaN,NaN
1728446400,62288.680687164066,62543.75,62200,62353.65,47.77671144757196,NaN,NaN
1728460800,62321.16534358203,62321.16534358203,62046.69,62202.6375,44.94589141056102,NaN,NaN
1728475200,62261.901421791015,62412.09,61634.61,62140.6725,43.79911285844717,NaN,NaN
1728489600,62201.28696089551,62350,60835,61633.245,35.754086375409074,NaN,NaN
1728504000,61917.26598044776,61917.26598044776,60301,60772.884999999995,26.77421982052691,NaN,NaN
1728518400,61345.07549022388,61345.07549022388,60355,60703.075000000004,26.199236892458288,NaN,NaN
1728532800,61024.07524511194,61149.58,60814.9,60932.4425,31.41107646116319,NaN,NaN
1728547200,60978.25887255597,61321.68,60630.71,61028.6,33.53036195789433,NaN,NaN
1728561600,61003.429436277984,61320,60444.99,60954.09,32.68754386265955,NaN,NaN
1728576000,60978.75971813899,61030.31,58946,60123.237499999996,25.10855350546231,NaN,NaN
1728590400,60550.99860906949,60550.99860906949,59586.29,59992.30499999999,24.15795432817596,NaN,NaN
1728604800,60271.65180453474,60768.64,60087.64,60449.17,33.60386151148569,NaN,NaN
1728619200,60360.410902267366,60925.16,60360.410902267366,60697.965000000004,38.12344297427674,NaN,NaN
1728633600,60529.18795113369,61263.4,60529.18795113369,60940.8475,42.255846074200264,NaN,NaN
1728648000,60735.017725566846,62450,60735.017725566846,61753.412500000006,53.45522718631093,NaN,NaN
1728662400,61244.21511278342,63417.56,61244.21511278342,62721.402500000004,62.728966426835264,NaN,NaN
1728676800,61982.80880639171,63160,61982.80880639171,62785.925,63.254515103665376,NaN,NaN
1728691200,62384.366903195856,63073.78,62384.366903195856,62667.25,61.535806908374354,NaN,NaN
1728705600,62525.80845159793,62800,62525.80845159793,62675.270000000004,61.611718674748104,NaN,NaN
1728720000,62600.539225798966,63260.53,62600.539225798966,62909.3375,63.85387383311188,NaN,NaN
1728734400,62754.938362899484,63480,62754.938362899484,63099.6075,65.6121454286785,NaN,NaN
1728748800,62927.27293144974,63400,62911,63117.1275,65.77722294088292,NaN,NaN
1728763200,63022.20021572487,63388,63000,63148.5575,66.09169630067453,NaN,NaN
1728777600,63085.37885786244,63285.72,62654.91,62964.7925,62.47684211312701,NaN,NaN
1728792000,63025.085678931224,63025.085678931224,62707.21,62813.25,59.582696543073226,NaN,NaN
1728806400,62919.16783946561,62962,62520.18,62721.7475,57.84042449627022,NaN,NaN
1728820800,62820.4576697328,62820.4576697328,62050,62414.6625,52.31192996633618,NaN,NaN
1728835200,62617.5600848664,62887.78,62177.67,62507.27250000001,53.74772509389003,NaN,NaN
1728849600,62562.416292433205,63125,62562.416292433205,62834.99999999999,58.5085383560262,NaN,NaN
1728864000,62698.708146216595,64392.49,62457.81,63505.0775,66.17482328816267,NaN,NaN
1728878400,63101.8928231083,64686,63101.8928231083,64346.3725,72.93604828158158,NaN,NaN
1728892800,63724.13266155415,65188.57,63724.13266155415,64767.62,75.56931401485721,NaN,NaN
1728907200,64245.87633077707,66299.93,64245.87633077707,65437.634999999995,79.05931971575768,NaN,NaN
1728921600,64841.75566538853,66072.3,64841.75566538853,65835.17499999999,80.8108853050048,NaN,NaN
1728936000,65338.465332694264,66500,65338.465332694264,66063.35,81.75422857925466,NaN,NaN
1728950400,65700.90766634714,66330,65324.4,65784.6,76.7878606899123,NaN,NaN
1728964800,65742.75383317357,65846,65201,65521.432499999995,72.32107033749939,NaN,NaN
1728979200,65632.09316658678,65850,65280,65542.1075,72.456626131473,NaN,NaN
1728993600,65587.10033329339,67950,64800.01,66042.9225,75.5768576975556,NaN,NaN
1729008000,65815.0114166467,67390.89,65815.0114166467,66591.4075,78.45544454443571,NaN,NaN
1729022400,66203.20945832334,67156.47,66130.64,66832.8575,79.59556194395664,NaN,NaN
1729036800,66518.03347916168,67561.04,66518.03347916168,67120.41249999999,80.89243027843779,NaN,NaN
1729051200,66819.22298958083,67361.41,66775.67,67051.4,79.58507271127174,NaN,NaN
1729065600,66935.31149479041,68424,66917.52,67552.1925,81.87433329642924,NaN,NaN
1729080000,67243.75199739521,68308.91,67117.18,67767.7025,82.76976582611319,NaN,NaN
1729094400,67505.7272486976,68100,67482,67765,82.71458300217145,NaN,NaN
1729108800,67635.3636243488,67954.03,67500,67700.5125,81.32132620922339,NaN,NaN
1729123200,67667.93806217439,67939.4,67406.99,67641.94750000001,80.0033590269398,NaN,NaN
1729137600,67654.9427810872,67654.9427810872,67087.35,67398.33249999999,74.5880882082883,NaN,NaN
1729152000,67526.6376405436,67530.01,66741.09,67111.67749999999,68.69582071093944,NaN,NaN
1729166400,67319.1575702718,67680,66666,67202.275,69.5154806446424,NaN,NaN
1729180800,67260.71628513589,67590.67,66720,67185.33499999999,69.1508853956056,NaN,NaN
1729195200,67223.02564256794,67480,66827.68,67142.36499999999,68.17413023995229,NaN,NaN
1729209600,67182.69532128397,68260.92,67182.69532128397,67607.61499999999,72.67462098693892,NaN,NaN
1729224000,67395.15516064198,68378.95,67395.15516064198,67862.015,74.77512726665515,NaN,NaN
1729238400,67628.58508032099,68050,67628.58508032099,67849.1675,74.46381996713485,NaN,NaN
1729252800,67738.8762901605,68870.68,67642.71,68237.685,77.51273563058277,NaN,NaN
1729267200,67988.28064508025,69000,67988.28064508025,68675.8375,80.3605873169839,NaN,NaN
1729281600,68332.05907254011,68690,68204.1,68482.5275,75.79957521855542,NaN,NaN
1729296000,68407.29328627005,68693.26,68303.03,68468.5725,75.46658381920722,NaN,NaN
1729310400,68437.93289313503,68560,68302.31,68414.7125,74.11331622365107,NaN,NaN
1729324800,68426.32269656751,68475.7,68090.3,68250.70999999999,69.99728205606164,NaN,NaN
1729339200,68338.51634828375,68350,68088,68188.8075,68.45198779057398,NaN,NaN
1729353600,68263.66192414187,68263.66192414187,68010,68165.3375,67.84047090442897,NaN,NaN
1729368000,68214.49971207093,68413.96,68168.45,68285.5975,69.35133945772945,NaN,NaN
1729382400,68250.04860603547,68446,68100,68277.9975,69.13030369724643,NaN,NaN
1729396800,68264.02305301774,68433.5,68176.26,68293.9425,69.35101238919914,NaN,NaN
1729411200,68278.98277650887,68500,68278.98277650887,68413.255,71.02064856930632,NaN,NaN
1729425600,68346.11888825444,68772.7,68198.22,68504.23,72.26147183670983,NaN,NaN
1729440000,68425.17444412722,68660,68422,68554.06999999999,72.94492792259173,NaN,NaN
1729454400,68489.6222220636,69400,68461.93,68850.555,76.6332943879432,NaN,NaN
1729468800,68670.0886110318,69519.52,68588.51,69020.005,78.44219013301753,NaN,NaN
1729483200,68845.0468055159,69185.18,68488.33,68781.8775,70.21589733640883,NaN,NaN
1729497600,68813.46215275794,68813.46215275794,68119.01,68383.0025,59.04583343755356,NaN,NaN
1729512000,68598.23232637897,68598.23232637897,66840.67,67687.0925,45.45845138263812,NaN,NaN
1729526400,68142.66241318948,68142.66241318948,66894,67484.7975,42.4037579460789,NaN,NaN
1729540800,67813.72995659473,67933.79,67366.66,67610.485,44.881969123510125,NaN,NaN
1729555200,67712.10747829737,67712.10747829737,66571.42,67258.465,39.72632965866902,NaN,NaN
1729569600,67485.28623914869,67800,67278.02,67467.5075,43.8511358486412,NaN,NaN
1729584000,67476.39686957435,67526.67,66740,67241.95499999999,40.62097609410008,NaN,NaN
1729598400,67359.17593478717,67693.34,66644.18,67229.735,40.44714029421206,NaN,NaN
1729612800,67294.45546739359,67635.72,66920,67330.2425,42.622072241967594,NaN,NaN
1729627200,67312.3489836968,67836.01,67292,67509.25,46.37821232348935,NaN,NaN
1729641600,67410.79949184839,67472.83,66890,67217.735,41.60198156749267,NaN,NaN
1729656000,67314.26724592419,67314.26724592419,66800,67009.3175,38.54562286154547,NaN,NaN
1729670400,67161.7923729621,67161.7923729621,66200,66628.5825,33.67806874464151,NaN,NaN
1729684800,66895.18743648105,66910.15,65923.01,66367.65,30.806808933139123,NaN,NaN
1729699200,66631.41871824051,66631.41871824051,65260,66132.2575,28.450339073262597,NaN,NaN
1729713600,66381.83810912026,66807.37,66338.99,66571.7525,37.98790548761123,NaN,NaN
1729728000,66476.79530456013,67612.12,66476.79530456013,67000.9825,45.6130104843224,NaN,NaN
1729742400,66738.88890228007,67479.55,66738.88890228007,67221.13500000001,49.07196300971615,NaN,NaN
1729756800,66980.01195114004,67322.26,66700,67107.83499999999,47.401144117228,NaN,NaN
1729771200,67043.92347557002,67998,67043.92347557002,67561.805,54.138995622086775,NaN,NaN
1729785600,67302.864237785,68323,67302.864237785,67921.0025,58.6522316554632,NaN,NaN
1729800000,67611.9333688925,68850,67611.9333688925,68334.0275,63.14365938454208,NaN,NaN
1729814400,67972.98043444625,68286.56,67836,68082.2075,58.9398778694255,NaN,NaN
1729828800,68027.59396722313,68045.36,67250,67708.83,53.27634507548093,NaN,NaN
1729843200,67868.21198361157,68183.78,67286.28,67776.9525,54.14214793215647,NaN,NaN
1729857600,67822.5822418058,68771.49,67429.87,67999.29,56.94628756849039,NaN,NaN
1729872000,67910.93612090289,67910.93612090289,66006.6,67109.2825,45.066571114800325,NaN,NaN
1729886400,67510.10931045144,67510.10931045144,65596.29,66634.2825,40.24154239359251,NaN,NaN
1729900800,67072.19590522573,67072.19590522573,66439.9,66775.60500000001,42.2235204762616,NaN,NaN
1729915200,66923.90045261287,67240.02,66784.26,66986.5675,45.14814055793035,NaN,NaN
1729929600,66955.23397630644,67264.34,66953.02,67090.83750000001,46.587276754965295,NaN,NaN
1729944000,67023.03573815322,67180,66744,66987.1225,45.313751840528624,NaN,NaN
1729958400,67005.0791190766,67181.82,66788,67008.575,45.64473262406249,NaN,NaN
1729972800,67006.82705953831,67454.55,67006.82705953831,67202.3275,48.666622135930574,NaN,NaN
1729987200,67104.57727976915,67325.46,66913.73,67155.38,47.97069654234512,NaN,NaN
1730001600,67129.97863988458,67317.78,67120,67232.84,49.259932329572116,NaN,NaN
1730016000,67181.4093199423,67266.49,67036.85,67158.845,48.03544107237636,NaN,NaN
1730030400,67170.12715997115,67858,67121.45,67474.8675,53.367014682773856,NaN,NaN
1730044800,67322.49732998558,68000,67322.49732998558,67795.72,58.070696335477635,NaN,NaN
1730059200,67559.10866499279,68332.05,67559.10866499279,67972.95999999999,60.444230755141675,NaN,NaN
1730073600,67766.03433249639,68116.78,67677.77,67885.95749999999,58.687998862936354,NaN,NaN
1730088000,67825.99591624818,68680,67618,68110.2775,61.77209856652451,NaN,NaN
1730102400,67968.13670812409,68833.57,67968.13670812409,68560.42000000001,67.08269347086166,NaN,NaN
1730116800,68264.27835406206,69280,68264.27835406206,68738.6625,68.92363045909377,NaN,NaN
1730131200,68501.47042703103,69900,68452.54,69119.18,72.4641079357259,NaN,NaN
1730145600,68810.32521351552,70270,68810.32521351552,69822.4975,77.55422371675363,NaN,NaN
1730160000,69316.41135675776,71587.88,69316.41135675776,70562.05750000001,81.43952181014426,NaN,NaN
1730174400,69939.23442837888,71370,69939.23442837888,71040.98749999999,83.43876549675619,NaN,NaN
1730188800,70490.11096418943,71578.95,70490.11096418943,71255.73,84.25756778966476,NaN,NaN
1730203200,70872.92048209472,72429.99,70872.92048209472,71803.255,86.13924018533764,NaN,NaN
1730217600,71338.08774104736,73620.12,71338.08774104736,72727.245,88.6128688510916,NaN,NaN
1730232000,72032.66637052369,72978.9,71864.65,72529.0875,85.10509989869814,NaN,NaN
1730246400,72280.87693526184,72785.72,72000.01,72439.035,83.4876663483501,NaN,NaN
1730260800,72359.95596763093,72610,72100,72292.9975,80.80562329429233,NaN,NaN
1730275200,72326.47673381546,72604.97,71926.82,72185.9425,78.80697969893328,NaN,NaN
1730289600,72256.20961690773,72470,71436,71987.83499999999,75.10494123000808,NaN,NaN
1730304000,72122.02230845386,72197.5,71641.77,71930.655,74.02406223991343,NaN,NaN
1730318400,72026.33865422693,72961,71644.19,72192.985,75.74845602658095,NaN,NaN
1730332800,72109.66182711346,72599.99,72030.08,72332.14,76.63454040889528,NaN,NaN
1730347200,72220.90091355673,72478,72150,72349.735,76.7502128256584,NaN,NaN
1730361600,72285.31795677837,72700,72149.79,72373.245,76.91466503161136,NaN,NaN
1730376000,72329.28147838918,72329.28147838918,70431.77,71388.4425,58.30924962865589,NaN,NaN
1730390400,71858.86198919459,71858.86198919459,70036,70424.39749999999,46.4610560230443,NaN,NaN
1730404800,71141.62974459729,71141.62974459729,69685.76,70181.15000000001,44.02997787783657,NaN,NaN
1730419200,70661.38987229865,70661.38987229865,68830,69740.5,39.951713930865154,NaN,NaN
1730433600,70200.94493614932,70200.94493614932,69080,69355.7075,36.75054797593048,NaN,NaN
1730448000,69778.32621807465,70228,69237.26,69685.24250000001,41.10292149842507,NaN,NaN
1730462400,69731.78435903732,71632.95,69044,70016.6825,45.18828617654949,NaN,NaN
1730476800,69874.23342951866,70515.16,68820.14,69497.77,40.45675195833445,NaN,NaN
1730491200,69686.00171475933,69686.00171475933,68854.5,69311.3775,38.88189009126145,NaN,NaN
1730505600,69498.68960737967,69914.37,69479.91,69622.5675,42.879714425720856,NaN,NaN
1730520000,69560.62855368984,69823.94,69446,69670.95999999999,43.49865603503772,NaN,NaN
1730534400,69615.79427684491,69838.62,69417.88,69669.60250000001,43.4844216250436,NaN,NaN
1730548800,69642.69838842246,69711.59,69000.14,69428.22499999999,40.92026972325948,NaN,NaN
1730563200,69535.46169421123,69616,69215,69433.545,41.0028432178303,NaN,NaN
1730577600,69484.50334710561,69571.99,69149,69401.4325,40.63366562683622,NaN,NaN
1730592000,69442.9679235528,69442.9679235528,67864.16,68752.4475,33.97578397806059,NaN,NaN
1730606400,69097.7077117764,69097.7077117764,68303.99,68463.22249999999,31.498764393286393,NaN,NaN
1730620800,68780.4651058882,68780.4651058882,68200.01,68389.9675,30.884595248492005,NaN,NaN
1730635200,68585.2163029441,68585.2163029441,67478.73,68122.1225,28.68247017846727,NaN,NaN
1730649600,68353.66940147206,68693.81,67667.21,68282.7325,31.82167820253187,NaN,NaN
1730664000,68318.20095073603,69358,68318.20095073603,68826.4525,41.249713535825904,NaN,NaN
1730678400,68572.32672536801,69500,68240.61,68891.11499999999,42.272117185297844,NaN,NaN
1730692800,68731.720862684,69401.55,68618,68921.35250000001,42.77363531124894,NaN,NaN
1730707200,68826.536681342,69036,68470,68729.1775,40.37299202950477,NaN,NaN
1730721600,68777.857090671,69264.52,68202.99,68726.56,40.339782745792654,NaN,NaN
1730736000,68752.2085453355,68814.32,67251.5,68141.9575,33.67693624052821,NaN,NaN
1730750400,68447.08302266775,68447.08302266775,66835,67661.7725,29.383867736834873,NaN,NaN
1730764800,68054.42776133388,68255,67476.63,67956.16,34.86587127270397,NaN,NaN
1730779200,68005.29388066694,68976,68005.29388066694,68582.8775,44.706957010787235,NaN,NaN
1730793600,68294.08569033348,69100,68294.08569033348,68854.785,48.35293546881331,NaN,NaN
1730808000,68574.43534516674,70325.06,68574.43534516674,69360.27,54.375892414571176,NaN,NaN
1730822400,68967.35267258337,70577.91,68732.77,69486.6675,55.76502840626565,NaN,NaN
1730836800,69227.01008629167,69898.02,68786.91,69263.2325,52.709830124914156,NaN,NaN
1730851200,69245.12129314584,75000,69245.12129314584,72004.63500000001,72.56805324831396,NaN,NaN
1730865600,70624.87814657293,75407.1,70624.87814657293,73963.38,79.26717386688219,NaN,NaN
1730880000,72294.12907328646,74475.47,72294.12907328646,73693.67,76.4969853768901,NaN,NaN
1730894400,72993.89953664324,74757.58,72993.89953664324,74203.895,78.05912301768512,NaN,NaN
1730908800,73598.89726832163,75850,73598.89726832163,75030.385,80.33876700525931,NaN,NaN
1730923200,74314.6411341608,76400,74314.6411341608,75825.66,82.24984974519998,NaN,NaN
1730937600,75070.1505670804,76022.79,75003.83,75411.655,77.99941804440138,NaN,NaN
1730952000,75240.9027835402,75240.9027835402,74416,74817.4,72.22956355093669,NaN,NaN
1730966400,75029.1513917701,75150.11,74649.54,74825.8075,72.26082763520807,NaN,NaN
1730980800,74927.47944588505,76059.69,74512.19,75344.39,74.1908914807339,NaN,NaN
1730995200,75135.93472294253,76718.99,75135.93472294253,76216.0575,77.07791295171445,NaN,NaN
1731009600,75675.99611147126,76849.99,75494,76183.07,76.72811699658669,NaN,NaN
1731024000,75929.53305573564,76358,75555,75915.42,73.80158644748116,NaN,NaN
1731038400,75922.47652786781,76220,75686,75986.31999999999,74.08357873031326,NaN,NaN
1731052800,75954.3982639339,76320,75760,76040.7375,74.31212150846982,NaN,NaN
1731067200,75997.56788196694,76584.6,75630.76,76144.38750000001,74.7685266070518,NaN,NaN
1731081600,76070.97769098348,77199.99,75822.07,76590.59000000001,76.68868231732152,NaN,NaN
1731096000,76330.78384549174,77097,76300.23,76704.89749999999,77.16804513462901,NaN,NaN
1731110400,76517.84067274586,76639.84,76136,76406.77249999999,72.95440543747114,NaN,NaN
1731124800,76462.30658637293,76795.69,76294,76490.06,73.39153069715789,NaN,NaN
1731139200,76476.18329318646,76735.59,76358.91,76527.67,73.59903986172804,NaN,NaN
1731153600,76501.92664659323,76541.53,76272.72,76405.315,71.64161180216225,NaN,NaN
1731168000,76453.62082329662,76700,75714.66,76234.8725,68.89290135235525,NaN,NaN
1731182400,76344.2466616483,76900,76179,76490.3425,70.70705228942003,NaN,NaN
1731196800,76417.29458082415,77498,76417.29458082415,76968.35500000001,73.78745266489956,NaN,NaN
1731211200,76692.82479041208,79788.96,76692.82479041208,78241.325,79.86103407354616,NaN,NaN
1731225600,77467.07489520604,80040,77467.07489520604,79387.1825,83.55481767120277,NaN,NaN
1731240000,78427.12869760301,80080,78427.12869760301,79704.5075,84.40772552391377,NaN,NaN
1731254400,79065.81809880151,81069.99,79065.81809880151,79959.40000000001,85.07722532612041,NaN,NaN
1731268800,79512.60904940075,81500,78473.13,80023.0325,85.24752448268437,NaN,NaN
1731283200,79767.82077470038,81846.71,79767.82077470038,81011.23999999999,87.61192289143914,NaN,NaN
1731297600,80389.53038735018,81727.47,80389.53038735018,81220.20000000001,88.04812861926776,NaN,NaN
1731312000,80804.8651936751,82380.94,80804.8651936751,81661.83499999999,88.9349305241934,NaN,NaN
1731326400,81233.35009683754,84263.51,81233.35009683754,82979.3075,91.06481882198271,NaN,NaN
1731340800,82106.32879841878,86650,82106.32879841878,85160.895,93.34811862453766,NaN,NaN
1731355200,83633.61189920938,89530.54,83633.61189920938,87583.185,94.90496272354693,NaN,NaN
1731369600,85608.39844960469,89470,85608.39844960469,88181.7025,95.20366953604841,NaN,NaN
1731384000,86895.05047480235,89940,86895.05047480235,88667.70000000001,95.43757243766991,NaN,NaN
1731398400,87781.37523740118,89372,85229,87684.97499999999,86.27544416619367,NaN,NaN
1731412800,87733.17511870059,87860,85072,86679.8875,78.02517211141367,NaN,NaN
1731427200,87206.53130935029,89764.38,85730.35,87707.7525,80.11897906684013,NaN,NaN
1731441600,87457.14190467514,89876.94,87379.59,88478.205,81.53889709417587,NaN,NaN
1731456000,87967.67345233756,88562.94,87004,87663.735,75.40758360767603,NaN,NaN
1731470400,87815.70422616877,87815.70422616877,86127.99,87078.17,71.25888023906502,NaN,NaN
1731484800,87446.9371130844,88083,87082.42,87547.705,72.56240975541616,NaN,NaN
1731499200,87497.32105654219,92690,87497.32105654219,90100.475,78.3196240380421,NaN,NaN
1731513600,88798.8980282711,93265.64,88798.8980282711,91492.255,80.6976675985275,NaN,NaN
1731528000,90145.57651413555,91184.02,87970.98,89930.925,71.25533720252346,NaN,NaN
1731542400,90038.25075706778,90566,89458.13,90084.09000000001,71.60632285527001,NaN,NaN
1731556800,90061.17037853389,90850,89104.54,90165.2475,71.80279097020144,NaN,NaN
1731571200,90113.20893926694,91657.77,90113.20893926694,91062.2125,73.94833505442023,NaN,NaN
1731585600,90587.71071963347,91790,87829.57,89764.85250000001,66.11251124015688,NaN,NaN
1731600000,90176.28160981674,90176.28160981674,87526.74,88678.49,60.346114491744906,NaN,NaN
1731614400,89427.38580490838,89464,86668.21,88230.44750000001,58.095543012222734,NaN,NaN
1731628800,88828.9166524542,88828.9166524542,87252,87817.375,56.021167354419624,NaN,NaN
1731643200,88323.14582622709,88391.99,87073.38,87823.8975,56.04785419510192,NaN,NaN
1731657600,88073.52166311356,89771.99,87368,88623.3125,59.30708527010077,NaN,NaN
1731672000,88348.41708155678,90709.74,87754.45,89162.70999999999,61.38765632538277,NaN,NaN
1731686400,88755.56354077838,90844.9,88386.99,89513.795,62.72359286729017,NaN,NaN
1731700800,89134.6792703892,91850,89134.6792703892,90896.2025,67.49281469646711,NaN,NaN
1731715200,90015.4408851946,91709.06,90015.4408851946,91210.79250000001,68.48109052845835,NaN,NaN
1731729600,90613.11669259731,91779.66,90613.11669259731,91303.3675,68.78186382061547,NaN,NaN
1731744000,90958.24209629865,91598.13,90958.24209629865,91219.62250000001,68.14832515857186,NaN,NaN
1731758400,91088.93229814933,91320,90056.17,90766.765,64.6789633386398,NaN,NaN
1731772800,90927.84864907467,91396.03,90186.64,90801.0275,64.82486905190096,NaN,NaN
1731787200,90864.43807453733,91181.82,90300,90792.2425,64.75101185572339,NaN,NaN
1731801600,90828.34028726866,90888,89364,90271.95999999999,60.36454138706246,NaN,NaN
1731816000,90550.15014363432,90888,90158.56,90461.305,61.38965416797779,NaN,NaN
1731830400,90505.72757181716,91449.99,90478.99,90790.99250000001,63.17555482145515,NaN,NaN
1731844800,90648.36003590858,91189.88,89925.91,90514.9975,60.646586537662316,NaN,NaN
1731859200,90581.67876795429,90640.18,89664.34,90152.1325,57.39357116144123,NaN,NaN
1731873600,90366.90563397715,90366.90563397715,88722,89708.53,53.60790610464289,NaN,NaN
1731888000,90037.71781698857,90935.44,89617.96,90269.49,57.43164637124697,NaN,NaN
1731902400,90153.60390849429,92300,90153.60390849429,91281.83250000002,63.30902793380778,NaN,NaN
1731916800,90717.71820424715,92211.99,90051.1,91064.53,61.3509050504899,NaN,NaN
1731931200,90891.12410212358,92594,89376.9,91138.88500000001,61.78643893314271,NaN,NaN
1731945600,91015.0045510618,92584.95,89667.66,91292.595,62.721663214612164,NaN,NaN
1731960000,91153.7997755309,91980,90224.02,90819.09000000001,58.011665189042795,NaN,NaN
1731974400,90986.44488776545,91529,90357,90944.5175,58.892266983779486,NaN,NaN
1731988800,90965.48119388273,92000,90965.48119388273,91571.525,63.062696240326524,NaN,NaN
1732003200,91268.50309694136,91950,91200,91605.505,63.28011343336686,NaN,NaN
1732017600,91437.00404847068,92788,90975.8,91951.95,65.509203053602,NaN,NaN
1732032000,91694.47702423534,93905.51,91694.47702423534,92918.1225,70.82783478997433,NaN,NaN
1732046400,92306.29976211768,93571.08,91320,92607.435,67.23728736805263,NaN,NaN
1732060800,92456.86738105884,92456.86738105884,91500,92067.3675,61.40953050337364,NaN,NaN
1732075200,92262.11744052942,92851.09,91850,92397.865,63.49474822697897,NaN,NaN
1732089600,92329.99122026471,93669.98,92329.99122026471,93173.7525,67.88237811460871,NaN,NaN
1732104000,92751.87186013235,94807.62,92751.87186013235,94079.1825,72.09706515067961,NaN,NaN
1732118400,93415.52718006617,94831.97,93138,94177.4875,72.51872690301326,NaN,NaN
1732132800,93796.50734003309,94599.98,93770.07,94164.1525,72.35898865814833,NaN,NaN
1732147200,93980.32992001655,95904,93980.32992001655,95007.17,75.96358533617871,NaN,NaN
1732161600,94493.74996000828,97852,94493.74996000828,96590.06,80.97925660059222,NaN,NaN
1732176000,95541.90498000414,98384.86,95541.90498000414,97498.955,83.15309460028922,NaN,NaN
1732190400,96520.42999000207,98250,95600,97124.25,79.13756501419836,NaN,NaN
1732204800,96822.33999500104,98988,96276.69,97441.63,80.01776862913958,NaN,NaN
1732219200,97131.98499750052,98723.65,97131.98499750052,98100.9475,81.7411859305926,NaN,NaN
1732233600,97616.46624875025,99299.99,97616.46624875025,98573.4025,82.88060973276451,NaN,NaN
1732248000,98094.93437437512,99419.99,98094.93437437512,98986.8475,83.83148765075099,NaN,NaN
1732262400,98540.89093718756,99267.19,98219.84,98882.7775,82.58798748779023,NaN,NaN
1732276800,98711.83421859378,98949,97122.11,98401.375,76.9051947131631,NaN,NaN
1732291200,98556.60460929689,99588.01,98220,98887.935,78.51437834030419,NaN,NaN
1732305600,98722.26980464844,99449,98535,98988.935,78.84390941321593,NaN,NaN
1732320000,98855.60240232422,98908.85,98300,98691.87999999999,75.19119585426309,NaN,NaN
1732334400,98773.7412011621,98800,98284.61,98578.03,73.78038358851452,NaN,NaN
1732348800,98675.88560058105,98675.88560058105,98300,98478.64749999999,72.50155851423754,NaN,NaN
1732363200,98577.26655029051,98847.68,98400,98519.42,72.71053974743174,NaN,NaN
1732377600,98548.34327514525,98548.34327514525,97336.06,97924.9075,64.95853928244011,NaN,NaN
1732392000,98236.62538757263,98236.62538757263,97136,97582.055,60.92450622129456,NaN,NaN
1732406400,97909.34019378631,98564,97620.74,98014.31,63.963070134115995,NaN,NaN
1732420800,97961.82509689315,98431.06,97872.2,98233.6025,65.43169352553784,NaN,NaN
1732435200,98097.71379844658,98472.98,97239.29,97855.8375,60.8325072878744,NaN,NaN
1732449600,97976.77564922329,97976.77564922329,95900.01,96672.02,49.16893994051115,NaN,NaN
1732464000,97324.39782461165,97324.39782461165,95734.77,96176.07250000001,45.25430542294425,NaN,NaN
1732478400,96750.23516230582,98369.46,96195.47,97196.245,53.46215253476148,NaN,NaN
1732492800,96973.24008115291,98050,96888,97684.2125,56.79856282068948,NaN,NaN
1732507200,97328.72629057645,98376.99,97328.72629057645,97953.69999999998,58.56529149856968,NaN,NaN
1732521600,97641.21314528822,98871.8,97641.21314528822,98239.3075,60.4130262733308,NaN,NaN
1732536000,97940.26032264411,98313.08,94525,96756.6825,48.357513205351175,NaN,NaN
1732550400,97348.47141132205,97348.47141132205,94400,95392.5125,40.374234873728135,NaN,NaN
1732564800,96370.49195566103,96370.49195566103,92600.19,93894.9225,33.78099508911751,NaN,NaN
1732579200,95132.70722783051,95132.70722783051,92727.9,93781.4,33.336579483540774,NaN,NaN
1732593600,94457.05361391525,94973.37,93500.08,94180.79000000001,36.50162109221378,NaN,NaN
1732608000,94318.92180695763,94318.92180695763,91466.52,92848.70250000001,31.183722653018222,NaN,NaN
1732622400,93583.81215347882,93583.81215347882,91739.7,92617.135,30.355782665279477,NaN,NaN
1732636800,93100.4735767394,94685.6,91554.11,92684.1475,30.927314123424864,NaN,NaN
1732651200,92892.3105383697,92892.3105383697,90791.1,91701.04000000001,27.377694453390433,NaN,NaN
1732665600,92296.67526918485,93037.38,91792.14,92345.67,32.82221317909233,NaN,NaN
1732680000,92321.17263459243,93648,92321.17263459243,93048.70500000002,38.25867710991671,NaN,NaN
1732694400,92684.93881729622,93885.6,92684.93881729622,93489.9675,41.46083051513193,NaN,NaN
1732708800,93087.4531586481,95850,92847.84,94405.45999999999,47.53990831412264,NaN,NaN
1732723200,93746.45657932405,96631.68,93746.45657932405,96000.11499999999,56.092973844314905,NaN,NaN
1732737600,94873.28578966201,97208.21,94873.28578966201,96357.7575,57.75646344437894,NaN,NaN
1732752000,95615.52164483101,96564,94822.54,95680.26999999999,53.612738620114676,NaN,NaN
1732766400,95647.8958224155,95922.39,95063.15,95439.16,52.17798850876503,NaN,NaN
1732780800,95543.52791120776,95780,94640,95292.91750000001,51.281566276184606,NaN,NaN
1732795200,95418.22270560388,96221.8,94900,95395.235,51.90414452151746,NaN,NaN
1732809600,95406.72885280194,95435.68,94817,95094.82749999998,49.88835429266609,NaN,NaN
1732824000,95250.77817640096,96023.48,94698,95371.23499999999,51.74533066302858,NaN,NaN
1732838400,95311.00658820047,96859,95311.00658820047,96114.58499999999,56.422258183615405,NaN,NaN
1732852800,95712.79579410024,96630.09,95600.03,96111.37999999999,56.39687794331059,NaN,NaN
1732867200,95912.0878970501,97358.21,95616,96459.29250000001,58.575248983521206,NaN,NaN
1732881600,96185.69019852506,98619.99,96185.69019852506,97661.3425,65.06858188334375,NaN,NaN
1732896000,96923.51634926253,98440,96853.82,97660.7525,65.06319103289692,NaN,NaN
1732910400,97292.13442463127,97624.62,96981.01,97348.84,62.13249879901893,NaN,NaN
1732924800,97320.48721231564,97463.95,96309.85,96968.45500000002,58.662187802395344,NaN,NaN
1732939200,97144.47110615783,97234.02,96532.7,96797.53,57.11838306172744,NaN,NaN
1732953600,96971.00055307892,96971.00055307892,96092.01,96528.04,54.67525258395839,NaN,NaN
1732968000,96749.52027653946,96749.52027653946,96242.14,96471.92250000002,54.155787956276995,NaN,NaN
1732982400,96610.72138826974,97062.5,96531.35,96814.7375,56.85268952798014,NaN,NaN
1732996800,96712.72944413486,97040,96320.99,96697.1675,55.64371245049717,NaN,NaN
1733011200,96704.94847206742,96704.94847206742,95693.88,96277.7775,51.441420327326696,NaN,NaN
1733025600,96491.36298603371,96515.52,96195.99,96380.31,52.38812300110477,NaN,NaN
1733040000,96435.83649301686,97179.04,96424.99,96796.4725,56.12691958386812,NaN,NaN
1733054400,96616.15449650843,97388.78,96616.15449650843,97046.6425,58.24936526669082,NaN,NaN
1733068800,96831.39849825422,97523.41,96831.39849825422,97172.15999999999,59.31289343821152,NaN,NaN
1733083200,97001.77924912711,97836,96800.01,97249.98,59.99333355497277,NaN,NaN
1733097600,97125.87962456356,98130,96350,97037.23,57.178029448995936,NaN,NaN
1733112000,97081.55481228177,97081.55481228177,95749.97,96289.42749999999,48.55334015294445,NaN,NaN
1733126400,96685.49115614088,96685.49115614088,94820.41,95515.27,41.563689601840544,NaN,NaN
1733140800,96100.38057807044,97214.77,94766,96039.36,47.11424326376428,NaN,NaN
1733155200,96069.87028903523,97356.69,94395,96153.925,48.27093834466915,NaN,NaN
1733169600,96111.89764451762,96327.87,95112.01,95774.1275,44.774725057578046,NaN,NaN
1733184000,95943.01257225881,96305.52,95400,95906.3725,46.2349641148556,NaN,NaN
1733198400,95924.69253612941,96238.1,95277.35,95786.20250000001,45.06878984729276,NaN,NaN
1733212800,95855.44751806471,95855.44751806471,94595.38,95199.0825,39.78841165541056,NaN,NaN
1733227200,95527.26500903236,96250,93578.17,95124.67749999999,39.1622071018743,NaN,NaN
1733241600,95325.97125451617,96169.99,94860,95535.2825,44.365854234663395,NaN,NaN
1733256000,95430.6268772581,96140.01,95272.5,95672.7025,46.029650009359884,NaN,NaN
1733270400,95551.66468862904,96614.16,95224.17,95864.585,48.352279104729234,NaN,NaN
1733284800,95708.12484431453,96714.41,95708.12484431453,96197.77,52.19904664305882,NaN,NaN
1733299200,95952.94742215727,96950,95952.94742215727,96475.305,55.19275845671543,NaN,NaN
1733313600,96214.12621107863,96560,95352.41,95961.4075,49.065162728593116,NaN,NaN
1733328000,96087.76685553932,97232.01,94587.83,96193.07,51.670046210241004,NaN,NaN
1733342400,96140.41842776966,99000,96140.41842776966,97981.37000000001,66.0878246906157,NaN,NaN
1733356800,97060.89421388484,104088,97060.89421388484,100882.0525,77.70558744940666,NaN,NaN
1733371200,98971.47335694241,103544.71,98971.47335694241,102517.2425,81.54404021926604,NaN,NaN
1733385600,100744.3579284712,103159.76,100744.3579284712,102549.7175,81.6117522960017,NaN,NaN
1733400000,101647.0377142356,103550,100925.97,102083.7225,77.23301139377293,NaN,NaN
1733414400,101865.3801071178,101999,98599.36,100229.59,62.796123795813486,NaN,NaN
1733428800,101047.48505355889,101047.48505355889,90500,96488.34,44.65686655470898,NaN,NaN
1733443200,98767.91252677944,98828.7,95981.72,97372.835,48.44821504707665,NaN,NaN
1733457600,98070.37376338973,98288,97370.19,97883.00499999999,50.55237902129452,NaN,NaN
1733472000,97976.68938169486,98705.23,97622.86,98134.06,51.59932891848028,NaN,NaN
1733486400,98055.37469084743,99483.81,97512.26,98593.9175,53.53977203244517,NaN,NaN
1733500800,98324.64609542371,101799,98324.64609542371,100327.89749999999,60.04453164289262,NaN,NaN
1733515200,99326.27179771184,101898.99,99053.03,100533.2125,60.74534498096622,NaN,NaN
1733529600,99929.74214885592,100428,99285.71,99688.545,56.36521415074724,NaN,NaN
1733544000,99809.14357442796,99809.14357442796,98844,99303.7875,54.43957546224203,NaN,NaN
1733558400,99556.46553721398,99821.83,99260,99526.7575,55.390690751390096,NaN,NaN
1733572800,99541.611518607,99800,99036.01,99553.005,55.50843758898461,NaN,NaN
1733587200,99547.3082593035,100263.64,99460.37,99889.365,57.072174633896,NaN,NaN
1733601600,99718.33662965175,100439.18,99595.11,99985.9325,57.53364349038845,NaN,NaN
1733616000,99852.13456482587,100328.88,99632.28,99931.99250000001,57.16399349378527,NaN,NaN
1733630400,99892.06353241294,100030,99336,99743.985,55.817851537048355,NaN,NaN
1733644800,99818.02426620647,99844.28,98657.7,99469.5625,53.82541316572043,NaN,NaN
1733659200,99643.79338310324,100500,99357.16,99867.58499999999,56.263921324610685,NaN,NaN
1733673600,99755.68919155162,100198,99480,99922.7475,56.605957706272015,NaN,NaN
1733688000,99839.21834577581,101351,99736.06,100574.41,60.53270782222567,NaN,NaN
1733702400,100206.81417288791,101215.93,98432.18,99962.13749999998,55.45518351654649,NaN,NaN
1733716800,100084.47583644395,100084.47583644395,98328,99181.3075,49.726601813798425,NaN,NaN
1733731200,99632.89166822197,99679.71,98035.57,98845.065,47.45332455450099,NaN,NaN
1733745600,99238.97833411099,100421.8,97508.58,98457.71250000001,44.90643204128154,NaN,NaN
1733760000,98848.3454170555,98848.3454170555,97000,97570.08,39.654191716045176,NaN,NaN
1733774400,98209.21270852775,98209.21270852775,94150.05,96517.3425,34.5003495307521,NaN,NaN
1733788800,97363.27760426387,98138,95565.41,96977.97,38.28025213423554,NaN,NaN
1733803200,97170.62380213194,97519.2,95900,96886.9075,37.81564325063203,NaN,NaN
1733817600,97028.76565106597,97937.5,96938.19,97448.6625,42.45553983554694,NaN,NaN
1733832000,97238.71407553299,98270,95555,96801.58,38.8587628092362,NaN,NaN
1733846400,97020.1470377665,97020.1470377665,94256.54,95567.95749999999,33.101295847616655,NaN,NaN
1733860800,96294.05226888324,97200.7,95616,96316.55,39.00698346538594,NaN,NaN
1733875200,96305.30113444163,97625.76,95658.24,96818.8575,42.66449165698273,NaN,NaN
1733889600,96562.0793172208,97790.36,96562.0793172208,97426.26999999999,46.81758768604482,NaN,NaN
1733904000,96994.1746586104,98472.57,96994.1746586104,97854.1375,49.587686080520356,NaN,NaN
1733918400,97424.15607930519,100800,97424.15607930519,99381.645,57.99870450036253,NaN,NaN
1733932800,98402.90053965259,101141.01,98402.90053965259,100558.3975,63.105619570283515,NaN,NaN
1733947200,99480.64901982629,101888,99480.64901982629,101250.5325,65.74391847880952,NaN,NaN
1733961600,100365.59075991315,101829,100331.61,101077.87,64.50470237405773,NaN,NaN
1733976000,100721.73037995657,101191.85,100402.82,100780.13500000001,62.32318996825906,NaN,NaN
1733990400,100750.93268997829,101126.54,100178.32,100540.81749999999,60.5505772971462,NaN,NaN
1734004800,100645.87509498914,101861.6,100348.35,101091.3775,63.14742731688865,NaN,NaN
1734019200,100868.62629749457,102540,99311.64,100782.52500000001,60.7322087378604,NaN,NaN
1734033600,100825.5756487473,100825.5756487473,99465.33,99856.785,54.0582248864342,NaN,NaN
1734048000,100341.18032437365,100356.85,99205,99823.8075,53.83128324528331,NaN,NaN
1734062400,100082.49391218682,100225.52,99500,99896.1525,54.28469162212967,NaN,NaN
1734076800,99989.32320609341,100789,99896,100292.095,56.786039466943286,NaN,NaN
1734091200,100140.70910304671,101375.26,99700,100325.44750000001,56.99947520866986,NaN,NaN
1734105600,100233.07830152336,101895.26,99800,100757.69,59.772476852738194,NaN,NaN
1734120000,100495.38415076167,101879.98,100495.38415076167,101464.3675,63.87425073534517,NaN,NaN
1734134400,100979.87582538083,102650,100979.87582538083,101827.64749999999,65.80453741371625,NaN,NaN
1734148800,101403.7616626904,102138,101403.7616626904,101910.225,66.24604135938324,NaN,NaN
1734163200,101656.9933313452,101863.64,101321,101648.1575,63.44635796311028,NaN,NaN
1734177600,101652.5754156726,101742.43,100826.38,101444.4825,61.278810773247024,NaN,NaN
1734192000,101548.5289578363,101737.7,100831.63,101376.9975,60.54079743347318,NaN,NaN
1734206400,101462.76322891815,101499.08,100609.41,101210.5075,58.66369119200822,NaN,NaN
1734220800,101336.63536445907,102196.97,101237.14,101646.9825,61.99092923181572,NaN,NaN
1734235200,101491.80893222953,102850,101491.80893222953,101962.48250000001,64.23207740072698,NaN,NaN
1734249600,101727.14571611477,102691.01,101581.07,102168.9025,65.6587884482332,NaN,NaN
1734264000,101948.02410805738,103359.97,101948.02410805738,102802.1075,69.65710005203044,NaN,NaN
1734278400,102375.06580402868,103490,102375.06580402868,103007.65000000001,70.84378163161212,NaN,NaN
1734292800,102691.35790201434,105250,102621.5,103897.1125,75.33854211816211,NaN,NaN
1734307200,103294.23520100716,106648,103294.23520100716,104988.4375,79.51192044661295,NaN,NaN
1734321600,104141.33635050358,105420.76,104141.33635050358,104866.43,77.92425577678148,NaN,NaN
1734336000,104503.88317525179,105016.85,103625.78,104348.35250000001,71.40431183195827,NaN,NaN
1734350400,104426.1178376259,106499.99,103333,104980.75,74.23787546741167,NaN,NaN
1734364800,104703.43391881295,107793.07,104703.43391881295,106626.4,79.83699449189157,NaN,NaN
1734379200,105664.91695940647,106648.48,105480.02,106192.57250000001,75.19714730551465,NaN,NaN
1734393600,105928.74472970323,107000,105657.34,106395.62,75.90302155502057,NaN,NaN
1734408000,106162.18236485161,107143.29,106162.18236485161,106795.9975,77.27630849492903,NaN,NaN
1734422400,106479.0899324258,107550.02,106479.0899324258,106968.235,77.86083298318846,NaN,NaN
1734436800,106723.6624662129,108353,105725.99,106841.4425,76.30477394318876,NaN,NaN
1734451200,106782.55248310645,107633,106148,106683.8425,74.31666326057464,NaN,NaN
1734465600,106733.19749155323,106903.99,105321.49,106208.7775,68.52111193524561,NaN,NaN
1734480000,106470.98749577662,106524.98,104581.58,105501.06999999999,60.901669403485116,NaN,NaN
1734494400,105986.02874788831,105986.02874788831,103137.82,104229.13750000001,50.11552909558803,NaN,NaN
1734508800,105107.58312394416,105107.58312394416,103729.18,104510.3975,52.13431265387763,NaN,NaN
1734523200,104808.99031197208,105350,103650,104614.2175,52.89214897699278,NaN,NaN
1734537600,104711.60390598603,104999.98,102817.82,103766.04,46.42525394335117,NaN,NaN
1734552000,104238.82195299302,104238.82195299302,100000,101504.90000000001,34.36315227755057,NaN,NaN
1734566400,102871.86097649651,102871.86097649651,98802,100377.35250000001,30.15560657302727,NaN,NaN
1734580800,101624.60673824826,101727.28,100629.99,101301.7475,36.96948139295591,NaN,NaN
1734595200,101463.17711912413,102609.72,101380.1,102024.095,41.75159519144465,NaN,NaN
1734609600,101743.63605956206,102800.11,99500,101357.4925,38.824227365546314,NaN,NaN
1734624000,101550.56427978103,101550.56427978103,96251.32,98832.725,30.190262952765707,NaN,NaN
1734638400,100191.64463989052,100191.64463989052,95700,97215.39499999999,26.17466279469147,NaN,NaN
1734652800,98703.51981994526,98703.51981994526,96000,97095.49250000001,25.89962566098238,NaN,NaN
1734667200,97899.50615997263,98233,96374.03,97386.39500000002,27.879656360809037,NaN,NaN
1734681600,97642.95057998633,97864.91,92612.1,95258.3775,23.031411905613837,NaN,NaN
1734696000,96450.66403999316,97572,92232.54,94880.03749999999,22.28927375278218,NaN,NaN
1734710400,95665.35076999658,97748,95665.35076999658,97038.9075,35.13363898773568,NaN,NaN
1734724800,96352.1291349983,97816.44,95393.84,97032.93000000001,35.11633211487519,NaN,NaN
1734739200,96692.52956749915,97813.59,96692.52956749915,97573.645,38.08737031409717,NaN,NaN
1734753600,97133.08728374957,99540.61,97133.08728374957,98361.645,42.23838842388866,NaN,NaN
1734768000,97747.36614187478,99187.95,97747.36614187478,98572.5075,43.33325565199894,NaN,NaN
1734782400,98159.9368209374,98283.95,96398.39,97618.0975,39.66816609617836,NaN,NaN
1734796800,97889.0171604687,97889.0171604687,96819.36,97334.8825,38.62419455108364,NaN,NaN
1734811200,97611.94983023436,98057.51,96539.91,97289.60999999999,38.449995517427226,NaN,NaN
1734825600,97450.77991511716,97450.77991511716,96549.37,97070.955,37.568698948190296,NaN,NaN
1734840000,97260.86745755858,97260.86745755858,95890.28,96541.715,35.450687150274405,NaN,NaN
1734854400,96901.29122877929,97351.57,96196.85,96714.98750000002,36.708764823806376,NaN,NaN
1734868800,96808.13936438964,97300,95109.13,96222.035,34.64025751822079,NaN,NaN
1734883200,96515.08718219482,96515.08718219482,94700,95339.6775,31.24627409367706,NaN,NaN
1734897600,95927.38234109741,95927.38234109741,94250.35,95024.29250000001,30.1106619095884,NaN,NaN
1734912000,95475.83742054872,96043.99,93700.42,95238.95999999999,31.92423182944657,NaN,NaN
1734926400,95357.39871027436,96509.98,94705.07,95661.0525,35.470005608723895,NaN,NaN
1734940800,95509.22560513718,96538.92,95036.77,95728.03,36.03930098415615,NaN,NaN
1734955200,95618.62780256859,96423,93107.52,94678.325,31.368486580889083,NaN,NaN
1734969600,95148.4764012843,95148.4764012843,92690,93311.2925,26.543738902104806,NaN,NaN
1734984000,94229.88445064214,95509.09,92520,93988.8375,32.11672328134607,NaN,NaN
1734998400,94109.36097532106,94881.47,93569.02,94420.1775,35.473066064777,NaN,NaN
1735012800,94264.76923766054,94653.45,93810.45,94261.46,34.7914099971988,NaN,NaN
1735027200,94263.11461883027,94635.7,93840,94276.875,34.92220850261127,NaN,NaN
1735041600,94269.99480941513,98300,94075.1,96268.425,49.12144797096049,NaN,NaN
1735056000,95269.20990470756,99487.99,95269.20990470756,98228.91,58.679239905259955,NaN,NaN
1735070400,96749.05995235378,99068.9,96749.05995235378,98140.895,58.15108839073268,NaN,NaN
1735084800,97444.9774761769,98878.44,97444.9774761769,98324.1925,58.97915109620899,NaN,NaN
1735099200,97884.58498808845,98581.9,97844.18,98134.975,57.70969616379745,NaN,NaN
1735113600,98009.77999404422,99349.31,97773.83,98278.77,58.44175027975087,NaN,NaN
1735128000,98144.27499702212,98832.89,97632.02,98223.125,58.023177545605364,NaN,NaN
1735142400,98183.69999851106,99299.99,98134.4,98743.225,60.845913209064285,NaN,NaN
1735156800,98463.46249925553,99569.15,98384.61,99100.47,62.70123437036582,NaN,NaN
1735171200,98781.96624962776,99963.7,98468.26,99214.185,63.29741104292479,NaN,NaN
1735185600,98998.07562481388,98998.07562481388,97711.17,98355.37999999999,56.01542790156913,NaN,NaN
1735200000,98676.72781240693,98676.72781240693,95199.14,96596.7675,44.6800157726271,NaN,NaN
1735214400,97636.74765620346,97636.74765620346,95234.93,95813.4675,40.72678274678719,NaN,NaN
1735228800,96725.10757810173,96725.10757810173,95444.44,96052.8825,42.404187689433726,NaN,NaN
1735243200,96388.99503905087,96388.99503905087,95302,95827.57500000001,41.22191791345168,NaN,NaN
1735257600,96108.28501952544,96443.68,95401.03,96013.5375,42.643349721831,NaN,NaN
1735272000,96060.91125976272,96604.24,94646.03,95693.2175,40.812522263080076,NaN,NaN
1735286400,95877.06437988137,97544.58,95104.76,96176.62,44.67301408240465,NaN,NaN
1735300800,96026.84218994068,97035.8,94011.11,95643.26,41.45982349738346,NaN,NaN
1735315200,95835.05109497035,95835.05109497035,93500.01,94454.98,35.35797232347599,NaN,NaN
1735329600,95145.01554748518,95145.01554748518,94100.6,94493.20750000002,35.685903064691814,NaN,NaN
1735344000,94819.1115237426,94819.1115237426,94135.66,94437.4,35.40353528068117,NaN,NaN
1735358400,94628.25576187129,94800,94307,94520.975,36.217468376312084,NaN,NaN
1735372800,94574.61538093565,94883,94312.67,94583.12,36.8546101742741,NaN,NaN
1735387200,94578.86769046783,95340.36,94375.8,94729.56999999999,38.415855403098114,NaN,NaN
1735401600,94654.2188452339,95245.24,94389.45,94777.43250000001,38.947138727043345,NaN,NaN
1735416000,94715.82567261695,95733.99,94715.82567261695,95235,43.927403283863,NaN,NaN
1735430400,94975.41283630847,95340,94808,95155.1,43.26374157659098,NaN,NaN
1735444800,95065.25641815424,95283.99,94971.44,95174.97,43.4923825163652,NaN,NaN
1735459200,95120.11320907713,95315.5,95010,95157.53,43.327342728845686,NaN,NaN
1735473600,95138.82160453856,95231.58,94010,94696.32,39.10156618756102,NaN,NaN
1735488000,94917.57080226929,94917.57080226929,93367.52,94017.60250000001,33.86683796714874,NaN,NaN
1735502400,94467.58665113465,94467.58665113465,93009.52,93577.5325,30.971619744398424,NaN,NaN
1735516800,94022.55957556733,94274.29,93368.93,93776.03,33.72383249176089,NaN,NaN
1735531200,93899.29478778367,94060.35,93240.03,93688.6875,33.09849025288908,NaN,NaN
1735545600,93793.99114389184,94068.56,93469.56,93798.23000000001,34.73310534221001,NaN,NaN
1735560000,93796.11057194593,94277.23,91530.45,92965.2575,28.942229352216316,NaN,NaN
1735574400,93380.68403597297,94684.09,91800,93257.83499999999,33.1577083193192,NaN,NaN
1735588800,93319.25951798647,95024.5,91901.57,93533.79,36.95660075534487,NaN,NaN
1735603200,93426.52475899324,93426.52475899324,92033.73,92560.6,30.395719875238868,NaN,NaN
1735617600,92993.56237949662,93040.1,92344.07,92688.63,32.10344000154123,NaN,NaN
1735632000,92841.09618974832,94741.68,92841.09618974832,93669.4975,43.53363992506182,NaN,NaN
1735646400,93255.29684487416,96250,93255.29684487416,95031.8375,54.89208026318021,NaN,NaN
1735660800,94143.56717243708,95590.52,93189.59,94589.7475,51.28675853630678,NaN,NaN
1735675200,94366.65733621854,94366.65733621854,93375.38,93835.19,45.762086680885375,NaN,NaN
1735689600,94100.92366810927,94509.42,93489.03,93853.12249999998,45.91120867267199,NaN,NaN
1735704000,93977.02308405463,93977.02308405463,93500,93739.83249999999,45.06817653558661,NaN,NaN
1735718400,93858.4277920273,93858.4277920273,92888,93443.1925,42.84950004071569,NaN,NaN
1735732800,93650.81014601365,94500,93407.07,93946.165,47.56317463409589,NaN,NaN
1735747200,93798.48757300683,94823.75,93760.93,94411.1725,51.54242818266789,NaN,NaN
1735761600,94104.83003650341,95151.15,94104.83003650341,94728.00499999999,54.09835224957643,NaN,NaN
1735776000,94416.41751825169,95516,94392,94877.52750000001,55.29671216597674,NaN,NaN
1735790400,94646.97250912586,96000,94646.97250912586,95454.295,59.67052760008466,NaN,NaN
1735804800,95050.63375456294,96876.38,95050.63375456294,96267.8575,64.88895418017444,NaN,NaN
1735819200,95659.24562728146,97440.91,95659.24562728146,96638.38,66.98425546551267,NaN,NaN
1735833600,96148.81281364073,97777,96040.04,96897.4475,68.40402391882205,NaN,NaN
1735848000,96523.13015682036,97839.5,96523.13015682036,97202.1725,70.0362218906966,NaN,NaN
1735862400,96862.65132841018,97342.44,96650,97009.88249999999,67.66095466792211,NaN,NaN
1735876800,96936.26691420509,97066.18,96280.65,96678.2825,63.6518855403727,NaN,NaN
1735891200,96807.27470710254,96830,96100.01,96497.8975,61.51654121630589,NaN,NaN
1735905600,96652.58610355126,97660,96472.43,97102.8375,65.67526776126206,NaN,NaN
1735920000,96877.71180177563,98976.91,96877.71180177563,98124.205,71.31214697880736,NaN,NaN
1735934400,97500.95840088782,98748,97500.95840088782,98395.5475,72.59953644782607,NaN,NaN
1735948800,97948.25295044392,98314.15,97800,98122.08,69.22771562890779,NaN,NaN
1735963200,98035.16647522195,98350.04,97862.87,98171.2,69.50171113181915,NaN,NaN
1735977600,98103.18323761097,98306.22,97532.58,98000.015,67.25423360341381,NaN,NaN
1735992000,98051.59911880549,98152.02,97514.79,97803.53749999999,64.66941201057455,NaN,NaN
1736006400,97927.56830940273,98350,97549.99,97931.05,65.59363000658152,NaN,NaN
1736020800,97929.30915470136,98778.43,97929.30915470136,98327.0975,68.36192756957442,NaN,NaN
1736035200,98128.20332735068,98391.59,98050,98212.515,66.69010187106423,NaN,NaN
1736049600,98170.35916367534,98522.76,98170.35916367534,98291.865,67.286743830473,NaN,NaN
1736064000,98231.11208183767,98268.78,97600,97944.795,62.05138119981548,NaN,NaN
1736078400,98087.95354091882,98281.89,97276.79,97807.31999999999,60.058048422261436,NaN,NaN
1736092800,97947.63677045942,98332.54,97577.46,98004.6525,61.94764655156795,NaN,NaN
1736107200,97976.1446352297,98836.85,97976.1446352297,98326.025,64.86305212984153,NaN,NaN
1736121600,98151.08481761484,99333,97920,98663.545,67.66503418177385,NaN,NaN
1736136000,98407.31490880743,99892,98407.31490880743,99321.46,72.30173285840397,NaN,NaN
1736150400,98864.38745440371,99625.69,98709.28,99228.41500000001,70.75644146526542,NaN,NaN
1736164800,99046.40122720186,102468.92,98711.94,100647.2,78.35365698941958,NaN,NaN
1736179200,99846.80061360094,102480,99846.80061360094,101923.79250000001,82.70693646045277,NaN,NaN
1736193600,100885.29655680047,102329.98,100885.29655680047,101995.7125,82.91539468593982,NaN,NaN
1736208000,101440.50452840023,102724.38,101440.50452840023,102045.24250000001,83.06678215469887,NaN,NaN
1736222400,101742.87351420012,102015.01,101582.79,101742.67499999999,78.49121771277478,NaN,NaN
1736236800,101742.77425710006,101995.64,100472.45,101240.94,71.46167189559665,NaN,NaN
1736251200,101491.85712855004,101491.85712855004,97153.5,99224.17,51.497244819460015,NaN,NaN
1736265600,100358.01356427502,100358.01356427502,96323.67,97268.93,39.86831096296781,NaN,NaN
1736280000,98813.47178213751,98813.47178213751,96181.81,96702.2925,37.24350968270014,NaN,NaN
1736294400,97757.88214106875,97757.88214106875,96216.83,96741.32,37.54848289081842,NaN,NaN
1736308800,97249.60107053438,97249.60107053438,95250.76,96021.91500000001,34.24489210667345,NaN,NaN
1736323200,96635.7580352672,96635.7580352672,94543.86,95367.08499999999,31.525939207105807,NaN,NaN
1736337600,96001.4215176336,96079.32,94624.43,95333.11,31.386698219525115,NaN,NaN
1736352000,95667.2657588168,95667.2657588168,92500.9,94448.45250000001,27.927811439541415,NaN,NaN
1736366400,95057.8591294084,95310.94,93600,94553.86,28.932753986186725,NaN,NaN
1736380800,94805.85956470421,95382.32,93422.89,94473.43,28.60500094600809,NaN,NaN
1736395200,94639.6447823521,94639.6447823521,93186.38,93763.6275,25.824673578195288,NaN,NaN
1736409600,94201.63614117604,94201.63614117604,92750,93328.56999999999,24.26771629991687,NaN,NaN
1736424000,93765.10307058803,94588.23,91800,93524.37,26.41784794782332,NaN,NaN
1736438400,93644.73653529401,94685.25,91900.01,93184.7175,25.08725867511835,NaN,NaN
1736452800,93414.727017647,93414.727017647,91203.67,92096.605,21.3732652950234,NaN,NaN
1736467200,92755.6660088235,93727.83,92431.73,93102.045,31.469083068397637,NaN,NaN
1736481600,92928.85550441174,95000,92928.85550441174,94172.19,40.26129623158985,NaN,NaN
1736496000,93550.52275220587,95293.4,93550.52275220587,94812.11750000001,44.820240662777444,NaN,NaN
1736510400,94181.32012610295,95117.26,92206.02,94032.03749999999,40.73883158773736,NaN,NaN
1736524800,94106.67881305146,95836,93177.4,94517.84749999999,44.14976274476016,NaN,NaN
1736539200,94312.26315652573,95442.15,94312.26315652573,95020.3375,47.51476636297244,NaN,NaN
1736553600,94666.30032826286,94746.37,94106.49,94446.47750000001,44.2367793547923,NaN,NaN
1736568000,94556.38891413144,94556.38891413144,93831.73,94181.73,42.77077145459944,NaN,NaN
1736582400,94369.05945706571,94791.67,94031.22,94423.725,44.5787300952588,NaN,NaN
1736596800,94396.39222853286,94655.2,94307.25,94499.5925,45.16361908759402,NaN,NaN
1736611200,94447.99236426642,94708.12,93984.55,94338.0475,44.09647447860253,NaN,NaN
1736625600,94393.0199321332,95050.94,94200.89,94525.2725,45.69789792466118,NaN,NaN
1736640000,94459.14621606661,94699,94296.99,94554.595,45.95900112332433,NaN,NaN
1736654400,94506.8706080333,94650,94274.01,94467.565,45.26334459667494,NaN,NaN
1736668800,94487.21780401666,94487.21780401666,93711.19,94170.92749999999,42.880863012330536,NaN,NaN
1736683200,94329.07265200833,95450.1,94173.48,94737.64499999999,48.46215125537394,NaN,NaN
1736697600,94533.35882600416,95314.12,94533.35882600416,94903.7075,50.0037793713066,NaN,NaN
1736712000,94718.53316300208,94800,93800,94448.83,45.94925961648986,NaN,NaN
1736726400,94583.68158150103,95940,93899.99,94663.5725,48.08920411946695,NaN,NaN
1736740800,94623.62704075052,94913.03,93281,94013.375,42.59088994331315,NaN,NaN
1736755200,94318.50102037526,94318.50102037526,90833.12,92234.0325,31.856470528562213,NaN,NaN
1736769600,93276.26676018763,93276.26676018763,89256.69,91332.9175,28.006744488055546,NaN,NaN
1736784000,92304.5921300938,92534.1,91250,92055.00749999999,34.805634638654425,NaN,NaN
1736798400,92179.79981504689,94727.15,91908.2,93370.9075,44.99930585684027,NaN,NaN
1736812800,92775.35365752345,95280.8,92775.35365752345,94756.1325,53.280627913662336,NaN,NaN
1736827200,93765.74307876173,95464.71,93765.74307876173,94985.88,54.50416819110507,NaN,NaN
1736841600,94375.81153938087,97371,94375.81153938087,95910.78499999999,59.14309724290044,NaN,NaN
1736856000,95143.29826969042,97265.48,95143.29826969042,96508.525,61.850395106268635,NaN,NaN
1736870400,95825.91163484521,97088.57,95351.76,96362.44499999999,60.790244384882165,NaN,NaN
1736884800,96094.1783174226,96921.13,96094.1783174226,96542.88249999999,61.66432005119585,NaN,NaN
1736899200,96318.53040871129,97554.63,96318.53040871129,96983.15,63.78565865372468,NaN,NaN
1736913600,96650.84020435564,97724.96,96650.84020435564,97273.35750000001,65.15443054607294,NaN,NaN
1736928000,96962.09885217782,97524,96521,97027.13249999999,62.97943948581486,NaN,NaN
1736942400,96994.6156760889,99799.98,96539.77,98023.59,67.6813848976316,NaN,NaN
1736956800,97509.10283804445,99990,97509.10283804445,99357.3425,72.68259581807891,NaN,NaN
1736971200,98433.22266902222,100681.94,98433.22266902222,100121.25,75.0628305878779,NaN,NaN
1736985600,99277.23633451111,100866.66,99170,100003.01000000001,73.9882196072967,NaN,NaN
1737000000,99640.12316725556,99921.86,99322.19,99630.51999999999,70.56112033663412,NaN,NaN
1737014400,99635.32158362778,99820,98617.55,99349.065,67.99816900270507,NaN,NaN
1737028800,99492.19329181389,99517.93,97335.13,98826.9825,63.398083809009485,NaN,NaN
1737043200,99159.58789590694,100448.72,99079.05,99810.285,67.81442501048866,NaN,NaN
1737057600,99484.93644795347,100641.99,99377,100105.8725,69.02436175213883,NaN,NaN
1737072000,99795.40447397673,102148.13,99795.40447397673,100784.4825,71.65852516475195,NaN,NaN
1737086400,100289.94348698837,101899.49,100289.94348698837,101335.955,73.62169395471562,NaN,NaN
1737100800,100812.9492434942,102581.45,100812.9492434942,101924.83249999999,75.56787077371797,NaN,NaN
1737115200,101368.89087174709,104254.19,101368.89087174709,103171.9225,79.08681990750189,NaN,NaN
1737129600,102270.40668587355,105865.22,102270.40668587355,104885.3325,82.76066168751876,NaN,NaN
1737144000,103577.86959293677,105847.02,103577.86959293677,104956.17,82.89445178818843,NaN,NaN
1737158400,104267.01979646838,104656.87,103000.25,103823.6025,73.12332057184982,NaN,NaN
1737172800,104045.31114823418,104045.31114823418,102602.48,103188.815,68.26625031917172,NaN,NaN
1737187200,103617.06307411709,103883.01,102277.55,103142.9,67.91485645539382,NaN,NaN
1737201600,103379.98153705854,104988.88,103107.65,104063.69499999999,71.12485839125794,NaN,NaN
1737216000,103721.83826852927,104719.29,103156.02,104206.57,71.59964993497657,NaN,NaN
1737230400,103964.20413426464,104750,103765.44,104363.4175,72.14121062546178,NaN,NaN
1737244800,104163.81081713233,105458.55,104013.51,104753.075,73.49348907600427,NaN,NaN
1737259200,104458.44290856615,105634.78,104191.19,104994.275,74.32430542732432,NaN,NaN
1737273600,104726.35895428307,105496.03,103450.69,104619.265,70.6181872450704,NaN,NaN
1737288000,104672.81197714154,105706.48,104300.75,104826.70499999999,71.46578286722429,NaN,NaN
1737302400,104749.75848857076,106200.74,104520.01,105464.27500000001,73.95286502574692,NaN,NaN
1737316800,105107.01674428539,106422.43,99651.6,103401.40000000001,56.72509321005891,NaN,NaN
1737331200,104254.20837214269,104254.20837214269,99550,101273.73,45.06441340255764,NaN,NaN
1737345600,102763.96918607134,109588,101535.28,105033.9675,60.51324877083932,NaN,NaN
1737360000,103898.96834303567,109193.23,103898.96834303567,107911.6,67.94293500797755,NaN,NaN
1737374400,105905.28417151784,108700.01,104480,106594.2975,62.175615247205386,NaN,NaN
1737388800,106249.79083575892,107050,100333,104008.155,52.715070620406756,NaN,NaN
1737403200,105128.97291787947,105128.97291787947,101701.01,102995.91500000001,49.53783930606815,NaN,NaN
1737417600,104062.44395893974,104062.44395893974,100119.04,102143.7875,46.971274944522236,NaN,NaN
1737432000,103103.11572946986,103103.11572946986,101111.68,102252.71999999999,47.34683307653863,NaN,NaN
1737446400,102677.91786473492,103973.02,101740.82,102865.2875,49.512210024555635,NaN,NaN
1737460800,102771.60268236746,105320,102771.60268236746,103956.17,53.20312917517955,NaN,NaN
1737475200,103363.88634118374,107240.81,103363.88634118374,105509.29000000001,57.919820700293016,NaN,NaN
1737489600,104436.58817059187,107199.99,104436.58817059187,106448.7875,60.512538086182325,NaN,NaN
1737504000,105442.68783529595,106394.46,105442.68783529595,105896.82,58.24206214967604,NaN,NaN
1737518400,105669.75391764798,105952,105043.88,105420.16500000001,56.27830459238267,NaN,NaN
1737532800,105544.95945882399,105544.95945882399,104647.75,105074.435,54.83413006582378,NaN,NaN
1737547200,105309.69722941199,105584.23,103662.58,104631.8,52.960332183609786,NaN,NaN
1737561600,104970.748614706,104970.748614706,103339.12,104225.9425,51.23162119424887,NaN,NaN
1737576000,104598.345557353,104830.12,103611.66,104194.61000000002,51.09296510234896,NaN,NaN
1737590400,104396.4777786765,104396.4777786765,102100,103021.975,46.06779497865665,NaN,NaN
1737604800,103709.22638933826,103709.22638933826,101575.5,102428.83,43.72516434976321,NaN,NaN
1737619200,103069.02819466914,103069.02819466914,101262.28,102160.4975,42.668087277793525,NaN,NaN
1737633600,102614.76284733457,106050.86,101281.62,103635.125,49.84421225320142,NaN,NaN
1737648000,103124.94392366728,106850,103124.94392366728,104820.885,54.749006887995066,NaN,NaN
1737662400,103972.91446183363,106421.03,102195.7,104074.28,51.344365714725605,NaN,NaN
1737676800,104023.59723091681,104298,102750,103712.525,49.730648055599296,NaN,NaN
1737691200,103868.0611154584,105355,103804.77,104524.58,53.28033508271623,NaN,NaN
1737705600,104196.3205577292,105759,104196.3205577292,105287.07499999998,56.393982553435706,NaN,NaN
1737720000,104741.69777886459,106321.66,104669.17,105567.73,57.51629196062353,NaN,NaN
1737734400,105154.71388943229,107120,105154.71388943229,106082.4825,59.57153774391668,NaN,NaN
1737748800,105618.59819471615,105781,104456.89,105217.33,54.77525634937394,NaN,NaN
1737763200,105417.96409735808,105417.96409735808,104361.89,104928.905,53.2363953149965,NaN,NaN
1737777600,105173.43454867904,105202.4,104216.81,104751.89749999999,52.2659363643228,NaN,NaN
1737792000,104962.66602433952,104962.66602433952,104106.09,104465.76999999999,50.65835764043713,NaN,NaN
1737806400,104714.21801216976,105111.11,104456,104783.97249999999,52.411371592734994,NaN,NaN
1737820800,104749.09525608487,105286.52,104449.75,104922.305,53.1899744117984,NaN,NaN
1737835200,104835.70012804243,105250,104696,104937.0025,53.27744123021731,NaN,NaN
1737849600,104886.35131402122,105273.24,104503.7,104896.555,52.984026234222895,NaN,NaN
1737864000,104891.4531570106,105500,104891.4531570106,105127.69,54.52525784104061,NaN,NaN
1737878400,105009.5715785053,105221.36,104444.01,104870.605,52.46515391571634,NaN,NaN
1737892800,104940.08828925266,105126.11,104703.58,104903.845,52.713921427238105,NaN,NaN
1737907200,104921.96664462633,105260.36,104896,105051.2525,53.86694201544102,NaN,NaN
1737921600,104986.60957231317,105200,102520.44,103855.52,44.40761305563564,NaN,NaN
1737936000,104421.06478615658,104421.06478615658,100720.53,101999.04500000001,34.32831570022799,NaN,NaN
1737950400,103210.0548930783,103210.0548930783,97777.77,99905.35500000001,26.91014500375364,NaN,NaN
1737964800,101557.70494653916,101557.70494653916,98263.49,98901.49,24.208883078299536,NaN,NaN
1737979200,100229.59747326959,102317.94,98714.28,100226.3425,33.67181418529843,NaN,NaN
1737993600,100227.9699866348,101250.56,98864,100231.6525,33.707540085491345,NaN,NaN
1738008000,100229.8112433174,102405,99606.46,100948.57500000001,38.522201402886694,NaN,NaN
1738022400,100589.1931216587,102892,100589.1931216587,102236.425,46.0957951725282,NaN,NaN
1738036800,101412.80906082934,103371.24,101412.80906082934,102831.16750000001,49.20772462372869,NaN,NaN
1738051200,102121.98828041468,103181.82,102121.98828041468,102781.8725,48.95545395341003,NaN,NaN
1738065600,102451.93039020733,103800,101815.26,102788.8175,48.99512733392899,NaN,NaN
1738080000,102620.37394510367,103108,101820.15,102532.595,47.52747135452317,NaN,NaN
1738094400,102576.48447255183,102576.48447255183,100272.68,101642.61,42.73851467637014,NaN,NaN
1738108800,102109.54723627592,102319.69,101328.01,101755.35500000001,43.514991831473964,NaN,NaN
1738123200,101932.45111813796,102853.53,101932.45111813796,102400.7675,47.872680799433994,NaN,NaN
1738137600,102166.60930906898,103000,102166.60930906898,102645.61499999999,49.46545558860803,NaN,NaN
1738152000,102406.1121545345,102842.04,101582.37,102262.79749999999,47.04507352440337,NaN,NaN
1738166400,102334.45482726724,103999,101400.01,102740.94499999999,50.315169613313664,NaN,NaN
1738180800,102537.69991363361,104782.68,102537.69991363361,103741.98,56.38727651720327,NaN,NaN
1738195200,103139.83995681681,105300,103139.83995681681,104376.9475,59.747694325754715,NaN,NaN
1738209600,103758.39372840841,105595.81,103758.39372840841,105180.885,63.574537123388005,NaN,NaN
1738224000,104469.6393642042,105534,104469.6393642042,105222.99,63.7688172776221,NaN,NaN
1738238400,104846.3146821021,106457.44,104660,105495.5175,65.06753260658382,NaN,NaN
1738252800,105170.91609105104,106013.01,104762.59,105512.715,65.1524201072711,NaN,NaN
1738267200,105341.81554552552,105821.62,104693.82,105237.415,62.53274429798994,NaN,NaN
1738281600,105289.61527276275,105289.61527276275,103930.09,104506.8025,56.087376647375145,NaN,NaN
1738296000,104898.20888638138,104898.20888638138,103972.13,104329.90250000001,54.619421715708334,NaN,NaN
1738310400,104614.05569319069,104848.65,103936.54,104427.44,55.3138840147195,NaN,NaN
1738324800,104520.74784659535,106012,104106,105079.505,59.748579582428974,NaN,NaN
1738339200,104800.12642329768,105574.4,102122,103868.18000000001,49.851179694953814,NaN,NaN
1738353600,104334.15321164884,104334.15321164884,101560,102196.2025,40.00146117623063,NaN,NaN
1738368000,103265.17785582441,103265.17785582441,102198.52,102415.24500000001,41.62862377966915,NaN,NaN
1738382400,102840.2114279122,102840.2114279122,102118.56,102280.7025,40.89499521736508,NaN,NaN
1738396800,102560.4569639561,102560.4569639561,101412,101971.0725,39.183575755772694,NaN,NaN
1738411200,102265.76473197804,102329.01,101730.79,102040.6275,39.79311610606461,NaN,NaN
1738425600,102153.19611598902,102297.99,101448,101872.37,38.78054337251278,NaN,NaN
1738440000,102012.7830579945,102012.7830579945,100279.51,101063.59,34.26684022091135,NaN,NaN
1738454400,101538.18652899725,101538.18652899725,99148.91,100112.0075,29.862808132507766,NaN,NaN
1738468800,100825.09701449863,100825.09701449863,99031.19,99599.3325,27.79050523447377,NaN,NaN
1738483200,100212.21475724931,100212.21475724931,98645,99313.225,26.6778879059365,NaN,NaN
1738497600,99762.71987862466,99762.71987862466,98157,98951.88,25.300200071807666,NaN,NaN
1738512000,99357.29993931233,99361.97,96821.54,98450.88500000001,23.48902514255792,NaN,NaN
1738526400,98904.09246965617,98904.09246965617,96150,97688.125,21.02161308519652,NaN,NaN
1738540800,98296.10873482809,98296.10873482809,91231,95188.28,15.335796158388945,NaN,NaN
1738555200,96742.19436741405,96742.19436741405,92646.36,94361.1875,13.987762409648525,NaN,NaN
1738569600,95551.69093370702,95950.68,94799.29,95297.7175,22.314704671658703,NaN,NaN
1738584000,95424.70421685351,99500,94131.14,96895.2575,34.04451423729387,NaN,NaN
1738598400,96159.98085842676,101880,96159.98085842676,100160.145,50.49567217376657,NaN,NaN
1738612800,98160.06292921338,102500.01,98160.06292921338,101656.63,55.92255885268145,NaN,NaN
1738627200,99908.3464646067,101732.31,99908.3464646067,101056.1375,53.39318338077605,NaN,NaN
1738641600,100482.24198230336,100764.11,98229.82,99517.9125,47.47015421220217,NaN,NaN
1738656000,100000.07724115168,100000.07724115168,97860,98680.22,44.57044485307646,NaN,NaN
1738670400,99340.14862057584,100415,98275.98,99251.4675,46.95025072649565,NaN,NaN
1738684800,99295.80806028792,100777.93,98778.58,99440.865,47.75121100858342,NaN,NaN
1738699200,99368.33653014396,99444.02,96150,98054.2325,42.67151708266597,NaN,NaN
1738713600,98711.28451507198,98930.44,97131.43,97966.2525,42.363586276589075,NaN,NaN
1738728000,98338.76850753599,98338.76850753599,97352.77,97897.405,42.10751341684117,NaN,NaN
1738742400,98118.086753768,98256,97257.05,97893.87,42.09344415791821,NaN,NaN
1738756800,98005.978376884,99149,97734.69,98299.4825,44.389462305969225,NaN,NaN
1738771200,98152.730438442,98277.02,96500,97565.815,41.20680989861313,NaN,NaN
1738785600,97859.272719221,97859.272719221,96155,96960.95,38.74065611591113,NaN,NaN
1738800000,97410.1113596105,97493.07,96430.78,96972.99,38.81914703293774,NaN,NaN
1738814400,97191.55067980525,98436.61,97191.55067980525,97815.3975,44.20577218508025,NaN,NaN
1738828800,97503.47408990262,99120,97503.47408990262,98525.9,48.33726225278676,NaN,NaN
1738843200,98014.68704495131,99040.09,96930.17,98045.33499999999,45.86351141433958,NaN,NaN
1738857600,98030.01102247565,98030.01102247565,95676.64,96635.11,39.47857813529686,NaN,NaN
1738872000,97332.56051123783,97332.56051123783,95800,96357.70999999999,38.34766128619178,NaN,NaN
1738886400,96845.13525561891,97805.6,96409.65,97053.40999999999,42.77511784616689,NaN,NaN
1738900800,96949.27262780945,97883.12,96566,97162.55249999999,43.46109355135671,NaN,NaN
1738915200,97055.91256390471,97750,96613.24,97217.56999999999,43.82664275865876,NaN,NaN
1738929600,97136.74128195236,100137.99,97136.74128195236,98334.3675,50.78285920505992,NaN,NaN
1738944000,97735.55439097618,98563.55,96856.78,97650.7175,46.95000403917743,NaN,NaN
1738958400,97693.13594548809,97693.13594548809,95620.34,96492.45,41.26711583674648,NaN,NaN
1738972800,97092.79297274404,97092.79297274404,96335.42,96605.36249999999,42.00408399953294,NaN,NaN
1738987200,96849.07773637201,96849.07773637201,95785.09,96348.3725,40.750763807910964,NaN,NaN
1739001600,96598.725118186,96598.725118186,95865.71,96122.2775,39.63040170565941,NaN,NaN
1739016000,96360.501309093,96517.52,95688,96042.315,39.219718243340694,NaN,NaN
1739030400,96201.4081545465,96750,95749.88,96230.9025,40.77844422858645,NaN,NaN
1739044800,96216.15532727324,96712,96216.15532727324,96523.8075,43.21426259966187,NaN,NaN
1739059200,96369.98141363662,97300,96360.14,96851.2225,45.89326373343529,NaN,NaN
1739073600,96610.60195681831,97323.09,96610.60195681831,97114.67000000001,48.01829037662577,NaN,NaN
1739088000,96862.63597840916,97294.46,96509.96,96854.065,46.08991194421729,NaN,NaN
1739102400,96858.35048920457,96858.35048920457,95700,96361.5375,42.607322798921345,NaN,NaN
1739116800,96609.94399460229,96609.94399460229,95888.88,96252.39,41.852601145567,NaN,NaN
1739131200,96431.16699730114,96760,94713,96000.12,40.0852468333923,NaN,NaN
1739145600,96215.64349865058,97131.47,95256,96416.29999999999,44.26660124078821,NaN,NaN
1739160000,96315.97174932528,97640.02,96315.97174932528,97129.4075,50.625013418684816,NaN,NaN
1739174400,96722.68962466264,97954.69,96722.68962466264,97601.1175,54.336177646453066,NaN,NaN
1739188800,97161.90356233131,98345,96866.66,97522.875,53.61631037974653,NaN,NaN
1739203200,97342.38928116566,97643.29,96866.39,97276.09,51.307415277488204,NaN,NaN
1739217600,97309.23964058282,97490.71,97128.79,97356.58,52.0329498978349,NaN,NaN
1739232000,97332.90982029142,98149.92,97332.90982029142,97651.165,54.69371855228817,NaN,NaN
1739246400,97492.03741014571,98478.42,97492.03741014571,97978.42249999999,57.513276396800634,NaN,NaN
1739260800,97735.22995507285,98330,97735.22995507285,98159.03,59.028697116887585,NaN,NaN
1739275200,97947.12997753642,98158.89,96595.33,97478.315,51.56357040153553,NaN,NaN
1739289600,97712.72248876821,97712.72248876821,94876.88,95992.6925,39.748788402246255,NaN,NaN
1739304000,96852.70749438411,96852.70749438411,94928.47,95565.045,37.11265769654016,NaN,NaN
1739318400,96208.87624719206,96263.99,95100,95610.36750000001,37.58509476228793,NaN,NaN
1739332800,95909.62187359604,96188.68,95267.71,95706.3125,38.63605709841525,NaN,NaN
1739347200,95807.96718679802,96469.78,95807.96718679802,96136.875,43.25384336271905,NaN,NaN
1739361600,95972.42109339901,96631.66,94088.23,95657.68,39.675335789310424,NaN,NaN
1739376000,95815.0505466995,97700,95120.3,96460.385,47.509400334941404,NaN,NaN
1739390400,96137.71777334975,98119.99,96137.71777334975,97512.5025,55.64085679616261,NaN,NaN
1739404800,96825.11013667488,98083.91,96825.11013667488,97704.94499999999,56.95437839811456,NaN,NaN
1739419200,97265.02756833743,97564.83,95800,96733.3725,49.05651418674603,NaN,NaN
1739433600,96999.20003416872,96999.20003416872,95599.57,95982.7275,43.98192546140624,NaN,NaN
1739448000,96490.96376708435,96490.96376708435,95336,95934.795,43.67126917476168,NaN,NaN
1739462400,96212.87938354217,96361.58,95217.36,95801.175,42.764461911157326,NaN,NaN
1739476800,96007.02719177108,96774.71,95600,96152.65000000001,45.944046369898416,NaN,NaN
1739491200,96079.83859588555,97190,96079.83859588555,96821.13,51.4664176989922,NaN,NaN
1739505600,96450.48429794278,97248.6,96450.48429794278,96971.0075,52.63477160143932,NaN,NaN
1739520000,96710.74589897139,97196,96710.74589897139,96956.91,52.50673403316468,NaN,NaN
1739534400,96833.8279494857,97568.28,96252.82,96908.26000000001,52.03630238831135,NaN,NaN
1739548800,96871.04397474285,98826,96494.17,97546.2975,57.42390320895797,NaN,NaN
1739563200,97208.67073737143,98264.85,96697.56,97600.83249999999,57.859610766417845,NaN,NaN
1739577600,97404.75161868571,97972.26,97223.58,97587.375,57.70268328236808,NaN,NaN
1739592000,97496.06330934286,97780.73,97345.5,97531.42,57.010316613975924,NaN,NaN
1739606400,97513.74165467144,97731.09,97301.77,97498.68,56.58251066909549,NaN,NaN
1739620800,97506.21082733572,97962.51,97426.57,97659.4725,58.23990788997225,NaN,NaN
1739635200,97582.84166366786,97714.39,97304.38,97545.97,56.59749100104237,NaN,NaN
1739649600,97564.40583183392,97741.35,97414.05,97564.2425,56.808663128861255,NaN,NaN
1739664000,97564.32416591696,97704.47,97411.11,97558.105,56.708858454222266,NaN,NaN
1739678400,97561.21458295848,97682.04,97212,97422.54749999999,54.43415629933687,NaN,NaN
1739692800,97491.88104147924,97491.88104147924,97061.58,97258.8625,51.73559021828777,NaN,NaN
1739707200,97375.37177073961,97375.37177073961,96645.35,97057.0875,48.54101187445337,NaN,NaN
1739721600,97216.2296353698,97216.2296353698,96609.05,96936.91999999998,46.69187195404639,NaN,NaN
1739736000,97076.57481768489,97282.38,96046.18,96626.2875,42.21502219037702,NaN,NaN
1739750400,96851.43115884245,96851.43115884245,96023.17,96248.6675,37.50702079306917,NaN,NaN
1739764800,96550.04932942122,96550.04932942122,95800,96136.685,36.21709987306414,NaN,NaN
1739779200,96343.36716471061,96395.68,95937.05,96116.03,35.97136479430499,NaN,NaN
1739793600,96229.69858235531,97046.59,95564,96083.30500000001,35.55969345382536,NaN,NaN
1739808000,96156.50179117767,96156.50179117767,95205,95585.325,29.943814149516697,NaN,NaN
1739822400,95870.91339558884,96413.43,95488.9,95803.42249999999,34.800369693698684,NaN,NaN
1739836800,95837.16794779441,96322.97,95538.01,95960.2475,38.12211713739426,NaN,NaN
1739851200,95898.70772389721,96300.73,95254.12,95802.94499999999,36.1335636194843,NaN,NaN
1739865600,95850.8263619486,95872.17,95050,95504.85749999998,32.65715047960474,NaN,NaN
1739880000,95677.84193097429,96753.91,95200,95785.185,38.6362916467402,NaN,NaN
1739894400,95731.51346548714,95731.51346548714,93388.09,94667.9675,27.9756345646651,NaN,NaN
1739908800,95199.74048274357,95685,93730.72,94797.9025,30.38158016787422,NaN,NaN
1739923200,94998.82149137178,95961.54,94998.82149137178,95599.63500000001,43.027720129146054,NaN,NaN
1739937600,95299.2282456859,95846.15,95029.99,95568.52500000001,42.703564805547956,NaN,NaN
1739952000,95433.87662284294,96468.99,95433.87662284294,96048.975,49.083238502782,NaN,NaN
1739966400,95741.42581142148,96700,95536.36,96150.675,50.34362379099042,NaN,NaN
1739980800,95946.05040571073,96480,95407.41,96009.4225,48.546171342033674,NaN,NaN
1739995200,95977.73645285537,96899.99,95977.73645285537,96452.32,54.082057218320266,NaN,NaN
1740009600,96215.02822642769,97362.83,96215.02822642769,96869.38500000001,58.59919575511753,NaN,NaN
1740024000,96542.20661321384,97339.11,96542.20661321384,97010.96,60.03638277594676,NaN,NaN
1740038400,96776.58330660692,97384.03,96776.58330660692,97065.37,60.602427582597485,NaN,NaN
1740052800,96920.97665330346,98062.15,96799.42,97243.3175,62.47444954498659,NaN,NaN
1740067200,97082.14707665173,98518,96888,97683.14,66.68769186058405,NaN,NaN
1740081600,97382.64353832586,98711.36,97382.64353832586,98359.79000000001,71.9125347995066,NaN,NaN
1740096000,97871.21676916294,98505,97871.21676916294,98259.015,70.14789304969383,NaN,NaN
1740110400,98065.11588458146,98610.17,98065.11588458146,98262.4125,70.1744654955126,NaN,NaN
1740124800,98163.76419229074,98896.81,98111.11,98454.2475,71.70592362377398,NaN,NaN
1740139200,98309.00584614536,99475,97177.31,98346.415,69.54427651566435,NaN,NaN
1740153600,98327.71042307268,98757,95247.15,96848.32499999998,47.927619387350305,NaN,NaN
1740168000,97588.01771153633,97588.01771153633,94871.95,95635.43,37.708075877280386,NaN,NaN
1740182400,96611.72385576816,96611.72385576816,95770.49,96176.88,43.49989184845895,NaN,NaN
1740196800,96394.30192788408,96578.99,96273.85,96360.0025,45.35059382801779,NaN,NaN
1740211200,96377.15221394204,96611.53,96151,96407.655,45.84768142956804,NaN,NaN
1740225600,96392.40360697103,96980,96392.40360697103,96659.3425,48.51158002551672,NaN,NaN
1740240000,96525.87305348551,96823.53,96345.49,96600.25499999999,47.915648101141265,NaN,NaN
1740254400,96563.06402674275,96700,96472.22,96590.8075,47.81450950868623,NaN,NaN
1740268800,96576.93576337138,96650,96355.17,96492.545,46.71016014107504,NaN,NaN
1740283200,96534.7403816857,96558.01,96143.99,96406.2125,45.71121702738896,NaN,NaN
1740297600,96470.47644084285,96508.86,96083.33,96304.2575,44.50085130664496,NaN,NaN
1740312000,96387.36697042143,96387.36697042143,95414.25,95781.23,38.821864052106264,NaN,NaN
1740326400,96084.29848521072,96084.29848521072,95227.94,95574.03,36.817367919256206,NaN,NaN
1740340800,95829.16424260536,96332.44,95522.78,95967.305,42.84911434184222,NaN,NaN
1740355200,95898.23462130268,96500,95311,95875.5525,41.84542436327148,NaN,NaN
1740369600,95886.89356065134,95945,95078.01,95582.06000000001,38.72101283593053,NaN,NaN
1740384000,95734.47678032567,96177.18,95355,95806.4125,42.269507115076365,NaN,NaN
1740398400,95770.44464016284,96095.32,93817.06,95014.445,34.643237832998054,NaN,NaN
1740412800,95392.44482008142,95392.44482008142,93666.22,94282.0675,29.366665398523963,NaN,NaN
1740427200,94837.2561600407,94837.2561600407,91349.26,92854.2725,22.25121115003202,NaN,NaN
1740441600,93845.76433002035,93845.76433002035,90912.01,91789.8775,18.62770502251972,NaN,NaN
1740456000,92817.82091501018,92817.82091501018,88200,90500.455,15.363715825921233,NaN,NaN
1740470400,91659.1379575051,91659.1379575051,86888.1,88861.875,12.392107195952917,NaN,NaN
1740484800,90260.50647875255,90260.50647875255,86050.99,88016.51,11.189641202489938,NaN,NaN
1740499200,89138.50823937627,89138.50823937627,86157.69,87350.505,10.338497340142808,NaN,NaN
1740513600,88244.50661968814,89460.17,87622.64,88427.61249999999,20.82735535600459,NaN,NaN
1740528000,88336.05955984406,89414.15,88148.48,88785.75499999999,24.01050633879565,NaN,NaN
1740542400,88560.90727992202,89245.29,88392.45,88814.4425,24.2731419122546,NaN,NaN
1740556800,88687.67488996101,89314.45,88138,88697.31499999999,23.909790688058337,NaN,NaN
1740571200,88692.4949449805,88692.4949449805,85418.72,87569.26250000001,20.696483046325625,NaN,NaN
1740585600,88130.87872249025,88130.87872249025,83418,85662.285,16.628113062860194,NaN,NaN
1740600000,86896.58186124513,86896.58186124513,82256.01,83940.76999999999,13.960232070339941,NaN,NaN
1740614400,85418.67593062256,85466.55,84026.96,84742.48000000001,20.367938630413633,NaN,NaN
1740628800,85080.57796531128,86737,84694.29,85732.405,27.54341774001307,NaN,NaN
1740643200,85406.49148265563,87078.46,85406.49148265563,86473.985,32.45368369438198,NaN,NaN
1740657600,85940.23824132781,86795.9,84640.75,85909.02249999999,30.744305519276992,NaN,NaN
1740672000,85924.6303706639,85924.6303706639,83614.75,84730.26999999999,27.49081557902889,NaN,NaN
1740686400,85327.45018533195,85327.45018533195,82716.49,84116.7225,25.95140019165919,NaN,NaN
1740700800,84722.08634266598,84892.85,79532,82396.465,22.198095166110534,NaN,NaN
1740715200,83559.27567133299,83559.27567133299,78820.06,79861.8075,18.05471945262572,NaN,NaN
1740729600,81710.54158566649,81710.54158566649,78258.52,79707.74,17.83678215999528,NaN,NaN
1740744000,80709.14079283325,84425.89,80075.47,82254.845,32.37107172857259,NaN,NaN
1740758400,81481.99289641663,85120,81481.99289641663,84192.9375,40.93303501054478,NaN,NaN
1740772800,82837.46519820832,84795.03,82837.46519820832,84298.7425,41.36943158660407,NaN,NaN
1740787200,83568.10384910415,85678.11,83568.10384910415,84795.92,43.482481338394656,NaN,NaN
1740801600,84182.01192455208,86558,84182.01192455208,85342.2825,45.79445781759501,NaN,NaN
1740816000,84762.14721227603,85508.79,84382.62,84816.09,43.93058709792464,NaN,NaN
1740830400,84789.11860613801,84943.08,84334.39,84677.565,43.42945133627724,NaN,NaN
1740844800,84733.34180306901,85591.84,84700,85144.315,45.67801342132047,NaN,NaN
1740859200,84938.8284015345,86262.74,84938.8284015345,85774.64000000001,48.646592663954195,NaN,NaN
1740873600,85356.73420076726,86498,85356.73420076726,86011.84999999999,49.75930219902631,NaN,NaN
1740888000,85684.29210038362,86589.97,85531.87,86056.83,49.980622863456574,NaN,NaN
1740902400,85870.56105019181,86263.23,85633.13,86058.6675,49.99031485447292,NaN,NaN
1740916800,85964.6142750959,88673.09,85050.6,86814.39,53.94298186247046,NaN,NaN
1740931200,86389.50213754794,95000,86389.50213754794,90807.1275,68.23010930348978,NaN,NaN
1740945600,88598.31481877397,94883.51,88598.31481877397,94044.38,75.00120162093566,NaN,NaN
1740960000,91321.34740938699,94416.46,91321.34740938699,93457.4825,72.00496686643062,NaN,NaN
1740974400,92389.4149546935,93361.46,91181,92404.005,66.84304386047563,NaN,NaN
1740988800,92396.70997734675,92917.99,91142,92290.89,66.2935034204629,NaN,NaN
1741003200,92343.79998867337,93721.37,89117,91403.435,61.98764820478035,NaN,NaN
1741017600,91873.61749433668,91873.61749433668,85555.45,88049.2075,49.02634130438488,NaN,NaN
1741032000,89961.41249716835,89961.41249716835,85117.11,85995.5475,43.086130716997076,NaN,NaN
1741046400,87978.47999858417,87978.47999858417,82464.84,84869.425,40.20913718115442,NaN,NaN
1741060800,86423.95249929209,86423.95249929209,83140,83722.9325,37.46622681980422,NaN,NaN
1741075200,85073.44249964604,85073.44249964604,83040.29,83634.6175,37.25540088213709,NaN,NaN
1741089600,84354.02999982302,84977.65,81500,83350.16,36.542144426258304,NaN,NaN
1741104000,83852.09499991151,88487.91,82013.11,85423.065,44.83106145016605,NaN,NaN
1741118400,84637.57999995575,88967.52,84637.57999995575,87759.49,52.38109578258022,NaN,NaN
1741132800,86198.53499997788,87888.88,86198.53499997788,87087.1975,50.250101207015526,NaN,NaN
1741147200,86642.86624998893,87727.27,86642.86624998893,87228.2425,50.703218299218825,NaN,NaN
1741161600,86935.55437499446,90660,86935.55437499446,88923.4375,55.901809456318745,NaN,NaN
1741176000,87929.49593749724,90933.82,87926.06,89254.5975,56.858917635278836,NaN,NaN
1741190400,88592.04671874862,90475.3,87600,89042.3875,56.01985402676102,NaN,NaN
1741204800,88817.21710937431,91000,88817.21710937431,90258.4525,59.69078536141581,NaN,NaN
1741219200,89537.83480468715,92025,89537.83480468715,91055.685,61.93399461784424,NaN,NaN
1741233600,90296.75990234358,92810.64,90296.75990234358,91757.025,63.840408804237285,NaN,NaN
1741248000,91026.89245117179,91667.5,90613.17,91244.29,61.41865872416524,NaN,NaN
1741262400,91135.5912255859,91457.03,89117.68,90686.34999999999,58.80454904750757,NaN,NaN
1741276800,90910.97061279294,91066.44,87836,89562.3275,53.83349753628476,NaN,NaN
1741291200,90236.64905639648,90781.2,88461.22,89425.13500000001,53.24189383368981,NaN,NaN
1741305600,89830.89202819824,91283.02,84667.03,88218.29500000001,48.22165469722756,NaN,NaN
1741320000,89024.59351409914,89024.59351409914,86857.14,87706.635,46.231330794618806,NaN,NaN
1741334400,88365.61425704957,89704,87985.3,88755.3625,50.7209532477464,NaN,NaN
1741348800,88560.48837852478,91100,88022.47,89136.85500000001,52.28184299091196,NaN,NaN
1741363200,88848.6716892624,89023.41,86554.77,87964.0675,47.319693343019175,NaN,NaN
1741377600,88406.3695946312,88511,85573.07,87176.47750000001,44.28024653494827,NaN,NaN
1741392000,87791.4235473156,87791.4235473156,85218.47,86209.14499999999,40.81280358479663,NaN,NaN
1741406400,87000.2842736578,87000.2842736578,85653.66,86107.98,40.456006339384004,NaN,NaN
1741420800,86554.1321368289,86554.1321368289,85762.72,86091.4375,40.393819923124866,NaN,NaN
1741435200,86322.78481841445,86627.51,85808.82,86198.055,41.0230462605658,NaN,NaN
1741449600,86260.41990920722,86500,85661.76,86198.82,41.02785664890729,NaN,NaN
1741464000,86229.61995460361,86500,85852.12,86202.0225,41.04953356187391,NaN,NaN
1741478400,86215.82122730181,86500,85939.85,86194.505,41.01142484194044,NaN,NaN
1741492800,86205.16311365091,86205.16311365091,85809.48,86022.1575,40.09246790730967,NaN,NaN
1741507200,86113.66030682545,86113.66030682545,84625.01,85437.9075,37.0607878616222,NaN,NaN
1741521600,85775.78390341272,85775.78390341272,82711.5,83968.5625,30.760941711924133,NaN,NaN
1741536000,84872.17320170636,84872.17320170636,82223,82925.62,27.223563201241944,NaN,NaN
1741550400,83898.89660085319,83898.89660085319,80000,81728.7225,23.835937478419908,NaN,NaN
1741564800,82813.8095504266,82813.8095504266,80037.62,81390.89749999999,22.967220320247748,NaN,NaN
1741579200,82102.35352521329,82797.95,81977.27,82285.37000000001,30.218979436223236,NaN,NaN
1741593600,82193.86176260666,84123.46,81151,82793.81,34.021136316504865,NaN,NaN
1741608000,82493.83588130333,83771.94,79177.03,81643.705,30.034589401052585,NaN,NaN
1741622400,82068.77044065166,82068.77044065166,77459.91,79203.64749999999,23.69164927805737,NaN,NaN
1741636800,80636.20897032582,80636.20897032582,78409.4,78988.0325,23.224897151268095,NaN,NaN
1741651200,79812.12073516291,79938.27,76606,78665.605,22.510700500913103,NaN,NaN
1741665600,79238.86286758145,80614.89,79238.86286758145,80000.50749999999,31.85411847521995,NaN,NaN
1741680000,79619.68518379072,82092.34,79619.68518379072,81140.70999999999,38.65775119973336,NaN,NaN
1741694400,80380.19759189535,82225.21,79058,81058.945,38.36196883871658,NaN,NaN
1741708800,80719.57129594768,83617.4,80609.96,82140.90000000001,44.42187647564497,NaN,NaN
1741723200,81430.23564797384,83306.87,81430.23564797384,82973.5975,48.60945724889143,NaN,NaN
1741737600,82201.91657398692,83783.26,82100.61,82736.14499999999,47.510148030026336,NaN,NaN
1741752000,82469.03078699345,82541.47,81296,82103.2475,44.61405747268431,NaN,NaN
1741766400,82286.13914349672,83076.79,82000.29,82632.3275,47.495405453180155,NaN,NaN
1741780800,82459.23332174835,84539.85,80607.65,82472.73,46.70607482693407,NaN,NaN
1741795200,82465.98166087418,83165.46,81626.64,82361.75,46.13194195761432,NaN,NaN
1741809600,82413.86583043709,83887.26,82413.86583043709,83298.17,51.5443900996206,NaN,NaN
1741824000,82856.01791521854,84336.33,82856.01791521854,83726.6275,53.83021035481515,NaN,NaN
1741838400,83291.32270760927,83709.03,82851,83322.29,51.36753213602598,NaN,NaN
1741852800,83306.80635380463,83522.61,82400.04,83012.62749999999,49.49980114895273,NaN,NaN
1741867200,83159.7169269023,83900,80954.29,82218.7175,44.98384669405155,NaN,NaN
1741881600,82689.21721345115,82689.21721345115,79939.9,80615.1875,37.535229215649,NaN,NaN
1741896000,81652.20235672558,81652.20235672558,80189.89,80750.07500000001,38.45836882132806,NaN,NaN
1741910400,81201.1386783628,82270.51,80818.84,81523.47499999999,43.60464092244002,NaN,NaN
1741924800,81362.3068391814,82454.5,81362.3068391814,82073.55000000002,46.999385255111946,NaN,NaN
1741939200,81717.92841959071,83348.46,81717.92841959071,82735.8225,50.83650991890333,NaN,NaN
1741953600,82226.87545979535,85309.71,82226.87545979535,83982.00749999999,57.126430045969066,NaN,NaN
1741968000,83104.44147989768,84950,83104.44147989768,84544.4425,59.63639074273042,NaN,NaN
1741982400,83824.44198994884,84554.01,83717.69,84202.225,57.433186570047546,NaN,NaN
1741996800,84013.33349497442,84676.28,83964.57,84279.0075,57.80980334576787,NaN,NaN
1742011200,84146.17049748721,84559,83791.09,84167.35,57.0197360974993,NaN,NaN
1742025600,84156.76024874361,84184.58,83618,83933.41,55.31404929844133,NaN,NaN
1742040000,84045.0851243718,84499.74,84010.58,84240.02,57.124352382248965,NaN,NaN
1742054400,84142.55256218591,84498.72,84076.92,84305.41249999999,57.519623386213695,NaN,NaN
1742068800,84223.98253109294,84467.7,84223.98253109294,84335.9275,57.715523792053396,NaN,NaN
1742083200,84279.95501554647,84393.72,83733.86,84199.59,56.462685149642596,NaN,NaN
1742097600,84239.77250777323,84418,83972.57,84249.22,56.8300500641277,NaN,NaN
1742112000,84244.49625388661,84335.43,82381.46,83350.21500000001,48.797775018365975,NaN,NaN
1742126400,83797.35562694332,83797.35562694332,82400,82909.9475,45.41263643979661,NaN,NaN
1742140800,83353.65156347165,85117.04,82562.36,83524.67499999999,50.56881717829206,NaN,NaN
1742155200,83439.16328173582,83453.01,81981.12,82776.7825,44.99969435188125,NaN,NaN
1742169600,83107.97289086791,83725.39,82523,83124.64,47.875081118835254,NaN,NaN
1742184000,83116.30644543396,83869.77,82682.62,83448.975,50.47484632885651,NaN,NaN
1742198400,83282.64072271698,83783.02,83220.11,83521.435,51.06209668658498,NaN,NaN
1742212800,83402.03786135849,84000,82456,83375.4475,49.78134162710905,NaN,NaN
1742227200,83388.74268067925,84756.83,83103.6,83968.51250000001,54.74709562649798,NaN,NaN
1742241600,83678.62759033963,84506.8,83678.62759033963,84186.375,56.45069018090237,NaN,NaN
1742256000,83932.50129516982,84021.74,82960,83534.84,50.34648790265417,NaN,NaN
1742270400,83733.6706475849,83733.6706475849,82244.68,82959.02249999999,45.64844046417954,NaN,NaN
1742284800,83346.34657379246,83452.3,82500,82924.30249999999,45.37350542593382,NaN,NaN
1742299200,83135.32453689622,83135.32453689622,81134.66,82036.89,38.92112405194208,NaN,NaN
1742313600,82586.1072684481,82586.1072684481,81245.65,81912.33499999999,38.10211798102187,NaN,NaN
1742328000,82249.22113422405,82810.95,81870.23,82428.35250000001,43.41456210774753,NaN,NaN
1742342400,82338.78681711204,83280,82338.78681711204,82894.84,47.77803293701452,NaN,NaN
1742356800,82616.81340855602,83364.16,82616.81340855602,83096.06,49.58400711962552,NaN,NaN
1742371200,82856.436704278,84119.09,82856.436704278,83592.3075,53.82508534559499,NaN,NaN
1742385600,83224.372102139,84888,83224.372102139,84253.165,58.79605316106009,NaN,NaN
1742400000,83738.76855106949,85950,83578.32,84923.6875,63.13281027566664,NaN,NaN
1742414400,84331.22802553474,87000,84331.22802553474,86119.85500000001,69.33366412821015,NaN,NaN
1742428800,85225.54151276738,87453.67,85225.54151276738,86452.545,70.80448580627359,NaN,NaN
1742443200,85839.04325638368,86013.05,85430.38,85787.7075,64.17991542146456,NaN,NaN
1742457600,85813.37537819185,86300,84755.14,85593.425,62.34423898786445,NaN,NaN
1742472000,85703.40018909593,86532.04,84565.16,85322.78,59.77917661967328,NaN,NaN
1742486400,85513.09009454797,85513.09009454797,83655.23,84357.3225,51.62014433570923,NaN,NaN
1742500800,84935.20629727398,84935.20629727398,83922.01,84232.87000000001,50.660276527709755,NaN,NaN
1742515200,84584.03814863699,84850.33,84180.09,84426.44,52.15062421147229,NaN,NaN
1742529600,84505.2390743185,84798.93,83700.47,84222.3375,50.42120967824837,NaN,NaN
1742544000,84363.78828715924,84363.78828715924,83732.09,84013.565,48.644237436331785,NaN,NaN
1742558400,84188.67664357962,84358.51,83175.25,83786.44,46.71536519533533,NaN,NaN
1742572800,83987.55832178981,84435.87,83379,83834.175,47.189334669868536,NaN,NaN
1742587200,83910.86666089491,84584,83813.21,84110.5875,49.9647615366708,NaN,NaN
1742601600,84010.72708044745,84338.98,83989.58,84168.52249999999,50.551346111596686,NaN,NaN
1742616000,84089.62479022372,84429.09,84089.62479022372,84278.4375,51.70807041253957,NaN,NaN
1742630400,84184.03114511186,84539.17,84109,84290.5325,51.84157042128713,NaN,NaN
1742644800,84237.28182255593,84296.39,83975.42,84155.035,50.16837427291056,NaN,NaN
1742659200,84196.15841127797,84320,84063.53,84166.05,50.308780466289605,NaN,NaN
1742673600,84181.10420563899,84204.19,83625.1,83960.3675,47.61112091816521,NaN,NaN
1742688000,84070.73585281949,84277.07,83809.75,84037.95,48.72792087834844,NaN,NaN
1742702400,84054.34292640974,84328.24,84054.34292640974,84225.66750000001,51.4260655998587,NaN,NaN
1742716800,84140.00521320487,85027.32,84140.00521320487,84562.545,55.91016013775344,NaN,NaN
1742731200,84351.27510660244,85254.17,84351.27510660244,84924.245,60.162471457689776,NaN,NaN
1742745600,84637.76005330122,85413.05,84637.76005330122,85103.4125,62.111803717976926,NaN,NaN
1742760000,84870.5862766506,86129.64,84870.5862766506,85536.8125,66.39538282204447,NaN,NaN
1742774400,85203.6993883253,86641.13,85203.6993883253,86193.69750000001,71.63063490638453,NaN,NaN
1742788800,85698.69844416266,87300,85698.69844416266,86809.6625,75.48706400745067,NaN,NaN
1742803200,86254.18047208132,87909.99,86254.18047208132,87328.19750000001,78.17653114248347,NaN,NaN
1742817600,86791.18898604067,88765.43,86791.18898604067,87985.89000000001,81.02084365003961,NaN,NaN
1742832000,87388.53949302033,88536,87388.53949302033,88199.65,81.84887232029492,NaN,NaN
1742846400,87794.09474651016,88481.14,87050.6,87812.97750000001,75.4374144255066,NaN,NaN
1742860800,87803.5361232551,87803.5361232551,86330.66,87007.2375,64.15922190250667,NaN,NaN
1742875200,87405.38681162754,87405.38681162754,86310,86536.87,58.647012950595915,NaN,NaN
1742889600,86971.12840581377,87500,86406.49,86928.435,61.60434384199648,NaN,NaN
1742904000,86949.78170290688,88258.8,86929.46,87583.2675,65.98531622837302,NaN,NaN
1742918400,87266.52460145345,88321.27,87266.52460145345,87950.11499999999,68.17601660334228,NaN,NaN
1742932800,87608.31980072672,88539.63,87132.65,87795.345,66.23777382335894,NaN,NaN
1742947200,87701.83240036336,87892.14,87030.56,87367.2725,61.06652989515534,NaN,NaN
1742961600,87534.55245018168,88275,87052,87655.2375,63.15066564544783,NaN,NaN
1742976000,87594.89497509084,88259.81,87594.89497509084,88048.1775,65.83797528885444,NaN,NaN
1742990400,87821.53623754543,88000,86434.36,87285.46250000001,57.12902858212117,NaN,NaN
1743004800,87553.49936877273,87553.49936877273,85860,86559.5275,50.30804867145646,NaN,NaN
1743019200,87056.51343438636,87404.34,86520.1,86850.1975,52.74115022691002,NaN,NaN
1743033600,86953.35546719318,87756.39,86796.26,87283,56.18152443476699,NaN,NaN
1743048000,87118.17773359659,87691.34,87118.17773359659,87502.795,57.85931169409623,NaN,NaN
1743062400,87310.48636679829,87597.6,86787,87182.02750000001,54.5750981545051,NaN,NaN
1743076800,87246.25693339916,87575,85800,86823.145,51.08153446789494,NaN,NaN
1743091200,87034.70096669957,87429.21,86796,87064.92250000002,53.25263321325803,NaN,NaN
1743105600,87049.8117333498,87728.27,86943.04,87240.93,54.82447886115217,NaN,NaN
1743120000,87145.3708666749,87515.67,86750,87071.20999999999,52.97474950859324,NaN,NaN
1743134400,87108.29043333745,87108.29043333745,85162.48,85998.81999999999,43.083538678220066,NaN,NaN
1743148800,86553.55521666873,86553.55521666873,84800,85177.3725,37.333267923465534,NaN,NaN
1743163200,85865.46385833436,85865.46385833436,83953.86,84717.5025,34.55290526728757,NaN,NaN
1743177600,85291.48317916717,85291.48317916717,83585,83911.1225,30.29268064295789,NaN,NaN
1743192000,84601.30283958359,84601.30283958359,83697.83,84112.91,32.53434139728145,NaN,NaN
1743206400,84357.10641979179,84624.73,83709.67,84231.26999999999,33.87752683789209,NaN,NaN
1743220800,84294.18820989589,84294.18820989589,83662.86,83954.8575,32.26211432359058,NaN,NaN
1743235200,84124.52285494795,84124.52285494795,82007,82994.9525,27.379499090966732,NaN,NaN
1743249600,83559.73767747398,83559.73767747398,82145.22,82433.755,24.997566005613876,NaN,NaN
1743264000,82996.746338737,82996.746338737,81644.81,82393.95999999999,24.83258895959898,NaN,NaN
1743278400,82695.35316936849,82787.29,82258.86,82613.27249999999,27.665863509261797,NaN,NaN
1743292800,82654.31283468424,83503.53,82500,82935.2175,31.733743560558665,NaN,NaN
1743307200,82794.76516734212,83321.16,82794.76516734212,83088.8825,33.65167363176222,NaN,NaN
1743321600,82941.82383367106,83534.64,82941.82383367106,83174.585,34.75268683494954,NaN,NaN
1743336000,83058.20441683554,83268.05,82543.83,82913.3025,32.95707393643839,NaN,NaN
1743350400,82985.75345841778,82985.75345841778,82050.4,82559.2225,30.646197704800855,NaN,NaN
1743364800,82772.48797920889,82772.48797920889,81565,82315.3725,29.13126470605779,NaN,NaN
1743379200,82543.93023960444,82543.93023960444,81278.52,81910.85250000001,26.76738839127124,NaN,NaN
1743393600,82227.39136980222,82305.57,81400,81792.27,26.098811401408,NaN,NaN
1743408000,82009.83068490111,82272,81290.88,81925.475,28.266282771910667,NaN,NaN
1743422400,81967.65284245057,83943.08,81656,82805.84,40.65468530185789,NaN,NaN
1743436800,82386.74642122528,83694.29,82386.74642122528,82993.835,42.92158392390532,NaN,NaN
1743451200,82690.29071061264,82886.8,82265.1,82541.0425,39.05230576720035,NaN,NaN
1743465600,82615.66660530632,83256.8,82432.74,82800.595,42.265242911406794,NaN,NaN
1743480000,82708.13080265316,83597.07,82708.13080265316,83223.07,47.14904720269081,NaN,NaN
1743494400,82965.60040132658,84504.74,82965.60040132658,83822.635,53.199542765128804,NaN,NaN
1743508800,83394.11770066328,85499.55,82544,84313.6825,57.491773199726325,NaN,NaN
1743523200,83853.90010033164,85493,83853.90010033164,85116.4725,63.40140566802768,NaN,NaN
1743537600,84485.18630016582,85579.46,84485.18630016582,85120.845,63.431225859841355,NaN,NaN
1743552000,84803.0156500829,85255.95,84504.21,84867.1275,60.358056038209014,NaN,NaN
1743566400,84835.07157504145,84835.07157504145,83904.72,84401.8675,55.08738857509611,NaN,NaN
1743580800,84618.46953752072,85450,84262.73,84676.48999999999,57.449292571045746,NaN,NaN
1743595200,84647.47976876036,87333,84462.69,85780.0675,65.33789799149953,NaN,NaN
1743609600,85213.77363438018,87333,85213.77363438018,86794.22,70.71160656585292,NaN,NaN
1743624000,86003.99681719008,88500,82320,85059.075,55.0006050038283,NaN,NaN
1743638400,85531.53590859505,85531.53590859505,82175.98,83043.5625,43.03856272400419,NaN,NaN
1743652800,84287.54920429752,84287.54920429752,83000,83419.1425,45.42070361436779,NaN,NaN
1743667200,83853.34585214876,83853.34585214876,83047,83347,45.0311449144021,NaN,NaN
1743681600,83600.17292607439,83600.17292607439,81211.24,82373.6275,40.04116985248595,NaN,NaN
1743696000,82986.9002130372,82986.9002130372,81540,82009.05750000001,38.328046594248875,NaN,NaN
1743710400,82497.9788565186,83332.2,81800,82588.7625,42.53796480922715,NaN,NaN
1743724800,82543.37067825929,83413.46,82543.37067825929,83005.675,45.42342309928324,NaN,NaN
1743739200,82774.52283912964,84000,82615.36,83356.685,47.80006115813348,NaN,NaN
1743753600,83065.60391956482,84720,81659,83263.075,47.20962258439212,NaN,NaN
1743768000,83164.33945978241,83716,81849.05,82776.3725,44.15569318795568,NaN,NaN
1743782400,82970.3559798912,84620.01,82736,83556.5,49.76514371074194,NaN,NaN
1743796800,83263.4279899456,84450,83263.4279899456,83960.705,52.431287638217334,NaN,NaN
1743811200,83612.0664949728,84266,83395.46,83793.835,51.22263471317135,NaN,NaN
1743825600,83702.95074748641,83868,83297.66,83578.7525,49.63443306346584,NaN,NaN
1743840000,83640.8516237432,83894.7,83359.64,83558.09,49.47572522655061,NaN,NaN
1743854400,83599.47081187161,83599.47081187161,82379.95,83000.395,45.26837398456125,NaN,NaN
1743868800,83299.9329059358,83299.9329059358,82607.05,82807.825,43.880764223142585,NaN,NaN
1743883200,83053.8789529679,83688,82833,83229.745,47.665915554691104,NaN,NaN
1743897600,83141.81197648395,83817.63,83141.81197648395,83465.8025,49.709668391253466,NaN,NaN
1743912000,83303.80723824198,83533.01,83024.96,83231.7675,47.719950884809485,NaN,NaN
1743926400,83267.78736912098,83267.78736912098,82666,82929.74,45.205231043511716,NaN,NaN
1743940800,83098.76368456049,83098.76368456049,82217.83,82650.83,42.9541209399419,NaN,NaN
1743955200,82874.79684228025,82874.79684228025,78694.99,80852.9625,31.91978350967841,NaN,NaN
1743969600,81863.87967114012,81863.87967114012,77153.83,78772.0825,24.178070033436654,NaN,NaN
1743984000,80317.98108557006,80317.98108557006,77354,78209.80750000001,22.584147261774064,NaN,NaN
1743998400,79263.89429278503,79263.89429278503,74508,76331.4475,18.254678801327543,NaN,NaN
1744012800,77797.67089639252,77797.67089639252,75085.74,76118.8125,17.837797218283498,NaN,NaN
1744027200,76958.24169819626,81243.58,75789.01,78049.5275,32.83611145266421,NaN,NaN
1744041600,77503.88459909812,79365.46,77313.2,78322.2525,34.650800057893676,NaN,NaN
1744056000,77913.06854954906,80218.88,77913.06854954906,78903.865,38.46895903418994,NaN,NaN
1744070400,78408.46677477454,80867.99,78408.46677477454,79676.8425,43.21735729575723,NaN,NaN
1744084800,79042.65463738727,80413.49,79042.65463738727,79758.3475,43.71062353880491,NaN,NaN
1744099200,79400.50106869364,80077.65,78819.65,79593.82749999998,42.90050726929707,NaN,NaN
1744113600,79497.16428434681,80375,78175.14,79257.5325,41.21883092513214,NaN,NaN
1744128000,79377.34839217342,79377.34839217342,76334.65,77552.355,33.95152916650282,NaN,NaN
1744142400,78464.8516960867,78464.8516960867,76239.9,76675.4675,30.931333142316063,NaN,NaN
1744156800,77570.15959804335,77570.15959804335,74620,75721.0075,28.010570392256668,NaN,NaN
1744171200,76645.58354902169,77979.3,75000,76436.69,33.11092292364492,NaN,NaN
1744185600,76541.13677451084,77880,75756.86,76890.2475,36.19606768294839,NaN,NaN
1744200000,76715.69213725542,78318.46,76010.21,76954.17,36.63961933694677,NaN,NaN
1744214400,76834.93106862772,82990,76834.93106862772,79929.0225,53.011112444553454,NaN,NaN
1744228800,78381.97678431385,83588,78381.97678431385,82630.79750000002,62.49049882203485,NaN,NaN
1744243200,80506.38714215693,82753.21,80506.38714215693,82154.1175,60.183614772439206,NaN,NaN
1744257600,81330.25232107847,82344.3,81292.99,81752.075,58.23109061202127,NaN,NaN
1744272000,81541.16366053923,82130.43,81349,81739.3125,58.16657866630112,NaN,NaN
1744286400,81640.23808026961,82466.35,78606.06,80427.85250000001,51.81417899089485,NaN,NaN
1744300800,81034.04529013482,81034.04529013482,78464.36,79232.475,46.79744420819489,NaN,NaN
1744315200,80133.26014506741,80133.26014506741,79377.04,79666.81249999999,48.739502543307054,NaN,NaN
1744329600,79900.0363225337,80906.63,78969.58,80081.625,50.594380399055524,NaN,NaN
1744344000,79990.83066126685,81440.73,79990.83066126685,81015.67749999999,54.57989807867996,NaN,NaN
1744358400,80503.25408063343,82985.71,80503.25408063343,81791.1425,57.63542976732661,NaN,NaN
1744372800,81147.19829031671,83333,81147.19829031671,82331.4075,59.6709971693242,NaN,NaN
1744387200,81739.30289515835,84220,81739.30289515835,83153.775,62.61553815721538,NaN,NaN
1744401600,82446.53894757917,84300,82446.53894757917,83686.03,64.42592835783918,NaN,NaN
1744416000,83066.2844737896,83572,82792.95,83190.47750000001,61.44257254662565,NaN,NaN
1744430400,83128.3809868948,83830.62,82856.86,83346.385,62.03817093821019,NaN,NaN
1744444800,83237.38299344739,84031.87,83237.38299344739,83647.75,63.22082555452926,NaN,NaN
1744459200,83442.5664967237,85402.9,83442.5664967237,84353.63500000001,65.90051488704363,NaN,NaN
1744473600,83898.10074836185,85258.29,83898.10074836185,84908.01000000001,67.8798288511938,NaN,NaN
1744488000,84403.05537418093,85905,84403.05537418093,85250.725,69.07489570097384,NaN,NaN
1744502400,84826.89018709047,86100,84724.91,85383.5325,69.54772916375705,NaN,NaN
1744516800,85105.21134354523,85436.68,84399.42,84920.3775,65.77096650223274,NaN,NaN
1744531200,85012.79442177262,85012.79442177262,84216.15,84526.9425,62.658203900551754,NaN,NaN
1744545600,84769.86846088631,84769.86846088631,83480.67,84139.7475,59.665416384702375,NaN,NaN
1744560000,84454.80798044315,84990.22,83050,83967.7975,58.33291177408021,NaN,NaN
1744574400,84211.30274022158,84446.31,83034.23,83805.465,57.03783050194834,NaN,NaN
1744588800,84008.38387011079,85544.3,83678,84387.08249999999,60.42776005520348,NaN,NaN
1744603200,84197.73318505539,85110,84197.73318505539,84616.965,61.71364359286609,NaN,NaN
1744617600,84407.3490925277,84965.34,84250,84680.915,62.08276310673099,NaN,NaN
1744632000,84544.13204626384,85799.99,83709.25,84634.48999999999,61.61832387828527,NaN,NaN
1744646400,84589.31102313192,85208.1,83863.63,84523.99,60.458976204821994,NaN,NaN
1744660800,84556.65051156597,84971.7,84424.52,84727.71750000001,61.88292838082505,NaN,NaN
1744675200,84642.184005783,85415.1,84347.97,84933.6525,63.32083959678537,NaN,NaN
1744689600,84787.9182528915,85879.1,84787.9182528915,85533.36,67.20113954307297,NaN,NaN
1744704000,85160.63912644575,86000,85160.63912644575,85664.25,67.99691301012174,NaN,NaN
1744718400,85412.44456322287,86496.42,84623.73,85406.88,64.6741630973418,NaN,NaN
1744732800,85409.66228161144,85409.66228161144,83921.19,84496.10250000001,54.520803645853704,NaN,NaN
1744747200,84952.88239080572,84952.88239080572,83600,83869.5875,48.840601268717386,NaN,NaN
1744761600,84411.23494540286,84411.23494540286,83111.64,83602.82250000001,46.61371843285193,NaN,NaN
1744776000,84007.02872270143,84007.02872270143,83212.64,83521.3675,45.92516027319301,NaN,NaN
1744790400,83764.1981113507,84127.05,83140.89,83669.805,47.44858793620807,NaN,NaN
1744804800,83717.00155567535,85270.27,83512.2,84419.35250000001,54.43003575583006,NaN,NaN
1744819200,84068.17702783768,85500,83275,84488.8975,55.02702181471478,NaN,NaN
1744833600,84278.53726391884,84679.53,84024,84266.97750000001,52.656454297957914,NaN,NaN
1744848000,84272.75738195943,84496,83814.48,84083.77249999999,50.71409072083142,NaN,NaN
1744862400,84178.26494097972,85053.38,83900,84404.39749999999,53.917825953044606,NaN,NaN
1744876800,84291.33122048985,84764.44,84191.17,84546.89749999999,55.30829999030353,NaN,NaN
1744891200,84419.11436024492,84862.93,83736.26,84423.225,53.791302223336174,NaN,NaN
1744905600,84421.16968012246,85470.01,84393.59,84811.095,57.70907752146084,NaN,NaN
1744920000,84616.13234006123,85140,84616.13234006123,84914.29250000001,58.71209006057534,NaN,NaN
1744934400,84765.21242003061,85132.08,84724.6,84908.15,58.622967496099854,NaN,NaN
1744948800,84836.6812100153,84838.52,84413.23,84683.605,55.31726518065312,NaN,NaN
1744963200,84760.14310500765,84764,84472.25,84640.01,54.672674181897754,NaN,NaN
1744977600,84700.07655250383,84769.95,84338,84537.9125,53.11176589502871,NaN,NaN
1744992000,84618.99452625192,84649.99,84303.96,84472.84500000002,52.09105230653911,NaN,NaN
1745006400,84545.91976312597,84684.49,84342.15,84516.04000000001,52.740370407012946,NaN,NaN
1745020800,84530.97988156299,84986.76,84364.45,84677.405,55.18399541444578,NaN,NaN
1745035200,84604.1924407815,85300,84604.1924407815,85071.205,60.545556109635974,NaN,NaN
1745049600,84837.69872039075,85436.72,84837.69872039075,85246.73749999999,62.68829707013684,NaN,NaN
1745064000,85042.21811019536,85677.99,85042.21811019536,85289.145,63.20816734059913,NaN,NaN
1745078400,85165.68155509769,85330.06,84694.49,85075.31999999999,58.762369558294836,NaN,NaN
1745092800,85120.50077754885,85367.93,85015.63,85136.5325,59.637594858518455,NaN,NaN
1745107200,85128.51663877442,85320.76,85050.27,85154.21,59.90226891420069,NaN,NaN
1745121600,85141.36331938722,85248,84678.18,84969.7525,55.79115207113924,NaN,NaN
1745136000,85055.55790969361,85055.55790969361,83949.52,84412.09000000001,45.6015742644441,NaN,NaN
1745150400,84733.82395484681,84733.82395484681,84099.3,84309.445,44.008349733318006,NaN,NaN
1745164800,84521.63447742342,84664.09,84272.74,84483.27249999999,47.36232035422691,NaN,NaN
1745179200,84502.4534887117,85298,84502.4534887117,84936.39499999999,54.93959313473453,NaN,NaN
1745193600,84719.42424435585,87640,84719.42424435585,86292.39,69.219356801862,NaN,NaN
1745208000,85505.90712217792,87738,85505.90712217792,87354.08499999999,75.70990632576377,NaN,NaN
1745222400,86429.99606108895,87795.26,86429.99606108895,87211.56499999999,73.470276829833,NaN,NaN
1745236800,86820.78053054446,88465.99,86779.97,87565.67,75.4161490276654,NaN,NaN
1745251200,87193.22526527222,88270.88,86389.78,87530.14249999999,74.82317590983654,NaN,NaN
1745265600,87361.6838826361,87625.68,86887.15,87361.03749999999,71.92434391526693,NaN,NaN
1745280000,87361.36069131806,88877,87076.03,87906.7,75.25565515727003,NaN,NaN
1745294400,87634.03034565903,88486,87634.03034565903,88268.56,77.18867766826877,NaN,NaN
1745308800,87951.29517282952,88701.93,87951.29517282952,88508.54500000001,78.39415858111559,NaN,NaN
1745323200,88229.92008641476,91439.46,88229.92008641476,89867.54,83.66011552181291,NaN,NaN
1745337600,89048.73004320738,91695,89048.73004320738,91167.1075,86.9385299035242,NaN,NaN
1745352000,90107.9187716037,93888,90107.9187716037,92451.4425,89.23688446048565,NaN,NaN
1745366400,91279.68063580185,93909.05,91279.68063580185,93275.2825,90.40340256336583,NaN,NaN
1745380800,92277.48156790092,94264,92277.48156790092,93646.0475,90.88233856190213,NaN,NaN
1745395200,92961.76453395045,94521.79,92961.76453395045,93861.5175,91.15849746238524,NaN,NaN
1745409600,93411.64101697522,94696.05,91935.41,93323.1875,84.2894684191203,NaN,NaN
1745424000,93367.41425848761,94219.93,92913.04,93456.5325,84.59903841981482,NaN,NaN
1745438400,93411.9733792438,93917.53,93238.1,93586.1475,84.91029037103087,NaN,NaN
1745452800,93499.06043962191,93787.65,92650,93200.6675,79.74830269528118,NaN,NaN
1745467200,93349.86396981095,93349.86396981095,92101.63,92470.7675,70.95258905981473,NaN,NaN
1745481600,92910.31573490548,92910.31573490548,91660.01,92285.295,68.8738274084402,NaN,NaN
1745496000,92597.80536745273,93450,92434.78,92926.8075,71.93642364939925,NaN,NaN
1745510400,92762.30643372636,93649.56,92666.62,93268.705,73.43653740946093,NaN,NaN
1745524800,93015.50571686318,94005,93015.50571686318,93641.39749999999,75.00499852779907,NaN,NaN
1745539200,93328.45160843158,94444,92855.96,93648.065,75.03340030552741,NaN,NaN
1745553600,93488.2583042158,93860,93013.56,93489.4125,72.91039828600184,NaN,NaN
1745568000,93488.8354021079,94660,93488.8354021079,94151.94,75.96829015464253,NaN,NaN
1745582400,93820.38770105396,95758.04,93820.38770105396,94846.08499999999,78.68329468878346,NaN,NaN
1745596800,94333.23635052698,95554.99,94333.23635052698,95069.38750000001,79.48619242561115,NaN,NaN
1745611200,94701.3119252635,95345.45,94441.61,94929.185,77.51214862884287,NaN,NaN
1745625600,94815.24846263175,95199,94527.84,94776.3775,75.31666713910121,NaN,NaN
1745640000,94795.81298131587,94830.93,94380.72,94630.4875,73.18534228362118,NaN,NaN
1745654400,94713.15024065794,94733.54,93990.6,94359.62749999999,69.26626046012366,NaN,NaN
1745668800,94536.38887032896,94536.38887032896,93870.69,94195.5,66.92749872019526,NaN,NaN
1745683200,94365.94443516448,94378.87,94041,94275.1525,67.50100335528941,NaN,NaN
1745697600,94320.54846758224,94888,94087,94477.6275,68.97384005443081,NaN,NaN
1745712000,94399.08798379112,95369,94041.6,94548.7025,69.49643521548703,NaN,NaN
1745726400,94473.89524189556,94473.89524189556,93655,94041.4625,61.53094918094688,NaN,NaN
1745740800,94257.67887094777,94331.85,93883.81,94050.41500000001,61.61457331699668,NaN,NaN
1745755200,94154.04693547389,94173.91,93602.58,93899.3925,59.27377099247866,NaN,NaN
1745769600,94026.71971773694,94434.79,93727.08,94124.115,61.6108803456216,NaN,NaN
1745784000,94075.41735886846,94545.45,93641.7,94092.485,61.07958230954638,NaN,NaN
1745798400,94083.95117943423,94083.95117943423,92800.01,93596.63249999999,53.31733885412828,NaN,NaN
1745812800,93840.2918397171,94800,93840.2918397171,94298.0875,60.8894519874899,NaN,NaN
1745827200,94069.18966985855,95550,94069.18966985855,94975.48999999999,66.53475392513991,NaN,NaN
1745841600,94522.33983492927,95630,93583.9,94591.85,61.15130298602293,NaN,NaN
1745856000,94557.09491746464,94920,93444,94246.175,56.699649503939916,NaN,NaN
1745870400,94401.63495873232,95180,94305.95,94820.965,61.69328117503902,NaN,NaN
1745884800,94611.29997936616,95461.53,94443.7,94893.7925,62.28673927118733,NaN,NaN
1745899200,94752.54623968308,94960,94200,94684.09,59.43161179717976,NaN,NaN
1745913600,94718.31811984154,95285.71,94718.31811984154,95019.0175,62.396384438007544,NaN,NaN
1745928000,94868.66780992076,95300,94531.85,94951.17249999999,61.417242445398095,NaN,NaN
1745942400,94909.92015496037,95459.99,94658.99,95065.7175,62.487540567253525,NaN,NaN
1745956800,94987.8188274802,95408,93742.54,94677.03749999999,56.73615911961572,NaN,NaN
1745971200,94832.42816374009,95111.01,94136.48,94634.2875,56.124290455065236,NaN,NaN
1745985600,94733.35783187005,95180,94500,94833.45749999999,58.376502801313805,NaN,NaN
1746000000,94783.40766593502,95228.45,94527.58,94888.42000000001,59.001928679871455,NaN,NaN
1746014400,94835.91383296752,95214.9,92910,94326.5475,50.62709368891377,NaN,NaN
1746028800,94581.23066648375,94581.23066648375,93528.71,94046.33750000001,47.041034516193335,NaN,NaN
1746043200,94313.78408324189,94784.1,94005,94278.2775,50.186318069655066,NaN,NaN
1746057600,94296.03079162094,95040.3,94130.43,94531.33249999999,53.43567609500128,NaN,NaN
1746072000,94413.68164581046,95180,94413.68164581046,94925.70499999999,58.03040683667807,NaN,NaN
1746086400,94669.69332290522,96396.31,94669.69332290522,95628.8,64.71518084673147,NaN,NaN
1746100800,95149.2466614526,97424.02,95149.2466614526,96556.9975,71.23000655661572,NaN,NaN
1746115200,95853.1220807263,97367.26,95853.1220807263,96792.3175,72.61070516008718,NaN,NaN
1746129600,96322.71979036316,96885.77,96184.19,96520.7825,68.5241759763838,NaN,NaN
1746144000,96421.75114518158,97233.1,96421.75114518158,96822.8825,70.51256149036796,NaN,NaN
1746158400,96622.3168225908,97309.78,96350,96778.025,69.80739134907199,NaN,NaN
1746172800,96700.1709112954,97100,96350,96682.245,68.23818752890307,NaN,NaN
1746187200,96691.2079556477,97895.68,96650.94,97201.44499999999,71.92268345320896,NaN,NaN
1746201600,96946.32647782384,97783.02,96769.84,97201.82,71.92521665906858,NaN,NaN
1746216000,97074.07323891192,97136,96561.57,96877.235,66.34554654099279,NaN,NaN
1746230400,96975.65411945595,96975.65411945595,96300.02,96615.08,62.151860980854735,NaN,NaN
1746244800,96795.36705972799,96795.36705972799,96132.67,96346.4625,58.099419760861565,NaN,NaN
1746259200,96570.91477986399,96570.91477986399,95852.29,96134.725,55.05232198616415,NaN,NaN
1746273600,96352.819889932,96509.44,95880.65,96187.69499999999,55.67856839727907,NaN,NaN
1746288000,96270.257444966,96428.33,95869.68,96267.7575,56.66143897304596,NaN,NaN
1746302400,96269.007472483,96441.49,95753.01,96101.315,53.98136851872646,NaN,NaN
1746316800,96185.1612362415,96304.48,95588,95867.7825,50.38064236303119,NaN,NaN
1746331200,96026.47186812075,96142.86,95692.7,95859.4425,50.251728206739116,NaN,NaN
1746345600,95942.95718406037,95942.95718406037,95286.78,95628.3775,46.68731070152645,NaN,NaN
1746360000,95785.66734203018,95785.66734203018,95209.07,95447.58499999999,44.05427612580133,NaN,NaN
1746374400,95616.62617101509,95640.98,95239.33,95482.99500000001,44.71196285005906,NaN,NaN
1746388800,95549.81058550754,95758.08,94151.38,94942.7875,37.47420607217275,NaN,NaN
1746403200,95246.29904275377,95246.29904275377,93514.1,94157.89499999999,29.900715587046903,NaN,NaN
1746417600,94702.09702137689,94825.46,94020.66,94409.875,34.4788223255009,NaN,NaN
1746432000,94555.98601068844,94798.01,93888,94371.525,34.11366111314335,NaN,NaN
1746446400,94463.75550534422,94531.74,93613.66,93988.47499999999,30.62482467404783,NaN,NaN
1746460800,94226.11525267211,94900,93759.63,94194.28,34.50073603837748,NaN,NaN
1746475200,94210.19762633606,95199,93876,94538.96,40.49665769828526,NaN,NaN
1746489600,94374.57881316803,94926.99,94012.78,94531.86499999999,40.41464533985444,NaN,NaN
1746504000,94453.22190658402,94638.01,94308.63,94450.41,39.42743726080319,NaN,NaN
1746518400,94451.81595329201,94451.81595329201,93720.63,94083.78499999999,35.25336882827588,NaN,NaN
1746532800,94267.80047664599,94733.38,93377,94120.46500000001,35.98357311807449,NaN,NaN
1746547200,94194.13273832301,95157,94194.13273832301,94723.86,46.64385545901967,NaN,NaN
1746561600,94458.9963691615,96920.65,94452.75,95792.73000000001,59.50740337487191,NaN,NaN
1746576000,95125.86318458075,97732,95125.86318458075,96820.255,67.59531392421944,NaN,NaN
1746590400,95973.05909229038,97013.53,95973.05909229038,96706.535,66.02354503327895,NaN,NaN
1746604800,96339.79704614519,97111,96339.79704614519,96996.645,68.06371798545622,NaN,NaN
1746619200,96668.2210230726,97478.27,96668.2210230726,97040.6875,68.37419146345039,NaN,NaN
1746633600,96854.4542615363,96961.04,95784.61,96462.3925,60.11085870442248,NaN,NaN
1746648000,96658.42338076816,97390,96076.92,96669.355,61.88616227470117,NaN,NaN
1746662400,96663.88919038407,99222.22,96663.88919038407,98070.45,71.22339363789735,NaN,NaN
1746676800,97367.16959519204,99419,97367.16959519204,99136.845,76.03553500938892,NaN,NaN
1746691200,98252.00729759602,99888,98252.00729759602,99439.63,77.20129697703433,NaN,NaN
1746705600,98845.81864879801,101525.03,98845.81864879801,100195.73,79.83877380113776,NaN,NaN
1746720000,99520.77432439901,101707.02,99520.77432439901,101090.27249999999,82.42870748237394,NaN,NaN
1746734400,100305.5234121995,104145.76,100305.5234121995,102498.26750000002,85.57068000752358,NaN,NaN
1746748800,101401.89545609977,103268.44,101401.89545609977,102836.27249999999,86.20824561846315,NaN,NaN
1746763200,102119.08397804988,104361.3,102119.08397804988,103203.785,86.88670599857316,NaN,NaN
1746777600,102661.43448902495,103930,102421,103234.5175,86.94454323145547,NaN,NaN
1746792000,102947.97599451247,103793.66,102411.99,103014.9875,84.09137212129352,NaN,NaN
1746806400,102981.48174725624,103370.54,102315.14,102942.70999999999,83.12419312034591,NaN,NaN
1746820800,102962.09587362812,103408,102727.25,103074.1025,83.49581530482881,NaN,NaN
1746835200,103018.09918681406,103265.82,102818.76,103070.7025,83.44460841598148,NaN,NaN
1746849600,103044.40084340703,104100,103034.5,103530.115,84.80100625963603,NaN,NaN
1746864000,103287.25792170351,104079.37,103287.25792170351,103660.005,85.17093576528698,NaN,NaN
1746878400,103473.63146085176,103825.4,103100,103374.7775,80.53548698106513,NaN,NaN
1746892800,103424.20448042588,103619.68,103005.33,103238.78,78.34600469749151,NaN,NaN
1746907200,103331.49224021295,104984.57,103068.87,104013.58000000002,81.44156254595607,NaN,NaN
1746921600,103672.53612010648,104972,103466.05,104313.6525,82.48582993634133,NaN,NaN
1746936000,103993.09431005325,104400,103345.06,103784.38999999998,74.52096543159064,NaN,NaN
1746950400,103888.74215502662,104777,103380.95,104048.85500000001,75.77949659272336,NaN,NaN
1746964800,103968.79857751331,104888,103775.91,104366.48000000001,77.23395010694186,NaN,NaN
1746979200,104167.63928875666,104832.82,103750,104288.205,76.02237265778137,NaN,NaN
1746993600,104227.92214437833,104578.62,103569.77,104171.5975,74.15608820613262,NaN,NaN
1747008000,104199.75982218917,105086.42,103702.15,104251.67499999999,74.61692730289649,NaN,NaN
1747022400,104225.71741109458,105819.45,103750,104534.3925,76.22858556661502,NaN,NaN
1747036800,104380.0549555473,104736.45,103625,104148.08499999999,69.7149999148702,NaN,NaN
1747051200,104264.06997777364,104629.96,102388,103327.0275,58.31054607886832,NaN,NaN
1747065600,103795.54873888682,103795.54873888682,100718.37,102048.63,45.758896032684135,NaN,NaN
1747080000,102922.08936944342,103127.92,101770.2,102387.3575,48.89769452101874,NaN,NaN
1747094400,102654.7234347217,102791.32,101429.7,102182.935,47.12533317373607,NaN,NaN
1747108800,102418.82921736085,102943.28,101610.56,102234.685,47.64271049123923,NaN,NaN
1747123200,102326.75710868042,103822.03,102326.75710868042,103189.2275,56.16325975613313,NaN,NaN
1747137600,102757.99230434021,103966,102757.99230434021,103547.2675,58.867215089144636,NaN,NaN
1747152000,103152.6299021701,104976.25,103152.6299021701,104245.79749999999,63.58636230468289,NaN,NaN
1747166400,103699.21370108504,104928,103699.21370108504,104423.23500000002,64.69442350736634,NaN,NaN
1747180800,104061.22435054253,104115.86,103453.26,103815.07,58.16165682054286,NaN,NaN
1747195200,103938.14717527127,103971,103381.02,103664.0025,56.63188855245109,NaN,NaN
1747209600,103801.07483763564,104145,102875.22,103670.425,56.684050580775654,NaN,NaN
1747224000,103735.74991881782,104356.95,102833.55,103662.4175,56.592655766856275,NaN,NaN
1747238400,103699.08370940891,103720.44,102602.05,103289.61249999999,52.35984825060056,NaN,NaN
1747252800,103494.34810470445,103667.52,103304.66,103450.43250000001,53.95959270918895,NaN,NaN
1747267200,103472.39030235223,103866.51,102720,103211.9925,51.21367715915299,NaN,NaN
1747281600,103342.19140117611,103342.19140117611,101724.17,102305.04,42.37952776893454,NaN,NaN
1747296000,102823.61570058805,102823.61570058805,101500,102023.15,40.06620214577804,NaN,NaN
1747310400,102423.38285029403,103291.99,101383.07,102574.5075,46.246708001832395,NaN,NaN
1747324800,102498.94517514702,104192.7,102498.94517514702,103288.41750000001,53.00448013756682,NaN,NaN
1747339200,102893.68133757351,103980.84,102708.46,103402.5675,54.00027716557437,NaN,NaN
1747353600,103148.12441878676,104466.01,103148.12441878676,103930.28,58.38982749568378,NaN,NaN
1747368000,103539.20220939338,104190.48,103539.20220939338,103904.58,58.09905434194573,NaN,NaN
1747382400,103721.8911046967,103900,103100.49,103590.5925,54.52642424969653,NaN,NaN
1747396800,103656.24180234835,104286,103343.07,103866.03000000001,57.02303112696161,NaN,NaN
1747411200,103761.13590117419,104550.33,103587,104088.3125,58.980299721773676,NaN,NaN
1747425600,103924.7242005871,104032.6,103397.5,103731.65,54.67741712121507,NaN,NaN
1747440000,103828.18710029355,103828.18710029355,102612.5,103296.22,49.891907318471524,NaN,NaN
1747454400,103562.20355014678,103709.86,103285.71,103488.7975,51.89713212762265,NaN,NaN
1747468800,103525.50052507338,103568.58,102753.67,103191.8875,48.66369624425575,NaN,NaN
1747483200,103358.6940125367,103358.6940125367,102640.02,102938.4325,46.02737790543324,NaN,NaN
1747497600,103148.56325626835,103350,102761.9,103052.505,47.4083172547017,NaN,NaN
1747512000,103100.53412813417,103477.87,102900.72,103165.95999999999,48.81114349016089,NaN,NaN
1747526400,103133.24706406708,103409.98,103105.09,103234.355,49.68249089776505,NaN,NaN
1747540800,103183.80103203355,103988,103183.80103203355,103624.695,54.44817333698524,NaN,NaN
1747555200,103404.24801601678,104088.2,103404.24801601678,103902.03249999999,57.52623256770242,NaN,NaN
1747569600,103653.14025800838,105680,103653.14025800838,104674.98749999999,64.68804901696771,NaN,NaN
1747584000,104164.06387900418,105980,103851.01,104808.245,65.75996018658446,NaN,NaN
1747598400,104486.15443950209,106660,103285.71,105070.9875,67.83328409963045,NaN,NaN
1747612800,104778.57096975105,107108.62,103534.47,105175.81,68.64891622508429,NaN,NaN
1747627200,104977.19048487552,104977.19048487552,102000,103153.045,44.95841704523118,NaN,NaN
1747641600,104065.11774243775,104065.11774243775,102782.6,103099.45750000002,44.52008895891576,NaN,NaN
1747656000,103582.28762121889,104968.75,102126.16,103711.18,50.45804611966311,NaN,NaN
1747670400,103646.73381060944,105561.76,103646.73381060944,105089.3525,60.670937379841064,NaN,NaN
1747684800,104368.04315530471,105829.99,104368.04315530471,105484.41,63.02401749864951,NaN,NaN
1747699200,104926.22657765236,106853.27,104926.22657765236,105930.4825,65.53170137945938,NaN,NaN
1747713600,105428.35453882618,106399,104928.44,105527.7675,61.47801678667649,NaN,NaN
1747728000,105478.06101941309,105478.06101941309,104847.16,105122.32,57.61392463494236,NaN,NaN
1747742400,105300.19050970655,105391.27,104184.72,105028.355,56.724085900731374,NaN,NaN
1747756800,105164.27275485327,107238.37,105090.9,106172.35249999998,64.01174816620981,NaN,NaN
1747771200,105668.31262742663,107320,105668.31262742663,106783.0725,67.18841019510188,NaN,NaN
1747785600,106225.69256371331,107206.94,106186.79,106771.82999999999,67.07104191219129,NaN,NaN
1747800000,106498.76128185666,107985.05,106454.54,106952.5875,68.03778563129114,NaN,NaN
1747814400,106725.67439092833,106797.98,106100.01,106492.9,62.97431955055661,NaN,NaN
1747828800,106609.28719546416,109458,106329.47,107826.8125,69.96049956158704,NaN,NaN
1747843200,107218.04984773208,109845,106117.67,108384.95,72.3144055805,NaN,NaN
1747857600,107801.49992386604,110797.38,107725,109192.54,75.32707491413035,NaN,NaN
1747872000,108497.01996193302,111880,108497.01996193302,110620.54999999999,79.56212339670256,NaN,NaN
1747886400,109558.7849809665,111795.04,109558.7849809665,111270.8,81.14887455952727,NaN,NaN
1747900800,110414.79249048326,111326.2,110272.72,110906.58499999999,77.51858681227586,NaN,NaN
1747915200,110660.68874524163,111626.43,110550,111112.31749999999,78.11418188113653,NaN,NaN
1747929600,110886.50312262081,111980,110886.50312262081,111343.8125,78.79493628968712,NaN,NaN
1747944000,111115.1578113104,111717.34,110763.27,111341.205,78.76521760807692,NaN,NaN
1747958400,111228.1814056552,111800,111000.13,111399.09,78.95497862782538,NaN,NaN
1747972800,111313.6357028276,111313.6357028276,110407.89,110851.2825,72.36429943715254,NaN,NaN
1747987200,111082.4591014138,111381.61,108888,110015.3425,63.63501545362318,NaN,NaN
1748001600,110548.9008007069,110548.9008007069,107316,108831.2775,53.74537547270024,NaN,NaN
1748016000,109690.08915035345,109809.53,108001,108866.65000000001,53.97549229838393,NaN,NaN
1748030400,109278.36957517674,109278.36957517674,106800,107889.89749999999,47.019282498662875,NaN,NaN
1748044800,108584.13353758836,108584.13353758836,106875.41,107731.8875,45.98677378075952,NaN,NaN
1748059200,108158.01051879418,108582.33,107566.37,108025.69,48.261791148601795,NaN,NaN
1748073600,108091.85025939709,109506.03,107587.74,108472.52,51.60063264928922,NaN,NaN
1748088000,108282.18512969854,109282.81,108282.18512969854,108990.27,55.20766919437147,NaN,NaN
1748102400,108636.22756484928,109200,108636.22756484928,108943.0175,54.80622047425275,NaN,NaN
1748116800,108789.62253242463,109125,107500,108336.72750000001,49.80219567208398,NaN,NaN
1748131200,108563.17501621232,108563.17501621232,107206,107830.1975,46.02159572746733,NaN,NaN
1748145600,108196.68625810616,108288.69,107454.54,107880.2,46.453724053033824,NaN,NaN
1748160000,108038.44312905308,108038.44312905308,106708.98,107337.8625,42.48132100887932,NaN,NaN
1748174400,107688.15281452655,107743.34,106600.64,107142.98500000002,41.1206003906682,NaN,NaN
1748188800,107415.56890726328,107940.95,106640.52,107316.6125,42.87621593258729,NaN,NaN
1748203200,107366.09070363163,109299.99,107176,108299.3,51.66124337267424,NaN,NaN
1748217600,107832.69535181581,109844.91,107832.69535181581,109285.805,58.55242670687585,NaN,NaN
1748232000,108559.2501759079,110228.11,108559.2501759079,109827.89,61.77702485054587,NaN,NaN
1748246400,109193.57008795395,110173.92,109193.57008795395,109899.48749999999,62.1953718072008,NaN,NaN
1748260800,109546.52879397696,110420.74,109494.74,109924.5075,62.350448333916994,NaN,NaN
1748275200,109735.51814698848,110422.22,108858.28,109605.19249999999,59.02279871571432,NaN,NaN
1748289600,109670.35532349424,109888.89,108940,109348.53,56.41645558030569,NaN,NaN
1748304000,109509.44266174712,109666,107516.57,108877.3775,51.886922183799356,NaN,NaN
1748318400,109193.41008087355,109636.37,108550,109156.42000000001,54.23069505641532,NaN,NaN
1748332800,109174.91504043678,109899,109174.91504043678,109613.3675,57.851576870073494,NaN,NaN
1748347200,109394.14127021839,110718,108670.29,109778.47249999999,59.110306599580774,NaN,NaN
1748361600,109586.3068851092,110499.64,109574.46,110023.02,60.9695751463373,NaN,NaN
1748376000,109804.66344255459,109897.49,108600,109328.38249999999,53.52462818217293,NaN,NaN
1748390400,109566.5229712773,109566.5229712773,108400,108871.6275,49.2647742727278,NaN,NaN
1748404800,109219.07523563865,109219.07523563865,108624.43,108848.5475,49.05233348840477,NaN,NaN
1748419200,109033.81136781932,109130.44,108258.01,108768.8175,48.27783631020815,NaN,NaN
1748433600,108901.31443390966,109053.39,107045.45,108019.135,41.62304674786237,NaN,NaN
1748448000,108460.22471695484,108460.22471695484,106938.24,107208.4625,35.86574335003549,NaN,NaN
1748462400,107834.34360847741,108043.95,106769.43,107385.29000000001,37.88400624815101,NaN,NaN
1748476800,107609.81680423871,108484.61,107421.12,107933.0975,43.78595407094803,NaN,NaN
1748491200,107771.45715211936,108106.94,106948.01,107745.13500000001,42.30081017118554,NaN,NaN
1748505600,107758.29607605969,108891.91,107681.81,108308.57250000001,47.995072051626245,NaN,NaN
1748520000,108033.43428802985,108797.25,106474,107767.74250000001,43.55207261589399,NaN,NaN
1748534400,107900.58839401492,107900.58839401492,105639.3,106389.7925,34.73046759003357,NaN,NaN
1748548800,107145.19044700745,107145.19044700745,105322.86,105778.76,31.66733476607321,NaN,NaN
1748563200,106461.97522350372,106461.97522350372,104600.5,105607.3775,30.845593353545894,NaN,NaN
1748577600,106034.67636175186,106313.12,104727.72,105523.29750000002,30.428422449194287,NaN,NaN
1748592000,105778.98693087594,105981.75,104606.01,105374.075,29.66169133868779,NaN,NaN
1748606400,105576.53096543797,106000,105047.61,105617.7775,32.64661633446205,NaN,NaN
1748620800,105597.15423271898,105597.15423271898,103706.71,104862.7975,28.59774940168178,NaN,NaN
1748635200,105229.97586635948,105229.97586635948,103621,104281.255,25.93009184572564,NaN,NaN
1748649600,104755.61543317974,104755.61543317974,103068.55,103757.68000000001,23.77938613834884,NaN,NaN
1748664000,104256.64771658988,104256.64771658988,103487.99,103707.52750000001,23.577653631899565,NaN,NaN
1748678400,103982.08760829494,103982.08760829494,103285.71,103585.1075,23.06332391717301,NaN,NaN
1748692800,103783.59755414748,104846.15,103480.11,104095.1275,29.922028101473543,NaN,NaN
1748707200,103939.36252707374,104780.49,103939.36252707374,104573.99500000001,35.71658745823147,NaN,NaN
1748721600,104256.67876353688,104900,104256.67876353688,104665.7775,36.795328672915815,NaN,NaN
1748736000,104461.22813176844,104647.11,103924.52,104386.13500000001,34.875062970452504,NaN,NaN
1748750400,104423.68156588422,104729.99,104195.12,104395.5225,34.997702028452764,NaN,NaN
1748764800,104409.60203294212,104459.07,103752.49,104142.5475,33.1841717533746,NaN,NaN
1748779200,104276.07476647105,104809.53,103783.01,104347.57750000001,36.07537078013595,NaN,NaN
1748793600,104311.82613323553,105299.21,104311.82613323553,104864.01,42.790406562495626,NaN,NaN
1748808000,104587.91806661777,105866.91,104587.91806661777,105381.37749999999,48.614049862152804,NaN,NaN
1748822400,104984.64778330887,105735.42,104571.42,105194.76,46.76485202726894,NaN,NaN
1748836800,105089.70389165444,105438.87,104610.13,105066.485,45.48412734174943,NaN,NaN
1748851200,105078.09444582721,105935.63,103941,104827.985,43.11961216767102,NaN,NaN
1748865600,104953.03972291361,104953.03972291361,103659.88,104206.3875,37.62911356387162,NaN,NaN
1748880000,104579.7136114568,104731.95,104030.01,104406.595,40.267296329405056,NaN,NaN
1748894400,104493.1543057284,105931.44,104425.64,105160.1775,49.00995465518548,NaN,NaN
1748908800,104826.6659028642,106500,104826.6659028642,105795.05,54.98728109120625,NaN,NaN
1748923200,105310.8579514321,105513.02,105116.2,105320.5,50.24592506108692,NaN,NaN
1748937600,105315.67897571606,105349.94,104872.5,105170.11,48.80955342364133,NaN,NaN
1748952000,105242.89448785802,106794.67,105031.6,105931.04250000001,55.70871220396004,NaN,NaN
1748966400,105586.96849392902,106666.67,105586.96849392902,106277.0775,58.45107904577811,NaN,NaN
1748980800,105932.02299696452,106254.92,105266.02,105784.16,53.38080692773147,NaN,NaN
1748995200,105858.09149848226,105858.09149848226,105132.27,105467.0175,50.35430974512863,NaN,NaN
1749009600,105662.55449924113,105662.55449924113,105250,105425.4925,49.954941551661214,NaN,NaN
1749024000,105544.02349962055,106000,105080.26,105371.3425,49.404668406356535,NaN,NaN
1749038400,105457.68299981028,105542,104179,105025.9075,45.92899197746893,NaN,NaN
1749052800,105241.79524990515,105483.14,104865.25,105140.04250000001,47.249482421747864,NaN,NaN
1749067200,105190.91887495258,105190.91887495258,104407.16,104765.83249999999,43.49864886111894,NaN,NaN
1749081600,104978.37568747628,105240.84,104651.16,104909.0025,45.28815589707753,NaN,NaN
1749096000,104943.68909373814,105226.14,104380,104792.83499999999,44.06854692887702,NaN,NaN
1749110400,104868.26204686906,104920,104424.52,104672.5925,42.7842141431899,NaN,NaN
1749124800,104770.42727343453,105909.71,103900,104792.2475,44.51708286412506,NaN,NaN
1749139200,104781.33738671726,104781.33738671726,101596.62,103160.44,30.811764633990578,NaN,NaN
1749153600,103970.88869335863,103970.88869335863,100372.26,101491.785,23.010422405574943,NaN,NaN
1749168000,102731.33684667932,102731.33684667932,101095.8,101904.4475,27.874019837148552,NaN,NaN
1749182400,102317.89217333966,103468.66,102317.89217333966,102874.945,37.822229479022326,NaN,NaN
1749196800,102596.41858666984,103991.45,102596.41858666984,103555.0775,43.68448875048586,NaN,NaN
1749211200,103075.74804333493,105333,103075.74804333493,104466.7425,50.43082529031589,NaN,NaN
1749225600,103771.24527166746,105284,103771.24527166746,104652.3225,51.69927767225718,NaN,NaN
1749240000,104211.78388583372,104617.56,104167.98,104323.44499999999,49.291997846127664,NaN,NaN
1749254400,104267.61444291685,104910.77,103871.09,104485.46750000001,50.514489783017446,NaN,NaN
1749268800,104376.54097145842,105319.13,104376.54097145842,104925.34499999999,53.77291048674469,NaN,NaN
1749283200,104650.9429857292,105264,104650.9429857292,104992.7125,54.269546239485635,NaN,NaN
1749297600,104821.8277428646,105800,104821.8277428646,105414.53,57.3586415479125,NaN,NaN
1749312000,105118.17887143229,105884.46,105118.17887143229,105611.88500000001,58.762196890439874,NaN,NaN
1749326400,105365.03193571615,105900,105365.03193571615,105678.23500000002,59.24785037463904,NaN,NaN
1749340800,105521.63346785808,105786.33,105394.03,105551.025,57.841367182548346,NaN,NaN
1749355200,105536.32923392903,105653.13,105408.38,105489.8875,57.13931709027419,NaN,NaN
1749369600,105513.10836696452,105720.94,104964.14,105449.56250000001,56.6509034604879,NaN,NaN
1749384000,105481.33543348227,106160.19,105481.33543348227,105837.91750000001,60.18096792736186,NaN,NaN
1749398400,105659.62646674115,106360,105659.62646674115,106144.6075,62.76006061098095,NaN,NaN
1749412800,105902.11698337056,106488.14,105545.71,106014.46,60.95574788321878,NaN,NaN
1749427200,105958.28849168529,105966.33,105318.37,105669.45999999999,56.332418811249276,NaN,NaN
1749441600,105813.87424584264,105813.87424584264,105319,105564.0375,54.96061925348214,NaN,NaN
1749456000,105688.95587292133,107806,105473.57,106649.87250000001,64.53911026302114,NaN,NaN
1749470400,106169.41418646066,108020,106169.41418646066,107568.78,70.29627041824989,NaN,NaN
1749484800,106869.09709323033,108767.24,106869.09709323033,108150.945,73.25840612216771,NaN,NaN
1749499200,107510.02104661518,110530.17,107510.02104661518,109453.7825,78.44007883958426,NaN,NaN
1749513600,108481.90177330759,110311.82,108481.90177330759,109881.02500000001,79.8209474031681,NaN,NaN
1749528000,109181.4633866538,109737.68,109095.67,109401.63,74.0870341345802,NaN,NaN
1749542400,109291.5466933269,109851.8,109056.9,109413.78,74.13774116254622,NaN,NaN
1749556800,109352.66334666345,109900.81,108331.03,109197.2975,71.45478515644925,NaN,NaN
1749571200,109274.98042333173,110400,108518.86,109365.1425,72.29202387348136,NaN,NaN
1749585600,109320.06146166587,110299.73,109239.68,109835.025,74.54308508297825,NaN,NaN
1749600000,109577.54323083293,110274.4,109533.97,109951.4275,75.08313465365478,NaN,NaN
1749614400,109764.48536541648,109764.48536541648,109373.67,109572.16249999999,69.88132867336725,NaN,NaN
1749628800,109668.32393270824,109675.69,109193.89,109392.10250000001,67.49068551161926,NaN,NaN
1749643200,109530.21321635412,110392.01,109008.82,109597.1575,68.79971654648266,NaN,NaN
1749657600,109563.68535817706,109815.84,108412.01,109176.48,63.179156892489324,NaN,NaN
1749672000,109370.08267908852,109370.08267908852,108064,108667.75,57.10368778811506,NaN,NaN
1749686400,109018.91633954426,109018.91633954426,107730,108262.1825,52.748780678915146,NaN,NaN
1749700800,108640.54941977213,108640.54941977213,107320,107701.7875,47.37277904772586,NaN,NaN
1749715200,108171.16845988607,108171.16845988607,106874.47,107311.19499999999,44.006298289829644,NaN,NaN
1749729600,107741.18172994303,107822.5,106600,107086.1,42.14744482084629,NaN,NaN
1749744000,107413.64086497152,108450.16,106680,107234.98,43.83723957950854,NaN,NaN
1749758400,107324.31043248576,107324.31043248576,105671.72,106273.505,36.43566055347734,NaN,NaN
1749772800,106798.90771624289,106798.90771624289,102664.31,104576.8175,27.584582910205782,NaN,NaN
1749787200,105687.86260812145,105687.86260812145,103782.75,104481.27249999999,27.184107940746614,NaN,NaN
1749801600,105084.56755406072,105434.34,104425.79,104948.65499999998,32.35752632952193,NaN,NaN
1749816000,105016.61127703034,105747.47,104118,105085.455,33.83919314602328,NaN,NaN
1749830400,105051.03313851517,105981,104668.73,105299.15,36.190500270088755,NaN,NaN
1749844800,105175.09156925758,106179.53,105020.87,105594.25,39.39371296666522,NaN,NaN
1749859200,105384.67078462879,106252,105197.96,105686.3425,40.39923594896287,NaN,NaN
1749873600,105535.5066423144,105535.5066423144,104792.98,105123.86499999999,36.42429193289467,NaN,NaN
1749888000,105329.6858211572,105329.6858211572,104836.06,105031.755,35.80304516519949,NaN,NaN
1749902400,105180.7204105786,105180.7204105786,104615.38,104917.485,35.00538480802933,NaN,NaN
1749916800,105049.10270528929,105049.10270528929,104359.08,104722.955,33.6317036158279,NaN,NaN
1749931200,104886.02885264464,105480,104300,104960.07500000001,36.883051020856364,NaN,NaN
1749945600,104923.05192632233,105680,104923.05192632233,105458.2325,43.18074315053333,NaN,NaN
1749960000,105190.64221316116,106128.57,105190.64221316116,105557.5275,44.37218491900954,NaN,NaN
1749974400,105374.08485658058,105482.4,104867.64,105187.1375,40.92486869946112,NaN,NaN
1749988800,105280.61117829029,105838.24,104955.48,105332.0575,42.797444871086945,NaN,NaN
1750003200,105306.33433914513,105777.09,105082.97,105429.56000000001,44.08172762795277,NaN,NaN
1750017600,105367.94716957258,105617.82,104494.53,105250.13750000001,42.20395000682438,NaN,NaN
1750032000,105309.0423347863,105970.59,104980.37,105616.70499999999,47.156604223489104,NaN,NaN
1750046400,105462.87366739314,107262.31,105462.87366739314,106530.11,57.036153211820675,NaN,NaN
1750060800,105996.49183369658,107255.01,105996.49183369658,106945.7625,60.64218139352181,NaN,NaN
1750075200,106471.12716684828,107784.26,106471.12716684828,107147.0775,62.29292354339931,NaN,NaN
1750089600,106809.10233342415,108888,106809.10233342415,108068.5275,68.75299029392664,NaN,NaN
1750104000,107438.81491671207,108952.38,106700,107774.73000000001,64.93317978065065,NaN,NaN
1750118400,107606.77245835605,107771.34,106115.35,107067.9075,56.76249168270686,NaN,NaN
1750132800,107337.33997917802,107711.06,106481.6,107135.3975,57.314801813614146,NaN,NaN
1750147200,107236.36873958902,107236.36873958902,105508.23,106182.75,47.995194846951414,NaN,NaN
1750161600,106709.5593697945,106709.5593697945,104130.95,104969.0225,39.240533535693075,NaN,NaN
1750176000,105839.29093489726,105839.29093489726,103371.02,104408.895,35.978867675117016,NaN,NaN
1750190400,105124.09296744864,105124.09296744864,104203.85,104584.9875,37.731189151267834,NaN,NaN
1750204800,104854.54023372431,105240,104379.52,104838.8825,40.26972286053852,NaN,NaN
1750219200,104846.71136686216,105550.27,104713.24,105105.39749999999,42.901153282502555,NaN,NaN
1750233600,104976.05443343107,105310.62,104175.87,104825.07999999999,40.862087894932465,NaN,NaN
1750248000,104900.56721671553,105325.83,103814.04,104695.365,39.91663311906175,NaN,NaN
1750262400,104797.96610835777,104836.64,103500,104236.51500000001,36.683276925140476,NaN,NaN
1750276800,104517.24055417889,105139.87,103652,104371.76500000001,38.27052016564824,NaN,NaN
1750291200,104444.50277708945,105226.17,104444.50277708945,104917.525,44.33453190349728,NaN,NaN
1750305600,104681.01388854472,105220,104617.69,104895.13750000001,44.142966309987784,NaN,NaN
1750320000,104788.07569427237,105073.53,104631.26,104780.9675,43.119714907843715,NaN,NaN
1750334400,104784.52159713619,104917.05,104078,104467.0525,40.35015482522216,NaN,NaN
1750348800,104625.7870485681,104814.73,103929.27,104272.845,38.69430636356924,NaN,NaN
1750363200,104449.31602428405,104898.31,104150,104489.3375,41.57271614726877,NaN,NaN
1750377600,104469.32676214202,104820,104391.38,104616.65,43.25987122312989,NaN,NaN
1750392000,104542.98838107102,105825.66,104238.02,105118.015,49.45036103770773,NaN,NaN
1750406400,104830.50169053552,106524.65,104830.50169053552,106017.9225,58.25426589757342,NaN,NaN
1750420800,105424.21209526775,106149.17,103888,105058.245,48.54448732287072,NaN,NaN
1750435200,105241.22854763387,105241.22854763387,102345,103534.965,37.78020628427978,NaN,NaN
1750449600,104388.09677381694,104388.09677381694,102963.67,103349.2175,36.711220683847344,NaN,NaN
1750464000,103868.65713690847,103868.65713690847,103127.48,103403.25,37.26727656779035,NaN,NaN
1750478400,103635.95356845424,103635.95356845424,103330,103470.85,38.001200949396214,NaN,NaN
1750492800,103553.40178422711,103982.64,103458.49,103693.5675,40.472182288143685,NaN,NaN
1750507200,103623.48464211356,103946.47,103281.82,103665.95500000002,40.25795540351718,NaN,NaN
1750521600,103644.71982105679,103644.71982105679,102210.43,102914.10749999998,34.84896783044911,NaN,NaN
1750536000,103279.41366052839,103279.41366052839,100837.9,102022.975,29.74733158062574,NaN,NaN
1750550400,102651.1943302642,103399.62,101839.96,102433.75,34.506838172353994,NaN,NaN
1750564800,102542.4721651321,102946.47,102256.01,102500.6225,35.27560624335992,NaN,NaN
1750579200,102521.54733256606,102804.05,102080,102512.035,35.41493776403716,NaN,NaN
1750593600,102516.79116628303,102831,98889.35,100841.5075,26.44202231674288,NaN,NaN
1750608000,101679.14933314151,101679.14933314151,98673.66,99210.67749999999,20.880155682764027,NaN,NaN
1750622400,100444.91341657075,101034.65,98200,99770.3425,26.587085222070783,NaN,NaN
1750636800,100107.62795828537,101620,100107.62795828537,101058.065,37.71860010861682,NaN,NaN
1750651200,100582.8464791427,102137,100582.8464791427,101550.5425,41.37943860664487,NaN,NaN
1750665600,101066.69448957135,102080,101066.69448957135,101600.7025,41.75496196412899,NaN,NaN
1750680000,101333.69849478567,102613.09,100792.16,101528.7375,41.345733187850236,NaN,NaN
1750694400,101431.21799739284,103300,99613.33,101873.8325,44.171374483183676,NaN,NaN
1750708800,101652.52524869642,106074.2,101652.52524869642,104362.3575,59.371221287251856,NaN,NaN
1750723200,103007.44137434821,105500,103007.44137434821,105118.59,62.69510702799079,NaN,NaN
1750737600,104063.0156871741,105811,104063.0156871741,105092.3125,62.50375554966959,NaN,NaN
1750752000,104577.66409358705,105571.4,104577.66409358705,105074.29000000001,62.36316956524777,NaN,NaN
1750766400,104825.97704679353,105731.92,104800.98,105236.905,63.168157935003975,NaN,NaN
1750780800,105031.44102339676,106290,105031.44102339676,105587.6375,64.91134263275742,NaN,NaN
1750795200,105309.53926169837,106119.11,105309.53926169837,105820.19,66.05839188258157,NaN,NaN
1750809600,105564.86463084919,106791.18,105564.86463084919,106228.555,68.03449270546298,NaN,NaN
1750824000,105896.70981542459,106702,105896.70981542459,106383.755,68.77846844720035,NaN,NaN
1750838400,106140.23240771229,107237.44,106140.23240771229,106844.6475,70.94140784322015,NaN,NaN
1750852800,106492.43995385614,108135.3,106492.43995385614,107278.42,72.84792299937097,NaN,NaN
1750867200,106885.42997692808,107905.37,106885.42997692808,107406.51,73.40285354499458,NaN,NaN
1750881600,107145.96998846403,108000,107079.9,107545.53749999999,74.02341919324911,NaN,NaN
1750896000,107345.753744232,108272.45,107105.43,107643.06499999999,74.47336205583368,NaN,NaN
1750910400,107494.409372116,108085.92,107494.409372116,107818.42499999999,75.301742473751,NaN,NaN
1750924800,107656.417186058,108174.86,107117.65,107607.97750000001,72.27067078171143,NaN,NaN
1750939200,107632.197343029,107765.55,106562.5,107241.76749999999,67.2014529116751,NaN,NaN
1750953600,107436.98242151449,107669.74,107009.28,107381.4025,68.11968044463858,NaN,NaN
1750968000,107409.19246075724,108000,106850,107332.50749999999,67.40803736218675,NaN,NaN
1750982400,107370.84998037861,107515.28,106438.33,107094.6075,63.9096282429773,NaN,NaN
1750996800,107232.72874018931,107735.34,106850,107233.2025,65.04770718616915,NaN,NaN
1751011200,107232.96562009465,107232.96562009465,106679.98,106923.3125,60.45707156887342,NaN,NaN
1751025600,107078.13906004732,107407.14,106356.76,107013.9375,61.31685243174232,NaN,NaN
1751040000,107046.03828002367,107709.22,106446.45,107066.235,61.832590538927384,NaN,NaN
1751054400,107056.13664001183,107277.99,106794.33,106980.23250000001,60.40631128714364,NaN,NaN
1751068800,107018.18457000592,107347.1,106811.51,107126.58,62.01211036949576,NaN,NaN
1751083200,107072.38228500297,107496.12,107072.38228500297,107366.135,64.5468027720525,NaN,NaN
1751097600,107219.25864250149,107493.07,107219.25864250149,107401.01750000002,64.9139176792095,NaN,NaN
1751112000,107310.13807125075,107577.75,107084.15,107371.14250000002,64.29981452526076,NaN,NaN
1751126400,107340.64028562538,107542.5,107225.74,107360.815,64.07415256755243,NaN,NaN
1751140800,107350.7276428127,107378.37,107154.62,107263.87999999999,61.87901316822787,NaN,NaN
1751155200,107307.30382140634,107500,107172.52,107295.02249999999,62.32557683696017,NaN,NaN
1751169600,107301.16316070317,107402.18,107205.82,107305.24,62.480868409159285,NaN,NaN
1751184000,107303.2015803516,108484,107303.2015803516,107941.36249999999,70.6046861425213,NaN,NaN
1751198400,107622.28204017579,108528.5,107622.28204017579,108101.58499999999,72.2353591536835,NaN,NaN
1751212800,107861.93352008788,107861.93352008788,107316.46,107566.51000000001,60.22072384455693,NaN,NaN
1751227200,107714.22176004395,108436.47,107250,107862.55,63.807466068004295,NaN,NaN
1751241600,107788.38588002198,108789.99,107788.38588002198,108476.6175,69.87509921129713,NaN,NaN
1751256000,108132.50169001098,108538.76,107481.31,108034.4725,61.83653050620271,NaN,NaN
1751270400,108083.48709500549,108083.48709500549,107400,107658.15000000001,55.93800558250124,NaN,NaN
1751284800,107870.81854750274,107870.81854750274,106733.33,107456.69750000001,53.022234082903395,NaN,NaN
1751299200,107663.75802375138,107807.94,107116.4,107562.695,54.36997031630498,NaN,NaN
1751313600,107613.22651187569,107764.73,106900.02,107389.30500000001,51.75436256110595,NaN,NaN
1751328000,107501.26575593784,107540,107026.93,107226.455,49.352906449461386,NaN,NaN
1751342400,107363.86037796893,107363.86037796893,106615.97,107047.61499999999,46.7854668284126,NaN,NaN
1751356800,107205.73768898446,107205.73768898446,106301.86,106816.41,43.625753444754366,NaN,NaN
1751371200,107011.07384449223,107179.99,105623.39,106341.0875,37.951127496287484,NaN,NaN
1751385600,106676.08067224611,106676.08067224611,105387.68,105757.3375,32.38053353873856,NaN,NaN
1751400000,106216.70908612305,106216.70908612305,105250.85,105607.6275,31.118965795125277,NaN,NaN
1751414400,105912.16829306152,106216.08,105100.19,105798.02500000001,34.60831335301661,NaN,NaN
1751428800,105855.09664653076,107186.78,105855.09664653076,106648.25749999999,47.41810219493991,NaN,NaN
1751443200,106251.67707326537,107860.23,106251.67707326537,107375.055,55.45171392013649,NaN,NaN
1751457600,106813.36603663268,108759.2,106813.36603663268,108040.755,61.28605512491847,NaN,NaN
1751472000,107427.06051831634,109730,107427.06051831634,109198.715,68.91284084419458,NaN,NaN
1751486400,108312.88775915817,109676.14,108312.88775915817,109230.47,69.09266124955917,NaN,NaN
1751500800,108771.67887957909,109115.03,108530.4,108780.80750000001,63.492037036653386,NaN,NaN
1751515200,108776.24318978956,109548,108566.14,109005.585,65.01852532209912,NaN,NaN
1751529600,108890.91409489478,110273.21,108890.91409489478,109608.095,68.78600824136953,NaN,NaN
1751544000,109249.50454744739,110529.18,108749.99,109501.54749999999,67.40352624663416,NaN,NaN
1751558400,109375.52602372368,109910.1,109020.8,109465.54000000001,66.91407298060355,NaN,NaN
1751572800,109420.53301186184,110000,109420.53301186184,109724.54750000002,68.67608437619307,NaN,NaN
1751587200,109572.54025593093,109767.59,109103.71,109422.91,64.37627757496183,NaN,NaN
1751601600,109497.72512796547,109497.72512796547,108700,108991.295,58.71174254123984,NaN,NaN
1751616000,109244.51006398274,109244.51006398274,108518.83,108804.4575,56.39831072692163,NaN,NaN
1751630400,109024.48378199138,109024.48378199138,107505,108236.2325,49.95181131330561,NaN,NaN
1751644800,108630.3581409957,108630.3581409957,107245,107552.50499999999,43.50759225153325,NaN,NaN
1751659200,108091.43157049784,108279.33,107440.63,107793.355,46.14335685283567,NaN,NaN
1751673600,107942.39328524892,108259.99,107756.31,108038.8175,48.766912330125734,NaN,NaN
1751688000,107990.60539262446,108420.56,107990.60539262446,108157.18500000001,50.031018282350054,NaN,NaN
1751702400,108073.89519631224,108219.19,107870.42,108063.82,49.00394762308399,NaN,NaN
1751716800,108068.85759815612,108232.29,107971,108093.3725,49.35832326671233,NaN,NaN
1751731200,108081.11504907806,108167.23,107864.75,108057.94,48.919387901036586,NaN,NaN
1751745600,108069.52752453904,108250,107993.39,108145.8225,50.10457307318561,NaN,NaN
1751760000,108107.67501226952,108268.35,108025.97,108135.7325,49.961243172593925,NaN,NaN
1751774400,108121.70375613475,108218,107930.45,108059.8125,48.82938909163918,NaN,NaN
1751788800,108090.75812806738,108111,107800.01,108006.8325,48.011965573407366,NaN,NaN
1751803200,108048.79531403369,109127.03,108045.76,108538.69499999999,55.97901783340684,NaN,NaN
1751817600,108293.74515701685,108966.62,108266.67,108669.4375,57.69528593176598,NaN,NaN
1751832000,108481.59132850842,109700,108481.59132850842,108994.7875,61.697257360330795,NaN,NaN
1751846400,108738.18941425422,109700,108679.75,109243.26749999999,64.46228826999754,NaN,NaN
1751860800,108990.7284571271,109447.54,108654.94,109138.255,62.4117370085599,NaN,NaN
1751875200,109064.49172856356,109087.86,108572.52,108840.865,56.89237333947483,NaN,NaN
1751889600,108952.67836428178,108952.67836428178,107970,108391.15,49.73028916039659,NaN,NaN
1751904000,108671.91418214088,108671.91418214088,107513.2,108089.00749999999,45.578769540261355,NaN,NaN
1751918400,108380.46084107044,108380.46084107044,107800.01,108104.905,45.834985790161824,NaN,NaN
1751932800,108242.68292053521,108525,107429.57,108029.7575,44.762182844864675,NaN,NaN
1751947200,108136.22021026761,108499,107750,108158.7825,47.05359568246345,NaN,NaN
1751961600,108147.5013551338,109005,108147.5013551338,108618.7825,54.32782770498668,NaN,NaN
1751976000,108383.1419275669,109216.56,108217.07,108614.5875,54.25462177961311,NaN,NaN
1751990400,108498.86471378345,109147.56,108096.55,108571.085,53.45027966158767,NaN,NaN
1752004800,108534.97485689173,108974,108534.97485689173,108823.2125,57.39283163895627,NaN,NaN
1752019200,108679.09367844586,109136,108348,108695.85,54.864924154580855,NaN,NaN
1752033600,108687.47183922294,108942.2,108324.53,108589.3825,52.772399752002805,NaN,NaN
1752048000,108638.42716961147,109117,108553.18,108860.71,57.2474620877835,NaN,NaN
1752062400,108749.56858480573,109769.39,108503,109100.49500000001,60.78400798062194,NaN,NaN
1752076800,108925.03179240288,111999.79,108925.03179240288,110467.15,73.99016709687172,NaN,NaN
1752091200,109696.09089620144,111952.33,109696.09089620144,111373.92749999999,79.034886941969,NaN,NaN
1752105600,110535.00919810071,111581,110535.00919810071,111192.3775,75.86235493595066,NaN,NaN
1752120000,110863.69334905036,111432.46,110863.69334905036,111158.745,75.25966073468237,NaN,NaN
1752134400,111011.21917452518,111398.96,110870.33,111129.8175,74.70988546743258,NaN,NaN
1752148800,111070.51833726259,111408.41,110500,111084.20000000001,73.79439967664621,NaN,NaN
1752163200,111077.3591686313,113788.23,111077.3591686313,112455.19,81.23624673866705,NaN,NaN
1752177600,111766.27458431566,116868,111766.27458431566,114862.69499999999,87.79225675217819,NaN,NaN
1752192000,113314.48479215783,116950,113314.48479215783,116265.9825,89.98809670696807,NaN,NaN
1752206400,114790.23364607891,118404.22,114790.23364607891,117328.19750000001,91.26839157421168,NaN,NaN
1752220800,116059.21557303946,118869.98,116059.21557303946,117936.4125,91.90658802694462,NaN,NaN
1752235200,116997.81403651973,118259.24,116724.66,117427.1,86.22333682477793,NaN,NaN
1752249600,117212.45701825987,118138.75,116604.87,117438.7525,86.24429495448221,NaN,NaN
1752264000,117325.60475912993,118108.81,117146.8,117723.01999999999,86.77294049437853,NaN,NaN
1752278400,117524.31237956496,117847.66,117141.13,117572.7175,84.91475713328343,NaN,NaN
1752292800,117548.51493978247,118054.79,117506.37,117766.89249999999,85.35119091956538,NaN,NaN
1752307200,117657.70371989123,118200,117625,117841.7475,85.52504918337,NaN,NaN
1752321600,117749.72560994561,117861.19,116900.05,117417.8125,79.75209312767905,NaN,NaN
1752336000,117583.7690549728,117639.98,117045.86,117334.2,78.62484034874072,NaN,NaN
1752350400,117458.9845274864,117563.75,117000.01,117383.68000000001,78.81566619669454,NaN,NaN
1752364800,117421.33226374321,117824.76,117224.79,117555.7875,79.50117279111919,NaN,NaN
1752379200,117488.55988187161,118054.79,117488.55988187161,117872.9,80.73796634200569,NaN,NaN
1752393600,117680.7299409358,118086.66,117680.7299409358,117961.82250000001,81.08264282053858,NaN,NaN
1752408000,117821.2762204679,119376,117821.2762204679,118527.445,83.14827745237243,NaN,NaN
1752422400,118174.36061023395,119488,118174.36061023395,118875.9675,84.28681190870978,NaN,NaN
1752436800,118525.16405511697,119367.37,118243.68,118914.695,84.41283275708031,NaN,NaN
1752451200,118719.92952755849,121492.48,118719.92952755849,120058.6375,87.58115131629981,NaN,NaN
1752465600,119389.28351377924,123218,119389.28351377924,121815.48,90.70572344285175,NaN,NaN
1752480000,120602.38175688962,122769.19,120602.38175688962,122082.00499999999,91.07268444346192,NaN,NaN
1752494400,121342.1933784448,122120,119611.7,120769.29,75.30267649758434,NaN,NaN
1752508800,121055.7416892224,121055.7416892224,119202,119886.41500000001,66.91089670449756,NaN,NaN
1752523200,120471.0783446112,120471.0783446112,119522.72,119937.58,67.13944448600347,NaN,NaN
1752537600,120204.3291723056,120204.3291723056,116840.01,118442.62,55.152726759691966,NaN,NaN
1752552000,119323.47458615279,119323.47458615279,116250,116985.745,46.44948851025321,NaN,NaN
1752566400,118154.6097930764,118154.6097930764,116300,116854.2975,45.74803156631016,NaN,NaN
1752580800,117504.4536465382,118490.71,115736.92,116933.26,46.272919473786345,NaN,NaN
1752595200,117218.8568232691,117800.6,116019.05,116656.7875,44.64425226064642,NaN,NaN
1752609600,116937.82216163455,117972.86,116192.27,117084.82250000001,47.7126663915763,NaN,NaN
1752624000,117011.32233081729,118195,117011.32233081729,117613.26,51.30159654505986,NaN,NaN
1752638400,117312.29116540865,118300,117275.63,117811.8875,52.618068765928086,NaN,NaN
1752652800,117562.08933270432,119310.75,117562.08933270432,118595.7175,57.500619492483004,NaN,NaN
1752667200,118078.90341635216,119794.8,118078.90341635216,118960.19,59.58603699014407,NaN,NaN
1752681600,118519.54670817609,119904.13,118471.38,119175.35750000001,60.808672429631805,NaN,NaN
1752696000,118847.45210408805,120063.84,118420,119086.1075,59.99786527322283,NaN,NaN
1752710400,118966.77980204402,119158.28,117683.53,118400.2625,54.03531351153937,NaN,NaN
1752724800,118683.52115102201,118772,117857.03,118267.39499999999,52.937726102444266,NaN,NaN
1752739200,118475.45807551101,119192,117974.99,118368.435,53.70779322616514,NaN,NaN
1752753600,118421.9465377555,119073.46,117453.57,118351.005,53.54502727794884,NaN,NaN
1752768000,118386.47576887775,119880.13,118333.6,119013.845,58.67416002226675,NaN,NaN
1752782400,118700.16038443887,120998.71,118383.97,119379.97499999999,61.22109887362977,NaN,NaN
1752796800,119040.06769221943,120785.49,119020.48,119801.655,63.97491072867288,NaN,NaN
1752811200,119420.86134610971,120820.71,119287.72,119917.755,64.71780709965583,NaN,NaN
1752825600,119669.30817305486,119669.30817305486,118395,119093.76499999998,55.90615748726779,NaN,NaN
1752840000,119381.53658652742,119531.48,117315.69,118469.6925,50.318162735616255,NaN,NaN
1752854400,118925.61454326371,118925.61454326371,117120.53,117602.6125,43.771806650463816,NaN,NaN
1752868800,118264.11352163187,118264.11352163187,116812.76,117533.4925,43.28833063810424,NaN,NaN
1752883200,117898.80301081593,118371.42,117613.35,118058.03749999999,47.98383744230976,NaN,NaN
1752897600,117978.42025540795,118364,117978.42025540795,118223.44499999999,49.406372541387555,NaN,NaN
1752912000,118100.93262770397,118499.9,117943.25,118233.31999999999,49.49517482692226,NaN,NaN
1752926400,118167.12631385197,118327.06,117627.71,118084.9825,48.12861018385898,NaN,NaN
1752940800,118126.05440692598,118161.51,117605.26,117958.1875,46.93570341084427,NaN,NaN
1752955200,118042.12095346299,118141,117277.34,117816.555,45.576788147082596,NaN,NaN
1752969600,117929.33797673149,118165.38,117650,117903.35,46.59718628094209,NaN,NaN
1752984000,117916.34398836576,118218,117760.67,117991.54,47.67077783165938,NaN,NaN
1752998400,117953.94199418288,118277.17,117819.88,118001.25000000001,47.79522063335401,NaN,NaN
1753012800,117977.59599709144,118799.8,117723.23,118268.15,51.22847413184063,NaN,NaN
1753027200,118122.87299854572,118856.8,117960,118410.7325,53.00649076163937,NaN,NaN
1753041600,118266.80274927286,118266.80274927286,116467.02,117537.535,42.732127192499796,NaN,NaN
1753056000,117902.16887463644,118614.7,116515,117699.7025,44.869374685156686,NaN,NaN
1753070400,117800.93568731821,119676.73,117800.93568731821,118908.09,57.57492474794179,NaN,NaN
1753084800,118354.5128436591,119500,118070.16,118751.12749999999,55.776765119954725,NaN,NaN
1753099200,118552.82017182955,119233.71,117778.7,118348.935,51.35120498317156,NaN,NaN
1753113600,118450.87758591477,118450.87758591477,116666,117536.4825,43.792263075368986,NaN,NaN
1753128000,117993.68004295739,117993.68004295739,116656.88,117109.6425,40.42546401368208,NaN,NaN
1753142400,117551.66127147869,117950,116128,117167.09,41.08199996212232,NaN,NaN
1753156800,117359.37563573934,118594.55,116552.18,117585.1025,45.765557311693584,NaN,NaN
1753171200,117472.23906786967,119188.3,117472.23906786967,118453.7925,53.95686066951703,NaN,NaN
1753185600,117963.01578393482,119573.53,117550,118797.64,56.74189800056973,NaN,NaN
1753200000,118380.3278919674,120183.96,118368.19,119186.57250000001,59.710493909438206,NaN,NaN
1753214400,118783.4501959837,120247.8,118783.4501959837,119671.88249999999,63.112194833643066,NaN,NaN
1753228800,119227.66634799185,120090,118532.96,119297.89,58.97949759937763,NaN,NaN
1753243200,119262.77817399593,119262.77817399593,118288.2,118564.69,51.81595193501157,NaN,NaN
1753257600,118913.73408699797,118913.73408699797,117844.24,118338.21,49.80370755738303,NaN,NaN
1753272000,118625.97204349899,118708.24,117301,118278.7725,49.26301106024981,NaN,NaN
1753286400,118452.3722717495,118567.39,117331.63,118215.01250000001,48.65281095775132,NaN,NaN
1753300800,118333.69238587475,118756,117381.8,118321.8575,49.77549504250006,NaN,NaN
1753315200,118327.77494293737,119273.36,118327.77494293737,118746.2475,54.07108393401136,NaN,NaN
1753329600,118537.01122146868,118610.25,117103.1,118154.62000000001,47.91824126999584,NaN,NaN
1753344000,118345.81561073434,118814.47,117955.59,118446.5675,50.88811786326621,NaN,NaN
1753358400,118396.19155536717,119450,117832.32,118743.7425,53.77745869805909,NaN,NaN
1753372800,118569.96702768358,119395.81,118350,118945.46999999999,55.683427888289835,NaN,NaN
1753387200,118757.71851384178,119010.64,118166.94,118615.4975,51.91263681961709,NaN,NaN
1753401600,118686.6080069209,118686.6080069209,115330.86,116885.76749999999,37.555560499562695,NaN,NaN
1753416000,117786.18775346044,117786.18775346044,114723.16,115401.8625,29.912628980059964,NaN,NaN
1753430400,116594.02512673022,116782.13,115008.85,115913.6425,34.83803237319472,NaN,NaN
1753444800,116253.83381336511,116656.99,114908,115958.91500000001,35.271377830988484,NaN,NaN
1753459200,116106.37440668256,116997.21,115455.46,116217.08500000002,37.81122756992468,NaN,NaN
1753473600,116161.72970334129,117630,116161.72970334129,117127.7325,45.878240881786205,NaN,NaN
1753488000,116644.73110167065,117750,116644.73110167065,117498.0775,48.78772333150238,NaN,NaN
1753502400,117071.40430083533,117547.92,117071.40430083533,117411.61499999999,48.13709983159846,NaN,NaN
1753516800,117241.50965041766,118217.45,117241.50965041766,117650.6225,50.11742488711744,NaN,NaN
1753531200,117446.06607520883,118220,117446.06607520883,117974.58249999999,52.75094910831421,NaN,NaN
1753545600,117710.32428760441,118297.35,117710.32428760441,118150.38,54.1650841308885,NaN,NaN
1753560000,117930.35214380221,118276.66,117883.86,118078.155,53.457197813740414,NaN,NaN
1753574400,118004.2535719011,118358.18,117825.5,118071.625,53.389260508649464,NaN,NaN
1753588800,118037.93928595056,118438.83,118037.93928595056,118196.08750000001,54.57424934990844,NaN,NaN
1753603200,118117.01339297529,118292.86,117859.98,118080.375,53.21960176222812,NaN,NaN
1753617600,118098.69419648765,118588,117890,118284.1125,55.322428520864136,NaN,NaN
1753632000,118191.40334824382,119540.01,118191.40334824382,118917.8775,61.16968865173576,NaN,NaN
1753646400,118554.64042412191,119766.65,118554.64042412191,119213.98749999999,63.56877633812362,NaN,NaN
1753660800,118884.31396206096,119800,118884.31396206096,119366.0125,64.77217011286481,NaN,NaN
1753675200,119125.16323103048,119701.07,118774.31,119165.8425,61.87408298614278,NaN,NaN
1753689600,119145.50286551524,119145.50286551524,118475.47,118826.41500000001,57.20044452693671,NaN,NaN
1753704000,118985.95893275763,119093.68,117895.73,118497.94999999998,53.0263272830826,NaN,NaN
1753718400,118741.95446637881,118741.95446637881,117427.5,118011.9325,47.5026241212862,NaN,NaN
1753732800,118376.9434831894,118376.9434831894,117500.09,117995.28749999999,47.32081837468398,NaN,NaN
1753747200,118186.1154915947,118800,117450,118269.29250000001,50.66799148959001,NaN,NaN
1753761600,118227.70399579735,119273.36,118227.70399579735,118834.31,56.7680262940846,NaN,NaN
1753776000,118531.00699789867,119051,118160.87,118619.235,54.02931836342024,NaN,NaN