time,open,high,low,close,RSI,Regular Bullish Label,Regular Bearish Label
1514764800,13637.32,13715.65,13155.38,13536.4175,NaN,NaN,NaN
1514786400,13586.86875,13818.55,13001.13,13394.81,NaN,NaN,NaN
1514808000,13490.839375,13490.839375,12750,13080.64,NaN,NaN,NaN
1514829600,13285.7396875,13599.7,12940,13231.8925,NaN,NaN,NaN
1514851200,13258.81609375,13850,12890.02,13322.282500000001,NaN,NaN,NaN
1514872800,13290.549296875,13617.28,13041.5,13328.9325,NaN,NaN,NaN
1514894400,13309.7408984375,13894.86,13309.7408984375,13653.83,NaN,NaN,NaN
1514916000,13481.78544921875,15473.49,13481.78544921875,14423.5025,NaN,NaN,NaN
1514937600,13952.643974609375,15299.99,13952.643974609375,14909.4975,NaN,NaN,NaN
1514959200,14431.070737304686,15307.56,14150,14792.125,NaN,NaN,NaN
1514980800,14611.597868652343,15130,14400.04,14773.692500000001,NaN,NaN,NaN
1515002400,14692.645184326171,14990,14671,14845.1275,NaN,NaN,NaN
1515024000,14768.886342163085,15280,14649.99,14931.15,NaN,NaN,NaN
1515045600,14850.018171081541,15100,13918.04,14612.0025,NaN,NaN,NaN
1515067200,14731.01033554077,14731.01033554077,14181.88,14506.039999999999,66.14419044907481,NaN,NaN
1515088800,14618.525167770385,15100.08,14601,14852.155,69.88244139487544,NaN,NaN
1515110400,14735.340083885192,15200,14600,14964.89,71.0054290117939,NaN,NaN
1515132000,14850.115041942596,16350,14700,15534.9225,75.89890544777649,NaN,NaN
1515153600,15192.5187709713,17118.13,15192.5187709713,16402.2075,81.11988837449178,NaN,NaN
1515175200,15797.36313548565,17176.24,15797.36313548565,16774.1575,82.8370632290096,NaN,NaN
1515196800,16285.760317742825,17099.99,16285.760317742825,16747.805,82.26617223046458,NaN,NaN
1515218400,16516.782658871412,16750.01,16340,16564.43,78.22615272944194,NaN,NaN
1515240000,16540.606329435708,16982,16011.21,16597.075,78.42924284651785,NaN,NaN
1515261600,16568.840664717856,17143.13,16568.840664717856,16912.4825,80.3374818993895,NaN,NaN
1515283200,16740.661582358927,17099.96,16400,16783.4375,77.32355274563236,NaN,NaN
1515304800,16762.04954117946,16886.75,16400,16614.4375,73.43788900378395,NaN,NaN
1515326400,16688.24352058973,16688.24352058973,15715.06,16193.78,64.71987256819692,NaN,NaN
1515348000,16441.011760294867,16500,15610,16015.01,61.38477273726511,NaN,NaN
1515369600,16228.010880147434,16322.3,15476,15946.465,60.10582276948207,NaN,NaN
1515391200,16087.237940073717,16087.237940073717,14551,15410.3475,51.13240285363216,NaN,NaN
1515412800,15748.792720036858,15748.792720036858,12812,14606.2375,41.19770559612855,NaN,NaN
1515434400,15177.515110018428,15270.99,14392.32,14826.4125,44.38406599421061,NaN,NaN
1515456000,15001.963805009214,15500,14670,14988.135,46.669978012857165,NaN,NaN
1515477600,14995.049402504606,15300,14170.33,14769.0825,44.03016571880844,NaN,NaN
1515499200,14882.065951252303,14998.62,14011.05,14671.412499999999,42.865918414835384,NaN,NaN
1515520800,14776.739225626152,14990,14125,14616.244999999999,42.18736487666424,NaN,NaN
1515542400,14696.492112813075,14696.492112813075,13750,14191.93,37.29705587045011,NaN,NaN
1515564000,14444.211056406537,14444.211056406537,13131.31,13884.2875,34.201480129456044,NaN,NaN
1515585600,14164.249278203268,14698.12,13500,14171.18,39.264041700207606,NaN,NaN
1515607200,14167.714639101634,14955.66,14167.714639101634,14646.425,46.59438269814253,NaN,NaN
1515628800,14407.069819550816,14968.68,11400,13544.380000000001,35.80324688547127,NaN,NaN
1515650400,13975.724909775408,13975.724909775408,12780.03,13232.6675,33.44390869181453,NaN,NaN
1515672000,13604.196204887703,14400,13282.13,13679.31,39.587022184238435,NaN,NaN
1515693600,13641.75310244385,13849.99,12511,13312.445,36.59889154469921,NaN,NaN
1515715200,13477.099051221925,13880,12500,13292.19,36.43536790108547,NaN,NaN
1515736800,13384.644525610962,14109.78,13301.99,13715.447499999998,42.242699295160826,NaN,NaN
1515758400,13550.04601280548,14059.48,13222,13675.3775,41.85286003302229,NaN,NaN
1515780000,13612.71175640274,13900,13350,13627.5175,41.361870626739574,NaN,NaN
1515801600,13620.114628201369,14250,13620.114628201369,13959.025,46.080323342686526,NaN,NaN
1515823200,13789.569814100683,14320,13789.569814100683,14148.805,48.628801777838376,NaN,NaN
1515844800,13969.187407050342,14580,13969.187407050342,14286.8875,50.46336656927585,NaN,NaN
1515866400,14128.037453525172,14350,13923.18,14200.295,49.27495755373996,NaN,NaN
1515888000,14164.166226762587,14339.5,13359.07,13918.115,45.513464636186654,NaN,NaN
1515909600,14041.140613381292,14041.140613381292,13120,13512.63,40.70491514146499,NaN,NaN
1515931200,13776.885306690645,13776.885306690645,12569.2,13136.64,36.82030240605141,NaN,NaN
1515952800,13456.762653345322,13600.8,13081,13359.252499999999,40.44425472996546,NaN,NaN
1515974400,13408.00757667266,13733.52,13215.56,13486.7675,42.47953278240523,NaN,NaN
1515996000,13447.38753833633,13740.27,13147.79,13513.247500000001,42.91580479882229,NaN,NaN
1516017600,13480.317519168166,14249.99,13480.317519168166,13810.052499999998,47.70369186968329,NaN,NaN
1516039200,13645.185009584082,13899,13340.64,13645.155,45.42417602186248,NaN,NaN
1516060800,13645.170004792042,13645.170004792042,12501,13149.7325,39.3415825794281,NaN,NaN
1516082400,13397.451252396022,13397.451252396022,10620.88,12229.3,31.028480077981953,NaN,NaN
1516104000,12813.37562619801,12813.37562619801,10878,11532.22,26.46712896390757,NaN,NaN
1516125600,12172.797813099005,12172.797813099005,9035,10589.127499999999,21.798264457902334,NaN,NaN
1516147200,11380.962656549502,11488.88,9777,10676.465,23.150268347080953,NaN,NaN
1516168800,11028.713828274751,11111,9587.99,10260.2925,21.26375925574912,NaN,NaN
1516190400,10644.503164137375,10644.503164137375,9037.94,9772.16,19.279295957268616,NaN,NaN
1516212000,10208.331582068688,11680.99,9620.03,10532.455,30.20515222019722,NaN,NaN
1516233600,10370.393291034343,11600,10370.393291034343,10968.4525,35.589278686221334,NaN,NaN
1516255200,10669.422895517171,11499,10435.33,11034.3075,36.387500853642685,NaN,NaN
1516276800,10851.865197758587,11878.82,10851.865197758587,11275.7325,39.35466251121455,NaN,NaN
1516298400,11063.798848879294,11742.95,10635.3,11062.6375,37.683842628661566,NaN,NaN
1516320000,11063.218174439648,11435,10360,10968.76,36.93979478899494,NaN,NaN
1516341600,11015.989087219823,11596,10901.11,11283.085000000001,41.13095949235623,NaN,NaN
1516363200,11149.537043609911,11795,11123,11422.2775,42.93953340116881,NaN,NaN
1516384800,11285.907271804956,11487.39,11003,11302.842499999999,41.75417502400953,NaN,NaN
1516406400,11294.374885902478,12869,11294.374885902478,12126.86,51.66753358740478,NaN,NaN
1516428000,11710.61744295124,12844,11710.61744295124,12558.485,55.90138669940753,NaN,NaN
1516449600,12134.55122147562,12985,12134.55122147562,12598.8225,56.286773435261374,NaN,NaN
1516471200,12366.68686073781,13099,12366.68686073781,12837.235,58.59022672274254,NaN,NaN
1516492800,12601.960930368905,12799.8,11854.48,12348.055,52.479654681728206,NaN,NaN
1516514400,12475.007965184453,12475.007965184453,11300,11912.7,47.710612044875184,NaN,NaN
1516536000,12193.853982592227,12291.35,11024,11705.24,45.58474880267589,NaN,NaN
1516557600,11949.546991296113,11949.546991296113,10965,11338.86,42.02355815212744,NaN,NaN
1516579200,11644.203495648057,11770,11149,11479.75,43.84046335544647,NaN,NaN
1516600800,11561.976747824028,11926.35,11231,11466.8375,43.70527806235914,NaN,NaN
1516622400,11514.407123912013,11514.407123912013,10139.97,10824.9925,37.513120304015764,NaN,NaN
1516644000,11169.699811956007,11169.699811956007,9900.24,10511.822499999998,34.913910745917846,NaN,NaN
1516665600,10840.761155978002,10998,10233.01,10588.5825,36.08291095937803,NaN,NaN
1516687200,10714.671827989001,10714.671827989001,9905,10264.23,33.356601347867255,NaN,NaN
1516708800,10489.4509139945,11399,9987.02,10664.6625,39.4401266479581,NaN,NaN
1516730400,10577.05670699725,11344.95,10577.05670699725,10987.9375,43.89302252792872,NaN,NaN
1516752000,10782.497103498625,10894.08,10500,10708.55,41.08161002267751,NaN,NaN
1516773600,10745.523551749313,11234,10630,10902.0175,43.76758257311608,NaN,NaN
1516795200,10823.770525874657,11570.48,10823.770525874657,11167.1325,47.31221804760249,NaN,NaN
1516816800,10995.451512937329,11390,10995.451512937329,11216.24,47.96650168429129,NaN,NaN
1516838400,11105.845756468665,11794.05,11105.845756468665,11504.369999999999,51.75230502406201,NaN,NaN
1516860000,11305.107878234332,11675,11147.07,11415.515,50.53131065001785,NaN,NaN
1516881600,11360.311439117166,11360.311439117166,10950.21,11137.235,46.80673245632369,NaN,NaN
1516903200,11248.773219558583,11395,11050.86,11167.997500000001,47.269436464416955,NaN,NaN
1516924800,11208.385359779291,11643,11160.43,11337.032500000001,49.850806363462546,NaN,NaN
1516946400,11272.708929889646,11440,10311.15,10904.295,43.922778801360664,NaN,NaN
1516968000,11088.501964944822,11399,10410,10876.5025,43.56446938529024,NaN,NaN
1516989600,10982.502232472412,11220,10800.93,11074.2325,46.88433620398585,NaN,NaN
1517011200,11028.367366236205,11289,10842.69,11115.147500000001,47.57160915212355,NaN,NaN
1517032800,11071.757433118102,11400,10900,11138.0825,47.97795416718783,NaN,NaN
1517054400,11104.919966559051,11625,10968.18,11264.0475,50.258220403098186,NaN,NaN
1517076000,11184.483733279525,11650,11184.483733279525,11491.5025,54.16505582355166,NaN,NaN
1517097600,11337.993116639762,12100.03,11337.993116639762,11728.427500000002,57.87638532343366,NaN,NaN
1517119200,11533.210308319882,12244,11533.210308319882,11995.08,61.64099215795722,NaN,NaN
1517140800,11764.145154159942,12079.9,11652,11892.96,59.44973305371442,NaN,NaN
1517162400,11828.55257707997,11999.98,11754.54,11863.6375,58.80333367097303,NaN,NaN
1517184000,11846.095038539985,11975.02,11433,11719.4925,55.602740374006906,NaN,NaN
1517205600,11782.793769269992,11782.793769269992,11139.55,11409.234999999999,49.37356676261225,NaN,NaN
1517227200,11596.014384634997,11596.014384634997,11202.82,11349.085000000001,48.245108368350806,NaN,NaN
1517248800,11472.549692317498,11472.549692317498,11150,11318.39,47.646641608704904,NaN,NaN
1517270400,11395.469846158749,11395.469846158749,10850,11117.6,43.817564538671256,NaN,NaN
1517292000,11256.534923079374,11256.534923079374,10900,11054.7275,42.66145026953224,NaN,NaN
1517313600,11155.631211539687,11155.631211539687,10206.25,10646.8975,36.02211166977255,NaN,NaN
1517335200,10901.264355769843,10901.264355769843,9900,10243.1275,30.895565091796172,NaN,NaN
1517356800,10572.19592788492,10572.19592788492,9700,10076.3125,29.055752439029575,NaN,NaN
1517378400,10324.25421394246,10363,10060,10198.2725,32.233081502337654,NaN,NaN
1517400000,10261.26335697123,10425.85,9860,10156.2925,31.70669387835386,NaN,NaN
1517421600,10208.777928485615,10298,10005,10158.1125,31.758725170595753,NaN,NaN
1517443200,10183.445214242807,10335,9959.04,10204.285,33.15022485000763,NaN,NaN
1517464800,10193.865107121404,10235.94,9500,9889.375,28.83205844585467,NaN,NaN
1517486400,10041.620053560702,10041.620053560702,9011.51,9342.7175,23.18592786083704,NaN,NaN
1517508000,9692.168776780352,9692.168776780352,8750.99,9159.462500000001,21.654987042946203,NaN,NaN
1517529600,9425.815638390177,9425.815638390177,8734,8996.885,20.369956876182144,NaN,NaN
1517551200,9211.350319195088,9211.350319195088,8250.92,8558.289999999999,17.37454378508349,NaN,NaN
1517572800,8884.820159597544,9247.79,8010.02,8566.0525,17.605477623757636,NaN,NaN
1517594400,8725.436329798773,8967.45,8501,8762.0525,23.42515578041916,NaN,NaN
1517616000,8743.744414899385,8920,8229,8634.5825,22.320950282778526,NaN,NaN
1517637600,8689.163457449693,9123,8450.63,8798.335000000001,27.076487996342806,NaN,NaN
1517659200,8743.749228724846,9459.6,8743.749228724846,9184.945,36.89859347070746,NaN,NaN
1517680800,8964.347114362423,9473.01,8964.347114362423,9224.4925,37.82118631953256,NaN,NaN
1517702400,9094.419807181212,9260.42,8901.01,9155.4525,36.80938319608849,NaN,NaN
1517724000,9124.936153590606,9368,8687.45,9001.94,34.59332663276882,NaN,NaN
1517745600,9063.438076795304,9063.438076795304,8300,8592.015,29.488105912906036,NaN,NaN
1517767200,8827.726538397652,8827.726538397652,7930,8293.6225,26.430410099829288,NaN,NaN
1517788800,8560.674519198827,8560.674519198827,7910,8163.18,25.200232425134914,NaN,NaN
1517810400,8361.927259599413,8361.927259599413,7510,7891.975,22.821868049632272,NaN,NaN
1517832000,8126.951129799707,8126.951129799707,7074,7381.295,19.155732987021665,NaN,NaN
1517853600,7754.1230648998535,7754.1230648998535,6625,7049.74,17.221456450855058,NaN,NaN
1517875200,7401.931532449927,7401.931532449927,6022,6652.4025,15.235922973734631,NaN,NaN
1517896800,7027.167016224963,7027.167016224963,6000.01,6506.75,14.57265490714775,NaN,NaN
1517918400,6766.9585081124815,7462,6435.99,6866.004999999999,23.427166289379784,NaN,NaN
1517940000,6816.48175405624,7878,6816.48175405624,7377.3875,33.925686208803825,NaN,NaN
1517961600,7096.93462702812,7770,7096.93462702812,7498.76,36.16279119658982,NaN,NaN
1517983200,7297.84731351406,8274,7242.02,7771.8875,41.00350833886914,NaN,NaN
1518004800,7534.86740675703,8476,7534.86740675703,8191.335,47.57778596211141,NaN,NaN
1518026400,7863.1012033785155,8399,7531.11,7953.355,44.54482615389722,NaN,NaN
1518048000,7908.2281016892575,7908.2281016892575,7572.09,7699.7775,41.508461008082406,NaN,NaN
1518156000,7804.002800844629,8395,7789.9,8063.7275,47.08368143549647,NaN,NaN
1518177600,7933.865150422314,8718,7933.865150422314,8458.244999999999,52.38212416749848,NaN,NaN
1518199200,8196.055075211156,8738,8196.055075211156,8612.98,54.31429671526727,NaN,NaN
1518220800,8404.517537605578,8997,8404.517537605578,8781.224999999999,56.3865125824657,NaN,NaN
1518242400,8592.871268802788,9065.78,8470,8753.6875,55.9392747453841,NaN,NaN
1518264000,8673.279384401394,8800,8120,8484.51,51.62853289284604,NaN,NaN
1518285600,8578.894692200698,8578.894692200698,8125,8404.9925,50.393111812795254,NaN,NaN
1518307200,8491.94359610035,8549,7910.01,8273.25,48.32969418306953,NaN,NaN
1518328800,8382.596798050174,8382.596798050174,7726.53,8039.1325,44.81766702180329,NaN,NaN
1518350400,8210.864649025087,8500.85,8110,8238.42,48.26407659878901,NaN,NaN
1518372000,8224.642324512544,8387,8015,8168.72,47.15482423279463,NaN,NaN
1518393600,8196.681162256273,8570,8053,8267.9575,48.953688714898924,NaN,NaN
1518415200,8232.319331128136,8840.82,8232.319331128136,8556.710000000001,53.873804846180164,NaN,NaN
1518436800,8394.514665564067,8780,8394.514665564067,8672.52,55.71733290169341,NaN,NaN
1518458400,8533.517332782034,8989,8533.517332782034,8824.8125,58.08948356614562,NaN,NaN
1518480000,8679.164916391017,8950,8554.87,8759.455000000002,56.68606755126408,NaN,NaN
1518501600,8719.30995819551,8759,8351,8566.705,52.64643797210767,NaN,NaN
1518523200,8643.007479097756,8680,8450,8569.435000000001,52.697854056644566,NaN,NaN
1518544800,8606.221239548879,8725,8461,8585.495,53.02101402994808,NaN,NaN
1518566400,8595.858119774439,8869,8533,8695.5425,55.275766885951484,NaN,NaN
1518588000,8645.70030988722,8930.65,8645.70030988722,8865.0375,58.5736367212783,NaN,NaN
1518609600,8755.36890494361,9350,8755.36890494361,9124.470000000001,63.063181117253585,NaN,NaN
1518631200,8939.919452471806,9489.6,8939.919452471806,9350.66,66.47458633759052,NaN,NaN
1518652800,9145.289726235904,9759,9145.289726235904,9545.119999999999,69.11550983397143,NaN,NaN
1518674400,9345.204863117951,9925.17,9345.204863117951,9633.322499999998,70.25986264847324,NaN,NaN
1518696000,9489.263681558976,10089.99,9489.263681558976,9820.0475,72.57645371478513,NaN,NaN
1518717600,9654.655590779488,10219.5,9654.655590779488,10030.68,74.9471261825906,NaN,NaN
1518739200,9842.667795389745,10323.37,9842.667795389745,10067.3225,75.34640167528914,NaN,NaN
1518760800,9954.995147694874,10090.11,9666,9902.6425,69.95070365108177,NaN,NaN
1518782400,9928.818823847436,10150,9740,9935.3475,70.40399372462562,NaN,NaN
1518804000,9932.083161923718,10213.3,9865,10073.2025,72.3007149898415,NaN,NaN
1518825600,10002.642830961859,10542.91,10002.642830961859,10312.2425,75.26131510933666,NaN,NaN
1518847200,10157.442665480929,10877.91,10157.442665480929,10640.19,78.63518786627708,NaN,NaN
1518868800,10398.816332740465,10869,10398.816332740465,10699.265,79.18586191623159,NaN,NaN
1518890400,10549.040666370232,11075.07,10549.040666370232,10883.465,80.84382518048993,NaN,NaN
1518912000,10716.252833185117,11274,10328,10742.4725,75.86260980377665,NaN,NaN
1518933600,10729.362666592559,10729.362666592559,10080,10399.0425,65.30717211351273,NaN,NaN
1518955200,10564.202583296279,10850,10350,10623.25,68.39854981351242,NaN,NaN
1518976800,10593.72629164814,10874.99,10331,10581.1125,67.18683651626539,NaN,NaN
1518998400,10587.419395824068,10639,10270.33,10433.140000000001,62.968208372867174,NaN,NaN
1519020000,10510.279697912036,11031.31,10381,10695.27,66.92959283931549,NaN,NaN
1519041600,10602.774848956018,11250,10602.774848956018,10990.96,70.73286244025427,NaN,NaN
1519063200,10796.867424478009,11212,10796.867424478009,11058.75,71.5409377472381,NaN,NaN
1519084800,10927.808712239004,11545,10927.808712239004,11321.11,74.47793820746834,NaN,NaN
1519106400,11124.459356119503,11650,11124.459356119503,11414.34,75.44759965989823,NaN,NaN
1519128000,11269.399678059752,11719,11269.399678059752,11549.755,76.8248793771611,NaN,NaN
1519149600,11409.577339029875,11786.01,11100.59,11445.1825,73.40064508854843,NaN,NaN
1519171200,11427.379919514937,11427.379919514937,10620,10982.275,60.53749246645969,NaN,NaN
1519192800,11204.827459757467,11204.827459757467,10750.72,10923.7275,59.12617044452912,NaN,NaN
1519214400,11064.277479878734,11109,10312.12,10722.985,54.43982729867089,NaN,NaN
1519236000,10893.631239939368,10893.631239939368,10200,10458.977499999999,48.945338521317645,NaN,NaN
1519257600,10676.304369969683,10870,10296,10591.005000000001,51.57737382320528,NaN,NaN
1519279200,10633.654684984842,10933.44,10076,10507.077500000001,49.81913814168143,NaN,NaN
1519300800,10570.366092492422,10570.366092492422,9679,10024.25,41.13210969030514,NaN,NaN
1519322400,10297.308046246211,10297.308046246211,9780,9889.51,39.083954943764105,NaN,NaN
1519344000,10093.409023123106,10093.409023123106,9570.19,9790.435,37.60131060053765,NaN,NaN
1519365600,9941.922011561554,10230,9656,9962.76,41.74102348671654,NaN,NaN
1519387200,9952.341005780778,10435,9952.341005780778,10186.7925,46.69245583964526,NaN,NaN
1519408800,10069.566752890389,10234.04,9857.75,10083.2775,44.79792013239053,NaN,NaN
1519430400,10076.422126445195,10496.97,10076.422126445195,10291.855,49.264894881462574,NaN,NaN
1519452000,10184.138563222597,10488,9669.94,10091.7525,45.46392261804835,NaN,NaN
1519473600,10137.945531611298,10137.945531611298,9556,9696.01,39.0474711404905,NaN,NaN
1519495200,9916.977765805648,9916.977765805648,9352,9604.1275,37.716513173176196,NaN,NaN
1519516800,9760.552632902825,9779,9487,9667.625,39.257408891383676,NaN,NaN
1519538400,9714.088816451413,9847,9534.82,9689.449999999999,39.808618715504515,NaN,NaN
1519560000,9701.769408225706,9701.769408225706,9300,9505.8925,36.78519340507562,NaN,NaN
1519581600,9603.830954112853,9670,9274.8,9473.5975,36.263352728894084,NaN,NaN
1519603200,9538.714227056425,9754.98,9510.06,9618.26,40.34571806364427,NaN,NaN
1519624800,9578.487113528212,9745.83,9350,9607.455,40.13892219979313,NaN,NaN
1519646400,9592.971056764105,10400,9592.971056764105,9988.2525,49.887560258575235,NaN,NaN
1519668000,9790.611778382052,10444.32,9790.611778382052,10282.83,55.87418846002592,NaN,NaN
1519689600,10036.720889191027,10419.7,10036.720889191027,10296.2125,56.13059015720018,NaN,NaN
1519711200,10166.466694595514,10780,10166.466694595514,10507.2,60.070004060115714,NaN,NaN
1519732800,10336.833347297757,10870,10336.833347297757,10654.2875,62.59196546105037,NaN,NaN
1519754400,10495.56042364888,10792.4,10495.56042364888,10624.385,61.738256294554226,NaN,NaN
1519776000,10559.972711824441,11000,10551,10770.747500000001,64.30457679984377,NaN,NaN
1519797600,10665.360105912221,11098,10476.28,10773.2225,64.34812383507824,NaN,NaN
1519819200,10719.29130295611,10719.29130295611,10375.54,10504.2125,56.30749250549352,NaN,NaN
1519840800,10611.751901478056,10722,10300,10449.15,54.79813464567081,NaN,NaN
1519862400,10530.450950739028,10530.450950739028,10240,10367.1525,52.53952317687821,NaN,NaN
1519884000,10448.801725369514,10745,10335.96,10541.465,56.631754800425966,NaN,NaN
1519905600,10495.133362684757,10858,10495.133362684757,10742.7725,60.832008465766364,NaN,NaN
1519927200,10618.952931342377,11060.41,10618.952931342377,10904.9175,63.86750608714774,NaN,NaN
1519948800,10761.935215671188,11200,10761.935215671188,11003.595000000001,65.614047600079,NaN,NaN
1519970400,10882.765107835596,11159.01,10826.52,10968.625,64.42554199846376,NaN,NaN
1519992000,10925.695053917798,11050,10770,10907.8025,62.31144201135096,NaN,NaN
1520013600,10916.748776958899,11130,10837.97,10980.2075,63.83293408615202,NaN,NaN
1520035200,10948.47813847945,11415.16,10948.47813847945,11198.480000000001,68.02378641220142,NaN,NaN
1520056800,11073.479069239726,11413,11073.479069239726,11317.135,70.0551292506905,NaN,NaN
1520078400,11195.307034619862,11544,11195.307034619862,11412.0525,71.60888778833998,NaN,NaN
1520100000,11303.679767309932,11539.96,11268,11449.142499999998,72.21556527153237,NaN,NaN
1520121600,11376.411133654965,11470,11088,11312.7975,66.58300403609974,NaN,NaN
1520143200,11344.604316827483,11344.604316827483,11050.02,11178.35,61.489959086328604,NaN,NaN
1520164800,11261.477158413742,11261.477158413742,11090.01,11163.545,60.93719862207939,NaN,NaN
1520186400,11212.51107920687,11565,11135,11339.75,64.97300355285685,NaN,NaN
1520208000,11276.130539603435,11608,11276.130539603435,11517.0025,68.49876691286659,NaN,NaN
1520229600,11396.566519801718,11594,11396.566519801718,11519.005000000001,68.53729798715898,NaN,NaN
1520251200,11457.78575990086,11585.53,11441.78,11513.3325,68.28250955815967,NaN,NaN
1520272800,11485.55912995043,11710,11454,11532.2525,68.70045734019735,NaN,NaN
1520294400,11508.905814975216,11508.905814975216,11181.5,11354.9725,60.63760770651764,NaN,NaN
1520316000,11431.939157487608,11431.939157487608,10840.01,11116.005000000001,51.810637704337964,NaN,NaN
1520337600,11273.972078743805,11273.972078743805,10730.17,10870.602499999999,44.62632052097044,NaN,NaN
1520359200,11072.287289371903,11072.287289371903,10555.48,10724.415,40.98077390811506,NaN,NaN
1520380800,10898.351144685952,10899,10630,10725.119999999999,41.00580296185832,NaN,NaN
1520402400,10811.735572342976,10811.735572342976,10400,10586.6375,37.63001062516117,NaN,NaN
1520424000,10699.186536171488,10747.88,9389.31,10128.1975,29.091702364814893,NaN,NaN
1520445600,10413.692018085745,10413.692018085745,9630,9854.51,25.388096436547528,NaN,NaN
1520467200,10134.101009042872,10134.101009042872,9470,9795.1075,24.65445232146925,NaN,NaN
1520488800,9964.604254521437,10099,9667.06,9860.857499999998,27.16333899681571,NaN,NaN
1520510400,9912.730877260718,9968.75,9060,9555.135,23.28139873091486,NaN,NaN
1520532000,9733.932938630358,9733.932938630358,9152.85,9294.715,20.58300076667419,NaN,NaN
1520553600,9514.323969315179,9514.323969315179,8429,8893.2675,17.26162690448217,NaN,NaN
1520575200,9203.79573465759,9203.79573465759,8329,8666.7525,15.720209381068585,NaN,NaN
1520596800,8935.274117328794,9165.18,8630,8869.77,22.40791546465698,NaN,NaN
1520618400,8902.522058664397,9333.33,8653.88,8992.9425,26.23249577223845,NaN,NaN
1520640000,8947.732279332198,9400.79,8947.732279332198,9264.405,33.95864531375496,NaN,NaN
1520661600,9106.0686396661,9490,9106.0686396661,9333.275,35.79588494833747,NaN,NaN
1520683200,9219.671819833049,9468.88,9130,9270.55,34.84509036667994,NaN,NaN
1520704800,9245.110909916524,9245.110909916524,8667.07,8926.9325,30.12453370437126,NaN,NaN
1520726400,9086.021704958262,9086.021704958262,8450,8723.5625,27.730117576718044,NaN,NaN
1520748000,8904.792102479132,9100.66,8532.38,8873.4375,32.018532717236866,NaN,NaN
1520769600,8889.114801239566,9654.06,8889.114801239566,9329.1775,43.07923784210246,NaN,NaN
1520791200,9109.146150619783,9740,9109.146150619783,9582.195,48.125441663199275,NaN,NaN
1520812800,9345.67057530989,9713,9345.67057530989,9538.1475,47.33864004198515,NaN,NaN
1520834400,9441.909037654945,9888.88,9441.909037654945,9696.977499999999,50.482377417056874,NaN,NaN
1520856000,9569.443268827472,9838,9004,9463.880000000001,46.1299921476526,NaN,NaN
1520877600,9516.661634413736,9516.661634413736,8780,9081.7725,40.0363780946728,NaN,NaN
1520899200,9299.217067206868,9445,8933,9222.335,43.018295393933975,NaN,NaN
1520920800,9260.776033603433,9474,8870,9192.2225,42.53035278252088,NaN,NaN
1520942400,9226.499266801717,9275,8823,9056.865,40.316645790798006,NaN,NaN
1520964000,9141.682133400858,9249.99,8978.1,9114.52,41.70841226789681,NaN,NaN
1520985600,9128.10106670043,9333.78,9060,9181.41,43.358683728589114,NaN,NaN
1521007200,9154.755533350215,9189.97,8631.78,8917.4575,38.70242648212444,NaN,NaN
1521028800,9036.106516675107,9036.106516675107,8251,8510.9175,32.850886730446376,NaN,NaN
1521050400,8773.512008337553,8773.512008337553,7900.28,8192.3625,29.1338589626546,NaN,NaN
1521072000,8482.937254168777,8482.937254168777,7717,7979.132500000001,26.936792692286375,NaN,NaN
1521093600,8231.034877084388,8299,7650,7986,27.12740214743748,NaN,NaN
1521115200,8108.517438542194,8430,7925.15,8181.9825,32.536419821012046,NaN,NaN
1521136800,8145.249969271097,8363.21,8066,8201.9925,33.0825647611111,NaN,NaN
1521158400,8173.621234635549,8324.96,7900,8164.539999999999,32.55140318443149,NaN,NaN
1521180000,8169.080617317773,8287,8060,8180.0075,33.02963027240969,NaN,NaN
1521201600,8174.544058658887,8611.64,8139.02,8341.7075,37.98031623871288,NaN,NaN
1521223200,8258.125779329443,8588.88,8257.2,8386.77,39.32640093032755,NaN,NaN
1521244800,8322.447889664722,8322.49,8078,8200.904999999999,35.868423575277745,NaN,NaN
1521266400,8261.67644483236,8348.62,8108,8191.055,35.68932194575741,NaN,NaN
1521288000,8226.36572241618,8226.36572241618,7852.2,8026.995,32.75556889547144,NaN,NaN
1521309600,8126.680361208089,8126.680361208089,7721.99,7877.94,30.317182013110553,NaN,NaN
1521331200,8002.310180604045,8002.310180604045,7519.84,7714.7725,27.87124313315377,NaN,NaN
1521352800,7858.541340302023,7858.541340302023,7532.09,7689.9425,27.507548906812133,NaN,NaN
1521374400,7774.241920151011,7829,7322,7599.2975,26.165227844260443,NaN,NaN
1521396000,7686.769710075505,8317.4,7379.82,7844.125,35.342700528848894,NaN,NaN
1521417600,7765.4473550377525,8456,7765.4473550377525,8265.067500000001,47.43946444127225,NaN,NaN
1521439200,8015.257427518876,8400.81,8015.257427518876,8284.23,47.917169997585326,NaN,NaN
1521460800,8149.743713759438,8705.23,8149.743713759438,8386.31,50.49820918507551,NaN,NaN
1521482400,8268.026856879718,8630.07,8260,8448.765,52.06343907402124,NaN,NaN
1521504000,8358.395928439859,8667,8358.395928439859,8527.490000000002,54.03632557624775,NaN,NaN
1521525600,8442.94296421993,8555,8280,8456.7375,51.96632238369117,NaN,NaN
1521547200,8449.840232109964,8891.3,8429,8676.935,57.43177378238087,NaN,NaN
1521568800,8563.38761605498,9050,8563.38761605498,8903.5,62.197858143112995,NaN,NaN
1521590400,8733.44380802749,9145.3,8733.44380802749,8989.2775,63.84819065966382,NaN,NaN
1521612000,8861.360654013744,9125,8861.360654013744,9028.9825,64.61819215391041,NaN,NaN
1521633600,8945.171577006873,9177.01,8750.6,8955.7175,61.99428060111336,NaN,NaN
1521655200,8950.444538503438,8965,8777,8864.815,58.80374684212713,NaN,NaN
1521676800,8907.629769251718,9100,8860,8962.4525,61.118377020253014,NaN,NaN
1521698400,8935.041134625859,9042.12,8620,8826.595000000001,56.37223431331499,NaN,NaN
1521720000,8880.81806731293,8880.81806731293,8465.1,8634.1325,50.40110809343659,NaN,NaN
1521741600,8757.475283656466,8770,8510.2,8669,51.40535111342551,NaN,NaN
1521763200,8713.237641828233,8729.5,8330,8552.1425,47.90457524700647,NaN,NaN
1521784800,8632.690070914115,8632.690070914115,8345,8459.5175,45.27279514738106,NaN,NaN
1521806400,8546.103785457057,8687.98,8269,8526.69,47.52432949063068,NaN,NaN
1521828000,8536.396892728528,8909,8536.396892728528,8751.5175,54.30111193957066,NaN,NaN
1521849600,8643.957196364263,8987.97,8643.957196364263,8884.005000000001,57.76267398616728,NaN,NaN
1521871200,8763.981098182132,8960.37,8683,8801.9675,54.98529440876749,NaN,NaN
1521892800,8782.974299091067,8999.95,8666.3,8812.3225,55.277598860834566,NaN,NaN
1521914400,8797.648399545535,8968,8491,8718.215,51.974438639237455,NaN,NaN
1521936000,8757.931699772767,8757.931699772767,8433.93,8521.295,45.806277087739076,NaN,NaN
1521957600,8639.613349886384,8639.613349886384,8365.77,8470.3225,44.33942350631539,NaN,NaN
1521979200,8554.967924943192,8643,8380.41,8490.1025,45.074463739991224,NaN,NaN
1522000800,8522.535212471597,8669.85,8388,8514.25,46.01179451117737,NaN,NaN
1522022400,8518.392606235799,8518.392606235799,8353.18,8449.8025,43.86044871171011,NaN,NaN
1522044000,8484.0975531179,8484.0975531179,8050,8270,38.457875349644496,NaN,NaN
1522065600,8377.04877655895,8377.04877655895,7860,8004.75,32.16371069729938,NaN,NaN
1522087200,8190.899388279475,8268.5,7831,8033.485,33.434697997821644,NaN,NaN
1522108800,8112.192194139738,8215.94,7730,8000.0475,32.66768147210347,NaN,NaN
1522130400,8056.119847069869,8056.119847069869,7820,7931.2325,31.087083936758773,NaN,NaN
1522152000,7993.676173534935,8150.17,7860,7958.8075,32.49652273803743,NaN,NaN
1522173600,7976.241836767467,8050,7755.58,7874.022500000001,30.43536025354942,NaN,NaN
1522195200,7925.132168383734,7925.132168383734,7728,7817.130000000001,29.10149689528535,NaN,NaN
1522216800,7871.131084191868,8109,7850.1,7964.7775,36.83799726875399,NaN,NaN
1522238400,7917.954292095934,8055.99,7825,7964.244999999999,36.8223910507801,NaN,NaN
1522260000,7941.099646047966,8009,7836,7932.4425,35.84568282060184,NaN,NaN
1522281600,7936.771073023983,7975,7550,7759.825,31.033982060256193,NaN,NaN
1522303200,7848.298036511991,7848.298036511991,7425.4,7527.59,25.981025391993896,NaN,NaN
1522324800,7687.944018255996,7687.944018255996,7334,7453.4725,24.604151291209575,NaN,NaN
1522346400,7570.708259127998,7570.708259127998,6941.11,7235.82,21.072473731374117,NaN,NaN
1522368000,7403.264129563999,7403.264129563999,6666.66,7017.4725,18.243380720727657,NaN,NaN
1522389600,7210.368314781999,7292.43,6880,7075.805,21.283863339060346,NaN,NaN
1522411200,7143.086657391,7143.086657391,6600.1,6846.98,18.394022763124298,NaN,NaN
1522432800,6995.033328695499,6995.033328695499,6652.6,6790.9775,17.758518056693617,NaN,NaN
1522454400,6893.00541434775,7120,6837.71,6925.9775,24.52776417619117,NaN,NaN
1522476000,6909.4914571738755,7148.2,6777,6974.2725,26.847464308182538,NaN,NaN
1522497600,6941.881978586938,7223.36,6941.881978586938,7099.067499999999,32.61129775140128,NaN,NaN
1522519200,7020.474739293469,7137,6842.97,7004.525000000001,30.641563914083733,NaN,NaN
1522540800,7012.499869646735,7049.98,6892,6944.7425,29.431030969506423,NaN,NaN
1522562400,6978.621184823367,6978.621184823367,6623.97,6785.555,26.436125841467756,NaN,NaN
1522584000,6882.088092411684,6882.088092411684,6430,6703.129999999999,25.016608499176428,NaN,NaN
1522605600,6792.609046205842,6961.83,6737.47,6834.325000000001,31.33652955871581,NaN,NaN
1522627200,6813.467023102921,7020,6765,6872.5025000000005,33.10348244420503,NaN,NaN
1522648800,6842.984761551461,7125,6842.984761551461,6981.395,38.0039592779537,NaN,NaN
1522670400,6912.189880775731,7061.4,6873.32,6989.6175,38.37108091210357,NaN,NaN
1522692000,6950.903690387866,7070,6890,6999.3575,38.83314470024906,NaN,NaN
1522713600,6975.130595193933,7390.08,6975.130595193933,7196.464999999999,47.42395574852375,NaN,NaN
1522735200,7085.797797596966,7447.99,7085.797797596966,7332.12,52.38092586099335,NaN,NaN
1522756800,7208.958898798483,7439.99,7208.958898798483,7361.2575,53.39727029488785,NaN,NaN
1522778400,7285.108199399241,7520,7285.108199399241,7424.055,55.5968924368784,NaN,NaN
1522800000,7354.581599699621,7427.52,7223,7350.1825,52.46006466691441,NaN,NaN
1522821600,7352.38204984981,7380.14,7001,7196.0325,46.55708420747386,NaN,NaN
1522843200,7274.2072749249055,7274.2072749249055,6766,6945.8025,38.90428244199748,NaN,NaN
1522864800,7110.004887462453,7110.004887462453,6707,6811.764999999999,35.53482129776536,NaN,NaN
1522886400,6960.884943731226,6960.884943731226,6566.69,6774.4475,34.63541818851937,NaN,NaN
1522908000,6867.666221865613,6902,6709,6811.9974999999995,36.38033102335803,NaN,NaN
1522929600,6839.831860932806,6899,6612.11,6746.275,34.63745673296651,NaN,NaN
1522951200,6793.053430466403,6840,6671,6744.1875,34.580789577235336,NaN,NaN
1522972800,6768.620465233202,6850,6718,6773.0225,36.13505825099734,NaN,NaN
1522994400,6770.8214826166,6770.8214826166,6500,6652.2675,32.6379176884996,NaN,NaN
1523016000,6711.5444913083,6711.5444913083,6540,6596.1575,31.130312446758197,NaN,NaN
1523037600,6653.85099565415,6653.85099565415,6516.67,6588.702499999999,30.925912966223635,NaN,NaN
1523059200,6621.276747827074,6880.79,6586.28,6726.8724999999995,38.92940069159784,NaN,NaN
1523080800,6674.074623913537,6929.86,6674.074623913537,6861.9875,45.57094964627411,NaN,NaN
1523102400,6768.031061956768,7070,6760,6924.25,48.358018917715825,NaN,NaN
1523124000,6846.140530978384,7019.56,6846.140530978384,6942.0925,49.161405138224985,NaN,NaN
1523145600,6894.116515489191,7050,6880,6944.4525,49.27381248267334,NaN,NaN
1523167200,6919.284507744596,7100,6891.79,7010.91,52.46141444569847,NaN,NaN
1523188800,6965.097253872298,7109.13,6937.03,7036.29,53.659061871618256,NaN,NaN
1523210400,7000.693626936149,7053.09,6942.84,7002.2375,51.77437308857635,NaN,NaN
1523232000,7001.465563468075,7165.21,7001.465563468075,7075.3025,55.39454823813982,NaN,NaN
1523253600,7038.384031734037,7185,6691.18,6934.045,47.9070320023547,NaN,NaN
1523275200,6986.214515867019,6986.214515867019,6676.5,6738.625,39.87672094881061,NaN,NaN
1523296800,6862.41975793351,6862.41975793351,6611,6733.6775,39.69530572426439,NaN,NaN
1523318400,6798.048628966755,6820,6706.02,6766.8724999999995,41.614550953367704,NaN,NaN
1523340000,6782.460564483377,6788.62,6656,6734.8875,40.28418151603774,NaN,NaN
1523361600,6758.674032241688,6870.99,6719.91,6798.345,44.102241328950655,NaN,NaN
1523383200,6778.509516120845,6890,6768.01,6842.35,46.649626144765186,NaN,NaN
1523404800,6810.4297580604225,6872.71,6800,6832.495,46.14247162310891,NaN,NaN
1523426400,6821.462379030211,6869.34,6787,6831.505,46.088265824060144,NaN,NaN
1523448000,6826.483689515106,6990,6826.483689515106,6896.629999999999,50.230242479825634,NaN,NaN
1523469600,6861.556844757552,6987.41,6861.556844757552,6931.0825,52.31733892270859,NaN,NaN
1523491200,6896.319672378777,6985,6885,6940.945,52.92590803025741,NaN,NaN
1523512800,6918.632336189388,8012.23,6743.2,7346.36,69.92066926702468,NaN,NaN
1523534400,7132.496168094694,7780,7132.496168094694,7673.8875,77.11029082894561,NaN,NaN
1523556000,7403.191834047348,7986.1,7403.191834047348,7809.7775,79.31897828453374,NaN,NaN
1523577600,7606.484667023674,7994.96,7606.484667023674,7858.3375,80.05944755299782,NaN,NaN
1523599200,7732.411083511837,8195.84,7732.411083511837,7963.9475,81.60225160659519,NaN,NaN
1523620800,7848.179291755919,8233.39,7848.179291755919,8113.2125,83.54057353563219,NaN,NaN
1523642400,7980.69589587796,8130,7768.47,7972.72,75.47988228129634,NaN,NaN
1523664000,7976.7079479389795,8095,7810,7934.96,73.429159666194,NaN,NaN
1523685600,7955.833973969489,8186,7915,8007.577499999999,74.84462887594937,NaN,NaN
1523707200,7981.705736984744,8010,7849.46,7949.2525,71.54784968424472,NaN,NaN
1523728800,7965.479118492372,8090.23,7941,8000.6975,72.69050690316419,NaN,NaN
1523750400,7983.088309246186,8150,7983.088309246186,8070.255,74.1992611068665,NaN,NaN
1523772000,8026.671654623093,8429.54,8026.671654623093,8238.2375,77.44068299472389,NaN,NaN
1523793600,8132.454577311546,8380,8132.454577311546,8310,78.67334594789777,NaN,NaN
1523815200,8221.227288655773,8365.87,8221.227288655773,8322.3625,78.88736589189263,NaN,NaN
1523836800,8271.794894327886,8419,8000,8202.625,71.41232987722283,NaN,NaN
1523858400,8237.209947163943,8237.209947163943,8016.33,8068.965,64.10960575243747,NaN,NaN
1523880000,8153.087473581972,8153.087473581972,7867,8017.7825,61.51542379701276,NaN,NaN
1523901600,8085.434986790986,8086.01,7935.99,8029.485000000001,61.895088413631946,NaN,NaN
1523923200,8057.459993395493,8083.61,7956.17,8021.924999999999,61.47317156841374,NaN,NaN
1523944800,8039.692496697746,8173.7,7960,8058.3949999999995,62.79087825012756,NaN,NaN
1523966400,8049.043748348873,8156,8049.043748348873,8109.2175,64.60752850757471,NaN,NaN
1523988000,8079.130624174437,8106.6,7825.4,7980.3725,57.00850502929843,NaN,NaN
1524009600,8029.751562087218,8029.751562087218,7868.07,7916.754999999999,53.65296737332456,NaN,NaN
1524031200,7973.253281043609,8149.89,7868,8011.68,57.65780171830367,NaN,NaN
1524052800,7992.466640521805,8149.78,7931.01,8070.9475,59.982837292207094,NaN,NaN
1524074400,8031.707070260903,8236.43,8031.707070260903,8149.717500000001,62.89874467398909,NaN,NaN
1524096000,8090.712285130452,8290,8090.712285130452,8185.9974999999995,64.19290372056199,NaN,NaN
1524117600,8138.354892565226,8259,8080,8181.5025000000005,63.895520431024075,NaN,NaN
1524139200,8159.928696282614,8296,8159.928696282614,8233.41,65.8622709225832,NaN,NaN
1524160800,8196.669348141306,8294.99,8189,8254.9,66.67172460960182,NaN,NaN
1524182400,8225.784674070652,8398,8177.09,8280.48,67.65486415564855,NaN,NaN
1524204000,8253.132337035326,8540.37,8253,8395.3425,71.69281815417087,NaN,NaN
1524225600,8324.237418517663,8577.9,8324.237418517663,8507.44,74.97611045250414,NaN,NaN
1524247200,8415.838709258831,8930,8415.838709258831,8694.244999999999,79.28754455814558,NaN,NaN
1524268800,8555.041854629415,8928,8555.041854629415,8847.0475,82.0168893456746,NaN,NaN
1524290400,8701.044677314709,9035,8565,8794.5175,78.20179601767481,NaN,NaN
1524312000,8747.781088657353,8874,8680,8753.5025,75.258216363813,NaN,NaN
1524333600,8750.641794328676,8930,8707,8828.09,76.9568835518387,NaN,NaN
1524355200,8789.365897164338,8915.33,8786.8,8863.0425,77.72853805686603,NaN,NaN
1524376800,8826.204198582169,9020,8826.204198582169,8901.31,78.57449690980752,NaN,NaN
1524398400,8863.757099291084,9020.67,8768.79,8911.4575,78.8044078934303,NaN,NaN
1524420000,8887.607299645542,8957.84,8727.68,8853.225,73.9034130500102,NaN,NaN
1524441600,8870.416149822771,8888,8745,8824.425,71.53390913923108,NaN,NaN
1524463200,8847.420574911386,8970.01,8831,8897.267500000002,73.82022331960161,NaN,NaN
1524484800,8872.344037455694,8985,8858.08,8909.775,74.20334943122172,NaN,NaN
1524506400,8891.059518727847,8949.98,8800.6,8893.065,72.67317627780443,NaN,NaN
1524528000,8892.062259363924,9300,8892.062259363924,9106.7775,78.71782683971736,NaN,NaN
1524549600,8999.419879681962,9349,8999.419879681962,9272.9275,82.04336608433391,NaN,NaN
1524571200,9136.17368984098,9420,9136.17368984098,9319.89,82.8586818966562,NaN,NaN
1524592800,9228.03184492049,9731.01,9228.03184492049,9513.5725,85.73532881276114,NaN,NaN
1524614400,9370.802172460244,9759.82,9110,9464.695,81.99563238140196,NaN,NaN
1524636000,9417.748586230122,9476.23,8960,9237.565,67.30406788699332,NaN,NaN
1524657600,9327.65679311506,9327.65679311506,8730,9033.8025,57.3725442844955,NaN,NaN
1524679200,9180.729646557531,9185.01,8770,8970.025,54.65407143694526,NaN,NaN
1524700800,9075.377323278764,9075.377323278764,8660,8855.887499999999,50.08069659394524,NaN,NaN
1524722400,8965.63241163938,8965.63241163938,8651.62,8839.962500000001,49.45883472618294,NaN,NaN
1524744000,8902.797455819691,8945,8740.01,8852.487500000001,49.98486170261918,NaN,NaN
1524765600,8877.642477909845,9307.48,8834.02,9068.4825,58.08641388012012,NaN,NaN
1524787200,8973.062488954922,9297,8973.062488954922,9212.432499999999,62.451672793661366,NaN,NaN
1524808800,9092.74749447746,9395,9092.74749447746,9266.494999999999,63.96940704634698,NaN,NaN
1524830400,9179.62124723873,9355,9150.1,9276.025,64.24377805843329,NaN,NaN
1524852000,9227.823123619364,9296.31,8889,9097.69,55.696580928188716,NaN,NaN
1524873600,9162.756561809681,9196.32,8870,9036.539999999999,53.08840499287989,NaN,NaN
1524895200,9099.64828090484,9330,9081.02,9198.5175,58.61653347753448,NaN,NaN
1524916800,9149.08289045242,9427.48,9149.08289045242,9286.5125,61.28559454493612,NaN,NaN
1524938400,9217.79769522621,9427.48,9217.79769522621,9331.119999999999,62.60236582152823,NaN,NaN
1524960000,9274.458847613105,9570.51,9274.458847613105,9423.175000000001,65.2305722592763,NaN,NaN
1524981600,9348.816923806553,9513.97,9163.74,9344.227499999999,61.2547169926702,NaN,NaN
1525003200,9346.522211903277,9382.62,9205,9295.655,58.87699132942085,NaN,NaN
1525024800,9321.088605951638,9438,9290.92,9369.48,61.333693868281905,NaN,NaN
1525046400,9345.284302975819,9458.64,9235,9365.369999999999,61.11479822129234,NaN,NaN
1525068000,9355.327151487909,9369.21,9124.99,9281.2475,56.65770216892602,NaN,NaN
1525089600,9318.287325743953,9356.6,9240,9303.15,57.526247411312966,NaN,NaN
1525111200,9310.718662871976,9369.18,9165.96,9280.2875,56.258926310405485,NaN,NaN
1525132800,9295.503081435989,9295.503081435989,8870,9073.75,46.32923719470409,NaN,NaN
1525154400,9184.626540717994,9184.626540717994,8930,8979.2775,42.623422440339546,NaN,NaN
1525176000,9081.952020358996,9081.952020358996,8800.49,8953.1075,41.630035747201475,NaN,NaN
1525197600,9017.5297601795,9114.59,8930.01,9027.990000000002,45.541143941315724,NaN,NaN
1525219200,9022.75988008975,9115.26,8970.2,9054.575,46.90144219687406,NaN,NaN
1525240800,9038.667440044876,9217.3,9038.667440044876,9128.135,50.579846452271454,NaN,NaN
1525262400,9083.401220022439,9180,9031,9128.7875,50.61252908221944,NaN,NaN
1525284000,9106.094360011219,9268,9068.5,9179.585,53.20695186246919,NaN,NaN
1525305600,9142.839680005609,9315.68,9142.839680005609,9238.38,56.082647089113124,NaN,NaN
1525327200,9190.609840002804,9264.27,9168.4,9216.045,54.70722358890357,NaN,NaN
1525348800,9203.327420001402,9718,9203.327420001402,9464.1375,64.9808889535862,NaN,NaN
1525370400,9333.732460000701,9844,9333.732460000701,9730.7525,72.26239293575199,NaN,NaN
1525392000,9532.24248000035,9750,9520.85,9663.9875,68.4254729802947,NaN,NaN
1525413600,9598.114990000175,9830.04,9598.114990000175,9708.8575,69.59395551757375,NaN,NaN
1525435200,9653.486245000087,9789.3,9570.1,9696.182499999999,68.8191878339136,NaN,NaN
1525456800,9674.834372500043,9777.14,9615.92,9692.9875,68.61183661202446,NaN,NaN
1525478400,9683.91093625002,9889.45,9682,9782.2625,71.22108350344448,NaN,NaN
1525500000,9733.08671812501,9972,9733.08671812501,9874.15,73.64912226863254,NaN,NaN
1525521600,9803.618359062504,10020,9803.618359062504,9923.14,74.86661893350838,NaN,NaN
1525543200,9863.379179531252,9924.07,9730.01,9855.245,70.03697502672571,NaN,NaN
1525564800,9859.312089765626,9970,9751,9834.035,68.54926847848748,NaN,NaN
1525586400,9846.673544882813,9846.673544882813,9488.88,9637.7,56.57028416178268,NaN,NaN
1525608000,9742.186772441408,9742.186772441408,9417.03,9555.7575,52.45060108277138,NaN,NaN
1525629600,9648.972136220704,9682.28,9516,9619.077500000001,55.16756667459487,NaN,NaN
1525651200,9634.024818110352,9689.67,9252,9490.42,49.0364822044635,NaN,NaN
1525672800,9562.222409055175,9562.222409055175,9258,9347.6975,43.289053637669404,NaN,NaN
1525694400,9454.959954527589,9454.959954527589,9181,9324.715,42.426704599836185,NaN,NaN
1525716000,9389.837477263794,9465.64,9269.46,9364.7725,44.50187865789639,NaN,NaN
1525737600,9377.304988631897,9475.7,9318.87,9373.3925,44.96161331484171,NaN,NaN
1525759200,9375.348744315948,9414.4,9185,9282.855,41.10967826446291,NaN,NaN
1525780800,9329.101872157975,9329.101872157975,9060.54,9149.37,36.18723098986553,NaN,NaN
1525802400,9239.235936078989,9271,9080,9168.8775,37.36752553043152,NaN,NaN
1525824000,9204.056718039494,9204.056718039494,8965,9103,35.01234509030354,NaN,NaN
1525845600,9153.528359019747,9272,9025,9156.2825,38.39441144667253,NaN,NaN
1525867200,9154.905429509872,9390,9154.905429509872,9302.692500000001,46.61563028186367,NaN,NaN
1525888800,9228.798964754937,9361.14,9228.798964754937,9307.0325,46.84208828909468,NaN,NaN
1525910400,9267.915732377467,9376,9267.915732377467,9319.22,47.51539826683727,NaN,NaN
1525932000,9293.567866188732,9395.12,9260,9327.28,47.98462630847064,NaN,NaN
1525953600,9310.423933094367,9395,9090,9246.6375,43.76837845009392,NaN,NaN
1525975200,9278.530716547184,9278.530716547184,8970,9075.0975,36.434651409600356,NaN,NaN
1525996800,9176.814108273593,9176.814108273593,8850,8969.05,32.77812962350019,NaN,NaN
1526018400,9072.932054136796,9072.932054136796,8582.5,8798.165,27.916301341819434,NaN,NaN
1526040000,8935.548527068398,8935.548527068398,8462,8582.494999999999,23.232648940969185,NaN,NaN
1526061600,8759.021763534198,8759.021763534198,8341,8504.5,21.807702934291925,NaN,NaN
1526083200,8631.760881767099,8631.760881767099,8254.7,8353.517500000002,19.335421761936033,NaN,NaN
1526104800,8492.63919088355,8588,8153,8385.52,21.37020001437844,NaN,NaN
1526126400,8439.079595441775,8646.88,8250,8448.747500000001,25.375389650750478,NaN,NaN
1526148000,8443.913547720887,8540.11,8296.12,8419.267500000002,24.742560173771153,NaN,NaN
1526169600,8431.590523860445,8524,8298,8416.11,24.671590682010205,NaN,NaN
1526191200,8423.850261930223,8610,8361.13,8473.2825,28.66164369487933,NaN,NaN
1526212800,8448.566380965112,8700.96,8448.566380965112,8577.7375,35.394735157180136,NaN,NaN
1526234400,8513.151940482556,8763.36,8513.151940482556,8634.2675,38.76324646293109,NaN,NaN
1526256000,8573.709720241277,8709.93,8277,8508.945,34.472106599465235,NaN,NaN
1526277600,8541.327360120638,8541.327360120638,8303,8383.7875,30.804526721779226,NaN,NaN
1526299200,8462.557430060318,8823.99,8300,8571.5925,40.955868505733456,NaN,NaN
1526320800,8517.074965030159,8879.99,8517.074965030159,8719.61,47.493888176472794,NaN,NaN
1526342400,8618.34248251508,8762.46,8611,8689.715,46.3769180826576,NaN,NaN
1526364000,8654.02874125754,8859.99,8640.96,8745.7425,48.80689774081249,NaN,NaN
1526385600,8699.885620628771,8793.84,8456,8639.305,44.66589941287506,NaN,NaN
1526407200,8669.595310314386,8669.595310314386,8401.3,8498.752499999999,39.85688777725286,NaN,NaN
1526428800,8584.173905157193,8584.173905157193,8083.01,8308.2525,34.44394194104365,NaN,NaN
1526450400,8446.213202578598,8446.213202578598,8155,8281.9675,33.762601933965044,NaN,NaN
1526472000,8364.090351289298,8387,8109.73,8280.435,33.72072016000888,NaN,NaN
1526493600,8322.262675644648,8352.19,8205,8290.2975,34.285683634015996,NaN,NaN
1526515200,8306.280087822324,8464,8250,8348.75,37.676432703164295,NaN,NaN
1526536800,8327.515043911162,8365.67,8200,8303.412499999999,36.119683148134996,NaN,NaN
1526558400,8315.46377195558,8354,8211,8276.3725,35.18588867193519,NaN,NaN
1526580000,8295.91813597779,8295.91813597779,7979,8132.3325,30.64147238507489,NaN,NaN
1526601600,8214.125317988895,8214.125317988895,7911.9,8011.3425,27.43607015005132,NaN,NaN
1526623200,8112.733908994447,8172.05,7955.24,8064.5650000000005,30.86231364942158,NaN,NaN
1526644800,8088.649454497224,8151,8030,8098.01,33.00309724719553,NaN,NaN
1526666400,8093.3297272486125,8273.21,8075,8172.254999999999,37.62072524266735,NaN,NaN
1526688000,8132.792363624306,8256.99,8132.792363624306,8215.64,40.21384122161295,NaN,NaN
1526709600,8174.216181812153,8372.86,8095.73,8265.3675,43.13188728544096,NaN,NaN
1526731200,8219.791840906077,8390.8,8219.791840906077,8330.4075,46.78997050860343,NaN,NaN
1526752800,8275.099670453037,8325.57,8165,8255.02,43.31221792463001,NaN,NaN
1526774400,8265.059835226519,8295,8163.9,8236.815,42.49088782069257,NaN,NaN
1526796000,8250.937417613259,8386,8223.17,8301.762499999999,46.39622999460668,NaN,NaN
1526817600,8276.34995880663,8548,8276.34995880663,8427.47,53.04294039341479,NaN,NaN
1526839200,8351.909979403314,8609,8351.909979403314,8536.744999999999,57.92678090031728,NaN,NaN
1526860800,8444.327489701656,8556.54,8441.58,8510.022500000001,56.38243229737416,NaN,NaN
1526882400,8477.17499485083,8595.31,8419.61,8499.805,55.770194206917466,NaN,NaN
1526904000,8488.489997425415,8505.2,8350,8423.545,51.29332668335749,NaN,NaN
1526925600,8456.017498712707,8456.017498712707,8305,8376.0825,48.67446955392848,NaN,NaN
1526947200,8416.049999356354,8416.049999356354,8251.23,8331.325,46.27509445601791,NaN,NaN
1526968800,8373.687499678177,8373.687499678177,8191.41,8262.24,42.77045448428245,NaN,NaN
1526990400,8317.963749839088,8317.963749839088,8145,8205.505000000001,40.08550895858964,NaN,NaN
1527012000,8261.734374919544,8261.734374919544,7935.11,8089.5375,35.218792991424635,NaN,NaN
1527033600,8175.635937459772,8175.635937459772,7860,7945.265,30.291568926291163,NaN,NaN
1527055200,8060.450468729887,8060.450468729887,7783,7870.61,28.10075328880697,NaN,NaN
1527076800,7965.530234364944,7965.530234364944,7425,7674.945,23.336829106786027,NaN,NaN
1527098400,7820.237617182472,7820.237617182472,7425,7520.712500000001,20.400911371131002,NaN,NaN
1527120000,7670.475058591236,7730.73,7496.09,7604.29,25.84518043362843,NaN,NaN
1527141600,7637.382529295618,7697.39,7266.99,7503.352499999999,23.733888742928187,NaN,NaN
1527163200,7570.367514647809,7589,7268,7432.8375,22.359694320110876,NaN,NaN
1527184800,7501.602507323904,7640.79,7462.91,7547.7675,29.522248187874553,NaN,NaN
1527206400,7524.685003661953,7647.79,7503.93,7588.18,31.901207795796736,NaN,NaN
1527228000,7556.432501830976,7649.55,7308.15,7510.92,29.828267807022044,NaN,NaN
1527249600,7533.676250915489,7542.99,7407.11,7459.48,28.500380553703877,NaN,NaN
1527271200,7496.578125457744,7505,7344.35,7433.5425,27.82767966523872,NaN,NaN
1527292800,7465.060312728872,7469,7357.4,7429.7474999999995,27.724568785587607,NaN,NaN
1527314400,7447.403906364436,7620,7405,7496.9825,32.49678658549122,NaN,NaN
1527336000,7472.193203182218,7560,7462.2,7524.7875,34.42510756065978,NaN,NaN
1527357600,7498.490351591109,7620,7300,7450.5575,31.812390244100158,NaN,NaN
1527379200,7474.5239257955545,7474.5239257955545,7231.11,7298.39,27.247134768768007,NaN,NaN
1527400800,7386.456962897777,7394.4,7240,7312.6725,28.287369732816003,NaN,NaN
1527422400,7349.564731448889,7367.98,7274.05,7334.0075,29.899773718102765,NaN,NaN
1527444000,7341.786115724444,7400,7255,7338.494999999999,30.25498591946173,NaN,NaN
1527465600,7340.140557862222,7437,7159.1,7280.1675,28.25116717649263,NaN,NaN
1527487200,7310.154028931111,7310.154028931111,7165,7198.719999999999,25.69226892292049,NaN,NaN
1527508800,7254.437014465555,7300,7148.16,7218.2525000000005,27.39079822397295,NaN,NaN
1527530400,7236.344757232778,7246.45,7058.02,7157.8675,25.453723867154793,NaN,NaN
1527552000,7197.1061286163895,7197.1061286163895,7032.95,7086.2699999999995,23.345582240104292,NaN,NaN
1527573600,7141.688064308195,7483.78,7070,7260.105,36.99069662776223,NaN,NaN
1527595200,7200.896532154097,7536.2,7200.896532154097,7459.6,48.35296112983891,NaN,NaN
1527616800,7330.248266077049,7540,7330.248266077049,7479.602500000001,49.339394020128,NaN,NaN
1527638400,7404.925383038525,7569,7404.925383038525,7494.4,50.098710178316985,NaN,NaN
1527660000,7449.662691519263,7548,7418,7495.782499999999,50.17385015671217,NaN,NaN
1527681600,7472.722595759631,7549,7260.5,7413.9525,45.77979750448731,NaN,NaN
1527703200,7443.337547879815,7443.337547879815,7288,7347,42.5002197347125,NaN,NaN
1527724800,7395.168773939908,7519.56,7327.51,7432.1525,47.63800059122298,NaN,NaN
1527746400,7413.660636969954,7600.18,7413.660636969954,7528.360000000001,52.77252612000868,NaN,NaN
1527768000,7471.010318484978,7699,7471.010318484978,7576.5375,55.144551406526105,NaN,NaN
1527789600,7523.773909242489,7613.77,7420.23,7527.137500000001,52.24685979718639,NaN,NaN
1527811200,7525.455704621245,7538,7454.35,7491.84,50.21638914103158,NaN,NaN
1527832800,7508.6478523106225,7608.55,7361.39,7455.3324999999995,48.13285336206526,NaN,NaN
1527854400,7481.990176155311,7481.990176155311,7355.54,7402.77,45.22348878174543,NaN,NaN
1527876000,7442.380088077656,7540,7388.03,7470.5075,49.46289230793718,NaN,NaN
1527897600,7456.443794038828,7539,7437,7507.2475,51.648706092721085,NaN,NaN
1527919200,7481.845647019414,7695.17,7465.53,7586,56.03795807863892,NaN,NaN
1527940800,7533.922823509707,7697.33,7533.922823509707,7645.0925,59.0424373746597,NaN,NaN
1527962400,7589.507661754853,7672,7589.507661754853,7640.51,58.70736491002763,NaN,NaN
1527984000,7615.008830877427,7676.12,7600,7641.9825,58.78829919122354,NaN,NaN
1528005600,7628.495665438713,7786.69,7628.495665438713,7699.135,61.90896525641215,NaN,NaN
1528027200,7663.815332719357,7750.26,7663.815332719357,7707.5025000000005,62.358372762478915,NaN,NaN
1528048800,7685.658916359678,7729,7636.21,7693.865,61.09324475843429,NaN,NaN
1528070400,7689.761958179839,7760.52,7608.39,7685.7925000000005,60.313216814889195,NaN,NaN
1528092000,7687.777229089919,7687.777229089919,7484.25,7577.3150000000005,50.90707703533722,NaN,NaN
1528113600,7632.54611454496,7632.54611454496,7446.5,7491.602499999999,44.94291599995047,NaN,NaN
1528135200,7562.07430727248,7562.07430727248,7459,7492.545,45.01919485659225,NaN,NaN
1528156800,7527.30965363624,7527.30965363624,7367.83,7449.432499999999,42.14297121297533,NaN,NaN
1528178400,7488.371076818119,7488.371076818119,7382.12,7425.25,40.57698694046478,NaN,NaN
1528200000,7456.8105384090595,7679.49,7358,7519.9275,48.62589204482595,NaN,NaN
1528221600,7488.36901920453,7650,7488.36901920453,7616.3325,55.26975779890982,NaN,NaN
1528243200,7552.350759602265,7647.77,7552.350759602265,7611.4,54.878707477639644,NaN,NaN
1528264800,7581.875379801132,7690.52,7568.53,7623.3875,55.69906689695599,NaN,NaN
1528286400,7602.631439900566,7680,7488.01,7575.0275,51.62154770397446,NaN,NaN
1528308000,7588.829469950283,7699,7467.05,7585.49,52.43286172363017,NaN,NaN
1528329600,7587.159734975141,7765,7587.159734975141,7695.9075,60.04777708691883,NaN,NaN
1528351200,7641.53361748757,7742,7641.53361748757,7703.464999999999,60.51371628447474,NaN,NaN
1528372800,7672.499308743785,7740.9,7651.21,7696.535,59.82473277283211,NaN,NaN
1528394400,7684.5171543718925,7718,7620,7682.025,58.32730536352731,NaN,NaN
1528416000,7683.271077185946,7703.5,7596,7656.012500000001,55.63861561944166,NaN,NaN
1528437600,7669.641788592973,7669.641788592973,7536,7595.137499999999,49.84760168672708,NaN,NaN
1528459200,7632.389644296486,7668,7531,7602.2474999999995,50.4956935731356,NaN,NaN
1528480800,7617.318572148242,7664.43,7595,7628.345,52.90152773533406,NaN,NaN
1528502400,7622.831786074121,7683.98,7601.22,7635.5725,53.57443280913296,NaN,NaN
1528524000,7629.2021430370605,7682.08,7610.98,7645.43,54.52865207319653,NaN,NaN
1528545600,7637.31607151853,7650,7563.3,7611.395,50.65718419801432,NaN,NaN
1528567200,7624.355535759265,7629.94,7450,7542.242499999999,43.845659735828356,NaN,NaN
1528588800,7583.299017879632,7583.299017879632,7252.86,7381.86,32.82245044510081,NaN,NaN
1528610400,7482.579508939816,7482.579508939816,7165.72,7253.512500000001,26.977307189970816,NaN,NaN
1528632000,7368.046004469908,7368.046004469908,6700,6994.41,19.447838014352925,NaN,NaN
1528653600,7181.228002234954,7181.228002234954,6622.81,6742.790000000001,15.053750406166387,NaN,NaN
1528675200,6962.009001117478,6962.009001117478,6669.01,6748.115000000001,15.48893159340092,NaN,NaN
1528696800,6855.062000558739,6855.062000558739,6610,6734.437500000001,15.27250630196582,NaN,NaN
1528718400,6794.74975027937,6794.74975027937,6634.77,6722.745000000001,15.078537841835299,NaN,NaN
1528740000,6758.747375139686,6922,6657.75,6789.4125,21.222053051265718,NaN,NaN
1528761600,6774.0799375698425,6890.51,6770.63,6841.885,25.77361101556616,NaN,NaN
1528783200,6807.982468784921,6872.68,6800,6836.47,25.60917294939979,NaN,NaN
1528804800,6822.226234392461,6834.01,6681,6764.8150000000005,23.474838713102628,NaN,NaN
1528826400,6793.520617196231,6793.520617196231,6435,6601.71,19.492487188721057,NaN,NaN
1528848000,6697.615308598115,6697.615308598115,6501.01,6555.595,18.535091784407797,NaN,NaN
1528869600,6626.605154299057,6626.605154299057,6333,6480.362500000001,17.062711189763675,NaN,NaN
1528891200,6553.483827149529,6553.483827149529,6118.68,6342.570000000001,14.751377312077636,NaN,NaN
1528912800,6448.026913574765,6448.026913574765,6219,6300.085,14.116434811150071,NaN,NaN
1528934400,6374.0559567873825,6523.69,6260,6385.4975,21.43770574574063,NaN,NaN
1528956000,6379.776728393692,6556.77,6379.776728393692,6498.6075,29.95353402353686,NaN,NaN
1528977600,6439.192114196846,6654.76,6275.16,6517.5225,31.294731735652306,NaN,NaN
1528999200,6478.357307098423,6720,6478.357307098423,6637.6325,39.24927980379098,NaN,NaN
1529020800,6557.994903549212,6644.98,6525.01,6593.1849999999995,37.51818769124112,NaN,NaN
1529042400,6575.589951774606,6666.66,6445,6550.6425,35.88670517334717,NaN,NaN
1529064000,6563.116225887303,6620,6468.59,6538.3725,35.40845646405188,NaN,NaN
1529085600,6550.744362943651,6557.89,6362.31,6460.880000000001,32.46575926118115,NaN,NaN
1529107200,6505.812181471826,6505.812181471826,6370,6419.780000000001,30.994497284698824,NaN,NaN
1529128800,6462.796090735914,6511.5,6419.1,6458.355,34.01685759937662,NaN,NaN
1529150400,6460.575545367957,6560,6320.86,6463.185,34.40426152665846,NaN,NaN
1529172000,6461.880272683979,6550.85,6461.880272683979,6504.2225,37.74851501349413,NaN,NaN
1529193600,6483.051386341989,6551.52,6480.99,6507.0025000000005,37.97919480311316,NaN,NaN
1529215200,6495.026943170995,6589.03,6490,6525.01,39.54200726561046,NaN,NaN
1529236800,6510.0184715854975,6529.54,6435,6493.540000000001,37.7516747823499,NaN,NaN
1529258400,6501.779235792749,6560,6422,6482.4375,37.11324573359043,NaN,NaN
1529280000,6492.108367896375,6492.108367896375,6380,6428.6875,34.10612308598034,NaN,NaN
1529301600,6460.3979339481875,6500,6385,6431.625,34.41886437879231,NaN,NaN
1529323200,6446.011466974094,6794.38,6401.42,6585.8575,48.29466949624658,NaN,NaN
1529344800,6515.934483487047,6750,6515.934483487047,6714.8675,56.571855159434705,NaN,NaN
1529366400,6615.400991743523,6730,6615.400991743523,6699.4725,55.431487447512175,NaN,NaN
1529388000,6657.436745871762,6779.6,6657.436745871762,6717.6775,56.546963610657926,NaN,NaN
1529409600,6687.557122935881,6841.74,6653,6734.4625,57.60063894055737,NaN,NaN
1529431200,6711.00981146794,6751,6682.33,6722.885,56.581486467180085,NaN,NaN
1529452800,6716.94740573397,6745.06,6551.81,6656.062500000001,50.97533806478571,NaN,NaN
1529474400,6686.504952866986,6686.504952866986,6587,6616.200000000001,47.92479607866346,NaN,NaN
1529496000,6651.352476433493,6817.23,6572,6691.772500000001,53.59461527575894,NaN,NaN
1529517600,6671.562488216747,6771.5,6671.562488216747,6748.2875,57.335620308894505,NaN,NaN
1529539200,6709.9249941083735,6795,6709.9249941083735,6757.16,57.90930462268414,NaN,NaN
1529560800,6733.542497054186,6779.69,6680,6734.325000000001,55.82862985601002,NaN,NaN
1529582400,6733.9337485270935,6740.94,6672.57,6711.8724999999995,53.78244546052647,NaN,NaN
1529604000,6722.9031242635465,6748,6690.67,6715.3725,54.06507582934186,NaN,NaN
1529625600,6719.137812131774,6733.97,6600,6675.415,50.28447576973429,NaN,NaN
1529647200,6697.2764060658865,6697.2764060658865,6272.94,6482.6175,36.88287988428949,NaN,NaN
1529668800,6589.946953032943,6589.946953032943,6070.61,6231.095,26.834833647682004,NaN,NaN
1529690400,6410.520976516472,6410.520976516472,5918.94,6086.2125,22.955422077834655,NaN,NaN
1529712000,6248.366738258235,6248.366738258235,6031.7,6078.475,22.766132966877095,NaN,NaN
1529733600,6163.420869129118,6163.420869129118,6008.48,6091.1025,23.869450981474316,NaN,NaN
1529755200,6127.261684564559,6140.07,6049,6111.2675,25.694930261011734,NaN,NaN
1529776800,6119.264592282279,6260,6105,6161.245,30.164398050947696,NaN,NaN
1529798400,6140.25479614114,6180.24,5811,6001.7475,24.996828682923265,NaN,NaN
1529820000,6071.001148070571,6071.001148070571,5777.77,5867.45,21.63585946288778,NaN,NaN
1529841600,5969.225574035285,6259.8,5750,6022.450000000001,32.8568188048698,NaN,NaN
1529863200,5995.837787017643,6200,5995.837787017643,6150.7375,40.456328153491725,NaN,NaN
1529884800,6073.287643508822,6188,6073.287643508822,6143.889999999999,40.19481947592899,NaN,NaN
1529906400,6108.588821754411,6239.73,6108.588821754411,6191.3724999999995,42.94873817464587,NaN,NaN
1529928000,6149.980660877205,6350,6061.97,6229,45.105956028213576,NaN,NaN
1529949600,6189.4903304386025,6300.02,6189.4903304386025,6254.9575,46.60586360782701,NaN,NaN
1529971200,6222.2239152193015,6266.47,6180,6231.615,45.40441136674536,NaN,NaN
1530014400,6226.919457609651,6247.6,6121.05,6195.015,43.510421530820125,NaN,NaN
1530036000,6210.967228804826,6272.54,6035,6140.492499999999,40.78131682422774,NaN,NaN
1530057600,6175.729864402412,6175.729864402412,6001,6064.2074999999995,37.25990570012774,NaN,NaN
1530079200,6119.968682201206,6141.8,6055.08,6091.389999999999,39.27213930932575,NaN,NaN
1530100800,6105.679341100603,6164.99,5971,6087,39.05428720764307,NaN,NaN
1530122400,6096.339670550302,6190.43,6096.339670550302,6138.0575,43.01367086060174,NaN,NaN
1530144000,6117.198585275151,6173.01,6069.91,6123.16,42.15316633518532,NaN,NaN
1530165600,6120.179292637576,6137.36,6082.01,6110.272500000001,41.38191277883437,NaN,NaN
1530187200,6115.225896318789,6136.27,6060.59,6102.860000000001,40.91818400958451,NaN,NaN
1530208800,6109.042948159395,6114.34,5827,5975.745,33.90207218983154,NaN,NaN
1530230400,6042.393974079698,6042.393974079698,5780,5879.0025000000005,29.724702971386037,NaN,NaN
1530252000,5960.698237039849,5960.698237039849,5840.14,5889.19,30.69317618516132,NaN,NaN
1530273600,5924.944118519925,5924.944118519925,5811.02,5874.782499999999,30.062202269493525,NaN,NaN
1530295200,5899.863309259962,6300,5868,6065.977499999999,45.94361573689379,NaN,NaN
1530316800,5982.92040462998,6528.99,5982.92040462998,6326.985,59.473111266760725,NaN,NaN
1530338400,6154.952702314989,6427.6,6154.952702314989,6397.25,62.21485259329576,NaN,NaN
1530360000,6276.101351157495,6466.75,6276.101351157495,6381.43,61.21078426064273,NaN,NaN
1530381600,6328.7656755787475,6423,6301.01,6362.7225,59.97808886162677,NaN,NaN
1530403200,6345.744087789373,6441.06,6315,6384.014999999999,60.942208868305585,NaN,NaN
1530424800,6364.879543894686,6410,6330,6377.445,60.45824581191039,NaN,NaN
1530446400,6371.1622719473435,6389.37,6251,6339.3825,57.60417587512738,NaN,NaN
1530468000,6355.272385973672,6429.99,6302,6355.31,58.48730654720806,NaN,NaN
1530489600,6355.291192986836,6369,6280.11,6325.7575,56.150169116606435,NaN,NaN
1530511200,6340.524346493417,6381.33,6271.62,6322.514999999999,55.8862940337361,NaN,NaN
1530532800,6331.519673246708,6679.71,6325.88,6491.8975,65.1102699517883,NaN,NaN
1530554400,6411.708586623354,6685,6411.708586623354,6629.285,70.49856242808504,NaN,NaN
1530576000,6520.496793311677,6679.35,6520.496793311677,6629.4875,70.50579266904019,NaN,NaN
1530597600,6574.992146655839,6649.99,6519.99,6593.3724999999995,67.33618594068892,NaN,NaN
1530619200,6584.182323327919,6599,6545.02,6576.6025,65.85570069952573,NaN,NaN
1530640800,6580.392411663959,6655,6463.01,6553.805,63.80203868576091,NaN,NaN
1530662400,6567.09870583198,6567.09870583198,6441.11,6489.6025,58.28922546773956,NaN,NaN
1530684000,6528.35060291599,6600,6455.2,6518.462500000001,59.96385981317563,NaN,NaN
1530705600,6523.406551457995,6784.92,6523.406551457995,6631.8775000000005,65.7785777007696,NaN,NaN
1530727200,6577.642025728997,6706.99,6555,6630.495,65.65340402018045,NaN,NaN
1530748800,6604.068512864498,6712,6510,6603.0475,63.08662673719456,NaN,NaN
1530770400,6603.558006432249,6689,6551,6614.827499999999,63.74181214052922,NaN,NaN
1530792000,6609.192753216124,6673.79,6530.28,6594.8225,61.73775875180151,NaN,NaN
1530813600,6602.007626608062,6602.007626608062,6453.33,6533.1275,55.900649387634424,NaN,NaN
1530835200,6567.567563304031,6567.567563304031,6480.45,6514.41,54.22557651419029,NaN,NaN
1530856800,6540.988781652015,6548,6425,6498.6375,52.79006581521866,NaN,NaN
1530878400,6519.813140826007,6648.54,6519.813140826007,6574.7225,58.49771713201108,NaN,NaN
1530900000,6547.267820413003,6630,6512.46,6587.5599999999995,59.38984032707411,NaN,NaN
1530921600,6567.413910206502,6618.8,6561.01,6596.897499999999,60.062306840145844,NaN,NaN
1530943200,6582.1557051032505,6600,6555,6584.4475,58.66736541615681,NaN,NaN
1530964800,6583.301602551625,6614,6511.44,6564.535,56.41075296386165,NaN,NaN
1530986400,6573.918301275813,6818.16,6508.88,6657.615,63.48181773817377,NaN,NaN
1531008000,6615.766650637906,6780,6615.766650637906,6741.9025,68.46978765558023,NaN,NaN
1531029600,6678.834575318953,6745.49,6678.834575318953,6732.1,67.31817776296842,NaN,NaN
1531051200,6705.467287659477,6778.73,6705.467287659477,6746.6725,68.17512677922191,NaN,NaN
1531072800,6726.069893829738,6774.85,6667.44,6728.145,65.81234544631982,NaN,NaN
1531094400,6727.10744691487,6729.18,6677.31,6706.4,63.0504146211452,NaN,NaN
1531116000,6716.753723457435,6752.62,6657.02,6708.665000000001,63.2235432108149,NaN,NaN
1531137600,6712.709361728717,6745,6660,6704.5075,62.64333638080264,NaN,NaN
1531159200,6708.6084308643585,6802.06,6612.24,6693.1025,60.98981788432854,NaN,NaN
1531180800,6700.85546543218,6700.85546543218,6606.11,6642.005,54.09982063530822,NaN,NaN
1531202400,6671.430232716089,6671.430232716089,6327,6482.080000000001,39.180897352028246,NaN,NaN
1531224000,6576.755116358045,6576.755116358045,6325.99,6367.6075,32.3121570304711,NaN,NaN
1531245600,6472.181308179022,6472.181308179022,6263,6332.5225,30.54472032855236,NaN,NaN
1531267200,6402.351904089512,6402.351904089512,6278.99,6329.455,30.388214371109143,NaN,NaN
1531288800,6365.903452044756,6406,6280,6350.7225,32.953224987930724,NaN,NaN
1531310400,6358.312976022378,6391.91,6322.09,6359.0025,33.97328254649595,NaN,NaN
1531332000,6358.6577380111885,6381.08,6282.83,6347.26,33.201804818111356,NaN,NaN
1531353600,6352.958869005594,6380.28,6300.18,6346.875,33.17520465273779,NaN,NaN
1531375200,6349.916934502797,6349.916934502797,6135,6239.6849999999995,26.749550369640716,NaN,NaN
1531396800,6294.800967251398,6294.800967251398,6152,6173.405,23.693591194472674,NaN,NaN
1531418400,6234.1029836256985,6274.44,6070,6192.8875,26.356831744077667,NaN,NaN
1531440000,6213.495241812849,6350,6213.495241812849,6265.602499999999,35.41691471794989,NaN,NaN
1531461600,6239.548870906424,6260,6211.58,6241.0475,33.90020440116132,NaN,NaN
1531483200,6240.298185453212,6295,6232.06,6262.9800000000005,36.51533643455758,NaN,NaN
1531504800,6251.639092726606,6347.38,6110,6236.5650000000005,34.73302624939744,NaN,NaN
1531526400,6244.102046363303,6280,6191.78,6226.759999999999,34.068304079265374,NaN,NaN
1531548000,6235.431023181651,6245,6178,6220.710000000001,33.64049268535592,NaN,NaN
1531569600,6228.070511590826,6274.41,6220,6248.82,37.563597045982085,NaN,NaN
1531591200,6238.445255795413,6335,6205,6264.227499999999,39.668943874004505,NaN,NaN
1531612800,6251.3363778977055,6293.15,6225.4,6264.317499999999,39.68173855927127,NaN,NaN
1531634400,6257.826938948852,6395,6257.826938948852,6326.07,47.853416751924485,NaN,NaN
1531656000,6291.948469474426,6395,6291.948469474426,6363.7425,52.115410329304964,NaN,NaN
1531677600,6327.845484737213,6388,6327.845484737213,6364.0025000000005,52.14448083288403,NaN,NaN
1531699200,6345.923992368607,6383.85,6330.4,6358.8725,51.48039025920534,NaN,NaN
1531720800,6352.398246184304,6670,6352.398246184304,6508.3975,65.33721104665015,NaN,NaN
1531742400,6430.397873092152,6714.96,6430.397873092152,6649.2675,73.12458273413516,NaN,NaN
1531764000,6539.832686546076,6747.3,6539.832686546076,6694.307499999999,75.05427510608463,NaN,NaN
1531785600,6617.070093273038,6754.99,6617.070093273038,6709.56,75.69082209978562,NaN,NaN
1531807200,6663.315046636519,6734.99,6652.04,6687.637500000001,72.81482858273947,NaN,NaN
1531828800,6675.47627331826,7270.53,6667.72,6948.740000000001,81.72254025624159,NaN,NaN
1531850400,6812.10813665913,7468.99,6812.10813665913,7286.9974999999995,87.45667449725966,NaN,NaN
1531872000,7049.552818329565,7550,7049.552818329565,7408.0199999999995,88.8093974524559,NaN,NaN
1531893600,7228.7864091647825,7477.91,7228.7864091647825,7415.21,88.88608251729092,NaN,NaN
1531915200,7321.998204582391,7531.3,7321.998204582391,7453.68,89.308249357987,NaN,NaN
1531936800,7387.839102291196,7588.08,7225.38,7425.09,86.67326077063572,NaN,NaN
1531958400,7406.464551145598,7406.464551145598,7270,7341.129999999999,79.27598566267152,NaN,NaN
1531980000,7373.797275572799,7440.48,7291.37,7370.23,79.91578921647321,NaN,NaN
1532001600,7372.013637786399,7521.86,7352,7428.8475,81.17643650427215,NaN,NaN
1532023200,7400.4305688932,7576.28,7400.4305688932,7467.192499999999,81.97354121630431,NaN,NaN
1532044800,7433.8115344466,7479.82,7367,7433.2475,78.79263466887268,NaN,NaN
1532066400,7433.5295172233,7517.86,7336.66,7444.7125,79.0877963278813,NaN,NaN
1532088000,7439.12100861165,7700,7273.12,7451.445,79.27025069432554,NaN,NaN
1532109600,7445.283004305825,7445.283004305825,7273,7332.2975,67.96828402248644,NaN,NaN
1532131200,7388.790252152912,7388.790252152912,7211,7303.9125,65.56980283683126,NaN,NaN
1532152800,7346.351376076456,7359.63,7288.22,7322.745,66.41656013634164,NaN,NaN
1532174400,7334.548188038229,7433.73,7297.44,7364.959999999999,68.2986513976829,NaN,NaN
1532196000,7349.754094019114,7458.47,7349.754094019114,7415.0325,70.41644224528989,NaN,NaN
1532217600,7382.3932970095575,7487.49,7339,7409.5425,69.86534921815917,NaN,NaN
1532239200,7395.9678985047785,7469.99,7370.1,7424.7,70.55062723827942,NaN,NaN
1532260800,7410.333949252389,7555,7410.333949252389,7483.23,73.094938600579,NaN,NaN
1532282400,7446.781974626194,7582.4,7335.5,7454.5975,69.91281933576343,NaN,NaN
1532304000,7450.689737313097,7710,7375,7533.5425,73.35683420329396,NaN,NaN
1532325600,7492.116118656548,7790,7492.116118656548,7696.2075,78.75349573098325,NaN,NaN
1532347200,7594.161809328274,7758,7594.161809328274,7714.73,79.26844147660519,NaN,NaN
1532368800,7654.445904664137,7833,7638.8,7731.93,79.75903160278294,NaN,NaN
1532390400,7693.187952332069,8043.23,7693.187952332069,7861.717499999999,83.0235734081373,NaN,NaN
1532412000,7777.452726166033,8280,7777.452726166033,8115.237499999999,87.32418988895334,NaN,NaN
1532433600,7946.345113083016,8371.93,7946.345113083016,8248.195,88.91079914150625,NaN,NaN
1532455200,8097.270056541508,8486,8097.270056541508,8328.26,89.74335633294349,NaN,NaN
1532476800,8212.765028270755,8491.77,8212.765028270755,8404.1275,90.4732449242501,NaN,NaN
1532498400,8308.446264135378,8439.9,8137.01,8297.75,81.69467547478105,NaN,NaN
1532520000,8303.09813206769,8303.09813206769,8050,8147.6675,71.19832511590779,NaN,NaN
1532541600,8225.382816033845,8337.6,8071.94,8178.469999999999,71.99364483960898,NaN,NaN
1532563200,8201.926408016923,8264.73,8169.26,8201.495,72.60266365012168,NaN,NaN
1532584800,8201.710704008463,8315.69,8193.03,8239.247500000001,73.61575711026066,NaN,NaN
1532606400,8220.479102004232,8260,8180,8228.65,72.80194055852664,NaN,NaN
1532628000,8224.564551002117,8299.08,7850.06,8072.1125,61.91403179375854,NaN,NaN
1532649600,8148.338525501058,8148.338525501058,7861.04,7918.205,53.450033408118415,NaN,NaN
1532671200,8033.271762750529,8033.271762750529,7885.77,7938.87,54.35236278743581,NaN,NaN
1532692800,7986.070881375264,8244.43,7805,8040.495,58.60220464824243,NaN,NaN
1532714400,8013.282940687632,8285,8013.282940687632,8194.875,64.07409455763812,NaN,NaN
1532736000,8104.078970343816,8235.33,8104.078970343816,8186,63.554020517556374,NaN,NaN
1532757600,8145.039485171908,8225.01,8145,8184.1050000000005,63.43562331371908,NaN,NaN
1532779200,8164.572242585955,8218,8067,8163.19,62.06141235114933,NaN,NaN
1532800800,8163.881121292978,8246.54,8150,8201.395,63.61209959042952,NaN,NaN
1532822400,8182.638060646489,8294.51,8180,8227.405,64.67082037281615,NaN,NaN
1532844000,8205.021530323245,8219.23,8115,8178.552500000001,61.0763989918134,NaN,NaN
1532865600,8191.787015161623,8242.42,8152,8189.790000000001,61.605041901205716,NaN,NaN
1532887200,8190.788507580812,8278.78,8170.72,8214.35,62.79436926680073,NaN,NaN
1532908800,8202.569253790407,8273,8070,8185.692499999999,60.441712370956836,NaN,NaN
1532930400,8194.130876895204,8194.130876895204,8125,8165.1175,58.74010698156926,NaN,NaN
1532952000,8179.624188447602,8211.74,7885,8040.585,49.632296070067675,NaN,NaN
1532973600,8110.1045942238015,8200,7866,8037.620000000001,49.43575779387254,NaN,NaN
1532995200,8073.862297111901,8180,8073.862297111901,8144.6,56.1784466979034,NaN,NaN
1533016800,8109.231148555951,8155.97,7927,8051.99,49.96674422437125,NaN,NaN
1533038400,8080.6105742779755,8080.6105742779755,7656.74,7836.362499999999,39.12056094074697,NaN,NaN
1533060000,7958.486537138988,7958.486537138988,7633,7717.255,34.64674628913332,NaN,NaN
1533081600,7837.8707685694935,7837.8707685694935,7464.81,7619.855,31.4766931284055,NaN,NaN
1533103200,7728.8628842847465,7728.8628842847465,7515.58,7567.43,29.891382896073992,NaN,NaN
1533124800,7648.146442142373,7648.146442142373,7530,7569.037499999999,30.00778802263413,NaN,NaN
1533146400,7608.591971071186,7636.69,7430,7552.8150000000005,29.47590113686823,NaN,NaN
1533168000,7580.703485535593,7709.46,7580.703485535593,7641,36.10582008762009,NaN,NaN
1533189600,7610.851742767796,7699,7544.13,7615.035,35.060692166161346,NaN,NaN
1533211200,7612.943371383898,7612.943371383898,7455.72,7530.095,31.816183540456947,NaN,NaN
1533232800,7571.519185691949,7575,7477,7520.6825,31.468660090645727,NaN,NaN
1533254400,7546.1008428459745,7546.1008428459745,7282.44,7415.514999999999,27.81315396735023,NaN,NaN
1533276000,7480.807921422987,7480.807921422987,7307.1,7354.485,25.930677194794256,NaN,NaN
1533297600,7417.646460711494,7540,7341.41,7442.335,32.96414667921833,NaN,NaN
1533319200,7429.990730355747,7531.13,7358,7458.9775,34.2381390037518,NaN,NaN
1533340800,7444.484115177873,7494.81,7386.46,7433.385,33.19344097610748,NaN,NaN
1533362400,7438.9345575889365,7482.65,7375.26,7424.15,32.804465287489776,NaN,NaN
1533384000,7431.542278794468,7431.542278794468,6926,7177.555,24.53626930017981,NaN,NaN
1533405600,7304.548639397234,7304.548639397234,6960,7001.3025,20.549548774517746,NaN,NaN
1533427200,7152.9255696986165,7152.9255696986165,6884,6977.6275,20.077638664387706,NaN,NaN
1533448800,7065.2765348493085,7089.87,6932,7008.282499999999,22.557527525102813,NaN,NaN
1533470400,7036.779517424654,7069.98,6882.29,6990.305,22.123976948012995,NaN,NaN
1533492000,7013.542258712327,7079.79,6965.78,7013.7474999999995,24.170633687922717,NaN,NaN
1533513600,7013.644879356163,7160,7013.644879356163,7073.464999999999,29.270121235177356,NaN,NaN
1533535200,7043.554939678081,7114.14,6913.37,7024.13,27.617721371856376,NaN,NaN
1533556800,7033.842469839041,7033.842469839041,6861.06,6938.775,24.989254834012755,NaN,NaN
1533578400,6986.30873491952,6986.30873491952,6821,6908.4575,24.111471311743983,NaN,NaN
1533600000,6947.38311745976,6990.53,6902.19,6940.702499999999,27.04664019250464,NaN,NaN
1533621600,6944.04280872988,7120,6920.97,7016.012500000001,33.51447628082134,NaN,NaN
1533643200,6980.02765436494,7150.46,6980.02765436494,7100.74,39.96338638591864,NaN,NaN
1533664800,7040.38382718247,7119.01,6670,6905.52,32.21081833479373,NaN,NaN
1533686400,6972.951913591235,6972.951913591235,6392.62,6592.7775,24.13372720381564,NaN,NaN
1533708000,6782.864706795617,6782.864706795617,6430,6509.905,22.522080130280344,NaN,NaN
1533729600,6646.384853397809,6646.384853397809,6188,6364.2525,19.994792703018746,NaN,NaN
1533751200,6505.318676698904,6505.318676698904,6123,6249.875,18.261798813948374,NaN,NaN
1533772800,6377.596838349452,6388,6265,6320.25,22.701112757223925,NaN,NaN
1533794400,6348.9234191747255,6366.99,6268,6322.6325,22.853870807985686,NaN,NaN
1533816000,6335.777959587363,6550,6178.6,6378.820000000001,26.54083028563268,NaN,NaN
1533837600,6357.298979793682,6622.81,6357.298979793682,6518.3675,34.86661043286824,NaN,NaN
1533859200,6437.833239896841,6575.88,6352,6471.362499999999,33.48972689015601,NaN,NaN
1533880800,6454.59786994842,6476.19,6299.82,6382.672500000001,31.00205423376697,NaN,NaN
1533902400,6418.6351849742105,6527.39,6310,6395.9349999999995,31.81767608363404,NaN,NaN
1533924000,6407.285092487105,6423.28,6026.39,6253.0075,27.97916713726724,NaN,NaN
1533945600,6330.146296243553,6330.146296243553,5971,6098.0675,24.5250543322485,NaN,NaN
1533967200,6214.106898121776,6214.106898121776,6046.53,6104.9,24.9649671167996,NaN,NaN
1533988800,6159.503449060888,6488,6059.7,6272.59,34.98141020637294,NaN,NaN
1534010400,6216.046724530444,6454.04,6210.2,6333.717500000001,38.21897672983337,NaN,NaN
1534032000,6274.8821122652225,6370,6130,6265.7325,36.06786606102654,NaN,NaN
1534053600,6270.307306132611,6374.29,6266,6332.469999999999,39.658267347166465,NaN,NaN
1534075200,6301.388653066306,6370.2,6188,6300.8375,38.553091796168076,NaN,NaN
1534096800,6301.113076533153,6472.3,6211.13,6322.182500000001,39.77274931363101,NaN,NaN
1534118400,6311.647788266577,6377,6295.36,6327.347500000001,40.08266900509306,NaN,NaN
1534140000,6319.497644133289,6545,6319.3,6408.1625,44.86348247545611,NaN,NaN
1534161600,6363.830072066645,6480,6145.04,6323.1025,41.142496247816325,NaN,NaN
1534183200,6343.466286033323,6343.466286033323,6186.84,6239.0525,37.80577272932465,NaN,NaN
1534204800,6291.259393016661,6291.259393016661,5880,6085.325000000001,32.59834071237921,NaN,NaN
1534226400,6188.2921965083315,6188.2921965083315,5933,5993.1425,29.935565208380936,NaN,NaN
1534248000,6090.717348254166,6164.52,5977.5,6041.4575,33.02357865236918,NaN,NaN
1534269600,6066.087424127083,6219.44,6015,6112.129999999999,37.37173446011708,NaN,NaN
1534291200,6089.108712063541,6374.28,6089.108712063541,6256.63,45.20473673689859,NaN,NaN
1534312800,6172.869356031771,6451.32,6172.869356031771,6340.264999999999,49.167551695426155,NaN,NaN
1534334400,6256.567178015885,6609,6256.567178015885,6460.5775,54.28895841023749,NaN,NaN
1534356000,6358.572339007942,6588.07,6222.22,6410.055,51.92321010246906,NaN,NaN
1534377600,6384.313669503971,6384.313669503971,6205.6,6273.139999999999,46.06483195075983,NaN,NaN
1534399200,6328.726834751986,6480,6267,6366.895,50.207744422380976,NaN,NaN
1534420800,6347.810917375993,6476.01,6277,6399.2375,51.589208934929715,NaN,NaN
1534442400,6373.524208687997,6442.99,6228,6347.965,49.25610754665999,NaN,NaN
1534464000,6360.744604343999,6525.15,6285.4,6390.2675,51.2163737271239,NaN,NaN
1534485600,6375.506052171999,6555.03,6375.506052171999,6458.6975,54.292365731784386,NaN,NaN
1534507200,6417.1017760859995,6562.72,6417.1017760859995,6490.0875,55.67309333329757,NaN,NaN
1534528800,6453.594638043,6585,6450.5,6532,57.518353219354445,NaN,NaN
1534550400,6492.7973190215,6620,6461,6544.5675,58.08183821442181,NaN,NaN
1534572000,6518.6824095107495,6533,6444,6498.51,55.19250728838081,NaN,NaN
1534593600,6508.596204755375,6515.5,6288,6410.5075,50.0675247824805,NaN,NaN
1534615200,6459.551852377687,6459.551852377687,6317.61,6369.6125,47.84420715284053,NaN,NaN
1534636800,6414.582176188844,6414.582176188844,6300,6363.1025,47.482733570700695,NaN,NaN
1534658400,6388.842338094422,6450.12,6341,6398.19,49.689040462470544,NaN,NaN
1534680000,6393.5161690472105,6469.32,6329,6395.98,49.5478474733911,NaN,NaN
1534701600,6394.748084523605,6541,6337.04,6427.5425,51.66045529299963,NaN,NaN
1534723200,6411.145292261803,6530,6411.145292261803,6479.08,54.97575117745971,NaN,NaN
1534744800,6445.112646130901,6483,6378,6443.2275,52.28909763195961,NaN,NaN
1534766400,6444.17007306545,6500,6385.3,6450.282499999999,52.77813928051859,NaN,NaN
1534788000,6447.226286532725,6479,6220,6356.01,45.993900200442155,NaN,NaN
1534809600,6401.6181432663625,6401.6181432663625,6235.08,6286.5225,41.73538822147551,NaN,NaN
1534831200,6344.070321633181,6490,6318,6389.285,49.2229100265181,NaN,NaN
1534852800,6366.677660816591,6458.55,6365,6418.0425,51.116125369108886,NaN,NaN
1534874400,6392.360080408295,6500,6392.360080408295,6449.3724999999995,53.164915463304666,NaN,NaN
1534896000,6420.866290204147,6882.54,6420.866290204147,6619.13,62.36815310762171,NaN,NaN
1534917600,6519.998145102074,6707.4,6519.998145102074,6671.105,64.65802087823425,NaN,NaN
1534939200,6595.551572551037,6689,6384.3,6547.6825,55.95138751359949,NaN,NaN
1534960800,6571.617036275518,6571.617036275518,6251.2,6383.2074999999995,46.88993673421458,NaN,NaN
1534982400,6477.412268137759,6477.412268137759,6342.28,6396.6025,47.63375326971623,NaN,NaN
1535004000,6437.00738406888,6449,6389.35,6418.880000000001,48.91516709391399,NaN,NaN
1535025600,6427.943692034441,6494.26,6390.02,6437.389999999999,50.00974816059264,NaN,NaN
1535047200,6432.66684601722,6576.99,6360,6479.83,52.521663997373366,NaN,NaN
1535068800,6456.24842300861,6538.06,6456.24842300861,6514.025000000001,54.50525841819407,NaN,NaN
1535090400,6485.136711504305,6573,6485.136711504305,6532.1975,55.56767103396539,NaN,NaN
1535112000,6508.667105752153,6630,6440.5,6547.8725,56.51105490136696,NaN,NaN
1535133600,6528.269802876077,6725,6528.269802876077,6641.6825,61.745791755176015,NaN,NaN
1535155200,6584.976151438039,6789,6584.976151438039,6717.8225,65.38744098024043,NaN,NaN
1535176800,6651.3993257190195,6726.52,6650.61,6700.8975,63.93054748238023,NaN,NaN
1535198400,6676.148412859509,6757.31,6663.03,6711.3525,64.45736849183902,NaN,NaN
1535220000,6693.750456429754,6770,6686.56,6728.7975,65.36634667822207,NaN,NaN
1535241600,6711.2739782148765,6775.27,6577,6668.639999999999,59.69667972668719,NaN,NaN
1535263200,6689.956989107438,6720,6568,6643.852500000001,57.48419922493233,NaN,NaN
1535284800,6666.90474455372,6743.27,6627.16,6680.3575,59.84455786654582,NaN,NaN
1535306400,6673.63112227686,6725,6644.96,6680.9875,59.885948020894254,NaN,NaN
1535328000,6677.30931113843,6737.78,6646.5,6700.0925,61.19230438419972,NaN,NaN
1535349600,6688.700905569214,6733.49,6685,6711.895,62.015277671226855,NaN,NaN
1535371200,6700.297952784607,6768.28,6680,6725.825000000001,63.01226002137113,NaN,NaN
1535392800,6713.061476392304,6940.51,6710.2,6825.3375,69.22624512636847,NaN,NaN
1535414400,6769.199488196152,6943.1,6769.199488196152,6904.2425,73.08710779914682,NaN,NaN
1535436000,6836.720994098076,7050,6836.720994098076,6972.655000000001,75.90919714004852,NaN,NaN
1535457600,6904.687997049038,7091,6904.687997049038,7034.23,78.1318706026684,NaN,NaN
1535479200,6969.458998524518,7135,6969.458998524518,7071.1050000000005,79.36000600099048,NaN,NaN
1535500800,7020.281999262259,7089.99,7006.05,7058.262500000001,77.72286662905734,NaN,NaN
1535522400,7039.27224963113,7133.81,7039.27224963113,7080.7025,78.55532290872134,NaN,NaN
1535544000,7059.987374815565,7118.72,6912.34,7035.3325,72.64465694704276,NaN,NaN
1535565600,7047.659937407783,7070,6976,7024.370000000001,71.2496730819924,NaN,NaN
1535587200,7036.014968703892,7063.63,6956.24,7004.895,68.72484495721517,NaN,NaN
1535608800,7020.454984351946,7020.454984351946,6839.5,6920.535,58.97571333230659,NaN,NaN
1535630400,6970.494992175973,6970.494992175973,6811,6864.4425,53.53742132375934,NaN,NaN
1535652000,6917.468746087987,6998.15,6784.81,6908.7775,56.918871489815395,NaN,NaN
1535673600,6913.1231230439935,7023,6913.1231230439935,6983.880000000001,61.96825439957251,NaN,NaN
1535695200,6948.501561521997,7011.25,6934.09,6979.4375,61.509005981301954,NaN,NaN
1535716800,6963.969530760998,7079,6888,6995.8475,62.611268316580585,NaN,NaN
1535738400,6979.908515380499,7089,6979.908515380499,7035.335,65.19420156621885,NaN,NaN
1535760000,7007.621757690249,7079,7007.621757690249,7036.487499999999,65.26961488047023,NaN,NaN
1535781600,7022.054628845124,7113.62,7022.054628845124,7065.91,67.22215575747869,NaN,NaN
1535803200,7043.982314422562,7225,7031,7130.4125,71.0629922199702,NaN,NaN
1535824800,7087.197407211281,7275,7087.197407211281,7208.8825,74.9141094608371,NaN,NaN
1535846400,7148.03995360564,7242,7127,7201.0575,73.85851029122327,NaN,NaN
1535868000,7174.54872680282,7345.45,7174.54872680282,7253.7775,76.28325612070888,NaN,NaN
1535889600,7214.16311340141,7316.08,7174.47,7254.9225,76.33459714849093,NaN,NaN
1535911200,7234.542806700705,7333.33,7234.542806700705,7292.695,78.02464976896681,NaN,NaN
1535932800,7263.618903350352,7325,7191.63,7260.9075,73.28171372338511,NaN,NaN
1535954400,7262.263201675176,7275,7213.25,7234.967500000001,69.56544353843155,NaN,NaN
1535976000,7248.615350837588,7308,7225,7261.4025,71.16998365280242,NaN,NaN
1535997600,7255.008925418794,7338.28,7225.89,7278.2975,72.17949717835903,NaN,NaN
1536019200,7266.653212709397,7297.09,7227.17,7265.897500000001,70.23560246841055,NaN,NaN
1536040800,7266.275356354699,7349,7266.275356354699,7311.355,73.09610651264292,NaN,NaN
1536062400,7288.8151781773495,7410,7288.8151781773495,7369.2225,76.22811510476434,NaN,NaN
1536084000,7329.018839088674,7409.9,7329.018839088674,7373.14,76.42817497679373,NaN,NaN
1536105600,7351.079419544338,7394.98,7351.079419544338,7372.942499999999,76.3932694462574,NaN,NaN
1536127200,7362.0109597721685,7397.3,6909,7170.235000000001,50.76604841542192,NaN,NaN
1536148800,7266.122979886084,7266.122979886084,6851,6951.21,36.513124417346056,NaN,NaN
1536170400,7108.666489943042,7108.666489943042,6682,6823.2474999999995,31.031523453892618,NaN,NaN
1536192000,6965.9569949715205,6965.9569949715205,6313.23,6534.59,22.7386098098696,NaN,NaN
1536213600,6750.27349748576,6750.27349748576,6265,6380.9375,19.71791708250022,NaN,NaN
1536235200,6565.60549874288,6565.60549874288,6362.5,6421.9775,22.672715151855712,NaN,NaN
1536256800,6493.79149937144,6544,6359,6452.014999999999,24.85274973808508,NaN,NaN
1536278400,6472.90324968572,6544,6465,6509.3099999999995,28.96644213064377,NaN,NaN
1536300000,6491.10662484286,6536,6320,6433.7675,26.877319263735174,NaN,NaN
1536321600,6462.43706242143,6480,6350,6404.8425,26.10108278314921,NaN,NaN
1536343200,6433.639781210715,6460,6380.01,6414.477500000001,26.858845002023813,NaN,NaN
1536364800,6424.058640605358,6459,6390.73,6421.97,27.481579500085317,NaN,NaN
1536386400,6423.014320302679,6478,6418.03,6442.1325,29.227827613762514,NaN,NaN
1536408000,6432.573410151339,6434.11,6165.58,6310.2575,24.989304478817232,NaN,NaN
1536429600,6371.415455075669,6371.415455075669,6111,6180.845,21.668486734138128,NaN,NaN
1536451200,6276.130227537835,6276.130227537835,6141.53,6178.1925,21.605112713984155,NaN,NaN
1536472800,6227.161363768917,6441,6176.88,6293.9575,31.079241623630296,NaN,NaN
1536494400,6260.559431884459,6436,6260.559431884459,6385.9400000000005,37.53841802665908,NaN,NaN
1536516000,6323.249715942229,6400,6211,6309.345,34.6281296332061,NaN,NaN
1536537600,6316.297357971114,6373.98,6246.39,6294.1625,34.06437766296095,NaN,NaN
1536559200,6305.229928985557,6346.81,6245,6302.2075,34.67129636490357,NaN,NaN
1536580800,6303.718714492779,6346.99,6221,6285.275,33.96271051854427,NaN,NaN
1536602400,6294.4968572463895,6321.8,6241.15,6283.764999999999,33.89618110261405,NaN,NaN
1536624000,6289.130928623194,6404,6289,6336.084999999999,38.39890455123016,NaN,NaN
1536645600,6312.607964311597,6361.29,6250,6308.6,36.974088213171164,NaN,NaN
1536667200,6310.603982155799,6310.603982155799,6169.68,6249.435,34.04552937550572,NaN,NaN
1536688800,6280.019491077899,6323.41,6186.7,6262.1725,35.23485784651028,NaN,NaN
1536710400,6271.09599553895,6305.05,6218,6273.6375,36.347480053074065,NaN,NaN
1536732000,6272.366747769474,6285,6192.37,6249.389999999999,34.978839543941646,NaN,NaN
1536753600,6260.878373884737,6318.99,6243.76,6274.3775000000005,37.58697900535589,NaN,NaN
1536775200,6267.627936942368,6360,6267.627936942368,6318.035,41.96695932450814,NaN,NaN
1536796800,6292.831468471184,6439,6292.831468471184,6372.847499999999,46.99627375494492,NaN,NaN
1536818400,6332.839484235592,6488.48,6332.839484235592,6426.37,51.423214399370465,NaN,NaN
1536840000,6379.6047421177955,6535,6379.6047421177955,6484.9925,55.7796573225208,NaN,NaN
1536861600,6432.298621058898,6519,6411.02,6479.6125,55.28959726669876,NaN,NaN
1536883200,6455.955560529449,6584.99,6454.68,6518.885,58.17807135561568,NaN,NaN
1536904800,6487.420280264725,6583.89,6385.62,6494.32,55.75184111480912,NaN,NaN
1536926400,6490.870140132362,6523.21,6426.01,6468.3425,53.22402390965453,NaN,NaN
1536948000,6479.606320066181,6545.63,6449.38,6484.4075,54.59508675386303,NaN,NaN
1536969600,6482.006910033091,6527.79,6473.3,6492.1925,55.27916685710607,NaN,NaN
1536991200,6487.099705016546,6559.35,6466.13,6510.290000000001,56.90463810750389,NaN,NaN
1537012800,6498.6948525082735,6565.45,6498.6948525082735,6537.6925,59.31593156310831,NaN,NaN
1537034400,6518.193676254137,6549.97,6470.42,6520.842500000001,57.1966694308379,NaN,NaN
1537056000,6519.518088127069,6524.62,6370,6469.182500000001,51.16142163063712,NaN,NaN
1537077600,6494.350294063535,6520,6443.58,6482.522499999999,52.55365873926495,NaN,NaN
1537099200,6488.436397031767,6511,6409.74,6473.1175,51.44028440332448,NaN,NaN
1537120800,6480.776948515884,6517,6473.99,6492.4974999999995,53.620713501012105,NaN,NaN
1537142400,6486.637224257942,6533.84,6462.98,6494.9800000000005,53.90622805498086,NaN,NaN
1537164000,6490.808612128971,6510,6417.51,6471.62,50.74081841648575,NaN,NaN
1537185600,6481.214306064485,6481.214306064485,6225,6367.514999999999,39.584927411989895,NaN,NaN
1537207200,6424.364653032242,6424.364653032242,6201,6266.445,32.1862715632775,NaN,NaN
1537228800,6345.404826516121,6345.404826516121,6224.98,6259.245000000001,31.73127779467717,NaN,NaN
1537250400,6302.32491325806,6302.32491325806,6234.44,6273.789999999999,33.76816726406854,NaN,NaN
1537272000,6288.05745662903,6390,6267,6317.0625,39.54707732370629,NaN,NaN
1537293600,6302.559978314515,6368.99,6280,6326.845,40.804525859168585,NaN,NaN
1537315200,6314.702489157258,6369,6305,6340.6825,42.622578303005646,NaN,NaN
1537336800,6327.692494578629,6369.04,6257.29,6316.262500000001,40.27190238609642,NaN,NaN
1537358400,6321.977497289315,6348.48,6252.17,6303.1575,39.027947023968935,NaN,NaN
1537380000,6312.5674986446575,6517.7,6123,6338.9775,44.1096869267037,NaN,NaN
1537401600,6325.772499322329,6427.96,6325.772499322329,6395.999999999999,51.09717272989179,NaN,NaN
1537423200,6360.886249661164,6440,6360.886249661164,6408.12,52.457695074005684,NaN,NaN
1537444800,6384.503124830582,6449,6384.503124830582,6416.135,53.38136510502153,NaN,NaN
1537466400,6400.319062415291,6540,6325,6439.2474999999995,56.034024065553744,NaN,NaN
1537488000,6419.783281207645,6579,6419.783281207645,6524.4625,64.13666124146957,NaN,NaN
1537509600,6472.122890603822,6770,6472.122890603822,6644.6975,71.98248897997935,NaN,NaN
1537531200,6558.410195301911,6779.01,6558.410195301911,6722.6449999999995,75.69479155384164,NaN,NaN
1537552800,6640.527597650955,6784.86,6640.527597650955,6732.505,76.12571838431452,NaN,NaN
1537574400,6686.516298825478,6839.03,6686.516298825478,6763.865000000001,77.49254788089837,NaN,NaN
1537596000,6725.19064941274,6744.84,6627,6695.025,68.25478849140762,NaN,NaN
1537617600,6710.10782470637,6714.65,6648.23,6678.0025,66.15471415497257,NaN,NaN
1537639200,6694.055162353185,6760,6640,6702.0125,67.66589316289998,NaN,NaN
1537660800,6698.033831176592,6745.55,6683,6720.174999999999,68.80072214407333,NaN,NaN
1537682400,6709.1044155882955,6788.23,6702.8,6741.844999999999,70.14697269743446,NaN,NaN
1537704000,6725.474707794147,6755.48,6661.75,6713.2725,66.09713163460928,NaN,NaN
1537725600,6719.373603897074,6725,6670,6697.9,63.95767895693114,NaN,NaN
1537747200,6708.636801948536,6730,6670.8,6698.842500000001,64.03454370123634,NaN,NaN
1537768800,6703.739650974268,6703.739650974268,6563.14,6630.295,54.86939433547347,NaN,NaN
1537790400,6667.017325487134,6667.017325487134,6573,6613.525,52.87548362437848,NaN,NaN
1537812000,6640.271162743567,6666,6557,6613.6025,52.884004755193175,NaN,NaN
1537833600,6626.936831371784,6626.936831371784,6403,6508.98,41.8756992693628,NaN,NaN
1537855200,6567.958415685892,6567.958415685892,6367,6429.135,35.7581377483623,NaN,NaN
1537876800,6498.5467078429465,6498.5467078429465,6356,6402.5199999999995,33.976348225039516,NaN,NaN
1537898400,6450.5333539214735,6450.5333539214735,6325.02,6402.432500000001,33.97035517558517,NaN,NaN
1537920000,6426.482926960737,6476.87,6379.7,6437.1275000000005,38.59539648490243,NaN,NaN
1537941600,6431.805213480369,6532.57,6415,6480.7474999999995,43.9144134308025,NaN,NaN
1537963200,6456.276356740184,6557.99,6455.22,6519.5725,48.21424314750441,NaN,NaN
1537984800,6487.924428370092,6545.32,6430,6494.219999999999,45.74783715215934,NaN,NaN
1538006400,6491.072214185046,6530,6465,6484.78,44.828283217498424,NaN,NaN
1538028000,6487.926107092522,6513.63,6434,6478.445,44.18640211581073,NaN,NaN
1538049600,6483.185553546261,6540,6483.185553546261,6505.5875,47.645362214684255,NaN,NaN
1538071200,6494.386526773131,6750,6494.386526773131,6614.46,58.70128715872004,NaN,NaN
1538092800,6554.423263386565,6736.4,6554.423263386565,6706.505,65.36121163972457,NaN,NaN
1538114400,6630.464131693283,6814.8,6580,6693.245,63.765886548130105,NaN,NaN
1538136000,6661.854565846641,6695.86,6582,6647.965,58.51376551113478,NaN,NaN
1538157600,6654.909782923321,6700,6540.88,6632.932500000001,56.839942884115544,NaN,NaN
1538179200,6643.92114146166,6643.92114146166,6477.3,6563,49.71514393926895,NaN,NaN
1538200800,6603.46057073083,6620,6464.57,6544.275,47.980882114146176,NaN,NaN
1538222400,6573.867785365415,6609.92,6541.14,6582.255,51.66399108770653,NaN,NaN
1538244000,6578.061392682708,6636,6577.13,6600.6275000000005,53.3834419467668,NaN,NaN
1538265600,6589.344446341354,6607.43,6542.48,6577.9,50.96806338997465,NaN,NaN
1538287200,6583.622223170677,6662,6564.02,6604.7375,53.63576242346782,NaN,NaN
1538308800,6594.179861585339,6660.54,6585.94,6625.1449999999995,55.61337990195075,NaN,NaN
1538330400,6609.662430792669,6650,6533,6607.6925,53.511262853268995,NaN,NaN
1538352000,6608.677465396335,6667.09,6608.677465396335,6634.095,56.20803424727809,NaN,NaN
1538373600,6621.386232698167,6644.88,6558.09,6606.7725,52.79493652722288,NaN,NaN
1538395200,6614.079366349084,6616.03,6510,6577.82,49.37360261633384,NaN,NaN
1538416800,6595.949683174542,6630,6563.45,6598.825,51.813384020579086,NaN,NaN
1538438400,6597.387341587271,6640,6584.17,6612.634999999999,53.40333736923943,NaN,NaN
1538460000,6605.011170793636,6623.33,6560,6593.7925,50.933919534867414,NaN,NaN
1538481600,6599.401835396818,6600,6494,6552.5275,45.92542322724073,NaN,NaN
1538503200,6575.964667698408,6586,6510.08,6540.967500000001,44.60224706821109,NaN,NaN
1538524800,6558.466083849205,6558.466083849205,6430,6493.700000000001,39.58070087337088,NaN,NaN
1538546400,6526.083041924603,6526.083041924603,6448,6481.132500000001,38.34459457909011,NaN,NaN
1538568000,6503.607770962302,6545.01,6463.49,6503.905000000001,41.88618415529772,NaN,NaN
1538589600,6503.7563854811515,6538.88,6450.73,6502.65,41.74387346781343,NaN,NaN
1538611200,6503.203192740575,6643.46,6503.203192740575,6561.64,50.292695661049024,NaN,NaN
1538632800,6532.421596370288,6627.83,6532.421596370288,6587.9800000000005,53.56907425626357,NaN,NaN
1538654400,6560.200798185144,6610.55,6560.200798185144,6585.33,53.18922409942257,NaN,NaN
1538676000,6572.765399092572,6621.49,6557,6592.0825,54.08269005356533,NaN,NaN
1538697600,6582.423949546286,6632.98,6543.08,6587.8775000000005,53.399167661091354,NaN,NaN
1538719200,6585.150724773143,6610,6567.21,6587.0575,53.25781293765723,NaN,NaN
1538740800,6586.104112386572,6614.98,6576.47,6591.2775,53.93365140787008,NaN,NaN
1538762400,6588.690806193286,6697,6575,6622.93,58.751193491161686,NaN,NaN
1538784000,6605.810403096643,6651,6584.22,6621.635,58.481724786666035,NaN,NaN
1538805600,6613.722701548322,6634.15,6570,6602.5,54.5037552902724,NaN,NaN
1538827200,6608.111350774161,6608.111350774161,6566.77,6590.645,52.1375643358882,NaN,NaN
1538848800,6599.378175387081,6606,6582.63,6595.882500000001,53.106168306751094,NaN,NaN
1538870400,6597.630337693541,6609.83,6586.52,6597.37,53.39464114510001,NaN,NaN
1538892000,6597.500168846771,6599.94,6525,6569.405,47.481040804146446,NaN,NaN
1538913600,6583.452584423385,6597.7,6545.75,6572.1325,48.08496450322677,NaN,NaN
1538935200,6577.792542211692,6640,6577.792542211692,6606.085000000001,55.01900953649663,NaN,NaN
1538956800,6591.938771105846,6628.63,6590,6606.8125,55.15721715444537,NaN,NaN
1538978400,6599.375635552923,6666.66,6587,6623.7,58.355915833140955,NaN,NaN
1539000000,6611.537817776461,6715.6,6611.537817776461,6669.8475,65.58104966897378,NaN,NaN
1539021600,6640.692658888231,6705,6640.692658888231,6676.76,66.51812394116996,NaN,NaN
1539043200,6658.726329444115,6685.38,6646,6668.2675,64.20535246869854,NaN,NaN
1539064800,6663.496914722058,6680.7,6630.89,6655.5675,60.800838301287186,NaN,NaN
1539086400,6659.53220736103,6659.53220736103,6607,6638.360000000001,56.43440712825881,NaN,NaN
1539108000,6648.946103680515,6674.94,6643.86,6656.3550000000005,59.694292691296546,NaN,NaN
1539129600,6652.650551840257,6659.95,6542.1,6603.43,48.25722333894581,NaN,NaN
1539151200,6628.040275920129,6628.040275920129,6530,6570.4974999999995,42.76644836127475,NaN,NaN
1539172800,6599.268887960065,6619,6582,6599.89,48.40860451070509,NaN,NaN
1539194400,6599.579443980032,6646.2,6599.579443980032,6622.575000000001,52.315722704941855,NaN,NaN
1539216000,6611.077221990016,6633.92,6256.55,6460.92,33.086404373508,NaN,NaN
1539237600,6535.998610995008,6535.998610995008,6258.96,6297.1675,23.616732188598107,NaN,NaN
1539259200,6416.583055497504,6416.583055497504,6219.17,6287.549999999999,23.196806435549718,NaN,NaN
1539280800,6352.0665277487515,6352.0665277487515,6205,6274.4175,22.605733324726955,NaN,NaN
1539302400,6313.2420138743755,6328.21,6209,6277.23,23.057908583982226,NaN,NaN
1539324000,6295.236006937188,6360,6295.236006937188,6321.0975,29.933981639509483,NaN,NaN
1539345600,6308.166753468594,6355,6300,6317.714999999999,29.713481111323517,NaN,NaN
1539367200,6312.940876734297,6328.7,6278,6302.77,28.707290752673316,NaN,NaN
1539388800,6307.855438367149,6330.57,6285.07,6306.21,29.30074692177088,NaN,NaN
1539410400,6307.032719183575,6338.99,6304.39,6320.4574999999995,31.83173824423983,NaN,NaN
1539432000,6313.745109591788,6345,6304,6325.3075,32.7147840608889,NaN,NaN
1539453600,6319.526304795894,6341.56,6301.05,6325.5175,32.75540225932669,NaN,NaN
1539475200,6322.521902397947,6416,6320,6361.162499999999,39.43827582955642,NaN,NaN
1539496800,6341.842201198973,6395.33,6341.842201198973,6369.355,40.8922372428725,NaN,NaN
1539518400,6355.598600599486,6403.42,6355.598600599486,6377.84,42.43373460400412,NaN,NaN
1539540000,6366.719300299743,6410.8,6308,6361.7825,40.29217698139805,NaN,NaN
1539561600,6364.250900149871,6750,6300,6522.335,61.314808708148576,NaN,NaN
1539583200,6443.292950074936,7680,6443.292950074936,7014.045,82.100697622395,NaN,NaN
1539604800,6728.668975037468,6999,6728.668975037468,6926.1175,74.40213544434452,NaN,NaN
1539626400,6827.393237518734,6900,6650,6795.125,64.67265102598678,NaN,NaN
1539648000,6811.259118759367,6870,6690.35,6793.742499999999,64.57667042434565,NaN,NaN
1539669600,6802.500809379683,6900,6732.22,6823.0599999999995,65.7379133740321,NaN,NaN
1539691200,6812.780404689842,6812.780404689842,6670,6744.34,60.045971921493056,NaN,NaN
1539712800,6778.560202344921,6785.02,6701.05,6739.215,59.6836510438421,NaN,NaN
1539734400,6758.887601172461,6811.12,6733.67,6766.910000000001,61.051360823944584,NaN,NaN
1539756000,6762.89880058623,6780.06,6676.01,6735.81,58.64539009580066,NaN,NaN
1539777600,6749.354400293116,6761.04,6700.01,6734.365,58.529974242982476,NaN,NaN
1539799200,6741.859700146558,6754.53,6710,6738.2125,58.76268551767304,NaN,NaN
1539820800,6740.036100073279,6796,6717.48,6746.375,59.284685113819144,NaN,NaN
1539842400,6743.20555003664,6745.96,6701.13,6723.9925,57.148424959808175,NaN,NaN
1539864000,6733.59902501832,6733.59902501832,6611.95,6673.9525,52.58619897167148,NaN,NaN
1539885600,6703.77576250916,6703.77576250916,6567,6623.76,48.411481302394,NaN,NaN
1539907200,6663.76788125458,6663.76788125458,6583,6609.5275,47.2656311176228,NaN,NaN
1539928800,6636.64769062729,6636.64769062729,6581,6593.282499999999,45.92936452538394,NaN,NaN
1539950400,6614.965095313644,6614.965095313644,6551.02,6575.2475,44.427667645932154,NaN,NaN
1539972000,6595.106297656823,6595.106297656823,6523,6549.2,42.277672424997924,NaN,NaN
1539993600,6572.153148828411,6572.153148828411,6505.55,6535.785,41.17257312591964,NaN,NaN
1540015200,6553.969074414205,6605,6551.48,6576.985,45.853698308129324,NaN,NaN
1540036800,6565.4770372071025,6617.65,6565.4770372071025,6591.0975,47.39776488706824,NaN,NaN
1540058400,6578.287268603552,6599.27,6562.04,6582.764999999999,46.55363959124928,NaN,NaN
1540080000,6580.5261343017755,6663.9,6580.5261343017755,6612.08,49.932018777680206,NaN,NaN
1540101600,6596.303067150888,6640,6596.303067150888,6621.4675,51.00016235337048,NaN,NaN
1540123200,6608.885283575444,6658.05,6608.885283575444,6630.6425,52.076282731883175,NaN,NaN
1540144800,6619.763891787722,6632.74,6580,6608.5650000000005,49.27216426520987,NaN,NaN
1540166400,6614.164445893861,6632.92,6555.42,6600.275,48.22215692807706,NaN,NaN
1540188000,6607.21972294693,6639,6569.58,6606.2275,49.06155113538006,NaN,NaN
1540209600,6606.723611473465,6606.723611473465,6535.27,6575.3675,44.98949004864572,NaN,NaN
1540231200,6591.045555736733,6591.045555736733,6551.28,6574.6425,44.89521433532184,NaN,NaN
1540252800,6582.8440278683665,6595,6565.6,6581.797500000001,46.095731106626765,NaN,NaN
1540274400,6582.320763934184,6588.32,6515.45,6557.32,42.67080026446428,NaN,NaN
1540296000,6569.820381967092,6584.98,6533.44,6554.679999999999,42.305700510305776,NaN,NaN
1540317600,6562.2501909835455,6590.6,6541.01,6560.405000000001,43.43595810883745,NaN,NaN
1540339200,6561.3275954917735,6630,6547.53,6586.5325,48.40381598262871,NaN,NaN
1540360800,6573.930047745887,6622,6573.930047745887,6607.36,52.02125780881029,NaN,NaN
1540382400,6590.645023872943,6620.11,6574.61,6597.5175,50.22903591274408,NaN,NaN
1540404000,6594.0812619364715,6596.88,6555,6578.0525,46.79544773381521,NaN,NaN
1540425600,6586.066880968236,6586.066880968236,6502.8,6545.9275,41.72586595838363,NaN,NaN
1540447200,6565.997190484118,6565.997190484118,6531.65,6544.165,41.46048268141002,NaN,NaN
1540468800,6555.081095242059,6570,6541,6550.932499999999,42.96060585494656,NaN,NaN
1540490400,6553.006797621028,6563.82,6528,6541.2575,41.329994280924666,NaN,NaN
1540512000,6547.132148810514,6547.47,6523.19,6534.3225,40.15351609455598,NaN,NaN
1540533600,6540.727324405258,6600,6520,6553.950000000001,44.93130059792652,NaN,NaN
1540555200,6547.338662202629,6560.79,6515.01,6544.592500000001,43.16212762838572,NaN,NaN
1540576800,6545.9655811013145,6553.08,6526.23,6541.5225,42.569902025082136,NaN,NaN
1540598400,6543.744040550657,6558.35,6534.46,6543.924999999999,43.226410582416726,NaN,NaN
1540620000,6543.834520275328,6557.99,6533,6542.725,42.96223647515296,NaN,NaN
1540641600,6543.279760137664,6543.279760137664,6463.04,6508.8275,36.22710849331092,NaN,NaN
1540663200,6526.053630068833,6526.053630068833,6481.96,6499.3825,34.59950779218926,NaN,NaN
1540684800,6512.718065034416,6514,6493.8,6506.8475,37.008357275146864,NaN,NaN
1540706400,6509.782782517208,6514,6477.32,6499.625,35.64057864132941,NaN,NaN
1540728000,6504.703891258604,6514.17,6475,6492.725,34.33501087205504,NaN,NaN
1540749600,6498.714445629303,6505,6453,6484.110000000001,32.72324515439476,NaN,NaN
1540771200,6491.412222814652,6505.01,6479.27,6492.71,35.955279111143724,NaN,NaN
1540792800,6492.061111407325,6502.68,6390,6454.68,29.26088978448074,NaN,NaN
1540814400,6473.370555703663,6473.370555703663,6315,6381.39,21.1054687964633,NaN,NaN
1540836000,6427.380277851831,6427.380277851831,6317,6345.025,18.369672137360965,NaN,NaN
1540857600,6386.202638925915,6395,6340.37,6362.42,23.479344106005698,NaN,NaN
1540879200,6374.311319462958,6387.99,6330,6361.2975,23.377651597315804,NaN,NaN
1540900800,6367.804409731479,6376.81,6337,6354.025,22.69191671028109,NaN,NaN
1540922400,6360.91470486574,6360.91470486574,6317.01,6334.400000000001,20.90949854538036,NaN,NaN
1540944000,6347.6573524328705,6347.6573524328705,6330,6336.545,21.634048186893367,NaN,NaN
1540965600,6342.101176216435,6342.98,6320,6333.4725,21.332583429786993,NaN,NaN
1540987200,6337.786838108217,6428,6245.02,6341.135,24.170503799558247,NaN,NaN
1541008800,6339.460919054109,6387.28,6339.460919054109,6368.47,33.40065002978564,NaN,NaN
1541030400,6353.965459527055,6377,6352.5,6365.855,32.986983566446796,NaN,NaN
1541052000,6359.910229763527,6400,6359.910229763527,6373.7525,35.58179979764722,NaN,NaN
1541073600,6366.831364881764,6375,6348.66,6366.18,34.213808938782705,NaN,NaN
1541095200,6366.505682440882,6442.65,6363,6397.135,43.7364726818189,NaN,NaN
1541116800,6381.820341220441,6460.34,6381.820341220441,6427.452499999999,51.18877813934778,NaN,NaN
1541138400,6404.636420610221,6433.51,6388.2,6418.382500000001,49.09375637482353,NaN,NaN
1541160000,6411.509460305111,6448,6402,6421.995000000001,49.97199436197676,NaN,NaN
1541181600,6416.752230152556,6445,6416.752230152556,6428.835,51.67208529820535,NaN,NaN
1541203200,6422.793615076278,6439.97,6405.41,6423.2425,50.170862660150824,NaN,NaN
1541224800,6423.018057538139,6423.018057538139,6345,6386.005,41.52088600351521,NaN,NaN
1541246400,6404.51152876907,6404.51152876907,6345.78,6366.545,37.84841737754526,NaN,NaN
1541268000,6385.528264384535,6392.28,6368,6380.7025,41.876268308427626,NaN,NaN
1541289600,6383.115382192267,6389,6359,6376.905,41.10673038460376,NaN,NaN
1541311200,6380.010191096133,6416.6,6370.01,6390.1900000000005,44.92005692314039,NaN,NaN
1541332800,6385.100095548067,6500,6385.100095548067,6442.197499999999,56.73142117801281,NaN,NaN
1541354400,6413.648797774033,6525,6413.648797774033,6484.66,63.595548595995815,NaN,NaN
1541376000,6449.154398887016,6495,6449.154398887016,6477.5725,61.83235227956333,NaN,NaN
1541397600,6463.363449443508,6478.57,6438.9,6459.812499999999,57.52818448870032,NaN,NaN
1541419200,6461.587974721753,6504.39,6447,6464.08,58.279696855596754,NaN,NaN
1541440800,6462.833987360877,6475,6431.02,6456.514999999999,56.37535598142895,NaN,NaN
1541462400,6459.674493680438,6476.44,6445.18,6462.65,57.585757441080865,NaN,NaN
1541484000,6461.162246840218,6514.73,6456,6475.610000000001,60.104024305970185,NaN,NaN
1541505600,6468.3861234201095,6509.8,6468.3861234201095,6485.9175,62.03470240117364,NaN,NaN
1541527200,6477.151811710055,6531.31,6475.6,6505.225,65.41125108450163,NaN,NaN
1541548800,6491.188405855028,6615.15,6491.188405855028,6553.7575,72.12284859316146,NaN,NaN
1541570400,6522.472952927514,6604.99,6522.472952927514,6578.137500000001,74.77118761121827,NaN,NaN
1541592000,6550.305226463757,6592.09,6536,6572.88,73.15715517724387,NaN,NaN
1541613600,6561.592613231878,6588.02,6561.592613231878,6578.452499999999,73.80264718171605,NaN,NaN
1541635200,6570.022556615939,6594,6505,6550.0275,65.1910206605663,NaN,NaN
1541656800,6560.0250283079695,6560.0250283079695,6519.26,6530.0475,59.90022045558472,NaN,NaN
1541678400,6545.036264153985,6560,6471.22,6514.3025,56.040403586600256,NaN,NaN
1541700000,6529.669382076992,6529.669382076992,6468.22,6489.575,50.53312936555234,NaN,NaN
1541721600,6509.622191038496,6509.622191038496,6472.99,6485.8325,49.736462739333795,NaN,NaN
1541743200,6497.727345519248,6511.53,6412.9,6462.072499999999,44.8971014605348,NaN,NaN
1541764800,6479.899922759623,6479.899922759623,6391.01,6424.95,38.58083758714377,NaN,NaN
1541786400,6452.424961379811,6452.424961379811,6391.5,6423.530000000001,38.3585374081711,NaN,NaN
1541808000,6437.977480689906,6472.57,6411,6438.3925,42.117789705627914,NaN,NaN
1541829600,6438.184990344953,6459.33,6426.64,6447.01,44.241115914140316,NaN,NaN
1541851200,6442.597495172477,6475.55,6442.597495172477,6457.012500000001,46.68582000254812,NaN,NaN
1541872800,6449.804997586239,6465,6431.11,6446.3025,44.439128942871925,NaN,NaN
1541894400,6448.05374879312,6449.29,6422.1,6433.797500000001,41.90348968788456,NaN,NaN
1541916000,6440.92562439656,6450,6403.35,6423,39.79221729707616,NaN,NaN
1541937600,6431.9628121982805,6431.9628121982805,6355,6398.5975,35.4455928974204,NaN,NaN
1541959200,6415.28015609914,6462.14,6395.95,6427.187500000001,43.264932370253625,NaN,NaN
1541980800,6421.233828049571,6497,6421.233828049571,6463.055,51.24386940918662,NaN,NaN
1542002400,6442.144414024786,6463.99,6432.7,6448.9974999999995,48.37253374004172,NaN,NaN
1542024000,6445.570957012393,6483.93,6438.79,6452.3625,49.10765031085561,NaN,NaN
1542045600,6448.966728506197,6464.01,6421,6446.5325,47.83676781342177,NaN,NaN
1542067200,6447.749614253098,6472,6391.15,6444.6175,47.40281225187741,NaN,NaN
1542088800,6446.183557126549,6473.63,6426.53,6451.7075,49.23883130342242,NaN,NaN
1542110400,6448.945528563275,6496,6438.98,6466.83,53.00683561326473,NaN,NaN
1542132000,6457.887764281637,6498,6443.65,6471.325,54.097538689099686,NaN,NaN
1542153600,6464.606382140819,6474.92,6451,6464.225,52.0428489751952,NaN,NaN
1542175200,6464.41569107041,6482.84,6340,6418.43,41.17889677990271,NaN,NaN
1542196800,6441.422845535205,6441.422845535205,5829.67,6147.305,17.666114817272657,NaN,NaN
1542218400,6294.363922767603,6294.363922767603,5656.87,5888.224999999999,11.127593270563224,NaN,NaN
1542240000,6091.294461383801,6091.294461383801,5628.27,5806.182500000001,9.88047914828664,NaN,NaN
1542261600,5948.738480691901,5948.738480691901,5540,5664.9825,8.181077759199411,NaN,NaN
1542283200,5806.860490345951,5806.860490345951,5403.42,5606.304999999999,7.596361493377316,NaN,NaN
1542304800,5706.582745172975,5766.52,5581.4,5693.2925,17.060204861818605,NaN,NaN
1542326400,5699.937622586487,5782.89,5671,5723.5375,20.123432610067894,NaN,NaN
1542348000,5711.737561293244,5711.737561293244,5560.05,5654.115,18.439954343074206,NaN,NaN
1542369600,5682.926280646621,5696.9,5640,5667.4475,19.827121989743148,NaN,NaN
1542391200,5675.186890323311,5675.186890323311,5549.25,5634.594999999999,18.970910255670546,NaN,NaN
1542412800,5654.890945161655,5654.890945161655,5565.43,5613.34,18.416779130178938,NaN,NaN
1542434400,5634.115472580827,5646.59,5571,5603.6175,18.15554187204428,NaN,NaN
1542456000,5618.866486290413,5656.6,5585,5616.8150000000005,19.818172549949765,NaN,NaN
1542477600,5617.840743145207,5635,5588.89,5615.4825,19.774493607669527,NaN,NaN
1542499200,5616.6616215726035,5688.84,5616.6616215726035,5654.6975,25.01251176471692,NaN,NaN
1542520800,5635.679560786302,5681.9,5617,5650.344999999999,24.81882188097576,NaN,NaN
1542542400,5643.012280393151,5661.09,5622,5640.725,24.369642546650013,NaN,NaN
1542564000,5641.868640196575,5738.17,5622.9,5668.3375,28.37654886380365,NaN,NaN
1542585600,5655.103070098287,5664,5400,5558.3875,23.1232106751943,NaN,NaN
1542607200,5606.745285049144,5606.745285049144,5251,5400.577499999999,17.978571364353854,NaN,NaN
1542628800,5503.661392524571,5503.661392524571,5067.67,5223.735000000001,14.173100011697485,NaN,NaN
1542650400,5363.698196262286,5363.698196262286,4855,5016.764999999999,11.18825886999592,NaN,NaN
1542672000,5190.231598131142,5190.231598131142,4710,4856.655,9.518281269529624,NaN,NaN
1542693600,5023.443299065571,5023.443299065571,4405,4612.14,7.64224639420442,NaN,NaN
1542715200,4817.791649532786,4977.97,4501.51,4657.7825,11.16213630775934,NaN,NaN
1542736800,4737.787074766393,4769.49,4326,4574.7699999999995,10.386789833539666,NaN,NaN
1542758400,4656.278537383196,4700,4413.85,4544.58,10.111698499379727,NaN,NaN
1542780000,4600.429268691598,4787.2,4487,4600.344999999999,14.610366974140845,NaN,NaN
1542801600,4600.387134345799,4697.96,4506,4598.0025000000005,14.577363294041461,NaN,NaN
1542823200,4599.1948171729,4699.2,4469.84,4597.8225,14.574638857882334,NaN,NaN
1542844800,4598.50865858645,4721.77,4592,4654.8375,19.694345661290043,NaN,NaN
1542866400,4626.673079293225,4646.14,4510.64,4590.04,18.348449822014075,NaN,NaN
1542888000,4608.356539646613,4608.356539646613,4470,4549.7525000000005,17.54559901930898,NaN,NaN
1542909600,4579.054519823307,4580,4335,4463.75,15.941973391912086,NaN,NaN
1542931200,4521.402259911653,4521.402259911653,4222.94,4349.4025,14.097106450165782,NaN,NaN
1542952800,4435.402379955827,4484,4324.58,4388.4825,17.60647218675949,NaN,NaN
1542974400,4411.942439977914,4427.37,4293,4366.1575,17.17481933744,NaN,NaN
1542996000,4389.049969988957,4470,4325.92,4390.8724999999995,19.526976921269195,NaN,NaN
1543017600,4389.961234994478,4527,4387.95,4435.9925,23.782490080141727,NaN,NaN
1543039200,4412.976867497239,4450,4356.5,4402.085,22.806443488241854,NaN,NaN
1543060800,4407.53093374862,4407.53093374862,4324.15,4366.5925,21.797991541350115,NaN,NaN
1543082400,4387.06171687431,4387.06171687431,3824.69,4116.9475,16.328802411636048,NaN,NaN
1543104000,4252.004608437155,4252.004608437155,3734.72,3864.29,12.822349074393614,NaN,NaN
1543125600,4058.1473042185776,4058.1473042185776,3652.66,3852.8125,12.689045293394457,NaN,NaN
1543147200,3955.4799021092886,4025.48,3811,3900.3424999999997,16.55775419315286,NaN,NaN
1543168800,3927.911201054644,4233,3836.54,4003.6225,24.39692085200582,NaN,NaN
1543190400,3965.7668505273223,4206,3965.7668505273223,4103.675,31.14550417854079,NaN,NaN
1543212000,4034.7209252636612,4191.29,3971.48,4077.9649999999997,30.39469472551012,NaN,NaN
1543233600,4056.3429626318302,4060,3701,3924.33,26.312699081541737,NaN,NaN
1543255200,3990.336481315915,3990.336481315915,3707,3858.6674999999996,24.780893509573374,NaN,NaN
1543276800,3924.5019906579573,3924.5019906579573,3765.76,3846.2149999999997,24.48972395923502,NaN,NaN
1543298400,3885.3584953289783,3920,3689.12,3806.42,23.537906915186895,NaN,NaN
1543320000,3845.889247664489,3859.84,3732.75,3784.875,23.016341773464546,NaN,NaN
1543341600,3815.3821238322444,3940,3789,3848.8949999999995,28.11365119820975,NaN,NaN
1543363200,3832.138561916122,4150,3832.138561916122,3990,37.87714541121645,NaN,NaN
1543384800,3911.069280958061,4131.55,3911.069280958061,4075.5175,42.93563770042161,NaN,NaN
1543406400,3993.2933904790307,4294.3,3993.2933904790307,4174.5625,48.196875009042756,NaN,NaN
1543428000,4083.9279452395153,4394.47,4083.9279452395153,4275.962500000001,52.976840997033094,NaN,NaN
1543449600,4179.945222619758,4294,4125.65,4229.200000000001,50.655495084179165,NaN,NaN
1543471200,4204.572611309879,4450.38,4171.01,4310.925,54.41489601509844,NaN,NaN
1543492800,4257.748805654939,4413.85,4225.35,4334.925,55.48741179765314,NaN,NaN
1543514400,4296.33690282747,4356.79,4170.22,4285.285,52.72431014584099,NaN,NaN
1543536000,4290.810951413735,4341.36,4201.11,4285.275,52.723740556937905,NaN,NaN
1543557600,4288.042975706867,4321.93,3989,4158.9325,45.967085716711026,NaN,NaN
1543579200,4223.487737853433,4223.487737853433,3943,4031.435,40.34778693363236,NaN,NaN
1543600800,4127.461368926716,4127.461368926716,3951,4033.8575,40.496628259308736,NaN,NaN
1543622400,4080.659434463358,4080.659434463358,3972,4018.0675,39.799555331195464,NaN,NaN
1543644000,4049.3634672316794,4200.11,3963.01,4083.2650000000003,44.079735627793966,NaN,NaN
1543665600,4066.31423361584,4299.99,4066.31423361584,4223.09,51.967222245590236,NaN,NaN
1543687200,4144.70211680792,4287.4,4144.70211680792,4225.360000000001,52.085380258273084,NaN,NaN
1543708800,4185.03105840396,4312.99,4120,4192.7699999999995,50.176964277662464,NaN,NaN
1543730400,4188.900529201979,4245,4103.04,4162.2425,48.38845767431604,NaN,NaN
1543752000,4175.57151460099,4208.33,4129,4164.3025,48.521800660318966,NaN,NaN
1543773600,4169.937007300495,4268,4129,4181.702499999999,49.70382124806212,NaN,NaN
1543795200,4175.819753650247,4179,3982,4089.3675,43.93820429480489,NaN,NaN
1543816800,4132.5936268251235,4132.5936268251235,3995,4031.205,40.73294469038624,NaN,NaN
1543838400,4081.8993134125617,4081.8993134125617,3827,3954.3075,36.90025137149868,NaN,NaN
1543860000,4018.103406706281,4018.103406706281,3850,3894.3,34.196204795327176,NaN,NaN
1543881600,3956.2017033531406,3956.2017033531406,3810,3862.405,32.81956773808706,NaN,NaN
1543903200,3909.3033516765704,4037.84,3781,3908.7775,36.80302726207268,NaN,NaN
1543924800,3909.040425838285,4085,3909.040425838285,3990.7575,43.21356295700151,NaN,NaN
1543946400,3949.898962919143,3980,3900,3945.6974999999998,40.76583926175745,NaN,NaN
1543968000,3947.798231459571,3970,3861.06,3922.16,39.50700022892183,NaN,NaN
1543989600,3934.9791157297855,3934.9791157297855,3831.25,3895.21,38.05788930172063,NaN,NaN
1544011200,3915.0945578648925,3925.97,3745,3843.785,35.39033959561134,NaN,NaN
1544032800,3879.439778932446,3879.439778932446,3752,3784.7174999999997,32.56675213931972,NaN,NaN
1544054400,3832.0786394662227,3899.99,3678,3804.0125,34.40773612518183,NaN,NaN
1544076000,3818.0455697331113,3893,3790.51,3842.575,38.04802755409471,NaN,NaN
1544097600,3830.310284866556,3830.310284866556,3613.13,3731.5074999999997,32.46021945591369,NaN,NaN
1544119200,3780.9088924332777,3780.9088924332777,3500,3594.4275,27.158804828504245,NaN,NaN
1544140800,3687.6681962166385,3687.6681962166385,3341.04,3456.53,23.075926421921324,NaN,NaN
1544162400,3572.0990981083196,3572.0990981083196,3346.5,3407.62,21.822807283041087,NaN,NaN
1544184000,3489.8595490541597,3489.8595490541597,3224.6,3332.2475,20.018674582407158,NaN,NaN
1544205600,3411.05352452708,3549.99,3250,3366.8900000000003,23.162873156962945,NaN,NaN
1544227200,3388.97176226354,3495,3388.97176226354,3430.99,28.74464839046395,NaN,NaN
1544248800,3409.98088113177,3447.62,3365.56,3412.895,28.123555309896247,NaN,NaN
1544270400,3411.4379405658847,3423.84,3222,3359.285,26.309759197952175,NaN,NaN
1544292000,3385.3614702829423,3485.5,3276.47,3388.535,29.00029953493413,NaN,NaN
1544313600,3386.948235141471,3540.71,3386.948235141471,3442.02,33.76266986246985,NaN,NaN
1544335200,3414.484117570735,3473.67,3394.04,3431.4350000000004,33.28680644046874,NaN,NaN
1544356800,3422.959558785368,3658,3422.959558785368,3524.985,41.1776835084897,NaN,NaN
1544378400,3473.972279392684,3609.99,3473.972279392684,3559.0125,43.78237891941515,NaN,NaN
1544400000,3516.492389696342,3610,3516.492389696342,3557.4224999999997,43.68503713670416,NaN,NaN
1544421600,3536.957444848171,3551.99,3460.37,3518.8875,41.289085086911854,NaN,NaN
1544443200,3527.9224724240853,3527.9224724240853,3400.12,3467.8875000000003,38.295493308016816,NaN,NaN
1544464800,3497.904986212043,3497.904986212043,3370.11,3424.08,35.888496266254364,NaN,NaN
1544486400,3460.9924931060214,3460.9924931060214,3390.03,3430.3300000000004,36.50170199569354,NaN,NaN
1544508000,3445.6612465530106,3480,3356,3415.5550000000003,35.63400706932933,NaN,NaN
1544529600,3430.6081232765055,3430.6081232765055,3324.32,3369.46,32.99852827061045,NaN,NaN
1544551200,3400.0340616382528,3430.19,3359.93,3386.665,34.93290830742596,NaN,NaN
1544572800,3393.3495308191264,3394.24,3350,3375.9975,34.27222636827382,NaN,NaN
1544594400,3384.673515409563,3479.5,3371,3417.3624999999997,39.0833730633663,NaN,NaN
1544616000,3401.0180077047817,3492,3401,3445.885,42.22379452244503,NaN,NaN
1544637600,3423.451503852391,3472.73,3423.09,3448.3050000000003,42.494671837072055,NaN,NaN
1544659200,3435.878251926196,3460,3362.93,3413.9849999999997,39.65518294498305,NaN,NaN
1544680800,3424.9316259630978,3424.9316259630978,3365.5,3390.285,37.77790196605937,NaN,NaN
1544702400,3407.608312981549,3435,3382.21,3397.4525000000003,38.72268714815972,NaN,NaN
1544724000,3402.5304064907746,3402.5304064907746,3255.5,3336.3574999999996,33.98565130778641,NaN,NaN
1544745600,3369.443953245387,3369.443953245387,3250,3295.045,31.20570932053812,NaN,NaN
1544767200,3332.2444766226936,3332.2444766226936,3277.01,3295.0924999999997,31.212676313384122,NaN,NaN
1544788800,3313.6684883113467,3313.95,3200,3254.0375,28.52387550546908,NaN,NaN
1544810400,3283.8529941556735,3283.8529941556735,3177,3224.445,26.73604992062802,NaN,NaN
1544832000,3254.1489970778366,3276.5,3213.17,3241.0525000000002,29.41008181196007,NaN,NaN
1544853600,3247.600748538918,3257.27,3166.5,3218.755,27.935821113329197,NaN,NaN
1544875200,3233.177874269459,3233.177874269459,3156.26,3189.0425,26.061092617644235,NaN,NaN
1544896800,3211.1101871347296,3249,3176,3205.665,28.934375253057823,NaN,NaN
1544918400,3208.387593567365,3293.64,3186,3240.185,34.61676301341764,NaN,NaN
1544940000,3224.2862967836827,3282.01,3224.2862967836827,3264.68,38.381819514837055,NaN,NaN
1544961600,3244.4831483918415,3294,3220.98,3251.9725,37.18550299868535,NaN,NaN
1544983200,3248.2278241959207,3267,3215.2,3233.9975,35.49995247303603,NaN,NaN
1545004800,3241.1126620979603,3253.76,3216,3236.4624999999996,35.928859613837375,NaN,NaN
1545026400,3238.78758104898,3290,3238.78758104898,3263.7325,40.63220687478713,NaN,NaN
1545048000,3251.2600405244903,3466.88,3251.2600405244903,3364.185,54.02154860199017,NaN,NaN
1545069600,3307.722520262245,3585,3307.722520262245,3495.8624999999997,65.12500091675344,NaN,NaN
1545091200,3401.792510131122,3547.85,3401.792510131122,3507.6775000000002,65.92025671376075,NaN,NaN
1545112800,3454.7350050655614,3523.86,3424.47,3482.925,62.69477903099999,NaN,NaN
1545134400,3468.830002532781,3577,3468.830002532781,3516.275,65.16774529196175,NaN,NaN
1545156000,3492.55250126639,3678.59,3485,3584.955,69.63231306163182,NaN,NaN
1545177600,3538.753750633195,3743,3538.753750633195,3685.8399999999997,74.75163152587318,NaN,NaN
1545199200,3612.2968753165974,3830,3612.2968753165974,3757,77.61777376298711,NaN,NaN
1545220800,3684.6484376582985,3912.73,3684.6484376582985,3803.8575,79.28529377948657,NaN,NaN
1545242400,3744.2529688291493,3797.38,3630.23,3715.345,68.85047539315475,NaN,NaN
1545264000,3729.7989844145745,3758,3635,3684.7825000000003,65.63816404165388,NaN,NaN
1545285600,3707.2907422072876,4065,3650,3843.9375,72.76444593515517,NaN,NaN
1545307200,3775.614121103644,4120,3775.614121103644,4012.9375,77.98538702932682,NaN,NaN
1545328800,3894.275810551822,4084.19,3860,4006.135,77.34270161195462,NaN,NaN
1545350400,3950.2054052759113,4139.99,3880,3997.8275000000003,76.51340625598142,NaN,NaN
1545372000,3974.016452637956,4033.95,3916.33,3966.4525,73.31607826769446,NaN,NaN
1545393600,3970.2344763189776,4070.99,3900,3971.5575,73.51004514155086,NaN,NaN
1545415200,3970.8959881594888,3970.8959881594888,3764,3864.245,63.122737738252624,NaN,NaN
1545436800,3917.570494079744,3917.570494079744,3785,3828.9825,60.11667053861224,NaN,NaN
1545458400,3873.276497039872,3933.39,3812.92,3860.105,61.843796735967466,NaN,NaN
1545480000,3866.6907485199363,3885,3785,3845.4975,60.51911563180238,NaN,NaN
1545501600,3856.0941242599683,3979,3819,3896.6,63.46725768772842,NaN,NaN
1545523200,3876.347062129984,4003.84,3876.347062129984,3963.2774999999997,66.93648242160631,NaN,NaN
1545544800,3919.812281064992,4021.53,3919.812281064992,3982.695,67.89269126039906,NaN,NaN
1545566400,3951.2536405324963,4010.27,3870,3953.2925000000005,64.83503220803206,NaN,NaN
1545588000,3952.2730702662484,3968.95,3888,3930.4375,62.47951995703542,NaN,NaN
1545609600,3941.355285133124,4196.28,3924.83,4056.2325,69.12780942050524,NaN,NaN
1545631200,3998.793892566562,4198,3998.793892566562,4136.48,72.47803319380313,NaN,NaN
1545652800,4067.636946283281,4190,4000,4087.88,67.68728952596793,NaN,NaN
1545674400,4077.7584731416405,4077.7584731416405,3965.01,4024.2275,61.914900483936805,NaN,NaN
1545696000,4050.99298657082,4050.99298657082,3705,3875.54,50.97840059356245,NaN,NaN
1545717600,3963.26649328541,3963.26649328541,3684,3745.44,43.70407656225713,NaN,NaN
1545739200,3854.353246642705,3854.353246642705,3646.41,3705.885,41.753306482536395,NaN,NaN
1545760800,3780.1191233213526,3781,3661,3715.965,42.458180583955766,NaN,NaN
1545782400,3748.042061660676,3837.15,3715.05,3772.9825,46.40880751921223,NaN,NaN
1545804000,3760.512280830338,3803.2,3686.62,3751.655,45.15983959759304,NaN,NaN
1545825600,3756.083640415169,3756.083640415169,3656.74,3716.865,43.12119812213546,NaN,NaN
1545847200,3736.4743202075842,3800,3715,3756.935,46.137169619271134,NaN,NaN
1545868800,3746.704660103792,3813.98,3670,3740.5225,45.08271727259134,NaN,NaN
1545890400,3743.613580051896,3750,3697.52,3718.0074999999997,43.61024727641759,NaN,NaN
1545912000,3730.810540025948,3760.95,3697,3725.0575,44.22454840625098,NaN,NaN
1545933600,3727.9340200129736,3727.9340200129736,3535,3636.9775,38.57107062025702,NaN,NaN
1545955200,3682.455760006487,3682.455760006487,3551.1,3567.4975,34.79267608653612,NaN,NaN
1545976800,3624.9766300032434,3624.9766300032434,3540.04,3579.8575,35.99386294444115,NaN,NaN
1545998400,3602.4170650016217,3869,3568,3714.0299999999997,47.33520216979068,NaN,NaN
1546020000,3658.2235325008105,3887.25,3658.2235325008105,3832.1575,54.910359846440535,NaN,NaN
1546041600,3745.1905162504054,3870,3745.1905162504054,3836.99,55.19428911340444,NaN,NaN
1546063200,3791.0902581252026,3892,3756.2,3819.82,53.89570330829967,NaN,NaN
1546084800,3805.4551290626014,3838.2,3760,3799.52,52.32815001625462,NaN,NaN
1546106400,3802.4875645313004,3884,3670,3761.3925,49.420751963696816,NaN,NaN
1546128000,3781.94003226565,3781.94003226565,3657.9,3708.5150000000003,45.633935104000216,NaN,NaN
1546149600,3745.2275161328253,3825,3713.9,3764.37,49.99279915571477,NaN,NaN
1546171200,3754.7987580664126,3903.5,3720.41,3799.2675,52.55242445425925,NaN,NaN
1546192800,3777.033129033206,3823,3735.57,3786.93,51.547873125559704,NaN,NaN
1546214400,3781.9815645166027,3810,3715.73,3769.075,50.056596984769115,NaN,NaN
1546236000,3775.5282822583013,3791.63,3692.11,3739.2450000000003,47.58002981927037,NaN,NaN
1546257600,3757.386641129151,3783.34,3715,3740.0175,47.652259658279796,NaN,NaN
1546279200,3748.7020705645755,3748.98,3630.33,3704.695,44.624438164256226,NaN,NaN
1546300800,3726.6985352822876,3726.6985352822876,3675.04,3699.0525000000002,44.141931937661234,NaN,NaN
1546322400,3712.875517641144,3732,3696.14,3708.9075000000003,45.25530810590327,NaN,NaN
1546344000,3710.891508820572,3756.94,3666.01,3704.2075,44.79671440525063,NaN,NaN
1546365600,3707.5495044102863,3810.16,3642,3733.91,48.35826573187266,NaN,NaN
1546387200,3720.729752205143,3810,3720.729752205143,3785.8100000000004,53.94904054830813,NaN,NaN
1546408800,3753.2698761025717,3803.68,3750.45,3778.7849999999994,53.11089687510426,NaN,NaN
1546430400,3766.0274380512856,3865.72,3766.0274380512856,3813.84,56.72392188569004,NaN,NaN
1546452000,3789.933719025643,3882.14,3789.933719025643,3841.115,59.34858847724819,NaN,NaN
1546473600,3815.5243595128213,3862.74,3805,3837.4224999999997,58.828408329624594,NaN,NaN
1546495200,3826.4734297564105,3837.52,3783,3812.225,55.2684701532835,NaN,NaN
1546516800,3819.349214878205,3823,3730,3776.1925,50.556981803151444,NaN,NaN
1546538400,3797.7708574391027,3797.7708574391027,3738,3758.9825,48.43326977729741,NaN,NaN
1546560000,3778.3766787195514,3793,3730,3767.525,49.565745481311716,NaN,NaN
1546581600,3772.9508393597757,3800,3752,3772.3625,50.23228768204382,NaN,NaN
1546603200,3772.656669679888,3772.656669679888,3703.57,3741.96,46.107979243644095,NaN,NaN
1546624800,3757.308334839944,3823.64,3726.99,3772.0175,50.44034116065843,NaN,NaN
1546646400,3764.662917419972,3840.99,3764.662917419972,3812.085,55.56801137306245,NaN,NaN
1546668000,3788.3739587099863,3835.08,3770,3810.0875,55.2610454964643,NaN,NaN
1546689600,3799.230729354993,3814,3775,3797.8475000000003,53.317415261941015,NaN,NaN
1546711200,3798.5391146774964,3820,3751,3785.87,51.41183562007191,NaN,NaN
1546732800,3792.204557338748,3792.204557338748,3740,3770.2475,48.954202591275646,NaN,NaN
1546754400,3781.226028669374,3820.82,3760,3793.36,52.566783438549436,NaN,NaN
1546776000,3787.293014334687,4025,3785,3907.835,65.5654848175476,NaN,NaN
1546797600,3847.5640071673433,4027.71,3847.5640071673433,3993.9925000000003,71.82391202267496,NaN,NaN
1546819200,3920.778253583672,4017.9,3920.778253583672,3992.6275000000005,71.60187781427845,NaN,NaN
1546840800,3956.7028767918364,4015,3921.53,3976.7775,68.93695739532588,NaN,NaN
1546862400,3966.7401883959183,4000,3941,3974.28,68.50430549681114,NaN,NaN
1546884000,3970.510094197959,3994.98,3951.55,3975.33,68.59354843464257,NaN,NaN
1546905600,3972.9200470989795,3989,3922,3959.5625,65.5881220853704,NaN,NaN
1546927200,3966.24127354949,4018,3940,3977.52,67.34307637438813,NaN,NaN
1546948800,3971.8806367747447,4069.8,3938.82,3993.235,68.84068565155695,NaN,NaN
1546970400,3982.557818387372,3985.8,3903,3951.4825,60.855648702391434,NaN,NaN
1546992000,3967.020159193686,4002,3930.04,3968.8675,62.79098655913165,NaN,NaN
1547013600,3967.943829596843,4006.81,3967.943829596843,3988.1375000000003,64.86458420849182,NaN,NaN
1547035200,3978.040664798422,3996.3,3941,3972.705,61.889935918382214,NaN,NaN
1547056800,3975.372832399211,3990,3955,3969.6974999999998,61.299949336262976,NaN,NaN
1547078400,3972.5351661996056,3996.01,3963.7,3978.8900000000003,62.4773605504435,NaN,NaN
1547100000,3975.712583099803,3990.47,3715.65,3858.67,43.736533244590795,NaN,NaN
1547121600,3917.1912915499015,3917.1912915499015,3540,3650.5475,28.05002385881386,NaN,NaN
1547143200,3783.869395774951,3783.869395774951,3540.33,3577.3925,24.697005575877085,NaN,NaN
1547164800,3680.6309478874755,3680.6309478874755,3546.36,3580.6925,25.131770857480078,NaN,NaN
1547186400,3630.661723943738,3635,3562,3591.1175,26.57401634934847,NaN,NaN
1547208000,3610.889611971869,3620.24,3569.16,3597.9674999999997,27.56145593410487,NaN,NaN
1547229600,3604.4285559859345,3658,3465,3583.31,26.733012840381818,NaN,NaN
1547251200,3593.869277992967,3618.19,3533,3585.055,27.01427974669457,NaN,NaN
1547272800,3589.462138996483,3592.46,3559.5,3577.8325,26.5598027038545,NaN,NaN
1547294400,3583.647319498242,3605,3530,3574.7225,26.354201364552637,NaN,NaN
1547316000,3579.184909749121,3612.39,3563.01,3587.6375,28.818464892777854,NaN,NaN
1547337600,3583.41120487456,3598.88,3564.41,3582.4125,28.404369033959426,NaN,NaN
1547359200,3582.91185243728,3592.71,3571.7,3584.0175,28.74308097701791,NaN,NaN
1547380800,3583.46467621864,3611.1,3441.3,3530.1725,24.547383019410475,NaN,NaN
1547402400,3556.81858810932,3556.81858810932,3449.2,3475.6375,21.17585701736884,NaN,NaN
1547424000,3516.22804405466,3516.22804405466,3467.02,3491.025,24.33377477197328,NaN,NaN
1547445600,3503.62652202733,3540,3485.02,3504.13,27.015568850702422,NaN,NaN
1547467200,3503.878261013665,3671.87,3487,3568.8450000000003,38.59034565347511,NaN,NaN
1547488800,3536.3616305068326,3665,3536.3616305068326,3627.135,46.77780183441687,NaN,NaN
1547510400,3581.7483152534164,3648.42,3581.7483152534164,3626.6025,46.716525453034194,NaN,NaN
1547532000,3604.175407626708,3630.43,3578.07,3609.7574999999997,44.7208081158862,NaN,NaN
1547553600,3606.966453813354,3640.77,3580,3608.8099999999995,44.60538079026086,NaN,NaN
1547575200,3607.8882269066767,3607.8882269066767,3516.62,3569.8875,40.0341249985935,NaN,NaN
1547596800,3588.8878634533385,3588.8878634533385,3543.51,3564.7725,39.46178435772309,NaN,NaN
1547618400,3576.8301817266693,3603.96,3552.25,3581.05,42.289314398391575,NaN,NaN
1547640000,3578.9400908633347,3645,3560.2,3596.1949999999997,44.86941403276124,NaN,NaN
1547661600,3587.567545431667,3610,3561.53,3588.4700000000003,43.79392011395795,NaN,NaN
1547683200,3588.0187727158336,3600.51,3551.16,3578.7675,42.418661517082384,NaN,NaN
1547704800,3583.393136357917,3588.9,3530.39,3567.6074999999996,40.83040917180481,NaN,NaN
1547726400,3575.500318178958,3633,3558.87,3591.61,45.55233110382398,NaN,NaN
1547748000,3583.5551590894793,3634.7,3583.5551590894793,3608.7325,48.697569420522925,NaN,NaN
1547769600,3596.1438295447397,3620,3585.7,3604.3625,47.93647367270032,NaN,NaN
1547791200,3600.25316477237,3619.8,3590,3601.7875,47.46572123855437,NaN,NaN
1547812800,3601.020332386185,3612.07,3565.75,3588.585,45.024330028858365,NaN,NaN
1547834400,3594.8026661930926,3609.19,3566.1,3586.8999999999996,44.70826711355912,NaN,NaN
1547856000,3590.851333096546,3615,3590.851333096546,3603.025,48.43850304762786,NaN,NaN
1547877600,3596.9381665482733,3720,3596.9381665482733,3656.0249999999996,58.37791630599902,NaN,NaN
1547899200,3626.4815832741365,3697.6,3626.4815832741365,3691.6975,63.48062656081179,NaN,NaN
1547920800,3659.0895416370686,3695.98,3659.0895416370686,3678.7699999999995,60.58203749815035,NaN,NaN
1547942400,3668.929770818534,3686,3655,3670.1549999999997,58.65978115959128,NaN,NaN
1547964000,3669.542385409267,3693.73,3572,3629.9,50.58327380813142,NaN,NaN
1547985600,3649.7211927046337,3649.7211927046337,3475,3542.1925,38.231999852361824,NaN,NaN
1548007200,3595.956846352317,3595.956846352317,3510.28,3531.9525000000003,37.09320094751396,NaN,NaN
1548028800,3563.9546731761584,3563.9546731761584,3501,3528.8025,36.73075341943487,NaN,NaN
1548050400,3546.378586588079,3550,3511.47,3533.0424999999996,37.61439312094848,NaN,NaN
1548072000,3539.7105432940393,3559.51,3518.32,3539.165,38.940514625358134,NaN,NaN
1548093600,3539.43777164702,3540.22,3475.5,3519.0825,36.22075759266958,NaN,NaN
1548115200,3529.2601358235097,3590.51,3500.04,3534.5125,39.70525934282942,NaN,NaN
1548136800,3531.8863179117548,3540,3434.85,3507.66,36.017378247480664,NaN,NaN
1548158400,3519.773158955877,3590.36,3519.773158955877,3556.3975,45.848490341160506,NaN,NaN
1548180000,3538.0853294779386,3608.5,3538.0853294779386,3580.3625,49.92302113807269,NaN,NaN
1548201600,3559.223914738969,3599.76,3559.223914738969,3576.7925,49.32758883822207,NaN,NaN
1548223200,3568.008207369485,3582.96,3551.92,3571.4575000000004,48.39859008365896,NaN,NaN
1548244800,3569.7328536847426,3607.98,3543.99,3574.695,49.02597519342113,NaN,NaN
1548266400,3572.2139268423716,3573,3514.5,3552.305,44.95516172143569,NaN,NaN
1548288000,3562.2594634211855,3562.2594634211855,3529.22,3542.6949999999997,43.29354045329219,NaN,NaN
1548309600,3552.4772317105926,3572.59,3532.6,3550.6525,45.10296028944125,NaN,NaN
1548331200,3551.5648658552964,3576.97,3543.26,3557.9,46.76893434826114,NaN,NaN
1548352800,3554.732432927648,3589,3549.04,3564.2024999999994,48.239969813474296,NaN,NaN
1548374400,3559.4674664638237,3587.15,3551,3568.1850000000004,49.195377702845896,NaN,NaN
1548396000,3563.826233231912,3571.99,3522.51,3550.3174999999997,45.16718689084042,NaN,NaN
1548417600,3557.0718666159555,3571,3536.95,3552.8624999999997,45.84735163281576,NaN,NaN
1548439200,3554.9671833079774,3574,3540.35,3560.2650000000003,47.87276463289605,NaN,NaN
1548460800,3557.616091653989,3583,3557.616091653989,3571.425,50.85695430519646,NaN,NaN
1548482400,3564.5205458269947,3662.94,3564.5205458269947,3599.7400000000002,57.504240548077,NaN,NaN
1548504000,3582.1302729134977,3595.2,3545,3574.6899999999996,50.93956332761554,NaN,NaN
1548525600,3578.4101364567487,3578.4101364567487,3562.01,3568.2475,49.37828306218575,NaN,NaN
1548547200,3573.328818228374,3579,3539.16,3561.2574999999997,47.67106901527281,NaN,NaN
1548568800,3567.293159114187,3570.86,3526.41,3551.2825,45.26591071844692,NaN,NaN
1548590400,3559.2878295570936,3574.57,3486,3542.5575,43.212231164815954,NaN,NaN
1548612000,3550.9226647785467,3571.09,3546.03,3558.0600000000004,47.74833068503543,NaN,NaN
1548633600,3554.4913323892733,3557.75,3435,3495.2549999999997,35.408431305436835,NaN,NaN
1548655200,3524.8731661946367,3524.8731661946367,3405,3435.7525,28.020067405776018,NaN,NaN
1548676800,3480.3128330973186,3480.3128330973186,3380.27,3415.5499999999997,26.033816891544802,NaN,NaN
1548698400,3447.9314165486594,3447.9314165486594,3414.28,3428.5425,29.49524676351095,NaN,NaN
1548720000,3438.2369582743295,3443.45,3371,3408.4675,27.36438383258738,NaN,NaN
1548741600,3423.3522291371646,3423.3522291371646,3349.92,3380.8975,24.7227855273739,NaN,NaN
1548763200,3402.1248645685823,3442,3381,3405.5775,31.13182235918505,NaN,NaN
1548784800,3403.851182284291,3434.94,3400,3414.9925000000003,33.459253020796666,NaN,NaN
1548806400,3409.4218411421457,3447,3387.1,3419.4075,34.57583702596769,NaN,NaN
1548828000,3414.4146705710727,3447.9,3414.4146705710727,3432.1800000000003,37.82626519979113,NaN,NaN
1548849600,3423.2973352855365,3476.36,3423.2973352855365,3450.075,42.16193898382259,NaN,NaN
1548871200,3436.686167642768,3478,3436.686167642768,3462.185,44.95919087081052,NaN,NaN
1548892800,3449.435583821384,3489.2,3449.435583821384,3467.235,46.12923676608989,NaN,NaN
1548914400,3458.335291910692,3480,3418.8,3448.095,42.446308557593944,NaN,NaN
1548936000,3453.215145955346,3453.215145955346,3420.3,3430.3175,39.307225468326685,NaN,NaN
1548957600,3441.766322977673,3449.58,3419.33,3433.0075,40.029934831570166,NaN,NaN
1548979200,3437.3869114888366,3440.15,3401.2,3423.815,38.34938596079747,NaN,NaN
1549000800,3430.6009557444186,3477,3412.41,3441.905,43.38643712541323,NaN,NaN
1549022400,3436.252977872209,3479.99,3436.252977872209,3462.6349999999998,48.57187098405255,NaN,NaN
1549044000,3449.4439889361047,3488,3449.4439889361047,3467.0275,49.62475120515281,NaN,NaN
1549065600,3458.2357444680524,3471,3442.11,3456.8275,47.20781478895841,NaN,NaN
1549087200,3457.531622234026,3481.59,3440.29,3462.8875000000003,48.8032045367827,NaN,NaN
1549108800,3460.2095611170134,3479.74,3444.01,3466.4925,49.7755699511016,NaN,NaN
1549130400,3463.351030558507,3526.4,3457.56,3488.585,55.36979444031505,NaN,NaN
1549152000,3475.9680152792534,3511.09,3470,3491.5575,56.078657206640365,NaN,NaN
1549173600,3483.7627576396267,3484.71,3447.44,3469.495,49.761208299231455,NaN,NaN
1549195200,3476.6288788198135,3476.6288788198135,3448.15,3461.07,47.55794169102968,NaN,NaN
1549216800,3468.849439409907,3468.99,3426,3453.275,45.54847474365293,NaN,NaN
1549238400,3461.0622197049533,3471.84,3452.27,3459.9625000000005,47.59430075476663,NaN,NaN
1549260000,3460.512359852477,3484.88,3434.1,3453.2225,45.7294857743596,NaN,NaN
1549281600,3456.8674299262384,3467.06,3433.31,3450.665,45.00884456706417,NaN,NaN
1549303200,3453.766214963119,3475.79,3453.766214963119,3464.6025,49.66420810834655,NaN,NaN
1549324800,3459.1843574815593,3471.89,3448.43,3462.3824999999997,48.95332897871368,NaN,NaN
1549346400,3460.7834287407795,3478.97,3457.16,3468.0024999999996,50.87050748610089,NaN,NaN
1549368000,3464.3929643703896,3471.68,3449.05,3461.8224999999998,48.70430371070441,NaN,NaN
1549389600,3463.1077321851944,3472,3449.49,3462.475,48.95147224601572,NaN,NaN
1549411200,3462.791366092597,3482.72,3380,3438.0725,40.995597087811326,NaN,NaN
1549432800,3450.4319330462986,3450.4319330462986,3396.17,3410.205,34.166398061017944,NaN,NaN
1549454400,3430.3184665231493,3434.59,3382.26,3404.77,33.01139623959534,NaN,NaN
1549476000,3417.544233261575,3417.544233261575,3385.26,3400.495,32.09241401116117,NaN,NaN
1549497600,3409.0196166307874,3416.2,3398.02,3408.9775,35.905167018130385,NaN,NaN
1549519200,3408.998558315394,3426.45,3406,3414.0024999999996,38.1216085366997,NaN,NaN
1549540800,3411.5005291576967,3413.16,3392,3402.6974999999998,35.17459865952621,NaN,NaN
1549562400,3407.0990145788483,3407.0990145788483,3390,3397.58,33.89714412566417,NaN,NaN
1549584000,3402.339507289424,3411,3373.1,3397.6975,33.95645186868674,NaN,NaN
1549605600,3400.018503644712,3450.5,3392.97,3420.5975,44.422292192748586,NaN,NaN
1549627200,3410.308001822356,3733.58,3410.308001822356,3563.7925,73.1136982051415,NaN,NaN
1549648800,3487.050250911178,3677.65,3487.050250911178,3652.8225,80.01993304737968,NaN,NaN
1549670400,3569.936375455589,3667.89,3569.936375455589,3652.87,80.02288143812744,NaN,NaN
1549692000,3611.4031877277944,3677.32,3611.4031877277944,3658.2225,80.37432886450759,NaN,NaN
1549713600,3634.812843863897,3680.02,3625.13,3652.5325000000003,78.78751782776567,NaN,NaN
1549735200,3643.6726719319486,3673,3637.39,3654.5575,78.94682047443231,NaN,NaN
1549756800,3649.1150859659742,3674,3646.44,3660.13,79.405172745376,NaN,NaN
1549778400,3654.6225429829874,3654.84,3609.76,3639.0150000000003,72.92640802493264,NaN,NaN
1549800000,3646.818771491494,3655,3615.53,3637.1175000000003,72.35507700289625,NaN,NaN
1549821600,3641.968135745747,3684.99,3636,3659.975,74.90550501816644,NaN,NaN
1549843200,3650.9715678728735,3684.9,3616.66,3650.52,71.94859903747356,NaN,NaN
1549864800,3650.745783936437,3650.745783936437,3619.51,3627.7025,65.25403416072838,NaN,NaN
1549886400,3639.2241419682186,3657.2,3615.53,3634.2774999999997,66.22914601722275,NaN,NaN
1549908000,3636.750820984109,3649,3624.88,3635.4875,66.41593771606452,NaN,NaN
1549929600,3636.1191604920546,3636.1191604920546,3582.34,3618.6475,61.33152611966319,NaN,NaN
1549951200,3627.383330246027,3631.17,3595.71,3616.2799999999997,60.62880983384243,NaN,NaN
1549972800,3621.8316651230134,3638,3608.75,3620.9425,61.56284037063216,NaN,NaN
1549994400,3621.3870825615068,3667.6,3609,3633.7650000000003,64.08621784528668,NaN,NaN
1550016000,3627.5760412807535,3647,3624,3636.4725,64.61446497025992,NaN,NaN
1550037600,3632.024270640377,3670,3601.68,3632.2124999999996,63.0432330541303,NaN,NaN
1550059200,3632.1183853201883,3632.1183853201883,3591.75,3610.085,55.494594119514055,NaN,NaN
1550080800,3621.101692660094,3621.101692660094,3594.81,3607.085,54.54107920289423,NaN,NaN
1550102400,3614.093346330047,3626.4,3603.38,3612.1474999999996,55.91756228972123,NaN,NaN
1550124000,3613.1204231650236,3619.88,3568.11,3595.855,50.606676613647664,NaN,NaN
1550145600,3604.487711582512,3614.24,3577.67,3595.7125,50.56144417417765,NaN,NaN
1550167200,3600.1001057912563,3612.88,3588,3599.36,51.75022717296489,NaN,NaN
1550188800,3599.7300528956284,3629.62,3587,3604.8125,53.54836457829153,NaN,NaN
1550210400,3602.271276447814,3629.6,3599.29,3612.2625,55.96320579613331,NaN,NaN
1550232000,3607.266888223907,3653.23,3573.45,3608.1175000000003,54.27268006691907,NaN,NaN
1550253600,3607.6921941119535,3607.6921941119535,3590,3598.8675,50.599302166402055,NaN,NaN
1550275200,3603.2798470559765,3634.16,3597.91,3612.4275,55.36833258951718,NaN,NaN
1550296800,3607.853673527988,3627.77,3607.853673527988,3619.9024999999997,57.78754399318553,NaN,NaN
1550318400,3613.878086763994,3648.2,3610.87,3627.9875,60.29443580059608,NaN,NaN
1550340000,3620.932793381997,3639.34,3615,3624.9049999999997,58.859219967722325,NaN,NaN
1550361600,3622.9188966909983,3642.91,3615.05,3629.2525,60.29473986209239,NaN,NaN
1550383200,3626.085698345499,3700.11,3615.89,3645.3849999999998,65.15366853449316,NaN,NaN
1550404800,3635.7353491727495,3635.7353491727495,3604.4,3621.9974999999995,54.70246743479651,NaN,NaN
1550426400,3628.8664245863747,3685,3610,3647.6124999999997,61.909259462687004,NaN,NaN
1550448000,3638.239462293187,3773.85,3638.239462293187,3704.3125,72.38327127894905,NaN,NaN
1550469600,3671.2759811465935,3761.29,3671.2759811465935,3734.615,76.15672955828863,NaN,NaN
1550491200,3702.9454905732964,3925,3702.9454905732964,3820.5625,83.17764319731691,NaN,NaN
1550512800,3761.753995286648,3918,3761.753995286648,3889.745,86.5984624028081,NaN,NaN
1550534400,3825.749497643324,3974.98,3825.749497643324,3905.14,87.22119506819953,NaN,NaN
1550556000,3865.444748821662,3922,3865.444748821662,3896.4575,84.82715346133831,NaN,NaN
1550577600,3880.9511244108307,3994.52,3880.9511244108307,3938.8774999999996,86.74186229923045,NaN,NaN
1550599200,3909.914312205415,3972.48,3893,3933.9624999999996,85.3971889634078,NaN,NaN
1550620800,3921.9384061027076,3927.22,3870.66,3902.6075,77.17764812761556,NaN,NaN
1550642400,3912.272953051354,3977,3896.01,3934.4475,79.35110820814053,NaN,NaN
1550664000,3923.360226525677,3986.98,3923.360226525677,3953.9725,80.57291246763256,NaN,NaN
1550685600,3938.6663632628383,3980,3931.78,3956.5625,80.73574846984422,NaN,NaN
1550707200,3947.6144316314194,3985.76,3943.18,3970.4475,81.62495364424007,NaN,NaN
1550728800,3959.03096581571,4016.48,3901.03,3957.9875,78.13936170929264,NaN,NaN
1550750400,3958.509232907855,3958.509232907855,3911.65,3929.8825,70.79572998560315,NaN,NaN
1550772000,3944.195866453928,3944.195866453928,3915.33,3929.995,70.80755672674023,NaN,NaN
1550793600,3937.095433226964,3965.37,3931.4,3946.6,72.5730546764863,NaN,NaN
1550815200,3941.8477166134817,3970.15,3926.65,3952.125,73.15481127751613,NaN,NaN
1550836800,3946.986358306741,3988,3942,3963.3275000000003,74.34313514300734,NaN,NaN
1550858400,3955.1569291533706,3975.25,3951.75,3963.4975,74.36168226529654,NaN,NaN
1550880000,3959.327214576685,3973.67,3936.58,3955.5025,71.7352873949833,NaN,NaN
1550901600,3957.4148572883423,3965.01,3933.15,3950.8475,70.18105271832259,NaN,NaN
1550923200,3954.131178644171,4096,3933.45,4019.7425000000003,77.83524528090366,NaN,NaN
1550944800,3986.9368393220857,4162.02,3986.9368393220857,4113.17,83.87863492788188,NaN,NaN
1550966400,4050.053419661043,4198,4050.053419661043,4150.299999999999,85.56332407765923,NaN,NaN
1550988000,4100.176709830521,4181,4100.176709830521,4155.0175,85.7668365571253,NaN,NaN
1551009600,4127.59710491526,4146.89,3712.66,3944.69,51.1475787936703,NaN,NaN
1551031200,4036.14355245763,4036.14355245763,3740.11,3768.5925,37.499635230076294,NaN,NaN
1551052800,3902.3680262288153,3902.3680262288153,3740,3776.5675,38.302553814732455,NaN,NaN
1551074400,3839.4677631144077,3839.4677631144077,3755.01,3793.165,40.02928546953424,NaN,NaN
1551096000,3816.316381557204,3857.64,3778.65,3815.9975,42.416815347637936,NaN,NaN
1551117600,3816.156940778602,3872.66,3805.57,3835.6349999999998,44.46465742424689,NaN,NaN
1551139200,3825.8959703893006,3841.51,3777,3814.8725000000004,42.73422461304939,NaN,NaN
1551160800,3820.3842351946505,3828.94,3785.23,3809.3125,42.25992978247659,NaN,NaN
1551182400,3814.8483675973253,3832.99,3787.52,3810.2425,42.37513584079211,NaN,NaN
1551204000,3812.5454337986625,3822.03,3799,3810.3975,42.39576520555614,NaN,NaN
1551225600,3811.471466899331,3829.53,3791.66,3813.875,42.88974610344926,NaN,NaN
1551247200,3812.6732334496655,3833.99,3812.6732334496655,3824.35,44.43544591180851,NaN,NaN
1551268800,3818.5116167248325,3838.85,3788,3817.1000000000004,43.55675677892778,NaN,NaN
1551290400,3817.8058083624164,3826.34,3677.17,3784.1525,39.71339012151986,NaN,NaN
1551312000,3800.9791541812083,3833.95,3800.9791541812083,3822.575,45.727656932383574,NaN,NaN
1551333600,3811.777077090604,3849.44,3811.01,3830.8225,46.951033461424956,NaN,NaN
1551355200,3821.2997885453024,3888,3763.87,3825.1925,46.18568412914017,NaN,NaN
1551376800,3823.2461442726512,3837.92,3801.46,3816.9,45.0215663536717,NaN,NaN
1551398400,3820.0730721363257,3834.93,3813.01,3821.835,45.89556105109061,NaN,NaN
1551420000,3820.954036068163,3852.41,3820.954036068163,3832.275,47.78658302628547,NaN,NaN
1551441600,3826.614518034082,3855,3819.7,3838.0849999999996,48.85786270974708,NaN,NaN
1551463200,3832.349759017041,3857,3817,3836.4674999999997,48.55915617418276,NaN,NaN
1551484800,3834.4086295085203,3841.31,3800,3819.5924999999997,45.438012490093975,NaN,NaN
1551506400,3827.0005647542603,3827.0005647542603,3772.25,3807.505,43.29155069767877,NaN,NaN
1551528000,3817.25278237713,3830.75,3797.38,3812.2949999999996,44.41219318744284,NaN,NaN
1551549600,3814.773891188565,3823.95,3802.37,3812.6400000000003,44.497268183523815,NaN,NaN
1551571200,3813.706945594283,3833.96,3813.706945594283,3823.6825,47.27853627733761,NaN,NaN
1551592800,3818.6947227971414,3835,3800,3820.185,46.48401213393052,NaN,NaN
1551614400,3819.4398613985704,3825.69,3781.32,3809.4075,44.028607783669344,NaN,NaN
1551636000,3814.423680699285,3816.68,3782.22,3803.9224999999997,42.789802689121096,NaN,NaN
1551657600,3809.1730903496423,3830,3699.5,3765.665,35.32419816109436,NaN,NaN
1551679200,3787.419045174821,3787.419045174821,3670.69,3713.9825,28.17312359053463,NaN,NaN
1551700800,3750.7007725874105,3750.7007725874105,3690.16,3713.8799999999997,28.160947404037927,NaN,NaN
1551722400,3732.290386293705,3733.06,3696.72,3716.8599999999997,29.120075513452775,NaN,NaN
1551744000,3724.575193146852,3726,3703.55,3717.4925000000003,29.335723243171813,NaN,NaN
1551765600,3721.033846573426,3747,3717,3731.9725,34.26634978332473,NaN,NaN
1551787200,3726.503173286713,3877.1,3726.503173286713,3800.505,51.51110910368457,NaN,NaN
1551808800,3763.5040866433565,3865,3763.5040866433565,3850.305,59.77023892463081,NaN,NaN
1551830400,3806.904543321678,3870,3806.904543321678,3843.865,58.385280859041046,NaN,NaN
1551852000,3825.384771660839,3907,3825.384771660839,3859.0199999999995,60.69346849860142,NaN,NaN
1551873600,3842.202385830419,3875.12,3829.39,3856.25,60.03798947933893,NaN,NaN
1551895200,3849.2261929152096,3868,3846.93,3858.68,60.441603923978306,NaN,NaN
1551916800,3853.9530964576047,3905.4,3853.9530964576047,3875.1975,63.16495306965237,NaN,NaN
1551938400,3864.5752982288022,3881.25,3840.4,3866.055,60.67506273207699,NaN,NaN
1551960000,3865.315149114401,3899.13,3857.32,3875.5925,62.34272167085088,NaN,NaN
1551981600,3870.4538245572003,3894.9,3862.32,3877.5975,62.70082056850671,NaN,NaN
1552003200,3874.0256622786,3905.99,3862.7,3884.835,64.03050114870238,NaN,NaN
1552024800,3879.4303311393,3930,3873.18,3898.1025,66.3954987542484,NaN,NaN
1552046400,3888.7664155696502,3920,3884.1,3901.89,67.06130961471683,NaN,NaN
1552068000,3895.3282077848253,3932,3800,3877.6475,59.00311409454796,NaN,NaN
1552089600,3886.4878538924127,3890,3854.75,3873.8825,57.840671916943315,NaN,NaN
1552111200,3880.1851769462064,3938.99,3880.1851769462064,3905.6499999999996,64.24202876369327,NaN,NaN
1552132800,3892.917588473103,3971.75,3890,3922.6625,67.12117929662324,NaN,NaN
1552154400,3907.7900442365517,3946.45,3906.36,3927.5024999999996,67.91274322976615,NaN,NaN
1552176000,3917.6462721182756,3943.43,3910,3929.0725,68.1803543029194,NaN,NaN
1552197600,3923.359386059138,3923.359386059138,3881.69,3906.1675,60.28139122463987,NaN,NaN
1552219200,3914.7634430295693,3916.69,3886.45,3903.675,59.4739201942959,NaN,NaN
1552240800,3909.2192215147847,3932.77,3896.71,3913.1400000000003,61.578604454885685,NaN,NaN
1552262400,3911.1796107573928,3936.98,3860,3898.9975,56.82945232938727,NaN,NaN
1552284000,3905.0885553786966,3905.0885553786966,3863.14,3880.1175,51.15722411708505,NaN,NaN
1552305600,3892.603027689348,3892.603027689348,3830,3862.0175,46.37803878267124,NaN,NaN
1552327200,3877.310263844674,3885.51,3841.24,3866.8375,47.77717628996985,NaN,NaN
1552348800,3872.073881922337,3876,3826.06,3852.09,43.9947168334597,NaN,NaN
1552370400,3862.0819409611686,3905.2,3831.23,3864.075,47.62376237371066,NaN,NaN
1552392000,3863.078470480584,3902.86,3863.078470480584,3884.4900000000002,53.188125706568876,NaN,NaN
1552413600,3873.784235240292,3891,3871,3882.6324999999997,52.64014860611645,NaN,NaN
1552435200,3878.208367620146,3893.56,3870.66,3880.2174999999997,51.891603779995854,NaN,NaN
1552456800,3879.212933810073,3885.5,3840,3863.8949999999995,47.02441355710624,NaN,NaN
1552478400,3871.5539669050363,3890.24,3851,3865.9224999999997,47.68086207927304,NaN,NaN
1552500000,3868.738233452518,3873,3855.43,3864.805,47.33271904704782,NaN,NaN
1552521600,3866.771616726259,3884,3860,3868.8424999999997,48.78763572250911,NaN,NaN
1552543200,3867.8070583631293,3874.27,3854.15,3863.3125,46.877522317351875,NaN,NaN
1552564800,3865.5597791815644,3920,3810.43,3868.225,48.79539816031369,NaN,NaN
1552586400,3866.892389590782,3883.01,3866.892389590782,3878.2799999999997,52.56990611866196,NaN,NaN
1552608000,3872.586194795391,3893.86,3872.586194795391,3884.4900000000002,54.78663408254553,NaN,NaN
1552629600,3878.5380973976953,3924.4,3872.2,3900.4025,59.951680328279856,NaN,NaN
1552651200,3889.4702986988477,3939.22,3889.4702986988477,3921.06,65.4669454912,NaN,NaN
1552672800,3905.265149349424,3934.79,3905.265149349424,3923.0925,65.96360993136213,NaN,NaN
1552694400,3914.178824674712,4056.98,3914.178824674712,3980.1475,76.27772955735537,NaN,NaN
1552716000,3947.163162337356,4025.98,3947.163162337356,4012.645,79.99603948913501,NaN,NaN
1552737600,3979.904081168678,4018,3963.2,3999.4849999999997,74.87766291715977,NaN,NaN
1552759200,3989.694540584339,4008.93,3985.02,4000.14,74.96352610455362,NaN,NaN
1552780800,3994.9172702921696,4012,3950.01,3983.5975,68.58768293475839,NaN,NaN
1552802400,3989.2573851460847,3994.1,3962.49,3977.5425,66.36278590459602,NaN,NaN
1552824000,3983.3999425730426,4000,3972,3985.5550000000003,67.84905061113365,NaN,NaN
1552845600,3984.4774712865214,3997.93,3980.03,3985.5,67.82689634233432,NaN,NaN
1552867200,3984.988735643261,4037,3961,3985.8825,67.90538362039597,NaN,NaN
1552888800,3985.4356178216303,3992.66,3953.33,3970.16,61.287033233454075,NaN,NaN
1552910400,3977.797808910815,3988.2,3967.42,3977.125,63.00711068400504,NaN,NaN
1552932000,3977.4614044554073,3994.87,3969.62,3983.5449999999996,64.56976932681454,NaN,NaN
1552953600,3980.5032022277037,4002.99,3970,3985.9775,65.17011367517017,NaN,NaN
1552975200,3983.240351113852,4002.98,3974.23,3986.615,65.33588848689318,NaN,NaN
1552996800,3984.927675556926,4031,3980,4003.3424999999997,69.4453034175697,NaN,NaN
1553018400,3994.1350877784625,4022.08,3994.1350877784625,4011.955,71.3298739799489,NaN,NaN
1553040000,4003.0450438892312,4031.53,3980.5,4009.0875,69.78652243864799,NaN,NaN
1553061600,4006.0662719446154,4021.32,3985.5,4005.8825,68.01515607798908,NaN,NaN
1553083200,4005.9743859723076,4040.89,4004,4016.8975,70.76195181116805,NaN,NaN
1553104800,4011.435942986154,4050,4011.435942986154,4029.2,73.49931706272133,NaN,NaN
1553126400,4020.3179714930766,4054.58,4020.3179714930766,4038.0950000000003,75.299927883724,NaN,NaN
1553148000,4029.2064857465384,4057.88,4028.46,4040.9575,75.86817492680312,NaN,NaN
1553169600,4035.081992873269,4069.32,3880.01,3989.8875000000003,52.61235147217712,NaN,NaN
1553191200,4012.484746436635,4012.484746436635,3959.44,3975.495,48.13436860127176,NaN,NaN
1553212800,3993.9898732183174,3994.89,3971,3983.6125,50.683865489736974,NaN,NaN
1553234400,3988.801186609159,3991.48,3968.25,3983.6375000000003,50.691904367804135,NaN,NaN
1553256000,3986.2193433045795,4008,3980.23,3993.46,53.873353657863156,NaN,NaN
1553277600,3989.83967165229,4001.12,3973.57,3990.005,52.588053475498135,NaN,NaN
1553299200,3989.922335826145,4009,3978.01,3994.325,54.063781013634596,NaN,NaN
1553320800,3992.1236679130725,4018.83,3981.25,4000.96,56.312905143931005,NaN,NaN
1553342400,3996.5418339565363,4006.23,3978.01,3993.815,53.28719692879841,NaN,NaN
1553364000,3995.178416978268,4007.9,3987.01,3997.4900000000002,54.63727245600874,NaN,NaN
1553385600,3996.334208489134,4006.02,3976.39,3992.95,52.614214070889965,NaN,NaN
1553407200,3994.6421042445672,4003.97,3975,3988.6675,50.706940396306756,NaN,NaN
1553428800,3991.6548021222834,3997.97,3983.29,3990.4424999999997,51.491833397517404,NaN,NaN
1553450400,3991.0486510611418,3995.38,3950,3981.51,47.401349061295484,NaN,NaN
1553472000,3986.279325530571,3999.3,3980.75,3990.715,51.66276236790944,NaN,NaN
1553493600,3988.497162765286,3999,3985,3990.4624999999996,51.53941190492357,NaN,NaN
1553515200,3989.4798313826427,3989.4798313826427,3956.14,3973.41,43.91378743124876,NaN,NaN
1553536800,3981.4449156913215,3981.4449156913215,3888.71,3938.8475,33.193792044163445,NaN,NaN
1553558400,3960.1462078456607,3960.1462078456607,3931,3939.79,33.669312381914764,NaN,NaN
1553580000,3949.9681039228303,3949.9681039228303,3909.11,3925.37,30.135093787887854,NaN,NaN
1553601600,3937.669051961415,3947.23,3894,3922.7875,29.537113368412207,NaN,NaN
1553623200,3930.2282759807076,3952,3924.95,3939.0175,37.87987118739344,NaN,NaN
1553644800,3934.622887990354,4006.52,3934.622887990354,3973.73,51.190669736355574,NaN,NaN
1553666400,3954.1764439951767,4040.36,3954.1764439951767,4016.0924999999997,61.91569203715112,NaN,NaN
1553688000,3985.134471997588,4034.99,3985.134471997588,4023.7625,63.480353499036134,NaN,NaN
1553709600,4004.4484859987942,4048,4004.4484859987942,4030.4775,64.84220961777147,NaN,NaN
1553731200,4017.462992999397,4039.7,4002,4027.1924999999997,63.59285133694318,NaN,NaN
1553752800,4022.327746499698,4031.17,4005.19,4020.1125,60.87065325529445,NaN,NaN
1553774400,4021.220123249849,4038.5,4012.01,4022.9449999999997,61.579249127292776,NaN,NaN
1553796000,4022.0825616249244,4030,4019.93,4025.6349999999998,62.27789798059821,NaN,NaN
1553817600,4023.858780812462,4063.97,4023.858780812462,4036.6849999999995,65.08644593929925,NaN,NaN
1553839200,4030.271890406231,4123.71,4024.03,4075.0550000000003,72.69007156436493,NaN,NaN
1553860800,4052.6634452031158,4123.44,4052.6634452031158,4100.8324999999995,76.40743856571156,NaN,NaN
1553882400,4076.7479726015576,4108.85,4076.7479726015576,4095.8325,74.29497980937862,NaN,NaN
1553904000,4086.290236300779,4140,4052,4099.955,74.91088419572742,NaN,NaN
1553925600,4093.1226181503894,4108.58,4074,4094.885,72.60676771916447,NaN,NaN
1553947200,4094.003809075195,4096.91,4057.07,4081.6375,66.8231803577919,NaN,NaN
1553968800,4087.8206545375974,4107.74,4079.16,4093.4674999999997,69.18384424775975,NaN,NaN
1553990400,4090.6440772687984,4116.12,4082.57,4100.63,70.55014750180628,NaN,NaN
1554012000,4095.6370386343992,4116.12,4084.61,4102.1050000000005,70.83690469971395,NaN,NaN
1554033600,4098.8710193172,4113.46,4095.64,4105.3775,71.49995886726816,NaN,NaN
1554055200,4102.1242596586,4112,4097.73,4103.625,70.57456491634042,NaN,NaN
1554076800,4102.8746298293,4140.95,4067,4111.3099999999995,72.26948537619583,NaN,NaN
1554098400,4107.092314914649,4144.04,4107.092314914649,4129.674999999999,75.84949640561202,NaN,NaN
1554120000,4118.383657457324,4158.7,4118.383657457324,4139.805,77.5696443143054,NaN,NaN
1554141600,4129.094328728663,4154.97,4129.094328728663,4144.3775000000005,78.32026833013977,NaN,NaN
1554163200,4136.735914364332,4841.44,4136.735914364332,4438.09,93.45999226426278,NaN,NaN
1554184800,4287.412957182166,4775,4287.412957182166,4676.6125,95.93974709614427,NaN,NaN
1554206400,4482.012728591083,4777.82,4482.012728591083,4702.3575,96.1111430926535,NaN,NaN
1554228000,4592.185114295542,4897.99,4592.185114295542,4784.34,96.60291819544868,NaN,NaN
1554249600,4688.262557147771,5034.99,4688.262557147771,4886.5525,97.09599004813958,NaN,NaN
1554271200,4787.407528573885,4957.33,4787.407528573885,4916.225,97.22204619743405,NaN,NaN
1554292800,4851.816264286943,5132,4851.816264286943,5013.0275,97.58963763896034,NaN,NaN
1554314400,4932.4218821434715,5275.01,4760,5012.0825,97.45406556113716,NaN,NaN
1554336000,4972.252191071736,5039.08,4880,4960.6625,90.11800257881534,NaN,NaN
1554357600,4966.457345535868,5034.11,4894.99,4973.015,90.30677513255134,NaN,NaN
1554379200,4969.7361727679345,5015,4860,4929.0275,84.14267704780399,NaN,NaN
1554400800,4949.381836383967,4949.381836383967,4777,4868.76,76.44375698914337,NaN,NaN
1554422400,4909.070918191984,5000,4880.62,4939.0425,78.87164112805822,NaN,NaN
1554444000,4924.056709095992,4998.99,4924.056709095992,4973.1375,79.95118151101687,NaN,NaN
1554465600,4948.597104547996,5028.22,4941,4989.855,80.47788396077763,NaN,NaN
1554487200,4969.226052273998,5027.1,4956.27,4998.2625,80.75175612537734,NaN,NaN
1554508800,4983.744276136998,5008.72,4965,4994.4400000000005,80.20086552641546,NaN,NaN
1554530400,4989.0921380684995,5000.99,4950.02,4982.2375,78.36301359025006,NaN,NaN
1554552000,4985.664819034249,5205,4975,5069.1224999999995,81.59676296245905,NaN,NaN
1554573600,5027.393659517124,5175.09,4928.59,5066.7,81.23222597272829,NaN,NaN
1554595200,5047.046829758562,5149.98,5026,5079.0125,81.68020373245847,NaN,NaN
1554616800,5063.029664879281,5175,5063.029664879281,5117.4325,83.04055516955104,NaN,NaN
1554638400,5090.231082439641,5164.97,5050,5113.27,82.32728209905633,NaN,NaN
1554660000,5101.750541219821,5234,5097.76,5156.4725,83.87536688066099,NaN,NaN
1554681600,5129.11152060991,5305,5129.11152060991,5219.65,85.83013540479433,NaN,NaN
1554703200,5174.380760304955,5252.91,5045,5148.702499999999,74.85553408516486,NaN,NaN
1554724800,5161.541630152477,5208,5039,5112.705,69.96717373283882,NaN,NaN
1554746400,5137.123315076238,5255,5137.123315076238,5198.459999999999,74.27677007231175,NaN,NaN
1554768000,5167.791657538119,5238.4,5076.68,5174.1975,71.16527373195916,NaN,NaN
1554789600,5170.994578769059,5177.2,5085.75,5139.595,66.86336561712679,NaN,NaN
1554811200,5155.29478938453,5188.94,5135,5159.9225,68.08393784417227,NaN,NaN
1554832800,5157.608644692265,5194.12,5121,5156.9925,67.69686564213193,NaN,NaN
1554854400,5157.300572346133,5220.12,5135,5179.7225,69.16158964483455,NaN,NaN
1554876000,5168.511536173066,5228.08,5168.511536173066,5207.0599999999995,70.87224377274453,NaN,NaN
1554897600,5187.785768086533,5278.99,5187.785768086533,5231.014999999999,72.32115016552531,NaN,NaN
1554919200,5209.400384043266,5422,5180.89,5290.9675,75.59333311256167,NaN,NaN
1554940800,5250.183942021633,5332.67,5100,5230.799999999999,67.02903359042242,NaN,NaN
1554962400,5240.491971010816,5240.491971010816,4927,5076.2225,51.03254738044386,NaN,NaN
1554984000,5158.3572355054075,5158.3572355054075,4961.01,5010.37,45.99642382609175,NaN,NaN
1555005600,5084.363617752704,5084.363617752704,4961.47,5021.455,46.94553949976828,NaN,NaN
1555027200,5052.909308876352,5052.909308876352,4861.22,4971.5175,43.25720060538726,NaN,NaN
1555048800,5012.213404438176,5069.97,4959,5013.3325,47.01133204491991,NaN,NaN
1555070400,5012.772952219088,5080.58,5012.49,5044.102499999999,49.651117493586874,NaN,NaN
1555092000,5028.437726109543,5068.99,5002.94,5040.59,49.34888822417457,NaN,NaN
1555113600,5034.513863054772,5099,5030.01,5065.9375,51.63673325580329,NaN,NaN
1555135200,5050.225681527386,5088.04,5004,5049.41,50.04931108034941,NaN,NaN
1555156800,5049.817840763693,5078.7,5013.2,5044.772500000001,49.58865432229787,NaN,NaN
1555178400,5047.295170381847,5070,5015.7,5049.9775,50.14331103167123,NaN,NaN
1555200000,5048.636335190924,5067.74,5000,5035.0175,48.49187961791037,NaN,NaN
1555221600,5041.826917595462,5055,5003.62,5032.352499999999,48.18741873663771,NaN,NaN
1555243200,5037.08970879773,5084.99,5034.45,5058.349999999999,51.393509436916844,NaN,NaN
1555264800,5047.719854398865,5152.99,5047.719854398865,5103.264999999999,56.41178142168119,NaN,NaN
1555286400,5075.492427199432,5167.38,5075.492427199432,5142.4349999999995,60.264646994703305,NaN,NaN
1555308000,5108.963713599716,5154.62,5091,5123.79,57.652334464041715,NaN,NaN
1555329600,5116.376856799858,5144.66,4983,5069.5650000000005,50.760843329937,NaN,NaN
1555351200,5092.970928399929,5092.970928399929,4950,5021.3825,45.550526225951494,NaN,NaN
1555372800,5057.176714199964,5084.51,5014.97,5048.5875,48.749270086798454,NaN,NaN
1555394400,5052.882107099982,5078.46,5038.68,5060.737499999999,50.157576511149465,NaN,NaN
1555416000,5056.809803549991,5197.72,5003.94,5108.0199999999995,55.30473412460022,NaN,NaN
1555437600,5082.414901774995,5189.42,5082.414901774995,5170.0675,60.99688210375825,NaN,NaN
1555459200,5126.241200887498,5230.4,5126.241200887498,5187.94,62.47917076425803,NaN,NaN
1555480800,5157.090600443749,5228.2,5157.090600443749,5198.8975,63.39761687622457,NaN,NaN
1555502400,5177.994050221874,5228.81,5146.8,5199.145,63.4193980112586,NaN,NaN
1555524000,5188.569525110937,5222.46,5180.74,5202.3575,63.72116869681669,NaN,NaN
1555545600,5195.463512555469,5273,5195.463512555469,5229.5525,66.25873920440927,NaN,NaN
1555567200,5212.508006277734,5256.66,5199.37,5229.5125,66.2513988759423,NaN,NaN
1555588800,5221.0102531388675,5271,5207.14,5234.68,66.76365918549412,NaN,NaN
1555610400,5227.845126569434,5287,5226,5253.1449999999995,68.59786321259803,NaN,NaN
1555632000,5240.495063284717,5260,5175,5227.6025,63.38673681782696,NaN,NaN
1555653600,5234.048781642358,5255,5211.11,5229.545,63.61312206499876,NaN,NaN
1555675200,5231.796890821179,5320,5212.39,5255.7725,66.61467396924967,NaN,NaN
1555696800,5243.78469541059,5278.88,5220.9,5252.8150000000005,65.95398862984925,NaN,NaN
1555718400,5248.299847705295,5309.59,5248.299847705295,5279.2125,68.9172311114429,NaN,NaN
1555740000,5263.756173852647,5333.42,5263.756173852647,5295.139999999999,70.58101942467565,NaN,NaN
1555761600,5279.448086926323,5312.88,5272.06,5286.975,68.55514880253395,NaN,NaN
1555783200,5283.211543463161,5306,5230.1,5276.952499999999,66.04906820432613,NaN,NaN
1555804800,5280.08202173158,5314.35,5276,5290.3475,67.74609461199611,NaN,NaN
1555826400,5285.214760865791,5304.77,5182.5,5246.467500000001,57.59067931945249,NaN,NaN
1555848000,5265.841130432896,5265.841130432896,5165,5213.16,51.30395558940257,NaN,NaN
1555869600,5239.500565216447,5273.13,5190,5236.3525,54.98851628691411,NaN,NaN
1555891200,5237.926532608224,5268.94,5208.35,5242.36,55.91892780355553,NaN,NaN
1555912800,5240.143266304112,5294.72,5225.25,5257.4275,58.24992175407039,NaN,NaN
1555934400,5248.785383152056,5348.39,5248.785383152056,5301.86,64.25298610528837,NaN,NaN
1555956000,5275.322691576028,5400,5275.322691576028,5353.3275,69.68955636539295,NaN,NaN
1555977600,5314.325095788014,5600,5314.325095788014,5449.1375,76.77170477596407,NaN,NaN
1555999200,5381.731297894006,5547.83,5381.731297894006,5507.700000000001,79.86806636937509,NaN,NaN
1556020800,5444.7156489470035,5589,5444.7156489470035,5540.26,81.3561248272629,NaN,NaN
1556042400,5492.487824473502,5583.83,5465.01,5523.7875,78.2066510616232,NaN,NaN
1556064000,5508.137662236752,5574.87,5430.6,5515.8775,76.67173481938056,NaN,NaN
1556085600,5512.007581118376,5582.2,5333.35,5466.634999999999,67.7563645989612,NaN,NaN
1556107200,5489.321290559188,5489.321290559188,5377.02,5399.335,57.85481327920838,NaN,NaN
1556128800,5444.3281452795945,5444.3281452795945,5340.1,5389.7225,56.58293775342631,NaN,NaN
1556150400,5417.025322639797,5437.46,5387.33,5411.4574999999995,58.78904088618951,NaN,NaN
1556172000,5414.241411319898,5443.17,5350.07,5410.3625,58.62741709253686,NaN,NaN
1556193600,5412.301955659949,5481.53,5404.36,5449.8575,62.61922724903236,NaN,NaN
1556215200,5431.079727829974,5491.84,5102,5321.235000000001,46.78700164151609,NaN,NaN
1556236800,5376.157363914987,5510,5161.62,5304.13,45.15205856447209,NaN,NaN
1556258400,5340.143681957494,5341.46,5271,5317.5,46.71931560443998,NaN,NaN
1556280000,5328.821840978747,5339.55,5195.89,5283.3325,43.31314718834247,NaN,NaN
1556301600,5306.077170489374,5340,5232.61,5287.825000000001,43.892377232090766,NaN,NaN
1556323200,5296.951085244687,5326.12,5261.29,5303.0475,45.909231264587014,NaN,NaN
1556344800,5299.999292622344,5325.59,5270,5295.719999999999,45.06940595075774,NaN,NaN
1556366400,5297.859646311172,5320,5257.67,5293.64,44.818771320228606,NaN,NaN
1556388000,5295.749823155586,5342.5,5286.06,5310.9,47.43122867805133,NaN,NaN
1556409600,5303.324911577793,5319.78,5280,5301.3675,46.13221752141116,NaN,NaN
1556431200,5302.346205788896,5340,5298.09,5321.005,49.21771242963131,NaN,NaN
1556452800,5311.675602894448,5336.91,5282.58,5318.47,48.82889201855242,NaN,NaN
1556474400,5315.072801447224,5321.03,5259.48,5301.6825,46.224578100024786,NaN,NaN
1556496000,5308.3776507236125,5332,5297.33,5314.3775000000005,48.46312355963325,NaN,NaN
1556517600,5311.3775753618065,5323.99,5241,5290.6925,44.722583241338675,NaN,NaN
1556539200,5301.035037680904,5301.035037680904,5178.8,5244.5575,38.49068445231046,NaN,NaN
1556560800,5272.796268840451,5272.796268840451,5185,5228.1225,36.53744472650693,NaN,NaN
1556582400,5250.459384420226,5264.01,5192.15,5224.450000000001,36.09664277794157,NaN,NaN
1556604000,5237.4546922101135,5288.48,5201.53,5244.7975,40.38779993931502,NaN,NaN
1556625600,5241.126096105057,5339.98,5241.126096105057,5291.8425,48.927202574514276,NaN,NaN
1556647200,5266.484298052528,5338.54,5266.484298052528,5309.2925000000005,51.691486550427115,NaN,NaN
1556668800,5287.888399026264,5374.18,5287.888399026264,5340.327499999999,56.22902418867651,NaN,NaN
1556690400,5314.107949513132,5366.9,5314.107949513132,5350.702499999999,57.66075290829372,NaN,NaN
1556712000,5332.405224756565,5402,5332.405224756565,5373.455,60.696927305302,NaN,NaN
1556733600,5352.9301123782825,5397.69,5342.75,5380.3225,61.59220383524328,NaN,NaN
1556755200,5366.626306189141,5395,5366.626306189141,5384.9125,62.2117675482996,NaN,NaN
1556776800,5375.769403094571,5460,5375.769403094571,5420.8125,66.73199043449247,NaN,NaN
1556798400,5398.290951547286,5538,5398.290951547286,5474.9775,72.14579967008437,NaN,NaN
1556820000,5436.634225773643,5520,5436.634225773643,5498.992499999999,74.154047042194,NaN,NaN
1556841600,5467.813362886822,5607.73,5467.813362886822,5544.3675,77.46068041408795,NaN,NaN
1556863200,5506.090431443411,5844,5506.090431443411,5696.325000000001,84.57696743141561,NaN,NaN
1556884800,5601.207715721706,5843,5601.207715721706,5766.0875,86.65940683785163,NaN,NaN
1556906400,5683.647607860853,5801.25,5683.647607860853,5761.702499999999,85.87453411287204,NaN,NaN
1556928000,5722.675053930427,5900,5722.675053930427,5806.959999999999,87.16645469983301,NaN,NaN
1556949600,5764.817526965213,5830,5755.48,5790.875,84.2182709532987,NaN,NaN
1556971200,5777.846263482606,5795.99,5587.45,5713.745000000001,71.69590317494819,NaN,NaN
1556992800,5745.795631741304,5874.34,5658.51,5760.597500000001,74.20495980814104,NaN,NaN
1557014400,5753.196565870652,5839.9,5753.196565870652,5811.9375,76.64780858516207,NaN,NaN
1557036000,5782.567032935326,5830.67,5710.63,5781.76,72.3128219612613,NaN,NaN
1557057600,5782.163516467663,5808.22,5732.14,5762.1725,69.56274306962428,NaN,NaN
1557079200,5772.168008233832,5818,5696,5757.4,68.87544382894944,NaN,NaN
1557100800,5764.784004116916,5796.59,5642.5,5732.530000000001,65.25708710418871,NaN,NaN
1557122400,5748.657002058459,5748.657002058459,5619.14,5690.102500000001,59.51307072314214,NaN,NaN
1557144000,5719.37975102923,5785,5673,5730.61,62.87314465594105,NaN,NaN
1557165600,5724.994875514614,5805,5724.994875514614,5761.88,65.26934998619133,NaN,NaN
1557187200,5743.437437757308,5988,5743.437437757308,5858.4974999999995,71.4093979372399,NaN,NaN
1557208800,5800.967468878654,5968,5800.967468878654,5942.2425,75.45921236250842,NaN,NaN
1557230400,5871.604984439327,6028.41,5840,5940.4,75.20680486366462,NaN,NaN
1557252000,5906.0024922196635,5969.22,5820,5895.5025,69.137961841172,NaN,NaN
1557273600,5900.752496109832,5901,5772.2,5853.175,63.902536112160334,NaN,NaN
1557295200,5876.963748054915,5959.99,5865,5913.5325,67.66289949398256,NaN,NaN
1557316800,5895.248124027457,5970,5895.248124027457,5933.0625,68.79562403485583,NaN,NaN
1557338400,5914.155312013729,6014.72,5910.01,5960.567500000001,70.36979527910762,NaN,NaN
1557360000,5937.361406006865,6135.56,5937.361406006865,6051.68,74.88890707665911,NaN,NaN
1557381600,5994.520703003433,6147.55,5994.520703003433,6098.8275,76.85598900934559,NaN,NaN
1557403200,6046.674101501716,6135.15,6025,6094.105,76.21200041410675,NaN,NaN
1557424800,6070.389550750858,6224.55,6070.389550750858,6169.8175,79.21847887701567,NaN,NaN
1557446400,6120.103525375429,6365.01,6120.103525375429,6261.755,82.16601047107388,NaN,NaN
1557468000,6190.929262687714,6390,6190.929262687714,6315.09,83.61765872951257,NaN,NaN
1557489600,6253.009631343857,6468.92,6253.009631343857,6369.2775,84.95736136452902,NaN,NaN
1557511200,6311.143565671929,6450,6270.03,6382.0175,85.26250967682591,NaN,NaN
1557532800,6346.580532835964,6790,6346.580532835964,6569.392500000001,88.84623890568159,NaN,NaN
1557554400,6457.986516417983,6952.63,6457.986516417983,6775.9375,91.34473979431826,NaN,NaN
1557576000,6616.962008208991,6979.99,6616.962008208991,6844.289999999999,91.98463093197756,NaN,NaN
1557597600,6730.626004104495,7343.99,6730.626004104495,7052.785,93.55085540323248,NaN,NaN
1557619200,6891.7055020522475,7342,6876.12,7149.6675000000005,94.12530289385818,NaN,NaN
1557640800,7020.6865010261245,7521.78,6966,7240.33,94.60921580083928,NaN,NaN
1557662400,7130.508250513062,7242,6750,7023.4725,78.04854333716884,NaN,NaN
1557684000,7076.9903752565315,7170,6863,6984.505,75.49140163583425,NaN,NaN
1557705600,7030.747687628265,7170,6870,7012.522499999999,76.09777462797788,NaN,NaN
1557727200,7021.635093814132,7294.77,6983.91,7136.197499999999,78.61316355468611,NaN,NaN
1557748800,7078.916296907066,7883.95,7078.916296907066,7518.764999999999,84.16461240641101,NaN,NaN
1557770400,7298.840648453533,8100,7298.840648453533,7805.285,86.90596472206107,NaN,NaN
1557792000,7552.062824226767,8027.85,7552.062824226767,7874.960000000001,87.47384984072468,NaN,NaN
1557813600,7713.511412113384,8366,7713.511412113384,8063.514999999999,88.8794419840766,NaN,NaN
1557835200,7888.513206056692,8205,7766,8010.8375,85.9767916109379,NaN,NaN
1557856800,7949.675353028346,8017,7599.56,7895.110000000001,79.8101641632246,NaN,NaN
1557878400,7922.392676514173,8116.28,7883.38,7972.9075,80.80678062754549,NaN,NaN
1557921600,7947.650088257087,8109,7850,7996.4275,81.11036209939894,NaN,NaN
1557943200,7972.0387941285435,8249,7972.0387941285435,8133.509999999999,82.81633673830841,NaN,NaN
1557964800,8052.774397064271,8320,7870.01,8090.295000000001,80.35264537260083,NaN,NaN
1557986400,8071.534698532136,8128.46,7767,7942.1125,72.39926874752894,NaN,NaN
1558008000,8006.823599266068,8034.69,7725,7885.4349999999995,69.56312082365066,NaN,NaN
1558029600,7946.129299633034,7960,7705,7860.775000000001,68.3092826348228,NaN,NaN
1558051200,7903.452149816518,7925,7000,7500.152499999999,53.206104908786386,NaN,NaN
1558072800,7701.802324908258,7701.802324908258,7056,7197.037499999999,44.333350599015645,NaN,NaN
1558094400,7449.419912454128,7449.419912454128,6913,7098.6475,41.89132983610354,NaN,NaN
1558116000,7274.033706227065,7375,6986,7191.705,44.97833683701353,NaN,NaN
1558137600,7232.869353113532,7458,7227,7363.299999999999,50.22896519344843,NaN,NaN
1558159200,7298.084676556766,7415,7156.61,7322.16,49.021136661335774,NaN,NaN
1558180800,7310.122338278383,7393.01,7256.63,7310.3325,48.658871608933204,NaN,NaN
1558202400,7310.227419139192,7343.99,7230,7279.6075,47.67326951268406,NaN,NaN
1558224000,7294.917459569596,7997,7243.08,7598.455,57.331957047747494,NaN,NaN
1558245600,7446.686229784798,8092.9,7446.686229784798,7955.0025,65.09162609464676,NaN,NaN
1558267200,7700.8443648923985,8000.03,7700.8443648923985,7924.17,64.00757960338359,NaN,NaN
1558288800,7812.507182446199,8275.09,7812.507182446199,8071.242499999999,66.8441307771559,NaN,NaN
1558310400,7941.8748412231,8156.03,7780,8017.4475,64.8315150530747,NaN,NaN
1558332000,7979.66117061155,7990.01,7777.77,7897.3525,60.455290564401935,NaN,NaN
1558353600,7938.506835305775,7938.506835305775,7553,7756.345,55.70107400805106,NaN,NaN
1558375200,7847.425917652888,8080,7672.78,7858.965,58.27287629131892,NaN,NaN
1558396800,7853.195458826443,7998,7790.05,7900.037499999999,59.291544647717856,NaN,NaN
1558418400,7876.616479413222,7980.9,7771,7868.794999999999,58.12906062006675,NaN,NaN
1558440000,7872.705739706611,7971,7793.38,7893.7125,58.822482847039126,NaN,NaN
1558461600,7883.209119853305,8042.32,7865.2,7943.11,60.22866133427528,NaN,NaN
1558483200,7913.159559926653,7988,7830.23,7910.95,58.820334241019275,NaN,NaN
1558504800,7912.054779963326,7930.92,7730,7845.825,55.96639929079345,NaN,NaN
1558526400,7878.939889981662,8016,7760,7864.875,56.629294673617316,NaN,NaN
1558548000,7871.907444990831,7917.68,7465,7722.915,50.52515901077187,NaN,NaN
1558569600,7797.411222495415,7797.411222495415,7533,7615.802500000001,46.45618069473587,NaN,NaN
1558591200,7706.606861247708,7706.606861247708,7461,7577.477500000001,45.05795944745272,NaN,NaN
1558612800,7642.042180623855,7849,7552.53,7686.725,49.70494879593756,NaN,NaN
1558634400,7664.383590311927,7940.98,7664.383590311927,7812.99,54.49541927371053,NaN,NaN
1558656000,7738.686795155963,7910,7738.686795155963,7835.79,55.32293095874361,NaN,NaN
1558677600,7787.238397577981,8000,7787.238397577981,7896.2775,57.52952097444046,NaN,NaN
1558699200,7841.757948788991,8130,7841.757948788991,8010.79,61.414860641699015,NaN,NaN
1558720800,7926.273974394495,8096.74,7892,7992.2825,60.4522866765962,NaN,NaN
1558742400,7959.278237197248,8033.48,7915.57,7961.8875,58.82172412679744,NaN,NaN
1558764000,7960.5828685986235,8091.8,7908.34,7994.53,60.06743675424669,NaN,NaN
1558785600,7977.556434299311,8065.98,7965.22,8020.7675,61.086437317472196,NaN,NaN
1558807200,7999.1619671496555,8057.11,7939,8007.595,60.255110931154064,NaN,NaN
1558828800,8003.378483574828,8047.5,7925,7990.12,59.1059220236445,NaN,NaN
1558850400,7996.749241787415,8003,7833.42,7927.735,55.06811617008794,NaN,NaN
1558872000,7962.242120893707,8000,7863.48,7933.575,55.37544667528802,NaN,NaN
1558893600,7947.908560446853,8740,7947.908560446853,8319.0625,69.97447132227471,NaN,NaN
1558915200,8133.485530223426,8842.57,8133.485530223426,8673.3575,77.31884203142279,NaN,NaN
1558936800,8403.421515111713,8735.14,8403.421515111713,8677.6225,77.39053768969816,NaN,NaN
1558958400,8540.522007555857,8908.32,8540.522007555857,8707.0775,77.9098761183605,NaN,NaN
1558980000,8623.799753777928,8823.52,8613.07,8706.47,77.87014752748863,NaN,NaN
1559001600,8665.134876888964,8798.49,8665.134876888964,8735.69,78.43963652559582,NaN,NaN
1559023200,8700.412438444482,8743.85,8625,8705.1975,76.23489278745564,NaN,NaN
1559044800,8702.804969222241,8790,8510.63,8691.5425,75.21533396099323,NaN,NaN
1559066400,8697.17373461112,8774.25,8630,8712.73,75.75710485869868,NaN,NaN
1559088000,8704.95186730556,8716.87,8406.6,8573.655,65.61779753912586,NaN,NaN
1559109600,8639.303433652782,8687.55,8435,8549.439999999999,64.01136643833122,NaN,NaN
1559131200,8594.37171682639,8750,8594.37171682639,8661.7425,67.93236771448416,NaN,NaN
1559152800,8628.057108413195,8700,8601,8652.915,67.31156401935995,NaN,NaN
1559174400,8640.486054206598,8757.33,8541.33,8662.670000000002,67.66324446075024,NaN,NaN
1559196000,8651.5780271033,8775,8651.5780271033,8716.19,69.59592211311217,NaN,NaN
1559217600,8683.884013551651,9074.26,8513.38,8728.16,70.02739175845446,NaN,NaN
1559239200,8706.022006775826,8706.022006775826,8005,8385.4775,48.7139284799949,NaN,NaN
1559260800,8545.749753387914,8545.749753387914,8108.5,8252.805,43.228283082776244,NaN,NaN
1559282400,8399.277376693957,8399.277376693957,8226.18,8279.64,44.587496699654565,NaN,NaN
1559304000,8339.458688346978,8459.41,8268.85,8353.1975,48.245262087405884,NaN,NaN
1559325600,8346.328094173488,8594,8346.328094173488,8482.35,53.98824371266242,NaN,NaN
1559347200,8414.339047086745,8591.83,8414.339047086745,8517.1525,55.423679721352194,NaN,NaN
1559368800,8465.745773543373,8626,8445.53,8529.1225,55.9328909568779,NaN,NaN
1559390400,8497.434136771686,8583.99,8442.36,8526.82,55.80084512078254,NaN,NaN
1559412000,8512.127068385842,8600,8468,8532.494999999999,56.076083764365485,NaN,NaN
1559433600,8522.31103419292,8598,8522.31103419292,8562.0875,57.56020439074993,NaN,NaN
1559455200,8542.199267096461,8753.01,8542.199267096461,8654.900000000001,61.907481564284595,NaN,NaN
1559476800,8598.549633548231,8814.78,8561.47,8685.345,63.23775306150315,NaN,NaN
1559498400,8641.947316774116,8756.28,8614.1,8684.915,63.20418057057268,NaN,NaN
1559520000,8663.431158387059,8800.95,8509.46,8651.6725,60.52883813865096,NaN,NaN
1559541600,8657.55182919353,8657.55182919353,8321.5,8501.9175,50.21659446225853,NaN,NaN
1559563200,8579.734664596765,8579.734664596765,8330,8467.33,48.17515514372689,NaN,NaN
1559584800,8523.532332298382,8583,8080.8,8311.919999999998,40.25622157396336,NaN,NaN
1559606400,8417.72616614919,8417.72616614919,7780.4,7991.3975,29.489649845110293,NaN,NaN
1559628000,8204.561833074595,8204.561833074595,7800,7926.085,27.854838856201923,NaN,NaN
1559649600,8065.323416537298,8065.323416537298,7606.48,7805.32,25.085648983058462,NaN,NaN
1559671200,7935.321708268649,7935.321708268649,7481.02,7632.5225,21.75324803901502,NaN,NaN
1559692800,7783.922104134324,7859.99,7687.04,7741.7075,28.239962371181136,NaN,NaN
1559714400,7762.814802067162,7888,7678.23,7772.275,29.98981433308539,NaN,NaN
1559736000,7767.5449010335815,7825.95,7572.78,7745.885,29.324969387920817,NaN,NaN
1559757600,7756.714950516791,7896.7,7609.81,7769.4775,30.801899763138408,NaN,NaN
1559779200,7763.096225258396,7868.13,7742.12,7794.174999999999,32.39461817637323,NaN,NaN
1559800800,7778.635612629198,7840.62,7740.4,7800.375,32.81269436522504,NaN,NaN
1559822400,7789.505306314599,7849,7565.25,7720.4625,30.218762577624958,NaN,NaN
1559844000,7754.983903157299,7807,7444.58,7668.1825,28.624499095085227,NaN,NaN
1559865600,7711.583201578649,7849.99,7711.583201578649,7789.4125,36.93337414222317,NaN,NaN
1559887200,7750.497850789325,8000,7750.497850789325,7864.6,41.48319101581006,NaN,NaN
1559908800,7807.548925394663,8094.7,7807.548925394663,7984.4225,47.93019167897212,NaN,NaN
1559930400,7895.985712697331,8100,7895.985712697331,8018.5075,49.63022220494776,NaN,NaN
1559952000,7957.246606348665,8044.65,7912.65,7966.7625,47.11531142117543,NaN,NaN
1559973600,7962.004553174333,8000,7850,7940.9225,45.86542489594648,NaN,NaN
1559995200,7951.463526587166,7986.22,7751,7883.782499999999,43.14007760595209,NaN,NaN
1560016800,7917.6230132935825,7943.72,7777,7857.73,41.91709177264559,NaN,NaN
1560038400,7887.676506646791,7935,7831,7883.764999999999,43.6367010120062,NaN,NaN
1560060000,7885.720753323395,7925.99,7835,7871.8525,43.009259289077264,NaN,NaN
1560081600,7878.7866266616975,7878.7866266616975,7571.55,7726.6525,36.18046520247372,NaN,NaN
1560103200,7802.719563330849,7802.719563330849,7506.66,7632.007500000001,32.55235695638078,NaN,NaN
1560124800,7717.363531665425,7717.363531665425,7511,7613.485,31.878617199860017,NaN,NaN
1560146400,7665.424265832713,7954.7,7596,7771.2425,42.74738181372684,NaN,NaN
1560168000,7718.333382916357,8020,7718.333382916357,7921.5525,50.80170932188612,NaN,NaN
1560189600,7819.942941458178,7989.89,7819.942941458178,7937.46,51.57808977352895,NaN,NaN
1560211200,7878.701470729089,8010,7878.701470729089,7952.4575,52.341687904560594,NaN,NaN
1560232800,7915.579485364545,7936.08,7706.83,7833.472500000001,46.126787473157165,NaN,NaN
1560254400,7874.525992682273,7890.99,7692.23,7803.1625,44.67167328036766,NaN,NaN
1560276000,7838.844246341137,7947.98,7835,7882.4400000000005,49.18679201129712,NaN,NaN
1560297600,7860.642123170568,8045,7788.99,7910.6725,50.72884210265958,NaN,NaN
1560319200,7885.657311585284,8012,7856.73,7940.089999999999,52.35144667488132,NaN,NaN
1560340800,7912.873655792642,8200,7909.9,8045.9725,57.74528816183139,NaN,NaN
1560362400,7979.423077896321,8135,7979.423077896321,8102.28,60.317875441432705,NaN,NaN
1560384000,8040.85153894816,8147.26,8026,8099.71,60.137907624558615,NaN,NaN
1560405600,8070.28076947408,8115.78,8040.15,8085.3724999999995,59.078882951332396,NaN,NaN
1560427200,8077.82663473704,8219.49,8010.03,8122.945,61.01629596085513,NaN,NaN
1560448800,8100.38581736852,8309.82,8100.38581736852,8216.4575,65.40622002619081,NaN,NaN
1560470400,8158.42165868426,8244.18,8144.32,8203.872500000001,64.35587890598862,NaN,NaN
1560492000,8181.14707934213,8298.15,8173.05,8234.747500000001,65.80662598127714,NaN,NaN
1560513600,8207.947289671065,8458.58,8207.947289671065,8333.985,70.02901583725365,NaN,NaN
1560535200,8270.966144835533,8684.41,8270.966144835533,8517.215,75.93735247728021,NaN,NaN
1560556800,8394.090572417766,8670.32,8394.090572417766,8636.2025,78.85280774996559,NaN,NaN
1560578400,8515.146536208882,8720,8515.146536208882,8648.105,79.12526940269808,NaN,NaN
1560600000,8581.62576810444,8864.99,8581.48,8715.14,80.63828887171344,NaN,NaN
1560621600,8648.38288405222,8842.48,8648.38288405222,8789.130000000001,82.17407847861038,NaN,NaN
1560643200,8718.756442026111,9279,8718.756442026111,9031.192500000001,86.06767366769233,NaN,NaN
1560664800,8874.974471013056,9333,8874.974471013056,9148.785,87.496463837166,NaN,NaN
1560686400,9011.879735506529,9279.98,8983,9095.4925,83.32588894355473,NaN,NaN
1560708000,9053.686117753265,9165,8820.67,8992.555,75.809310789263,NaN,NaN
1560729600,9023.120558876632,9212.66,8950,9063.9275,77.33589501768054,NaN,NaN
1560751200,9043.524029438315,9292,9043.524029438315,9190.925,79.78091781464803,NaN,NaN
1560772800,9117.224514719157,9379.38,9051,9227.09,80.4284300582424,NaN,NaN
1560794400,9172.157257359579,9444,9159.08,9286.23,81.47329980555547,NaN,NaN
1560816000,9229.19362867979,9336.36,9080.42,9212.15,75.99993907672219,NaN,NaN
1560837600,9220.671814339894,9250,8975.06,9129.4,70.31726863442964,NaN,NaN
1560859200,9175.035907169946,9199.34,8950,9093.68,67.95521293114948,NaN,NaN
1560880800,9134.357953584973,9142.64,8953.43,9057.21,65.53469437081662,NaN,NaN
1560902400,9095.783976792485,9206.28,9036.71,9124.307499999999,67.8066853018831,NaN,NaN
1560924000,9110.045738396242,9193.03,9087,9147.17,68.56703242461175,NaN,NaN
1560945600,9128.60786919812,9158.68,8988,9105.5175,65.5304077268006,NaN,NaN
1560967200,9117.06268459906,9304,8960,9164.74,67.71941644082034,NaN,NaN
1560988800,9140.90134229953,9350,9140.90134229953,9274.4275,71.34862478808105,NaN,NaN
1561010400,9207.664421149766,9309.09,9175.2,9252.5975,69.66983398814082,NaN,NaN
1561032000,9230.130960574883,9424.05,9215.84,9307.375,71.48304080527977,NaN,NaN
1561053600,9268.752980287441,9590,9268.752980287441,9443.317500000001,75.41165656485433,NaN,NaN
1561075200,9356.035240143721,9798,9356.035240143721,9640.937499999998,79.77389106498815,NaN,NaN
1561096800,9498.48637007186,9826.06,9498.48637007186,9745.8575,81.63659962851192,NaN,NaN
1561118400,9622.17193503593,9925.7,9622.17193503593,9819.0075,82.82425102911424,NaN,NaN
1561140000,9720.589717517965,10174.99,9720.589717517965,10011.595000000001,85.48576360622832,NaN,NaN
1561161600,9866.092358758982,10951.81,9866.092358758982,10442.3625,89.43082287593212,NaN,NaN
1561183200,10154.22742937949,10946.99,10154.22742937949,10795.800000000001,91.47761930506897,NaN,NaN
1561204800,10475.013714689747,11160,10310,10762.6375,89.72191517961593,NaN,NaN
1561226400,10618.825607344874,10829.99,10410,10671.635,84.90613881315655,NaN,NaN
1561248000,10645.230303672437,10963.25,10645.230303672437,10793.6275,85.99161508362566,NaN,NaN
1561269600,10719.428901836218,10846.55,10555.18,10718.4875,82.07635354269814,NaN,NaN
1561291200,10718.958200918109,10862.98,10650.02,10742.5525,82.35347064811211,NaN,NaN
1561312800,10730.755350459054,11392.64,10730.755350459054,10969.2775,84.74629364847105,NaN,NaN
1561334400,10850.016425229527,10905.96,10620.8,10816.4275,77.15101627134675,NaN,NaN
1561356000,10833.221962614763,11023.39,10740.01,10883.525,78.07975572278734,NaN,NaN
1561377600,10858.373481307382,11143.63,10800,10988.705,79.4872978153365,NaN,NaN
1561399200,10923.539240653692,11125,10861.34,11029.182499999999,80.01903574815785,NaN,NaN
1561420800,10976.360870326846,11381.85,10976.360870326846,11202.7925,82.15562855522603,NaN,NaN
1561442400,11089.576685163422,11499.24,11089.576685163422,11376.245,83.99683205682247,NaN,NaN
1561464000,11232.91084258171,11503.71,11130.01,11357.452500000001,82.99762639047121,NaN,NaN
1561485600,11295.181671290855,11850,11295.181671290855,11597.82,85.39136862634699,NaN,NaN
1561507200,11446.500835645427,13000,11446.500835645427,12273.4225,89.75663436932157,NaN,NaN
1561528800,11859.961667822714,12840.91,11859.961667822714,12610.7075,91.17448836483572,NaN,NaN
1561550400,12235.334583911357,13750,12235.334583911357,13142.5375,92.85409180902931,NaN,NaN
1561572000,12688.93604195568,13970,11801,13100.622500000001,91.37807871829388,NaN,NaN
1561593600,12894.77927097784,13478.04,12500,13001.904999999999,87.83668305391676,NaN,NaN
1561615200,12948.34213548892,12948.34213548892,11450,12394.0525,69.8784226708086,NaN,NaN
1561636800,12671.19731774446,12671.19731774446,10680.04,11586.445,54.0631551016132,NaN,NaN
1561658400,12128.82115887223,12128.82115887223,10525.1,11119.355,47.38361514307542,NaN,NaN
1561680000,11624.088079436115,11771.98,10982.88,11353.967499999999,50.67975514680444,NaN,NaN
1561701600,11489.027789718057,12203,11324.14,11757.5325,55.80806960766247,NaN,NaN
1561723200,11623.280144859029,12190.14,11623.280144859029,11976.394999999999,58.33812912216505,NaN,NaN
1561744800,11799.837572429515,12480,11799.837572429515,12158.765,60.373930870294444,NaN,NaN
1561766400,11979.301286214757,12441.54,11475.02,11984.7475,57.487289970701184,NaN,NaN
1561788000,11982.024393107378,12033,11524.21,11798.134999999998,54.47909696602168,NaN,NaN
1561809600,11890.079696553688,12199,11702,11983.8925,56.896961986921994,NaN,NaN
1561831200,11936.986098276844,12244,11826.92,11997.054999999998,57.070961907842275,NaN,NaN
1561852800,11967.020549138422,12180,11880,11984.1225,56.828225984113814,NaN,NaN
1561874400,11975.571524569212,12025.24,11501.1,11780.949999999999,53.01342532615538,NaN,NaN
1561896000,11878.260762284604,11878.260762284604,10933,11414.869999999999,46.903837798995546,NaN,NaN
1561917600,11646.565381142302,11646.565381142302,10766.03,11131.38,42.791144254873046,NaN,NaN
1561939200,11388.97269057115,11388.97269057115,10719,10983.8675,40.78705930208061,NaN,NaN
1561960800,11186.420095285575,11189.99,10900,11047.8575,42.05484922314583,NaN,NaN
1561982400,11117.138797642787,11117.138797642787,10050,10601.810000000001,36.23152510646715,NaN,NaN
1562004000,10859.474398821394,10859.474398821394,10030,10412.51,34.07504475577922,NaN,NaN
1562025600,10635.992199410697,10700,9776,10230.4125,32.09603331468482,NaN,NaN
1562047200,10433.202349705349,10433.202349705349,9727,9972.2925,29.482220867367175,NaN,NaN
1562068800,10202.747424852674,10784.94,9918,10367.310000000001,37.826820428889775,NaN,NaN
1562090400,10285.028712426338,10938.75,10285.028712426338,10782.5525,45.171657044290804,NaN,NaN
1562112000,10533.79060621317,11513,10533.79060621317,11157.87,50.826165265475225,NaN,NaN
1562133600,10845.830303106584,11484.17,10845.830303106584,11239.432499999999,51.98505613754609,NaN,NaN
1562155200,11042.631401553292,11460,11042.631401553292,11231.2925,51.85371315168377,NaN,NaN
1562176800,11136.961950776646,11991.89,11017.59,11531.115,56.239386386435676,NaN,NaN
1562198400,11334.038475388323,12000,11334.038475388323,11785.065,59.59646502645536,NaN,NaN
1562220000,11559.55173769416,11798.98,11457.91,11645.53,57.00862001210214,NaN,NaN
1562241600,11602.540868847082,11889,11600,11747.4775,58.42894243281899,NaN,NaN
1562263200,11675.009184423541,11838.95,11055,11466.825,53.21663542097308,NaN,NaN
1562284800,11570.91709221177,11570.91709221177,11002.63,11144.964999999998,47.935339030022334,NaN,NaN
1562306400,11357.941046105883,11357.941046105883,10796.44,11110.917500000001,47.399456749170874,NaN,NaN
1562328000,11234.429273052941,11406.83,11030,11223.485,49.41301797760021,NaN,NaN
1562349600,11228.957136526471,11321.78,10805.1,11093.5125,47.16787473774367,NaN,NaN
1562371200,11161.234818263236,11544,10964.51,11202.557499999999,49.25124764203256,NaN,NaN
1562392800,11181.896159131618,11485,11181.896159131618,11359.0275,52.166088415108725,NaN,NaN
1562414400,11270.46182956581,11665,11270.46182956581,11464.195,54.07537126342303,NaN,NaN
1562436000,11367.328414782904,11560.05,11050,11350.5775,51.67560836261581,NaN,NaN
1562457600,11358.952957391451,11358.952957391451,11094.37,11225.060000000001,49.08409559140497,NaN,NaN
1562479200,11292.006478695726,11354.18,11114.09,11254,49.71031368471571,NaN,NaN
1562500800,11273.003239347863,11462,11119.6,11328.4425,51.36725836314519,NaN,NaN
1562522400,11300.722869673931,11538,11263,11403.81,53.05372616083175,NaN,NaN
1562544000,11352.266434836965,11460,11220,11374.135,52.28491966157608,NaN,NaN
1562565600,11363.200717418484,11923.68,11335.06,11637.52,58.08994804443982,NaN,NaN
1562587200,11500.360358709242,11905.95,11500.360358709242,11848.817500000001,62.076065404702945,NaN,NaN
1562608800,11674.58892935462,12338.03,11674.58892935462,12048.8475,65.42832584930771,NaN,NaN
1562630400,11861.71821467731,12750.95,11861.71821467731,12450.480000000001,70.97588291120105,NaN,NaN
1562652000,12156.099107338656,12794.73,12068,12439.685,70.64774368873046,NaN,NaN
1562673600,12297.892053669328,12570.52,12104.78,12360.4225,68.15612248185207,NaN,NaN
1562695200,12329.157276834663,12648.58,12260,12490.21,70.02059714011885,NaN,NaN
1562716800,12409.683638417331,13110.1,12409.683638417331,12800.517500000002,73.94808052103315,NaN,NaN
1562738400,12605.100569208666,13147.08,12605.100569208666,12977.555,75.88882116515464,NaN,NaN
1562760000,12791.327784604333,13130,12100,12623.397500000001,65.39386479298066,NaN,NaN
1562781600,12707.362642302167,12707.362642302167,11569,12074.247500000001,53.12553652603,NaN,NaN
1562803200,12390.805071151084,12390.805071151084,11200,11712.96,46.8925160950575,NaN,NaN
1562824800,12051.882535575542,12051.882535575542,11292,11487.69,43.46799433861291,NaN,NaN
1562846400,11769.786267787771,11782,11370.66,11605.8125,45.706995027600016,NaN,NaN
1562868000,11687.799383893886,11699.51,11000,11427.4725,42.941709511941184,NaN,NaN
1562889600,11557.635941946943,11557.635941946943,11073,11333.18,41.51169371868006,NaN,NaN
1562911200,11445.407970973472,11749,11324.36,11530.34,45.591631584237575,NaN,NaN
1562932800,11487.873985486736,11717.35,11401.1,11591.2,46.82471415469151,NaN,NaN
1562954400,11539.536992743368,11885,11501.58,11683.87,48.7300910770454,NaN,NaN
1562976000,11611.703496371683,11799.98,11500,11676.082499999999,48.572581909218854,NaN,NaN
1562997600,11643.892998185842,11650,11185,11446.205,44.04668240947289,NaN,NaN
1563019200,11545.04899909292,11545.04899909292,11248,11343.8275,42.162459035291405,NaN,NaN
1563040800,11444.43824954646,11450,10830,11245.3925,40.37411169526877,NaN,NaN
1563062400,11344.91537477323,11452,11139.7,11293.435,41.67441826410869,NaN,NaN
1563084000,11319.175187386616,11319.175187386616,10505,10927.54,35.35129335454948,NaN,NaN
1563105600,11123.357593693308,11123.357593693308,10295,10575.425,30.547822038736257,NaN,NaN
1563127200,10849.391296846654,10849.391296846654,10103,10396.545,28.4340843780151,NaN,NaN
1563148800,10622.968148423326,10622.968148423326,9860,10123.785,25.53290464013878,NaN,NaN
1563170400,10373.376574211663,10389.06,10068.43,10231.7775,28.63748654864213,NaN,NaN
1563192000,10302.577037105832,10673.44,10059.24,10364.162499999999,32.360291667602425,NaN,NaN
1563213600,10333.369768552915,11100,10333.369768552915,10683.615,40.43527280336064,NaN,NaN
1563235200,10508.492384276458,11028,10508.492384276458,10803.9925,43.18763975333818,NaN,NaN
1563256800,10656.24244213823,10850,10460,10686.252499999999,41.18316631318933,NaN,NaN
1563278400,10671.247471069113,10684.93,9501,10137.154999999999,33.397948829525205,NaN,NaN
1563300000,10404.201235534556,10404.201235534556,9350.01,9565.782500000001,27.55972827122889,NaN,NaN
1563321600,9984.99186776728,9984.99186776728,9214,9456.904999999999,26.60532321439338,NaN,NaN
1563343200,9720.94843388364,9720.94843388364,9060,9345.220000000001,25.625013524524434,NaN,NaN
1563364800,9533.084216941821,9861.99,9060,9464.475,28.64820791520262,NaN,NaN
1563386400,9498.779608470912,9957,9498.779608470912,9739.27,35.18591530160846,NaN,NaN
1563408000,9619.024804235456,9895,9521,9724.635,35.00197296371313,NaN,NaN
1563429600,9671.829902117728,9996.52,9659.14,9805.2925,36.95802049576301,NaN,NaN
1563451200,9738.561201058863,10665,9252,10046.557499999999,42.529358709546685,NaN,NaN
1563472800,9892.559350529431,10788,9892.559350529431,10595.130000000001,52.75343948679702,NaN,NaN
1563494400,10243.844675264716,10706.93,10243.844675264716,10545.787499999999,51.85976254373923,NaN,NaN
1563516000,10394.816087632356,10769.71,10210.39,10436.5775,49.84699021196681,NaN,NaN
1563537600,10415.696793816178,10650,10121.84,10366.1525,48.538707890101925,NaN,NaN
1563559200,10390.92464690809,10576.92,10335,10456.9275,50.347657061890594,NaN,NaN
1563580800,10423.926073454044,10620,10350,10512.715,51.47654979303186,NaN,NaN
1563602400,10468.320536727022,10689,10433.01,10567.185000000001,52.60949632317596,NaN,NaN
1563624000,10517.752768363513,10995,10462.02,10722.86,55.786780521922424,NaN,NaN
1563645600,10620.306384181757,11068.99,10620.306384181757,10832.25,57.92162914957402,NaN,NaN
1563667200,10726.278192090878,10817.9,10530,10664.5225,53.644508036175964,NaN,NaN
1563688800,10695.400346045439,10745.98,10460.01,10590.3325,51.82167047705072,NaN,NaN
1563710400,10642.866423022719,10642.866423022719,10288,10472.03,48.96449312181132,NaN,NaN
1563732000,10557.44821151136,10649.88,10350,10501.9775,49.7202296446572,NaN,NaN
1563753600,10529.71285575568,10683.16,10511,10593.0975,52.046990086624696,NaN,NaN
1563775200,10561.405177877841,10640,10407.3,10549.357499999998,50.83098152425098,NaN,NaN
1563796800,10555.38133893892,10588,10167.1,10417.72,47.252863389722336,NaN,NaN
1563818400,10486.55066946946,10486.55066946946,10100,10297.225,44.18672286031688,NaN,NaN
1563840000,10391.88783473473,10391.88783473473,10116.66,10242.01,42.815715259262426,NaN,NaN
1563861600,10316.948917367365,10316.948917367365,9883,10075.7225,38.90103384494936,NaN,NaN
1563883200,10196.335708683682,10196.335708683682,9870.58,9994.192500000001,37.1095164183387,NaN,NaN
1563904800,10095.26410434184,10227.98,9822,9982.0225,36.83680727768478,NaN,NaN
1563926400,10038.64330217092,10038.64330217092,9593.06,9757.9625,32.152102624676715,NaN,NaN
1563948000,9898.302901085459,9898.302901085459,9619.49,9710.899999999998,31.25304421907238,NaN,NaN
1563969600,9804.601450542728,9937,9525,9699.835,31.03332505158282,NaN,NaN
1563991200,9752.218225271365,9848,9566.29,9699.0275,31.01618785285865,NaN,NaN
1564012800,9725.622862635682,10175,9720.03,9928.535,40.99029443709328,NaN,NaN
1564034400,9827.078931317841,10140,9827.078931317841,10067.914999999999,46.08827637720495,NaN,NaN
1564056000,9947.49696565892,10156.6,9905,10029.8825,44.947195208686196,NaN,NaN
1564077600,9988.68973282946,10010,9798.89,9919.9675,41.73148651152449,NaN,NaN
1564099200,9954.32861641473,9954.32861641473,9637,9780.5625,38.016538466419206,NaN,NaN
1564120800,9867.445558207364,9867.445558207364,9657,9746.0125,37.1342354569415,NaN,NaN
1564142400,9806.729029103682,9889.98,9704,9791.4875,39.13645534727144,NaN,NaN
1564164000,9799.10826455184,9868.88,9738,9802.88,39.654980720858305,NaN,NaN
1564185600,9800.994132275919,10188.66,9800.994132275919,9970.619999999999,46.83667904756629,NaN,NaN
1564207200,9885.807066137959,10088,9440,9776.9175,40.79841270621167,NaN,NaN
1564228800,9831.362283068978,9831.362283068978,9333,9460.287499999999,33.25193047704998,NaN,NaN
1564250400,9645.824891534488,9645.824891534488,9343.3,9454.4375,33.13000029699454,NaN,NaN
1564272000,9550.131195767244,9578.17,9370,9485.42,34.49987781154179,NaN,NaN
1564293600,9517.775597883621,9579,9430.17,9514.66,35.83582299148604,NaN,NaN
1564315200,9516.21779894181,9594.99,9475.75,9542.485,37.14952712054396,NaN,NaN
1564336800,9529.351399470906,9590,9165,9465.17,35.00492207927455,NaN,NaN
1564358400,9497.260699735452,9729,9493.25,9594.35,41.12097003828865,NaN,NaN
1564380000,9545.805349867725,9650,9395,9535.8925,39.3179088442538,NaN,NaN
1564401600,9540.848924933864,9693.98,9411.31,9522.329999999998,38.89183027237846,NaN,NaN
1564423200,9531.58946246693,9549,9450,9502.3575,38.23472550118263,NaN,NaN
1564444800,9516.973481233465,9539,9402,9475.74,37.32951801372238,NaN,NaN
1564466400,9496.356740616731,9564.86,9450,9497.29,38.59700757921173,NaN,NaN
1564488000,9496.823370308366,9714.28,9496.823370308366,9591.41,43.93067591086004,NaN,NaN
1564509600,9544.116685154182,9650.55,9502.21,9584.0675,43.61240770721502,NaN,NaN
1564531200,9564.092092577092,9777,9555,9653.285,47.475573313255545,NaN,NaN
1564552800,9608.688546288546,9809.99,9608.688546288546,9741.01,51.96706925742671,NaN,NaN
1564574400,9674.849273144273,10109.8,9674.849273144273,9911.5,59.258701761785495,NaN,NaN
1564596000,9793.174636572137,10091.73,9793.174636572137,10032.682499999999,63.50004741193573,NaN,NaN
1564617600,9912.928568286068,10155.06,9863.46,10001.9,61.74173399857145,NaN,NaN
1564639200,9957.414284143033,9994,9878,9935.855,58.029046353683945,NaN,NaN
1564660800,9946.634642071516,10105.04,9946.634642071516,10027.335000000001,61.48384989278477,NaN,NaN
1564682400,9986.98482103576,10467.86,9986.98482103576,10250.455,68.33094877601866,NaN,NaN
1564704000,10118.71991051788,10440.61,10118.71991051788,10382.3375,71.5503427117003,NaN,NaN
1564725600,10250.528705258941,10570,10250.528705258941,10470.9225,73.49909850252222,NaN,NaN
1564747200,10360.72560262947,10670,10350,10482.1025,73.74354441321401,NaN,NaN
1564768800,10421.414051314736,10545,10351.24,10465.59,72.67725195726983,NaN,NaN
1564790400,10443.502025657368,10862.43,10443.502025657368,10665.5025,77.01117257188037,NaN,NaN
1564812000,10554.502262828684,10875.89,10554.502262828684,10774.435,78.96877027116324,NaN,NaN
1564833600,10664.468631414342,10850.59,10662.15,10771.064999999999,78.74536739871974,NaN,NaN
1564855200,10717.766815707171,10904.77,10717.766815707171,10831.045,79.83860652687989,NaN,NaN
1564876800,10774.405907853587,10897,10552,10718.885,72.34507156379814,NaN,NaN
1564898400,10746.645453926794,10746.645453926794,10595.6,10653.6625,68.32881190383767,NaN,NaN
1564920000,10700.153976963396,10992.1,10630.84,10797.215,72.01169124682211,NaN,NaN
1564941600,10748.684488481698,11040,10748.684488481698,10910.564999999999,74.53020344623563,NaN,NaN
1564963200,10829.62474424085,11648,10829.62474424085,11259.364999999998,80.38067735829223,NaN,NaN
1564984800,11044.494872120424,11848,11044.494872120424,11660.0925,84.72252443393891,NaN,NaN
1565006400,11352.293686060213,11937.52,11352.293686060213,11785.69,85.78439684247087,NaN,NaN
1565028000,11568.991843030108,11871.38,11568.991843030108,11793.515,85.85038309350719,NaN,NaN
1565049600,11681.253421515054,11839.82,11570,11766.935,84.41696393064545,NaN,NaN
1565071200,11724.094210757527,12330.7,11600,11884.067500000001,85.56108662205182,NaN,NaN
1565092800,11804.080855378765,11836,11570.03,11723.79,77.20772800960033,NaN,NaN
1565114400,11763.935427689383,11763.935427689383,11226.7,11545.782500000001,69.13478517930307,NaN,NaN
1565136000,11654.858963844692,11725.27,11382.84,11551.44,69.24485287093577,NaN,NaN
1565157600,11603.149481922346,11745.81,11463.14,11642.220000000001,71.0300593682749,NaN,NaN
1565179200,11622.684740961173,12141.17,11487,11790.4125,73.71255910847995,NaN,NaN
1565200800,11706.548620480586,12079.51,11616,11865.2325,74.97259818092442,NaN,NaN
1565222400,11785.890560240292,12017.75,11785.890560240292,11939.345000000001,76.19005225755407,NaN,NaN
1565244000,11862.617780120147,11975,11757,11870.55,72.6568889229593,NaN,NaN
1565265600,11866.583890060072,11923,11521,11715.6425,65.31240365484291,NaN,NaN
1565287200,11791.113195030037,12060,11531.62,11797.165,67.19195684856437,NaN,NaN
1565308800,11794.139097515019,12045.68,11778,11919.5725,69.83497041462871,NaN,NaN
1565330400,11856.85579875751,11970,11700,11809.282500000001,64.77185106004282,NaN,NaN
1565352000,11833.069149378756,11896.46,11700,11777.64,63.35269664445725,NaN,NaN
1565373600,11805.354574689378,11965,11801,11863.765,65.56424329357,NaN,NaN
1565395200,11834.55978734469,11985,11751.61,11866.017499999998,65.62267470986544,NaN,NaN
1565416800,11850.288643672344,11904.36,11350,11624.3125,54.86460079036527,NaN,NaN
1565438400,11737.300571836171,11737.300571836171,11272.1,11391.925000000001,46.903115448487114,NaN,NaN
1565460000,11564.612785918085,11564.612785918085,11270,11341.914999999999,45.37707124929563,NaN,NaN
1565481600,11453.263892959043,11465,11286.3,11358.8625,46.01805558529094,NaN,NaN
1565503200,11406.063196479521,11482.86,11112.11,11359.7875,46.05526409528588,NaN,NaN
1565524800,11382.925348239762,11482.65,11350.01,11418.5775,48.48561340884365,NaN,NaN
1565546400,11400.75142411988,11600,11301,11455.5425,50.010611792123086,NaN,NaN
1565568000,11428.14696205994,11577.89,11371.15,11471.78,50.70099801291198,NaN,NaN
1565589600,11449.96348102997,11449.96348102997,11305.55,11368.145,46.30540059244018,NaN,NaN
1565611200,11409.054240514986,11441.03,11235.32,11354.875,45.75835819126215,NaN,NaN
1565632800,11381.964620257493,11474.03,11375.28,11415.62,48.7434845504156,NaN,NaN
1565654400,11398.792310128747,11456.16,11346.7,11398.552500000002,47.94508904947807,NaN,NaN
1565676000,11398.672405064375,11398.672405064375,11200,11316.592499999999,44.20096697323465,NaN,NaN
1565697600,11357.632452532187,11357.632452532187,10788.45,11069.375,35.257279527677255,NaN,NaN
1565719200,11213.503726266094,11213.503726266094,10858.04,10910.1775,30.918698051723865,NaN,NaN
1565740800,11061.840613133047,11061.840613133047,10541,10738.455,27.051737312213007,NaN,NaN
1565762400,10900.147806566523,10900.147806566523,10410,10565.177500000002,23.81505674886479,NaN,NaN
1565784000,10732.662653283263,10732.662653283263,10100,10397.75,21.17832693938108,NaN,NaN
1565805600,10565.206326641632,10565.206326641632,9928.1,10124.58,17.72930063650584,NaN,NaN
1565827200,10344.893163320816,10344.893163320816,10030.52,10103.7025,17.49480000683083,NaN,NaN
1565848800,10224.297831660408,10224.297831660408,9945.86,10102.439999999999,17.479743471716276,NaN,NaN
1565870400,10163.368915830204,10180,9911,10068.7225,17.057521670994262,NaN,NaN
1565892000,10116.045707915102,10460,10015.68,10198.4525,24.603673209915186,NaN,NaN
1565913600,10157.24910395755,10417,9750,10093.1725,22.79145416081211,NaN,NaN
1565935200,10125.210801978776,10225,9810,10023.21,21.65021396171366,NaN,NaN
1565956800,10074.210400989388,10536.03,10037.97,10279.235,34.563253033389586,NaN,NaN
1565978400,10176.722700494694,10515,10176.722700494694,10366.1875,38.283536756428745,NaN,NaN
1566000000,10271.455100247347,10421.92,10201,10332.8475,37.40541044299704,NaN,NaN
1566021600,10302.151300123674,10465.14,10302.151300123674,10372.6025,39.196368049647866,NaN,NaN
1566043200,10337.376900061838,10371,10010.58,10197.942500000001,34.52287266959148,NaN,NaN
1566064800,10267.65970003092,10267.65970003092,10000,10136.557499999999,33.03218460107951,NaN,NaN
1566086400,10202.10860001546,10278.88,10080,10178.7375,35.10573763638297,NaN,NaN
1566108000,10190.423050007728,10439.93,10095.25,10267.53,39.36218211068848,NaN,NaN
1566129600,10228.976525003865,10500,10228.976525003865,10401.602499999999,45.206305333273335,NaN,NaN
1566151200,10315.289512501931,10435,10285.01,10351.59,43.521300299505754,NaN,NaN
1566172800,10333.439756250966,10439.99,10258.6,10342.7875,43.215977886555386,NaN,NaN
1566194400,10338.113628125484,10780,10338.113628125484,10541.6725,51.495732293732445,NaN,NaN
1566216000,10439.893064062742,10749,10439.893064062742,10676.692500000001,56.16834640685089,NaN,NaN
1566237600,10558.29278203137,10930,10558.29278203137,10792.810000000001,59.75869241926488,NaN,NaN
1566259200,10675.551391015686,10949.96,10675.551391015686,10844.2475,61.27204416830123,NaN,NaN
1566280800,10759.899445507843,10824.13,10560,10713.2,55.54122357105142,NaN,NaN
1566302400,10736.549722753922,10797.44,10580,10712.175000000001,55.49750080006317,NaN,NaN
1566324000,10724.362361376961,10842.03,10650,10753.86,56.98068915759317,NaN,NaN
1566345600,10739.11118068848,10804.13,10172,10496.86,46.65638104680528,NaN,NaN
1566367200,10617.98559034424,10617.98559034424,10081,10199.9275,38.07297967675267,NaN,NaN
1566388800,10408.956545172121,10408.956545172121,9858,10083.035,35.318354992153715,NaN,NaN
1566410400,10245.99577258606,10245.99577258606,9980,10108.61,36.40252924879109,NaN,NaN
1566432000,10177.30288629303,10177.30288629303,9762,10009.727499999999,34.02766565331244,NaN,NaN
1566453600,10093.515193146515,10093.515193146515,9880.01,9972.2725,33.14558589185532,NaN,NaN
1566475200,10032.893846573257,10184.98,9950,10064.15,37.43031824024839,NaN,NaN
1566496800,10048.52192328663,10242,10048.52192328663,10146.2725,41.06608945154118,NaN,NaN
1566518400,10097.397211643314,10196.25,10019.79,10112.4675,40.034815857947514,NaN,NaN
1566540000,10104.932355821657,10232,10060,10135.7825,41.132817430763474,NaN,NaN
1566561600,10120.357427910829,10445,10093.04,10261.1175,46.77492898982247,NaN,NaN
1566583200,10190.737463955415,10444.32,10190.737463955415,10372.54,51.24838000988462,NaN,NaN
1566604800,10281.638731977708,10419.42,10275.12,10353.010000000002,50.44802143341608,NaN,NaN
1566626400,10317.324365988854,10343.48,9890,10142.817500000001,42.715975189693445,NaN,NaN
1566648000,10230.070932994427,10230.070932994427,9933,10016.5475,38.86253131361603,NaN,NaN
1566669600,10123.309216497215,10194.73,9969.38,10082.644999999999,41.82117842996165,NaN,NaN
1566691200,10102.977108248608,10168.26,10010.11,10092.6725,42.27755438985284,NaN,NaN
1566712800,10097.824804124304,10163.99,10020,10089.83,42.17655437856111,NaN,NaN
1566734400,10093.827402062152,10333,9966,10122.1,43.817505917541794,NaN,NaN
1566756000,10107.963701031076,10179,9906.97,10075.76,41.975344000797485,NaN,NaN
1566777600,10091.86185051554,10604,10091.86185051554,10311.605,52.841896947175584,NaN,NaN
1566799200,10201.73342525777,10448.47,10201.73342525777,10371.744999999999,55.148524091142804,NaN,NaN
1566820800,10286.739212628883,10414.94,10230,10340.51,53.67994973092563,NaN,NaN
1566842400,10313.624606314443,10412,10200,10327.94,53.06750184215121,NaN,NaN
1566864000,10320.782303157222,10391.08,10112,10278.055,50.60016547115678,NaN,NaN
1566885600,10299.418651578611,10299.418651578611,10101,10176.0675,45.90136532357623,NaN,NaN
1566907200,10237.743075789305,10244,10051.08,10153.4875,44.90707888158257,NaN,NaN
1566928800,10195.615287894652,10220,10117.46,10177.232499999998,46.22621449081285,NaN,NaN
1566950400,10186.423893947325,10189.27,10060,10141.967499999999,44.5212422393036,NaN,NaN
1566972000,10164.195696973662,10219.47,10105.01,10151.182499999999,45.091153762446,NaN,NaN
1566993600,10157.68909848683,10299,10142.92,10196.925,47.949500135167014,NaN,NaN
1567015200,10177.307049243414,10200.73,9601.01,9930.525,36.1476189197894,NaN,NaN
1567036800,10053.916024621707,10053.916024621707,9528.88,9641.9275,28.08343520884297,NaN,NaN
1567058400,9847.921762310853,9847.921762310853,9320,9496.005,25.041465785157087,NaN,NaN
1567080000,9671.963381155427,9671.963381155427,9376.99,9496.204999999998,25.053448319633674,NaN,NaN
1567101600,9584.084190577712,9584.084190577712,9432.45,9505.995,25.679733649183262,NaN,NaN
1567123200,9545.039595288858,9545.039595288858,9350.41,9476.905,25.01093374584137,NaN,NaN
1567144800,9510.972297644428,9630,9468.03,9547.745,29.80528259634687,NaN,NaN
1567166400,9529.358648822214,9620,9522.76,9559.45,30.594871069539494,NaN,NaN
1567188000,9544.404324411107,9696,9450.35,9563.585000000001,30.890619296832966,NaN,NaN
1567209600,9553.994662205554,9655.77,9553.994662205554,9605.384999999998,33.95441516614022,NaN,NaN
1567231200,9579.689831102776,9618.58,9520.58,9577.4075,32.90299673589523,NaN,NaN
1567252800,9578.548665551389,9627.07,9545.61,9580.8925,33.18055919666013,NaN,NaN
1567274400,9579.720582775695,9684.51,9420.75,9572.4075,32.82452654930785,NaN,NaN
1567296000,9576.064041387846,9642.58,9576.064041387846,9603.2275,35.53051413884252,NaN,NaN
1567317600,9589.645770693924,9619.37,9550,9585.6675,34.67349745724606,NaN,NaN
1567339200,9587.65663534696,9659,9520,9584.377499999999,34.60745741251756,NaN,NaN
1567360800,9586.01706767348,9830,9577.17,9679.6675,43.211669545642096,NaN,NaN
1567382400,9632.84228383674,9793,9632.84228383674,9744.5225,48.20669106102577,NaN,NaN
1567404000,9688.68239191837,9846,9688.68239191837,9789.724999999999,51.41436225945886,NaN,NaN
1567425600,9739.203695959184,10113.08,9739.203695959184,9944.99,60.47033517382064,NaN,NaN
1567447200,9842.096847979592,10450,9842.096847979592,10229.5975,71.10291583870548,NaN,NaN
1567468800,10035.847173989796,10475,10035.847173989796,10376.515,74.86182004171428,NaN,NaN
1567490400,10206.181086994897,10475,10206.181086994897,10395.0775,75.29900904741825,NaN,NaN
1567512000,10300.629293497448,10773,10300.629293497448,10547.465,78.59080758118799,NaN,NaN
1567533600,10424.047146748724,10720,10424.047146748724,10600.4075,79.60758817421484,NaN,NaN
1567555200,10512.227323374362,10650,10400.01,10555.7125,76.31253794107869,NaN,NaN
1567576800,10533.969911687182,10612.97,10451.13,10536.787499999999,74.89887939429565,NaN,NaN
1567598400,10535.37870584359,10650,10369.89,10542.1675,75.04043164118954,NaN,NaN
1567620000,10538.773102921794,10799,10485.07,10619.474999999999,77.0437443510908,NaN,NaN
1567641600,10579.124051460896,10636.95,10487.16,10573.220000000001,73.25520416349922,NaN,NaN
1567663200,10576.172025730448,10648,10450,10566.807499999999,72.72131681743056,NaN,NaN
1567684800,10571.489762865223,10595,10470.51,10532.032500000001,69.75242154810162,NaN,NaN
1567706400,10551.761131432613,10900,10461.37,10605.38,72.31934201724391,NaN,NaN
1567728000,10578.570565716305,10777.01,10548.51,10644.3825,73.60220779630498,NaN,NaN
1567749600,10611.476532858152,10880,10611.476532858152,10766.987500000001,77.18217804592072,NaN,NaN
1567771200,10689.232016429076,10905.87,10293.34,10615.022500000001,65.35201176364538,NaN,NaN
1567792800,10652.12725821454,10652.12725821454,10150,10329.32,49.87432645760894,NaN,NaN
1567814400,10490.72362910727,10490.72362910727,10288.57,10332.2375,50.00454088916837,NaN,NaN
1567836000,10411.480564553634,10476.06,10319.15,10393.289999999999,52.7695601394789,NaN,NaN
1567857600,10402.385282276817,10558,10355,10452.330000000002,55.341715598183356,NaN,NaN
1567879200,10427.35764113841,10533.33,10420,10472.002499999999,56.19770807353653,NaN,NaN
1567900800,10449.680070569204,10592.5,10449.680070569204,10508.087500000001,57.79570663517213,NaN,NaN
1567922400,10478.883785284603,10560,10208,10421.2625,52.80399912678632,NaN,NaN
1567944000,10450.0731426423,10450.0731426423,10350,10382.529999999999,50.70031918459751,NaN,NaN
1567965600,10416.30157132115,10417.71,10305,10366.7375,49.82864937198604,NaN,NaN
1567987200,10391.519535660575,10404.74,10250.01,10335.845,48.08701887949163,NaN,NaN
1568008800,10363.682267830287,10480,10068.5,10317.39,47.02948853597084,NaN,NaN
1568030400,10340.536133915142,10417.33,10175.75,10318.835,47.12753524489341,NaN,NaN
1568052000,10329.68556695757,10373,10211,10289.025,45.26608842215564,NaN,NaN
1568073600,10309.355283478784,10384.99,10242,10298.365,45.98595529776352,NaN,NaN
1568095200,10303.860141739391,10305.75,10193.55,10253.77,43.07305666493273,NaN,NaN
1568116800,10278.815070869696,10278.815070869696,10161.51,10223.9575,41.194450329242855,NaN,NaN
1568138400,10251.386285434848,10251.386285434848,9953,10121.34,35.4613098825308,NaN,NaN
1568160000,10186.363142717424,10293,9972.04,10097.595000000001,34.27270455343496,NaN,NaN
1568181600,10141.979071358714,10141.98,9880,10029.294999999998,31.04894285874451,NaN,NaN
1568203200,10085.637035679356,10120,9923,10040.1675,32.14315520684811,NaN,NaN
1568224800,10062.902267839678,10184.93,10043.16,10110.1925,38.871563741878,NaN,NaN
1568246400,10086.547383919838,10205.22,10066.06,10127.5975,40.45205133119774,NaN,NaN
1568268000,10107.07244195992,10189.92,10040,10120.1575,39.97624156070359,NaN,NaN
1568289600,10113.61497097996,10370,10113.61497097996,10250.485,50.87635879860092,NaN,NaN
1568311200,10182.049985489979,10448.81,10182.049985489979,10357.467499999999,57.671550390692516,NaN,NaN
1568332800,10269.758742744989,10439,10269.758742744989,10354.1175,57.40377641427399,NaN,NaN
1568354400,10311.938121372496,10327.2,10250.12,10293.7725,52.6605555717831,NaN,NaN
1568376000,10302.855310686247,10347.07,10185.11,10266.4025,50.617628494598065,NaN,NaN
1568397600,10284.628905343125,10369.23,10153,10272.725,51.08965552990697,NaN,NaN
1568419200,10278.676952671562,10354.94,10261.12,10312.622500000001,54.07300732690546,NaN,NaN
1568440800,10295.649726335781,10348,10277.32,10302.157500000001,53.1571171533961,NaN,NaN
1568462400,10298.903613167891,10400,10222.33,10324.565,54.9179002756777,NaN,NaN
1568484000,10311.734306583945,10419.99,10310,10361.89,57.76575653690285,NaN,NaN
1568505600,10336.812153291972,10360,10265.9,10317.43,53.43564289507814,NaN,NaN
1568527200,10327.121076645986,10327.121076645986,10270,10301.247500000001,51.91038282408682,NaN,NaN
1568548800,10314.184288322995,10332.45,10252.15,10297.8975,51.58213935977305,NaN,NaN
1568570400,10306.040894161497,10317.96,10265.23,10298.5375,51.645046895458606,NaN,NaN
1568592000,10302.289197080749,10355,10295.52,10316.905,53.51183174981624,NaN,NaN
1568613600,10309.597098540375,10317.22,10275,10297.2525,51.232782624530444,NaN,NaN
1568635200,10303.424799270188,10303.424799270188,10078,10196.66,41.49187526795435,NaN,NaN
1568656800,10250.042399635095,10330,10113.13,10209.91,43.02841822336634,NaN,NaN
1568678400,10229.976199817547,10262.42,10165,10218.215,44.020766044006635,NaN,NaN
1568700000,10224.095599908775,10224.095599908775,10128.01,10175.67,40.16146413349386,NaN,NaN
1568721600,10199.882799954386,10265.07,10151.8,10207.54,44.1139709675135,NaN,NaN
1568743200,10203.711399977194,10275,10169,10220.5725,45.69366337817791,NaN,NaN
1568764800,10212.141949988596,10258.02,10182.28,10206.6625,44.25578097615727,NaN,NaN
1568786400,10209.402224994297,10219.66,10150,10181.9825,41.745732084831346,NaN,NaN
1568808000,10195.69236249715,10215.99,10100,10164.9925,40.06123816974345,NaN,NaN
1568829600,10180.342431248575,10210,10137.77,10172.65,41.212621062240885,NaN,NaN
1568851200,10176.496215624287,10185.4,9653,9972.164999999999,26.733387769406022,NaN,NaN
1568872800,10074.330607812142,10074.330607812142,9813.73,9866.1275,22.27570579239331,NaN,NaN
1568894400,9970.22905390607,10100,9847.74,9956.2825,32.570548831547086,NaN,NaN
1568916000,9963.255776953036,10325,9963.255776953036,10146.405,48.16346345516716,NaN,NaN
1568937600,10054.83038847652,10281,10054.83038847652,10208.925,52.08719603018916,NaN,NaN
1568959200,10131.87769423826,10191.95,10125,10163.105,49.150798818509266,NaN,NaN
1568980800,10147.491347119128,10231,10061.39,10147.002499999999,48.12403914845008,NaN,NaN
1569002400,10147.246923559564,10188.17,10066.66,10136.365,47.41930653786575,NaN,NaN
1569024000,10141.80596177978,10176.7,10080.36,10131.112500000001,47.052902804987944,NaN,NaN
1569045600,10136.45923088989,10136.45923088989,9957,10052.0875,41.81754518946235,NaN,NaN
1569067200,10094.273365444944,10094.273365444944,9900,9998.9675,38.70042258881151,NaN,NaN
1569088800,10046.620432722473,10046.620432722473,9941.8,9982.845000000001,37.779939922447596,NaN,NaN
1569110400,10014.732716361237,10014.732716361237,9853.97,9945.182499999999,35.646973526201165,NaN,NaN
1569132000,9979.957608180619,10089,9918.43,9987.015000000001,39.71796342702257,NaN,NaN
1569153600,9983.486304090311,10058.79,9925.5,9995.420000000002,40.53196125467206,NaN,NaN
1569175200,9989.453152045156,10075.77,9945.61,10010.917500000001,42.084835316924575,NaN,NaN
1569196800,10000.18532602258,10049.99,9940,9993.415,40.78937881122736,NaN,NaN
1569218400,9996.80016301129,9996.80016301129,9866,9927.12,36.23908164811468,NaN,NaN
1569240000,9961.960081505646,9961.960081505646,9711,9843.68,31.47921518837653,NaN,NaN
1569261600,9902.820040752824,9902.820040752824,9615.77,9739.34,26.748023895474162,NaN,NaN
1569283200,9821.080020376412,9821.080020376412,9604,9716.552500000002,25.8347898831026,NaN,NaN
1569304800,9768.816260188207,9792,9681,9741.1825,28.669559033158393,NaN,NaN
1569326400,9754.999380094105,9754.999380094105,9410,9587.752499999999,22.818493188248112,NaN,NaN
1569348000,9671.375940047052,9671.375940047052,7800,8817.3,10.847058221209721,NaN,NaN
1569369600,9244.337970023525,9244.337970023525,8408,8532.525,8.973162369951439,NaN,NaN
1569391200,8888.431485011763,8888.431485011763,8215.64,8394.79,8.232387220982318,NaN,NaN
1569412800,8641.610742505882,8641.610742505882,8230,8345.0525,7.976312127104833,NaN,NaN
1569434400,8493.33162125294,8629.96,8312,8435.865,13.28033634533439,NaN,NaN
1569456000,8464.59831062647,8464.59831062647,8317.47,8395.1725,12.920956310417935,NaN,NaN
1569477600,8429.885405313235,8465.99,8363.63,8401.214999999998,13.296162644603115,NaN,NaN
1569499200,8415.550202656617,8439.99,7750,8125.1325,10.970309480736915,NaN,NaN
1569520800,8270.341351328309,8270.341351328309,7905,8014.429999999999,10.199844740155925,NaN,NaN
1569542400,8142.385675664154,8142.385675664154,7912.95,8012.66,10.18752495609418,NaN,NaN
1569564000,8077.522837832077,8130,7947,8010.700000000001,10.172872156504539,NaN,NaN
1569585600,8044.111418916039,8100,7852.15,7993.2425,10.034434106856764,NaN,NaN
1569607200,8018.67695945802,8265,7977,8112.6825,18.23307695725471,NaN,NaN
1569628800,8065.67972972901,8211.79,8065.67972972901,8166.085000000001,21.670155023628993,NaN,NaN
1569650400,8115.882364864506,8249,8115.882364864506,8164.9275,21.64891319334734,NaN,NaN
1569672000,8140.404932432253,8178.97,8001.09,8114.975,20.705635855905342,NaN,NaN
1569693600,8127.689966216127,8315,8060.02,8179.695,25.25007237784621,NaN,NaN
1569715200,8153.692483108063,8229.13,8095.28,8160.692499999999,24.800646943921734,NaN,NaN
1569736800,8157.192491554031,8157.192491554031,8031.25,8086.13,23.065811967074907,NaN,NaN
1569758400,8121.661245777015,8121.661245777015,7890,8008.4475,21.387249486914,NaN,NaN
1569780000,8065.054372888508,8131.03,7917.84,8021.1525,22.382120318054774,NaN,NaN
1569801600,8043.103436444254,8056.55,7710,7902.3025,19.851245490261434,NaN,NaN
1569823200,7972.702968222127,8099,7733,7915.554999999999,20.924968168307572,NaN,NaN
1569844800,7944.128984111063,8337.26,7944.128984111063,8145.9825,36.783032797271865,NaN,NaN
1569866400,8045.0557420555315,8295.82,8045.0557420555315,8244.83,42.143233274429754,NaN,NaN
1569888000,8144.942871027766,8500,8144.942871027766,8345.720000000001,47.075756621656225,NaN,NaN
1569909600,8245.331435513883,8420,8245.331435513883,8368.769999999999,48.16308721961756,NaN,NaN
1569931200,8307.050717756942,8497,8235,8340.6425,46.896905539619205,NaN,NaN
1569952800,8323.84660887847,8399,8225.38,8298.575,44.99181561140501,NaN,NaN
1569974400,8311.210804439235,8330,8151.22,8233.932499999999,42.15778092891358,NaN,NaN
1569996000,8272.571652219616,8289,8162,8221.345000000001,41.60816885135382,NaN,NaN
1570017600,8246.958326109809,8300,8182.15,8245.244999999999,43.124339479344684,NaN,NaN
1570039200,8246.101663054904,8373.91,8213.08,8294.382500000002,46.21638455563146,NaN,NaN
1570060800,8270.242081527453,8393,8258.33,8323.1725,48.00013808314011,NaN,NaN
1570082400,8296.707290763727,8300.39,8185.38,8246.0125,43.806784657593376,NaN,NaN
1570104000,8271.359895381864,8271.359895381864,8060,8168.772499999999,40.03621694785399,NaN,NaN
1570125600,8220.066197690932,8280,8088,8185.2474999999995,41.198787948924036,NaN,NaN
1570147200,8202.656848845465,8232.41,8005,8138.8099999999995,38.908933491432556,NaN,NaN
1570168800,8170.733424422732,8178.96,8084.18,8126.995000000001,38.32527567532478,NaN,NaN
1570190400,8148.864212211367,8207.77,8122,8161.235000000001,41.08350635474733,NaN,NaN
1570212000,8155.049606105684,8217.47,8130.02,8161.9775,41.144975093338886,NaN,NaN
1570233600,8158.513553052842,8158.513553052842,8093.99,8124.5175,38.937761376813526,NaN,NaN
1570255200,8141.515526526421,8141.515526526421,8070,8102.1875,37.641478196333594,NaN,NaN
1570276800,8121.851513263211,8121.851513263211,8012.98,8058.07,35.15158523975994,NaN,NaN
1570298400,8089.960756631605,8183.41,8037.1,8096.429999999999,38.93397308255392,NaN,NaN
1570320000,8093.195378315802,8153.87,8011.68,8086.15,38.289440444622294,NaN,NaN
1570341600,8089.672689157901,8089.672689157901,7860,7978.93,32.28602800762836,NaN,NaN
1570363200,8034.301344578951,8050,7861.01,7957.0650000000005,31.211321974429154,NaN,NaN
1570384800,7995.683172289476,7995.683172289476,7785,7900.5,28.562491584783928,NaN,NaN
1570406400,7948.091586144737,7948.091586144737,7762,7840.465,26.036849391060414,NaN,NaN
1570428000,7894.278293072369,8060,7801.41,7920.5599999999995,34.37433378937777,NaN,NaN
1570449600,7907.419146536184,8281.32,7907.419146536184,8128.405,50.095319426118266,NaN,NaN
1570471200,8017.912073268091,8299.92,8017.912073268091,8232.1925,55.79054999020372,NaN,NaN
1570492800,8125.052286634045,8325,8125.052286634045,8237.2175,56.05205756673761,NaN,NaN
1570514400,8181.134893317023,8259.99,8126.81,8202.6525,53.69906234713132,NaN,NaN
1570536000,8191.8936966585115,8246,8130,8182.3125,52.30753167673292,NaN,NaN
1570557600,8187.103098329256,8210,8088.75,8160.3475,50.77728823623238,NaN,NaN
1570579200,8173.725299164627,8203.7,8115,8159.610000000001,50.72363176082781,NaN,NaN
1570600800,8166.667649582314,8239,8134.54,8176.950000000001,52.0077226028928,NaN,NaN
1570622400,8171.808824791157,8663.92,8160,8406.705,65.016159238184,NaN,NaN
1570644000,8289.256912395578,8670,8289.256912395578,8592.6425,71.70125486300745,NaN,NaN
1570665600,8440.949706197789,8592,8440.949706197789,8547.545,68.29259314471167,NaN,NaN
1570687200,8494.247353098894,8644,8462,8545.49,68.133642316419,NaN,NaN
1570708800,8519.868676549446,8573.93,8414.52,8501.085000000001,64.63299618060987,NaN,NaN
1570730400,8510.476838274724,8589.81,8482.2,8529.9775,65.86202561762049,NaN,NaN
1570752000,8520.227169137363,8779.51,8359,8535.085000000001,66.08638592489751,NaN,NaN
1570773600,8527.656084568682,8527.656084568682,8261.54,8361.615,53.278892224618936,NaN,NaN
1570795200,8444.63554228434,8444.63554228434,8270.16,8320.1875,50.74940697438629,NaN,NaN
1570816800,8382.41152114217,8382.41152114217,8212.38,8291.615,49.02077963350577,NaN,NaN
1570838400,8337.013260571086,8354.82,8250,8298.3975,49.46085247006543,NaN,NaN
1570860000,8317.705380285543,8369.98,8291,8328.125,51.43949717392071,NaN,NaN
1570881600,8322.915190142772,8400,8305.39,8337.279999999999,52.06194783517883,NaN,NaN
1570903200,8330.097595071386,8345.34,8285,8313.724999999999,50.2763051684036,NaN,NaN
1570924800,8321.911297535691,8366,8276.33,8317.314999999999,50.55465794059111,NaN,NaN
1570946400,8319.613148767845,8383,8306.46,8340.47,52.40531371728485,NaN,NaN
1570968000,8330.041574383922,8451.37,8330.041574383922,8392.1525,56.33383179730119,NaN,NaN
1570989600,8361.097037191961,8437.31,8160,8324.085000000001,50.429923938766194,NaN,NaN
1571011200,8342.59101859598,8342.59101859598,8241.9,8288.8225,47.6441986457328,NaN,NaN
1571032800,8315.706759297991,8333.42,8277,8300.5125,48.65675541095734,NaN,NaN
1571054400,8308.109629648996,8388.85,8203,8299.725,48.58858286150046,NaN,NaN
1571076000,8303.917314824499,8377,8251.89,8325.692500000001,51.02528566482253,NaN,NaN
1571097600,8314.80490741225,8403,8302.25,8344.745,52.79317192822995,NaN,NaN
1571119200,8329.774953706125,8340.84,8258.4,8305.385,48.86853461099826,NaN,NaN
1571140800,8317.579976853063,8360,8090,8228.5075,42.260329726369,NaN,NaN
1571162400,8273.043738426531,8273.043738426531,8124.87,8158.7325,37.32677521333244,NaN,NaN
1571184000,8215.888119213265,8215.888119213265,8144.35,8163.9275,37.90798536510493,NaN,NaN
1571205600,8189.907809606632,8189.907809606632,8010,8103.9075,33.986482868090036,NaN,NaN
1571227200,8146.907654803316,8146.907654803316,7917,8000.9725,28.53461238302478,NaN,NaN
1571248800,8073.940077401658,8073.940077401658,7930,7980.397499999999,27.58219017457796,NaN,NaN
1571270400,8027.168788700828,8027.168788700828,7929.03,7974.575000000001,27.30444582059171,NaN,NaN
1571292000,8000.871894350415,8118.86,7954.37,8029.5075,34.05166582494901,NaN,NaN
1571313600,8015.189697175207,8124.92,8015.189697175207,8072.59,38.845690880107725,NaN,NaN
1571335200,8043.889848587603,8089,8032.54,8068.727500000001,38.5749498241221,NaN,NaN
1571356800,8056.308674293802,8115,7856.89,7987.834999999999,33.33490565807706,NaN,NaN
1571378400,8022.071837146901,8022.071837146901,7816.01,7896.7925,28.622359561325084,NaN,NaN
1571400000,7959.43216857345,7975,7884.01,7929.52,32.32602224152866,NaN,NaN
1571421600,7944.476084286725,7983.32,7915.02,7945.942500000001,34.17185346385388,NaN,NaN
1571443200,7945.209292143363,7957.99,7892,7932.837500000001,33.389218975573726,NaN,NaN
1571464800,7939.023396071681,7998.9,7913.16,7947.665,35.19762911296199,NaN,NaN
1571486400,7943.34419803584,8098.1,7866.92,7976.75,38.712505782911194,NaN,NaN
1571508000,7960.04709901792,7999.34,7891.76,7958.785,37.36441176395846,NaN,NaN
1571529600,7959.41604950896,7959.41604950896,7870,7921.297500000001,34.652662980258654,NaN,NaN
1571551200,7940.35677475448,7985,7883,7930.465,35.87825454596161,NaN,NaN
1571572800,7935.41088737724,8172.73,7935.41088737724,8047.9525,49.06311841302416,NaN,NaN
1571594400,7991.681693688621,8297,7991.681693688621,8196.717499999999,60.21771415100438,NaN,NaN
1571616000,8094.19959684431,8251.41,8094.19959684431,8221.9325,61.74680092464782,NaN,NaN
1571637600,8158.066048422155,8286.28,8158.066048422155,8235.0725,62.55452461845791,NaN,NaN
1571659200,8196.569274211077,8333,8142.03,8224.9925,61.482034880609895,NaN,NaN
1571680800,8210.780887105539,8229.88,8147.85,8191.259999999999,57.90422428771614,NaN,NaN
1571702400,8201.020443552768,8218.55,8159.96,8195.970000000001,58.269382427452726,NaN,NaN
1571724000,8198.495221776386,8278.97,8187.49,8237.8975,61.47320253557832,NaN,NaN
1571745600,8218.196360888192,8297.99,8165,8235.695,61.20736358303373,NaN,NaN
1571767200,8226.945680444096,8226.945680444096,8000,8107.5325,48.15701589424509,NaN,NaN
1571788800,8167.239090222049,8167.239090222049,7920,7985.3625,39.50922455935807,NaN,NaN
1571810400,8076.300795111025,8076.300795111025,7938.79,7967.1625,38.402853944578,NaN,NaN
1571832000,8021.731647555513,8021.731647555513,7300,7682.33,26.08960870844939,NaN,NaN
1571853600,7852.030823777756,7852.030823777756,7386.37,7472.912499999999,20.807211811413808,NaN,NaN
1571875200,7662.471661888878,7662.471661888878,7397.13,7444.092500000001,20.201030318297953,NaN,NaN
1571896800,7553.282080944439,7553.282080944439,7337.99,7412.635,19.53214206147807,NaN,NaN
1571918400,7482.95854047222,7503.68,7413.43,7443.255,22.231433691883424,NaN,NaN
1571940000,7463.106770236111,7479,7403.76,7432.345,21.94891661520718,NaN,NaN
1571961600,7447.725885118056,7459.29,7361,7419.9075,21.61173805307854,NaN,NaN
1571983200,7433.8166925590285,7642.58,7433.8166925590285,7527.0025000000005,31.385929374467963,NaN,NaN
1572004800,7480.4095962795145,8799,7480.4095962795145,8111.29,60.398396262526724,NaN,NaN
1572026400,7795.849798139758,8706.07,7795.849798139758,8573.965,70.89365708598302,NaN,NaN
1572048000,8184.907399069879,10370,8184.907399069879,9272.784999999998,79.66122628374524,NaN,NaN
1572069600,8728.846199534939,9632.18,8728.846199534939,9355.345,80.41193613288652,NaN,NaN
1572091200,9042.095599767468,9444.44,9042.095599767468,9212.4075,75.23437932409246,NaN,NaN
1572112800,9127.251549883735,9289.7,8855.5,9126.567500000001,72.22670793599306,NaN,NaN
1572134400,9126.909524941868,9369.8,9074.34,9213.535,73.38749294772461,NaN,NaN
1572156000,9170.222262470934,9642.99,9129.26,9307.0175,74.61563539916472,NaN,NaN
1572177600,9238.619881235467,9774.98,9211.19,9480.47,76.75880408149689,NaN,NaN
1572199200,9359.544940617732,9794.98,9359.544940617732,9601.215,78.14226977528669,NaN,NaN
1572220800,9480.379970308866,9902.1,9480.379970308866,9640.1175,78.58458257324978,NaN,NaN
1572242400,9560.248735154433,9609.36,9265,9471.8525,71.81530368225522,NaN,NaN
1572264000,9516.050617577217,9516.050617577217,9254,9358.15,67.57908591888139,NaN,NaN
1572285600,9437.10030878861,9483.49,9160,9300.9,65.48453845023889,NaN,NaN
1572307200,9369.000154394304,9550,9188.8,9333.880000000001,66.13568689649455,NaN,NaN
1572328800,9351.440077197152,9490.1,9351,9416.3875,67.77365282931913,NaN,NaN
1572350400,9383.913788598577,9469.27,9256.91,9369.81,65.83765711518356,NaN,NaN
1572372000,9376.861894299287,9482,9072,9320.0275,63.741840362625815,NaN,NaN
1572393600,9348.444697149644,9409.84,9153,9292.3975,62.55167649950076,NaN,NaN
1572415200,9320.421098574821,9320.421098574821,9018,9142.327500000001,56.39277436056717,NaN,NaN
1572436800,9231.37429928741,9231.37429928741,9001.01,9095.6625,54.59273792532824,NaN,NaN
1572458400,9163.518399643704,9225,9100.03,9147.567500000001,56.26494523695316,NaN,NaN
1572480000,9155.542949821853,9204.97,9051.01,9144.365,56.127602429849986,NaN,NaN
1572501600,9149.953974910926,9209,8913,9099.7475,54.144596918432605,NaN,NaN
1572523200,9124.850737455463,9405,9108.42,9216.59,58.29957035395613,NaN,NaN
1572544800,9170.720368727732,9259.18,9013,9164.49,55.86866743612184,NaN,NaN
1572566400,9167.605184363867,9167.605184363867,9030,9099.087500000001,52.88743345920903,NaN,NaN
1572588000,9133.346342181934,9279,9070,9148.195,54.83618524438046,NaN,NaN
1572609600,9140.770671090966,9248.51,9060,9158.2525,55.24449813679103,NaN,NaN
1572631200,9149.511585545482,9277.16,9148.84,9204.442500000001,57.160050507564264,NaN,NaN
1572652800,9176.977042772742,9270.76,9176.977042772742,9227.470000000001,58.122356837727935,NaN,NaN
1572674400,9202.223521386371,9255,9186.21,9224.9475,57.96874405699571,NaN,NaN
1572696000,9213.585510693185,9373.74,9201.02,9276.3125,60.27129548515917,NaN,NaN
1572717600,9244.949005346592,9320,9244.949005346592,9290.6225,60.91371451339793,NaN,NaN
1572739200,9267.785752673295,9362.57,9225.01,9285.119999999999,60.50854588654113,NaN,NaN
1572760800,9276.452876336647,9284.59,9109,9203.252499999999,54.68090744010562,NaN,NaN
1572782400,9239.852688168323,9239.852688168323,9101,9150.1,51.23101395889859,NaN,NaN
1572804000,9194.976344084162,9236,9066.14,9163.6425,52.0609022935745,NaN,NaN
1572825600,9179.30942204208,9209.82,9115.84,9165.79,52.19980943478154,NaN,NaN
1572847200,9172.549711021042,9273,9133.71,9201.7275,54.57204222198746,NaN,NaN
1572868800,9187.138605510521,9325,9187.138605510521,9281.3025,59.379212277597716,NaN,NaN
1572890400,9234.220552755261,9513.68,9234.220552755261,9366.0525,63.77577359767841,NaN,NaN
1572912000,9300.136526377632,9454.95,9300.136526377632,9395.55,65.18806133962835,NaN,NaN
1572933600,9347.843263188815,9382.34,9175.76,9306.465,57.85224657398329,NaN,NaN
1572955200,9327.154131594409,9389.94,9217,9308.2225,57.95277596521707,NaN,NaN
1572976800,9317.688315797204,9415.33,9275,9334.7,59.51928576084083,NaN,NaN
1572998400,9326.194157898602,9350,9266.16,9313.795,57.69174390786378,NaN,NaN
1573020000,9319.994578949301,9440.91,9312.39,9363.4225,60.77118380922399,NaN,NaN
1573041600,9341.70853947465,9391.75,9250.01,9326.225,57.3988846112411,NaN,NaN
1573063200,9333.966769737326,9363.58,9265.5,9315.54,56.43019331336099,NaN,NaN
1573084800,9324.753384868663,9375,9259.88,9319.622500000001,56.73066153794823,NaN,NaN
1573106400,9322.187942434331,9322.187942434331,9151,9240.2,49.56883680114562,NaN,NaN
1573128000,9281.193971217166,9281.193971217166,9119,9188.975,45.57275625286642,NaN,NaN
1573149600,9235.084485608582,9265.88,9101,9195.555,46.1730364236407,NaN,NaN
1573171200,9215.319742804291,9261,9176.45,9214.7275,47.973561959346796,NaN,NaN
1573192800,9215.023621402146,9215.023621402146,8955,9100.8925,39.520667869819654,NaN,NaN
1573214400,9157.958060701072,9157.958060701072,8696,8884.119999999999,29.030702309566948,NaN,NaN
1573236000,9021.039030350536,9021.039030350536,8768.9,8806.630000000001,26.339291266804793,NaN,NaN
1573257600,8913.83451517527,8913.83451517527,8730.5,8793.43,25.898822158969253,NaN,NaN
1573279200,8853.632257587635,8880,8807,8832.975,29.692126305408223,NaN,NaN
1573300800,8843.303628793818,8874.9,8724.88,8798.2575,28.32140580193405,NaN,NaN
1573322400,8820.780564396908,8831,8756,8792.735,28.099190794116126,NaN,NaN
1573344000,8806.757782198454,8864,8750,8820.1325,30.991988008472717,NaN,NaN
1573365600,8813.445141099226,8890,8811,8846.965,33.80110507290101,NaN,NaN
1573387200,8830.205070549613,9147.19,8783.5,8949.36,43.288439600589165,NaN,NaN
1573408800,8889.782535274808,9099.92,8889.782535274808,9049.8475,50.74832945239982,NaN,NaN
1573430400,8969.815017637404,9072.32,8850,8965.64,45.36329123226812,NaN,NaN
1573452000,8967.727508818702,8967.727508818702,8618.68,8786.5025,36.49202814368926,NaN,NaN
1573473600,8877.115004409352,8877.115004409352,8690,8726.85,34.100536137169456,NaN,NaN
1573495200,8801.982502204675,8801.982502204675,8699,8742.08,35.26695070478178,NaN,NaN
1573516800,8772.031251102337,8796,8705,8746.985,35.66191964457897,NaN,NaN
1573538400,8759.508125551169,8786,8712.35,8750.080000000002,35.92757243540319,NaN,NaN
1573560000,8754.794062775585,8888,8567.6,8736.785,35.254178417890046,NaN,NaN
1573581600,8745.789531387793,8824.24,8731.48,8779.717499999999,39.21615641235232,NaN,NaN
1573603200,8762.753515693896,8844.99,8702,8773.647500000001,38.85414284981905,NaN,NaN
1573624800,8768.200507846948,8811.24,8713.66,8756.4875,37.79202369960028,NaN,NaN
1573646400,8762.344003923474,8803,8732,8769.432499999999,39.14351186839803,NaN,NaN
1573668000,8765.888251961736,8796.16,8752.3,8773.8725,39.627982507998944,NaN,NaN
1573689600,8769.880375980869,8800,8650,8732.9825,36.72811572168963,NaN,NaN
1573711200,8751.431437990435,8751.431437990435,8582.6,8663.18,32.373018709961684,NaN,NaN
1573732800,8707.305718995218,8707.305718995218,8606.01,8652.5475,31.755336627277586,NaN,NaN
1573754400,8679.926609497608,8684.98,8630.67,8656.0225,32.21058436531632,NaN,NaN
1573776000,8667.974554748804,8667.974554748804,8517,8596.8575,28.70017050329082,NaN,NaN
1573797600,8632.416027374402,8790,8558.59,8635.939999999999,33.83022003722343,NaN,NaN
1573819200,8634.1780136872,8689,8400,8549.6775,28.889429718434002,NaN,NaN
1573840800,8591.927756843601,8591.927756843601,8451.94,8483.8975,25.795616919951016,NaN,NaN
1573862400,8537.9126284218,8537.9126284218,8400,8457.335000000001,24.647748574370354,NaN,NaN
1573884000,8497.6238142109,8543,8452.23,8485.465,28.287139238425283,NaN,NaN
1573905600,8491.54440710545,8526.24,8455.86,8484.6275,28.243402215182357,NaN,NaN
1573927200,8488.085953552725,8492.49,8453.6,8478.675,27.91305786698844,NaN,NaN
1573948800,8483.380476776361,8519.53,8463.64,8491.23,29.778668157443548,NaN,NaN
1573970400,8487.30523838818,8591.83,8350.68,8488.7775,29.617422300289405,NaN,NaN
1573992000,8488.04136919409,8574.37,8488.04136919409,8537.235,36.888945642286934,NaN,NaN
1574013600,8512.638184597046,8635,8455.55,8533.545,36.579030730884426,NaN,NaN
1574035200,8523.091592298522,8523.091592298522,8415,8475.9425,32.05211351896938,NaN,NaN
1574056800,8499.51704614926,8499.51704614926,8423.44,8462.157500000001,31.06141455261431,NaN,NaN
1574078400,8480.83727307463,8480.83727307463,8305,8389.8,26.44151223114295,NaN,NaN
1574100000,8435.318636537315,8435.318636537315,8060,8234.9675,19.692089604718333,NaN,NaN
1574121600,8335.143068268659,8335.143068268659,8103.99,8163.812499999999,17.483402165350967,NaN,NaN
1574143200,8249.47778413433,8249.47778413433,8003,8100.6825,15.791128220909115,NaN,NaN
1574164800,8175.080142067165,8175.080142067165,8010.1,8083.2975,15.3504817277082,NaN,NaN
1574186400,8129.188821033582,8165.02,8077.61,8117.04,20.01567141317878,NaN,NaN
1574208000,8123.114410516791,8158.36,8078.9,8121.027499999999,20.572757642450398,NaN,NaN
1574229600,8122.070955258396,8141.62,8038.4,8095.58,19.63296400528516,NaN,NaN
1574251200,8108.825477629198,8160,8063.02,8114.620000000001,22.486122876520724,NaN,NaN
1574272800,8111.722738814599,8264.29,8066,8143.675000000001,26.759190430471804,NaN,NaN
1574294400,8127.698869407301,8134.73,8080.35,8109.469999999999,25.011165482637693,NaN,NaN
1574316000,8118.58443470365,8126,7855,7993.974999999999,20.210423705894172,NaN,NaN
1574337600,8056.279717351825,8056.279717351825,7500,7715.7725,13.492352274242634,NaN,NaN
1574359200,7886.026108675913,7886.026108675913,7559.49,7605.0725,11.810090080713536,NaN,NaN
1574380800,7745.5493043379565,7745.5493043379565,7523.8,7600.79,11.749060052479606,NaN,NaN
1574402400,7673.169652168978,7750,6940,7339.0225,8.766856436498571,NaN,NaN
1574424000,7506.096076084489,7506.096076084489,6790,7063.995000000001,6.810814015732404,NaN,NaN
1574445600,7285.0455380422445,7378.25,7133.38,7230.975,18.67484549641283,NaN,NaN
1574467200,7258.010269021122,7300.69,7143,7228.174999999999,18.63200990802555,NaN,NaN
1574488800,7243.092634510561,7243.092634510561,7080.01,7172.0275,17.752647444268177,NaN,NaN
1574510400,7207.560067255281,7344.48,7139.75,7235.81,22.24224807532626,NaN,NaN
1574532000,7221.68503362764,7334.86,7221.68503362764,7293,26.13560457892163,NaN,NaN
1574553600,7257.34251681382,7330.39,7150,7241.825000000001,24.932591533517467,NaN,NaN
1574575200,7249.58375840691,7271.73,7100,7187.6,23.688365527015932,NaN,NaN
1574596800,7218.591879203455,7218.591879203455,6912,7097.86,21.753576114900113,NaN,NaN
1574618400,7158.225939601727,7158.225939601727,6861,6983.952499999999,19.568769227053494,NaN,NaN
1574640000,7071.089219800863,7071.089219800863,6515,6724.28,15.698087499257227,NaN,NaN
1574661600,6897.6846099004315,6988,6530,6734.2975,16.3851958124787,NaN,NaN
1574683200,6815.991054950216,7377.69,6815.991054950216,7084.75,36.028993555855905,NaN,NaN
1574704800,6950.370527475108,7273.49,6950.370527475108,7171.5875,39.802814546467495,NaN,NaN
1574726400,7060.979013737554,7297.87,7051,7176.5875,40.022214189729986,NaN,NaN
1574748000,7118.783256868777,7340,7021.64,7194.9125,40.8727760069782,NaN,NaN
1574769600,7156.847878434389,7220,7017.48,7121.5925,38.51905882720308,NaN,NaN
1574791200,7139.220189217194,7178.71,7030.94,7111.032499999999,38.178054351467715,NaN,NaN
1574812800,7125.126344608597,7177.76,7034,7107.370000000001,38.05223051308259,NaN,NaN
1574834400,7116.248172304298,7168.76,6840,7054.865,36.20983286396873,NaN,NaN
1574856000,7085.556586152149,7612,7085.556586152149,7358.219999999999,50.978074655173934,NaN,NaN
1574877600,7221.888293076074,7655,7221.888293076074,7548.4975,57.60762093366418,NaN,NaN
1574899200,7385.1928965380375,7569.19,7385.1928965380375,7485.0125,54.93808758634773,NaN,NaN
1574920800,7435.102698269018,7544.65,7418.34,7472.7275,54.41262259231611,NaN,NaN
1574942400,7453.915099134509,7640.49,7418,7528.514999999999,56.44970131219942,NaN,NaN
1574964000,7491.215049567254,7643,7360,7500.0875,55.098593005193436,NaN,NaN
1574985600,7495.651274783627,7517.54,7362.3,7440.0375,52.253459864221114,NaN,NaN
1575007200,7467.844387391813,7600,7446.53,7505.639999999999,54.98798905006961,NaN,NaN
1575028800,7486.742193695906,7850,7413,7631.29,59.74356140514202,NaN,NaN
1575050400,7559.016096847953,7767.95,7559.016096847953,7729.84,63.041674076007915,NaN,NaN
1575072000,7644.428048423977,7770,7644.428048423977,7745.67,63.55813761905205,NaN,NaN
1575093600,7695.049024211989,7810,7623.38,7711.44,61.555042010205874,NaN,NaN
1575115200,7703.244512105994,7717.15,7441,7573.242499999999,54.13679893986571,NaN,NaN
1575136800,7638.243506052997,7638.243506052997,7461.76,7511.3475,51.162858333427806,NaN,NaN
1575158400,7574.795503026498,7574.795503026498,7228.99,7404.63,46.42723356553225,NaN,NaN
1575180000,7489.712751513249,7489.712751513249,7210,7304.65,42.46186364144189,NaN,NaN
1575201600,7397.181375756624,7477.29,7267.52,7345.7525000000005,44.55832579802625,NaN,NaN
1575223200,7371.466937878313,7436.81,7280,7357.73,45.185101961452325,NaN,NaN
1575244800,7364.598468939156,7420.56,7251.9,7336.245,44.21940058950995,NaN,NaN
1575266400,7350.421734469578,7369,7151.1,7274.755,41.48659231628252,NaN,NaN
1575288000,7312.588367234789,7358,7236.56,7294.615,42.71792245013166,NaN,NaN
1575309600,7303.601683617395,7350,7260.35,7297.655,42.91594423073789,NaN,NaN
1575331200,7300.628341808697,7400,7262.02,7308.2525000000005,43.6472912935975,NaN,NaN
1575352800,7304.440420904349,7323.98,7241.35,7277.1575,41.94903777697475,NaN,NaN
1575374400,7290.7989604521745,7356.13,7262.81,7302.577499999999,43.87167341576061,NaN,NaN
1575396000,7296.688230226087,7356.87,7283.02,7314.94,44.82868315444713,NaN,NaN
1575417600,7305.814115113044,7305.814115113044,7102,7204.134999999999,38.4934971753593,NaN,NaN
1575439200,7254.974557556521,7254.974557556521,7067,7156.9525,36.15074214806,NaN,NaN
1575460800,7205.96352877826,7750,7197.71,7404.289999999999,52.478410476303466,NaN,NaN
1575482400,7305.12676438913,7491.52,7100,7313.8125,47.6755563684085,NaN,NaN
1575504000,7309.469632194565,7376.72,7150,7260.7325,45.06954162052848,NaN,NaN
1575525600,7285.1010660972825,7433,7259.9,7346.080000000001,49.81920878582369,NaN,NaN
1575547200,7315.590533048642,7485,7265,7365.4775,50.859205032176455,NaN,NaN
1575568800,7340.5340165243215,7447.4,7327.59,7376.635,51.48208195668481,NaN,NaN
1575590400,7358.584508262161,7433.99,7313.91,7383.0425000000005,51.859460686271134,NaN,NaN
1575612000,7370.813504131081,7443.15,7305,7370.3625,51.01383425224936,NaN,NaN
1575633600,7370.58800206554,7590.03,7337.56,7435.8175,55.08527016565766,NaN,NaN
1575655200,7403.20275103277,7550,7391.03,7486.1175,57.975837334299136,NaN,NaN
1575676800,7444.660125516385,7619.62,7444.660125516385,7551.6075,61.45411305978144,NaN,NaN
1575698400,7498.133812758193,7559.69,7470.16,7528.4725,59.57812125102157,NaN,NaN
1575720000,7513.303156379096,7551.8,7496,7520.065,58.874739595648684,NaN,NaN
1575741600,7516.684078189548,7527.89,7472.01,7499.1325,57.0682410037029,NaN,NaN
1575763200,7507.908289094774,7507.908289094774,7374.86,7445.97,52.649750510402,NaN,NaN
1575784800,7476.939144547387,7542.16,7411.91,7474.09,54.649855165697176,NaN,NaN
1575806400,7475.514572273693,7564,7475.514572273693,7524.485,58.06830844073446,NaN,NaN
1575828000,7499.9997861368465,7552,7499.9997861368465,7522.83,57.91391490062345,NaN,NaN
1575849600,7511.414893068423,7541.9,7451,7496.655,55.404854342912685,NaN,NaN
1575871200,7504.0349465342115,7530,7440.04,7480.962500000001,53.89725818222422,NaN,NaN
1575892800,7492.4987232671065,7650,7390,7487.3324999999995,54.43920969453251,NaN,NaN
1575914400,7489.9156116335525,7489.9156116335525,7273,7375.0675,44.50876207122639,NaN,NaN
1575936000,7432.491555816776,7432.491555816776,7310.01,7353.52,42.891553689237206,NaN,NaN
1575957600,7393.005777908388,7393.005777908388,7288,7340.1325,41.87355417465357,NaN,NaN
1575979200,7366.5691389541935,7366.5691389541935,7168.6,7261.924999999999,36.433423001093374,NaN,NaN
1576000800,7314.247069477096,7314.247069477096,7157.1,7204.87,33.05907243138304,NaN,NaN
1576022400,7259.558534738548,7275.5,7190.17,7221.3475,34.93333765971076,NaN,NaN
1576044000,7240.453017369274,7249.72,7180,7213.245,34.42295041026371,NaN,NaN
1576065600,7226.849008684637,7267.01,7125.66,7204.4825,33.84701499745026,NaN,NaN
1576087200,7215.665754342319,7215.665754342319,7170,7198,33.40177475285965,NaN,NaN
1576108800,7206.832877171159,7295,7080.3,7187.08,32.623261145721045,NaN,NaN
1576130400,7196.956438585579,7217.99,7115,7172.3325,31.553648097352934,NaN,NaN
1576152000,7184.64446929279,7222.15,7140,7189.290000000001,34.224155916730595,NaN,NaN
1576173600,7186.967234646396,7261.95,7186.12,7212.3475,37.77896169292889,NaN,NaN
1576195200,7199.657367323198,7247.62,7190.76,7215.7925,38.31536094954617,NaN,NaN
1576216800,7207.724933661599,7255,7205.67,7227.3825,40.183673555500675,NaN,NaN
1576238400,7217.553716830799,7309.05,7208.2,7253.225,44.239113359398985,NaN,NaN
1576260000,7235.389358415399,7283.78,7224,7260.2474999999995,45.323932646044085,NaN,NaN
1576281600,7247.818429207699,7271.77,7232.09,7257.04,44.89431836498738,NaN,NaN
1576303200,7252.42921460385,7267.45,7150,7217.327499999999,39.856983759018895,NaN,NaN
1576324800,7234.878357301925,7234.878357301925,7012,7113.057500000001,30.257308526014143,NaN,NaN
1576346400,7173.967928650963,7173.967928650963,7062.56,7073.97,27.57600114617277,NaN,NaN
1576368000,7123.9689643254815,7123.9689643254815,7008.35,7050.835000000001,26.101651179561472,NaN,NaN
1576389600,7087.401982162741,7200.3,7035.37,7101.095,34.31757053525159,NaN,NaN
1576411200,7094.248491081371,7149,7061.05,7108.7925,35.50031499788017,NaN,NaN
1576432800,7101.520495540685,7141.67,7097.41,7117.8175,36.93421129465804,NaN,NaN
1576454400,7109.668997770343,7132.52,7042.49,7091.467500000001,34.52117522333283,NaN,NaN
1576476000,7100.568248885172,7125.6,7051,7084.83,33.92000224052518,NaN,NaN
1576497600,7092.699124442586,7150,7074,7106.2625,37.69314055421042,NaN,NaN
1576519200,7099.480812221293,7117,6836,6988.6,28.180004845792595,NaN,NaN
1576540800,7044.0404061106465,7044.0404061106465,6856,6886.8475,22.81696579128807,NaN,NaN
1576562400,6965.443953055323,6965.443953055323,6856,6905.725,25.644244111488405,NaN,NaN
1576584000,6935.5844765276615,6940.84,6640.77,6806.685,21.246877575507938,NaN,NaN
1576605600,6871.1347382638305,6871.1347382638305,6560,6655.955,16.5855770672366,NaN,NaN
1576627200,6763.544869131915,6763.544869131915,6600.52,6654.657499999999,16.5519140870895,NaN,NaN
1576648800,6709.101184565958,6709.101184565958,6590.01,6639.797499999999,16.14768426574645,NaN,NaN
1576670400,6674.449342282978,6929.2,6435,6709.84,25.39613460296306,NaN,NaN
1576692000,6692.144671141489,7440,6692.144671141489,7099.512500000001,55.07983555810316,NaN,NaN
1576713600,6895.828585570745,7380,6895.828585570745,7228.764999999999,60.669774135352775,NaN,NaN
1576735200,7062.296792785372,7200,7038.31,7133.7425,55.22849402810796,NaN,NaN
1576756800,7098.019646392686,7234,7060.01,7144.4349999999995,55.7098576553816,NaN,NaN
1576778400,7121.227323196343,7185,7119.16,7146.5525,55.81118176562204,NaN,NaN
1576800000,7133.889911598171,7160,7079.5,7120.405000000001,54.163387537439206,NaN,NaN
1576821600,7127.147455799086,7175.67,7082.38,7124.2675,54.377667837115645,NaN,NaN
1576843200,7125.707477899543,7220,7125.707477899543,7169.514999999999,56.91847430342885,NaN,NaN
1576864800,7147.611238949771,7214.26,7147.611238949771,7185.8775000000005,57.8330219488688,NaN,NaN
1576886400,7166.744369474885,7190.58,7141,7169.07,56.506089968198864,NaN,NaN
1576908000,7167.907184737443,7167.907184737443,7105,7142.2575,54.36321524164066,NaN,NaN
1576929600,7155.082342368722,7155.082342368722,7118.05,7142.64,54.389788354189214,NaN,NaN
1576951200,7148.8611711843605,7180,7122,7146.7925,54.69818234008402,NaN,NaN
1576972800,7147.82683559218,7148.99,7122.47,7133.7775,53.477688327799356,NaN,NaN
1576994400,7140.80216779609,7200.3,7125,7155.675,55.28547198246454,NaN,NaN
1577016000,7148.238583898044,7375.64,7148.238583898044,7251.98,62.23578838134699,NaN,NaN
1577037600,7200.109291949022,7518.54,7200.109291949022,7410.9325,70.41085869916338,NaN,NaN
1577059200,7305.5208959745105,7634.55,7305.5208959745105,7544.885,75.26947454485759,NaN,NaN
1577080800,7425.202947987255,7564.93,7425.202947987255,7525.8825,73.42750033353789,NaN,NaN
1577102400,7475.542723993627,7695.38,7361.01,7499.9825,70.88142750079346,NaN,NaN
1577124000,7487.762611996814,7487.762611996814,7265.84,7357.71,58.8166746863519,NaN,NaN
1577145600,7422.736305998407,7422.736305998407,7285,7321.08,56.16597856839477,NaN,NaN
1577167200,7371.908152999204,7416.53,7226.13,7339.225,57.19507935082619,NaN,NaN
1577188800,7355.566576499602,7436.68,7200.49,7309.860000000001,54.946817695046356,NaN,NaN
1577210400,7332.713288249801,7332.713288249801,7157.04,7230.3875,49.298799540400836,NaN,NaN
1577232000,7281.550394124901,7281.550394124901,7213.12,7242.2175,50.12071344030941,NaN,NaN
1577253600,7261.88394706245,7271.77,7201,7230.465,49.26626101880104,NaN,NaN
1577275200,7246.174473531225,7256,7128.86,7191.487499999999,46.438656351992066,NaN,NaN
1577296800,7218.830986765612,7269.99,7140,7194.6975,46.70991974902411,NaN,NaN
1577318400,7206.764243382806,7219.99,7176.8,7197.5275,46.96493661932714,NaN,NaN
1577340000,7202.145871691403,7240.76,7182.92,7200.0025,47.202897778201546,NaN,NaN
1577361600,7201.074185845701,7388,7183.27,7282.285000000001,54.510444993247916,NaN,NaN
1577383200,7241.679592922851,7435,7157.12,7290.7325,55.1960644169785,NaN,NaN
1577404800,7266.206046461426,7266.206046461426,7190,7212.8225,48.009111781578184,NaN,NaN
1577426400,7239.514273230713,7239.514273230713,7076.42,7160.817500000001,43.900088124414815,NaN,NaN
1577448000,7200.1658866153575,7275.86,7092.99,7177.4125,45.502981208838,NaN,NaN
1577469600,7188.789193307679,7261,7188.789193307679,7227.657499999999,50.14739112805704,NaN,NaN
1577491200,7208.223346653839,7340,7208.223346653839,7288.022500000001,55.09843027602767,NaN,NaN
1577512800,7248.1229233269205,7360,7248.1229233269205,7311.959999999999,56.925305739900914,NaN,NaN
1577534400,7280.04146166346,7359.9,7275.07,7320.935,57.621504590646204,NaN,NaN
1577556000,7300.48823083173,7365.01,7296.52,7329.53,58.31632600715257,NaN,NaN
1577577600,7315.009115415865,7319,7288,7310.09,56.07685038831316,NaN,NaN
1577599200,7312.549557707933,7360.67,7306.47,7332.7474999999995,58.096636933325236,NaN,NaN
1577620800,7322.648528853966,7430,7322.648528853966,7377.4875,61.82923744086031,NaN,NaN
1577642400,7350.068014426983,7528.45,7345.8,7418.299999999999,64.90068545061101,NaN,NaN
1577664000,7384.184007213491,7389.83,7312,7367.507500000001,58.582776573424944,NaN,NaN
1577685600,7375.845753606745,7408.24,7293.12,7349.0775,56.43598151930032,NaN,NaN
1577707200,7362.461626803373,7362.461626803373,7220,7284.445,49.57489715511144,NaN,NaN
1577728800,7323.4533134016865,7323.4533134016865,7232.01,7256.4725,46.91645695564931,NaN,NaN
1577750400,7289.962906700843,7289.962906700843,7200,7244.765,45.8092325328868,NaN,NaN
1577772000,7267.363953350421,7267.363953350421,7217.5,7247.985,46.18540492134877,NaN,NaN
1577793600,7257.674476675211,7320,7151,7220.69,43.43311308503793,NaN,NaN
1577815200,7239.182238337606,7239.182238337606,7145.01,7179.0925,39.56361603493029,NaN,NaN
1577836800,7209.137369168802,7245,7175.46,7209.9775,43.582560384840356,NaN,NaN
1577858400,7209.557434584402,7237.73,7180,7209.7925000000005,43.56387298791801,NaN,NaN
1577880000,7209.6749672922015,7255,7196.15,7221.295,45.138962652518806,NaN,NaN
1577901600,7215.484983646101,7246.72,7175.15,7214.9349999999995,44.401073531720584,NaN,NaN
1577923200,7215.209991823051,7215.209991823051,7116.7,7167.225,39.2214292732214,NaN,NaN
1577944800,7191.2174959115255,7191.2174959115255,7105,7140.93,36.68160737961305,NaN,NaN
1577966400,7166.073747955763,7166.073747955763,6924.74,7049.4775,29.521422749359132,NaN,NaN
1577988000,7107.775623977881,7107.775623977881,6941.27,6968.005,24.864891013915738,NaN,NaN
1578009600,7037.89031198894,7264.71,6871.04,7080.427500000001,39.13213880049202,NaN,NaN
1578031200,7059.158905994471,7371.92,7059.158905994471,7279.4775,55.31219246508481,NaN,NaN
1578052800,7169.318202997236,7405,7169.318202997236,7332.504999999999,58.478740558438,NaN,NaN
1578074400,7250.9116014986175,7369.47,7250.9116014986175,7332.4175,58.47137794578388,NaN,NaN
1578096000,7291.664550749309,7369.28,7280.85,7334.954999999999,58.634030105759145,NaN,NaN
1578117600,7313.309775374653,7369.63,7302.1,7338.22,58.85731879403833,NaN,NaN
1578139200,7325.764887687326,7352,7291,7332.9349999999995,58.30865910304034,NaN,NaN
1578160800,7329.349943843663,7404,7272.21,7345.42,59.27448186662498,NaN,NaN
1578182400,7337.3849719218315,7495,7337.3849719218315,7415.605,64.2835840054978,NaN,NaN
1578204000,7376.494985960915,7481.25,7376.494985960915,7440.522500000001,65.88774708975464,NaN,NaN
1578225600,7408.508742980458,7484,7408.508742980458,7446.48,66.27772657186631,NaN,NaN
1578247200,7427.494371490229,7468.87,7318,7402.5599999999995,60.762656069315966,NaN,NaN
1578268800,7415.027185745114,7580,7346.76,7454.3125,64.51015294413918,NaN,NaN
1578290400,7434.669842872558,7582.27,7434.669842872558,7541.352500000001,69.74404514238091,NaN,NaN
1578312000,7488.011171436279,7622,7465.44,7547.66,70.08830370283948,NaN,NaN
1578333600,7517.83558571814,7795.34,7517.83558571814,7659.03,75.40877084586538,NaN,NaN
1578355200,7588.43279285907,8000,7588.43279285907,7846.629999999999,81.40788177972816,NaN,NaN
1578376800,7717.531396429535,7965,7717.531396429535,7895.172500000001,82.59132228579158,NaN,NaN
1578398400,7806.351948214768,7952.05,7723.71,7877.305,80.5587015569592,NaN,NaN
1578420000,7841.828474107384,8207.68,7841.828474107384,8052.515,84.56913992393675,NaN,NaN
1578441600,7947.171737053692,8455,7947.171737053692,8269.4225,87.8975705022038,NaN,NaN
1578463200,8108.297118526846,8370,8108.297118526846,8325.522500000001,88.58346401559481,NaN,NaN
1578484800,8216.909809263423,8418.61,8010,8209.622500000001,78.66446218890167,NaN,NaN
1578506400,8213.266154631712,8213.266154631712,7870,8032.3075,66.41235195233384,NaN,NaN
1578528000,8122.7868273158565,8122.7868273158565,7925.68,7994.547500000001,64.12195750377265,NaN,NaN
1578549600,8058.6671636579285,8058.6671636579285,7852.01,7912.3075,59.32327169713995,NaN,NaN
1578571200,7985.487331828965,7985.487331828965,7778,7849.905000000001,55.90453129153205,NaN,NaN
1578592800,7917.696165914483,8000,7750,7841.4974999999995,55.4409549084696,NaN,NaN
1578614400,7879.596832957241,7879.596832957241,7735,7788.915,52.5082979143107,NaN,NaN
1578636000,7834.25591647862,7854.44,7672,7779.032499999999,51.95208150499267,NaN,NaN
1578657600,7806.64420823931,8140.11,7806.64420823931,7939.61,59.465582458646004,NaN,NaN
1578679200,7873.127104119654,8199,7873.127104119654,8081.5824999999995,64.71869420328429,NaN,NaN
1578700800,7977.354802059826,8253.26,7977.354802059826,8145.045000000001,66.7905162794635,NaN,NaN
1578722400,8061.199901029913,8150,8010,8072.34,62.27843143538288,NaN,NaN
1578744000,8066.769950514957,8221.55,8018.41,8111.6025,63.70441528907791,NaN,NaN
1578765600,8089.186225257478,8286.34,8003.16,8117.3775000000005,63.920460464927,NaN,NaN
1578787200,8103.281862628739,8110.92,7960,8049.245,59.42622388192641,NaN,NaN
1578808800,8076.26343131437,8164.08,8076.26343131437,8116.032500000001,62.2296708848131,NaN,NaN
1578830400,8096.1479656571855,8197,8072,8121.137500000001,62.44328001949321,NaN,NaN
1578852000,8108.642732828594,8185,8085,8139.1125,63.23177610072001,NaN,NaN
1578873600,8123.877616414296,8196,8077.65,8138.712500000001,63.19997775079792,NaN,NaN
1578895200,8131.295058207148,8134.6,8057.59,8090.845000000001,59.35335235172055,NaN,NaN
1578916800,8111.070029103575,8129.45,8055.89,8090.1050000000005,59.29327040003094,NaN,NaN
1578938400,8100.5875145517875,8160,8088,8114.1375,60.68516747716567,NaN,NaN
1578960000,8107.362507275893,8573,8105.54,8316.5625,69.99242435395672,NaN,NaN
1578981600,8211.962503637948,8561,8211.962503637948,8507.66,75.81361446323433,NaN,NaN
1579003200,8359.811251818974,8811.82,8359.811251818974,8648.01,79.03098447305257,NaN,NaN
1579024800,8503.910625909488,8880,8503.910625909488,8767.2775,81.30666460774148,NaN,NaN
1579046400,8635.594062954744,8900,8564,8722.7325,77.9059863989583,NaN,NaN
1579068000,8679.163281477373,8810,8600.01,8688.005000000001,75.26308683425401,NaN,NaN
1579089600,8683.584140738687,8916.48,8676.08,8779.89,77.44349326511632,NaN,NaN
1579111200,8731.737070369343,8876.4,8707,8800.4525,77.91268552948115,NaN,NaN
1579132800,8766.094785184672,8859.81,8586,8741.592499999999,73.21780310729143,NaN,NaN
1579154400,8753.843642592336,8753.843642592336,8600.4,8688.302500000002,69.15478349987293,NaN,NaN
1579176000,8721.073071296169,8789,8626,8704.4875,69.70465323794953,NaN,NaN
1579197600,8712.780285648085,8757,8657.37,8703.1275,69.5923881749348,NaN,NaN
1579219200,8707.953892824044,8896.89,8672.44,8795.1825,72.78722605314019,NaN,NaN
1579240800,8751.568196412023,9041.65,8751.568196412023,8918.025000000001,76.3571023110215,NaN,NaN
1579262400,8834.796598206012,8923.88,8765,8870.845,72.42724924077983,NaN,NaN
1579284000,8852.820799103007,8961.6,8813,8894.48,73.17214445991134,NaN,NaN
1579305600,8873.650399551503,8988.88,8815,8890.585000000001,72.82298796517942,NaN,NaN
1579327200,8882.117699775752,8919,8806.38,8862.675,70.23670793094459,NaN,NaN
1579348800,8872.396349887877,8964,8848.8,8899.2625,71.65772514992028,NaN,NaN
1579370400,8885.829424943939,8960,8875,8913.97,72.2316554697431,NaN,NaN
1579392000,8899.899712471968,9198.98,8888.02,9033.307499999999,76.40649419573091,NaN,NaN
1579413600,8966.603606235984,9147.56,8524.2,8870.795,62.60325151165417,NaN,NaN
1579435200,8918.699303117992,8918.699303117992,8559.02,8645.92,49.324611138160165,NaN,NaN
1579456800,8782.309651558997,8782.309651558997,8466,8646.29,49.343649774813315,NaN,NaN
1579478400,8714.299825779499,8735.84,8627.94,8684.9275,51.39713963166505,NaN,NaN
1579500000,8699.61366288975,8699.61366288975,8595,8644.8625,49.171215181789464,NaN,NaN
1579521600,8672.238081444873,8709.31,8521.28,8622.024999999998,47.89784253030195,NaN,NaN
1579543200,8647.131540722436,8746.99,8616,8661.7825,50.31033431099011,NaN,NaN
1579564800,8654.457020361217,8699.84,8618,8655.07,49.89030825052965,NaN,NaN
1579586400,8654.763510180608,8677.12,8602.8,8649.2625,49.505220559825354,NaN,NaN
1579608000,8652.013005090304,8676.95,8621.52,8650.932499999999,49.62563123802238,NaN,NaN
1579629600,8651.472752545153,8789,8488,8665.4625,50.72657491466584,NaN,NaN
1579651200,8658.467626272577,8758.08,8658.467626272577,8728.560000000001,55.29572822570618,NaN,NaN
1579672800,8693.51381313629,8818,8622,8705.025,53.31000623452685,NaN,NaN
1579694400,8699.269406568144,8710.45,8590,8663.0375,49.869277477804815,NaN,NaN
1579716000,8681.153453284072,8694.25,8636.72,8676.5075,50.96273078715765,NaN,NaN
1579737600,8678.830476642037,8691.81,8502.82,8610.07,45.67133382017011,NaN,NaN
1579759200,8644.450238321018,8644.450238321018,8400,8502.5975,38.675733829147326,NaN,NaN
1579780800,8573.523869160508,8573.523869160508,8315,8387.932499999999,32.887678218236246,NaN,NaN
1579802400,8480.728184580254,8480.728184580254,8306.39,8370.2975,32.09220964776384,NaN,NaN
1579824000,8425.512842290127,8425.512842290127,8275.5,8355.435000000001,31.402828092841574,NaN,NaN
1579845600,8390.473921145065,8418,8238,8347.427500000002,31.016248372584954,NaN,NaN
1579867200,8368.950710572533,8528.02,8368.950710572533,8445.892500000002,40.68565197310512,NaN,NaN
1579888800,8407.421605286268,8524,8407.421605286268,8462.3025,42.14122334277497,NaN,NaN
1579910400,8434.862052643133,8451.26,8254.9,8368.79,36.625493364289056,NaN,NaN
1579932000,8401.826026321567,8401.826026321567,8306.65,8334.015000000001,34.80128958966411,NaN,NaN
1579953600,8367.920513160785,8367.920513160785,8286.87,8326.475000000002,34.40120446400516,NaN,NaN
1579975200,8347.197756580394,8420,8325,8355.74,37.40888445103214,NaN,NaN
1579996800,8351.468878290198,8395,8293.66,8351.487500000001,37.142391271386266,NaN,NaN
1580018400,8351.478189145098,8482.8,8343.2,8420.84,44.132344497930866,NaN,NaN
1580040000,8386.15909457255,8595.59,8386.15909457255,8522.4,52.468130634278694,NaN,NaN
1580061600,8454.279547286274,8618.13,8454.279547286274,8588.9975,56.99902878277755,NaN,NaN
1580083200,8521.638523643138,8704,8521.638523643138,8646.52,60.50127734491024,NaN,NaN
1580104800,8584.07926182157,8750,8535,8668.5075,61.78258320615622,NaN,NaN
1580126400,8626.293380910785,8814.08,8626.293380910785,8754.305,66.36732272045398,NaN,NaN
1580148000,8690.299190455393,9000,8690.299190455393,8859.465,70.9649754243947,NaN,NaN
1580169600,8774.882095227696,9166,8774.882095227696,9010.057499999999,76.02036606996052,NaN,NaN
1580191200,8892.469797613849,9117.47,8892.469797613849,9049.93,77.15455884982833,NaN,NaN
1580212800,8971.199898806924,9188,8862.4,9028.6925,75.11660251459794,NaN,NaN
1580234400,8999.946199403461,9400,8965.38,9180.66,79.32495216355211,NaN,NaN
1580256000,9090.30309970173,9420.82,9090.30309970173,9353.1375,82.86664548818119,NaN,NaN
1580277600,9221.720299850866,9434.94,9216,9327.26,80.63481315113413,NaN,NaN
1580299200,9274.490149925434,9375,9250.05,9318.005,79.80694479701248,NaN,NaN
1580320800,9296.247574962716,9449.24,9288.75,9345.8325,80.45665552303848,NaN,NaN
1580342400,9321.040037481358,9360,9204.44,9296.0025,75.75622428022889,NaN,NaN
1580364000,9308.521268740678,9408.36,9305,9342.3925,77.09767134654851,NaN,NaN
1580385600,9325.456884370338,9523.4,9220,9387.5275,78.35269217332831,NaN,NaN
1580407200,9356.49219218517,9578,9356.49219218517,9504.432499999999,81.22284719093892,NaN,NaN
1580428800,9430.462346092583,9530.22,9330,9429.3175,74.39730819933436,NaN,NaN
1580450400,9429.889923046292,9429.889923046292,9270.4,9339.82,67.15606852633606,NaN,NaN
1580472000,9384.854961523146,9384.854961523146,9210.01,9297.1,63.95612112709145,NaN,NaN
1580493600,9340.977480761572,9430,9276.29,9335.4525,65.54348343409733,NaN,NaN
1580515200,9338.214990380786,9464.53,9338.214990380786,9384.6325,67.51888331285336,NaN,NaN
1580536800,9361.423745190394,9454.77,9321.41,9377.9925,66.96071143644525,NaN,NaN
1580558400,9369.708122595197,9420.98,9281,9359.5275,65.34297590120084,NaN,NaN
1580580000,9364.617811297598,9409.99,9350,9381.5275,66.38500202677791,NaN,NaN
1580601600,9373.072655648799,9387.03,9120,9300.7175,59.328669222526926,NaN,NaN
1580623200,9336.8950778244,9450,9289.08,9371.335000000001,63.02715434308916,NaN,NaN
1580644800,9354.115038912201,9477.03,9354.115038912201,9426.86,65.67055609433632,NaN,NaN
1580666400,9390.487519456101,9460,9322,9386.06,62.154091128056294,NaN,NaN
1580688000,9388.27375972805,9618.79,9288,9410.045,63.39500101093405,NaN,NaN
1580709600,9399.159379864024,9418,9303.2,9368.665,59.754766958113514,NaN,NaN
1580731200,9383.912189932013,9383.912189932013,9234,9313.335000000001,55.19125268136126,NaN,NaN
1580752800,9348.623594966008,9348.623594966008,9251.01,9295.14,53.73785893050536,NaN,NaN
1580774400,9321.881797483004,9350,9227.58,9289.567500000001,53.27513675732753,NaN,NaN
1580796000,9305.724648741503,9327,9108,9226.505,48.215362110128645,NaN,NaN
1580817600,9266.11482437075,9266.11482437075,9093.01,9185.955,45.24004031891092,NaN,NaN
1580839200,9226.034912185376,9240,9151,9204.005000000001,46.8133780192684,NaN,NaN
1580860800,9215.019956092689,9289.99,9177.22,9235.165,49.51028917134441,NaN,NaN
1580882400,9225.092478046345,9421.75,9225.092478046345,9337.615,57.19545605267975,NaN,NaN
1580904000,9281.353739023172,9568,9281.353739023172,9489.4225,65.56057715683252,NaN,NaN
1580925600,9385.388119511586,9744.45,9385.388119511586,9619.26,70.81406333389887,NaN,NaN
1580947200,9502.324059755792,9664.93,9502.324059755792,9610.115,70.00406663803099,NaN,NaN
1580968800,9556.219529877897,9707.21,9556.219529877897,9662.2825,71.97346739892693,NaN,NaN
1580990400,9609.251014938949,9862.57,9609.251014938949,9742.7,74.727992243345,NaN,NaN
1581012000,9675.975507469475,9801.98,9660,9751.4625,75.01612935097076,NaN,NaN
1581033600,9713.719003734737,9855,9713.719003734737,9781.217499999999,76.0161190203597,NaN,NaN
1581055200,9747.468251867369,9885,9745,9799.335000000001,76.62949516761522,NaN,NaN
1581076800,9773.401625933686,9845,9730.54,9791.645,75.74403583868569,NaN,NaN
1581098400,9782.523312966843,9831,9730,9788.939999999999,75.41393254728182,NaN,NaN
1581120000,9785.731656483422,9830.06,9667.11,9768.0075,72.77092841345211,NaN,NaN
1581141600,9776.86957824171,9845,9751.81,9791.9575,73.89809364153403,NaN,NaN
1581163200,9784.413539120855,9888,9750,9827.5525,75.52002994334897,NaN,NaN
1581184800,9805.983019560426,9940,9805.983019560426,9877.0475,77.6039893141242,NaN,NaN
1581206400,9841.515259780213,10131,9841.515259780213,10001.695,81.80487085416571,NaN,NaN
1581228000,9921.605129890107,10166,9921.605129890107,10106.377499999999,84.44390782086606,NaN,NaN
1581249600,10013.991314945053,10145.64,10000.1,10086.1925,81.9749656048781,NaN,NaN
1581271200,10050.091907472526,10160,10050.091907472526,10113.932499999999,82.7225902711732,NaN,NaN
1581292800,10082.012203736263,10188,9756,9982.8575,68.30594763062685,NaN,NaN
1581314400,10032.434851868133,10032.434851868133,9765,9860.8925,58.15061092502004,NaN,NaN
1581336000,9946.663675934065,9946.663675934065,9777.6,9842.765,56.798962975255805,NaN,NaN
1581357600,9894.714337967032,9894.714337967032,9800.02,9847.85,57.10019583497142,NaN,NaN
1581379200,9871.282168983516,9871.282168983516,9700,9791.9825,52.748382271876125,NaN,NaN
1581400800,9831.632334491758,9831.632334491758,9727,9774.26,51.40984818368558,NaN,NaN
1581422400,9802.946167245878,10311,9787.88,10044.975,65.71974153662751,NaN,NaN
1581444000,9923.960583622938,10323.59,9923.960583622938,10246.3325,72.26292351339984,NaN,NaN
1581465600,10085.14654181147,10333.28,10085.14654181147,10274.7425,73.04469052445168,NaN,NaN
1581487200,10179.944520905734,10450,10179.944520905734,10334.8525,74.67132265059782,NaN,NaN
1581508800,10257.398510452867,10415,10250,10340.8275,74.83389135895311,NaN,NaN
1581530400,10299.113005226434,10410,10299.113005226434,10348.63,75.05901371129592,NaN,NaN
1581552000,10323.871502613216,10440.67,10310.51,10378.0825,75.93415220563199,NaN,NaN
1581573600,10350.977001306608,10491,10080,10289.5225,68.18663500691349,NaN,NaN
1581595200,10320.249750653304,10500,10100.2,10237.885,64.08111881180129,NaN,NaN
1581616800,10279.067375326653,10279.067375326653,10181.88,10220.527499999998,62.71420515468085,NaN,NaN
1581638400,10249.797437663325,10290,10162.37,10213.35,62.12408329686505,NaN,NaN
1581660000,10231.573718831663,10298,10111.37,10212.977499999999,62.09142863505106,NaN,NaN
1581681600,10222.275609415832,10360.2,10222.275609415832,10283.795,65.7746827065566,NaN,NaN
1581703200,10253.035304707915,10381.56,10253.035304707915,10321.925,67.60004694652748,NaN,NaN
1581724800,10287.480152353957,10375,10203.52,10286.9,64.21226042687294,NaN,NaN
1581746400,10287.19007617698,10287.19007617698,10190.9,10229.380000000001,58.984315557463965,NaN,NaN
1581768000,10258.28503808849,10259.97,9801,10033.755000000001,45.43556770550566,NaN,NaN
1581789600,10146.020019044245,10146.020019044245,9811.84,9877.494999999999,37.93908393757366,NaN,NaN
1581811200,10011.757509522122,10050,9853.02,9940.7275,42.102042655352236,NaN,NaN
1581832800,9976.242504761061,10017,9901.28,9949.085,42.6496143384186,NaN,NaN
1581854400,9962.66375238053,9974.98,9638.12,9822.69,36.95699001560443,NaN,NaN
1581876000,9892.676876190264,9996.58,9711.3,9845.0475,38.520166899396244,NaN,NaN
1581897600,9868.862188095132,9964.16,9710,9836.66,38.138113239137596,NaN,NaN
1581919200,9852.761094047566,9852.761094047566,9568,9695.362500000001,32.322133869148175,NaN,NaN
1581940800,9774.061797023784,9774.061797023784,9452.67,9607.1025,29.314906310968865,NaN,NaN
1581962400,9690.582148511892,9727.41,9580,9663.355,33.55789835829006,NaN,NaN
1581984000,9676.968574255945,9810,9624.7,9731.61,38.39038023849719,NaN,NaN
1582005600,9704.289287127973,9815,9631,9733.5175,38.524947848104794,NaN,NaN
1582027200,9718.903393563985,9952,9576.01,9794.56,42.828472119917194,NaN,NaN
1582048800,9756.731696781993,10250,9756.731696781993,10076.949999999999,57.611794986212935,NaN,NaN
1582070400,9916.840848390995,10186.35,9916.840848390995,10137.2325,59.99019719210139,NaN,NaN
1582092000,10027.036674195497,10161.99,10011.06,10109.994999999999,58.395849900943745,NaN,NaN
1582113600,10068.515837097748,10250,10068.515837097748,10173.0075,60.97953304317373,NaN,NaN
1582135200,10120.761668548874,10207.69,9350,9827.2625,44.60965778919316,NaN,NaN
1582156800,9974.012084274436,9974.012084274436,9500,9583.1675,37.048047962564304,NaN,NaN
1582178400,9778.589792137218,9778.589792137218,9540.17,9581.3975,36.99907286831484,NaN,NaN
1582200000,9679.993646068608,9699,9400,9540.814999999999,35.82956877599544,NaN,NaN
1582221600,9610.404323034303,9663.14,9460.02,9554.15,36.53939819792838,NaN,NaN
1582243200,9582.277161517151,9733,9569.42,9643.4625,41.22850061951887,NaN,NaN
1582264800,9612.869830758576,9730,9612.869830758576,9678.17,42.991376977610464,NaN,NaN
1582286400,9645.51991537929,9755.51,9645.51991537929,9704.965,44.37849349383608,NaN,NaN
1582308000,9675.242457689645,9727,9550.21,9665.877499999999,42.744604631834044,NaN,NaN
1582329600,9670.559978844822,9709.17,9582.02,9645.44,41.87645531213471,NaN,NaN
1582351200,9657.999989422411,9658.09,9560.02,9616.2975,40.60988698291115,NaN,NaN
1582372800,9637.148744711205,9680,9600.01,9642.35,42.29029538844313,NaN,NaN
1582394400,9639.749372355604,9697,9639.749372355604,9661.0525,43.525636738913896,NaN,NaN
1582416000,9650.4009361778,9920,9645,9771.057499999999,50.26881144170917,NaN,NaN
1582437600,9710.7292180889,9990,9710.7292180889,9873.485,55.58643438971569,NaN,NaN
1582459200,9792.10710904445,9907.65,9792.10710904445,9852.7575,54.32062448515712,NaN,NaN
1582480800,9822.432304522225,9971.17,9822.432304522225,9905.27,56.992662796874406,NaN,NaN
1582502400,9863.851152261112,9990,9600,9821.4725,51.786778958035924,NaN,NaN
1582524000,9842.661826130556,9842.661826130556,9667.71,9764.625,48.54708717939003,NaN,NaN
1582545600,9803.643413065278,9843.5,9569.91,9706.5375,45.420350731082834,NaN,NaN
1582567200,9755.090456532638,9755.090456532638,9473.56,9600.307499999999,40.30749971683494,NaN,NaN
1582588800,9677.698978266319,9677.698978266319,9528.19,9602.782500000001,40.47562004910531,NaN,NaN
1582610400,9640.24073913316,9645,9486.18,9578.805,39.3202267022809,NaN,NaN
1582632000,9609.52286956658,9675,9281,9479.4175,34.87618727678223,NaN,NaN
1582653600,9544.47018478329,9544.47018478329,9250,9331.7675,29.53554752090227,NaN,NaN
1582675200,9438.118842391645,9438.118842391645,9111,9251.9025,27.116698181906457,NaN,NaN
1582696800,9345.010671195821,9345.010671195821,9102,9172.115,24.92090864866347,NaN,NaN
1582718400,9258.56283559791,9303.36,8633.63,8957.825,20.19178784083023,NaN,NaN
1582740000,9108.193917798955,9108.193917798955,8713.03,8774.805,17.19121345551673,NaN,NaN
1582761600,8941.499458899478,8941.499458899478,8531,8718.055,16.378467379312667,NaN,NaN
1582783200,8829.777229449739,8859.42,8730,8789.375,21.40722957452394,NaN,NaN
1582804800,8809.57611472487,8971.77,8747.03,8858.8475,26.071069899683536,NaN,NaN
1582826400,8834.211807362435,8937.72,8650,8830.787499999999,25.41505816854493,NaN,NaN
1582848000,8832.499653681218,8900,8777.36,8820.805,25.172389597932266,NaN,NaN
1582869600,8826.652326840609,8826.652326840609,8541.1,8678.1975,21.948274494763055,NaN,NaN
1582891200,8752.424913420306,8752.424913420306,8445,8585.0775,20.134772244315087,NaN,NaN
1582912800,8668.751206710152,8799,8505.5,8642.072499999998,24.259761829092994,NaN,NaN
1582934400,8655.411853355075,8773.17,8655.411853355075,8721.9925,29.739733521203206,NaN,NaN
1582956000,8688.702176677538,8790,8600,8713.7425,29.502436281539048,NaN,NaN
1582977600,8701.222338338768,8701.222338338768,8572.22,8654.935000000001,27.79965646104624,NaN,NaN
1582999200,8678.078669169385,8678.078669169385,8523.55,8593.73,26.110555556404606,NaN,NaN
1583020800,8635.904334584691,8675,8511.11,8574.1375,25.574861180303486,NaN,NaN
1583042400,8605.020917292346,8650,8518,8600.7175,27.740789071651875,NaN,NaN
1583064000,8602.869208646174,8750,8454.57,8587.9975,27.330873263561273,NaN,NaN
1583085600,8595.433354323086,8595.433354323086,8411,8508.6425,24.862594681477944,NaN,NaN
1583107200,8552.037927161542,8663.43,8498,8587.432499999999,31.47932989963985,NaN,NaN
1583128800,8569.73521358077,8776.98,8569.73521358077,8698.955,39.58861277252057,NaN,NaN
1583150400,8634.345106790384,8917.99,8634.345106790384,8815.914999999999,46.71146849281396,NaN,NaN
1583172000,8725.13005339519,8965.75,8725.13005339519,8893.0625,50.829670433425285,NaN,NaN
1583193600,8809.096276697595,8919.65,8804.16,8871.37,49.667372398344746,NaN,NaN
1583215200,8840.233138348798,8866.96,8735.37,8827.76,47.324506312501086,NaN,NaN
1583236800,8833.9965691744,8898.74,8651,8781.795,44.91939048196733,NaN,NaN
1583258400,8807.8957845872,8807.8957845872,8670,8734.765,42.53733132666683,NaN,NaN
1583280000,8771.3303922936,8847.99,8728,8793.9525,46.39035204309851,NaN,NaN
1583301600,8782.6414461468,8848.29,8694.07,8774.862500000001,45.33449540627297,NaN,NaN
1583323200,8778.7519730734,8782.31,8660,8720.63,42.38322079107038,NaN,NaN
1583344800,8749.6909865367,8761.52,8665,8725.0975,42.71406115569972,NaN,NaN
1583366400,8737.39424326835,8941.53,8737.39424326835,8840.3575,50.59595778667851,NaN,NaN
1583388000,8788.875871634176,9122.62,8788.875871634176,9006.455,59.28886549652802,NaN,NaN
1583409600,8897.665435817089,9136.63,8897.665435817089,9085.745,62.665991124772134,NaN,NaN
1583431200,8991.705217908544,9159.42,8991.705217908544,9080.7975,62.31861189249564,NaN,NaN
1583452800,9036.251358954272,9114,8985.5,9065.5,61.1891650193272,NaN,NaN
1583474400,9050.875679477136,9170,9050.875679477136,9118.945,63.66672343940885,NaN,NaN
1583496000,9084.910339738568,9130.29,9000,9083.29,60.874781542410794,NaN,NaN
1583517600,9084.100169869285,9137.5,9057.12,9100.06,61.72495375359488,NaN,NaN
1583539200,9092.080084934641,9143.55,9058.33,9102.1325,61.83532548436011,NaN,NaN
1583560800,9097.10629246732,9116.97,9050,9082.9725,60.10960037431127,NaN,NaN
1583582400,9090.03939623366,9188,8859,9015.25,54.33722478781244,NaN,NaN
1583604000,9052.64469811683,9052.64469811683,8835,8892.915,45.784049527881216,NaN,NaN
1583625600,8972.779849058415,8972.779849058415,8695.73,8796.3025,40.378417390081076,NaN,NaN
1583647200,8884.541174529208,8884.541174529208,8670,8721.0725,36.74075197638119,NaN,NaN
1583668800,8802.806837264605,8802.806837264605,8149.27,8486.9775,28.220929720721557,NaN,NaN
1583690400,8644.892168632303,8644.892168632303,8000,8165.485,21.01394654480238,NaN,NaN
1583712000,8405.18858431615,8405.18858431615,7675.28,7955.349999999999,17.81204354478882,NaN,NaN
1583733600,8180.269292158075,8180.269292158075,7760,7874.775,16.757655645866564,NaN,NaN
1583755200,8027.522146079037,8027.522146079037,7632.01,7779,15.577293691759579,NaN,NaN
1583776800,7903.261073039519,7947.57,7726.03,7834.8925,19.156076808569452,NaN,NaN
1583798400,7869.0767865197595,7969.87,7850,7921.044999999999,24.470907208056246,NaN,NaN
1583820000,7895.060893259879,8114.1,7866.04,7994.900000000001,28.792693516279314,NaN,NaN
1583841600,7944.980446629939,8149,7728.01,7952.9349999999995,27.818652773634724,NaN,NaN
1583863200,7948.957723314969,8038.11,7801,7900.8875,26.61601407098901,NaN,NaN
1583884800,7924.922611657485,7965.49,7826.41,7884.467500000001,26.2307419187877,NaN,NaN
1583906400,7904.695055828743,7921.12,7750,7836.14,25.08005051556036,NaN,NaN
1583928000,7870.417527914371,7895.87,7647.05,7759.1425,23.32444629937774,NaN,NaN
1583949600,7814.7800139571855,7980,7590,7793.93,25.849910215713578,NaN,NaN
1583971200,7804.355006978592,7966.17,7558,7776.425,25.396612409725805,NaN,NaN
1583992800,7790.390003489296,7790.390003489296,5550,6728.58,11.920878115086794,NaN,NaN
1584014400,7259.485001744648,7259.485001744648,5734.69,6055.29,8.719386443318015,NaN,NaN
1584036000,6657.387500872324,6657.387500872324,4410,5368.3,6.732569309949426,NaN,NaN
1584057600,6012.843750436163,6012.843750436163,3782.13,4765.4725,5.539716553646599,NaN,NaN
1584079200,5389.158125218081,5700,4858,5230.18,17.65210564061212,NaN,NaN
1584100800,5309.66906260904,5955,4920,5365.6075,20.837843582970777,NaN,NaN
1584122400,5337.63828130452,5699,4807,5317.352500000001,20.533032477999143,NaN,NaN
1584144000,5327.4953906522605,5640.52,5322.02,5492.4125,24.828968536413853,NaN,NaN
1584165600,5409.95394532613,5530,5173,5395.6,24.054512235782965,NaN,NaN
1584187200,5402.776972663065,5470,5256,5392.7225,24.030520040417642,NaN,NaN
1584208800,5397.749736331532,5498,5055.13,5280.672500000001,23.065753372937607,NaN,NaN
1584230400,5339.2111181657665,5339.2111181657665,5093.1,5200.635,22.37474462509367,NaN,NaN
1584252000,5269.923059082883,5487,5213.16,5345.525,26.658226092157634,NaN,NaN
1584273600,5307.724029541441,5594,5221,5386.9275,27.882856956250578,NaN,NaN
1584295200,5347.3257647707205,5940,5160,5441.0199999999995,29.538254697223806,NaN,NaN
1584316800,5394.17288238536,5394.17288238536,5128.76,5253.2325,27.20368971412914,NaN,NaN
1584338400,5323.7026911926805,5323.7026911926805,4442.12,4831.505,22.83820030980931,NaN,NaN
1584360000,5077.603845596341,5200,4500,4833.59,22.90407148177944,NaN,NaN
1584381600,4955.59692279817,5144,4820,5015.095,28.616954512003375,NaN,NaN
1584403200,4985.345961399085,5400,4921.45,5156.610000000001,32.79817909849585,NaN,NaN
1584424800,5070.977980699543,5440,5070.977980699543,5285.9025,36.46011220768514,NaN,NaN
1584446400,5178.440240349772,5479,5051,5287.8475,36.516155487223315,NaN,NaN
1584468000,5233.143870174886,5525,5233.143870174886,5374.43,39.09158458534555,NaN,NaN
1584489600,5303.7869350874425,5436.17,5259.43,5319.56,38.03841498901585,NaN,NaN
1584511200,5311.673467543722,5311.673467543722,5010.98,5179.58,35.416962100678774,NaN,NaN
1584532800,5245.626733771861,5390,5009.37,5191.5199999999995,35.82323744866402,NaN,NaN
1584554400,5218.57336688593,5412,5215.11,5311.58,39.91620280154769,NaN,NaN
1584576000,5265.076683442965,5450,5252.53,5365.9925,41.73000639635992,NaN,NaN
1584597600,5315.534591721483,5661,5315.534591721483,5498.955,46.01839245681151,NaN,NaN
1584619200,5407.244795860741,6359.45,5407.244795860741,5974.565,57.94192165175073,NaN,NaN
1584640800,5690.90489793037,6400,5690.90489793037,6237.349999999999,62.827490767938315,NaN,NaN
1584662400,5964.127448965184,6287.95,5964.127448965184,6181.0675,61.18807165389304,NaN,NaN
1584684000,6072.597474482593,6900,6072.597474482593,6489.137499999999,66.36211097189081,NaN,NaN
1584705600,6280.867487241296,6714.53,6280.867487241296,6527.885,66.95873417910198,NaN,NaN
1584727200,6404.376243620648,6423.78,5670,6179.545,57.14577716958174,NaN,NaN
1584748800,6291.960621810324,6380,6062.03,6189.695,57.34195098026136,NaN,NaN
1584770400,6240.827810905162,6240.827810905162,5860.02,6081.882500000001,54.48868979813841,NaN,NaN
1584792000,6161.355155452581,6275,6043,6125.337500000001,55.45088560227782,NaN,NaN
1584813600,6143.346327726291,6456.98,6050.74,6190.38,56.91903972916025,NaN,NaN
1584835200,6166.863163863145,6393,6104,6260.7300000000005,58.511652774846,NaN,NaN
1584856800,6213.796581931572,6407.87,6126.15,6261.282499999999,58.524620629220806,NaN,NaN
1584878400,6237.539540965786,6237.539540965786,5915,6060.5125,52.146164392063724,NaN,NaN
1584900000,6149.026020482893,6149.026020482893,5734.01,5927.964999999999,48.396051767299475,NaN,NaN
1584921600,6038.495510241446,6038.495510241446,5688,5843.165,46.11130360629303,NaN,NaN
1584943200,5940.830255120723,5940.830255120723,5728.99,5846.885,46.231223250447734,NaN,NaN
1584964800,5893.857627560362,6600,5841.73,6140.18,54.77612094009796,NaN,NaN
1584986400,6017.0188137801815,6509.03,6017.0188137801815,6371.0825,60.145921347851456,NaN,NaN
1585008000,6194.050656890091,6666,6194.050656890091,6494.802500000001,62.70143615695588,NaN,NaN
1585029600,6344.426578445045,6833,6344.426578445045,6622.6,65.18480693541136,NaN,NaN
1585051200,6483.513289222523,6765,6461.01,6654.57,65.79828952813344,NaN,NaN
1585072800,6569.041644611261,6792.15,6552.19,6686.7,66.43836230129266,NaN,NaN
1585094400,6627.870822305631,6746.7,6524.16,6680.03,66.16154898145447,NaN,NaN
1585116000,6653.950411152815,6957.96,6450,6658.4175000000005,65.21341682436767,NaN,NaN
1585137600,6656.183955576407,6799,6500,6615.6,63.27868125827891,NaN,NaN
1585159200,6635.891977788204,6705,6552,6644.055,64.04216563484115,NaN,NaN
1585180800,6639.973488894102,6780,6612,6674.477499999999,64.88282952695442,NaN,NaN
1585202400,6657.225494447051,6680,6554.21,6616.235000000001,61.89920787639446,NaN,NaN
1585224000,6636.730247223526,6688,6510,6608.4925,61.494375485678304,NaN,NaN
1585245600,6622.611373611763,6765,6622.611373611763,6690.345,64.16282703868052,NaN,NaN
1585267200,6656.478186805882,6842.59,6620,6713.9575,64.91811536572476,NaN,NaN
1585288800,6685.217843402941,6728.06,6599.61,6650.719999999999,61.198183653878694,NaN,NaN
1585310400,6667.96892170147,6667.96892170147,6573.41,6623.5,59.61467530032555,NaN,NaN
1585332000,6645.734460850736,6700,6261,6488.47,52.374800762504584,NaN,NaN
1585353600,6567.102230425367,6567.102230425367,6068.88,6238.25,42.15763324149616,NaN,NaN
1585375200,6402.676115212684,6402.676115212684,6117,6209.66,41.16939993644034,NaN,NaN
1585396800,6306.168057606342,6306.168057606342,6024,6140.2300000000005,38.79127321649449,NaN,NaN
1585418400,6223.199028803171,6295,6024,6144.952499999999,39.049172151632824,NaN,NaN
1585440000,6184.075764401585,6266,6145.28,6198.66,42.040136334569155,NaN,NaN
1585461600,6191.367882200792,6210,6082.6,6144.4125,39.90983513392168,NaN,NaN
1585483200,6167.890191100396,6167.890191100396,6060,6116.7699999999995,38.83007473350622,NaN,NaN
1585504800,6142.330095550198,6142.330095550198,5866.56,5988.9125,34.21856781692749,NaN,NaN
1585526400,6065.621297775099,6240,5857.76,6045.31,37.73143571362365,NaN,NaN
1585548000,6055.46564888755,6395,6055.46564888755,6281.6050000000005,49.82210393032427,NaN,NaN
1585569600,6168.535324443776,6444,6168.535324443776,6352.657499999999,52.790490475337805,NaN,NaN
1585591200,6260.5964122218875,6599,6260.5964122218875,6416.47,55.345454334456655,NaN,NaN
1585612800,6338.533206110944,6523.23,6338.533206110944,6427.82,55.803613961549175,NaN,NaN
1585634400,6383.176603055472,6505.5,6330.01,6409.575,54.82974602960642,NaN,NaN
1585656000,6396.375801527736,6500,6321.4,6415.48,55.102843260176975,NaN,NaN
1585677600,6405.927900763868,6494.9,6386.89,6436.254999999999,56.10827643936704,NaN,NaN
1585699200,6421.091450381933,6426.52,6239.34,6345.615,50.7666175599038,NaN,NaN
1585720800,6383.353225190966,6383.353225190966,6257.32,6299.152499999999,48.23178144629952,NaN,NaN
1585742400,6341.252862595483,6341.252862595483,6150.11,6245.6225,45.4180692191141,NaN,NaN
1585764000,6293.437681297742,6679.94,6164.28,6420.424999999999,54.70960605072138,NaN,NaN
1585785600,6356.931340648871,6744,6356.931340648871,6636.4425,63.074980274916356,NaN,NaN
1585807200,6496.686920324435,6720,6496.686920324435,6651.657499999999,63.585162537850564,NaN,NaN
1585828800,6574.172210162217,7198,6574.172210162217,6898.225,70.65995827416009,NaN,NaN
1585850400,6736.198605081108,7090,6651,6904.7725,70.82206997662223,NaN,NaN
1585872000,6820.485552540555,6829.61,6723.12,6781.195,63.67140169495807,NaN,NaN
1585893600,6800.840276270277,7048,6766,6899.334999999999,67.09214036047175,NaN,NaN
1585915200,6850.087638135138,7013.87,6602.1,6834.3675,63.548416595777326,NaN,NaN
1585936800,6842.227569067569,6842.227569067569,6667.33,6732.942499999999,58.365458908056524,NaN,NaN
1585958400,6787.585034533784,6802.94,6666.44,6732.855,58.361036654427004,NaN,NaN
1585980000,6760.220017266892,6900,6650.01,6744.255000000001,58.79903913358586,NaN,NaN
1586001600,6752.237508633447,6807,6665,6736.135,58.32839510982003,NaN,NaN
1586023200,6744.1862543167235,6990.41,6720.01,6835.762499999999,62.314132848547516,NaN,NaN
1586044800,6789.974377158362,6895.54,6747.27,6821.6775,61.41971878784004,NaN,NaN
1586066400,6805.825938579181,6843.59,6744,6787.67,59.20993793238469,NaN,NaN
1586088000,6796.74796928959,6840,6677.52,6772.8925,58.2295548736402,NaN,NaN
1586109600,6784.820234644795,6817.26,6721.58,6777.3150000000005,58.4512777081157,NaN,NaN
1586131200,6781.067617322398,7000,6765,6883.067499999999,63.44774428518443,NaN,NaN
1586152800,6832.067558661199,7148,6832.067558661199,7044.514999999999,69.4815712166697,NaN,NaN
1586174400,6938.291279330599,7221.02,6938.291279330599,7138.882500000001,72.35422473869977,NaN,NaN
1586196000,7038.586889665299,7355.14,7038.586889665299,7266.3825,75.68447685781675,NaN,NaN
1586217600,7152.484694832649,7454,7152.484694832649,7322.150000000001,76.99010257903711,NaN,NaN
1586239200,7237.317347416325,7440,7237.317347416325,7339.4125,77.3947269486363,NaN,NaN
1586260800,7288.364923708163,7459.69,7260,7362.507500000001,77.95329990586093,NaN,NaN
1586282400,7325.436211854081,7359.46,7077,7245.77,68.71112256309931,NaN,NaN
1586304000,7285.603105927041,7414,7150,7293.3724999999995,70.25955178731921,NaN,NaN
1586325600,7289.48780296352,7420,7216.23,7335.0650000000005,71.58587252737235,NaN,NaN
1586347200,7312.27640148176,7349.99,7200,7287.55,67.87100921976636,NaN,NaN
1586368800,7299.913200740881,7390,7255,7328.58,69.3501169401378,NaN,NaN
1586390400,7314.24660037044,7371.92,7234.96,7318.755,68.53646225683575,NaN,NaN
1586412000,7316.50080018522,7349,7150,7247.7725,62.8034865606428,NaN,NaN
1586433600,7282.136650092611,7350,7108.08,7234.2825,61.746388393336105,NaN,NaN
1586455200,7258.209575046305,7315,7232,7281.3975,64.02398373317614,NaN,NaN
1586476800,7269.803537523152,7295.75,6911.58,7111.2025,51.98354528998795,NaN,NaN
1586498400,7190.503018761576,7190.503018761576,6853.7,6926.657499999999,42.62330674330958,NaN,NaN
1586520000,7058.5802593807875,7058.5802593807875,6739.98,6858.1900000000005,39.7626655830538,NaN,NaN
1586541600,6958.385129690394,6958.385129690394,6818.88,6872.615,40.66617897819845,NaN,NaN
1586563200,6915.500064845197,6944.3,6836.41,6890.965,41.86083417469355,NaN,NaN
1586584800,6903.2325324225985,6932,6830,6891.11,41.87079398959289,NaN,NaN
1586606400,6897.171266211299,6897.171266211299,6771.44,6831.115,38.901326210786536,NaN,NaN
1586628000,6864.143133105649,6887.05,6760,6827.352500000001,38.71588649074838,NaN,NaN
1586649600,6845.747816552825,6906.26,6780,6848.78,40.456694883380635,NaN,NaN
1586671200,6847.263908276413,6878,6805.5,6840.7375,39.99745492352038,NaN,NaN
1586692800,6844.000704138207,7177,6844.000704138207,6990.544999999999,51.12633261352689,NaN,NaN
1586714400,6917.2728520691035,7159.86,6885,7010.4075,52.38725952477672,NaN,NaN
1586736000,6963.840176034551,6963.840176034551,6575,6768.9125,39.158936536643075,NaN,NaN
1586757600,6866.376338017276,6866.376338017276,6655.33,6738.1,37.845828078488644,NaN,NaN
1586779200,6802.238169008639,6809.97,6603,6734.44,37.68418108773897,NaN,NaN
1586800800,6768.3390845043195,6891.1,6746.28,6807.26,42.90900321702497,NaN,NaN
1586822400,6787.79954225216,6921.35,6787.79954225216,6861.004999999999,46.47593165362346,NaN,NaN
1586844000,6824.4022711260795,6892.03,6754.28,6839.165,45.239018536847155,NaN,NaN
1586865600,6831.78363556304,6978,6797.41,6880.7975,48.07592117540143,NaN,NaN
1586887200,6856.29056778152,6940.5,6825.15,6888.587500000001,48.612361624649395,NaN,NaN
1586908800,6872.43903389076,6933,6810.06,6879.43,47.984765509114354,NaN,NaN
1586930400,6875.93451694538,6917.72,6750,6839.2775,45.22763243649789,NaN,NaN
1586952000,6857.6060084726905,6857.6060084726905,6680.1,6748.3225,39.667469502719776,NaN,NaN
1586973600,6802.964254236345,6802.964254236345,6605,6686.889999999999,36.41151238207727,NaN,NaN
1586995200,6744.927127118172,6744.927127118172,6468.27,6600.012500000001,32.365557117895506,NaN,NaN
1587016800,6672.469813559086,7147.28,6631.41,6858.695,50.13345517612906,NaN,NaN
1587038400,6765.582406779543,7093,6765.582406779543,7012.5225,57.31467675516226,NaN,NaN
1587060000,6889.0524533897715,7190,6889.0524533897715,7066.304999999999,59.51014403381252,NaN,NaN
1587081600,6977.678726694885,7138.26,6977.678726694885,7080.5575,60.095878653701284,NaN,NaN
1587103200,7029.118113347442,7126.33,7020,7072.115,59.54636984896977,NaN,NaN
1587124800,7050.616556673721,7100,6972.98,7047.6775,57.89611958230519,NaN,NaN
1587146400,7049.14702833686,7148.12,7015,7058.2925,58.43497282044738,NaN,NaN
1587168000,7053.71976416843,7120,7014.4,7065.4725,58.81888825240776,NaN,NaN
1587189600,7059.596132084214,7120.93,7054.11,7095.0650000000005,60.440691219525064,NaN,NaN
1587211200,7077.330566042107,7268.9,7077.330566042107,7160.4625,63.83072482247705,NaN,NaN
1587232800,7118.896533021054,7293.08,7118.896533021054,7226.84,66.92852435725737,NaN,NaN
1587254400,7172.868266510527,7266.15,7100,7184.0275,63.17047869064666,NaN,NaN
1587276000,7178.447883255263,7186,7101.25,7143.3075,59.73489320805411,NaN,NaN
1587297600,7160.877691627631,7170,7055.6,7136.35,59.14303142122364,NaN,NaN
1587319200,7148.613845813816,7210,7104.28,7148.0425,59.862775977331694,NaN,NaN
1587340800,7148.328172906908,7220,7082,7149.172500000001,59.93623071340496,NaN,NaN
1587362400,7148.750336453454,7198,6955.37,7073.285,52.930478451892874,NaN,NaN
1587384000,7111.0176682267265,7111.0176682267265,6837.03,6942.325,43.484393102896405,NaN,NaN
1587405600,7026.671334113364,7026.671334113364,6751,6859.397500000001,38.766508407350344,NaN,NaN
1587427200,6943.034417056682,6943.034417056682,6811.05,6861.205,38.92205580034907,NaN,NaN
1587448800,6902.119708528341,6902.119708528341,6762,6836.27,37.50659733992375,NaN,NaN
1587470400,6869.194854264171,6940,6782,6853.285,39.13322777379651,NaN,NaN
1587492000,6861.2399271320855,6915.4,6830,6871.28,40.885702782641424,NaN,NaN
1587513600,6866.259963566043,6914.29,6818,6868.552500000001,40.69445150168122,NaN,NaN
1587535200,6867.406231783021,6974.57,6867.406231783021,6928.01,46.56264477891807,NaN,NaN
1587556800,6897.708115891511,7156.38,6897.708115891511,7031.1675000000005,54.900585994738826,NaN,NaN
1587578400,6964.437807945756,7131.67,6964.437807945756,7105.23,59.75571058977481,NaN,NaN
1587600000,7034.833903972878,7183,7034.833903972878,7124.775,60.95043482432882,NaN,NaN
1587621600,7079.804451986439,7144,7020,7099.5975,58.53956098624243,NaN,NaN
1587643200,7089.700975993219,7738,7089.700975993219,7382.815,71.97047518671731,NaN,NaN
1587664800,7236.257987996609,7616.16,7236.257987996609,7517.5,75.95896642541547,NaN,NaN
1587686400,7376.878993998304,7550,7376.878993998304,7496.875,74.21732943429068,NaN,NaN
1587708000,7436.876996999152,7615.96,7436.876996999152,7521.367499999999,74.95180749681356,NaN,NaN
1587729600,7479.122248499576,7529,7388,7479.1775,71.18971659264486,NaN,NaN
1587751200,7479.149874249788,7550,7467.09,7506.9525,72.17972265845918,NaN,NaN
1587772800,7493.051187124895,7565,7431.07,7516.13,72.51579174432668,NaN,NaN
1587794400,7504.590593562447,7601.5,7504.590593562447,7552.8025,73.87392411581646,NaN,NaN
1587816000,7528.696546781223,7705,7476.54,7563.365,74.26832494265639,NaN,NaN
1587837600,7546.030773390612,7560,7500,7534.584999999999,71.11802384710143,NaN,NaN
1587859200,7540.307886695306,7583,7522.17,7543.889999999999,71.53838087161043,NaN,NaN
1587880800,7542.0989433476525,7678,7525,7598.6849999999995,73.94339925230497,NaN,NaN
1587902400,7570.3919716738255,7700,7480,7605.4,74.23077487540529,NaN,NaN
1587924000,7587.895985836913,7695,7568.02,7634.42,75.48891986295311,NaN,NaN
1587945600,7611.157992918456,7792.02,7611.157992918456,7706.717500000001,78.32777590489897,NaN,NaN
1587967200,7658.937746459229,7738,7630,7695.969999999999,76.90188350488886,NaN,NaN
1587988800,7677.453873229614,7725,7606,7677.225,74.35933565725315,NaN,NaN
1588010400,7677.339436614808,7779,7657.95,7717.8,76.19407740109189,NaN,NaN
1588032000,7697.569718307404,7780,7659.12,7727.35,76.6181632865606,NaN,NaN
1588053600,7712.459859153702,7753,7676.25,7713.66,74.56745961592088,NaN,NaN
1588075200,7713.059929576852,7764.1,7665.21,7721.047500000001,74.95698566269083,NaN,NaN
1588096800,7717.053714788426,7770,7703.91,7734.787499999999,75.70237721784687,NaN,NaN
1588118400,7725.920607394213,7874.75,7710.05,7796.595,78.76435756104372,NaN,NaN
1588140000,7761.257803697106,8174.85,7761.257803697106,8001.9025,85.36283673709197,NaN,NaN
1588161600,7881.580151848553,8952.89,7881.580151848553,8476.7375,91.74873150350146,NaN,NaN
1588183200,8179.158825924276,8932,8179.158825924276,8746.9,93.48920017466656,NaN,NaN
1588204800,8463.029412962138,9400,8463.029412962138,9062.205,94.85359465806914,NaN,NaN
1588226400,8762.617206481069,9460,8542.57,9051.4125,94.12649592817827,NaN,NaN
1588248000,8907.014853240535,8915,8401,8676.55,73.15166642484417,NaN,NaN
1588269600,8791.782426620266,8882.78,8544.31,8649.315,71.89810943063033,NaN,NaN
1588291200,8720.548713310134,8835.7,8613.56,8721.17,73.20284598551247,NaN,NaN
1588312800,8720.859356655066,9059.18,8703.03,8893.285,76.06897068364216,NaN,NaN
1588334400,8807.072178327533,9022,8655.31,8858.945,74.36008681424983,NaN,NaN
1588356000,8833.008589163766,8893.43,8663.28,8786.7725,70.76208188356551,NaN,NaN
1588377600,8809.890544581882,8856.76,8753,8812.9625,71.30468378775126,NaN,NaN
1588399200,8811.426522290942,8887,8768,8826.4575,71.59717877135944,NaN,NaN
1588420800,8818.942011145471,9010,8818.942011145471,8912.915,73.46341617146285,NaN,NaN
1588442400,8865.928505572736,8985,8811,8935.0075,73.93471329410829,NaN,NaN
1588464000,8900.468002786369,9200,8900.468002786369,9051.4475,76.32166160359236,NaN,NaN
1588485600,8975.957751393184,9140,8911.35,9048.2175,76.11343948328674,NaN,NaN
1588507200,9012.087625696593,9094,8712,8917.4775,68.02377651166458,NaN,NaN
1588528800,8964.782562848297,8964.782562848297,8790,8864.3625,65.00115650128588,NaN,NaN
1588550400,8914.572531424148,8936.1,8522,8739.59,58.43267533124697,NaN,NaN
1588572000,8827.081265712073,8827.081265712073,8569.82,8641.2725,53.81773661901599,NaN,NaN
1588593600,8734.176882856036,8887,8646.52,8751.407500000001,57.83509440655908,NaN,NaN
1588615200,8742.79219142802,8950,8742.79219142802,8852.875,61.18513213128716,NaN,NaN
1588636800,8797.83359571401,9118.58,8797.83359571401,8952.9875,64.20678970793657,NaN,NaN
1588658400,8875.410547857005,9085,8760,8924.247500000001,62.697812553380814,NaN,NaN
1588680000,8899.829023928503,8950,8806.12,8867.800000000001,59.728695169281615,NaN,NaN
1588701600,8883.814511964252,9044,8851.57,8946.7975,62.411466632439456,NaN,NaN
1588723200,8915.306005982125,9069,8906.21,9001.1225,64.17872515750567,NaN,NaN
1588744800,8958.214252991063,9349,8958.214252991063,9165.535,68.93850476530142,NaN,NaN
1588766400,9061.874626495532,9380,9061.874626495532,9271.182499999999,71.55412218583537,NaN,NaN
1588788000,9166.528563247764,9395,9079,9220.6475,68.57928931023923,NaN,NaN
1588809600,9193.588031623882,9374.93,9021,9202.0825,67.4695446597692,NaN,NaN
1588831200,9197.83526581194,9340,9197.83526581194,9281.025000000001,69.71381541608864,NaN,NaN
1588852800,9239.43013290597,9887,9239.43013290597,9565.2825,76.10612076514613,NaN,NaN
1588874400,9402.356316452984,10067,9402.356316452984,9901.622500000001,81.17028668545717,NaN,NaN
1588896000,9651.989408226493,10035.96,9651.989408226493,9923.349999999999,81.44389171856221,NaN,NaN
1588917600,9787.669704113247,9964.99,9705,9858.6,77.81512466832599,NaN,NaN
1588939200,9823.134852056624,10006.98,9780,9912.3125,78.6643571216282,NaN,NaN
1588960800,9867.723676028312,10000.52,9780,9886.0375,77.10936301754025,NaN,NaN
1588982400,9876.880588014155,9914.25,9728.46,9818.1875,73.0913745240965,NaN,NaN
1589004000,9847.534044007078,9847.534044007078,9520,9706.1725,66.89410433498992,NaN,NaN
1589025600,9776.85327200354,9795,9600.6,9702.349999999999,66.68631320542372,NaN,NaN
1589047200,9739.60163600177,9786.35,9525,9656.4325,64.11010435163095,NaN,NaN
1589068800,9698.017068000885,9698.017068000885,8117,8962.9975,39.372782652437884,NaN,NaN
1589090400,9330.507284000443,9330.507284000443,8554.67,8703.2925,34.07048878874387,NaN,NaN
1589112000,9016.899892000221,9016.899892000221,8255,8584.105,31.944326077513267,NaN,NaN
1589133600,8800.502446000111,8837.28,8421.17,8627.267500000002,33.56128839601884,NaN,NaN
1589155200,8713.884973000057,8805.14,8613.01,8707.545,36.579416868928995,NaN,NaN
1589176800,8710.714986500028,8990,8478,8771.1725,38.94675858253642,NaN,NaN
1589198400,8740.943743250014,9168,8325,8731.4825,37.994034688611116,NaN,NaN
1589220000,8736.213121625007,8807,8200,8518.0175,33.27889181534364,NaN,NaN
1589241600,8627.115310812504,8785,8528.78,8651.6425,38.42993047953424,NaN,NaN
1589263200,8639.37890540625,8828.72,8614.98,8743.8425,41.77036899889457,NaN,NaN
1589284800,8691.610702703125,8978.26,8659,8829.2925,44.76153992792479,NaN,NaN
1589306400,8760.451601351562,8925.98,8730.06,8836.4575,45.01658545474725,NaN,NaN
1589328000,8798.454550675782,8972.46,8792.99,8864.932499999999,46.08205658833803,NaN,NaN
1589349600,8831.69352533789,9048.62,8826.72,8948.6525,49.199023635736765,NaN,NaN
1589371200,8890.173012668945,9188,8890.173012668945,9073.099999999999,53.502053009218436,NaN,NaN
1589392800,8981.636506334471,9398,8981.636506334471,9215.485,57.89630729638998,NaN,NaN
1589414400,9098.560753167236,9447,9098.560753167236,9362.720000000001,61.90540192601641,NaN,NaN
1589436000,9230.640376583618,9939,9230.640376583618,9616.955,67.63597000711027,NaN,NaN
1589457600,9423.797688291808,9783.01,9423.797688291808,9658.135,68.46349947434244,NaN,NaN
1589479200,9540.966344145905,9874.3,9540.966344145905,9718.5525,69.68810184903562,NaN,NaN
1589500800,9629.759422072952,9845.62,9256.12,9599.7625,64.39358858188447,NaN,NaN
1589522400,9614.760961036476,9729.81,9480,9576.8825,63.3945547797448,NaN,NaN
1589544000,9595.821730518237,9616.65,9413.93,9525.5475,61.103955557039995,NaN,NaN
1589565600,9560.684615259119,9560.684615259119,9150,9369.8025,54.65203886004903,NaN,NaN
1589587200,9465.24355762956,9588,9220,9395.82,55.49739744889419,NaN,NaN
1589608800,9430.53177881478,9510,9315,9424.7125,56.4679008362135,NaN,NaN
1589630400,9427.622139407391,9534.85,9291,9390.6625,54.94709742034775,NaN,NaN
1589652000,9409.142319703697,9442.98,9262,9352.0125,53.19577681836882,NaN,NaN
1589673600,9380.577409851849,9579.16,9322.1,9444.2675,56.74008638538576,NaN,NaN
1589695200,9412.422454925923,9567.85,9412.422454925923,9505.2325,58.95222131756739,NaN,NaN
1589716800,9458.82747746296,9888,9458.82747746296,9672.985,64.35370932863736,NaN,NaN
1589738400,9565.90623873148,9798.49,9565.90623873148,9708.432499999999,65.39010440019777,NaN,NaN
1589760000,9637.16936936574,9950,9637.16936936574,9793.0775,67.79777596453101,NaN,NaN
1589781600,9715.12343468287,9884.54,9464.23,9711.244999999999,63.21895698911946,NaN,NaN
1589803200,9713.184217341433,9735,9550.01,9636.2425,59.26808016562447,NaN,NaN
1589824800,9674.713358670717,9755,9613,9681.75,60.866131995743665,NaN,NaN
1589846400,9678.231679335358,9742.95,9474,9638.4925,58.51599230789028,NaN,NaN
1589868000,9658.36208966768,9897.21,9550,9700.57,60.852054667954995,NaN,NaN
1589889600,9679.46604483384,9762,9561,9683.5525,59.85695953370306,NaN,NaN
1589911200,9681.509272416919,9794,9620.49,9712.38,61.01982388695531,NaN,NaN
1589932800,9696.94463620846,9800,9696.56,9756.512499999999,62.79661933497224,NaN,NaN
1589954400,9726.72856810423,9842,9651,9744.6425,61.97832351441973,NaN,NaN
1589976000,9735.685534052114,9799,9326,9598.9225,52.87003473217274,NaN,NaN
1589997600,9667.304017026057,9667.304017026057,9435.87,9521.1325,48.75122445742234,NaN,NaN
1590019200,9594.218258513029,9594.218258513029,9400,9498.25,47.57707254262645,NaN,NaN
1590040800,9546.234129256514,9546.234129256514,9228,9413.3625,43.401040171079856,NaN,NaN
1590062400,9479.798314628257,9479.798314628257,8949.74,9185.5325,34.61840173540297,NaN,NaN
1590084000,9332.665407314129,9332.665407314129,8815,9013.9075,29.736693051254335,NaN,NaN
1590105600,9173.286453657063,9173.286453657063,8933.52,9045.66,31.656872222448726,NaN,NaN
1590127200,9109.473226828532,9206.92,9033,9113.4775,35.698731979313465,NaN,NaN
1590148800,9111.475363414265,9271,9079.78,9177.425,39.34160301458889,NaN,NaN
1590170400,9144.450181707132,9224,9130.6,9179.2925,39.44948869314039,NaN,NaN
1590192000,9161.871340853566,9307.85,9161.871340853566,9227.794999999998,42.31891129286265,NaN,NaN
1590213600,9194.833170426782,9268.11,9096.07,9199.94,41.11390544570883,NaN,NaN
1590235200,9197.386585213391,9220,9070,9160.5775,39.406311342460974,NaN,NaN
1590256800,9178.982042606694,9247.63,9125,9182.875,40.90363223572155,NaN,NaN
1590278400,9180.928521303347,9231,9120.77,9183.945,40.97900359006363,NaN,NaN
1590300000,9182.436760651673,9298,9100,9180.4975,40.798454864753126,NaN,NaN
1590321600,9181.467130325836,9181.467130325836,8853.21,9024.84,33.600225458663104,NaN,NaN
1590343200,9103.153565162918,9103.153565162918,8700,8862.2925,28.037194797742757,NaN,NaN
1590364800,8982.72303258146,8982.72303258146,8642.72,8741.6725,24.761057035071445,NaN,NaN
1590386400,8862.19776629073,8881.24,8668.29,8771.217499999999,27.010813323955773,NaN,NaN
1590408000,8816.707633145365,8918,8728.41,8823.2775,30.929924405940184,NaN,NaN
1590429600,8819.992566572682,8979.66,8819.992566572682,8908.3925,36.89579679314775,NaN,NaN
1590451200,8864.192533286341,8940,8822.74,8900.13,36.5656196406397,NaN,NaN
1590472800,8882.16126664317,9017.67,8832.38,8914.155,37.586615402516486,NaN,NaN
1590494400,8898.158133321585,8914.56,8700,8823.727499999999,33.808247570531535,NaN,NaN
1590516000,8860.942816660792,8880,8760.2,8823.0125,33.77933329671302,NaN,NaN
1590537600,8841.977658330397,8897.8,8811.73,8857.1325,36.567317884279866,NaN,NaN
1590559200,8849.555079165199,9170,8829.4,9007.035,47.104006280770925,NaN,NaN
1590580800,8928.2950395826,9225,8928.2950395826,9170.880000000001,55.75497108696748,NaN,NaN
1590602400,9049.587519791301,9205.42,9049.587519791301,9162.865,55.27869958052875,NaN,NaN
1590624000,9106.226259895651,9280.78,9106.226259895651,9193.1525,56.781112041766185,NaN,NaN
1590645600,9149.689379947826,9280,9110,9206.16,57.4423645528527,NaN,NaN
1590667200,9177.924689973912,9537.8,9177.924689973912,9380.695,65.14780198226994,NaN,NaN
1590688800,9279.309844986956,9625.47,9279.309844986956,9514.7125,69.68639336384916,NaN,NaN
1590710400,9397.011172493478,9605.26,9397.011172493478,9540.55,70.48441732800194,NaN,NaN
1590732000,9468.78058624674,9593.69,9335,9463.140000000001,64.96622052086371,NaN,NaN
1590753600,9465.960293123371,9478,9330,9409.7575,61.39650004107905,NaN,NaN
1590775200,9437.858896561685,9452.36,9372,9419.645,61.81501549455763,NaN,NaN
1590796800,9428.751948280842,9566.66,9331.23,9470.8475,63.992084293374084,NaN,NaN
1590818400,9449.799724140421,9600,9449.799724140421,9543.25,66.868597881791,NaN,NaN
1590840000,9496.524862070211,9570,9495,9535.8325,66.28438870024306,NaN,NaN
1590861600,9516.178681035106,9740,9400,9590.2075,68.459779487449,NaN,NaN
1590883200,9553.193090517554,9700,9516.38,9621.26,69.6635747612447,NaN,NaN
1590904800,9587.226545258778,9605.69,9500,9566.3975,64.94716212165973,NaN,NaN
1590926400,9576.812022629389,9638,9436.96,9541.97,62.905049643244304,NaN,NaN
1590948000,9559.391011314694,9559.391011314694,9381.41,9467.5775,57.024526263805846,NaN,NaN
1590969600,9513.484255657346,9619,9421.67,9506.455,59.172538303754735,NaN,NaN
1590991200,9509.969627828672,9584.37,9509.969627828672,9536.23,60.78898806879243,NaN,NaN
1591012800,9523.099813914336,9610,9491.45,9547.385,61.405494765022496,NaN,NaN
1591034400,9535.242406957168,10380,9535.242406957168,9927.825,75.53395429840337,NaN,NaN
1591056000,9731.533703478584,10228.99,9731.533703478584,10139.71,79.93875230482219,NaN,NaN
1591077600,9935.621851739292,10156.78,9935.621851739292,10109.6925,77.80172327703907,NaN,NaN
1591099200,10022.657175869645,10190,9266,9775.8475,58.9322058587064,NaN,NaN
1591120800,9899.252337934822,9899.252337934822,9400,9500.375,48.483082459224896,NaN,NaN
1591142400,9699.81366896741,9699.81366896741,9365.21,9484.557499999999,47.95727596765781,NaN,NaN
1591164000,9592.185584483705,9622.01,9485.98,9560.3875,50.71672980943157,NaN,NaN
1591185600,9576.286542241853,9646.43,9486.05,9577.602499999999,51.34742511389096,NaN,NaN
1591207200,9576.944521120926,9690,9529,9611.315,52.62600740097641,NaN,NaN
1591228800,9594.129760560463,9687.93,9594.129760560463,9649.205,54.08644206136511,NaN,NaN
1591250400,9621.667380280232,9669.49,9450,9596.03,51.67863992375387,NaN,NaN
1591272000,9608.848690140116,9856.56,9605,9725.6725,56.735580447718355,NaN,NaN
1591293600,9667.260595070058,9881.63,9667.260595070058,9803.66,59.48254549848746,NaN,NaN
1591315200,9735.460297535028,9846.16,9735.460297535028,9793.6775,58.96645451486089,NaN,NaN
1591336800,9764.568898767513,9854.75,9581,9730.5875,55.678468946109206,NaN,NaN
1591358400,9747.578199383755,9755.82,9624.24,9700.6075,54.133752381840715,NaN,NaN
1591380000,9724.092849691879,9753.12,9619.47,9679.580000000002,53.02262602728659,NaN,NaN
1591401600,9701.83642484594,9701.83642484594,9531.05,9603.895,49.114972259780195,NaN,NaN
1591423200,9652.86571242297,9699,9580,9648.07,51.36781091259298,NaN,NaN
1591444800,9650.467856211486,9735,9583.93,9656.86,51.824857094376966,NaN,NaN
1591466400,9653.663928105743,9729.74,9606,9654.247500000001,51.66943167129649,NaN,NaN
1591488000,9653.955714052872,9717,9624,9669.795,52.58086832893855,NaN,NaN
1591509600,9661.875357026436,9682,9555,9620.98,49.42902893243081,NaN,NaN
1591531200,9641.427678513217,9641.427678513217,9372.46,9512.4875,43.22714061604699,NaN,NaN
1591552800,9576.957589256608,9802,9490.49,9634.39,50.71045888636576,NaN,NaN
1591574400,9605.673794628303,9779.99,9605.673794628303,9744.130000000001,56.29538890068871,NaN,NaN
1591596000,9674.901897314152,9800,9633,9731.7925,55.533546286944826,NaN,NaN
1591617600,9703.347198657077,9751.78,9651,9716.5675,54.55242806467321,NaN,NaN
1591639200,9709.957349328539,9800,9676.58,9745.0375,56.11380830577695,NaN,NaN
1591660800,9727.49742466427,9877,9570,9731.455,55.14051058448002,NaN,NaN
1591682400,9729.476212332134,9729.476212332134,9624.53,9692.6475,52.346767492575644,NaN,NaN
1591704000,9711.061856166067,9748.95,9672,9711.3925,53.57043865648536,NaN,NaN
1591725600,9711.227178083034,9829,9681.94,9746.69,55.868513163554276,NaN,NaN
1591747200,9728.958589041518,9810,9728.958589041518,9771.442500000001,57.45867152792591,NaN,NaN
1591768800,9750.20054452076,9790,9706.04,9749.29,55.53021637505458,NaN,NaN
1591790400,9749.745272260381,9779,9720,9750.2475,55.599581591603496,NaN,NaN
1591812000,9749.996386130191,9992.72,9704.18,9838.9575,61.57905873826437,NaN,NaN
1591833600,9794.476943065096,9964,9794.476943065096,9899.095000000001,65.01838573219288,NaN,NaN
1591855200,9846.785971532549,9889.89,9755.52,9830.282500000001,58.55880509468666,NaN,NaN
1591876800,9838.534235766274,9838.534235766274,9113,9519.86,39.4958523498551,NaN,NaN
1591898400,9679.197117883137,9679.197117883137,9230,9320.915,32.24996289304086,NaN,NaN
1591920000,9500.056058941569,9500.056058941569,9232.51,9322.7475,32.37303390054885,NaN,NaN
1591941600,9411.401779470783,9516.95,9365.93,9440.5175,39.92585491065173,NaN,NaN
1591963200,9425.959639735393,9557.12,9301,9422.1975,39.19257702691897,NaN,NaN
1591984800,9424.078569867695,9488.15,9324.23,9403.182499999999,38.40417390788065,NaN,NaN
1592006400,9413.630534933847,9477.18,9362.08,9429.4625,40.194769040474625,NaN,NaN
1592028000,9421.546517466923,9470,9380,9417.182499999999,39.615251977757964,NaN,NaN
1592049600,9419.36450873346,9468,9390.05,9423.3825,40.08494129773046,NaN,NaN
1592071200,9421.37350436673,9494.73,9351,9437.3575,41.19524222503981,NaN,NaN
1592092800,9429.365502183366,9480.99,9414.13,9450.3675,42.26782979595078,NaN,NaN
1592114400,9439.866501091683,9443.46,9380,9420.705,40.45599610320801,NaN,NaN
1592136000,9430.285750545841,9438.71,9311.02,9393.305,38.801431880770856,NaN,NaN
1592157600,9411.79537527292,9411.79537527292,9245,9348.3125,36.184471149977284,NaN,NaN
1592179200,9380.053937636461,9380.053937636461,9000,9188.455,28.762032715554582,NaN,NaN
1592200800,9284.254468818232,9284.254468818232,8910.45,9058.5125,24.383545263496487,NaN,NaN
1592222400,9171.383484409116,9399,9043.19,9223.5275,37.41347965903625,NaN,NaN
1592244000,9197.455492204557,9495,9197.455492204557,9397.0025,47.6300717118654,NaN,NaN
1592265600,9297.22899610228,9582.05,9297.22899610228,9480.2475,51.70425065298152,NaN,NaN
1592287200,9388.73824805114,9554.08,9388.73824805114,9514.81,53.327737047507966,NaN,NaN
1592308800,9451.774124025571,9589,9400,9492.287499999999,52.098706117697624,NaN,NaN
1592330400,9472.030812012785,9537.5,9452.38,9496.6125,52.32592589216617,NaN,NaN
1592352000,9484.321656006392,9535.43,9420,9482.3025,51.45621497347877,NaN,NaN
1592373600,9483.312078003197,9534,9435,9473.6025,50.902279050414805,NaN,NaN
1592395200,9478.457289001599,9565,9358,9450.970000000001,49.412051665675726,NaN,NaN
1592416800,9464.7136445008,9473.33,9236.61,9394.335,45.79873631120773,NaN,NaN
1592438400,9429.5243222504,9471.39,9401.41,9440.977499999999,49.099943933160716,NaN,NaN
1592460000,9435.2509111252,9489,9380,9432.0475,48.49099781003477,NaN,NaN
1592481600,9433.6492055626,9445,9376.05,9414.68,47.263297338262646,NaN,NaN
1592503200,9424.1646027813,9424.1646027813,9280,9372.145,44.30476990723987,NaN,NaN
1592524800,9398.15480139065,9398.15480139065,9215.79,9329.4175,41.49486472365492,NaN,NaN
1592546400,9363.786150695325,9438.3,9258.18,9351.970000000001,43.530622363750894,NaN,NaN
1592568000,9357.878075347664,9423,9288.26,9352.5725,43.5870975372119,NaN,NaN
1592589600,9355.225287673831,9355.225287673831,9260,9309.435000000001,40.46659967294286,NaN,NaN
1592611200,9332.330143836916,9350,9286.97,9315.057499999999,41.05890186169375,NaN,NaN
1592632800,9323.693821918458,9380,9170.95,9297.4825,39.72834429870929,NaN,NaN
1592654400,9310.588160959229,9335.07,9232.33,9291.415,39.255383982651054,NaN,NaN
1592676000,9301.001580479615,9395,9272,9324.490000000002,43.22335689998197,NaN,NaN
1592697600,9312.74579023981,9400,9312.74579023981,9372.775000000001,48.51111370213997,NaN,NaN
1592719200,9342.760395119905,9422,9331,9374.8775,48.73500187858498,NaN,NaN
1592740800,9358.818947559954,9393,9321.71,9355.0525,46.67410830308748,NaN,NaN
1592762400,9356.935723779978,9356.935723779978,9281.54,9319.885,43.18540111881655,NaN,NaN
1592784000,9338.41036188999,9450,9277.09,9359.122500000001,47.8675096599856,NaN,NaN
1592805600,9348.766430944996,9473.03,9348.766430944996,9436.725,55.651762965105185,NaN,NaN
1592827200,9392.745715472498,9629.34,9392.745715472498,9529.725,62.81719743138034,NaN,NaN
1592848800,9461.235357736248,9780,9461.235357736248,9648.485,69.57707791024106,NaN,NaN
1592870400,9554.860178868124,9720,9554.860178868124,9658.8525,70.08831958303995,NaN,NaN
1592892000,9606.856339434064,9667.86,9577.03,9625.955000000002,66.2820894149599,NaN,NaN
1592913600,9616.405669717033,9695,9613.56,9651.7075,67.75817064661229,NaN,NaN
1592935200,9634.056584858517,9680,9590,9639.855,66.31916043848523,NaN,NaN
1592956800,9636.955792429259,9670,9612.88,9638.855,66.19143461369305,NaN,NaN
1592978400,9637.905396214628,9670,9313,9490.6325,50.62734654619054,NaN,NaN
1593000000,9564.268948107314,9564.268948107314,9208,9318.9625,39.14638003819189,NaN,NaN
1593021600,9441.615724053656,9441.615724053656,9233.35,9294.85,37.848095653519366,NaN,NaN
1593043200,9368.232862026827,9368.232862026827,9009.69,9198.5475,33.12321623466721,NaN,NaN
1593064800,9283.390181013414,9332.94,9141.77,9227.3875,35.711560037880474,NaN,NaN
1593086400,9255.388840506708,9296.69,9160.03,9248.927500000002,37.65245081358923,NaN,NaN
1593108000,9252.158170253355,9340,9215,9271.9225,39.74387351187361,NaN,NaN
1593129600,9262.040335126678,9298,9182.5,9237.9375,37.72949109596126,NaN,NaN
1593151200,9249.98891756334,9256.75,9091.55,9189.86,35.024979168966055,NaN,NaN
1593172800,9219.92445878167,9232.5,9045.45,9155.289999999999,33.18307605355878,NaN,NaN
1593194400,9187.607229390835,9218,9130.69,9166.185,34.35474461627928,NaN,NaN
1593216000,9176.896114695417,9187.15,9105,9156.08,33.763376457372814,NaN,NaN
1593237600,9166.48805734771,9196.24,9120,9161.5425,34.420548093424784,NaN,NaN
1593259200,9164.015278673854,9178.16,9055,9118.355,31.739344025250077,NaN,NaN
1593280800,9141.185139336927,9141.185139336927,8833,9008.325,26.150417007117724,NaN,NaN
1593302400,9074.755069668463,9074.755069668463,8948.06,8984.162499999999,25.104961651920476,NaN,NaN
1593324000,9029.45878483423,9083.57,8961.28,9014.8125,28.983426690271017,NaN,NaN
1593345600,9022.135642417115,9191,9020.44,9105.0225,38.996560956530004,NaN,NaN
1593367200,9063.579071208558,9170,9063.579071208558,9129.535,41.413819582443445,NaN,NaN
1593388800,9096.557035604279,9148.61,9083.52,9115.5725,40.43106684164866,NaN,NaN
1593410400,9106.06476780214,9142,9061.26,9103.6525,39.567812502079896,NaN,NaN
1593432000,9104.858633901069,9164.69,9024.67,9111.7175,40.49357635331205,NaN,NaN
1593453600,9108.288066950536,9238,9108.288066950536,9180.3575,47.820022737448284,NaN,NaN
1593475200,9144.322783475269,9205,9116.92,9160.7125,46.071693796593024,NaN,NaN
1593496800,9152.517641737635,9174,9111.94,9140.710000000001,44.29589491578093,NaN,NaN
1593518400,9146.613820868817,9189,9064.89,9137.564999999999,44.00867211185497,NaN,NaN
1593540000,9142.089410434408,9172.44,9095.12,9138.3975,44.111977377115885,NaN,NaN
1593561600,9140.243455217204,9162.85,9080.1,9130.9125,43.33776441146353,NaN,NaN
1593583200,9135.577977608602,9200,9125.31,9156.724999999999,46.80510735585074,NaN,NaN
1593604800,9146.1514888043,9292,9135.07,9216.285,53.826246454045105,NaN,NaN
1593626400,9181.21824440215,9283.16,9181.21824440215,9251.08,57.36650825337356,NaN,NaN
1593648000,9216.149122201074,9261.96,9202.79,9226.605,54.21752446028746,NaN,NaN
1593669600,9221.377061100537,9221.377061100537,9166.6,9198.3225,50.750685260703456,NaN,NaN
1593691200,9209.849780550268,9257.72,8940,9115.212500000001,42.20939776795515,NaN,NaN
1593712800,9162.531140275136,9162.531140275136,9027,9082.470000000001,39.39632855706116,NaN,NaN
1593734400,9122.500570137569,9123.07,9064.67,9095.96,41.136928552625484,NaN,NaN
1593756000,9109.230285068785,9125,9038.7,9092.557499999999,40.81848839636784,NaN,NaN
1593777600,9100.893892534392,9122,9075,9095.557499999999,41.25031491910763,NaN,NaN
1593799200,9098.225696267196,9104,9037.47,9071.987500000001,38.851722021163766,NaN,NaN
1593820800,9085.1065981336,9099,9045.34,9073.43,39.08517166854882,NaN,NaN
1593842400,9079.2682990668,9092.77,9051.43,9073.3825,39.07988082776073,NaN,NaN
1593864000,9076.3253995334,9190,9040.04,9114.5525,45.91381734783851,NaN,NaN
1593885600,9095.4389497667,9190,9095.4389497667,9150.345,51.054478800778476,NaN,NaN
1593907200,9122.89197488335,9145.24,9065.54,9105.6225,45.265301943508774,NaN,NaN
1593928800,9114.257237441674,9114.257237441674,8980,9044.127499999999,38.75746387921962,NaN,NaN
1593950400,9079.192368720836,9079.192368720836,8997.93,9032.585000000001,37.66292762185645,NaN,NaN
1593972000,9055.88868436042,9108.46,8893.03,9025.192500000001,36.94333446170507,NaN,NaN
1593993600,9040.54059218021,9119.12,9040.54059218021,9088.9075,46.441437947960644,NaN,NaN
1594015200,9064.724046090105,9240,9064.724046090105,9170.1075,55.61680564008322,NaN,NaN
1594036800,9117.415773045053,9349,9117.415773045053,9269.49,63.792607995038715,NaN,NaN
1594058400,9193.452886522526,9375,9193.452886522526,9321.3275,67.18781170950837,NaN,NaN
1594080000,9257.390193261263,9379.42,9256.4,9316.46,66.5566989473802,NaN,NaN
1594101600,9286.925096630632,9289.7,9220.04,9266.95,60.34734672333556,NaN,NaN
1594123200,9276.937548315316,9290.28,9236,9269.6275,60.561633158879395,NaN,NaN
1594144800,9273.282524157657,9284.07,9203,9256.55,58.887741822760276,NaN,NaN
1594166400,9264.916262078828,9322.59,9231,9270.404999999999,60.144591766359326,NaN,NaN
1594188000,9267.660631039413,9310,9238,9282.12,61.22402375681712,NaN,NaN
1594209600,9274.890315519708,9470,9274.890315519708,9371.4575,68.27947207746581,NaN,NaN
1594231200,9323.173907759854,9468,9323.173907759854,9430.595,71.92154718257504,NaN,NaN
1594252800,9376.884453879928,9440.79,9360,9404.6075,68.2149589916035,NaN,NaN
1594274400,9390.745976939965,9419.61,9326,9382.195,65.09894259473631,NaN,NaN
1594296000,9386.470488469982,9432.92,9160,9300.9025,55.24215140766303,NaN,NaN
1594317600,9343.686494234991,9343.686494234991,9188,9220.83,47.597414010054194,NaN,NaN
1594339200,9282.258247117496,9282.258247117496,9125,9185.8925,44.691328600588555,NaN,NaN
1594360800,9234.075373558748,9234.075373558748,9128.06,9160.852499999999,42.68002839304899,NaN,NaN
1594382400,9197.463936779373,9252.41,9160.59,9199.0725,46.62828890852551,NaN,NaN
1594404000,9198.268218389687,9317.48,9198.268218389687,9259.25,52.20997299154773,NaN,NaN
1594425600,9228.759109194843,9299.28,9228.759109194843,9275.29,53.602811284718,NaN,NaN
1594447200,9252.024554597421,9279.56,9178.25,9229.645,49.20769866654107,NaN,NaN
1594468800,9240.83477729871,9253.79,9195,9217.165,48.04769058321424,NaN,NaN
1594490400,9228.999888649356,9253,9201.55,9227.022500000001,49.068976281874804,NaN,NaN
1594512000,9228.011194324677,9294,9228.011194324677,9257.285,52.17711816775686,NaN,NaN
1594533600,9242.648097162339,9273.2,9241.51,9257.625,52.21240335429424,NaN,NaN
1594555200,9250.13654858117,9345,9182,9247.2775,50.97959863663933,NaN,NaN
1594576800,9248.707024290585,9327,9157.5,9251.025,51.42690723862989,NaN,NaN
1594598400,9249.866012145292,9321.34,9249.866012145292,9293.555,56.30046005095166,NaN,NaN
1594620000,9271.710506072646,9318,9244.55,9289.1425,55.676302363981286,NaN,NaN
1594641600,9280.426503036324,9343.82,9278,9311.787499999999,58.235267527955585,NaN,NaN
1594663200,9296.107001518161,9316.3,9200.89,9269.0275,52.11662944163489,NaN,NaN
1594684800,9282.56725075908,9282.56725075908,9151,9207.12,44.78077726522491,NaN,NaN
1594706400,9244.84362537954,9244.84362537954,9113,9193.18,43.3027122403962,NaN,NaN
1594728000,9219.01181268977,9275,9182.02,9234.515,48.70881726307529,NaN,NaN
1594749600,9226.763406344886,9279.54,9226.763406344886,9254.8575,51.17613681593497,NaN,NaN
1594771200,9240.810453172442,9276.49,9222.57,9249.8275,50.528888726025805,NaN,NaN
1594792800,9245.31897658622,9249.98,9188,9225.415,47.39580407613573,NaN,NaN
1594814400,9235.36698829311,9248,9186.57,9215.157500000001,46.102296739491194,NaN,NaN
1594836000,9225.262244146556,9237.27,9160.57,9200.57,44.25263561313462,NaN,NaN
1594857600,9212.916122073279,9226.15,9177.77,9200.135,44.19569231467779,NaN,NaN
1594879200,9206.52556103664,9208,9047.25,9133.970000000001,36.5018673143208,NaN,NaN
1594900800,9170.24778051832,9170.24778051832,9069.31,9104.9475,33.72824517641435,NaN,NaN
1594922400,9137.59764025916,9153,9091.1,9125.7575,37.40123657166122,NaN,NaN
1594944000,9131.677570129581,9142.06,9089.81,9116.994999999999,36.4843024757062,NaN,NaN
1594965600,9124.33628506479,9142.07,9095.23,9119.6525,36.98884701826815,NaN,NaN
1594987200,9121.994392532395,9186.83,9121.994392532395,9150.905,42.74856226033992,NaN,NaN
1595008800,9136.449696266198,9180,9136.449696266198,9157.060000000001,43.83738918466362,NaN,NaN
1595030400,9146.7548481331,9168.88,9121.1,9144.98,42.143343933933174,NaN,NaN
1595052000,9145.86742406655,9219.3,9123.92,9159.6875,44.93347498936904,NaN,NaN
1595073600,9152.777462033275,9175,9152.777462033275,9164.49,45.85174196040573,NaN,NaN
1595095200,9158.633731016638,9200,9147.92,9171.957499999999,47.322690300297296,NaN,NaN
1595116800,9165.29561550832,9180.79,9140.38,9158.815,45.00547839630719,NaN,NaN
1595138400,9162.055307754159,9162.055307754159,9101.35,9131.915,40.62110954187812,NaN,NaN
1595160000,9146.98515387708,9171.11,9110,9139.115,42.24296262023206,NaN,NaN
1595181600,9143.05007693854,9232.27,9143.05007693854,9184.25,51.23491591404819,NaN,NaN
1595203200,9163.65003846927,9221.52,9163.65003846927,9199.4925,53.84807810252088,NaN,NaN
1595224800,9181.571269234635,9193.84,9131,9166.605,47.88566269013485,NaN,NaN
1595246400,9174.088134617317,9203.6,9140.82,9171.05,48.71225472842883,NaN,NaN
1595268000,9172.569067308657,9198.3,9141.19,9173.0825,49.10973191694824,NaN,NaN
1595289600,9172.825783654329,9207,9152.8,9177.5275,50.02196057585955,NaN,NaN
1595311200,9175.176641827165,9353,9175.176641827165,9265.88,63.8810766087738,NaN,NaN
1595332800,9220.528320913581,9437.73,9220.528320913581,9366.495,73.04724846403369,NaN,NaN
1595354400,9293.511660456792,9391.83,9293.511660456792,9372.4275,73.47468674932989,NaN,NaN
1595376000,9332.969580228397,9392.82,9327.81,9363.32,71.59747133424256,NaN,NaN
1595397600,9348.144790114198,9360.81,9261,9327.3625,64.58191261611557,NaN,NaN
1595419200,9337.753645057099,9372,9311.11,9348.0275,66.60703012789669,NaN,NaN
1595440800,9342.89057252855,9544,9342.89057252855,9445.192500000001,74.10441732578293,NaN,NaN
1595462400,9394.041536264274,9533.7,9394.041536264274,9500.635,77.24397795303018,NaN,NaN
1595484000,9447.338268132138,9527,9447.338268132138,9500.842499999999,77.25509238681721,NaN,NaN
1595505600,9474.090384066069,9664,9440.33,9555.12,80.00600611351256,NaN,NaN
1595527200,9514.605192033036,9617.28,9514.605192033036,9598.4225,81.88807384949504,NaN,NaN
1595548800,9556.513846016518,9606.83,9508.83,9566.675,76.22303154751756,NaN,NaN
1595570400,9561.594423008259,9561.594423008259,9463.44,9525.825,69.55527428308315,NaN,NaN
1595592000,9543.709711504129,9583.36,9497.44,9542.5825,70.68804044426305,NaN,NaN
1595613600,9543.146105752065,9637,9513,9561.365,71.94790082757123,NaN,NaN
1595635200,9552.255552876031,9624.13,9513,9565.630000000001,72.23967871556243,NaN,NaN
1595656800,9558.942776438016,9620,9558.942776438016,9585.345000000001,73.6063045947039,NaN,NaN
1595678400,9572.143888219009,9708.81,9552.29,9630.97,76.49070493798938,NaN,NaN
1595700000,9601.556944109503,9732.9,9601.556944109503,9689.475,79.57337314389343,NaN,NaN
1595721600,9645.515972054753,9704.08,9645.515972054753,9683.15,78.37683342603106,NaN,NaN
1595743200,9664.332986027377,10111,9664.332986027377,9858.13,85.06680904561595,NaN,NaN
1595764800,9761.231493013689,9990,9761.231493013689,9920.1475,86.64402566119338,NaN,NaN
1595786400,9840.689496506844,9940,9840.689496506844,9905.415,84.364495634045,NaN,NaN
1595808000,9873.052248253422,10319.89,9873.052248253422,10114.1575,88.84329611029425,NaN,NaN
1595829600,9993.604874126711,10328,9993.604874126711,10247.977499999999,90.6853813694089,NaN,NaN
1595851200,10120.791187063354,10950,10120.791187063354,10575.425,93.50938389371012,NaN,NaN
1595872800,10348.108093531677,11394.86,10348.108093531677,10994.345,95.42175797540239,NaN,NaN
1595894400,10671.226546765838,11242.23,10671.226546765838,10995.960000000001,95.42735143963426,NaN,NaN
1595916000,10833.59327338292,11023,10565,10863.9475,86.16078243217898,NaN,NaN
1595937600,10848.77038669146,11180,10848.77038669146,10988.2475,87.4013251353041,NaN,NaN
1595959200,10918.508943345729,11050,10840,10933.2275,83.81969766459437,NaN,NaN
1595980800,10925.868221672865,11004.8,10812,10918.79,82.86015512816705,NaN,NaN
1596002400,10922.329110836432,11149.66,10916,11029.685,84.3427992280475,NaN,NaN
1596024000,10976.007055418217,11296.74,10970.2,11134.192500000001,85.60642608031417,NaN,NaN
1596045600,11055.099777709109,11342.82,11042.82,11163.75,85.95175404629245,NaN,NaN
1596067200,11109.424888854555,11121.5,10937,11037.205000000002,77.39093749000514,NaN,NaN
1596088800,11073.314944427279,11073.314944427279,10887.28,10957.029999999999,72.46629013048532,NaN,NaN
1596110400,11015.172472213639,11048,10831,10961.5725,72.57277979865964,NaN,NaN
1596132000,10988.372486106819,11170,10988.372486106819,11086.7875,75.3974571286737,NaN,NaN
1596153600,11037.579993053409,11135.2,10960,11058.507500000002,73.55496030749778,NaN,NaN
1596175200,11048.043746526706,11226,11034,11129.475,75.19322878257059,NaN,NaN
1596196800,11088.759373263354,11444,11088.759373263354,11263.46,77.9682777815225,NaN,NaN
1596218400,11176.109686631677,11425,11176.109686631677,11315.859999999999,78.95959859636628,NaN,NaN
1596240000,11245.984843315837,11647.96,11220,11451.6575,81.30701246198691,NaN,NaN
1596261600,11348.821171657917,11745,11348.821171657917,11639.4275,83.97010068497319,NaN,NaN
1596283200,11494.124335828958,11736,11490,11653.755000000001,84.15558700532613,NaN,NaN
1596304800,11573.93966791448,11861,11561,11738.9475,85.24861085997597,NaN,NaN
1596326400,11656.44358395724,12123.46,10518.5,11423.8175,66.87181911800636,NaN,NaN
1596348000,11540.130541978619,11540.130541978619,10931,11166.032500000001,56.1993222120036,NaN,NaN
1596369600,11353.08152098931,11353.08152098931,10960,11153.005,55.71538815945602,NaN,NaN
1596391200,11253.043260494655,11268.92,11000,11150.835,55.629458464005175,NaN,NaN
1596412800,11201.939130247327,11207.88,10936,11103.81,53.69673488792461,NaN,NaN
1596434400,11152.874565123664,11244.99,11120.69,11199.205,56.96325838366244,NaN,NaN
1596456000,11176.039782561831,11473,11176.039782561831,11328.1325,60.97071975230606,NaN,NaN
1596477600,11252.086141280915,11430,11133.75,11300.154999999999,59.67219567612592,NaN,NaN
1596499200,11276.120570640458,11414.98,11215.66,11282.0375,58.79887894719356,NaN,NaN
1596520800,11279.079035320228,11319.37,11000,11178.6775,53.9480657206402,NaN,NaN
1596542400,11228.878267660115,11259,11012.23,11159.465,53.07162220355451,NaN,NaN
1596564000,11194.171633830058,11269.45,11151.8,11215.485,55.34943945499775,NaN,NaN
1596585600,11204.828316915029,11296,11093,11219.137499999999,55.50109714710691,NaN,NaN
1596607200,11211.982908457514,11450,11211.982908457514,11363.71,61.12896375913608,NaN,NaN
1596628800,11287.846454228757,11715,11287.846454228757,11553.5625,67.02654878046016,NaN,NaN
1596650400,11420.704477114377,11780.93,11420.704477114377,11675.11,70.14916733359405,NaN,NaN
1596672000,11547.907238557189,11799,11547.907238557189,11683.03,70.34622726136766,NaN,NaN
1596693600,11615.468619278596,11754.68,11614.58,11671.865,69.64820380138286,NaN,NaN
1596715200,11643.666809639297,11878.26,11643.666809639297,11780.7625,72.51303993339499,NaN,NaN
1596736800,11712.214654819649,11900,11620,11786.1075,72.64949673677361,NaN,NaN
1596758400,11749.161077409824,11909.94,11725.01,11795.695,72.90929197594104,NaN,NaN
1596780000,11772.428038704911,11847,11680,11766.914999999999,70.73717274818101,NaN,NaN
1596801600,11769.671519352454,11770.65,11415,11619.32,60.742689674244055,NaN,NaN
1596823200,11694.495759676227,11694.495759676227,11322,11523.302499999998,55.27155099909945,NaN,NaN
1596844800,11608.899129838112,11659.18,11512,11594.2175,58.26168732478072,NaN,NaN
1596866400,11601.558314919057,11801.72,11562.17,11687.682499999999,61.878855243764825,NaN,NaN
1596888000,11644.620407459528,11808.27,11585,11719.54,63.05415002947481,NaN,NaN
1596909600,11682.080203729765,11783.69,11647.52,11725.4875,63.28174900565004,NaN,NaN
1596931200,11703.783851864882,11797.11,11638,11709.157500000001,62.14966193657749,NaN,NaN
1596952800,11706.470675932442,11718.21,11605,11662.45,58.90380179296352,NaN,NaN
1596974400,11684.460337966222,11687.85,11525,11606.4625,55.183409799676774,NaN,NaN
1596996000,11645.461418983112,11695,11521.97,11606.395,55.17888482998345,NaN,NaN
1597017600,11625.928209491556,12067.35,11625.928209491556,11847.1275,65.91385169774986,NaN,NaN
1597039200,11736.527854745778,12006.29,11450,11786.8225,61.91342636459514,NaN,NaN
1597060800,11761.67517737289,11968,11705.51,11821.6725,63.29965162686107,NaN,NaN
1597082400,11791.673838686445,11903.96,11766,11860.732499999998,64.84410296263448,NaN,NaN
1597104000,11826.203169343222,11935,11805.69,11872.0375,65.29926468344578,NaN,NaN
1597125600,11849.12033467161,11854.57,11642.45,11773.265,58.20833925307599,NaN,NaN
1597147200,11811.192667335805,11811.192667335805,11285,11565.125,46.69993538122092,NaN,NaN
1597168800,11688.158833667901,11688.158833667901,11125,11375.55,39.11453871295062,NaN,NaN
1597190400,11531.85441683395,11531.85441683395,11219.16,11322.9675,37.304578598276365,NaN,NaN
1597212000,11427.410958416975,11536,11150,11351.765000000001,38.97018016037036,NaN,NaN
1597233600,11389.587979208489,11617.52,11389.587979208489,11507.8625,47.164076091515014,NaN,NaN
1597255200,11448.725239604244,11595,11448.725239604244,11543.460000000001,48.85061741271442,NaN,NaN
1597276800,11496.092619802122,11656.99,11496.092619802122,11566.575,49.967428173929164,NaN,NaN
1597298400,11531.333809901062,11622.1,11270.36,11495.0925,46.580297362851205,NaN,NaN
1597320000,11513.213154950532,11585.01,11382.56,11510.23,47.393545564157456,NaN,NaN
1597341600,11511.721577475266,11792.96,11477.68,11643.1025,54.011669856818706,NaN,NaN
1597363200,11577.412038737633,11828,11577.412038737633,11744.765000000001,58.331026379320775,NaN,NaN
1597384800,11661.088519368817,11774.99,11634.03,11722.029999999999,57.04077106584959,NaN,NaN
1597406400,11691.559259684407,11850,11635.02,11758.372500000001,58.61659182201373,NaN,NaN
1597428000,11724.965879842204,11833.34,11701,11770.6325,59.16082826414371,NaN,NaN
1597449600,11747.799189921101,11980,11747.799189921101,11847.685,62.49883402895548,NaN,NaN
1597471200,11797.742094960551,11934.55,11797.742094960551,11870.9725,63.47062577594435,NaN,NaN
1597492800,11834.357297480276,11901.42,11680,11820.369999999999,59.8417940502755,NaN,NaN
1597514400,11827.363648740138,11977,11745,11857.835000000001,61.592636208657446,NaN,NaN
1597536000,11842.599324370069,11931.72,11768.78,11863.235,61.85080915430216,NaN,NaN
1597557600,11852.917162185035,11914.33,11723.19,11822.052500000002,58.61481830671404,NaN,NaN
1597579200,11837.484831092519,11898.88,11686,11792.1925,56.31421513443726,NaN,NaN
1597600800,11814.83866554626,11916.16,11790.03,11862.6075,60.27398011456808,NaN,NaN
1597622400,11838.72308277313,11933.15,11769.78,11853.4825,59.521054182845845,NaN,NaN
1597644000,11846.102791386566,11920,11785.23,11853.47,59.51995733390793,NaN,NaN
1597665600,11849.786395693282,12468,11780,12130.432499999999,71.88330566091045,NaN,NaN
1597687200,11990.10944784664,12406.86,11990.10944784664,12315.852499999999,76.9572887056883,NaN,NaN
1597708800,12152.98097392332,12387.77,12152.98097392332,12273.285,73.67040701207385,NaN,NaN
1597730400,12213.13298696166,12296.69,12157.24,12212.3325,69.11817254350217,NaN,NaN
1597752000,12212.73274348083,12259.99,11817.93,12056.7225,59.081026389999266,NaN,NaN
1597773600,12134.727621740414,12134.727621740414,11942.8,11989.507500000002,55.34258299145708,NaN,NaN
1597795200,12062.117560870207,12062.117560870207,11650,11831.6325,47.706779820257545,NaN,NaN
1597816800,11946.875030435103,11946.875030435103,11612.71,11757.884999999998,44.61042792540693,NaN,NaN
1597838400,11852.38001521755,11914.67,11651.42,11796.895,46.585323524823295,NaN,NaN
1597860000,11824.637507608775,11824.637507608775,11561,11718.787499999999,43.25950073033294,NaN,NaN
1597881600,11771.712503804387,11825.78,11679.01,11738.7825,44.35469675189096,NaN,NaN
1597903200,11755.247501902193,11817.13,11668,11749.5525,44.97082438829867,NaN,NaN
1597924800,11752.400000951096,11888,11738.81,11815.109999999999,48.69470483873863,NaN,NaN
1597946400,11783.755000475547,11880,11783.755000475547,11838.677499999998,50.00451784911227,NaN,NaN
1597968000,11811.216250237772,11878,11778.44,11839.7525,50.06713786907275,NaN,NaN
1597989600,11825.484375118886,11858.91,11688.04,11777.895,46.46102118871733,NaN,NaN
1598011200,11801.689687559443,11801.689687559443,11605.42,11697.3675,42.199801244557165,NaN,NaN
1598032800,11749.528593779722,11749.528593779722,11485.81,11607.48,38.009222946343634,NaN,NaN
1598054400,11678.50429688986,11678.50429688986,11376.81,11480.5775,33.02335963831975,NaN,NaN
1598076000,11579.54089844493,11640,11471.31,11535.902499999998,36.90893353951449,NaN,NaN
1598097600,11557.721699222464,11642.81,11553.77,11589.372500000001,40.5015504363708,NaN,NaN
1598119200,11573.547099611233,11686,11570.27,11629.785,43.137048228663794,NaN,NaN
1598140800,11601.666049805615,11688.81,11555.26,11621.36,42.71228328040402,NaN,NaN
1598162400,11611.513024902808,11623.5,11514.13,11560.502499999999,39.67331855888995,NaN,NaN
1598184000,11586.007762451403,11669.89,11521.43,11587.6525,41.66731885373444,NaN,NaN
1598205600,11586.830131225703,11718.07,11586.830131225703,11656.912499999999,46.52330745144034,NaN,NaN
1598227200,11621.87131561285,11690,11585.09,11644.627500000002,45.7950884957784,NaN,NaN
1598248800,11633.249407806426,11824.9,11633.249407806426,11728.587499999998,51.39468937143665,NaN,NaN
1598270400,11680.918453903212,11820,11680.918453903212,11771.68,54.020118071923136,NaN,NaN
1598292000,11726.299226951607,11790,11699.04,11746.127499999999,52.218922775896914,NaN,NaN
1598313600,11736.213363475803,11767.85,11648.47,11707.3775,49.52224772854803,NaN,NaN
1598335200,11721.7954317379,11721.7954317379,11510.57,11614.6075,43.703406220453765,NaN,NaN
1598356800,11668.201465868951,11668.201465868951,11180,11409.937500000002,34.16546173019158,NaN,NaN
1598378400,11539.069482934476,11539.069482934476,11117.64,11263.73,29.253863064302152,NaN,NaN
1598400000,11401.399741467238,11401.399741467238,11250,11331.994999999999,34.02301512356206,NaN,NaN
1598421600,11366.697370733618,11445.02,11296.14,11369.825,36.57468226395622,NaN,NaN
1598443200,11368.26118536681,11539.32,11244,11402.9725,38.80787503107785,NaN,NaN
1598464800,11385.616842683405,11507.16,11385.616842683405,11461.9375,42.674563125037025,NaN,NaN
1598486400,11423.777171341702,11480.59,11332.48,11406.232500000002,40.09682859365159,NaN,NaN
1598508000,11415.004835670852,11444.96,11301,11351.6025,37.69222971525201,NaN,NaN
1598529600,11383.303667835426,11592.2,11125,11304.64,35.70968355134009,NaN,NaN
1598551200,11343.971833917713,11343.971833917713,11163.23,11256.67,33.756546654099324,NaN,NaN
1598572800,11300.320916958855,11410,11276.89,11354.0675,40.83261228808036,NaN,NaN
1598594400,11327.194208479428,11474.4,11327.194208479428,11425.005,45.406665979346435,NaN,NaN
1598616000,11376.099604239713,11542.65,11376.099604239713,11471.43,48.227507291723775,NaN,NaN
1598637600,11423.764802119857,11535.72,11423.764802119857,11498.560000000001,49.85801597798463,NaN,NaN
1598659200,11461.16240105993,11540.07,11461.16240105993,11509.0725,50.508439275936844,NaN,NaN
1598680800,11485.117450529964,11580.02,11417.04,11487.81,49.12056250286917,NaN,NaN
1598702400,11486.46372526498,11535.89,11433.69,11481.7725,48.71126053983002,NaN,NaN
1598724000,11484.11811263249,11549,11458.09,11495.7625,49.756004615778835,NaN,NaN
1598745600,11489.940306316246,11650,11458,11541.029999999999,53.08600145306882,NaN,NaN
1598767200,11515.485153158123,11613.05,11515.485153158123,11588.8,56.3720774411558,NaN,NaN
1598788800,11552.142576579061,11685,11552.142576579061,11621.8375,58.53524837334642,NaN,NaN
1598810400,11586.99003828953,11719,11586.99003828953,11665.07,61.24332339458632,NaN,NaN
1598832000,11626.030019144764,11726.89,11626.030019144764,11689.287499999999,62.71241709564663,NaN,NaN
1598853600,11657.658759572381,11710,11570,11657.157500000001,59.49048363146289,NaN,NaN
1598875200,11657.408129786192,11800.77,11657.408129786192,11713.2,63.055820062190804,NaN,NaN
1598896800,11685.304064893096,11738.25,11614.9,11678.215,59.533307649709805,NaN,NaN
1598918400,11681.759532446547,11796,11515,11688.765,60.254368669601185,NaN,NaN
1598940000,11685.262266223273,11950,11685.262266223273,11847.885,69.17561809064857,NaN,NaN
1598961600,11766.573633111637,12050.85,11766.573633111637,11918.535,72.16324876382667,NaN,NaN
1598983200,11842.55431655582,12050,11842.55431655582,11945.005000000001,73.21090089334453,NaN,NaN
1599004800,11893.77965827791,11954.57,11825,11892.5225,67.76523773538644,NaN,NaN
1599026400,11893.151079138956,11893.151079138956,11160.1,11575.849999999999,45.684128457256556,NaN,NaN
1599048000,11734.500539569477,11734.500539569477,11193.79,11355.9625,36.733540177065535,NaN,NaN
1599069600,11545.231519784738,11545.231519784738,11302,11370.737500000001,37.617957936647954,NaN,NaN
1599091200,11457.984509892369,11457.984509892369,11257,11342.599999999999,36.56951259312371,NaN,NaN
1599112800,11400.292254946184,11462.6,11180.97,11282.607500000002,34.37000098271217,NaN,NaN
1599134400,11341.449877473093,11341.449877473093,10460,10903.0325,24.379011481765275,NaN,NaN
1599156000,11122.241188736545,11122.241188736545,9960.8,10397.6075,17.206569388404773,NaN,NaN
1599177600,10759.924344368272,10759.924344368272,10068,10210.235,15.397948149211715,NaN,NaN
1599199200,10485.079672184136,10528.97,10093.1,10331.957499999999,21.19313052519999,NaN,NaN
1599220800,10408.518586092068,10497.84,9875.5,10300.62,20.79813803843686,NaN,NaN
1599242400,10354.569293046035,10627.05,10333,10453.195,27.84896419981041,NaN,NaN
1599264000,10403.882146523018,10565.68,10371.71,10446.6625,27.73511883063145,NaN,NaN
1599285600,10425.27232326151,10500.44,10123,10313.025000000001,25.44362391479713,NaN,NaN
1599307200,10369.148661630756,10369.148661630756,9975,10169.5775,23.225418598559216,NaN,NaN
1599328800,10269.363080815378,10269.363080815378,9825,10091.12,22.091022417808276,NaN,NaN
1599350400,10180.24154040769,10245.75,9994.86,10131.2175,24.130577769855222,NaN,NaN
1599372000,10155.729520203844,10285,10064.83,10183.4325,26.817278042889413,NaN,NaN
1599393600,10169.581010101923,10300,10120.19,10222.805,28.862925710343504,NaN,NaN
1599415200,10196.193005050962,10347.14,10178.64,10246.67,30.137656732803293,NaN,NaN
1599436800,10221.43150252548,10312,10088.88,10190.509999999998,28.828490480011865,NaN,NaN
1599458400,10205.97075126274,10205.97075126274,9995.08,10077.75,26.353173127644922,NaN,NaN
1599480000,10141.86037563137,10232,9875,10074.215,26.276999648244498,NaN,NaN
1599501600,10108.037687815686,10410.75,10086.28,10258.4625,36.56837839244987,NaN,NaN
1599523200,10183.250093907842,10438,10183.250093907842,10314.695,39.35106446377467,NaN,NaN
1599544800,10248.97254695392,10333.4,9930,10118.43,33.780880755801974,NaN,NaN
1599566400,10183.70127347696,10183.70127347696,9920.32,10057.515,32.25481360598506,NaN,NaN
1599588000,10120.60813673848,10218,9850,10088.4275,33.88705263498001,NaN,NaN
1599609600,10104.51781836924,10149.25,9981.01,10086.47,33.83146496827439,NaN,NaN
1599631200,10095.49390918462,10274.59,10061.72,10161.66,38.03608263921605,NaN,NaN
1599652800,10128.57695459231,10280.62,10128.57695459231,10234.2,41.87360177782423,NaN,NaN
1599674400,10181.388477296156,10343,10169.91,10250.2125,42.716944571089286,NaN,NaN
1599696000,10215.800488648078,10418,10070.83,10270.675000000001,43.83833015905746,NaN,NaN
1599717600,10243.23774432404,10384.92,10230.31,10320.605,46.58604156527966,NaN,NaN
1599739200,10281.92137216202,10483.35,10281.92137216202,10351.4875,48.27179510173119,NaN,NaN
1599760800,10316.70443608101,10373.55,10250.02,10326.815,46.99570060821895,NaN,NaN
1599782400,10321.759718040506,10380.34,10200,10300.4175,45.60654504425971,NaN,NaN
1599804000,10311.088609020253,10333.91,10238.09,10277.282500000001,44.36871507113565,NaN,NaN
1599825600,10294.185554510128,10345.31,10250.55,10286.34,44.9981267893725,NaN,NaN
1599847200,10290.262777255064,10397.6,10290.262777255064,10343.625,48.933358320450424,NaN,NaN
1599868800,10316.943888627531,10397.86,10316.943888627531,10366.5975,50.463973451620646,NaN,NaN
1599890400,10341.770694313765,10359.48,10306.34,10341.505000000001,48.745344191392356,NaN,NaN
1599912000,10341.637847156882,10380,10269.25,10341.995,48.78202678020165,NaN,NaN
1599933600,10341.816423578442,10477.97,10341.816423578442,10418.1,54.25780050496285,NaN,NaN
1599955200,10379.95821178922,10580.11,10379.95821178922,10488.395,58.65468757338444,NaN,NaN
1599976800,10434.17660589461,10560,10303.28,10430.2325,54.02721196919942,NaN,NaN
1599998400,10432.204552947305,10432.204552947305,10200,10288.025,44.73440002697215,NaN,NaN
1600020000,10360.114776473652,10360.114776473652,10243.47,10296.4575,45.33483200017989,NaN,NaN
1600041600,10328.286138236826,10371.03,10240.34,10320.490000000002,47.09884334395677,NaN,NaN
1600063200,10324.388069118413,10479,10212.34,10374.73,50.94625181644239,NaN,NaN
1600084800,10349.559034559206,10750,10349.559034559206,10588.4875,62.51623443091757,NaN,NaN
1600106400,10469.023267279603,10747.36,10469.023267279603,10680.415,66.20760965961708,NaN,NaN
1600128000,10574.719133639803,10839,10574.719133639803,10725.7025,67.88550055926216,NaN,NaN
1600149600,10650.210816819901,10882,10606.48,10762.9175,69.23724440264542,NaN,NaN
1600171200,10706.56415840995,10930.04,10700,10811.5075,70.9561834873237,NaN,NaN
1600192800,10759.035829204975,10886.39,10716.95,10795.8725,69.60836212243818,NaN,NaN
1600214400,10777.454164602488,10830.59,10661.22,10762.195,66.67068767647709,NaN,NaN
1600236000,10769.824582301244,10939.6,10759.81,10842.535,69.93085571515606,NaN,NaN
1600257600,10806.179791150622,11093,10806.179791150622,10973.2,74.32899200466792,NaN,NaN
1600279200,10889.689895575311,11083.99,10889.689895575311,11004.970000000001,75.27590618939473,NaN,NaN
1600300800,10947.329947787657,11045.46,10850,10941.0475,69.70467919804443,NaN,NaN
1600322400,10944.188723893829,10944.188723893829,10781,10875.5475,64.44167279814903,NaN,NaN
1600344000,10909.868111946915,10909.868111946915,10745.83,10842.4525,61.89860130450795,NaN,NaN
1600365600,10876.160305973457,10968.95,10860.86,10907.665,64.8427504297922,NaN,NaN
1600387200,10891.912652986728,10960,10870.01,10924.1175,65.56568022825618,NaN,NaN
1600408800,10908.015076493364,11038.03,10898,10959.935000000001,67.14938001491667,NaN,NaN
1600430400,10933.975038246683,11003.09,10812.84,10906.9375,62.56424276824968,NaN,NaN
1600452000,10920.45626912334,10944.79,10818,10882.6525,60.52480190388347,NaN,NaN
1600473600,10901.55438456167,10980,10901.55438456167,10943.28,63.70563150699027,NaN,NaN
1600495200,10922.417192280835,11150,10887.37,11027.702500000001,67.6184278877231,NaN,NaN
1600516800,10975.059846140419,11179.79,10975.059846140419,11107.695,70.82761929693154,NaN,NaN
1600538400,11041.37742307021,11087.99,11011.31,11062.0625,66.76279412488427,NaN,NaN
1600560000,11051.719961535106,11080.64,10899.33,11003.2475,61.836895947642354,NaN,NaN
1600581600,11027.483730767552,11027.483730767552,10925.27,10956.0325,58.12905766021071,NaN,NaN
1600603200,10991.758115383775,10991.758115383775,10723,10881.752499999999,52.768337914996046,NaN,NaN
1600624800,10936.755307691887,10938.02,10813.51,10891.62,53.38336000037632,NaN,NaN
1600646400,10914.187653845944,10988.86,10894.42,10940.8275,56.43021475468811,NaN,NaN
1600668000,10927.507576922972,10976.36,10580,10788.145,46.315000202374236,NaN,NaN
1600689600,10857.826288461485,10857.826288461485,10296.35,10491.2825,33.67553578653076,NaN,NaN
1600711200,10674.554394230741,10674.554394230741,10374.54,10429.86,31.74516212835084,NaN,NaN
1600732800,10552.207197115371,10552.207197115371,10353,10430.7875,31.808728404472504,NaN,NaN
1600754400,10491.497348557685,10503,10360,10444.2175,32.78485744267269,NaN,NaN
1600776000,10467.857424278842,10520,10416,10469.7775,34.70068574258954,NaN,NaN
1600797600,10468.817462139421,10572.71,10453,10511.5775,37.821923546263285,NaN,NaN
1600819200,10490.19748106971,10533.94,10441.91,10494.67,37.05048744041056,NaN,NaN
1600840800,10492.433740534856,10496.2,10380.47,10456.0825,35.28176928200523,NaN,NaN
1600862400,10474.258120267428,10537.15,10444.41,10477.9775,37.116139104989855,NaN,NaN
1600884000,10476.117810133714,10476.117810133714,10136.82,10324.467499999999,30.57314184910591,NaN,NaN
1600905600,10400.292655066856,10400.292655066856,10190.93,10266.6675,28.533539767478743,NaN,NaN
1600927200,10333.480077533428,10440,10283.89,10355.885,35.66767765546955,NaN,NaN
1600948800,10344.682538766714,10743.59,10331.93,10535.855,47.13240069105368,NaN,NaN
1600970400,10440.268769383358,10795.24,10440.268769383358,10696.23,54.85350793969224,NaN,NaN
1600992000,10568.249384691679,10760.53,10568.249384691679,10696.6275,54.87110053388444,NaN,NaN
1601013600,10632.43844234584,10703.12,10556.66,10634.67,51.50230992212202,NaN,NaN
1601035200,10633.554221172919,10718.97,10556.24,10650.335,52.29970330016126,NaN,NaN
1601056800,10641.944610586459,10754.21,10641.944610586459,10696.752499999999,54.67763910323571,NaN,NaN
1601078400,10669.348555293229,10820.94,10644.68,10719.8325,55.85602946175295,NaN,NaN
1601100000,10694.590527646615,10766,10661.7,10716.195,55.6106228293927,NaN,NaN
1601121600,10705.392763823307,10750,10664.97,10716.895,55.65100407845751,NaN,NaN
1601143200,10711.143881911654,10774.45,10701.18,10736.73,56.84887941549919,NaN,NaN
1601164800,10723.936940955828,10799,10720.02,10756.6725,58.07499944773397,NaN,NaN
1601186400,10740.304720477914,10781.91,10608.67,10698.2925,53.30036359776691,NaN,NaN
1601208000,10719.298610238957,10777,10594.82,10680.155,51.87346114421692,NaN,NaN
1601229600,10699.726805119479,10784.61,10699.726805119479,10746.192500000001,56.445358182290306,NaN,NaN
1601251200,10722.95965255974,10950,10722.95965255974,10844.5375,62.203815089961495,NaN,NaN
1601272800,10783.748576279871,10902.49,10783.748576279871,10872.4875,63.67377715905554,NaN,NaN
1601294400,10828.118038139935,10941.99,10828.118038139935,10886.565,64.42425957014518,NaN,NaN
1601316000,10857.341519069967,10889.24,10626,10775.15,54.77856060673357,NaN,NaN
1601337600,10816.245759534984,10816.245759534984,10656.82,10691.455,48.860459904995466,NaN,NaN
1601359200,10753.850379767493,10797,10668.26,10726.26,51.220585555453795,NaN,NaN
1601380800,10740.055189883748,10790.98,10635.87,10715.282500000001,50.430062923337076,NaN,NaN
1601402400,10727.668844941874,10867.54,10673.5,10764.2225,53.84976951799914,NaN,NaN
1601424000,10745.945672470938,10849.34,10698.31,10771.7225,54.36929829381446,NaN,NaN
1601445600,10758.834086235469,10758.834086235469,10665.13,10699.63,48.694749026394405,NaN,NaN
1601467200,10729.232043117734,10799,10670,10729.5125,50.97863575982874,NaN,NaN
1601488800,10729.372271558866,10785,10681.73,10752.9625,52.75597464075837,NaN,NaN
1601510400,10741.167385779434,10857.47,10741.167385779434,10807.93,56.71735431756041,NaN,NaN
1601532000,10774.548692889717,10920,10774.548692889717,10860.9825,60.18717566942404,NaN,NaN
1601553600,10817.765596444859,10908.23,10437,10682.695,46.65201424143488,NaN,NaN
1601575200,10750.230298222428,10750.230298222428,10464.01,10551.085,39.576617096711225,NaN,NaN
1601596800,10650.657649111214,10664.64,10385.02,10528.072499999998,38.47773888753549,NaN,NaN
1601618400,10589.365074555606,10589.365074555606,10374,10445.672499999999,34.7564421730319,NaN,NaN
1601640000,10517.518787277802,10600,10431.28,10501.3375,39.045207643025954,NaN,NaN
1601661600,10509.428143638901,10580,10463.02,10537.715,41.740445752130704,NaN,NaN
1601683200,10523.571571819451,10576.87,10521.88,10551.5425,42.776211137952274,NaN,NaN
1601704800,10537.557035909726,10564,10496.46,10533.5325,41.73544299005669,NaN,NaN
1601726400,10535.544767954863,10603.56,10517.87,10559.945,43.89150275664389,NaN,NaN
1601748000,10547.744883977432,10597.13,10530,10562.724999999999,44.12586472170657,NaN,NaN
1601769600,10555.234941988714,10579.81,10517.87,10550.5075,43.27045884541893,NaN,NaN
1601791200,10552.871220994357,10637.35,10552.871220994357,10590.665,46.91324897091376,NaN,NaN
1601812800,10571.768110497178,10622.45,10571.768110497178,10601.1075,47.85101233334813,NaN,NaN
1601834400,10586.437805248588,10696.87,10586.437805248588,10641.714999999998,51.44308145507541,NaN,NaN
1601856000,10614.076402624294,10741.63,10614.076402624294,10682.83,54.83524793599039,NaN,NaN
1601877600,10648.453201312146,10696.67,10615.64,10663.96,53.00504382314263,NaN,NaN
1601899200,10656.206600656073,10777.37,10654.96,10698.8375,55.93266344003778,NaN,NaN
1601920800,10677.522050328036,10798,10677.522050328036,10741.675,59.28738051492215,NaN,NaN
1601942400,10709.598525164018,10800,10709.598525164018,10768.895,61.30324940183536,NaN,NaN
1601964000,10739.24676258201,10770.37,10650.46,10715.8875,55.53632500175949,NaN,NaN
1601985600,10727.567131291005,10760,10621,10698.04,53.70445019527861,NaN,NaN
1602007200,10712.803565645503,10737,10525,10643.904999999999,48.48080242001801,NaN,NaN
1602028800,10678.354282822751,10678.354282822751,10546.17,10591.6,44.025122993121954,NaN,NaN
1602050400,10634.977141411375,10634.977141411375,10569.99,10601.8525,45.090402693508004,NaN,NaN
1602072000,10618.414820705688,10649.37,10592,10620.1975,47.032852088189955,NaN,NaN
1602093600,10619.306160352844,10681.87,10619.306160352844,10654.6775,50.57207607380847,NaN,NaN
1602115200,10636.991830176423,10670.89,10603,10638.685000000001,48.93869459608776,NaN,NaN
1602136800,10637.838415088212,10637.838415088212,10530.41,10595.300000000001,44.71903699325858,NaN,NaN
1602158400,10616.569207544107,10945,10593.51,10756.215,58.88064906246964,NaN,NaN
1602180000,10686.392103772054,10950,10686.392103772054,10899.5975,66.9942103843452,NaN,NaN
1602201600,10792.994801886027,10940.85,10792.994801886027,10897.2125,66.75824564754659,NaN,NaN
1602223200,10845.103650943012,11100,10829,10960.4975,69.79802627415485,NaN,NaN
1602244800,10902.800575471505,11104.64,10902.800575471505,11062.272500000001,73.92726430868677,NaN,NaN
1602266400,10982.536537735752,11092.76,10982.536537735752,11053.435,72.99402100823357,NaN,NaN
1602288000,11017.985768867875,11491,11017.985768867875,11241.0375,79.04225598175076,NaN,NaN
1602309600,11129.511634433937,11394.33,11129.511634433937,11324.6975,81.07747748439493,NaN,NaN
1602331200,11227.104567216968,11413.66,11227.104567216968,11342.409999999998,81.4873810529855,NaN,NaN
1602352800,11284.757283608484,11376.47,11262.25,11321.4525,79.29855015551531,NaN,NaN
1602374400,11303.104891804242,11395.8,11270.7,11324.415,79.38285527293174,NaN,NaN
1602396000,11313.759945902122,11410,11313.759945902122,11361.875,80.46612280209797,NaN,NaN
1602417600,11337.817472951061,11445,11336.17,11394.4875,81.38321478421317,NaN,NaN
1602439200,11366.15248647553,11427.99,11221,11360.567500000001,77.3173063536799,NaN,NaN
1602460800,11363.359993237766,11413.9,11345.56,11382.039999999999,78.06441443772364,NaN,NaN
1602482400,11372.699996618881,11402.78,11172,11304.715,69.22228730998256,NaN,NaN
1602504000,11338.70749830944,11590,11236.13,11406.7075,73.48789449699453,NaN,NaN
1602525600,11372.70749915472,11720.01,11372.70749915472,11570.3875,78.61113096969487,NaN,NaN
1602547200,11471.54749957736,11544.87,11413,11498.4825,72.02637203483819,NaN,NaN
1602568800,11485.01499978868,11557,11370.55,11480.432499999999,70.43150097114469,NaN,NaN
1602590400,11482.72374989434,11507.2,11300,11411.967499999999,64.5893713840299,NaN,NaN
1602612000,11447.34562494717,11460.16,11343.25,11394.5675,63.155595097761775,NaN,NaN
1602633600,11420.956562473584,11486.96,11361,11419.96,64.39764752290931,NaN,NaN
1602655200,11420.458281236792,11448,11357,11394.807499999999,62.162246417717,NaN,NaN
1602676800,11407.632890618395,11547.98,11280,11382.070000000002,61.00731787788338,NaN,NaN
1602698400,11394.8514453092,11434.47,11287.01,11369.185,59.79701838384079,NaN,NaN
1602720000,11382.018222654599,11427.98,11354.46,11401.07,61.81576448740832,NaN,NaN
1602741600,11391.5441113273,11422.93,11250.83,11348.230000000001,56.73170799159104,NaN,NaN
1602763200,11369.88705566365,11483.9,11275.01,11383.965,59.17700516701,NaN,NaN
1602784800,11376.926027831825,11617.34,11376.926027831825,11496.222500000002,65.72927088724953,NaN,NaN
1602806400,11436.574263915914,11541.15,11200,11397.535,57.05883373508597,NaN,NaN
1602828000,11417.054631957957,11417.054631957957,11212,11330.592499999999,52.043781214913224,NaN,NaN
1602849600,11373.823565978979,11394.69,11281.65,11345.15,53.01098609915931,NaN,NaN
1602871200,11359.48678298949,11367.91,11273.75,11323.9925,51.38878702561244,NaN,NaN
1602892800,11341.739641494745,11365,11272.48,11326.6725,51.59086580465662,NaN,NaN
1602914400,11334.206070747372,11379.92,11308.63,11345.412499999999,53.06027996967176,NaN,NaN
1602936000,11339.809285373685,11402.42,11255,11335.5525,52.16311473872037,NaN,NaN
1602957600,11337.680892686843,11373.18,11325,11349.970000000001,53.40377079150821,NaN,NaN
1602979200,11343.825446343422,11398,11343.825446343422,11373.965,55.47354104233618,NaN,NaN
1603000800,11358.895223171712,11477.96,11358.895223171712,11417.942500000001,59.06264177263978,NaN,NaN
1603022400,11388.418861585857,11482.24,11388.418861585857,11443.805,61.050973078796446,NaN,NaN
1603044000,11416.11193079293,11505,11413.96,11471.71,63.13171437723692,NaN,NaN
1603065600,11443.910965396464,11535,11407.96,11472.0475,63.157350288861934,NaN,NaN
1603087200,11457.979232698231,11532.01,11423.7,11468.7,62.6917239627404,NaN,NaN
1603108800,11463.339616349116,11823.99,11463.339616349116,11623.8,72.7251945632211,NaN,NaN
1603130400,11543.569808174558,11775,11543.569808174558,11727.1725,77.13819884873725,NaN,NaN
1603152000,11635.37115408728,11765.96,11635.37115408728,11737.634999999998,77.53439113538934,NaN,NaN
1603173600,11686.503077043639,11934,11686.503077043639,11792.63,79.54137732679109,NaN,NaN
1603195200,11739.56653852182,12038.38,11739.56653852182,11886.262499999999,82.42084543035202,NaN,NaN
1603216800,11812.91451926091,11981.2,11812.91451926091,11927.25,83.51465900352986,NaN,NaN
1603238400,11870.082259630455,12295,11870.082259630455,12080.2575,86.81325364451564,NaN,NaN
1603260000,11975.169879815228,12379,11975.169879815228,12266.425,89.55244069634625,NaN,NaN
1603281600,12120.797439907614,12899.99,12120.797439907614,12567.525,92.32815812575241,NaN,NaN
1603303200,12344.161219953807,13217.68,12344.161219953807,12844.0725,93.92467521674327,NaN,NaN
1603324800,12594.116859976904,12940,12594.116859976904,12790.225,89.99746024826828,NaN,NaN
1603346400,12692.170929988453,13024.52,12692.170929988453,12863.4,90.57423150697869,NaN,NaN
1603368000,12777.785464994227,13074,12777.785464994227,12972.2425,91.3712386995668,NaN,NaN
1603389600,12875.013982497114,13185,12875.013982497114,13028.872500000001,91.76156080612193,NaN,NaN
1603411200,12951.943241248558,13002.33,12831.13,12947.5775,85.76390939846598,NaN,NaN
1603432800,12949.760370624279,13027.69,12851.11,12958.94,85.90260226530937,NaN,NaN
1603454400,12954.35018531214,13012.06,12720.08,12871.755,79.50236616012529,NaN,NaN
1603476000,12913.05259265607,12974,12785.92,12867.227499999999,79.1724790930715,NaN,NaN
1603497600,12890.140046328033,13011.16,12870,12942.2325,80.60804541250474,NaN,NaN
1603519200,12916.186273164018,12999,12906.42,12965.2825,81.04053646184482,NaN,NaN
1603540800,12940.734386582008,13166.73,12930,13053.539999999999,82.6372918109191,NaN,NaN
1603562400,12997.137193291004,13130,12997.137193291004,13099.932499999999,83.4273952395392,NaN,NaN
1603584000,13048.534846645502,13350,12888,13076.072499999998,81.37636477221601,NaN,NaN
1603605600,13062.30367332275,13062.30367332275,12895.09,12962.84,72.29303233497143,NaN,NaN
1603627200,13012.571836661375,13042.94,12910.54,12976.7975,72.69757962559534,NaN,NaN
1603648800,12994.684668330687,13047.8,12945,13005.905,73.56444312254212,NaN,NaN
1603670400,13000.294834165343,13151.51,12971,13063.895,75.25041517154172,NaN,NaN
1603692000,13032.094917082672,13180,12930,13089.6075,75.98185278324364,NaN,NaN
1603713600,13060.851208541335,13238.81,12765,13005.9625,68.85310477371843,NaN,NaN
1603735200,13033.406854270666,13086.42,12855,12967.16,65.77035702859625,NaN,NaN
1603756800,13000.283427135333,13144.49,13000.283427135333,13076.29,69.85785662246926,NaN,NaN
1603778400,13038.286713567668,13497,13038.286713567668,13274.1175,75.55622819551884,NaN,NaN
1603800000,13156.202106783834,13744,13156.202106783834,13546.9125,80.91440234025467,NaN,NaN
1603821600,13351.557303391917,13789.29,13351.557303391917,13649.76,82.47420068409852,NaN,NaN
1603843200,13500.658651695958,13859.48,13500.658651695958,13706.2725,83.28267271411127,NaN,NaN
1603864800,13603.465575847978,13778.5,13306.01,13532.8225,72.2641244597469,NaN,NaN
1603886400,13568.14403792399,13568.14403792399,12888,13191.019999999999,56.42227359794337,NaN,NaN
1603908000,13379.582018961995,13379.582018961995,13100,13214.16,57.10781571540517,NaN,NaN
1603929600,13296.871009480998,13308.54,13167,13256.692500000001,58.40312222246899,NaN,NaN
1603951200,13276.7817547405,13326.39,13041.18,13176.1175,55.013673143728944,NaN,NaN
1603972800,13226.44962737025,13642.91,12920.77,13299.8675,58.95367896088875,NaN,NaN
1603994400,13263.158563685125,13632.68,13263.158563685125,13513.25,64.69544332821181,NaN,NaN
1604016000,13388.204281842562,13669.98,13174.52,13370.44,58.77011807158571,NaN,NaN
1604037600,13379.322140921282,13379.322140921282,13115,13253.455,54.37665263008664,NaN,NaN
1604059200,13316.38857046064,13582,13221.35,13417.35,59.00093947104562,NaN,NaN
1604080800,13366.869285230321,13666.66,13366.869285230321,13552.755,62.39240108422551,NaN,NaN
1604102400,13459.81214261516,13740,13411.5,13546.215,62.12509564187451,NaN,NaN
1604124000,13503.01357130758,14100,13463.87,13744.282500000001,66.76859097007352,NaN,NaN
1604145600,13623.64803565379,13941.21,13623.64803565379,13847.375,68.90545187208184,NaN,NaN
1604167200,13735.511517826895,13890,13675.13,13783.6,66.07489392158917,NaN,NaN
1604188800,13759.555758913448,13895,13603,13746.807499999999,64.4305087906386,NaN,NaN
1604210400,13753.181629456723,13812,13655.01,13715.455,62.99187854074247,NaN,NaN
1604232000,13734.318314728362,13860,13668.09,13758.89,64.18497410015374,NaN,NaN
1604253600,13746.604157364181,13864,13639.55,13768.9375,64.47032046956318,NaN,NaN
1604275200,13757.77082868209,13830,13640,13729.56,62.37293586002718,NaN,NaN
1604296800,13743.665414341045,13759.26,13357.42,13551.5575,53.84529920780254,NaN,NaN
1604318400,13647.611457170522,13647.611457170522,13195.05,13414.6575,48.36815639851686,NaN,NaN
1604340000,13531.13447858526,13700,13447.81,13552.4225,53.4947446216181,NaN,NaN
1604361600,13541.77848929263,13642,13310,13468.482499999998,50.2226547729374,NaN,NaN
1604383200,13505.130494646313,13604,13284.99,13448.3575,49.44181820685662,NaN,NaN
1604404800,13476.743997323156,13798,13471,13633.16,56.17928412820884,NaN,NaN
1604426400,13554.951998661578,14066.11,13554.951998661578,13867.7825,62.93295114275103,NaN,NaN
1604448000,13711.36724933079,14044.55,13700,13891.235,63.53788268513408,NaN,NaN
1604469600,13801.301124665395,13840.22,13525,13720.777499999998,56.34085304546443,NaN,NaN
1604491200,13761.039312332698,14259,13701,13937.4925,62.202751369308004,NaN,NaN
1604512800,13849.265906166349,14250,13849.265906166349,14098.655,65.87243057523114,NaN,NaN
1604534400,13973.960453083175,14372.73,13973.960453083175,14231.752499999999,68.58508452521241,NaN,NaN
1604556000,14102.856476541587,14740,14102.856476541587,14513.6225,73.40606412773374,NaN,NaN
1604577600,14308.239488270792,15300,14308.239488270792,14901.317500000001,78.33158876450878,NaN,NaN
1604599200,14604.778494135397,15750,14604.778494135397,15308.9925,82.08835316150491,NaN,NaN
1604620800,14956.885497067698,15960,14956.885497067698,15641.725,84.4569396617982,NaN,NaN
1604642400,15299.305248533848,15783.62,15274.05,15564.73,81.76255156278351,NaN,NaN
1604664000,15432.017624266924,15710,15350,15524.654999999999,80.32614484951877,NaN,NaN
1604685600,15478.336312133462,15675,15166,15471.912499999999,78.37463658805237,NaN,NaN
1604707200,15475.12440606673,15753.52,15452,15585.05,79.52382904478554,NaN,NaN
1604728800,15530.087203033365,15583.15,15388.03,15510.470000000001,76.63285083162822,NaN,NaN
1604750400,15520.278601516682,15550,15100,15347.5175,70.59420037908954,NaN,NaN
1604772000,15433.89805075834,15433.89805075834,14344.22,14921.18,57.768207587397065,NaN,NaN
1604793600,15177.53902537917,15177.53902537917,14703.88,14922.7125,57.797889219219634,NaN,NaN
1604815200,15050.125762689586,15192.5,14848,15065.0425,60.56967263371767,NaN,NaN
1604836800,15057.584131344793,15634.9,15057.584131344793,15371.552500000002,65.78180147094317,NaN,NaN
1604858400,15214.568315672397,15650,15214.568315672397,15484.5925,67.48863866700961,NaN,NaN
1604880000,15349.580407836198,15595,15329.82,15466.414999999999,66.91065320554205,NaN,NaN
1604901600,15407.9977039181,15840,15140,15561.99,68.44104859238941,NaN,NaN
1604923200,15484.99385195905,15808.4,14805.54,15410.335,63.42808913959257,NaN,NaN
1604944800,15447.664425979525,15492.67,15148.7,15298.695,59.94716950310632,NaN,NaN
1604966400,15373.179712989762,15441.18,15182.06,15327.3925,60.54655498619813,NaN,NaN
1604988000,15350.286106494881,15460,15155,15313.039999999999,60.06244483643625,NaN,NaN
1605009600,15331.663053247441,15393.65,15072.46,15263.66,58.334273654832785,NaN,NaN
1605031200,15297.66152662372,15394,15184.39,15296.22,59.16852481113201,NaN,NaN
1605052800,15296.94076331186,15499.58,15272.68,15360.93,60.84640590790976,NaN,NaN
1605074400,15328.93538165593,15680,15328.93538165593,15493.915,64.11040899541537,NaN,NaN
1605096000,15411.425190827966,15934.99,15411.425190827966,15712.9875,68.73438704851915,NaN,NaN
1605117600,15562.206345413982,15965,15562.206345413982,15772.6875,69.873500745694,NaN,NaN
1605139200,15667.446922706991,15777.21,15440.64,15662.51,65.15553576513335,NaN,NaN
1605160800,15664.978461353496,16160.89,15600,15817.8475,68.39562856299602,NaN,NaN
1605182400,15741.412980676749,16199,15741.412980676749,15912.925000000001,70.2208758185048,NaN,NaN
1605204000,15827.168990338374,16340.7,15827.168990338374,16114.39,73.68846239402664,NaN,NaN
1605225600,15970.779495169187,16480,15970.779495169187,16298.012499999999,76.38727356409643,NaN,NaN
1605247200,16134.395997584594,16357.86,16070.17,16221.727499999999,73.03562142756186,NaN,NaN
1605268800,16178.061748792297,16310,15952.35,16183.925,71.36458195369276,NaN,NaN
1605290400,16180.993374396148,16355,16178,16275.5125,72.97772981989908,NaN,NaN
1605312000,16228.252937198075,16326.99,16061.11,16218.46,70.32022500271766,NaN,NaN
1605333600,16223.356468599037,16223.356468599037,15750,16011.0575,61.54602179713298,NaN,NaN
1605355200,16117.206984299519,16117.206984299519,15670,15888.9375,57.03354198320476,NaN,NaN
1605376800,16003.07224214976,16140.99,15845.67,15990.605,59.683724142975,NaN,NaN
1605398400,15996.83862107488,16105.66,15868.31,16015.875,60.33854513634649,NaN,NaN
1605420000,16006.35681053744,16180,15939.24,16023.2325,60.53950734789235,NaN,NaN
1605441600,16014.79465526872,16110.02,15871,15955.71,57.65238008528972,NaN,NaN
1605463200,15985.25232763436,16010,15774.72,15907.4525,55.61115929495155,NaN,NaN
1605484800,15946.35241381718,16141.78,15864,16017.885,59.173471381345315,NaN,NaN
1605506400,15982.11870690859,16390,15982.11870690859,16210.255,64.51566855433694,NaN,NaN
1605528000,16096.186853454295,16765,16096.186853454295,16481.945,70.40557455468469,NaN,NaN
1605549600,16289.065926727148,16880,16289.065926727148,16715.872499999998,74.35289509002601,NaN,NaN
1605571200,16502.469213363573,16830,16502.469213363573,16675.2225,72.54219254253965,NaN,NaN
1605592800,16588.845856681786,17000,16578.45,16798.5275,74.56556634159688,NaN,NaN
1605614400,16693.68667834089,17858.82,16693.68667834089,17395.3975,81.62443046133164,NaN,NaN
1605636000,17044.542089170445,17825,17044.542089170445,17685.7625,83.95706064396268,NaN,NaN
1605657600,17365.152294585223,18476.93,17214.45,17743.5375,84.38188943962392,NaN,NaN
1605679200,17554.344897292613,18260,17500,17909.4225,85.5639261030864,NaN,NaN
1605700800,17731.883698646307,18250,17271.02,17915.365,85.60595346342134,NaN,NaN
1605722400,17823.624349323152,17963.33,17490,17779.9775,79.89882716901381,NaN,NaN
1605744000,17801.800924661577,18058.58,17573.31,17826.13,80.37904145976988,NaN,NaN
1605765600,17813.965462330787,17907,17335.65,17725.7175,76.11834819044745,NaN,NaN
1605787200,17769.841481165393,18179.8,17653.24,17891.940000000002,78.18027581493284,NaN,NaN
1605808800,17830.890740582698,18100,17681.36,17888.3675,78.02435419124524,NaN,NaN
1605830400,17859.62912029135,18234,17740.04,17976.71,79.13265700554318,NaN,NaN
1605852000,17918.169560145674,18404.68,17918.169560145674,18214.5425,81.79462386668217,NaN,NaN
1605873600,18066.356030072835,18815.22,18066.356030072835,18478.5125,84.20325912314732,NaN,NaN
1605895200,18272.43426503642,18740,18272.43426503642,18620.3975,85.32697768914744,NaN,NaN
1605916800,18446.41588251821,18965.9,18444.74,18679.685,85.7821088630256,NaN,NaN
1605938400,18563.050441259104,18783.76,18486.56,18613.454999999998,82.69622901703242,NaN,NaN
1605960000,18588.25272062955,18907.38,18308.58,18627.33,82.83553681868167,NaN,NaN
1605981600,18607.791360314775,18800,18525,18697.775,83.55923673313931,NaN,NaN
1606003200,18652.78318015739,18750,18350,18580.2775,77.67647900283636,NaN,NaN
1606024800,18616.530340078694,18616.530340078694,17610.86,18151.2125,60.83381763409768,NaN,NaN
1606046400,18383.871420039348,18589.96,17820,18195.43,61.754184323357556,NaN,NaN
1606068000,18289.650710019676,18683.77,18289.650710019676,18486.505,67.21567613104966,NaN,NaN
1606089600,18388.07785500984,18523.09,18000,18343.8075,62.503436206180204,NaN,NaN
1606111200,18365.94267750492,18766,18308,18519.989999999998,65.7006642895264,NaN,NaN
1606132800,18442.96633875246,18700,18134.11,18438.684999999998,63.02970899084997,NaN,NaN
1606154400,18440.82566937623,18485.01,18262,18366.985,60.68668435945474,NaN,NaN
1606176000,18403.905334688116,18530,18207.98,18357.0925,60.3533313456575,NaN,NaN
1606197600,18380.498917344055,19100,18018,18626.342500000002,65.85148785427494,NaN,NaN
1606219200,18503.420708672027,19418.97,18503.420708672027,19167.147500000003,73.73133884589284,NaN,NaN
1606240800,18835.284104336017,19277.63,18835.284104336017,19120.215,72.17483677361419,NaN,NaN
1606262400,18977.74955216801,19218.12,18625,18970.6525,67.29909687302934,NaN,NaN
1606284000,18974.201026084003,19345.99,18833.49,19085.132500000003,69.02402608667173,NaN,NaN
1606305600,19029.666763042005,19484.21,18811,19159.517499999998,70.12667076474938,NaN,NaN
1606327200,19094.592131521,19125.53,18500.27,18851.555,60.52126405224229,NaN,NaN
1606348800,18973.0735657605,18973.0735657605,17200,18191.18,45.978045940470295,NaN,NaN
1606370400,18582.126782880252,18582.126782880252,16334,17345.1625,34.530175232002534,NaN,NaN
1606392000,17963.644641440125,17963.644641440125,16188,16844.3075,29.799712450524552,NaN,NaN
1606413600,17403.976070720062,17403.976070720062,16300,16858.615,30.094326663878007,NaN,NaN
1606435200,17131.295535360034,17457.62,17012.56,17219.5375,37.24871209613248,NaN,NaN
1606456800,17175.416517680016,17311,16620,16994.7175,34.85572838294604,NaN,NaN
1606478400,17085.067008840007,17085.067008840007,16438.08,16759.6,32.50393523532706,NaN,NaN
1606500000,16922.333504420003,17235.7,16634.34,16934.3625,35.96258606714618,NaN,NaN
1606521600,16928.34800221,17190,16872,17044.88,38.121981373019224,NaN,NaN
1606543200,16986.614001105,17257.97,16865.56,17065.455,38.53751099261706,NaN,NaN
1606564800,17026.0345005525,17772.09,17026.0345005525,17437.030000000002,45.63748059275031,NaN,NaN
1606586400,17231.53225027625,17880.49,17231.53225027625,17739.6,50.637874941921766,NaN,NaN
1606608000,17485.566125138124,17886.21,17485.566125138124,17728.34,50.451889340633414,NaN,NaN
1606629600,17606.95306256906,18250,17606.95306256906,17949.1875,54.01903400555156,NaN,NaN
1606651200,17778.07028128453,18194.13,17778.07028128453,18065.252500000002,55.819232329569545,NaN,NaN
1606672800,17921.661390642264,18360.05,17921.661390642264,18161.8675,57.3172689426171,NaN,NaN
1606694400,18041.764445321132,18627.29,18041.764445321132,18379.4375,60.560374535193446,NaN,NaN
1606716000,18210.600972660566,18677,18210.600972660566,18531.0625,62.688086781791824,NaN,NaN
1606737600,18370.831736330285,19863.16,18370.831736330285,19114.659999999996,69.50690240186742,NaN,NaN
1606759200,18742.74586816514,19747.05,18742.74586816514,19471.629999999997,72.7833220583792,NaN,NaN
1606780800,19107.18793408257,19720,19107.18793408257,19545.245,73.41764541977375,NaN,NaN
1606802400,19326.216467041282,19888,18886,19420.6825,70.426633102621,NaN,NaN
1606824000,19373.449483520642,19489.3,18001.12,18993.555,61.21695641945453,NaN,NaN
1606845600,19183.50224176032,19211,18693.37,18931.932500000003,59.997938061585806,NaN,NaN
1606867200,19057.717370880164,19057.717370880164,18330,18680.3725,55.16829504763995,NaN,NaN
1606888800,18869.044935440084,19342,18630.63,18938.5525,58.83109899081096,NaN,NaN
1606910400,18903.79871772004,19250.7,18728.38,19020.68,59.951981620629795,NaN,NaN
1606932000,18962.23935886002,19260,18894.8,19083.805,60.834635649516926,NaN,NaN
1606953600,19023.02217943001,19299,18867.2,19073.2775,60.59477819592327,NaN,NaN
1606975200,19048.149839715006,19450,18880.51,19162.46,61.962973034240676,NaN,NaN
1606996800,19105.304919857503,19598,19105.304919857503,19371.945,65.03409403976292,NaN,NaN
1607018400,19238.62495992875,19540,19238.62495992875,19390.095,65.29554125544382,NaN,NaN
1607040000,19314.359979964378,19527,19122.48,19317.972499999996,63.27101748257427,NaN,NaN
1607061600,19316.166239982187,19447.14,18700,19045.1,56.17439882452232,NaN,NaN
1607083200,19180.633119991093,19180.633119991093,18686.38,18909.002500000002,52.98246505312342,NaN,NaN
1607104800,19044.817809995548,19078.68,18565.31,18815.8325,50.852189769030915,NaN,NaN
1607126400,18930.325154997772,18970,18500,18768.7325,49.76291148632271,NaN,NaN
1607148000,18849.528827498885,19177,18849.528827498885,19011.565000000002,55.10265539809323,NaN,NaN
1607169600,18930.546913749444,19150,18930.546913749444,19057.7325,56.058926130294026,NaN,NaN
1607191200,18994.13970687472,19172.37,18977.16,19105.74,57.08257562080863,NaN,NaN
1607212800,19049.93985343736,19342,19049.93985343736,19186.6575,58.82376223795455,NaN,NaN
1607234400,19118.29867671868,19260,18950.87,19113.0075,56.57396556727696,NaN,NaN
1607256000,19115.65308835934,19213.09,18857,19071.815000000002,55.300034419300744,NaN,NaN
1607277600,19093.73404417967,19420,19045,19238.065000000002,59.28489457746044,NaN,NaN
1607299200,19165.899522089836,19420.91,19157.55,19295.8475,60.59959247276659,NaN,NaN
1607320800,19230.87351104492,19399,19090,19209.7075,57.61294670932779,NaN,NaN
1607342400,19220.290505522462,19257.03,19095.72,19154.1375,55.70558540733379,NaN,NaN
1607364000,19187.214002761233,19217.64,18902.88,19111.8575,54.23440140102692,NaN,NaN
1607385600,19149.535751380616,19293.76,19132.67,19221.7725,57.38529952472304,NaN,NaN
1607407200,19185.654125690307,19294.84,18700,19012.89,50.298072670799144,NaN,NaN
1607428800,19099.272062845153,19099.272062845153,18610,18818.7975,44.76568849509971,NaN,NaN
1607450400,18959.034781422575,18959.034781422575,18200,18595.59,39.398733424807716,NaN,NaN
1607472000,18777.31239071129,18777.31239071129,18032,18235.4025,32.605479871269694,NaN,NaN
1607493600,18506.357445355643,18506.357445355643,17650,18120.3475,30.779806851285755,NaN,NaN
1607515200,18313.35247267782,18523.99,18169.1,18310.5225,37.05367506778745,NaN,NaN
1607536800,18311.93748633891,18639.57,18165,18412.4775,40.18379671647635,NaN,NaN
1607558400,18362.207493169455,18557.32,18303.28,18443.565,41.14482777751215,NaN,NaN
1607580000,18402.886246584727,18480,18070,18278.7125,37.68699115691241,NaN,NaN
1607601600,18340.799373292364,18340.799373292364,17911.12,18152.0275,35.236272156730166,NaN,NaN
1607623200,18246.41343664618,18435.74,18195.01,18274.8125,39.35268063394783,NaN,NaN
1607644800,18260.61296832309,18292.73,17715.6,18040.645,34.808663487646555,NaN,NaN
1607666400,18150.628984161543,18150.628984161543,17572.33,17780.155,30.578724302341385,NaN,NaN
1607688000,17965.39199208077,18132,17617,17848.059999999998,32.868885303308204,NaN,NaN
1607709600,17906.725996040383,18184,17906.725996040383,18035.35,38.85985858954558,NaN,NaN
1607731200,17971.03799802019,18398.19,17971.03799802019,18192.195,43.41416285827661,NaN,NaN
1607752800,18081.616499010095,18513.66,18081.616499010095,18403.004999999997,48.921468954659574,NaN,NaN
1607774400,18242.310749505046,18527.93,18242.310749505046,18456.504999999997,50.24494456269065,NaN,NaN
1607796000,18349.40787475252,18948.66,18349.40787475252,18680.662500000002,55.453049193452074,NaN,NaN
1607817600,18515.035187376263,18938.55,18515.035187376263,18827.09,58.50837145227419,NaN,NaN
1607839200,18671.062593688133,19370,18671.062593688133,19095.4375,63.455173535400526,NaN,NaN
1607860800,18883.250046844067,19411,18883.250046844067,19270.35,66.27740732671586,NaN,NaN
1607882400,19076.80002342203,19273.6,18971,19173.295000000002,63.35378416137765,NaN,NaN
1607904000,19125.047511711018,19347,19000,19151.88,62.696603544230754,NaN,NaN
1607925600,19138.46375585551,19258.96,19051.11,19125.51,61.84585827934072,NaN,NaN
1607947200,19131.986877927753,19300,19028.97,19144.6225,62.24572358960059,NaN,NaN
1607968800,19138.30468896388,19349,19130.85,19224.0925,63.938077965611974,NaN,NaN
1607990400,19181.19859448194,19570,19050,19256.5225,64.63475303869643,NaN,NaN
1608012000,19218.86054724097,19350,19074,19212.7075,62.867621087311036,NaN,NaN
1608033600,19215.784023620487,19433,19215.784023620487,19345.585,65.91147890172843,NaN,NaN
1608055200,19280.684511810243,19547,19276,19412.239999999998,67.35701015446591,NaN,NaN
1608076800,19346.46225590512,19488.02,19278.6,19391.715,66.42295476040289,NaN,NaN
1608098400,19369.08862795256,19860,19341.4,19578.75,70.44498569704952,NaN,NaN
1608120000,19473.91931397628,20865.43,19473.91931397628,20231.2575,79.61778099688996,NaN,NaN
1608141600,19852.58840698814,21560,19852.58840698814,21021.335,85.49004395012126,NaN,NaN
1608163200,20436.961703494067,22311.38,20436.961703494067,21789.225,88.85183918357095,NaN,NaN
1608184800,21113.093351747033,23800,21113.093351747033,22658.29,91.30670389912319,NaN,NaN
1608206400,21885.691675873517,23699.7,21885.691675873517,23018.9575,92.0856036542701,NaN,NaN
1608228000,22452.32458793676,23497,22311.1,22907.309999999998,89.41485243182382,NaN,NaN
1608249600,22679.81729396838,23248.99,22470.35,22867.999999999996,88.44223925134428,NaN,NaN
1608271200,22773.908646984186,23285.18,22691.61,22954.6175,88.73305893222022,NaN,NaN
1608292800,22864.263073492093,23073.25,22350,22764.6875,83.75636944796443,NaN,NaN
1608314400,22814.47528674605,23143.56,22626.81,22906.77,84.45859568982104,NaN,NaN
1608336000,22860.622643373026,23225,22860.622643373026,23048.122499999998,85.14656405183389,NaN,NaN
1608357600,22954.372571686512,23080.45,22750,22919.3675,81.60308337143485,NaN,NaN
1608379200,22936.870035843254,24171.47,22886.79,23458.307500000003,84.50911406005336,NaN,NaN
1608400800,23197.58876792163,24065.41,23197.58876792163,23832.622499999998,86.14597781150371,NaN,NaN
1608422400,23515.10563396081,23836.48,23060,23549.865,79.3270055851225,NaN,NaN
1608444000,23532.485316980405,23791,23358.78,23546.045000000002,79.235754292251,NaN,NaN
1608465600,23539.265158490205,23910,23296,23620.41,79.72471596145161,NaN,NaN
1608487200,23579.837579245104,24295,23090,23640.785,79.86462062486196,NaN,NaN
1608508800,23610.31128962255,24102.77,23287.94,23689.02,80.21271799017796,NaN,NaN
1608530400,23649.665644811277,24075.94,22350,23245.405,68.48611842964418,NaN,NaN
1608552000,23447.535322405638,23447.535322405638,21815,22443.395,53.311765743299304,NaN,NaN
1608573600,22945.465161202817,23254.33,22621.44,22822.2825,58.04155884682541,NaN,NaN
1608595200,22883.87383060141,23076.77,22428.86,22726.755,56.48777019886356,NaN,NaN
1608616800,22805.314415300705,23155,22353.4,22827.344999999998,57.769768408370496,NaN,NaN
1608638400,22816.32970765035,23628.89,22816.32970765035,23288.2275,63.1298465114572,NaN,NaN
1608660000,23052.278603825176,23837.1,23052.278603825176,23567.0375,65.94577407903503,NaN,NaN
1608681600,23309.658051912586,24050,23309.658051912586,23685.95,67.09988563165815,NaN,NaN
1608703200,23497.80402595629,23735.51,22810,23285.632499999996,59.75759403373305,NaN,NaN
1608724800,23391.718262978146,24100,22931,23421.1,61.30081081776922,NaN,NaN
1608746400,23406.409131489072,23678.49,22600,23275.157499999998,58.689637058882255,NaN,NaN
1608768000,23340.783315744535,23340.783315744535,22703.42,23056.9575,54.92277534776044,NaN,NaN
1608789600,23198.870407872266,23479.26,22823.99,23142.975,56.11846056805115,NaN,NaN
1608811200,23170.922703936132,23460.97,23012.29,23267.3,57.858372747997116,NaN,NaN
1608832800,23219.111351968066,23794.43,23219.111351968066,23537.77,61.44035792180957,NaN,NaN
1608854400,23378.440675984035,23827.54,23378.440675984035,23647.3375,62.81908985321914,NaN,NaN
1608876000,23512.889087992018,24681,23510.72,24091.335,67.83763936313676,NaN,NaN
1608897600,23802.112043996007,24642.34,23785.5,24296.965,69.8662644994292,NaN,NaN
1608919200,24049.538521998,24789.86,24049.538521998,24456.1975,71.3720860549951,NaN,NaN
1608940800,24252.868010999002,25039.96,24252.868010999002,24740.324999999997,73.8802493296835,NaN,NaN
1608962400,24496.5965054995,25000,24496.5965054995,24776.4325,74.18972574232689,NaN,NaN
1608984000,24636.51450274975,26000,24636.51450274975,25339.785,78.47492227397188,NaN,NaN
1609005600,24988.149751374876,26867.03,24988.149751374876,26182.71,83.01808407266488,NaN,NaN
1609027200,25585.429875687438,26963.46,25585.429875687438,26693.49,85.07392175448474,NaN,NaN
1609048800,26139.45993784372,28422,26139.45993784372,27381.105,87.30245028787837,NaN,NaN
1609070400,26760.28246892186,27777,26600,27206.475,83.87733417011381,NaN,NaN
1609092000,26983.37873446093,27296.28,25700,26520.357500000002,71.9358437594253,NaN,NaN
1609113600,26751.868117230464,27356.3,26101,26670.364999999998,72.84606273590674,NaN,NaN
1609135200,26711.11655861523,27200,26557.73,26889.854999999996,74.16634329594245,NaN,NaN
1609156800,26800.485779307615,27500,26711.57,27052.9,75.13356144519895,NaN,NaN
1609178400,26926.69288965381,27228.53,26415.09,26965.98,73.55255645371435,NaN,NaN
1609200000,26946.336444826906,27116.78,25880,26632.095,67.6626282232773,NaN,NaN
1609221600,26789.215722413453,26900,26145.46,26593.565000000002,66.9959024309982,NaN,NaN
1609243200,26691.39036120673,27100,26204.99,26700.25,67.93796239647945,NaN,NaN
1609264800,26695.820180603365,27410,26505.94,26980.505,70.33354438633847,NaN,NaN
1609286400,26838.162590301683,28239,26838.162590301683,27753.9025,75.72405741067229,NaN,NaN
1609308000,27296.03254515084,28598.74,27296.03254515084,27943.575000000004,76.83571155059599,NaN,NaN
1609329600,27619.803772575422,28309.88,27577,27990.88,77.11715488705164,NaN,NaN
1609351200,27805.34188628771,28996,27805.34188628771,28587.725,80.35952885869119,NaN,NaN
1609372800,28196.533443143853,29300,28120.67,28817.105,81.44753980250773,NaN,NaN
1609394400,28506.819221571925,29285,28506.819221571925,28936.875,82.00799150680359,NaN,NaN
1609416000,28721.847110785962,28989.03,27850,28580.322500000002,74.7668674120171,NaN,NaN
1609437600,28651.08480539298,29169.55,28424.56,28772.4275,75.99663167993968,NaN,NaN
1609459200,28711.756152696493,29470,28690.17,29067.7025,77.78848163803093,NaN,NaN
1609480800,28889.729326348246,29402.57,28806.54,29177.4025,78.43263772902095,NaN,NaN
1609502400,29033.565913174123,29600,28937,29232.5325,78.76592011769286,NaN,NaN
1609524000,29133.049206587064,29338.89,28624.57,29093.184999999998,75.58644715141064,NaN,NaN
1609545600,29113.11710329353,29590,28946.53,29364.555,77.49191922253914,NaN,NaN
1609567200,29238.836051646766,29899,29238.836051646766,29673.4975,79.45764253950603,NaN,NaN
1609588800,29456.16677582338,33000,29456.16677582338,31338.335,86.36717498907338,NaN,NaN
1609610400,30397.25088791169,33300,30300,32158.82,88.432229506851,NaN,NaN
1609632000,31278.035443955843,34180,31278.035443955843,33019.5275,90.12252032067308,NaN,NaN
1609653600,32148.78147197792,34778.11,32148.78147197792,34088.3275,91.73713210618968,NaN,NaN
1609675200,33118.55448598896,34600,32454.73,33594.3825,84.83528508799502,NaN,NaN
1609696800,33356.46849299448,33861.92,32267,33009.119999999995,77.40436782833322,NaN,NaN
1609718400,33182.79424649724,33600,32400.25,32953.3275,76.71452003157083,NaN,NaN
1609740000,33068.060873248614,33408,28130,31273.5175,59.516015495392665,NaN,NaN
1609761600,32170.789186624308,32185.67,30454.25,31101.77,58.082271375273,NaN,NaN
1609783200,31636.279593312152,32031.01,30856.08,31474.512499999997,60.31661363675255,NaN,NaN
1609804800,31555.396046656075,32853.38,29900,31294.845,58.69263300408597,NaN,NaN
1609826400,31425.120523328038,31821.94,29900,30983.715,55.886502445755774,NaN,NaN
1609848000,31204.41776166402,32790,31111.78,32105.2925,62.79250581190384,NaN,NaN
1609869600,31654.85513083201,34360,31654.85513083201,33425.572499999995,68.95395670767327,NaN,NaN
1609891200,32540.213815416002,35766.58,32540.213815416002,34495.755000000005,72.87497761627446,NaN,NaN
1609912800,33517.984407708005,35248.63,33357.9,34625.5825,73.31527805069528,NaN,NaN
1609934400,34071.783453854005,35088,34052.42,34739.37,73.71794946454781,NaN,NaN
1609956000,34405.576726927,36939.21,34280,35721.7725,76.95170058010744,NaN,NaN
1609977600,35063.6746134635,37700.8,35063.6746134635,37060.0175,80.4758226502804,NaN,NaN
1609999200,36061.84605673175,37913.72,36061.84605673175,37345.7525,81.13894037851824,NaN,NaN
1610020800,36703.79927836588,39775,36703.79927836588,38712.89,83.94810749518139,NaN,NaN
1610042400,37708.344639182935,40365,36500,39007.55,84.48448595491105,NaN,NaN
1610064000,38357.94731959147,39699.87,36500,38401.9,78.66590788538822,NaN,NaN
1610085600,38379.923659795735,41500.45,37563.92,39582.8925,81.36153677597251,NaN,NaN
1610107200,38981.40807989787,41950,38981.40807989787,41005.685,83.98664586440049,NaN,NaN
1610128800,39993.54653994893,41153,38652,40349.2225,78.49346623706909,NaN,NaN
1610150400,40171.38451997447,40976.13,39154.48,40003.235,75.68381915218208,NaN,NaN
1610172000,40087.309759987234,41237.44,38720,39954.155,75.27221307509676,NaN,NaN
1610193600,40020.73237999361,41380,39869,40559.042499999996,76.93696646755444,NaN,NaN
1610215200,40289.887439996804,40880,39928.91,40329.6325,74.87803673127321,NaN,NaN
1610236800,40309.7599699984,41350,40050,40485.015,75.3590296869645,NaN,NaN
1610258400,40397.3874849992,41073.26,38888,39898.69,69.91899919531821,NaN,NaN
1610280000,40148.0387424996,40148.0387424996,37200,38768.2375,60.805092478615094,NaN,NaN
1610301600,39458.1381212498,39458.1381212498,35111.11,37708.27,53.732605016913844,NaN,NaN
1610323200,38583.2040606249,38583.2040606249,33600,36229.8725,45.741200026896394,NaN,NaN
1610344800,37406.53828031245,37406.53828031245,32538,34500.3225,38.522957758325134,NaN,NaN
1610366400,35953.43039015622,35953.43039015622,30420,33142.105,33.987104919009184,NaN,NaN
1610388000,34547.76769507812,35638.55,31215,33776.745,37.6795393264306,NaN,NaN
1610409600,34162.25634753906,35889,33677.03,35214.77,45.16419629749179,NaN,NaN
1610431200,34688.513173769534,36628,34688.513173769534,35669.667499999996,47.31956892524437,NaN,NaN
1610452800,35179.090336884765,35688.82,32531,34660.835,43.25867571985861,NaN,NaN
1610474400,34919.962668442386,35550,33260.74,34468.63,42.51015508387262,NaN,NaN
1610496000,34694.29633422119,34694.29633422119,32380,33531.6025,38.96991768862388,NaN,NaN
1610517600,34112.94941711059,35250,33212.12,34042.340000000004,41.81428802989007,NaN,NaN
1610539200,34077.64470855529,35100,34017,34580.990000000005,44.73945685473115,NaN,NaN
1610560800,34329.31735427765,37850,34329.31735427765,36190.7125,52.435180598051076,NaN,NaN
1610582400,35260.01492713882,38172.22,35260.01492713882,37443.485,57.40662159169387,NaN,NaN
1610604000,36351.74996356941,38786.1,36351.74996356941,38030.2675,59.53973891595225,NaN,NaN
1610625600,37191.00873178471,40100,37191.00873178471,38900.667499999996,62.53685331123417,NaN,NaN
1610647200,38045.83811589235,39935.1,38045.83811589235,39192.025,63.511227772123206,NaN,NaN
1610668800,38618.931557946176,39747.76,37808,38627.4675,60.24169649833397,NaN,NaN
1610690400,38623.199528973084,38780,37554.94,38063.18,57.078787764210766,NaN,NaN
1610712000,38343.18976448654,38343.18976448654,34408,36664.555,50.06278129672301,NaN,NaN
1610733600,37503.872382243266,37503.872382243266,34801.15,36094.67,47.50073937357616,NaN,NaN
1610755200,36799.27119112163,37669,35520,36445.2,49.22208765388384,NaN,NaN
1610776800,36622.235595560815,37950,35823.8,36827.042499999996,51.10288729704456,NaN,NaN
1610798400,36724.63904778041,37886,36671.2,37274.542499999996,53.28663424134521,NaN,NaN
1610820000,36999.5907738902,37165.9,35357.8,36344.48,48.44419058153549,NaN,NaN
1610841600,36672.03538694511,36744.05,35475.14,35940.325,46.46803514514037,NaN,NaN
1610863200,36306.18019347255,36306.18019347255,33850,35099.380000000005,42.57623137175469,NaN,NaN
1610884800,35702.78009673628,36166.47,34666,35484.9225,44.85647121430595,NaN,NaN
1610906400,35593.85129836814,36852.5,35506,36006.082500000004,47.869899762429796,NaN,NaN
1610928000,35799.96689918407,36208,34800,35544.3725,45.49776532156895,NaN,NaN
1610949600,35672.169699592036,36650,35072.69,35877.317500000005,47.51743225780986,NaN,NaN
1610971200,35774.74359979602,37469.83,35400,36247.255000000005,49.745758192354884,NaN,NaN
1610992800,36010.999299898016,36777.77,35532.32,36154.1625,49.179881073641006,NaN,NaN
1611014400,36082.58089994901,37280,36018.09,36542.932499999995,51.65328899994206,NaN,NaN
1611036000,36312.7566999745,37535.27,36002.01,36763.284999999996,53.048124328159425,NaN,NaN
1611057600,36538.02084998725,37850,36538.02084998725,37221.5325,55.89772375499343,NaN,NaN
1611079200,36879.77667499363,37162.4,35844.06,36515.0875,50.780967020204606,NaN,NaN
1611100800,36697.43208749681,36697.43208749681,34737,35632.8575,45.21464963007684,NaN,NaN
1611122400,36165.144793748404,36165.144793748404,34000,34960.6175,41.48328767176944,NaN,NaN
1611144000,35562.881146874206,35562.881146874206,33400,34454.585,38.882072049636335,NaN,NaN
1611165600,35008.733073437106,35670,34482.75,35116.125,43.839920856283356,NaN,NaN
1611187200,35062.42903671855,35600,33971.41,34900.58500000001,42.62663764938752,NaN,NaN
1611208800,34981.507018359276,35019.01,32009.68,33450,35.50497191389236,NaN,NaN
1611230400,34215.75350917964,34215.75350917964,31037,31985.145,30.045867563124915,NaN,NaN
1611252000,33100.44925458982,33100.44925458982,30071,31396.185,28.17043431544188,NaN,NaN
1611273600,32248.31712729491,32248.31712729491,28850,30856.839999999997,26.536884663649687,NaN,NaN
1611295200,31552.578563647454,32152.9,30500,31544.647500000003,31.955828625679473,NaN,NaN
1611316800,31548.613031823726,32767.44,31286,32023.695,35.52317528646867,NaN,NaN
1611338400,31786.154015911863,33826.53,31786.154015911863,32821.5975,41.06535947172152,NaN,NaN
1611360000,32303.87575795593,33378.52,32053.33,32933.112499999996,41.81807956861825,NaN,NaN
1611381600,32618.494128977964,33456,31511.24,32492.47,39.66242149388887,NaN,NaN
1611403200,32555.482064488984,32555.482064488984,31390.16,31920.78,36.99771380189662,NaN,NaN
1611424800,32238.13103224449,32538.61,31812.5,32166.9775,38.90145940467449,NaN,NaN
1611446400,32202.554266122246,32980,31630,32389.995000000003,40.650929461889845,NaN,NaN
1611468000,32296.274633061126,33071,32296.274633061126,32810.3375,43.91082562971005,NaN,NaN
1611489600,32553.306066530564,32931.59,31500,32279.14,40.85667620471573,NaN,NaN
1611511200,32416.223033265283,32416.223033265283,30900,31845.269999999997,38.501187194659046,NaN,NaN
1611532800,32130.74651663264,33797.96,32130.74651663264,32891.0375,46.50651538394374,NaN,NaN
1611554400,32510.892008316318,33562.04,32510.892008316318,33207.13,48.680990338258724,NaN,NaN
1611576000,32859.01100415816,34875,32859.01100415816,33723.6525,52.10697582003761,NaN,NaN
1611597600,33291.33175207907,34031.56,31910,32995.027500000004,47.30907551001975,NaN,NaN
1611619200,33143.179626039535,33143.179626039535,31424.71,32142.137500000004,42.38889451004396,NaN,NaN
1611640800,32642.65856301977,32642.65856301977,31100,31852.3175,40.83476677565443,NaN,NaN
1611662400,32247.488031509885,32247.488031509885,30837.37,31763.845,40.348442414236686,NaN,NaN
1611684000,32005.666515754943,32921.88,31855.71,32357.43,45.07480318676616,NaN,NaN
1611705600,32181.54825787747,32557.29,31365.41,31972.530000000002,42.71160239908012,NaN,NaN
1611727200,32077.039128938737,32077.039128938737,30578.94,31152.9,38.12744891728384,NaN,NaN
1611748800,31614.96956446937,31614.96956446937,29241.72,30362.2,34.30256343329441,NaN,NaN
1611770400,30988.584782234684,31649.99,29500,30506.1625,35.56989957968263,NaN,NaN
1611792000,30747.37364111734,31800,29842.1,30933.362500000003,39.311166833396214,NaN,NaN
1611813600,30840.368070558674,31876.63,30812.26,31463.855,43.6842943616799,NaN,NaN
1611835200,31152.111535279335,32490,31152.111535279335,31842.704999999998,46.64135915133254,NaN,NaN
1611856800,31497.408267639665,33783.98,31497.408267639665,32883.44500000001,53.815747298342046,NaN,NaN
1611878400,32190.426633819836,34310,32190.426633819836,33352.2425,56.64362606753808,NaN,NaN
1611900000,32771.33456690992,37990,31915.4,34977.7575,64.71197386504357,NaN,NaN
1611921600,33874.54603345496,38531.9,33874.54603345496,36715.240000000005,70.9375319717469,NaN,NaN
1611943200,35294.89301672748,35999.99,33500,34873.354999999996,59.04530817157893,NaN,NaN
1611964800,35084.12400836374,35084.12400836374,32825,33877,53.79191085525493,NaN,NaN
1611986400,34480.56200418187,34480.56200418187,33137.8,33681.655,52.800024632832084,NaN,NaN
1612008000,34081.10850209094,34500,33410.63,33956.175,54.08143882901984,NaN,NaN
1612029600,34018.64175104547,34800,33966.4,34320.325,55.79579992393231,NaN,NaN
1612051200,34169.48337552273,34342.69,33655,34004.2425,53.91422206059239,NaN,NaN
1612072800,34086.86293776137,34086.86293776137,33205,33595.82,51.49763809987149,NaN,NaN
1612094400,33841.34146888068,34220,32200,33071.3875,48.49202230904363,NaN,NaN
1612116000,33456.36448444034,33456.36448444034,32171.67,32705.614999999998,46.455498850648105,NaN,NaN
1612137600,33080.98974222017,33943.55,32296.16,33272.020000000004,49.960082398248765,NaN,NaN
1612159200,33176.50487111008,34717.27,33176.50487111008,33984.6075,54.03608418991591,NaN,NaN
1612180800,33580.55618555504,34460,33133.26,33938.725,53.732590882101896,NaN,NaN
1612202400,33759.64059277752,34072.54,33430.76,33752.402500000004,52.44443745408142,NaN,NaN
1612224000,33756.02154638876,34161.39,33418,33772.3275,52.57537116083741,NaN,NaN
1612245600,33764.17452319438,35668.1,33764.17452319438,34576.4525,57.643838506103876,NaN,NaN
1612267200,34170.31351159719,35200,34170.31351159719,34776.86,58.82492631449235,NaN,NaN
1612288800,34473.58675579859,35984.33,34473.58675579859,35273.01,61.67423884798882,NaN,NaN
1612310400,34873.29837789929,36845,34873.29837789929,36035.0525,65.61048813989268,NaN,NaN
1612332000,35454.17543894965,36789,35454.17543894965,36183.01,66.33347853468987,NaN,NaN
1612353600,35818.59271947482,37221.42,35810.9,36544.64750000001,68.0988419498116,NaN,NaN
1612375200,36181.620109737414,37662.63,36181.620109737414,37275.7025,71.36741173128314,NaN,NaN
1612396800,36728.66130486871,38288,36728.66130486871,37703.33,73.10340814269577,NaN,NaN
1612418400,37215.99565243436,38708.27,36662.45,37567.44499999999,71.61747993927874,NaN,NaN
1612440000,37391.720326217175,37763.57,36161.95,37032.322499999995,65.9337389095189,NaN,NaN
1612461600,37212.02141310858,37783.83,36761.89,37091.68,66.2536644701218,NaN,NaN
1612483200,37151.850706554294,37499,36570,37017.905,65.43118034523545,NaN,NaN
1612504800,37084.87785327715,37800,37021.8,37394.775,67.64110913828848,NaN,NaN
1612526400,37239.826426638574,38310.12,37239.826426638574,37855.7975,70.15464836177551,NaN,NaN
1612548000,37547.811963319284,38309,37230,37930.9625,70.55622072515712,NaN,NaN
1612569600,37739.38723165964,39666,37739.38723165964,38796.497500000005,74.76656116062085,NaN,NaN
1612591200,38267.94236582982,40479.86,38267.94236582982,39671.2075,78.16473957095573,NaN,NaN
1612612800,38969.57493291491,40955.51,38969.57493291491,40297.19,80.21790868269379,NaN,NaN
1612634400,39633.38246645746,40469.19,39035.33,39722.11750000001,73.3905663965698,NaN,NaN
1612656000,39677.74998322873,39677.74998322873,37923,38806.5125,64.04443319425295,NaN,NaN
1612677600,39242.13124161436,39700,38282.44,38885.012500000004,64.46228987679285,NaN,NaN
1612699200,39063.57187080718,39272.69,37351,38384.67,59.699978292375974,NaN,NaN
1612720800,38724.12093540359,39080,37660.97,38351.8225,59.389777156293576,NaN,NaN
1612742400,38537.971717701796,39130,37988.89,38648.0125,61.34042571826981,NaN,NaN
1612764000,38592.9921088509,39498.99,38592.9921088509,39054.97749999999,63.90580934926085,NaN,NaN
1612785600,38823.98480442545,44918,38823.98480442545,41628.54,75.14030161994083,NaN,NaN
1612807200,40226.26240221273,46794.45,40226.26240221273,44700.7775,82.2449523614275,NaN,NaN
1612828800,42463.51995110636,47498,42463.51995110636,46555.744999999995,85.02730978879367,NaN,NaN
1612850400,44509.63247555318,48142.19,44509.63247555318,46734.19,85.26650344951159,NaN,NaN
1612872000,45621.91123777659,47110.72,44961.09,46236.6075,81.36327778916535,NaN,NaN
1612893600,45929.25936888829,47499.43,45929.25936888829,46651.3625,82.09886958774138,NaN,NaN
1612915200,46290.31093444415,46900,45589.98,46260.597499999996,78.93761090165718,NaN,NaN
1612936800,46275.45421722207,47310,46106.04,46533.65,79.53072799186037,NaN,NaN
1612958400,46404.55210861104,46593.34,43727,45467.55,71.11086130971039,NaN,NaN
1612980000,45936.05105430552,45936.05105430552,44355,44861.9975,66.78579379795606,NaN,NaN
1613001600,45399.024277152756,45399.024277152756,43994.02,44623.6475,65.10724372842509,NaN,NaN
1613023200,45011.335888576374,46546.47,44397.62,45411.822499999995,67.97372324632184,NaN,NaN
1613044800,45211.579194288184,48399,45211.579194288184,46971.7325,72.74581079591671,NaN,NaN
1613066400,46091.655847144095,48678.9,46091.655847144095,47639.2825,74.49710977084058,NaN,NaN
1613088000,46865.46917357205,48985.8,46865.46917357205,47774.887500000004,74.8506432077679,NaN,NaN
1613109600,47320.178336786026,47999,46789,47401.8775,71.89815419518867,NaN,NaN
1613131200,47361.02791839301,48140,46125,47384.72,71.75794356101754,NaN,NaN
1613152800,47372.873959196506,48150,46915.32,47516.6875,72.20689355343168,NaN,NaN
1613174400,47444.78072959825,48150,47200,47634.0375,72.62364589582118,NaN,NaN
1613196000,47539.40911479913,47922.22,46251,47162.60249999999,68.19934578219508,NaN,NaN
1613217600,47351.00580739956,47400.14,46202.53,46761.034999999996,64.58980523972119,NaN,NaN
1613239200,47056.020403699775,47397.36,46653.58,47014.965,65.82166907409791,NaN,NaN
1613260800,47035.492701849886,48948,47014.17,48012.0325,70.20472506096226,NaN,NaN
1613282400,47523.76260092494,49404.94,47523.76260092494,48944.7075,73.61350059660161,NaN,NaN
1613304000,48234.23505046247,49707.43,48101.38,48870.7925,72.90167201023357,NaN,NaN
1613325600,48552.51377523124,49300,48400.31,48724.325000000004,71.4277373943535,NaN,NaN
1613347200,48638.41938761562,49010.92,45570.79,47471.167499999996,60.21101982219695,NaN,NaN
1613368800,48054.79344380781,48054.79344380781,46683.02,47301.79,58.865486755058114,NaN,NaN
1613390400,47678.29172190391,48800,47423.99,48147.2425,63.276883334560985,NaN,NaN
1613412000,47912.76711095196,48801,47643,48229.3525,63.684222907829614,NaN,NaN
1613433600,48071.059805475976,49998,47003.62,48522.9375,65.17177080822302,NaN,NaN
1613455200,48296.99865273799,49318.47,48296.99865273799,48990.747500000005,67.45908438664968,NaN,NaN
1613476800,48643.873076369,50689.18,48073,48977.042499999996,67.31959856850622,NaN,NaN
1613498400,48810.457788184496,49290,47750,48601.020000000004,63.443488148103896,NaN,NaN
1613520000,48705.738894092254,50274.88,48705.738894092254,49515.5325,68.23395909449394,NaN,NaN
1613541600,49110.63569704613,51678.36,49110.63569704613,50570.67,72.68197960899236,NaN,NaN
1613563200,49840.65284852307,51633.17,49840.65284852307,51205.795000000006,74.95526981558623,NaN,NaN
1613584800,50523.22392426153,52618.74,50523.22392426153,51856.04749999999,77.0600450403093,NaN,NaN
1613606400,51189.63571213077,52530,51189.63571213077,52132.545,77.91015649230172,NaN,NaN
1613628000,51661.09035606538,52237.45,51133,51728.635,73.61828152626943,NaN,NaN
1613649600,51694.86267803269,52285,50901.9,51600.3925,72.25725528450917,NaN,NaN
1613671200,51647.627589016345,52195.12,51510,51774.32,72.9866788130165,NaN,NaN
1613692800,51710.97379450817,51943.99,50710.2,51432.712499999994,69.14152998698185,NaN,NaN
1613714400,51571.84314725408,52984.99,51517.16,52184.0525,72.56501251015862,NaN,NaN
1613736000,51877.94782362704,54850,51877.94782362704,53660.212499999994,77.7806430261682,NaN,NaN
1613757600,52769.080161813516,56368,52769.080161813516,55391.1525,82.08215463980214,NaN,NaN
1613779200,54080.116330906756,56609.14,54080.116330906756,55878.1425,83.07491231519283,NaN,NaN
1613800800,54979.12941545338,56388.37,54979.12941545338,55862.43,82.91528691175577,NaN,NaN
1613822400,55420.77970772669,57700.46,55420.77970772669,56706.715000000004,84.62483162028181,NaN,NaN
1613844000,56063.74735386335,57234.48,53863.93,55996.9875,77.59575941984988,NaN,NaN
1613865600,56030.367426931676,56959.71,55477.59,56205.905,78.17055155845746,NaN,NaN
1613887200,56118.13621346584,57827,55821.03,56869.485,79.93169390560075,NaN,NaN
1613908800,56493.81060673292,57782,56493.81060673292,57288.6975,80.9758890891279,NaN,NaN
1613930400,56891.25405336646,58352.8,56891.25405336646,57548.855,81.61520650479792,NaN,NaN
1613952000,57220.054526683234,57508.47,55102.77,56473.185,70.99214164276923,NaN,NaN
1613973600,56846.619763341616,56846.619763341616,53505.7,55130.8725,60.42298805375388,NaN,NaN
1613995200,55988.74613167081,55988.74613167081,47622,52233.165,44.8870736974683,NaN,NaN
1614016800,54110.95556583541,54989.46,51570,53186.7825,49.48982824971016,NaN,NaN
1614038400,53648.869032917704,54183.59,48615,51709.065,43.43617174943151,NaN,NaN
1614060000,52678.96701645885,52678.96701645885,44892.56,48114.0825,32.89439566620807,NaN,NaN
1614081600,50396.524758229425,50396.524758229425,45788.1,47230.627499999995,30.909118271240544,NaN,NaN
1614103200,48813.57612911471,48938.85,45251,47561.1475,32.54926966186578,NaN,NaN
1614124800,48187.36181455736,51357,46988.69,49371.0225,40.832202249040755,NaN,NaN
1614146400,48779.19215727868,51374.99,48779.19215727868,50359.655,44.818433425630545,NaN,NaN
1614168000,49569.42357863934,51294,48450,50036.455,43.7800109145452,NaN,NaN
1614189600,49802.93928931967,50052.18,48028.18,49450.64749999999,41.885699177251624,NaN,NaN
1614211200,49626.793394659835,50884.88,49517.01,50116.675,44.80958980867617,NaN,NaN
1614232800,49871.73419732992,50568.97,48581.71,49959.145000000004,44.242600915190124,NaN,NaN
1614254400,49915.43959866496,52041.73,49306.91,50299.64750000001,45.8378952803063,NaN,NaN
1614276000,50107.543549332484,50107.543549332484,46674.34,48346.3275,38.95273498527063,NaN,NaN
1614297600,49226.935524666245,49226.935524666245,45502.69,46473.4875,33.72250091283722,NaN,NaN
1614319200,47850.211512333124,47850.211512333124,44106.78,45734.795,31.902959920302635,NaN,NaN
1614340800,46792.50325616656,48424.11,45800,47078.185000000005,38.41124542303603,NaN,NaN
1614362400,46935.34412808328,47873.24,45000,46702.5175,37.336614114824286,NaN,NaN
1614384000,46818.93081404164,48085.47,46156.24,47080.575,39.1807011984844,NaN,NaN
1614405600,46949.75290702082,48394,46224.84,47429.627499999995,40.909725719865605,NaN,NaN
1614427200,47189.69020351041,47800,46271,47103.38,39.771641548173655,NaN,NaN
1614448800,47146.5351017552,47557.14,45000,46426.174999999996,37.44313397730547,NaN,NaN
1614470400,46786.355050877595,46786.355050877595,44200,45433.35,34.27489787115735,NaN,NaN
1614492000,46109.85252543879,46109.85252543879,43738.65,44836.350000000006,32.4944049724547,NaN,NaN
1614513600,45473.1012627194,45500.17,43000,44226.60999999999,30.738114523724917,NaN,NaN
1614535200,44849.85563135969,45919.61,43001,44294.9225,31.1868591982239,NaN,NaN
1614556800,44572.38906567985,46796.94,44572.38906567985,45770.512500000004,40.199643513110516,NaN,NaN
1614578400,45171.45078283992,48050,45171.45078283992,46903.564999999995,46.04351019079033,NaN,NaN
1614600000,46037.507891419955,49469.99,46037.507891419955,48301.9325,52.24595189102593,NaN,NaN
1614621600,47169.720195709975,49790,47169.720195709975,48954.5075,54.8540935343185,NaN,NaN
1614643200,48062.113847854984,50200,48062.113847854984,49253.145000000004,56.03741513712661,NaN,NaN
1614664800,48657.629423927494,49265.54,48270.69,48763.56,53.558938540361694,NaN,NaN
1614686400,48710.59471196374,49699.99,47200,48399.19,51.72531952958088,NaN,NaN
1614708000,48554.89235598187,48554.89235598187,47047.6,47957.53,49.51261636658234,NaN,NaN
1614729600,48256.21117799093,49466.69,48100.71,48770.912500000006,53.461076415761084,NaN,NaN
1614751200,48513.56183899547,51777,48513.56183899547,50400.1275,60.178870880261876,NaN,NaN
1614772800,49456.84466949773,52640,49456.84466949773,51523.652500000004,64.03442184390266,NaN,NaN
1614794400,50490.24858474887,51600,50260,50878.7175,60.418172625473474,NaN,NaN
1614816000,50684.483042374435,51773.88,49010.1,50198.675,56.77715107527032,NaN,NaN
1614837600,50441.57902118722,50756.23,48524.86,49567.2025,53.55000762287099,NaN,NaN
1614859200,50004.39076059361,50569.41,48319.36,49180.037500000006,51.61300525173211,NaN,NaN
1614880800,49592.21413029681,49592.21413029681,47500,48273.26,47.29780521643236,NaN,NaN
1614902400,48932.73706514841,48932.73706514841,46300,47550.854999999996,44.132163944444564,NaN,NaN
1614924000,48241.7960325742,48241.7960325742,46418.12,47149.28,42.432022509266616,NaN,NaN
1614945600,47695.5380162871,48728.21,46885,47797.020000000004,46.04277848990961,NaN,NaN
1614967200,47746.27900814355,49448.93,47746.27900814355,48553.755,49.98924453072483,NaN,NaN
1614988800,48150.01700407178,49156,48115.83,48628.73,50.3765052742833,NaN,NaN
1615010400,48389.37350203589,49117.32,48000,48446.15,49.373834563000024,NaN,NaN
1615032000,48417.76175101794,48450,47070,47985.4275,46.84033303915111,NaN,NaN
1615053600,48201.594625508966,49200,48109.79,48610.6725,50.54881764712734,NaN,NaN
1615075200,48406.13356275448,49900.99,48406.13356275448,49251.8475,54.08609790012036,NaN,NaN
1615096800,48828.99053137725,51148.22,48828.99053137725,50085.604999999996,58.26656472481374,NaN,NaN
1615118400,49457.29776568862,51352.1,49457.29776568862,50816.049999999996,61.56802258522442,NaN,NaN
1615140000,50136.673882844305,51450.03,49758.01,50813.9275,61.55278506857489,NaN,NaN
1615161600,50475.30069142215,51847.38,50100,50918.064999999995,62.04906374380446,NaN,NaN
1615183200,50696.68284571107,50944,49274.67,50370.315,57.8213200250335,NaN,NaN
1615204800,50533.498922855535,51233,50100.01,50658.11,59.387073023269174,NaN,NaN
1615226400,50595.80446142777,52402.78,50595.80446142777,51577.965,63.9884977229629,NaN,NaN
1615248000,51086.88473071388,54400.8,51086.88473071388,53204.9775,70.3808030190167,NaN,NaN
1615269600,52145.93111535694,54448,52145.93111535694,54052.7,73.06368717540158,NaN,NaN
1615291200,53099.31555767847,54815.84,53099.31555767847,54096.0625,73.19742383321429,NaN,NaN
1615312800,53597.68902883923,54895,53597.68902883923,54300.055,73.8550583009206,NaN,NaN
1615334400,53948.87201441961,55813.09,53005,54336.037500000006,73.9763519389734,NaN,NaN
1615356000,54142.45475720981,55444,53510.01,54365.965000000004,74.08404342677677,NaN,NaN
1615377600,54254.2098786049,57100,54254.2098786049,55913.12,78.93677379083549,NaN,NaN
1615399200,55083.664939302456,57387.69,55083.664939302456,56407.325000000004,80.21142519166051,NaN,NaN
1615420800,55745.494969651234,56499.98,55170.22,55699.277500000004,73.36166081645763,NaN,NaN
1615442400,55722.38623482562,56270.75,54272.82,55511.5575,71.61551952806194,NaN,NaN
1615464000,55616.97186741281,57238.5,55616.97186741281,56494.2225,74.97358046843362,NaN,NaN
1615485600,56055.597183706406,58150,56055.597183706406,57314.4275,77.37915118657672,NaN,NaN
1615507200,56685.0123418532,58081.51,56350,57342.2925,77.45842413300383,NaN,NaN
1615528800,57013.652420926606,57430,55826.05,56731.072499999995,71.53644780658546,NaN,NaN
1615550400,56872.3624604633,57768,54962.84,56601.704999999994,70.31116977884966,NaN,NaN
1615572000,56737.03373023165,57667.79,56262.14,57081.7275,72.21299296466361,NaN,NaN
1615593600,56909.38061511582,57307.2,56078.23,56838.009999999995,69.76927508887123,NaN,NaN
1615615200,56873.69530755791,60200,56491.92,58321.6375,75.2582265445547,NaN,NaN
1615636800,57597.66640377895,60520,57597.66640377895,59984.86,79.70663834261605,NaN,NaN
1615658400,58791.26320188948,61844,58791.26320188948,60835.83,81.53580439188917,NaN,NaN
1615680000,59813.54660094474,61724.79,59813.54660094474,61163.43,82.20094049016186,NaN,NaN
1615701600,60488.48830047237,61110.53,59354.62,60447.4375,75.77610969437409,NaN,NaN
1615723200,60467.96290023618,60550,59300,59964.85,71.70789236984004,NaN,NaN
1615744800,60216.40645011809,60750,58966.78,59596.5475,68.67749508681831,NaN,NaN
1615766400,59906.47697505905,60633.43,58705.47,59332.082500000004,66.5041456948814,NaN,NaN
1615788000,59619.27973752953,59619.27973752953,54600,57283.9,52.61666290011146,NaN,NaN
1615809600,58451.589868764764,58451.589868764764,55050,56137.26500000001,46.73309721995314,NaN,NaN
1615831200,57294.427434382385,57294.427434382385,55537,56029.255000000005,46.208933800552145,NaN,NaN
1615852800,56661.84121719119,56661.84121719119,53271.34,54778.4025,40.53826686729484,NaN,NaN
1615874400,55720.121858595594,56400,53650,54902.4125,41.30726944641073,NaN,NaN
1615896000,55311.26717929779,56087.02,54596.89,55349.5575,44.11380857552413,NaN,NaN
1615917600,55330.4123396489,56938.29,55091.32,56045.14,48.25866391499949,NaN,NaN
1615939200,55687.77616982445,57189.43,55185.42,56306.74,49.7675720825671,NaN,NaN
1615960800,55997.258084912224,56326.53,54326.27,55361.042499999996,44.6933731623249,NaN,NaN
1615982400,55679.15029245611,55679.15029245611,54123.69,55041.5325,43.09469251255349,NaN,NaN
1616004000,55360.341396228054,58974.73,55360.341396228054,57243.175,55.031192110595775,NaN,NaN
1616025600,56301.758198114025,59561.54,56301.758198114025,59009.512500000004,61.93059995912479,NaN,NaN
1616047200,57655.63534905702,59070,57655.63534905702,58517.045,59.203287862982336,NaN,NaN
1616068800,58086.34017452851,60129.97,57500,58762.3675,60.14487012901028,NaN,NaN
1616090400,58424.35383726425,59310.13,57023,58308.025,57.49809393841701,NaN,NaN
1616112000,58366.18941863213,58391.78,56270.74,57667.07,53.89484152047391,NaN,NaN
1616133600,58016.62970931607,58888,57499.63,58395.24250000001,57.17805445882128,NaN,NaN
1616155200,58205.93610465804,59249.5,57950.59,58723.932499999995,58.61081402767722,NaN,NaN
1616176800,58464.93430232901,59468,58000,58590.895000000004,57.76831599094866,NaN,NaN
1616198400,58527.91465116451,58913.98,57820.17,58223.9325,55.40264712598852,NaN,NaN
1616220000,58375.92357558226,59299,57980,58663.26,57.639203016708805,NaN,NaN
1616241600,58519.59178779113,59880,58519.59178779113,59217.9925,60.343561656886166,NaN,NaN
1616263200,58868.79214389557,59474.89,57966.85,58670.6125,56.50989240671126,NaN,NaN
1616284800,58769.702321947785,58769.702321947785,56717.81,57634.229999999996,50.02917780712668,NaN,NaN
1616306400,58201.96616097389,58201.96616097389,55450.11,56565.355,44.376629746954976,NaN,NaN
1616328000,57383.66058048695,57539,55870.23,56732.125,45.412931803812,NaN,NaN
1616349600,57057.89279024347,58113,57057.89279024347,57460.645000000004,49.81178104738525,NaN,NaN
1616371200,57259.26889512174,57831.41,56289,57267.34,48.69058743491876,NaN,NaN
1616392800,57263.30444756087,58430.73,57024.13,57691.51,51.281903575138855,NaN,NaN
1616414400,57477.407223780436,57761,56191.19,57186.5725,48.163557747927705,NaN,NaN
1616436000,57331.98986189022,57331.98986189022,53650,55497.167499999996,39.507493850124334,NaN,NaN
1616457600,56414.57868094511,56414.57868094511,53111.66,54017.855,33.78216758051917,NaN,NaN
1616479200,55216.21684047255,55216.21684047255,53000,53911.86,33.408582992892775,NaN,NaN
1616500800,54564.03842023628,55767.01,54234.96,54990.659999999996,40.60759048656498,NaN,NaN
1616522400,54777.34921011813,55830.9,54190.1,55016.917499999996,40.77541427497209,NaN,NaN
1616544000,54897.133355059064,54897.133355059064,53511.39,54180.9075,37.17376131710586,NaN,NaN
1616565600,54539.02042752953,56662.08,53700,55250.777500000004,43.99179799407682,NaN,NaN
1616587200,54894.89896376477,57200,54894.89896376477,56358.197499999995,50.0360315167186,NaN,NaN
1616608800,55626.54823188238,56370.14,51700,54124.9225,40.535646018439074,NaN,NaN
1616630400,54875.73536594119,54875.73536594119,51500,52347.4525,34.86207649902471,NaN,NaN
1616652000,53611.593932970594,53611.593932970594,52101,52559.335,36.01180847611101,NaN,NaN
1616673600,53085.4644664853,53085.4644664853,50427.56,51655,33.3094146747282,NaN,NaN
1616695200,52370.23223324265,52720.24,51220.72,51713.8375,33.65823380027149,NaN,NaN
1616716800,52042.034866621325,52899.01,51214.6,52058.265,35.77592158916096,NaN,NaN
1616738400,52050.14993331066,53826.48,52050.14993331066,52940.1475,40.971503686754595,NaN,NaN
1616760000,52495.14871665533,54060.24,52495.14871665533,53275.840000000004,42.866222920606944,NaN,NaN
1616781600,52885.49435832766,55073.46,52885.49435832766,54347.219999999994,48.54314534443958,NaN,NaN
1616803200,53616.357179163824,55555,53616.357179163824,55063.38,51.978022964030984,NaN,NaN
1616824800,54339.86858958191,55283.65,54311.6,54804.00750000001,50.65908631591155,NaN,NaN
1616846400,54571.93804479096,56271,53950,55187.1575,52.57358071775053,NaN,NaN
1616868000,54879.54777239548,56700.36,54879.54777239548,56038.740000000005,56.6039063169437,NaN,NaN
1616889600,55459.143886197744,56496,55459.143886197744,56038.6575,56.60340446656817,NaN,NaN
1616911200,55748.90069309887,56559.75,55683.56,56073.81,56.77924022488031,NaN,NaN
1616932800,55911.35534654943,56490,55291.13,55883.97,55.472040724726426,NaN,NaN
1616954400,55897.66267327472,56000,54691.84,55609.3,53.551036315717994,NaN,NaN
1616976000,55753.48133663736,56013.76,54848.98,55422.2975,52.22500560562255,NaN,NaN
1616997600,55587.88941831868,58350,54800.01,56513.2825,58.65697543113276,NaN,NaN
1617019200,56050.58595915934,58405.82,56050.58595915934,57838.6625,64.8484506873321,NaN,NaN
1617040800,56944.62422957967,58021.19,56944.62422957967,57671.195,63.55334527197858,NaN,NaN
1617062400,57307.90961478984,57839.16,57071.35,57554.025,62.61117810333687,NaN,NaN
1617084000,57430.96730739492,59335,57430.96730739492,58437.7425,66.62941122254792,NaN,NaN
1617105600,57934.35490369746,59368,57934.35490369746,58944.582500000004,68.70665490893019,NaN,NaN
1617127200,58439.46870184873,59107.84,58380.02,58733.604999999996,66.8414799404281,NaN,NaN
1617148800,58586.53685092436,59050,58369,58719.130000000005,66.7076776003988,NaN,NaN
1617170400,58652.83342546219,59800,56769,58323.744999999995,62.99804399460334,NaN,NaN
1617192000,58488.28921273109,59648.52,57641.06,58639.14749999999,64.68514931878795,NaN,NaN
1617213600,58563.71835636554,59585.61,58328.55,58976.675,66.44818941545961,NaN,NaN
1617235200,58770.19667818277,59314.53,58622,58860.195,65.23778388977092,NaN,NaN
1617256800,58815.195839091386,59490,58115,58738.527500000004,63.927860722557085,NaN,NaN
1617278400,58776.861669545695,59263.3,58317.33,58666.645000000004,63.12144895797341,NaN,NaN
1617300000,58721.753334772846,59069.74,57935.45,58556.815,61.83792469269476,NaN,NaN
1617321600,58639.284167386424,60200,58455.1,59232.56,66.36911185473643,NaN,NaN
1617343200,58935.92208369321,59741.65,58935.92208369321,59514.277500000004,68.07118599003742,NaN,NaN
1617364800,59225.0997918466,59624.86,58827.66,59293.829999999994,65.2867255106961,NaN,NaN
1617386400,59259.4648959233,59280.45,58428.57,58959.762500000004,61.20116927362108,NaN,NaN
1617408000,59109.61369796166,59531.74,58931.3,59219.854999999996,63.13542471049693,NaN,NaN
1617429600,59164.734348980826,59791.72,58750.96,59316.02,63.85295765648474,NaN,NaN
1617451200,59240.37717449041,59454.83,58177.77,58774.7,57.11394195368125,NaN,NaN
1617472800,59007.5385872452,59007.5385872452,56880,57722.2575,46.777297758156486,NaN,NaN
1617494400,58364.8980436226,58364.8980436226,56388,57160.1275,42.36681326474578,NaN,NaN
1617516000,57762.5127718113,57787.79,57033.85,57392.725000000006,44.690634974751426,NaN,NaN
1617537600,57577.61888590566,58492.85,57000,57737.527500000004,48.0355605891768,NaN,NaN
1617559200,57657.57319295283,58300,57657.57319295283,58109.845,51.4498923351357,NaN,NaN
1617580800,57883.709096476414,58387.35,56855.55,57585.59,46.78814128822813,NaN,NaN
1617602400,57734.6495482382,57766.84,56777.77,57299.604999999996,44.423513090598966,NaN,NaN
1617624000,57517.1272741191,59272,57517.1272741191,58432.425,54.280251681812516,NaN,NaN
1617645600,57974.776137059554,59130,57974.776137059554,58923.545,57.77654091802693,NaN,NaN
1617667200,58449.160568529776,59495.24,58449.160568529776,59023.1375,58.47010729107669,NaN,NaN
1617688800,58736.14903426489,59000,58300,58677.1625,55.08501540614593,NaN,NaN
1617710400,58706.65576713244,58998,57413.02,58299.88249999999,51.57824842040462,NaN,NaN
1617732000,58503.26913356622,58503.26913356622,57483.71,58008.485,48.984437690576186,NaN,NaN
1617753600,58255.87706678311,58317.06,57161.86,57938.735,48.35756522717373,NaN,NaN
1617775200,58097.30603339156,58655,55700,57240.3675,42.49386461910305,NaN,NaN
1617796800,57668.83676669578,57668.83676669578,55612,56230.04,35.741668851307,NaN,NaN
1617818400,56949.43838334789,56949.43838334789,55473,56012.72749999999,34.47283991254433,NaN,NaN
1617840000,56481.08294167394,57096.46,55700,56405.45,38.707525425340435,NaN,NaN
1617861600,56443.26647083697,57333.85,56330.77,56739.42249999999,42.13240166371967,NaN,NaN
1617883200,56591.34448541848,58000,56311.77,57120.5075,45.85055717117728,NaN,NaN
1617904800,56855.925992709235,58153.31,56855.925992709235,57857.24,52.23955983563505,NaN,NaN
1617926400,57356.58299635461,58419.45,57356.58299635461,58062.667499999996,53.8738156654083,NaN,NaN
1617948000,57709.625248177304,58894.9,57654,58255.94,55.419403752599536,NaN,NaN
1617969600,57982.78262408865,58783.47,57870.57,58396.58,56.5600705991925,NaN,NaN
1617991200,58189.681312044326,58600,57873.31,58255.2175,55.03577882601643,NaN,NaN
1618012800,58222.44940602216,61500,57900.01,59598.619999999995,64.75641800682456,NaN,NaN
1618034400,58910.53470301108,61050,58910.53470301108,60702.7125,70.41692195613248,NaN,NaN
1618056000,59806.62360150554,60800,59806.62360150554,60322.04,66.45390190218473,NaN,NaN
1618077600,60064.33180075277,60115.82,58374.61,59590.01,59.51718925182703,NaN,NaN
1618099200,59827.17090037638,60699,59535.52,59920.905,61.474790511900714,NaN,NaN
1618120800,59874.03795018819,60144.7,59339.83,59721.5825,59.60502453461815,NaN,NaN
1618142400,59797.810225094094,59975.95,59232.52,59698.67749999999,59.3815129139344,NaN,NaN
1618164000,59748.24386254704,60190,59433.29,59872.5275,60.589489129712064,NaN,NaN
1618185600,59810.38568127352,60607,59586.01,60099.705,62.172617863028805,NaN,NaN
1618207200,59955.04534063676,61300,59350.59,60274.775,63.393009688990055,NaN,NaN
1618228800,60114.910170318384,60584.28,59610.96,60046.534999999996,60.646001912146964,NaN,NaN
1618250400,60080.722585159194,60241.32,59680.9,59882.9075,58.682740525180336,NaN,NaN
1618272000,59981.8150425796,61100,59805.15,60358.475,62.484043847829525,NaN,NaN
1618293600,60170.1450212898,63287.88,60170.1450212898,61837.27,71.32011046198595,NaN,NaN
1618315200,61003.7075106449,63777.77,61003.7075106449,63138.2075,76.5522299198527,NaN,NaN
1618336800,62070.95750532245,63666,62070.95750532245,63274.96,77.02667672446678,NaN,NaN
1618358400,62672.95875266122,64720,62672.95875266122,63849.205,78.95256783630522,NaN,NaN
1618380000,63261.081876330616,64854,63012.84,64104.1325,79.7636129823927,NaN,NaN
1618401600,63682.607188165304,64640.58,62231.49,63407.9225,71.64402249722625,NaN,NaN
1618423200,63545.26484408265,63545.26484408265,61301,62393.2625,61.77435554065355,NaN,NaN
1618444800,62969.26367204133,63491.45,62333.55,62973.5075,64.76377883239377,NaN,NaN
1618466400,62971.38558602067,63299,62020,62697.4025,62.268337210571985,NaN,NaN
1618488000,62834.39404301033,63074.05,62308,62580.6475,61.19456056448509,NaN,NaN
1618509600,62707.520771505166,63800,62500.41,63010.45250000001,63.67769774181597,NaN,NaN
1618531200,62858.98663575259,63520.61,61415.4,62473.585,58.63090961651504,NaN,NaN
1618552800,62666.2858178763,62666.2858178763,60000,61115.4725,48.219614263799606,NaN,NaN
1618574400,61890.87915893815,61890.87915893815,60250,61131.1925,48.33397702861632,NaN,NaN
1618596000,61511.035829469074,62087.98,61105,61524.9525,51.2390387341862,NaN,NaN
1618617600,61517.99416473454,62506.05,61114.14,61778.6775,53.07015449830966,NaN,NaN
1618639200,61648.33583236727,62458.28,60700.55,61551.362499999996,51.21454585903783,NaN,NaN
1618660800,61599.84916618363,61599.84916618363,59637.12,60362.917499999996,42.79052675594462,NaN,NaN
1618682400,60981.38333309181,60981.38333309181,59580.91,60062.0475,40.953961288795114,NaN,NaN
1618704000,60521.71541654591,60521.71541654591,50931.3,56751.5375,27.1473536458777,NaN,NaN
1618725600,58636.62645827295,58636.62645827295,53064.66,54617.45,21.998734499648535,NaN,NaN
1618747200,56627.03822913647,56627.03822913647,53200,54404.247500000005,21.55883515702625,NaN,NaN
1618768800,55515.64286456824,56688.28,54982.02,55742.8575,30.901498495912634,NaN,NaN
1618790400,55629.250182284115,57291,55629.250182284115,56407.9075,35.04102569123067,NaN,NaN
1618812000,56018.57884114206,57526.81,56018.57884114206,56813.5625,37.50051951986984,NaN,NaN
1618833600,56416.07067057103,57142.2,54221.58,55960.2175,34.53803115440705,NaN,NaN
1618855200,56188.144085285516,56600,55300.31,55725.7825,33.749233220022006,NaN,NaN
1618876800,55956.96329264276,55956.96329264276,54237.04,55153.092500000006,31.836413013886784,NaN,NaN
1618898400,55555.02789632138,56419.13,53329.96,55241.490000000005,32.4726153170177,NaN,NaN
1618920000,55398.25894816069,56455.93,54649.58,55811.01500000001,36.579654956421,NaN,NaN
1618941600,55604.63697408035,57076.24,55604.63697408035,56270.1625,39.76058296051015,NaN,NaN
1618963200,55937.39973704018,56757.91,54968.69,55890.1225,38.059032804344106,NaN,NaN
1618984800,55913.76111852009,55913.76111852009,54276.85,55017.2725,34.416118989610325,NaN,NaN
1619006400,55465.51680926004,56346.7,54300,55184.0175,35.682653864151916,NaN,NaN
1619028000,55324.767154630026,55738.14,53536.02,54646.9475,33.44248219023994,NaN,NaN
1619049600,54985.85732731501,54985.85732731501,52569.17,53863.127499999995,30.439002492293284,NaN,NaN
1619071200,54424.4924136575,55223,53080,54406.8375,34.812474537608296,NaN,NaN
1619092800,54415.664956828754,55521.48,53380,54301.377499999995,34.36120699897184,NaN,NaN
1619114400,54358.52122841438,54358.52122841438,50500,52327.597499999996,27.243270590040552,NaN,NaN
1619136000,53343.05936420719,53343.05936420719,48443.01,50441.885,22.45698543234664,NaN,NaN
1619157600,51892.47218210359,51892.47218210359,47500,49335.317500000005,20.21282707066341,NaN,NaN
1619179200,50613.8948410518,50613.8948410518,48541,49684.024999999994,22.829919476149755,NaN,NaN
1619200800,50148.9599205259,51301.34,49620.02,50468.42,28.510424036950965,NaN,NaN
1619222400,50308.68996026295,51166.22,49304.06,50509.2325,28.80407818656677,NaN,NaN
1619244000,50408.96123013148,50520.57,48657.14,49676.877499999995,26.420474181632784,NaN,NaN
1619265600,50042.91936506574,50360.63,48900,49613.515,26.242444340216508,NaN,NaN
1619287200,49828.21718253287,51000,49828.21718253287,50267.82,31.384172594412448,NaN,NaN
1619308800,50048.01859126643,50452.85,49600,49946.1575,30.267107699660556,NaN,NaN
1619330400,49997.088045633216,50280,49161.94,49669.155000000006,29.2999386929974,NaN,NaN
1619352000,49833.12152281661,50567.91,49450,49872.615,31.042910672587197,NaN,NaN
1619373600,49852.86826140831,49949.23,46930,48966.9525,27.762006841025197,NaN,NaN
1619395200,49409.910380704154,52722.35,48753.44,50769.445,41.10369733539541,NaN,NaN
1619416800,50089.67769035208,53685,50089.67769035208,53023.405,52.83448538431776,NaN,NaN
1619438400,51556.54134517604,54356.62,51556.54134517604,53714.457500000004,55.744882023674045,NaN,NaN
1619460000,52635.49942258802,54300,52600.36,53734.1225,55.82841120312969,NaN,NaN
1619481600,53184.81096129401,54160.61,53184.81096129401,53825.572499999995,56.24203571178391,NaN,NaN
1619503200,53505.191730647,55242.32,53505.191730647,54552.91499999999,59.49106764178771,NaN,NaN
1619524800,54029.053365323496,55300,54029.053365323496,54896.5925,60.96588429850074,NaN,NaN
1619546400,54462.822932661744,55460,54462.822932661744,54990.32,61.37884912593044,NaN,NaN
1619568000,54726.571466330875,55738,54400,54936.1175,60.97708390548668,NaN,NaN
1619589600,54831.344483165434,55087.85,53813.16,54588.3775,58.33874434275554,NaN,NaN
1619611200,54709.86099158272,55327,54111.11,54782.5225,59.39507289199122,NaN,NaN
1619632800,54746.19174579136,56428,54002,55028.7375,60.75411759214129,NaN,NaN
1619654400,54887.464622895684,55195.84,53482.22,54355.302500000005,55.3020401164406,NaN,NaN
1619676000,54621.383561447845,54739.43,53759.98,54174.122500000005,53.90058549919279,NaN,NaN
1619697600,54397.75303072392,54531.89,52700,53568.75,49.39626661895305,NaN,NaN
1619719200,53983.25151536196,53983.25151536196,52330.94,53069.8875,45.98588449284282,NaN,NaN
1619740800,53526.56950768098,54300,53013.01,53783.6425,51.17943875359257,NaN,NaN
1619762400,53655.10600384049,54792.33,53655.10600384049,54335.1575,54.7962413100597,NaN,NaN
1619784000,53995.13175192024,57385,53995.13175192024,55583.33,61.70993455443426,NaN,NaN
1619805600,54789.23087596012,57963,54789.23087596012,57144.5675,68.25095207667617,NaN,NaN
1619827200,55966.89918798006,58458.07,55966.89918798006,57927.7025,70.93325570502678,NaN,NaN
1619848800,56947.30084399003,58239.64,56947.30084399003,57826.784999999996,70.11124131599036,NaN,NaN
1619870400,57387.04292199502,58043.01,56956.14,57596.5125,68.16998448334394,NaN,NaN
1619892000,57491.77771099751,57998.97,57243.65,57652.5825,68.39942152657883,NaN,NaN
1619913600,57572.18010549875,57911.02,56171.31,57195.4375,64.32809902149924,NaN,NaN
1619935200,57383.80880274938,57383.80880274938,56035.25,56779.33,60.78166470602383,NaN,NaN
1619956800,57081.56940137469,57286.96,56231.55,56847.125,61.157395123228895,NaN,NaN
1619978400,56964.34720068735,57141.05,56212,56677.814999999995,59.62116152134436,NaN,NaN
1620000000,56821.08110034367,58289.99,56525,57333.015,63.447643115872886,NaN,NaN
1620021600,57077.048050171834,58981.44,57077.048050171834,58348.067500000005,68.4377818876184,NaN,NaN
1620043200,57712.55777508592,58770,57169,58138.810000000005,66.42450829655199,NaN,NaN
1620064800,57925.68388754297,58084.6,56435,57411.89750000001,59.83916822044546,NaN,NaN
1620086400,57668.79069377149,57668.79069377149,54580,56234.58500000001,51.01728155289494,NaN,NaN
1620108000,56951.68784688575,56951.68784688575,55555,56081.315,49.98414371319446,NaN,NaN
1620129600,56516.501423442875,56516.501423442875,53201.01,54958.11,43.09651591256761,NaN,NaN
1620151200,55737.305711721434,55737.305711721434,53046.69,53809.3925,37.417749901981196,NaN,NaN
1620172800,54773.34910586072,55415.83,52900,54053.495,39.24966017334968,NaN,NaN
1620194400,54413.42205293036,55809.24,53922.84,54883.1875,45.128962781463166,NaN,NaN
1620216000,54648.30477646518,58069.82,54648.30477646518,56373.1875,53.77987668152522,NaN,NaN
1620237600,55510.746138232586,57619.86,55510.746138232586,57228.33500000001,57.88387067027396,NaN,NaN
1620259200,56369.540569116296,57570,56369.540569116296,57185.950000000004,57.61082483932721,NaN,NaN
1620280800,56777.74528455815,58360,56331.66,57461.6725,58.96681916744012,NaN,NaN
1620302400,57119.70889227907,58099,56574.19,57359.5475,58.22388786995287,NaN,NaN
1620324000,57239.628196139536,57239.628196139536,55200,56334.805,51.24678763332033,NaN,NaN
1620345600,56787.21659806977,57122.17,55241.63,56138.21000000001,50.00867122626281,NaN,NaN
1620367200,56462.71329903489,56784,55570.35,56153.615,50.11038479765448,NaN,NaN
1620388800,56308.16414951744,58650,56228.24,57365.74249999999,57.44685519467896,NaN,NaN
1620410400,56836.95332475872,58208.66,56749.75,57598.29,58.70160810138441,NaN,NaN
1620432000,57217.62166237936,58599.99,56900,57673.362499999996,59.120675758617374,NaN,NaN
1620453600,57445.49208118967,59379.26,57445.49208118967,58328.33,62.67886768520456,NaN,NaN
1620475200,57886.91104059484,59438.64,57472.95,58591.665,64.03432966175328,NaN,NaN
1620496800,58239.28802029742,59500,58239.28802029742,58932.375,65.76670582082491,NaN,NaN
1620518400,58585.83151014871,59300,57575,58547.01,62.121928186584505,NaN,NaN
1620540000,58566.42075507436,58620.16,57535.61,58127.442500000005,58.331548555364115,NaN,NaN
1620561600,58346.93162753718,58346.93162753718,56235.66,57400.47,52.36923467344978,NaN,NaN
1620583200,57873.70081376859,58439.7,57048.96,57797.057499999995,55.06745886857077,NaN,NaN
1620604800,57835.37915688429,59500,57835.37915688429,58704.71000000001,60.57243787630381,NaN,NaN
1620626400,58270.044578442146,59180,57301.81,58405.275,58.04585506514275,NaN,NaN
1620648000,58337.65978922107,58593.7,56700,57587.4075,51.702290826420246,NaN,NaN
1620669600,57962.533644610536,57962.533644610536,53400,55849.19,41.35748962546703,NaN,NaN
1620691200,56905.86182230527,56905.86182230527,54370,55354.905,38.969692949219116,NaN,NaN
1620712800,56130.38341115264,56190,54721.89,55227.74,38.35613879195776,NaN,NaN
1620734400,55679.061705576314,56553.42,54766.44,55731.357500000006,42.235036468645895,NaN,NaN
1620756000,55705.20960278816,56862.43,55705.20960278816,56524.13,47.80300112812781,NaN,NaN
1620777600,56114.66980139408,58000.01,56114.66980139408,57113.2825,51.54124835736421,NaN,NaN
1620799200,56613.97615069704,57366.92,55950.45,56741.70249999999,49.15036429714517,NaN,NaN
1620820800,56677.83932534851,56900,54392.74,55644.83,42.83382829095936,NaN,NaN
1620842400,56161.33466267426,56161.33466267426,48600,52060.060000000005,29.49346060349292,NaN,NaN
1620864000,54110.69733133713,54110.69733133713,46000,49374.4125,23.570682493179305,NaN,NaN
1620885600,51742.55491566856,51742.55491566856,48457.12,50121.3525,27.906935436191986,NaN,NaN
1620907200,50931.953707834284,50931.953707834284,47000,49031.615000000005,25.622895498073078,NaN,NaN
1620928800,49981.784353917144,49981.784353917144,47672.59,48922.11,25.397945050274885,NaN,NaN
1620950400,49451.94717695857,50390.7,48799.75,49628.9525,29.68891845889071,NaN,NaN
1620972000,49540.44983847928,50958.32,48862.56,50002.197499999995,31.915851061914495,NaN,NaN
1620993600,49771.32366923964,51483,49771.32366923964,50656.8725,35.75920719364878,NaN,NaN
1621015200,50214.09808461982,50728.96,49030,50042.44500000001,33.829086538216984,NaN,NaN
1621036800,50128.271542309914,50700,49086.75,49824.3425,33.14518789219943,NaN,NaN
1621058400,49976.30702115496,49976.30702115496,47721.84,49005.125,30.639609689446104,NaN,NaN
1621080000,49490.71601057748,49697.63,47399.3,48456.935,29.056720046925122,NaN,NaN
1621101600,48973.82550528874,48973.82550528874,46555,47464.4525,26.397764976722613,NaN,NaN
1621123200,48219.13900264437,48951.01,46467,47586.715,27.28058039863683,NaN,NaN
1621144800,47902.92700132218,49795.89,47902.92700132218,48778.0325,35.41005962067324,NaN,NaN
1621166400,48340.47975066109,49249.06,46120,47866.3875,32.42297138937269,NaN,NaN
1621188000,48103.433625330545,48103.433625330545,43825.39,46198.712499999994,27.80259757619919,NaN,NaN
1621209600,47151.073062665266,47151.073062665266,42196.97,44865.009999999995,24.76335094821843,NaN,NaN
1621231200,46008.04153133263,46008.04153133263,43853.75,44894.729999999996,24.96020607320382,NaN,NaN
1621252800,45451.38576566632,45791.04,42001,44028.2,23.065267007791675,NaN,NaN
1621274400,44739.79288283316,44939.2,42300.8,43341.0625,21.66093737441396,NaN,NaN
1621296000,44040.42769141658,45555.17,43150.79,44400.9925,28.856488878218656,NaN,NaN
1621317600,44220.71009570829,45799.29,44220.71009570829,45270.8025,34.19791544994912,NaN,NaN
1621339200,44745.75629785414,45341.84,42507,44123.0475,30.901026256220746,NaN,NaN
1621360800,44434.40189892707,44434.40189892707,42250.02,43011.347499999996,28.07753297620664,NaN,NaN
1621382400,43722.87469946353,43722.87469946353,38604.93,41059.905,23.94203547929854,NaN,NaN
1621404000,42391.389849731764,42391.389849731764,36333,38780.25,20.19919782847431,NaN,NaN
1621425600,40585.81992486588,40585.81992486588,30000,37128.1525,18.00270894018881,NaN,NaN
1621447200,38856.98621243294,40200,36600.01,38214.2425,23.864081210459858,NaN,NaN
1621468800,38535.614356216465,39970,34850,37857.535,23.27560106545117,NaN,NaN
1621490400,38196.574678108234,40780.87,38196.574678108234,39973.197499999995,33.71594895441794,NaN,NaN
1621512000,39084.88608905411,42451.67,38110,40205.927500000005,34.76751382902148,NaN,NaN
1621533600,39645.40679452706,41900,39220,40357.9025,35.48725609656505,NaN,NaN
1621555200,40001.654647263524,42200,39587.06,40539.7325,36.39154252070345,NaN,NaN
1621576800,40270.69357363176,41230.67,39222,40355.86,35.844378568364135,NaN,NaN
1621598400,40313.276786815884,41789.4,36100,39088.86,32.24651778867087,NaN,NaN
1621620000,39701.06839340794,39701.06839340794,33488,36382.2025,26.197051230025906,NaN,NaN
1621641600,38041.63544670397,38100,35200.62,36735.055,28.09097389970816,NaN,NaN
1621663200,37388.345223351986,38827.52,35500,37215.385,30.698116367691355,NaN,NaN
1621684800,37301.865111675994,38829,37000,37988.7125,34.79692693485872,NaN,NaN
1621706400,37645.288805838,38400,37158.14,37745.105,34.112482775747225,NaN,NaN
1621728000,37695.196902919,38270.64,36572.41,37296.15,32.83081451651064,NaN,NaN
1621749600,37495.6734514595,37495.6734514595,33800.59,35848.2275,29.041130456696706,NaN,NaN
1621771200,36671.950475729755,36671.950475729755,31111.01,33753.4075,24.61428249779715,NaN,NaN
1621792800,35212.67898786488,35212.67898786488,31777.89,33537.285,24.20434989008379,NaN,NaN
1621814400,34374.98199393244,35889,34031,34973.51,32.276211579245924,NaN,NaN
1621836000,34674.245996966216,37922.18,34674.245996966216,36456.369999999995,39.44641742279828,NaN,NaN
1621857600,35565.307998483106,38637.7,35565.307998483106,37681.5075,44.659590176503286,NaN,NaN
1621879200,36623.40774924155,39920,36623.40774924155,38445.4325,47.68404435955814,NaN,NaN
1621900800,37534.42012462078,39791.77,37534.42012462078,38641.815,48.46379160174552,NaN,NaN
1621922400,38088.11756231039,39200,36486,37644.520000000004,44.81111692219984,NaN,NaN
1621944000,37866.3187811552,38481.18,36419.62,37347.4875,43.75339768823517,NaN,NaN
1621965600,37606.903140577604,38753.98,37011,38010.4225,46.77312194903906,NaN,NaN
1621987200,37808.6628202888,39693.66,37800.44,38762.025,50.04750958035241,NaN,NaN
1622008800,38285.3439101444,40841,38285.3439101444,39769.6025,54.122044818725826,NaN,NaN
1622030400,39027.4732050722,40289.75,38008,39278.5175,51.90000800763062,NaN,NaN
1622052000,39152.995352536105,39450.69,37900.03,38892.0925,50.15505011524883,NaN,NaN
1622073600,39022.54392626805,39243.1,37134.27,38438.9575,48.1122752842603,NaN,NaN
1622095200,38730.750713134024,39888.02,37826.08,38885.715,50.263140120474176,NaN,NaN
1622116800,38808.23285656701,40411.14,38691,39455.2825,52.94135805268561,NaN,NaN
1622138400,39131.75767828351,39222.13,38195.19,38744.075000000004,49.36667732085506,NaN,NaN
1622160000,38937.91633914175,38937.91633914175,36686,37772.567500000005,44.906184437928886,NaN,NaN
1622181600,38355.24191957088,38355.24191957088,35100,36207.695,38.821491649351906,NaN,NaN
1622203200,37281.468459785436,37281.468459785436,35168.24,35944.009999999995,37.889854940048735,NaN,NaN
1622224800,36612.739229892715,36612.739229892715,34684,35723.415,37.08798752588623,NaN,NaN
1622246400,36168.077114946354,37338.58,35604.3,36366.7425,41.008900885577326,NaN,NaN
1622268000,36267.409807473174,37086.1,34567.89,35972.825,39.390081525779614,NaN,NaN
1622289600,36120.117403736585,36120.117403736585,33650,34579.795,34.24226951344389,NaN,NaN
1622311200,35349.95620186829,35349.95620186829,33632.76,34307.865,33.32666281046069,NaN,NaN
1622332800,34828.91060093415,35492.89,33379,34700.662500000006,35.98920159108495,NaN,NaN
1622354400,34764.78655046708,36420,34764.78655046708,35839.652500000004,43.08652697832543,NaN,NaN
1622376000,35302.21952523354,36488,35100,35941.7775,43.68940359738596,NaN,NaN
1622397600,35621.99851261677,36350,35500,35827.125,43.1369460751529,NaN,NaN
1622419200,35724.56175630838,36000,34153.84,35060.61,39.537362343533886,NaN,NaN
1622440800,35392.58587815419,37195,34434.29,35728.275,43.926537337050284,NaN,NaN
1622462400,35560.4304390771,37457.07,35560.4304390771,36890.425,50.64289404371667,NaN,NaN
1622484000,36225.42771953855,37499,36225.42771953855,37049.6575,51.50007333515113,NaN,NaN
1622505600,36637.542609769276,37894.81,36478,37223.295,52.46944727900795,NaN,NaN
1622527200,36930.41880488464,37443.72,35902.43,36801.8575,49.86440237071829,NaN,NaN
1622548800,36866.13815244232,37440,35666,36464.35,47.81689700074724,NaN,NaN
1622570400,36665.24407622116,36800,35726.36,36343.5225,47.071716450231435,NaN,NaN
1622592000,36504.38328811058,36921,35920,36586.085,48.79683706199559,NaN,NaN
1622613600,36545.234144055285,37538.07,36545.234144055285,37052.792499999996,52.03614013340478,NaN,NaN
1622635200,36799.01332202764,38225,36799.01332202764,37625.4175,55.736238885259525,NaN,NaN
1622656800,37212.21541101382,38066.65,37212.21541101382,37742.39,56.474886421029595,NaN,NaN
1622678400,37477.30270550691,38895,37170,38107.39,58.786031207765475,NaN,NaN
1622700000,37792.346352753455,39476,37792.346352753455,38893.1475,63.303472937616064,NaN,NaN
1622721600,38342.74692637673,39265.25,38288,38781.725,62.26131047635248,NaN,NaN
1622743200,38562.23596318836,39450,38450,38984.67,63.441854499454195,NaN,NaN
1622764800,38773.45298159418,39289.07,36500,37938.100000000006,54.051578414498294,NaN,NaN
1622786400,38355.77649079709,38355.77649079709,36072.82,36603.965000000004,44.92327475859832,NaN,NaN
1622808000,37479.87074539855,37479.87074539855,35555.15,36618.1325,45.0294418627064,NaN,NaN
1622829600,37049.001622699274,37246.99,36462.42,36905.2975,47.249044148557374,NaN,NaN
1622851200,36977.14956134964,37846.6,36613.22,37221.7375,49.661131434615214,NaN,NaN
1622872800,37099.44353067482,37925,35667,36764.850000000006,46.364638509556656,NaN,NaN
1622894400,36932.14676533741,36932.14676533741,35250,35893.8825,40.804101743884324,NaN,NaN
1622916000,36413.01463266871,36413.01463266871,34800,35658.5775,39.42831247525669,NaN,NaN
1622937600,36035.796066334355,36257.34,35405.61,35853.9175,41.20072487253914,NaN,NaN
1622959200,35944.85678316718,36480,35701.04,36071.457500000004,43.19424252343253,NaN,NaN
1622980800,36008.15714158359,36429.28,35450,35944.667499999996,42.294207183075784,NaN,NaN
1623002400,35976.412320791795,36038.27,35222,35771.962499999994,41.03978599706893,NaN,NaN
1623024000,35874.1874103959,36900,35498.62,36121.065,44.61565999905741,NaN,NaN
1623045600,35997.62620519795,36591.72,35850.66,36277.045,46.18608916329841,NaN,NaN
1623067200,36137.33560259898,36777.47,35575,36113.515,44.753340445602156,NaN,NaN
1623088800,36125.42530129949,36125.42530129949,33300,34588.7275,34.1238315845587,NaN,NaN
1623110400,35357.07640064975,35357.07640064975,32351,33217.229999999996,27.741396080171768,NaN,NaN
1623132000,34287.15320032487,34287.15320032487,32123,32869.737499999996,26.394372833744,NaN,NaN
1623153600,33578.44535016244,33578.44535016244,31000,32354.9925,24.49684434538362,NaN,NaN
1623175200,32966.71892508122,33841.98,32053.91,32858.6675,29.813897771472583,NaN,NaN
1623196800,32912.69321254062,33784.85,32396.82,33266.26,33.87225353946904,NaN,NaN
1623218400,33089.47660627031,35045.55,33089.47660627031,34235.935,42.40465144391622,NaN,NaN
1623240000,33662.705803135155,37000,33662.705803135155,35755.4675,52.70342574795881,NaN,NaN
1623261600,34709.08665156757,37534.79,34709.08665156757,36777.3775,58.12626984533293,NaN,NaN
1623283200,35743.23207578379,37666.11,35743.23207578379,37095.4325,59.67592858693687,NaN,NaN
1623304800,36419.3322878919,38491,36242.57,37344.9225,60.89836133998382,NaN,NaN
1623326400,36882.12739394595,38198.23,36100,37139.925,59.30743579631041,NaN,NaN
1623348000,37011.026196972976,37088,35782,36497.305,54.500837984439265,NaN,NaN
1623369600,36754.16559848649,37435,35936.77,36764.18,56.09234026378289,NaN,NaN
1623391200,36759.17279924324,37680.4,36390.32,37114.170000000006,58.15931459727786,NaN,NaN
1623412800,36936.67139962163,37589,36511.52,37097.195,58.01665981147127,NaN,NaN
1623434400,37016.93319981081,37498.58,36745,37121.7875,58.176712441391956,NaN,NaN
1623456000,37069.3603499054,37463.63,35000,36240.575,50.715802752872975,NaN,NaN
1623477600,36654.9676749527,36654.9676749527,34600.36,35315.9375,44.2965038916048,NaN,NaN
1623499200,35985.45258747635,36238,35300,35713.61,47.381277732251235,NaN,NaN
1623520800,35849.531293738175,36143.93,35420.32,35707.3275,47.336678202929804,NaN,NaN
1623542400,35778.42939686909,35926.96,34757,35302.89,44.43686186769344,NaN,NaN
1623564000,35540.659698434545,36099,34887.01,35467.880000000005,45.8930472847447,NaN,NaN
1623585600,35504.26984921728,37489.75,35504.26984921728,36590.9425,54.612633611229946,NaN,NaN
1623607200,36047.606174608634,39380,36047.606174608634,38240.1425,63.83065199650367,NaN,NaN
1623628800,37143.87433730432,39800,37143.87433730432,39238.585,68.05998703981777,NaN,NaN
1623650400,38191.22966865216,39700,38191.22966865216,39272.53,68.19614674080984,NaN,NaN
1623672000,38731.87983432608,41064.05,38731.87983432608,39871.942500000005,70.5810732028985,NaN,NaN
1623693600,39301.91116716304,40605.87,39301.91116716304,40165.662500000006,71.70092338221909,NaN,NaN
1623715200,39733.78683358152,40900,39733.78683358152,40400.9875,72.60081453395395,NaN,NaN
1623736800,40067.387166790766,40512.49,39531,40053.615,69.10736785577281,NaN,NaN
1623758400,40060.501083395386,40786,39720,40262.212499999994,70.03967183935517,NaN,NaN
1623780000,40161.35679169769,41330,39506.4,40420.87,70.76240903096928,NaN,NaN
1623801600,40291.11339584885,40441.25,39610,40111.59,67.35159802489446,NaN,NaN
1623823200,40201.35169792442,40527.14,38877.46,39683.9775,62.8415111757816,NaN,NaN
1623844800,39942.66459896221,39942.66459896221,38415,39042.615,56.70787223498416,NaN,NaN
1623866400,39492.639799481105,39735.52,38116.01,38842.795000000006,54.909662132186675,NaN,NaN
1623888000,39167.717399740555,39167.717399740555,38213.23,38591.895,52.65200301492357,NaN,NaN
1623909600,38879.806199870276,39559.88,38709.98,39031.55,56.061212617063596,NaN,NaN
1623931200,38955.67809993514,39195.9,37600,38409.8225,50.52134094137822,NaN,NaN
1623952800,38682.75029996757,38682.75029996757,37365,37852.7725,46.12351165148386,NaN,NaN
1623974400,38267.761399983785,38267.761399983785,37213,37778.6125,45.55497361711168,NaN,NaN
1623996000,38023.1869499919,38029.99,37063.8,37630.58,44.37902867924488,NaN,NaN
1624017600,37826.88347499595,37948.55,36200.34,37046.6425,39.99338514822229,NaN,NaN
1624039200,37436.762987497976,37436.762987497976,35129.29,35882.345,32.992498792176576,NaN,NaN
1624060800,36659.55399374899,36659.55399374899,34803.52,35610.627499999995,31.60216209082901,NaN,NaN
1624082400,36135.09074687449,36135.09074687449,35437.5,35723.4825,32.86755421154781,NaN,NaN
1624104000,35929.28662343725,36457,35550,35928.18,35.20894664081128,NaN,NaN
1624125600,35928.73331171862,36200,35360.08,35702.325,33.807871513305315,NaN,NaN
1624147200,35815.52915585931,35922,35119.21,35562.3675,32.933301051075404,NaN,NaN
1624168800,35688.948327929655,35760.26,33724.48,34770.545,28.449307127864458,NaN,NaN
1624190400,35229.74666396483,35229.74666396483,33336,34144.155,25.492372837029308,NaN,NaN
1624212000,34686.95083198241,36137.72,34568.33,35220.3275,37.5096179027272,NaN,NaN
1624233600,34953.639165991204,35750,33658.5,34863.505,35.467015427379664,NaN,NaN
1624255200,34908.5720829956,34908.5720829956,31710,33318.9775,28.286593559360554,NaN,NaN
1624276800,34113.774791497795,34113.774791497795,31927.91,32482.77,25.300167232363435,NaN,NaN
1624298400,33298.2723957489,33298.2723957489,31251.23,32014.684999999998,23.786281622595368,NaN,NaN
1624320000,32656.47869787445,33260,31168,32155.0975,25.23156722880772,NaN,NaN
1624341600,32405.788098937224,32900,31112,31958.420000000002,24.529870624224415,NaN,NaN
1624363200,32182.104049468613,32930,28805,31430.565,22.704847463373213,NaN,NaN
1624384800,31806.334524734306,33298.78,31806.334524734306,32673.53,34.973394916069495,NaN,NaN
1624406400,32239.932262367154,34444,31683,33239.2575,39.66722399073997,NaN,NaN
1624428000,32739.594881183577,34500,32739.594881183577,34095.5175,46.01854188856357,NaN,NaN
1624449600,33417.556190591786,34881,33211,33899.805,44.8562085463132,NaN,NaN
1624471200,33658.6805952959,33785.26,32749.01,33452.0375,42.22824371702673,NaN,NaN
1624492800,33555.359047647944,33879.99,32286.57,33205.91,40.81282196136428,NaN,NaN
1624514400,33380.634523823974,33930.23,32724.38,33371.845,42.218968810527464,NaN,NaN
1624536000,33376.23976191199,35058,33376.23976191199,34412.979999999996,50.21152342025371,NaN,NaN
1624557600,33894.60988095599,35298,33894.60988095599,34866.31,53.24421190976192,NaN,NaN
1624579200,34380.459940477995,35500,34251,34723.207500000004,52.16405279500212,NaN,NaN
1624600800,34551.833720238996,34583.24,33234.37,33902.079999999994,46.35316149650502,NaN,NaN
1624622400,34226.95686011949,34226.95686011949,31500,32523.5475,38.5825760237688,NaN,NaN
1624644000,33375.252180059746,33375.252180059746,31275,31763.1875,35.088545581098515,NaN,NaN
1624665600,32569.219840029873,32730,31300,31958.8525,36.677716468978026,NaN,NaN
1624687200,32264.036170014937,32436.49,30151,31648.635,35.206066273781644,NaN,NaN
1624708800,31956.335585007466,31985,30505,31488.3425,34.43718109389431,NaN,NaN
1624730400,31722.339042503732,32300.24,30905.78,31793.7875,37.24950690020656,NaN,NaN
1624752000,31758.063271251864,33333,31758.063271251864,32629.754999999997,44.29257884902821,NaN,NaN
1624773600,32193.90913562593,33499,32193.90913562593,32985.615000000005,47.0186815185984,NaN,NaN
1624795200,32589.762067812968,33574.32,32589.762067812968,33140.26,48.204885408610764,NaN,NaN
1624816800,32865.011033906485,34749,32357.13,33707.2775,52.411955115530205,NaN,NaN
1624838400,33286.14426695324,34972.28,33286.14426695324,34611.0275,58.23487983881248,NaN,NaN
1624860000,33948.58588347662,35297.71,33948.58588347662,34469.875,57.06051259395343,NaN,NaN
1624881600,34209.23044173831,35030.92,33862.72,34298.705,55.59634514411217,NaN,NaN
1624903200,34253.96772086916,34819,33931,34359.7175,56.02944978012798,NaN,NaN
1624924800,34306.84261043458,35169.56,34225.43,34652.43,58.13900451364493,NaN,NaN
1624946400,34479.63630521729,35768.9,34479.63630521729,35154.3325,61.545723534944436,NaN,NaN
1624968000,34816.98440260864,36600,34816.98440260864,35967.240000000005,66.32575818253757,NaN,NaN
1624989600,35392.11220130432,36488.7,35392.11220130432,36117.66,67.13972505586082,NaN,NaN
1625011200,35754.88610065216,36100,34666,35364.28,59.39585229427254,NaN,NaN
1625032800,35559.58305032608,35559.58305032608,34401.01,34840.9375,54.67796467772419,NaN,NaN
1625054400,35200.26027516304,35200.26027516304,34017.55,34646.435,52.993214151885546,NaN,NaN
1625076000,34923.34763758152,35194.04,34391.43,34834.4325,54.45399517354899,NaN,NaN
1625097600,34878.89006879076,35057.57,34061.16,34622.3625,52.47304885961197,NaN,NaN
1625119200,34750.62628439538,34750.62628439538,33001,33877.8325,46.128510372009,NaN,NaN
1625140800,34314.22939219769,34314.22939219769,33055,33545.1125,43.59191567025112,NaN,NaN
1625162400,33929.67094609885,33929.67094609885,32711,33340.045,42.05687030420026,NaN,NaN
1625184000,33634.857973049424,33977.04,32700,33258.6525,41.433227013651546,NaN,NaN
1625205600,33446.75523652471,33620,32699,33049.310000000005,39.79857784483921,NaN,NaN
1625227200,33248.032618262354,33795.16,32872,33287.8425,42.57845441709261,NaN,NaN
1625248800,33267.93755913118,33898.95,33041.65,33547,45.521807467159434,NaN,NaN
1625270400,33407.46877956559,33914.6,33316.73,33681.465,47.038704961803795,NaN,NaN
1625292000,33544.466889782794,34780,33544.466889782794,34171.51500000001,52.25624659171894,NaN,NaN
1625313600,33857.9909448914,34945.61,33857.9909448914,34697.097499999996,57.133855110448586,NaN,NaN
1625335200,34277.54422244569,34914.76,34250.48,34649.592500000006,56.57129413072804,NaN,NaN
1625356800,34463.568361222846,35315.45,34357.15,34886.915,58.75613451016671,NaN,NaN
1625378400,34675.24168061142,35727,34675.24168061142,35374.837499999994,62.88977778254612,NaN,NaN
1625400000,35025.03959030571,35687.54,35025.03959030571,35497.270000000004,63.86834802902896,NaN,NaN
1625421600,35261.154795152856,35967.85,35135,35486.9475,63.71579584793121,NaN,NaN
1625443200,35374.05114757643,35374.05114757643,34000,34732.28,53.63027754572426,NaN,NaN
1625464800,35053.16557378821,35053.16557378821,33300,33896.5375,45.113766383871784,NaN,NaN
1625486400,34474.8515368941,34474.8515368941,33125.55,33494.8925,41.68756588904201,NaN,NaN
1625508000,33984.87201844705,34274.33,33670.01,33832.565,45.43921578144473,NaN,NaN
1625529600,33908.71850922353,34933,33634.76,34262.825,49.86529852693755,NaN,NaN
1625551200,34085.771754611764,35118.88,33730,34427.395,51.48638774491912,NaN,NaN
1625572800,34256.583377305884,34516.38,33532,34016.42,47.36733936169271,NaN,NaN
1625594400,34136.50168865294,34323.77,33628.81,34030.645,47.52382992559342,NaN,NaN
1625616000,34083.57334432647,34889.93,33941,34465.17,52.199191956485365,NaN,NaN
1625637600,34274.37167216324,34989,34274.37167216324,34770.9475,55.2225391166651,NaN,NaN
1625659200,34522.659586081616,35059.09,34412.43,34733.625,54.7672122258102,NaN,NaN
1625680800,34628.14229304081,34784,33777.77,34264.725,49.27066980632235,NaN,NaN
1625702400,34446.4336465204,34446.4336465204,32850,33381.5775,40.937217345321784,NaN,NaN
1625724000,33914.005573260205,33914.005573260205,32077,32791.735,36.497210228381,NaN,NaN
1625745600,33352.8702866301,33352.8702866301,32350,32737.285,36.107883796533535,NaN,NaN
1625767200,33045.07764331505,33177.06,32508,32856.15,37.6709786117447,NaN,NaN
1625788800,32950.61382165753,33310,32261.07,32860.74,37.7343262044822,NaN,NaN
1625810400,32905.67691082876,33065,32598,32858.955,37.71827151875706,NaN,NaN
1625832000,32882.31595541438,33696.4,32635.08,33146.885,42.004661460098866,NaN,NaN
1625853600,33014.600477707194,34100,33014.600477707194,33670.9675,48.89851377989377,NaN,NaN
1625875200,33342.7839888536,34262,33342.7839888536,33796.42,50.41786594329599,NaN,NaN
1625896800,33569.6019944268,33950,33565,33739.4925,49.69580783844262,NaN,NaN
1625918400,33654.5472472134,34192,33223.31,33651.6325,48.54037531429496,NaN,NaN
1625940000,33653.0898736067,33698.99,33004.78,33400.9775,45.30419224310353,NaN,NaN
1625961600,33527.03368680335,33817.83,33306.47,33554.425,47.6070693980567,NaN,NaN
1625983200,33540.729343401676,33870,33372.06,33661.8525,49.21904307965322,NaN,NaN
1626004800,33601.29092170084,34123.08,33601.29092170084,33871.2675,52.29996674170555,NaN,NaN
1626026400,33736.27921085042,34666,33710.94,34132.1875,55.89078674543826,NaN,NaN
1626048000,33934.23335542521,34678.43,33934.23335542521,34318.649999999994,58.306325143671316,NaN,NaN
1626069600,34126.4416777126,34510,33525.66,33973.59,52.569087121015876,NaN,NaN
1626091200,34050.0158388563,34050.0158388563,33050,33332.26,43.91915341447593,NaN,NaN
1626112800,33691.13791942815,33691.13791942815,32658.34,33053.8175,40.78163938997233,NaN,NaN
1626134400,33372.477709714076,33372.477709714076,32742.01,32968.8425,39.84610885947187,NaN,NaN
1626156000,33170.66010485704,33340,32815.15,33003.795,40.45122380563898,NaN,NaN
1626177600,33087.22755242852,33087.22755242852,32280,32786.1475,37.89490453576485,NaN,NaN
1626199200,32936.68752621426,32936.68752621426,32202.25,32617.3725,35.99527862288211,NaN,NaN
1626220800,32777.03001310713,32807.41,31650.61,32248.5375,32.19680795011223,NaN,NaN
1626242400,32512.783756553563,32707.27,31550,32129.0675,31.0536980527843,NaN,NaN
1626264000,32320.925628276782,32959.21,32280,32630.7875,40.59268634216096,NaN,NaN
1626285600,32475.85656413839,33114.03,32475.85656413839,32832.869999999995,43.956037025492186,NaN,NaN
1626307200,32654.363282069193,33185.25,32441.86,32757.760000000002,42.98200629234679,NaN,NaN
1626328800,32706.061641034597,32706.061641034597,31800,32228.302499999998,36.79279954850216,NaN,NaN
1626350400,32467.182070517298,32467.182070517298,31133,31610.8375,31.15794140770278,NaN,NaN
1626372000,32039.009785258648,32039.009785258648,31230,31571.2175,30.831651418829225,NaN,NaN
1626393600,31805.113642629323,32049.45,31556.95,31819.4775,35.39690868034354,NaN,NaN
1626415200,31812.295571314662,31812.295571314662,31020,31427.9825,31.829212267480003,NaN,NaN
1626436800,31620.139035657332,32249.18,31067.43,31614.592500000002,35.182774498812634,NaN,NaN
1626458400,31617.36576782867,32084.82,31336.98,31715.227499999997,36.98315191335633,NaN,NaN
1626480000,31666.29663391433,31666.29663391433,31164.31,31419.44,33.99436153110702,NaN,NaN
1626501600,31542.868316957167,31955.92,31250,31521.0475,35.9104235818001,NaN,NaN
1626523200,31531.957908478584,31870.43,31341.16,31583.515000000003,37.11896423175422,NaN,NaN
1626544800,31557.736454239293,31920,31480.66,31662.965000000004,38.70219152755314,NaN,NaN
1626566400,31610.35072711965,32435,31463,31869.335000000003,42.73536953661617,NaN,NaN
1626588000,31739.842863559825,32072.22,31565.58,31874.5225,42.83718465763814,NaN,NaN
1626609600,31807.182681779912,31849.54,31108.97,31588.935,38.752221095768626,NaN,NaN
1626631200,31698.058840889957,31943,31420,31684.559999999998,40.78828698857763,NaN,NaN
1626652800,31691.309420444977,31899,31431.87,31724.36,41.65761164178978,NaN,NaN
1626674400,31707.834710222487,31860,31155,31517.2275,38.49040291093436,NaN,NaN
1626696000,31612.531105111244,31612.531105111244,30407.44,30946.5925,31.40617922247884,NaN,NaN
1626717600,31279.56180255562,31279.56180255562,30520.01,30770.0375,29.591447948023344,NaN,NaN
1626739200,31024.79965127781,31063.07,29501,30283.205,25.25760123149196,NaN,NaN
1626760800,30654.002325638907,30654.002325638907,29278,29647.0175,20.941386730772933,NaN,NaN
1626782400,30150.509912819456,30150.509912819456,29279.13,29655.022500000003,21.12403539000897,NaN,NaN
1626804000,29902.76620640973,29994.41,29500,29736.025,23.06106054971147,NaN,NaN
1626825600,29819.395603204866,30900,29482.61,30215.0025,33.46591771367653,NaN,NaN
1626847200,30017.19905160243,31655,30017.19905160243,31129.755,47.94459615050957,NaN,NaN
1626868800,30573.477025801214,32428.57,30573.477025801214,31890.347500000003,56.43380960750825,NaN,NaN
1626890400,31231.91226290061,32858,31231.91226290061,32174.475,59.11606564084983,NaN,NaN
1626912000,31703.193631450304,32376.78,31703.193631450304,32047.7025,57.41746559005743,NaN,NaN
1626933600,31875.44806572515,32344.9,31708,31964.765,56.27817069565725,NaN,NaN
1626955200,31920.106532862577,32591.35,31724.39,32159.377500000002,58.36577000344624,NaN,NaN
1626976800,32039.74201643129,32487.19,32039.74201643129,32308.75,59.94655672160608,NaN,NaN
1626998400,32174.246008215647,32915,32174.246008215647,32506.4925,62.003311630220956,NaN,NaN
1627020000,32340.369254107824,32639.42,32210,32442.074999999997,60.906096021271765,NaN,NaN
1627041600,32391.22212705391,32599.86,31924.32,32254.1475,57.69826838711334,NaN,NaN
1627063200,32322.684813526954,33650,32061.16,32885.285,64.46691065445813,NaN,NaN
1627084800,32603.98490676348,33845.41,32603.98490676348,33656.83500000001,70.64965631088812,NaN,NaN
1627106400,33130.40995338174,34065.71,33130.40995338174,33805.45,71.67211510764824,NaN,NaN
1627128000,33467.929976690866,34500,33467.929976690866,34096.7575,73.61256946256822,NaN,NaN
1627149600,33782.34373834543,34404.75,33667.01,34157.479999999996,74.01218440545709,NaN,NaN
1627171200,33969.91186917271,34600,33851.12,34258.735,74.70022304227473,NaN,NaN
1627192800,34114.32343458636,34800,34114.32343458636,34439.9775,75.92871030871399,NaN,NaN
1627214400,34277.15046729318,34460,33862.45,34295.3725,72.88771163082815,NaN,NaN
1627236000,34286.26148364659,35398,34185.23,34856.06,76.7722514045116,NaN,NaN
1627257600,34571.16074182329,39799.97,34571.16074182329,37238.9225,85.97143694130979,NaN,NaN
1627279200,35905.041620911645,39265.17,35905.041620911645,38492.35,88.54203740239244,NaN,NaN
1627300800,37198.69581045582,39484,37198.69581045582,38770.795,89.02323202454349,NaN,NaN
1627322400,37984.745405227906,40550,36764.93,38444.025,84.53635348846879,NaN,NaN
1627344000,38214.38520261395,38214.38520261395,36383,37062.020000000004,68.75343020247357,NaN,NaN
1627365600,37638.20260130698,38069.32,36929.41,37540.9,70.78858872560971,NaN,NaN
1627387200,37589.55130065349,38771.91,37566.12,38047.55,72.8066079961742,NaN,NaN
1627408800,37818.550650326746,39542.61,37350,38534.4475,74.62111827449132,NaN,NaN
1627430400,38176.499075163374,40350,38176.499075163374,39709.525,78.37194619387837,NaN,NaN
1627452000,38943.01203758169,40900,38943.01203758169,40251.2475,79.8504265605095,NaN,NaN
1627473600,39597.129768790845,40871.59,38800,39845.8575,75.68109559054716,NaN,NaN
1627495200,39721.49363439542,40680.07,38772,39608.16,73.26549630222073,NaN,NaN
1627516800,39664.82681719771,40278.48,39200,39901.7425,74.35428241207978,NaN,NaN
1627538400,39783.28465859886,40640,39501.78,40005.1725,74.74451824584038,NaN,NaN
1627560000,39894.22857929943,40177,39450,39750.705,71.84786416324724,NaN,NaN
1627581600,39822.46678964971,40419.3,39390,39857.905,72.33427857406735,NaN,NaN
1627603200,39840.185894824855,40250,39615,39901.784999999996,72.54339991680745,NaN,NaN
1627624800,39870.98544741243,39882.97,38313.23,39140.58,63.5668989629496,NaN,NaN
1627646400,39505.782723706216,39505.782723706216,38528.6,38849.880000000005,60.48860003252275,NaN,NaN
1627668000,39177.83136185311,42316.71,38877.59,40604.9075,69.94987437271398,NaN,NaN
1627689600,39891.369430926556,42448,39891.369430926556,41879.845,74.69109555940138,NaN,NaN
1627711200,40885.60721546328,41980,40885.60721546328,41648.295,72.45518729446918,NaN,NaN
1627732800,41266.95110773164,41746.64,41000.15,41375.78,69.80661377155383,NaN,NaN
1627754400,41321.36555386582,41984.73,41115.05,41431.4475,70.04747779557498,NaN,NaN
1627776000,41376.406526932915,42599,41120,41750.8125,71.45439843105302,NaN,NaN
1627797600,41563.60951346646,41981.55,41325,41678.995,70.65072342654554,NaN,NaN
1627819200,41621.30225673323,41810,40714.28,41299.0075,66.39557843001771,NaN,NaN
1627840800,41460.154878366615,41500,39422.01,40463.05,58.10456571147415,NaN,NaN
1627862400,40961.602439183305,40961.602439183305,39250,39730.7675,51.981153756932315,NaN,NaN
1627884000,40346.18496959165,40480.01,39319,39766.485,52.245506936671774,NaN,NaN
1627905600,40056.33498479583,40056.33498479583,38907.51,39529.72,50.269893743634434,NaN,NaN
1627927200,39793.027492397916,39793.027492397916,38690,39328.94,48.59184717395804,NaN,NaN
1627948800,39560.98374619896,39780,37955.52,38784.3075,44.2744952796763,NaN,NaN
1627970400,39172.64562309948,39172.64562309948,38199.69,38438.387500000004,41.7379536519949,NaN,NaN
1627992000,38805.51656154974,38805.51656154974,37703.75,38225.795,40.21315170639423,NaN,NaN
1628013600,38515.65578077487,38643,37642.03,38124.6225,39.47406838792305,NaN,NaN
1628035200,38320.13914038743,38566.82,37775,38138.4975,39.63791772714948,NaN,NaN
1628056800,38229.31832019371,38260,37508.56,37983.4375,38.38725072360045,NaN,NaN
1628078400,38106.37791009685,39599,38106.37791009685,38825.8975,47.98918469591105,NaN,NaN
1628100000,38466.13770504843,39969.66,38466.13770504843,39616.64,55.06734906873789,NaN,NaN
1628121600,39041.388852524215,39849.61,39041.388852524215,39530.604999999996,54.2030276155078,NaN,NaN
1628143200,39285.9969262621,39382.64,37821,38648.665,46.19815673435836,NaN,NaN
1628164800,38967.330963131055,40723.68,37332.7,39192.955,51.00700196703685,NaN,NaN
1628186400,39080.14298156553,41350,39080.14298156553,40814.3175,61.92451152727068,NaN,NaN
1628208000,39947.23024078277,41015.99,39853.86,40571.619999999995,59.777200287129844,NaN,NaN
1628229600,40259.42512039138,41199.99,40259.42512039138,40662.0775,60.32936107873371,NaN,NaN
1628251200,40460.75131019569,43392.43,40300,41775,66.43445080045761,NaN,NaN
1628272800,41117.87565509784,43009.33,41117.87565509784,42784.805,70.82211990964231,NaN,NaN
1628294400,41951.340327548925,43930.4,41951.340327548925,43193.64750000001,72.39546417496635,NaN,NaN
1628316000,42572.493913774466,43989.49,42572.493913774466,43564.42,73.77647553354608,NaN,NaN
1628337600,43068.45695688723,44555,42446.41,43556.5325,73.69201500905508,NaN,NaN
1628359200,43312.49472844362,44700,43245.59,43986.7125,75.34952690825527,NaN,NaN
1628380800,43649.60361422181,44813.77,43649.60361422181,44479.4,77.12698168238059,NaN,NaN
1628402400,44064.50180711091,45310,44064.50180711091,44645.0425,77.7089361577276,NaN,NaN
1628424000,44354.77215355546,45198.27,43519.51,44211.162500000006,72.50517809831038,NaN,NaN
1628445600,44282.96732677773,44581,43261,43827.795,68.16189504011739,NaN,NaN
1628467200,44055.38116338887,44055.38116338887,42779,43519.6625,64.80186240155587,NaN,NaN
1628488800,43787.52183169444,46048.5,43263.21,44696.545,70.73552511726177,NaN,NaN
1628510400,44242.03341584722,46250,44242.03341584722,45816.8825,75.04785104142067,NaN,NaN
1628532000,45029.45795792361,46454.15,44900,45860.237499999996,75.20014929003392,NaN,NaN
1628553600,45444.8477289618,46700,45407.22,45979.0225,75.63887331730584,NaN,NaN
1628575200,45711.935114480904,46171.42,45192.79,45567.927500000005,70.96020264819404,NaN,NaN
1628596800,45639.931307240455,46097.99,44589.46,45282.1225,67.81937905019734,NaN,NaN
1628618400,45461.02690362022,45906.54,45011.01,45399.6325,68.43794171462758,NaN,NaN
1628640000,45430.329701810115,45996.77,45341.14,45680.72749999999,69.92705657678833,NaN,NaN
1628661600,45555.528600905054,46571.42,45555.528600905054,46023.8725,71.68341441583293,NaN,NaN
1628683200,45789.70055045253,46743.47,45789.70055045253,46246.97749999999,72.7958836307851,NaN,NaN
1628704800,46018.33902522626,46680,45510.66,46055.95,70.25098319754399,NaN,NaN
1628726400,46037.14451261313,46218.12,44833.4,45428.19,62.51634531496173,NaN,NaN
1628748000,45732.667256306566,45732.667256306566,44600,45041.4675,58.26080650354825,NaN,NaN
1628769600,45387.06737815328,45387.06737815328,43770,44402.7125,51.96835987678272,NaN,NaN
1628791200,44894.889939076646,44894.889939076646,43855.88,44231.2175,50.39463368064195,NaN,NaN
1628812800,44563.05371953832,44922,44217.39,44596.677500000005,53.61802111087118,NaN,NaN
1628834400,44579.865609769164,46537.15,44579.865609769164,45592.54,61.046135867631754,NaN,NaN
1628856000,45086.20280488458,46666,45086.20280488458,46355.862499999996,65.59445695539452,NaN,NaN
1628877600,45721.032652442285,47886,45721.032652442285,47108.45,69.38940599368252,NaN,NaN
1628899200,46414.74132622114,47834.12,46414.74132622114,47635.042499999996,71.7383736332022,NaN,NaN
1628920800,47024.891913110565,48144,45971.03,47052.27,65.72719747247993,NaN,NaN
1628942400,47038.58095655528,47038.58095655528,46100,46607.9,61.49580066629286,NaN,NaN
1628964000,46823.24047827764,47374.67,46331.28,46887.585,63.105729552924025,NaN,NaN
1628985600,46855.41273913882,47372.27,46450,46878.215,63.01067611376212,NaN,NaN
1629007200,46866.81386956941,46866.81386956941,45519,46208.35,56.462889446071806,NaN,NaN
1629028800,46537.5819347847,46537.5819347847,45500,45974.09,54.33638328713411,NaN,NaN
1629050400,46255.83596739235,47299.15,45835.76,46520.6575,58.28401307173492,NaN,NaN
1629072000,46388.24673369617,48053.83,46388.24673369617,47345.2725,63.42184627920698,NaN,NaN
1629093600,46866.75961684808,47719.3,46866.75961684808,47462.065,64.09631972223686,NaN,NaN
1629115200,47164.41230842404,47709.12,45951.73,46912.82750000001,58.62196015094893,NaN,NaN
1629136800,47038.61990421203,47038.61990421203,45660,46175.200000000004,52.17672663653364,NaN,NaN
1629158400,46606.90995210601,46620,45239.45,45950.64,50.36139467993059,NaN,NaN
1629180000,46278.774976053006,47160,45636.97,46422.0525,53.98106614413467,NaN,NaN
1629201600,46350.4137380265,47082.6,45532.33,46315.175,53.03679497305467,NaN,NaN
1629223200,46332.79436901325,46332.79436901325,44376,45273.74250000001,44.81113520009428,NaN,NaN
1629244800,45803.26843450663,45803.26843450663,44203.28,44944.807499999995,42.56561961424703,NaN,NaN
1629266400,45374.037967253316,45560,44650,45099.145,43.98398586426467,NaN,NaN
1629288000,45236.59148362666,45969.99,44650.01,45295.1225,45.813871738642135,NaN,NaN
1629309600,45265.85699181333,46000,44401,45230.0475,45.28486942873107,NaN,NaN
1629331200,45247.952245906665,45247.952245906665,43927.7,44566.245,40.18734538975836,NaN,NaN
1629352800,44907.09862295333,45000,44175.47,44448.520000000004,39.34153700817758,NaN,NaN
1629374400,44677.80931147667,45951.33,44123.65,45005.1075,45.212551755954735,NaN,NaN
1629396000,44841.45840573833,47033,44841.45840573833,46299.575,55.902549964045264,NaN,NaN
1629417600,45570.516702869165,47390,45570.516702869165,46984.225,60.31321998355314,NaN,NaN
1629439200,46277.37085143458,47357.67,46277.37085143458,47035.884999999995,60.63317721388325,NaN,NaN
1629460800,46656.62792571729,49096.34,46656.62792571729,47895.47,65.60244847520471,NaN,NaN
1629482400,47276.048962858644,49382.99,47276.048962858644,48917.472499999996,70.3884353978237,NaN,NaN
1629504000,48096.76073142932,49357.62,48096.76073142932,49017.9625,70.81837653280105,NaN,NaN
1629525600,48557.36161571466,49400,48222,48740.159999999996,67.88401804142836,NaN,NaN
1629547200,48648.760807857325,49757.04,48434.07,49085.2175,69.57057478747424,NaN,NaN
1629568800,48866.98915392866,49662.21,48765,49224.24,70.24847732027047,NaN,NaN
1629590400,49045.61457696433,49249.28,48601,48950.48,67.07940401997018,NaN,NaN
1629612000,48998.047288482165,49500,48900,49165.4475,68.2891407754324,NaN,NaN
1629633600,49081.74739424109,49210.93,48050,48767.5625,63.628513136108054,NaN,NaN
1629655200,48924.65494712054,49489.73,48168.01,48893.5625,64.455805650144,NaN,NaN
1629676800,48909.108723560275,50399,48909.108723560275,49732.2925,69.43894169632061,NaN,NaN
1629698400,49320.700611780136,50500,49320.700611780136,50267.170000000006,72.12302815567949,NaN,NaN
1629720000,49793.935305890074,50459.93,49309.07,49894.380000000005,67.6626495917285,NaN,NaN
1629741600,49844.15765294504,49844.15765294504,49029,49417.7225,62.35281837899118,NaN,NaN
1629763200,49630.94007647252,49687.49,48776.26,49377.5925,61.91230802331339,NaN,NaN
1629784800,49504.266288236264,49860,49060,49476.9375,62.616421159742536,NaN,NaN
1629806400,49490.60189411813,49490.60189411813,47749.1,48659.0075,53.79821123667521,NaN,NaN
1629828000,49074.804697059066,49074.804697059066,47600,47924.2825,47.34782672010944,NaN,NaN
1629849600,48499.54359852953,48564.08,47652.36,48102.6175,48.94785698534046,NaN,NaN
1629871200,48301.08054926476,48603.84,47126.28,47955.04,47.65720628347008,NaN,NaN
1629892800,48128.060274632386,49062.2,47324.99,48196.799999999996,49.98387250186247,NaN,NaN
1629914400,48162.43013731619,49264.3,48162.43013731619,48901.1425,56.105555958209486,NaN,NaN
1629936000,48531.786318658094,49352.84,46837.43,48051.4875,48.40848174544267,NaN,NaN
1629957600,48291.63690932905,48291.63690932905,46560.01,46931.97,40.5204748366079,NaN,NaN
1629979200,47611.80345466452,47611.80345466452,46250,46866.832500000004,40.110937486578685,NaN,NaN
1630000800,47239.31797733226,47439,46731,46991.0325,41.32858269007087,NaN,NaN
1630022400,47115.17523866613,47665.48,46348,46992.935,41.348254392339264,NaN,NaN
1630044000,47054.05511933306,47794.96,46840.74,47300.985,44.58792607089289,NaN,NaN
1630065600,47177.52005966653,48451.51,47032.63,47776.634999999995,49.24929137237803,NaN,NaN
1630087200,47477.07752983326,49149.93,47477.07752983326,48624.7725,56.3072843303312,NaN,NaN
1630108800,48050.92501491663,49299,48050.92501491663,49017.84,59.14317374751133,NaN,NaN
1630130400,48534.382507458315,49079.84,48534.382507458315,48812.125,57.05596996524622,NaN,NaN
1630152000,48673.25375372916,49200,48346.88,48807.1675,57.00376098822383,NaN,NaN
1630173600,48740.21062686458,49094,48500,48875.1625,57.57714153905863,NaN,NaN
1630195200,48807.68656343229,49632.27,47762.54,48649.9025,54.962163224727846,NaN,NaN
1630216800,48728.79453171614,48728.79453171614,48140,48315.065,51.23707138805513,NaN,NaN
1630238400,48521.929765858076,48798.9,48105.03,48460.815,52.73861773613931,NaN,NaN
1630260000,48491.37238292904,49385.42,48366.71,48824.8275,56.35347421222918,NaN,NaN
1630281600,48658.09994146452,48888.61,47734,48347.2525,50.85744368115739,NaN,NaN
1630303200,48502.67622073226,48502.67622073226,47610.6,47927.98,46.56388750600852,NaN,NaN
1630324800,48215.32811036613,48332.99,47370,47979.755,47.15716401533191,NaN,NaN
1630346400,48097.54155518307,48696.87,46853,47711.515,44.40638421906665,NaN,NaN
1630368000,47904.52827759153,47904.52827759153,46700,47031.98,38.30974638426699,NaN,NaN
1630389600,47468.25413879577,48072.92,46823.88,47502.8275,44.04241777850958,NaN,NaN
1630411200,47485.54081939788,48246.11,47001,47579.4025,44.93856515324105,NaN,NaN
1630432800,47532.47165969894,47532.47165969894,46744.57,47086.615000000005,40.44917337382423,NaN,NaN
1630454400,47309.543329849475,47473.28,46512,47127.619999999995,40.97755453078761,NaN,NaN
1630476000,47218.581664924735,47770,47090.31,47499.4825,45.68424461501673,NaN,NaN
1630497600,47359.03208246236,49156,47252,48212.8275,53.36664571848811,NaN,NaN
1630519200,47785.92979123118,48906.35,47785.92979123118,48611.722499999996,57.02690183011914,NaN,NaN
1630540800,48198.82614561559,49870,48198.82614561559,49178.41,61.63403408986673,NaN,NaN
1630562400,48688.618072807796,50450,48688.618072807796,49846.6225,66.23134078783242,NaN,NaN
1630584000,49267.62028640389,50450.13,49244.35,49822.009999999995,65.91802136286543,NaN,NaN
1630605600,49544.815143201944,49841.41,49186,49448.7525,61.19038103586588,NaN,NaN
1630627200,49496.78382160097,49755,48316.84,49193.3875,58.11925380317343,NaN,NaN
1630648800,49345.08566080048,50485,49215.81,49831.107500000006,63.099999527664274,NaN,NaN
1630670400,49588.09658040025,51000,49588.09658040025,50363.345,66.66337588750615,NaN,NaN
1630692000,49975.720790200125,50567.26,49570,50133.2475,63.79514527636979,NaN,NaN
1630713600,50054.48414510006,50463.08,49575.83,50079.9325,63.11750565978175,NaN,NaN
1630735200,50067.20832255003,50535.69,49690,50102.865000000005,63.298092651671226,NaN,NaN
1630756800,50085.03666127502,50317.05,49370,49886.205,60.29440207456501,NaN,NaN
1630778400,49985.62083063751,50262.95,49624.12,49939.3875,60.78630234101572,NaN,NaN
1630800000,49962.50416531875,50299.31,49590,49873.912500000006,59.803995965921395,NaN,NaN
1630821600,49918.20833265938,50390.01,49450,49931.895,60.41407783171083,NaN,NaN
1630843200,49925.05166632969,50500,49925.05166632969,50253.17,63.70152160812188,NaN,NaN
1630864800,50089.11083316484,51900,50089.11083316484,51048.2675,70.27961627219737,NaN,NaN
1630886400,50568.68916658242,51943.28,50568.68916658242,51727.009999999995,74.52398020851,NaN,NaN
1630908000,51147.84958329121,52188.8,51147.84958329121,51657.8775,73.37459443058576,NaN,NaN
1630929600,51402.86354164561,51744.83,50969.33,51446.95500000001,69.83566128493217,NaN,NaN
1630951200,51424.90927082281,52780,51424.90927082281,52179.27,74.44431317214315,NaN,NaN
1630972800,51802.08963541141,52920,51802.08963541141,52646.8275,76.87375750752852,NaN,NaN
1630994400,52224.458567705704,52682.7,50402,51672.7975,63.36050186691158,NaN,NaN
1631016000,51948.62803385285,51948.62803385285,42843.05,47879.537500000006,36.47200647107962,NaN,NaN
1631037600,49914.082766926425,49914.082766926425,45901.57,46680.435000000005,31.868044869529513,NaN,NaN
1631059200,48297.25888346322,48297.25888346322,45958.18,46560.645,31.441054500107143,NaN,NaN
1631080800,47428.951941731604,47428.951941731604,44412.02,45915.13,29.172705740968055,NaN,NaN
1631102400,46672.0409708658,46900,45583,46269.5025,32.070128551202785,NaN,NaN
1631124000,46470.7717354329,46779,45827.9,46213.8525,31.84978136013717,NaN,NaN
1631145600,46342.31211771645,46374.23,45513.08,46060.015,31.21136888815124,NaN,NaN
1631167200,46201.16355885823,46560,45883.42,46260.255,33.09133734807874,NaN,NaN
1631188800,46230.70927942911,47399.97,45599,46514.61,35.50263056316342,NaN,NaN
1631210400,46372.659639714555,46828.05,46051.21,46510.177500000005,35.478635177869634,NaN,NaN
1631232000,46441.418569857284,47033,46262.01,46596.2775,36.37815868911783,NaN,NaN
1631253600,46518.84803492864,46715.54,45623.44,46341.45,34.83042726196908,NaN,NaN
1631275200,46430.14901746432,46494.99,44738.9,45819.205,31.84058292021119,NaN,NaN
1631296800,46124.677008732164,46124.677008732164,44132.29,45131.3225,28.384418239999306,NaN,NaN
1631318400,45627.99975436609,45627.99975436609,44722.22,45101.005000000005,28.23893080885692,NaN,NaN
1631340000,45364.502377183046,45727.49,44765.52,45347.345,31.319324806219527,NaN,NaN
1631361600,45355.92368859152,45987.93,45355.92368859152,45637.3875,34.86456815269369,NaN,NaN
1631383200,45496.655594295764,45707.91,44974.79,45370.735,33.169381325074994,NaN,NaN
1631404800,45433.69529714788,45500,44742.06,45195.197499999995,32.06412845580142,NaN,NaN
1631426400,45314.44639857394,46200,45044,45673.74,38.117882022707946,NaN,NaN
1631448000,45494.093199286974,46270.56,45494.093199286974,46006.354999999996,41.98737534327346,NaN,NaN
1631469600,45750.224099643485,46460,44900,45829.045,40.53236215862076,NaN,NaN
1631491200,45789.63454982174,46285.71,44315,45342.770000000004,36.76909902825943,NaN,NaN
1631512800,45566.20227491087,45566.20227491087,44164.2,44670.895,32.30599495114214,NaN,NaN
1631534400,45118.54863745543,46880,43370,44892.744999999995,35.10696056349143,NaN,NaN
1631556000,45005.64681872771,45500,44304.48,44801.7375,34.4767490830903,NaN,NaN
1631577600,44903.692159363854,45363.93,44594.44,45034.1375,37.55926080940681,NaN,NaN
1631599200,44968.914829681926,46178.43,44968.914829681926,45634.565,44.786371761334316,NaN,NaN
1631620800,45301.73991484096,46950,45301.73991484096,46354.9225,51.9691023942757,NaN,NaN
1631642400,45828.33120742048,47250,45828.33120742048,46858.07,56.25016548373156,NaN,NaN
1631664000,46343.20060371024,47470,46343.20060371024,47063.6625,57.90135043481232,NaN,NaN
1631685600,46703.431551855116,47699,46682.32,47208.8575,59.07604768982212,NaN,NaN
1631707200,46956.14452592756,48429.87,46956.14452592756,47813.5175,63.62773479770611,NaN,NaN
1631728800,47384.83101296378,48500,47384.83101296378,48109.825000000004,65.64428882110792,NaN,NaN
1631750400,47747.3280064819,48557,47337.58,48069.4675,65.11476526334786,NaN,NaN
1631772000,47908.39775324095,48500,47623,48069.9775,65.11859450627003,NaN,NaN
1631793600,47989.18762662048,48226.38,47211.35,47682.542499999996,59.75269964496956,NaN,NaN
1631815200,47835.86506331024,47942.41,47021.1,47524.69,57.66769498582716,NaN,NaN
1631836800,47680.27753165512,48150,47450.44,47845.7725,60.673653318652306,NaN,NaN
1631858400,47763.02501582756,48130,47278.9,47713.159999999996,58.81602335576386,NaN,NaN
1631880000,47738.09250791378,47738.09250791378,47126.1,47376.76,54.276337468961565,NaN,NaN
1631901600,47557.42625395689,47578.94,46699.56,47206.467500000006,52.084720271733374,NaN,NaN
1631923200,47381.94687697844,48843.2,47035.56,47964.432499999995,59.85480945027913,NaN,NaN
1631944800,47673.18968848922,48824.54,47673.18968848922,48547.1825,64.60693554605926,NaN,NaN
1631966400,48110.18609424461,48680,48093.28,48368.365,62.17483516981489,NaN,NaN
1631988000,48239.275547122306,48421.57,47800.51,48211.96,60.04567003729755,NaN,NaN
1632009600,48225.617773561156,48372.83,47591.83,48065.26,58.03809397395926,NaN,NaN
1632031200,48145.43888678058,48333,47180.32,47711.170000000006,53.397442021138055,NaN,NaN
1632052800,47928.3044433903,47928.3044433903,47069.01,47381.6825,49.43628846219659,NaN,NaN
1632074400,47654.993471695154,47785,46829.18,47303.979999999996,48.52212931540719,NaN,NaN
1632096000,47479.486735847575,47479.486735847575,45100,46353.4325,39.017082529235765,NaN,NaN
1632117600,46916.459617923785,46916.459617923785,43240.33,44626.14750000001,28.20489164095858,NaN,NaN
1632139200,45771.303558961896,45771.303558961896,42500,43632.03,24.070574655336515,NaN,NaN
1632160800,44701.66677948095,44701.66677948095,42551.11,43432.9375,23.332924601832133,NaN,NaN
1632182400,44067.302139740474,44067.302139740474,40200,42223.1575,19.4353647053088,NaN,NaN
1632204000,43145.229819870234,43639,42556.03,43012.25,27.89575943186057,NaN,NaN
1632225600,43078.73990993512,43550,41502,42508.0975,26.015987387042387,NaN,NaN
1632247200,42793.41870496756,42831.7,39600,41214.3775,21.931810584129792,NaN,NaN
1632268800,42003.898102483785,42420.75,40565.39,41434.74,24.11700834799518,NaN,NaN
1632290400,41719.319051241895,42749.4,41719.319051241895,42134.47,30.74588183590977,NaN,NaN
1632312000,41926.89452562095,43465,41874.65,42599.22,34.81867238113385,NaN,NaN
1632333600,42263.05726281047,44000.55,42263.05726281047,43382.020000000004,41.10165248271775,NaN,NaN
1632355200,42822.53863140524,44296,42822.53863140524,43700.6725,43.489585664561105,NaN,NaN
1632376800,43261.605565702615,44386.6,43261.605565702615,43821.7475,44.41178252449521,NaN,NaN
1632398400,43541.67653285131,44936.77,43394,44199.05499999999,47.29811868234436,NaN,NaN
1632420000,43870.365766425646,44978,43870.365766425646,44754.64,51.307403017363825,NaN,NaN
1632441600,44312.50288321282,44978.53,43889.64,44485.987499999996,49.35228463824342,NaN,NaN
1632463200,44399.24519160641,45200,40675,42903.255,39.74364265218867,NaN,NaN
1632484800,43651.2500958032,43651.2500958032,40843.82,41760.9525,34.51989168345361,NaN,NaN
1632506400,42706.1012979016,43200,41927.25,42482.5925,39.89457206403597,NaN,NaN
1632528000,42594.3468989508,42950,42024.54,42557.8125,40.443317807206455,NaN,NaN
1632549600,42576.0796994754,42966.84,41646.28,42386.06,39.555310198515976,NaN,NaN
1632571200,42481.0698497377,42765.54,42156.33,42501.115000000005,40.49782860053175,NaN,NaN
1632592800,42491.09242486885,42813.34,42375,42614.087499999994,41.463021050935694,NaN,NaN
1632614400,42552.589962434424,42735.05,41855,42332.43,39.73256349412031,NaN,NaN
1632636000,42442.50998121721,43746.9,40750,42407.375,40.444802421793526,NaN,NaN
1632657600,42424.942490608606,43543.99,42424.942490608606,43204.0325,47.54173355051613,NaN,NaN
1632679200,42814.4874953043,43950,42673.67,43232.3925,47.78029736820056,NaN,NaN
1632700800,43023.43999765215,44350,42933,43632.447499999995,51.15480670098297,NaN,NaN
1632722400,43327.943748826074,44215.55,43327.943748826074,43854.175,52.968844890015724,NaN,NaN
1632744000,43591.05937441304,44089.75,42850,43434.225,49.23895406018463,NaN,NaN
1632765600,43512.64218720652,43512.64218720652,42098,42673.7025,43.29335010595346,NaN,NaN
1632787200,43093.17234360326,43093.17234360326,41942,42322.447499999995,40.84048758486811,NaN,NaN
1632808800,42707.80992180163,42707.80992180163,41514.12,42129.907499999994,39.51877029278546,NaN,NaN
1632830400,42418.85871090081,42593.69,41115,41804.677500000005,37.32160714730208,NaN,NaN
1632852000,42111.76810545041,42111.76810545041,40888,41334.207500000004,34.34672203318161,NaN,NaN
1632873600,41722.987802725205,42476.26,40753.88,41638.8825,37.80420804223861,NaN,NaN
1632895200,41680.9351513626,42500,41680.9351513626,42300.0875,44.62034425994781,NaN,NaN
1632916800,41990.511325681306,42590,41200.01,41852.427500000005,41.31876705533052,NaN,NaN
1632938400,41921.469412840655,41921.469412840655,40900,41306.167499999996,37.65715875969117,NaN,NaN
1632960000,41613.818456420326,43830,41410.17,42570.245,48.9345931704576,NaN,NaN
1632981600,42092.03172821016,43680,42092.03172821016,43241.45250000001,53.72165783856577,NaN,NaN
1633003200,42666.74211410509,43777,42666.74211410509,43250.567500000005,53.78501706277166,NaN,NaN
1633024800,42958.654807052546,44141.37,42958.654807052546,43599.6475,56.25510499751915,NaN,NaN
1633046400,43279.15115352627,44059,43279.15115352627,43753.0925,57.334593358519136,NaN,NaN
1633068000,43516.121826763134,47786.7,43516.121826763134,45713.524999999994,68.14890328731234,NaN,NaN
1633089600,44614.823413381564,47886.11,44614.823413381564,47438.7875,74.31820797747937,NaN,NaN
1633111200,46026.80545669078,48495,46026.80545669078,47922.94,75.73838726565128,NaN,NaN
1633132800,46974.87272834539,48224.01,46974.87272834539,47886.277500000004,75.39836733656634,NaN,NaN
1633154400,47430.575114172694,47900,47430.575114172694,47702.802500000005,73.61719040610711,NaN,NaN
1633176000,47566.68880708635,48336.59,47566.68880708635,47879.20999999999,74.24712530144764,NaN,NaN
1633197600,47722.94940354317,48300,47500,47828.722499999996,73.70472309587616,NaN,NaN
1633219200,47775.83595177159,48100,47088,47703.25750000001,72.29136683262453,NaN,NaN
1633240800,47739.5467258858,48057,47600,47905.4975,73.18401284022863,NaN,NaN
1633262400,47822.5221129429,49228.08,47799.18,48478.09,75.58245597035958,NaN,NaN
1633284000,48150.30605647145,49176.32,47601.89,48472.1125,75.50653202410618,NaN,NaN
1633305600,48311.20927823572,48311.20927823572,47234.21,47872.994999999995,68.12047670958917,NaN,NaN
1633327200,48092.10213911786,48092.10213911786,47352.77,47669.545,65.76775049359873,NaN,NaN
1633348800,47880.823569558925,49500,46891,48318.32,69.39746309452343,NaN,NaN
1633370400,48099.57178477946,49536.12,48099.57178477946,49153.395000000004,73.3189894179238,NaN,NaN
1633392000,48626.48339238973,49799,48626.48339238973,49342.8325,74.12890123028696,NaN,NaN
1633413600,48984.657946194864,50350,48984.657946194864,49700.735,75.63379816303875,NaN,NaN
1633435200,49342.69647309743,50388,49342.69647309743,49996.88,76.83455977902642,NaN,NaN
1633456800,49669.78823654872,51886.3,49669.78823654872,50911.2025,80.09586827878474,NaN,NaN
1633478400,50290.49536827436,51828,50290.49536827436,51432.5225,81.67958094721439,NaN,NaN
1633500000,50861.50893413718,51736.11,50382.41,51235.2975,79.11489797986728,NaN,NaN
1633521600,51048.40321706859,55555,51048.40321706859,53175.6575,84.32848116592704,NaN,NaN
1633543200,52112.03035853429,55750,52112.03035853429,55023.4075,87.52270725314865,NaN,NaN
1633564800,53567.71892926715,55332.31,53567.71892926715,54873.7675,85.99404302430814,NaN,NaN
1633586400,54220.74321463358,54968.06,53786.13,54448.875,81.63411711151198,NaN,NaN
1633608000,54334.80910731679,54700,53357,54132.01,78.44015984859135,NaN,NaN
1633629600,54233.40955365839,54640.3,53607.27,54049.575,77.58964244285556,NaN,NaN
1633651200,54141.492276829194,54429.99,53617.61,54001.442500000005,77.06421956234045,NaN,NaN
1633672800,54071.4673884146,56100,53999.99,54878.9125,79.75567433695603,NaN,NaN
1633694400,54475.189944207305,55300,54024.84,54715.36,77.92026235151089,NaN,NaN
1633716000,54595.27497210365,54774.35,53775.83,54198.8725,72.26458293494008,NaN,NaN
1633737600,54397.073736051825,54741.09,53661.67,54239.0525,72.4322203545889,NaN,NaN
1633759200,54318.06311802591,55340.3,54318.06311802591,54805.3275,74.74866902156525,NaN,NaN
1633780800,54561.695309012954,55489,54561.695309012954,54967.45,75.38634146542834,NaN,NaN
1633802400,54764.572654506475,55165,54323,54837.9425,73.78343364163135,NaN,NaN
1633824000,54801.25757725324,56074.43,54080,55188.97,75.31547855743153,NaN,NaN
1633845600,54995.11378862662,55928,54680,55351.1775,76.01304453307117,NaN,NaN
1633867200,55173.14564431331,55551.38,54638,55168.415,73.4930045989899,NaN,NaN
1633888800,55170.78032215666,56561.31,54333.85,55223.36,73.77449842206411,NaN,NaN
1633910400,55197.07016107833,56750,54415.06,55588.25,75.62572089445669,NaN,NaN
1633932000,55392.660080539164,57049,55392.660080539164,56462.0425,79.37947312251586,NaN,NaN
1633953600,55927.35129026958,57768.36,55927.35129026958,56921.59,81.0337986049764,NaN,NaN
1633975200,56424.47064513479,57839.04,56424.47064513479,57382.345,82.54577850211378,NaN,NaN
1633996800,56903.407822567395,57680,56400,57240.585,80.42152523112013,NaN,NaN
1634018400,57071.9964112837,57645.55,56680,57244.1725,80.43524695534818,NaN,NaN
1634040000,57158.084455641845,57450,55523.25,56531.685000000005,69.94981293969333,NaN,NaN
1634061600,56844.88472782093,56844.88472782093,53879,55584.57,58.948961081747626,NaN,NaN
1634083200,56214.72736391047,56599.99,54972.59,55645.335,59.390232433878104,NaN,NaN
1634104800,55930.03118195523,55930.03118195523,54167.19,54977.4225,52.686294452309134,NaN,NaN
1634126400,55453.726840977615,57242,54521.74,55966.415,59.90364736636281,NaN,NaN
1634148000,55710.07092048881,57777,55710.07092048881,57160.595,66.5406240826452,NaN,NaN
1634169600,56435.33296024441,58532.54,56435.33296024441,57751.775,69.25387774640225,NaN,NaN
1634191200,57093.553980122204,58150,57093.553980122204,57731.6075,69.04817420104217,NaN,NaN
1634212800,57412.5807400611,57986.2,56947.59,57435.75,65.95325635661015,NaN,NaN
1634234400,57424.16537003055,58086.98,56818.05,57359.94,65.14746419493328,NaN,NaN
1634256000,57392.052685015275,59998,56850,58436.4875,70.63426351491506,NaN,NaN
1634277600,57914.270092507635,59720,57914.270092507635,59384.28999999999,74.44821584663029,NaN,NaN
1634299200,58649.280046253814,61880,58649.280046253814,60589.4125,78.30625720236606,NaN,NaN
1634320800,59619.34627312691,62933,59619.34627312691,61791.11,81.33295984747234,NaN,NaN
1634342400,60705.228136563455,62378.42,60705.228136563455,61826.165,81.41442105819954,NaN,NaN
1634364000,61265.696568281724,62319.77,61265.696568281724,61843.912500000006,81.4585365682355,NaN,NaN
1634385600,61554.804534140865,61605.81,60150,60986.520000000004,72.50471126201104,NaN,NaN
1634407200,61270.66226707044,61300,60500,60817.1425,70.84794965796252,NaN,NaN
1634428800,61043.90238353522,61405.94,60475.76,60851.535,70.99289055943285,NaN,NaN
1634450400,60947.718691767615,61465.9,60299.33,60838.4975,70.84908642702985,NaN,NaN
1634472000,60893.10809588381,61326.64,60471.97,60942.04,71.34551651984653,NaN,NaN
1634493600,60917.574047941904,61718.39,58963,60809.845,69.71320867338738,NaN,NaN
1634515200,60863.70952397095,62578.91,60863.70952397095,61971.145000000004,75.10223010673319,NaN,NaN
1634536800,61417.427261985475,62695.78,60579.02,61644.7275,71.26392012237432,NaN,NaN
1634558400,61531.077380992734,62377.73,59844.45,61223.3225,66.53615547197475,NaN,NaN
1634580000,61377.19994049637,62104.72,61034.05,61721.670000000006,69.14323243842894,NaN,NaN
1634601600,61549.434970248185,62998,61526.62,62251.7175,71.67121010107148,NaN,NaN
1634623200,61900.57623512409,62574.42,61743.61,62230.770000000004,71.42217648449632,NaN,NaN
1634644800,62065.67311756205,63480,61322.22,62585.469999999994,73.12502118384614,NaN,NaN
1634666400,62325.57155878103,64486,62325.57155878103,63814.805,78.01462352129917,NaN,NaN
1634688000,63070.18827939051,64375.34,63070.18827939051,63979.185,78.5759183454833,NaN,NaN
1634709600,63524.686639695254,64250,63524.686639695254,63878.995,77.28086051035316,NaN,NaN
1634731200,63701.840819847625,67000,63701.840819847625,65227.755000000005,81.66248507730934,NaN,NaN
1634752800,64464.797909923815,66700,64464.797909923815,66131.60750000001,83.9029454642243,NaN,NaN
1634774400,65298.202704961914,66033.64,64062.82,65230.892499999994,74.1768269718301,NaN,NaN
1634796000,65264.547602480954,66639.74,64142.01,65108.842500000006,72.94292517599911,NaN,NaN
1634817600,65186.69505124048,65599.98,62000,63730.8725,60.67176474399208,NaN,NaN
1634839200,64458.783775620235,64458.783775620235,62000,62545.034999999996,52.4883350380628,NaN,NaN
1634860800,63501.90938781011,63501.90938781011,62000,62639.3025,53.03069096831508,NaN,NaN
1634882400,63070.60594390506,63732.39,62464.6,63146.707500000004,55.9457628289193,NaN,NaN
1634904000,63108.65672195253,63709.5,60000,61915.585,48.139117828233026,NaN,NaN
1634925600,62512.12086097627,62512.12086097627,60129.63,60658.4675,41.735030403908695,NaN,NaN
1634947200,61585.294180488134,61585.294180488134,60358,60900.835,43.301120683331916,NaN,NaN
1634968800,61243.06459024407,61688,59562.15,60948.095,43.61935231669879,NaN,NaN
1634990400,61095.57979512203,61747.64,60710.36,61312.3125,46.128795317106274,NaN,NaN
1635012000,61203.946147561015,61455.27,60817.46,61199.619999999995,45.45466382926643,NaN,NaN
1635033600,61201.783073780505,61500,60820,61126.6875,44.99635251248273,NaN,NaN
1635055200,61164.23528689025,61273.69,60157.14,60652.96000000001,42.03184366954584,NaN,NaN
1635076800,60908.59764344513,60908.59764344513,59510.63,60238.95,39.5777376365349,NaN,NaN
1635098400,60573.77382172256,61400,59775.61,60585.954999999994,42.602673240116566,NaN,NaN
1635120000,60579.86441086128,62250,60579.86441086128,61397.25,49.02778134069353,NaN,NaN
1635141600,60988.55720543064,63200,60988.55720543064,62398.995,55.63200329224713,NaN,NaN
1635163200,61693.77610271532,63710.63,61693.77610271532,63034.725000000006,59.241193631291885,NaN,NaN
1635184800,62364.25055135766,63329.48,62364.25055135766,63007.175,59.01714014438673,NaN,NaN
1635206400,62685.71277567883,63293.48,62277.1,62762.685000000005,56.95836186410587,NaN,NaN
1635228000,62724.19888783942,63110,62184.01,62608.840000000004,55.64298912079084,NaN,NaN
1635249600,62666.51944391971,62882.99,61800,62470.722499999996,54.42775001799534,NaN,NaN
1635271200,62568.620971959856,62600,59817.55,61301.567500000005,45.39070792159667,NaN,NaN
1635292800,61935.09423597993,61935.09423597993,60138.4,60721.244999999995,41.69050860610849,NaN,NaN
1635314400,61328.16961798996,61328.16961798996,58000,59621.0875,35.74201107836093,NaN,NaN
1635336000,60474.628558994984,60474.628558994984,58270,58792.292499999996,32.033868515070864,NaN,NaN
1635357600,59633.46052949749,59633.46052949749,58101,58746.9925,31.839431695797145,NaN,NaN
1635379200,59190.22651474875,59220.31,58075.62,58691.815,31.587931224127104,NaN,NaN
1635400800,58941.020757374376,61257.82,58700,59994.08,43.02642851676991,NaN,NaN
1635422400,59467.550378687185,61800,59467.550378687185,61177.11,51.03576114984884,NaN,NaN
1635444000,60322.33018934359,62499,57820,60507.19,47.00592525852718,NaN,NaN
1635465600,60414.7600946718,62100,60174.81,60959.95,49.88598661504289,NaN,NaN
1635487200,60687.3550473359,61426.54,60350.44,60926.745,49.672773970642176,NaN,NaN
1635508800,60807.05002366795,62980,60699.62,61755.604999999996,54.85917680262002,NaN,NaN
1635530400,61281.32751183397,62718.87,61281.32751183397,62320.005,58.03081945072694,NaN,NaN
1635552000,61800.666255916985,62359.25,61272.15,61858.9825,54.65291101461662,NaN,NaN
1635573600,61829.82437795849,61989.99,61054.48,61547.575000000004,52.43275508244411,NaN,NaN
1635595200,61688.69968897925,62253,60673,61482.9075,51.96070626746027,NaN,NaN
1635616800,61585.803594489626,61960,61175.01,61601.207500000004,52.797905572182046,NaN,NaN
1635638400,61593.505547244815,62405.3,61150.15,61672.005000000005,53.322182382858806,NaN,NaN
1635660000,61632.75527362241,61632.75527362241,60279.63,60857.835,46.87431403256078,NaN,NaN
1635681600,61245.295136811204,61245.295136811204,59945.36,60483.5975,44.226958841476225,NaN,NaN
1635703200,60864.44631840561,61620.06,60384.11,60979.59999999999,48.38753198007645,NaN,NaN
1635724800,60922.0231592028,61735.3,59405,60764.5275,46.7586975472723,NaN,NaN
1635746400,60843.2753296014,62437.74,60284,61286.932499999995,51.067421733734214,NaN,NaN
1635768000,61065.1039148007,62190,60720,61370.815,51.742744462460294,NaN,NaN
1635789600,61217.95945740035,61462.8,60322.67,60865.45999999999,47.49039512778501,NaN,NaN
1635811200,61041.70972870017,61788.69,60624.68,61269.682499999995,50.96192934317758,NaN,NaN
1635832800,61155.69611435008,63597.8,61155.69611435008,62405.45,59.13660895120803,NaN,NaN
1635854400,61780.57305717504,64270,61780.57305717504,63378.3575,64.58307732336428,NaN,NaN
1635876000,62579.46527858752,63670.97,62579.46527858752,63231.03,63.20916943372887,NaN,NaN
1635897600,62905.24763929376,63500,62722.4,63120.2525,62.138750402617845,NaN,NaN
1635919200,63012.75006964688,63500,62770.67,63104.285,61.97583349326735,NaN,NaN
1635940800,63058.51753482344,63133.99,61579.57,62572.9625,56.6531160168246,NaN,NaN
1635962400,62815.74001741172,63333,60382.76,62271.037500000006,53.82423639686387,NaN,NaN
1635984000,62543.38875870586,63086.31,62178,62634.405,56.630975274690186,NaN,NaN
1636005600,62588.896879352935,62645.63,61230.66,61925.0825,50.21446226537447,NaN,NaN
1636027200,62256.98968967647,62370,60738.65,61355.165,45.73104552796619,NaN,NaN
1636048800,61806.07734483824,61806.07734483824,60677.01,61116.7675,43.962809955588654,NaN,NaN
1636070400,61461.42242241912,62375,60820,61693.012500000004,49.087242374504015,NaN,NaN
1636092000,61577.21746120956,62595.72,61191.28,61807.1675,50.06150781497291,NaN,NaN
1636113600,61692.19248060478,61928.37,60730,61222.3425,45.28091708219342,NaN,NaN
1636135200,61457.26749030239,61457.26749030239,60721,61015.195,43.689467654727906,NaN,NaN
1636156800,61236.2312451512,61479,60777,61153.6075,45.078462439996365,NaN,NaN
1636178400,61194.9193725756,61560.49,60081.21,60846.8575,42.57217562637336,NaN,NaN
1636200000,61020.8884362878,61020.8884362878,60050,60488.1775,39.786655017414986,NaN,NaN
1636221600,60754.5329681439,61489.63,60670.71,61082.354999999996,46.08055281213877,NaN,NaN
1636243200,60918.44398407195,62328.06,60918.44398407195,61765.685,52.26073943051133,NaN,NaN
1636264800,61342.06449203598,62350,61342.06449203598,61917.7925,53.53736866124974,NaN,NaN
1636286400,61629.928496017994,62478,61629.928496017994,62121.105,55.25958322380349,NaN,NaN
1636308000,61875.516748009,63286.35,61875.516748009,62771.355,60.32485695860862,NaN,NaN
1636329600,62323.4358740045,65639.08,62323.4358740045,64409.494999999995,69.64772407388097,NaN,NaN
1636351200,63366.46543700225,66423,63366.46543700225,65819.955,75.07786067603632,NaN,NaN
1636372800,64593.210218501124,66538.53,64593.210218501124,65916.69499999999,75.40289814313702,NaN,NaN
1636394400,65254.952609250555,67789,65254.952609250555,66695.97,77.902964123114,NaN,NaN
1636416000,65975.46130462528,68524.25,65975.46130462528,67790.67000000001,80.84788322808798,NaN,NaN
1636437600,66883.06565231265,68238,66883.06565231265,67807.59999999999,80.89030020732064,NaN,NaN
1636459200,67345.33282615631,68116.56,66222.4,67186.03749999999,74.37737166993446,NaN,NaN
1636480800,67265.68516307816,67800.27,66307.23,66966.345,72.16567455850685,NaN,NaN
1636502400,67116.01508153908,67378.7,66255.55,66731.165,69.77375399988733,NaN,NaN
1636524000,66923.59004076954,67099,66233,66555.385,67.96063112573836,NaN,NaN
1636545600,66739.48752038478,69000,65888,67517.125,72.21485820101051,NaN,NaN
1636567200,67128.30626019239,68646.65,62822.9,66246.775,60.741898403854755,NaN,NaN
1636588800,66687.54063009619,66687.54063009619,64100,64680.744999999995,50.16192708432805,NaN,NaN
1636610400,65684.1428150481,65684.1428150481,64492.35,65006.51500000001,52.033595819033195,NaN,NaN
1636632000,65345.32890752405,65474.47,64402.49,65014.5375,52.081321913300854,NaN,NaN
1636653600,65179.93320376202,65309.13,64573.99,64895.675,51.26740534655496,NaN,NaN
1636675200,65037.80410188101,65450.7,64052,64738.33500000001,50.15015842266277,NaN,NaN
1636696800,64888.069550940505,64957.97,63501,64222.1375,46.56484271286361,NaN,NaN
1636718400,64555.10352547025,64555.10352547025,62278,63452.2975,41.768866267770065,NaN,NaN
1636740000,64003.70051273513,64890,63520.79,64027.755000000005,46.22726107536894,NaN,NaN
1636761600,64015.72775636757,64455,63510,63921.19,45.532034519014466,NaN,NaN
1636783200,63968.45887818378,64123,63360.22,63658.747500000005,43.78555572503569,NaN,NaN
1636804800,63813.6031890919,65000,63427.86,64160.277500000004,47.89842183890704,NaN,NaN
1636826400,63986.94034454595,64689.82,63829.01,64389.465000000004,49.709194530680435,NaN,NaN
1636848000,64188.20267227298,65320,64188.20267227298,64744.6025,52.46600952352169,NaN,NaN
1636869600,64466.40258613649,65201.72,64056,64650.295,51.656212872846794,NaN,NaN
1636891200,64558.348793068246,64799,63576.27,64253.155,48.276965467871264,NaN,NaN
1636912800,64405.75189653412,65550.51,63830,64772.0575,52.63675652675085,NaN,NaN
1636934400,64588.90469826706,66200,64588.90469826706,65733.675,59.456986034968914,NaN,NaN
1636956000,65161.289849133536,66401.82,65161.289849133536,65768.9625,59.68639606135939,NaN,NaN
1636977600,65465.126174566765,65946.63,63900,64904.5175,51.9337927362142,NaN,NaN
1636999200,65184.82183728338,65184.82183728338,63400,63841.0175,44.30868657976631,NaN,NaN
1637020800,64512.91966864169,64512.91966864169,60322.2,62118.4375,35.27459514890117,NaN,NaN
1637042400,63315.67858432085,63315.67858432085,58574.07,60386.6175,28.895803537121083,NaN,NaN
1637064000,61851.14804216042,61851.14804216042,60020,60620.94,30.721263285021635,NaN,NaN
1637085600,61236.04402108021,61236.04402108021,59105.26,60205.945,29.28719962419251,NaN,NaN
1637107200,60720.994510540106,60720.994510540106,58553.12,59660.925,27.47337366873876,NaN,NaN
1637128800,60190.95975527006,60840.23,58373,59892.52500000001,29.47226193866969,NaN,NaN
1637150400,60041.74237763503,60822.27,59334.23,60288.7125,32.88017686068713,NaN,NaN
1637172000,60165.227438817514,60672.13,59620.66,60217.66,32.57616396333184,NaN,NaN
1637193600,60191.44371940876,60976,59550.15,60168.052500000005,32.35125762613893,NaN,NaN
1637215200,60179.74810970438,60179.74810970438,58962.77,59503.22749999999,29.419784468979174,NaN,NaN
1637236800,59841.487804852186,59935,56592.06,58320.1875,25.06694260052973,NaN,NaN
1637258400,59080.8376524261,59080.8376524261,56474.26,57347.755,22.16407200937853,NaN,NaN
1637280000,58214.29632621305,58214.29632621305,55600,56603.3775,20.232567352847653,NaN,NaN
1637301600,57408.83691310653,57487.2,55853.7,56683.81,21.033346863085228,NaN,NaN
1637323200,57046.32345655326,58320,56700,57494.755,28.794808461952584,NaN,NaN
1637344800,57270.539228276626,58120,57270.539228276626,57918.784999999996,32.52908314319582,NaN,NaN
1637366400,57594.66211413831,58979.97,57594.66211413831,58342.4375,36.13295465813158,NaN,NaN
1637388000,57968.549807069154,58849.63,57968.549807069154,58545.462499999994,37.846296910841986,NaN,NaN
1637409600,58257.006153534574,58834.98,57353,58182.034999999996,35.98530111489168,NaN,NaN
1637431200,58219.52057676729,59845,57813.49,58820.125,41.43082814927785,NaN,NaN
1637452800,58519.822788383644,59770.78,58500,59248.97,44.8277385576354,NaN,NaN
1637474400,58884.39639419182,59409.61,58486.65,58901.6875,42.6694983543611,NaN,NaN
1637496000,58893.04194709591,60029.76,58657.22,59212.372500000005,45.21087694561551,NaN,NaN
1637517600,59052.70722354796,59696.69,58500,59072.075,44.2568116936528,NaN,NaN
1637539200,59062.39111177398,59062.39111177398,56766.58,57899.1525,37.19079473982438,NaN,NaN
1637560800,58480.77180588699,58480.77180588699,56952.35,57354.76,34.44218696443228,NaN,NaN
1637582400,57917.765902943494,59444,56580.01,57661.0375,37.251922099419524,NaN,NaN
1637604000,57789.40170147175,57789.40170147175,55610,56684.104999999996,32.471392747885275,NaN,NaN
1637625600,57236.753350735875,57258.56,55971.97,56507.594999999994,31.68033798486367,NaN,NaN
1637647200,56872.17417536794,58009.99,55317,56508.1325,31.685795695229658,NaN,NaN
1637668800,56690.153337683965,57749.5,56093.55,56808.82,34.82257223579525,NaN,NaN
1637690400,56749.486668841986,57854.39,56749.486668841986,57437.67249999999,40.931265704978586,NaN,NaN
1637712000,57093.57958442099,57735,56136,57002.155,38.25700590395573,NaN,NaN
1637733600,57047.867292210496,57560,56214.85,56746.21,36.73789858769342,NaN,NaN
1637755200,56897.03864610525,57166.23,55837,56540.725,35.51848760908773,NaN,NaN
1637776800,56718.88182305262,57476.03,56512.81,56918.2925,39.49262833063765,NaN,NaN
1637798400,56818.58716152632,58270,56818.58716152632,57378.575000000004,44.022019169590195,NaN,NaN
1637820000,57098.581080763164,58482.66,57078.66,57669.1975,46.73331337810505,NaN,NaN
1637841600,57383.88929038159,59390,57383.88929038159,58614.3925,54.459026719618436,NaN,NaN
1637863200,57999.140895190794,59398.9,57999.140895190794,59009.057499999995,57.247318073443644,NaN,NaN
1637884800,58504.099197595395,59150,57478.62,58357.009999999995,51.62364794132507,NaN,NaN
1637906400,58430.554598797695,58430.554598797695,53680.45,55789.8875,36.44446699438349,NaN,NaN
1637928000,57110.221049398846,57110.221049398846,53500,54077.6525,30.089466413970698,NaN,NaN
1637949600,55593.936774699425,55593.936774699425,53521,54011.2975,29.872074025065828,NaN,NaN
1637971200,54802.61713734971,54802.61713734971,53610,54056.43,30.2412462192532,NaN,NaN
1637992800,54429.52356867486,55280,54200,54583.935000000005,34.57630442805791,NaN,NaN
1638014400,54506.72928433743,55224.44,54500,54807.707500000004,36.38239025389011,NaN,NaN
1638036000,54657.21839216872,55065,54011.01,54674.425,35.74936255426188,NaN,NaN
1638057600,54665.82169608436,54821,53666.6,54395.3725,34.39982435524401,NaN,NaN
1638079200,54530.59709804218,54933.8,54130.72,54483.7575,35.233779639123625,NaN,NaN
1638100800,54507.17729902109,54635.52,53800,54206.2475,33.781656458965614,NaN,NaN
1638122400,54356.71239951054,57445.05,53256.64,55468.2325,44.90247072472488,NaN,NaN
1638144000,54912.47244975527,58242.09,54912.47244975527,57494.822499999995,57.3032611022509,NaN,NaN
1638165600,56203.64747487763,57688,56203.64747487763,57140.93,54.97633201016691,NaN,NaN
1638187200,56672.288737438816,58776.98,56672.288737438816,57770.3,58.22523808978086,NaN,NaN
1638208800,57221.294368719406,58865.97,57221.294368719406,58232.7375,60.48169125548254,NaN,NaN
1638230400,57727.015934359704,57964.18,56280.37,57076.7175,52.80329762203727,NaN,NaN
1638252000,57401.86671717985,57713.91,55875.55,56872.44750000001,51.557738828022536,NaN,NaN
1638273600,57137.157108589934,59176.99,56500,57662.595,55.891943117315876,NaN,NaN
1638295200,57399.87605429497,58380.41,56762.39,57366.0775,53.94149330915129,NaN,NaN
1638316800,57382.97677714749,57686.12,56630,57012.1725,51.62583890508408,NaN,NaN
1638338400,57197.574638573744,57850,56666.66,57114.1475,52.261768164123424,NaN,NaN
1638360000,57155.86106928687,59053.55,57000,57802.2925,56.42476452684109,NaN,NaN
1638381600,57479.07678464343,58107,56458.01,57436.012500000004,53.738533017426185,NaN,NaN
1638403200,57457.54464232172,57457.54464232172,55777.77,56811.325,49.4174893545493,NaN,NaN
1638424800,57134.43482116086,57175.65,56038.15,56608.9975,48.06931046219998,NaN,NaN
1638446400,56871.71616058043,57367.67,56001,56563.74,47.755469021427615,NaN,NaN
1638468000,56717.72808029021,57221,56133.07,56602.795,48.07055338871946,NaN,NaN
1638489600,56660.261540145104,57045.44,56050.81,56576.5925,47.8619950349841,NaN,NaN
1638511200,56618.42702007255,57330,56426.35,56860.494999999995,50.37426656767243,NaN,NaN
1638532800,56739.46101003628,57600,54600,56035.52,43.7736938663814,NaN,NaN
1638554400,56387.49050501814,56387.49050501814,51680,53853.825,31.877758600631637,NaN,NaN
1638576000,55120.65775250907,55120.65775250907,42000.3,49249.62,19.706418523320195,NaN,NaN
1638597600,52185.13887625454,52185.13887625454,46131.71,47044.075,16.46360789232314,NaN,NaN
1638619200,49614.60693812727,49614.60693812727,46489.66,47448.537500000006,19.09295104415321,NaN,NaN
1638640800,48531.57221906364,49487.76,48154.71,48758.995,27.09926844520649,NaN,NaN
1638662400,48645.28360953182,49699,48315.41,49147.7175,29.333167226841738,NaN,NaN
1638684000,48896.50055476591,49666.94,48700,49258.380000000005,29.990873141594747,NaN,NaN
1638705600,49077.44027738296,49699.05,47727.21,48981.1775,29.256329988056876,NaN,NaN
1638727200,49029.30888869148,49546.69,48279.05,49121.07000000001,30.185628010931723,NaN,NaN
1638748800,49075.18944434574,49438.18,48273.58,48946.655000000006,29.662451127035837,NaN,NaN
1638770400,49010.92222217287,49409.79,47100,48441.53,28.14123407766391,NaN,NaN
1638792000,48726.226111086435,49256.36,47822.39,48654.44,29.77598534438617,NaN,NaN
1638813600,48690.33305554322,50891.11,48690.33305554322,49763.565,37.72405025883897,NaN,NaN
1638835200,49226.94902777161,51430,49226.94902777161,50769.3625,43.92244925915891,NaN,NaN
1638856800,49998.15576388581,51500,49998.15576388581,51159.787500000006,46.16248984318259,NaN,NaN
1638878400,50578.971631942906,51936.33,50578.971631942906,51250.887500000004,46.697521762985595,NaN,NaN
1638900000,50914.929565971455,51204.77,50039.74,50708.3575,43.89954072357306,NaN,NaN
1638921600,50811.64353298573,50811.64353298573,50077,50466.575,42.67242904883845,NaN,NaN
1638943200,50639.10926649286,50700,48824.69,49779.02250000001,39.3075763075413,NaN,NaN
1638964800,50209.06588324643,51200,48600,49812.625,39.558420994455695,NaN,NaN
1638986400,50010.84544162321,50896.08,50010.84544162321,50422.265,44.07455117238773,NaN,NaN
1639008000,50216.555220811606,50797.76,49420.33,50114.26500000001,42.352783481601136,NaN,NaN
1639029600,50165.410110405806,50350,48898,49544.075,39.292576993168886,NaN,NaN
1639051200,49854.7425552029,49854.7425552029,48048,48762.6725,35.50628666518202,NaN,NaN
1639072800,49308.70752760145,49308.70752760145,47320,47876.340000000004,31.7670200071298,NaN,NaN
1639094400,48592.523763800724,48788.29,47439.29,48002.512500000004,32.851128183189175,NaN,NaN
1639116000,48297.51813190036,48728,47550,48309.695,35.5365248203324,NaN,NaN
1639137600,48303.60656595018,50125,47251.06,48450.1775,36.781678963419516,NaN,NaN
1639159200,48376.89203297508,48522.5,46852,47557.1725,32.48608584528692,NaN,NaN
1639180800,47967.03226648754,48683.7,46751,47724.424999999996,34.03982041541357,NaN,NaN
1639202400,47845.728633243765,48900,47765.33,48307.057499999995,39.281954182100634,NaN,NaN
1639224000,48076.39306662188,49276,48076.39306662188,48594.1075,41.73866603793976,NaN,NaN
1639245600,48335.25028331094,49485.71,48335.25028331094,48990.417499999996,45.044706258529,NaN,NaN
1639267200,48662.833891655464,49699.95,48662.833891655464,49223.3125,46.94983472888488,NaN,NaN
1639288800,48943.07319582773,49376.79,48638,49029.58500000001,45.53572603678251,NaN,NaN
1639310400,48986.32909791387,50490,48986.32909791387,49743.4,51.35018125150972,NaN,NaN
1639332000,49364.86454895693,50777,49364.86454895693,50236.3975,54.92898879032653,NaN,NaN
1639353600,49800.63102447847,50189.97,48430.13,49478.0075,48.96207827276088,NaN,NaN
1639375200,49639.31926223924,49639.31926223924,48145,48883.5725,44.84960575378459,NaN,NaN
1639396800,49261.445881119624,49261.445881119624,46653,48002.7875,39.54896352665236,NaN,NaN
1639418400,48632.11669055981,48632.11669055981,45672.75,46893.302500000005,34.08433227799917,NaN,NaN
1639440000,47762.709595279906,47762.709595279906,46290,46730.08500000001,33.35419225938132,NaN,NaN
1639461600,47246.39729763995,47740,46306.8,47092.515,36.60184853390512,NaN,NaN
1639483200,47169.456148819976,47959.77,46532.35,47183.034999999996,37.42205578353424,NaN,NaN
1639504800,47176.245574409986,48700.41,46429.88,47523.8975,40.5415211330169,NaN,NaN
1639526400,47350.07153720499,48761,47350.07153720499,48263.707500000004,46.746402486133064,NaN,NaN
1639548000,47806.8895186025,48850,47806.8895186025,48258.01500000001,46.7060137730379,NaN,NaN
1639569600,48032.45225930125,48300,46547,47516.46000000001,41.6568105763874,NaN,NaN
1639591200,47774.45612965063,49500,47011.29,48115.6425,46.67325027564749,NaN,NaN
1639612800,47945.049314825315,49269.03,47945.049314825315,48787.5425,51.689479245355166,NaN,NaN
1639634400,48366.295907412656,49436.43,48366.295907412656,48916.9,52.613660291306466,NaN,NaN
1639656000,48641.597953706325,49266.6,48060,48654.63250000001,50.50415791554189,NaN,NaN
1639677600,48648.115226853166,48648.115226853166,47511,47903.7675,44.947779539392386,NaN,NaN
1639699200,48275.94136342658,48275.94136342658,47390.43,47680.395,43.417461719463404,NaN,NaN
1639720800,47978.16818171329,47978.16818171329,46749.55,47325.715,41.02880396538893,NaN,NaN
1639742400,47651.941590856644,47651.941590856644,45456,46692.56,37.104406289606864,NaN,NaN
1639764000,47172.25079542832,47172.25079542832,45565.58,46392.3725,35.37670453708819,NaN,NaN
1639785600,46782.31164771416,46858.27,45500,46271.0975,34.67425712789394,NaN,NaN
1639807200,46526.70457385708,47392.37,46194.44,46812.385,40.36583857825401,NaN,NaN
1639828800,46669.54478692854,47219.16,46560.83,46878.8875,41.045449868448635,NaN,NaN
1639850400,46774.21614346427,47100,46325.61,46731.305,39.957167148739615,NaN,NaN
1639872000,46752.760571732135,48074.16,46406.91,47228.885,45.22986916267639,NaN,NaN
1639893600,46990.82278586607,47736,46807.27,47323.994999999995,46.20235496139274,NaN,NaN
1639915200,47157.40889293303,48300.01,46867.01,47365.87,46.65148812163992,NaN,NaN
1639936800,47261.63944646652,47550,46482.9,46963.8375,42.9445845609834,NaN,NaN
1639958400,47112.73847323326,47200,46220,46633.604999999996,40.124277805945354,NaN,NaN
1639980000,46873.17173661663,46873.17173661663,45750,46235.1825,36.96969095195905,NaN,NaN
1640001600,46554.17711830832,46554.17711830832,45558.85,46067.015,35.69409103428329,NaN,NaN
1640023200,46310.59605915416,47537.57,46025.01,46648.340000000004,43.01389204092492,NaN,NaN
1640044800,46479.46802957708,48824.16,46479.46802957708,47742.21000000001,53.694827574200325,NaN,NaN
1640066400,47110.839014788544,49000,47110.839014788544,48699.744999999995,60.647969204128096,NaN,NaN
1640088000,47905.292007394266,49328.96,47905.292007394266,48779.072499999995,61.168196251291086,NaN,NaN
1640109600,48342.18225369713,49287.93,48332.5,48791.3675,61.25369220304443,NaN,NaN
1640131200,48566.77487684856,49576.13,48566.77487684856,49007.15,62.801632610813236,NaN,NaN
1640152800,48786.96243842428,49535,48786.96243842428,49078.0375,63.32006319604271,NaN,NaN
1640174400,48932.499969212135,49245.81,48421.87,48837.9325,60.2567683581257,NaN,NaN
1640196000,48885.216234606065,49144.99,48506.01,48735.3075,58.94419037337234,NaN,NaN
1640217600,48810.26186730304,48810.26186730304,47920.42,48406.204999999994,54.820156310817886,NaN,NaN
1640239200,48608.23343365152,48608.23343365152,48031.45,48328.1525,53.85772539673578,NaN,NaN
1640260800,48468.19296682576,50166,48323.98,49226.18750000001,62.10175468750605,NaN,NaN
1640282400,48847.19023341288,51375,48847.19023341288,50583.455,70.63976879523304,NaN,NaN
1640304000,49715.32261670644,51527.58,49715.32261670644,51005.902500000004,72.70121965762634,NaN,NaN
1640325600,50360.61255835323,51550,50360.61255835323,51073.177500000005,73.02602570075857,NaN,NaN
1640347200,50716.895029176616,51244.22,50384.43,50933.8425,71.13814480862477,NaN,NaN
1640368800,50825.368764588304,51810,50500,51060.707500000004,71.85168046910549,NaN,NaN
1640390400,50943.038132294154,51131.25,50600,50859.557499999995,68.94140263902469,NaN,NaN
1640412000,50901.297816147075,51084.13,50555,50802.2725,68.09549784875124,NaN,NaN
1640433600,50851.78515807354,50934.78,50142.32,50635.455,65.57232318922689,NaN,NaN
1640455200,50743.62007903677,51156.23,50335.67,50668.325000000004,65.84090589136233,NaN,NaN
1640476800,50705.97253951839,50705.97253951839,49600.95,50134.045,57.929975504651594,NaN,NaN
1640498400,50420.008769759195,50420.008769759195,49412,49798.175,53.57226148646153,NaN,NaN
1640520000,50109.0918848796,50400,49642.11,50011.542499999996,55.84463937436398,NaN,NaN
1640541600,50060.3171924398,51280,49914.73,50556.347499999996,61.08240986090341,NaN,NaN
1640563200,50308.3323462199,51150,50308.3323462199,50806.875,63.24173027984354,NaN,NaN
1640584800,50557.603673109945,50985.39,50499.77,50774.41,62.75580472360956,NaN,NaN
1640606400,50666.006836554974,52088,50567.07,51316.9075,67.28004545951539,NaN,NaN
1640628000,50991.457168277484,51932,50622,51277.135,66.64090278553502,NaN,NaN
1640649600,51134.29608413874,51134.29608413874,48657.12,49815.8775,48.43539090942641,NaN,NaN
1640671200,50475.08679206937,50475.08679206937,48755.32,49150.2675,42.71157825757879,NaN,NaN
1640692800,49812.677146034686,49812.677146034686,47650.35,48563.0875,38.40041366473137,NaN,NaN
1640714400,49187.882323017344,49187.882323017344,47313.01,47757.49,33.41678987182604,NaN,NaN
1640736000,48472.68616150867,48472.68616150867,47450.01,47757.87,33.42117917538421,NaN,NaN
1640757600,48115.27808075433,48115.27808075433,47398.46,47781.78749999999,33.717353629285896,NaN,NaN
1640779200,47948.53279037716,48038.92,46586.62,47479.6025,31.793000302513832,NaN,NaN
1640800800,47714.06764518858,47769.01,46096.99,46971.3925,28.814501489038136,NaN,NaN
1640822400,47342.73007259429,47342.73007259429,45900,46515.762500000004,26.4243571097918,NaN,NaN
1640844000,46929.246286297144,47566,46659.13,47125.6275,34.28218032083953,NaN,NaN
1640865600,47027.43689314857,47770,47027.43689314857,47510.2725,38.72694513539343,NaN,NaN
1640887200,47268.854696574286,47900,46729,47353.3425,37.609331178442616,NaN,NaN
1640908800,47311.09859828714,47500,46825.38,47181.567500000005,36.37200422059604,NaN,NaN
1640930400,47246.33304914358,48548.26,46836.86,47660.2225,42.08935205742128,NaN,NaN
1640952000,47453.27777457179,48170,46889,47512.832500000004,40.871493147742214,NaN,NaN
1640973600,47483.0551372859,47483.0551372859,45678,46488.002499999995,33.59299249672971,NaN,NaN
1640995200,46985.528818642946,47555.55,46208.37,46793.350000000006,37.182456420880506,NaN,NaN
1641016800,46889.43940932148,47344.69,46715.39,47002.8775,39.595239056221274,NaN,NaN
1641038400,46946.15845466074,47954.63,46756.3,47306.07,43.00657219415914,NaN,NaN
1641060000,47126.11422733037,47844.97,47126.11422733037,47636.0775,46.54516045794882,NaN,NaN
1641081600,47381.095863665185,47750,46770.23,47331.0425,43.83592954745721,NaN,NaN
1641103200,47356.069181832594,47499.45,46970.05,47196.57,42.657152052024664,NaN,NaN
1641124800,47276.3195909163,47990,47013.5,47410.88250000001,45.1869413975619,NaN,NaN
1641146400,47343.601045458156,47469.34,46654,47202.66499999999,43.19317339395927,NaN,NaN
1641168000,47273.133022729075,47289.11,46722.39,47094.08,42.14873339486559,NaN,NaN
1641189600,47183.60651136454,47431.67,46778,47166.5775,43.13736220780669,NaN,NaN
1641211200,47175.092005682265,47570,46263.29,46947.11,40.860901270146876,NaN,NaN
1641232800,47061.10100284113,47061.10100284113,45696,46365.055,35.508834462356916,NaN,NaN
1641254400,46713.07800142057,46713.07800142057,45934.5,46270.3625,34.71224863757588,NaN,NaN
1641276000,46491.720250710285,46772.41,46058.51,46428.23,37.24003676293829,NaN,NaN
1641297600,46459.975125355144,47557.54,46410,46814.082500000004,43.04444945372022,NaN,NaN
1641319200,46637.02881267757,46719.78,45500,46151.6975,36.759286653463455,NaN,NaN
1641340800,46394.36315633879,46549,45722.21,46101.505000000005,36.32643884694205,NaN,NaN
1641362400,46247.9340781694,47070,46110,46438.445,41.3215505297186,NaN,NaN
1641384000,46343.1895390847,46822.17,45803.67,46226.89,39.24007505425654,NaN,NaN
1641405600,46285.039769542345,46365.68,42500,44581.8825,27.59854342845017,NaN,NaN
1641427200,45433.461134771176,45433.461134771176,42600.05,43229.3,21.85676173757318,NaN,NaN
1641448800,44331.38056738559,44331.38056738559,42430.58,42908.68,20.75450099708685,NaN,NaN
1641470400,43620.030283692795,43620.030283692795,42632.44,42945.7875,21.249503722789456,NaN,NaN
1641492000,43282.9088918464,43581.3,42982.05,43162.740000000005,24.22953343094173,NaN,NaN
1641513600,43222.8244459232,43222.8244459232,41000,42269.865000000005,20.749484891071177,NaN,NaN
1641535200,42746.3447229616,42883.47,41206.9,42050.08,19.988438403740133,NaN,NaN
1641556800,42398.2123614808,42766.17,40610,41907.067500000005,19.487571629151105,NaN,NaN
1641578400,42152.639930740406,42152.639930740406,41336.82,41737.745,18.88422366777249,NaN,NaN
1641600000,41945.1924653702,42246.37,41558,41835.6375,20.418285440261485,NaN,NaN
1641621600,41890.4149826851,42200,41739,41962.729999999996,22.468369286510594,NaN,NaN
1641643200,41926.57249134255,42063.23,40801,41411.6425,20.055780917111463,NaN,NaN
1641664800,41669.10749567128,42300,40501,41330.7125,19.720883568598353,NaN,NaN
1641686400,41499.90999783564,42170.11,41388.13,41750.97,26.577240970123526,NaN,NaN
1641708000,41625.43999891782,41990,41410,41755.8775,26.656015330201,NaN,NaN
1641729600,41690.65874945891,42200,41200.02,41838.057499999995,28.048167016974887,NaN,NaN
1641751200,41764.35812472945,42786.7,41764.35812472945,42128.057499999995,32.88912696984421,NaN,NaN
1641772800,41946.20781236472,42248.5,41601,41936.3525,31.385834659331906,NaN,NaN
1641794400,41941.28015618236,42149.31,41455,41800.2375,30.32594026214815,NaN,NaN
1641816000,41870.75882809118,42121.63,39650,41130.35249999999,25.722153601288383,NaN,NaN
1641837600,41500.55566404559,41985,41118.36,41527.5725,32.28650308789136,NaN,NaN
1641859200,41514.0640820228,42400.01,41514.0640820228,41969.285,38.767038952933945,NaN,NaN
1641880800,41741.6745410114,42627.66,41575,42030.6625,39.63160758715602,NaN,NaN
1641902400,41886.1685205057,43100,41268.93,42181.9825,41.812894479164385,NaN,NaN
1641924000,42034.07551025285,43095.26,42034.07551025285,42681.6575,48.438217713065846,NaN,NaN
1641945600,42357.866505126425,42965,42357.866505126425,42712.450000000004,48.82492364048231,NaN,NaN
1641967200,42535.15825256321,43443.6,42463.13,42887.03999999999,51.065832584119704,NaN,NaN
1641988800,42711.0991262816,44078.4,42711.0991262816,43432.475000000006,57.349310438249965,NaN,NaN
1642010400,43071.7870631408,44322,43071.7870631408,43898.13,61.852868098792825,NaN,NaN
1642032000,43484.9585315704,44075.42,43422.72,43765.8675,59.917599644750375,NaN,NaN
1642053600,43625.413015785205,44014.51,43500,43694.875,58.85318275954253,NaN,NaN
1642075200,43660.1440078926,44500,42565.01,43372.6775,54.15141137582787,NaN,NaN
1642096800,43516.4107539463,43516.4107539463,42311.22,42664.1025,45.53568712113782,NaN,NaN
1642118400,43090.25662697315,43090.25662697315,42362.91,42680.332500000004,45.74860410502742,NaN,NaN
1642140000,42885.294563486575,42978.1,41826.82,42428.215000000004,42.94037057697147,NaN,NaN
1642161600,42656.75478174329,43347.42,41725.95,42499.8925,43.99296840388708,NaN,NaN
1642183200,42578.32364087165,43448.78,42578.32364087165,43049.75,51.39966821835514,NaN,NaN
1642204800,42814.036820435824,43174,42712.94,42983.215,50.52889181264317,NaN,NaN
1642226400,42898.62591021791,43283.83,42873.53,43040.229999999996,51.290417220371125,NaN,NaN
1642248000,42969.42795510896,43564.15,42555,43130,52.529452797493455,NaN,NaN
1642269600,43049.71397755448,43800,43049.71397755448,43334.665,55.31994071093046,NaN,NaN
1642291200,43192.189488777236,43192.189488777236,42838,43008.6525,50.252497248003024,NaN,NaN
1642312800,43100.420994388616,43305,42759,42996.365,50.066345525009915,NaN,NaN
1642334400,43048.39299719431,43475,42581.79,43024.2425,50.514228684039765,NaN,NaN
1642356000,43036.317748597154,43263.15,42750.25,43039.235,50.76997322334044,NaN,NaN
1642377600,43037.77637429858,43176.18,42300,42803.13,46.678681771594185,NaN,NaN
1642399200,42920.45318714929,42967.99,42567.93,42717.9775,45.26202587131397,NaN,NaN
1642420800,42819.215343574644,42819.215343574644,41950,42381.3225,40.08268022059443,NaN,NaN
1642442400,42600.26892178733,42600.26892178733,41540.42,42061.385,35.880591116983055,NaN,NaN
1642464000,42330.82696089367,42436.66,41886.25,42155.4475,37.94052212217264,NaN,NaN
1642485600,42243.13723044684,42337.3,41453,41935.4225,35.09992556852046,NaN,NaN
1642507200,42089.27986522342,42089.27986522342,41250,41635.7925,31.627239765454334,NaN,NaN
1642528800,41862.536182611715,42691,41385.79,41979.4875,39.073498770619715,NaN,NaN
1642550400,41921.01184130586,42500,41582.99,42049.41499999999,40.49346865088514,NaN,NaN
1642572000,41985.21342065293,42178.48,41138.56,41779.0075,36.91098706321424,NaN,NaN
1642593600,41882.11046032647,42559.13,41697.46,42110.15,43.50282597637137,NaN,NaN
1642615200,41996.13023016324,42235.04,41548,41898.512500000004,40.58423898300317,NaN,NaN
1642636800,41947.32136508162,42082.26,41639.88,41815.33500000001,39.463639967167516,NaN,NaN
1642658400,41881.32818254081,42232.76,41807.94,42012.332500000004,43.44647265686647,NaN,NaN
1642680000,41946.83034127041,43505,41900.05,42640.0875,53.86331898165772,NaN,NaN
1642701600,42293.45892063521,43241.38,40553.31,41875.3625,43.380639629108884,NaN,NaN
1642723200,42084.41071031761,42084.41071031761,38220,39727.4825,27.30633919641315,NaN,NaN
1642744800,40905.9466051588,40905.9466051588,38465.67,38898.215000000004,23.660995675419898,NaN,NaN
1642766400,39902.0808025794,39902.0808025794,37710,38515.455,22.188609754651992,NaN,NaN
1642788000,39208.7679012897,39208.7679012897,35440.45,37228.3175,18.107868545308662,NaN,NaN
1642809600,38218.542700644844,38218.542700644844,35600.01,36154.8275,15.540786754599807,NaN,NaN
1642831200,37186.68510032242,37186.68510032242,34008,35284.5525,13.82915194717819,NaN,NaN
1642852800,36235.61880016121,36235.61880016121,34500,35177.3825,13.630067415233967,NaN,NaN
1642874400,35706.500650080605,35729.03,34243.38,34913.457500000004,13.128811661127727,NaN,NaN
1642896000,35309.979075040304,35565.09,34811,35225.9775,17.020295403448756,NaN,NaN
1642917600,35267.97828752015,36150.76,35165.22,35614.6675,21.717243926949436,NaN,NaN
1642939200,35441.32289376008,36080.5,35050.4,35537.4475,21.457388439429266,NaN,NaN
1642960800,35489.385196880045,36499,34601.01,35669.287500000006,23.14815466422897,NaN,NaN
1642982400,35579.336348440025,36251.5,34936.37,35654.12,23.086581800240438,NaN,NaN
1643004000,35616.728174220014,35616.728174220014,33029.54,34368.215,18.575396747577912,NaN,NaN
1643025600,34992.471587110005,35535.69,32917.17,34378.27,18.709158053919523,NaN,NaN
1643047200,34685.370793555005,37550,34685.370793555005,36190.8975,38.3657471459197,NaN,NaN
1643068800,35438.134146777506,36691.87,35438.134146777506,36308.8975,39.39316304614098,NaN,NaN
1643090400,35873.51582338875,36800,35701,36240.4525,38.98719621239741,NaN,NaN
1643112000,36056.984161694374,37481.75,35967.33,36782.1025,43.91317210634527,NaN,NaN
1643133600,36419.543330847184,37545.14,36419.543330847184,37049.585,46.222232937518406,NaN,NaN
1643155200,36734.564165423595,37974.43,36550.2,37270.7375,48.12385139740589,NaN,NaN
1643176800,37002.6508327118,38248.92,37002.6508327118,37757.767499999994,52.13771483709966,NaN,NaN
1643198400,37380.2091663559,38499,37380.2091663559,38021.92,54.207261295287694,NaN,NaN
1643220000,37701.06458317795,38919.98,36234.63,37501.2125,49.64979946532492,NaN,NaN
1643241600,37601.138541588974,37601.138541588974,35507.01,36341.91,41.320335786109055,NaN,NaN
1643263200,36971.524270794485,36971.524270794485,35815.8,36313.8625,41.140510283900994,NaN,NaN
1643284800,36642.693385397244,37199,36161.41,36580.605,43.652095696438124,NaN,NaN
1643306400,36611.64919269862,37234.47,35538.75,36553.835,43.45170428145347,NaN,NaN
1643328000,36582.742096349306,37467.98,36500,37083.4225,48.489534486586116,NaN,NaN
1643349600,36833.08229817465,37500,36287.03,36860.369999999995,46.606223783940415,NaN,NaN
1643371200,36846.72614908732,37376.7,36155.01,36705.745,45.29293062335964,NaN,NaN
1643392800,36776.235574543665,38000,36765.05,37331.3,51.27486062661321,NaN,NaN
1643414400,37053.767787271834,37983.41,37053.767787271834,37700.57000000001,54.44171745834241,NaN,NaN
1643436000,37377.16889363592,37925,37377.16889363592,37714.93,54.56538544345068,NaN,NaN
1643457600,37546.04944681796,38198.82,37268.44,37712.4075,54.53737979528469,NaN,NaN
1643479200,37629.22847340898,38720.74,37556.56,38022.612499999996,57.430891592632804,NaN,NaN
1643500800,37825.92048670449,38300,37737.49,38085.927500000005,58.01821084744756,NaN,NaN
1643522400,37955.92399335225,38359.26,37795,38100.915,58.16534825884662,NaN,NaN
1643544000,38028.41949667613,38153.82,37712.05,37991.725000000006,56.60872367663723,NaN,NaN
1643565600,38010.07224833807,38230,37351.63,37863.5975,54.756887865222986,NaN,NaN
1643587200,37936.834874169035,37951.07,36632.61,37366.770000000004,48.17582241458676,NaN,NaN
1643608800,37651.80243708452,37651.80243708452,36880,37136.6875,45.45144191476871,NaN,NaN
1643630400,37394.24496854226,38600,36724,37765.545,53.235533707679565,NaN,NaN
1643652000,37579.89498427113,38744,37579.89498427113,38480.155,60.18801778248843,NaN,NaN
1643673600,38030.024992135564,38649.9,38030.024992135564,38436.39,59.60357918851741,NaN,NaN
1643695200,38233.207496067786,39100,38000,38494.4875,60.15667405309619,NaN,NaN
1643716800,38363.847498033894,39265.2,38190.42,38686.9775,62.01248215690028,NaN,NaN
1643738400,38525.41249901695,38900,38341.06,38700.915,62.14995132866888,NaN,NaN
1643760000,38613.16374950847,38855.92,38300,38566.722499999996,59.90226507034155,NaN,NaN
1643781600,38589.94312475424,38597.95,38196.42,38425.1875,57.53865991160254,NaN,NaN
1643803200,38507.56531237712,38773.41,37066.66,37950.015,50.354990537013464,NaN,NaN
1643824800,38228.79015618856,38228.79015618856,36586.95,37156.909999999996,41.12577547892987,NaN,NaN
1643846400,37692.85007809428,37692.85007809428,36720.01,36922.387500000004,38.857796980868436,NaN,NaN
1643868000,37307.61878904714,37307.61878904714,36250.73,36783.567500000005,37.538173078385334,NaN,NaN
1643889600,37045.59314452358,37104.6,36250,36742.777500000004,37.13906609603838,NaN,NaN
1643911200,36894.185322261794,37387,36270,36950.0325,40.59507340047741,NaN,NaN
1643932800,36922.1089111309,37689,36922.1089111309,37393.68000000001,47.277135755054466,NaN,NaN
1643954400,37157.89445556545,38236.08,37157.89445556545,37785.0225,52.36693071023768,NaN,NaN
1643976000,37471.458477782726,40600,37290.2,39055.165,64.3845790020251,NaN,NaN
1643997600,38263.31173889137,41772.33,38263.31173889137,41036.455,74.9861760775592,NaN,NaN
1644019200,39649.883369445684,41913.69,39649.883369445684,41546.005,76.89133622201187,NaN,NaN
1644040800,40597.944184722845,41748.18,40597.944184722845,41450.84,75.73122004704925,NaN,NaN
1644062400,41024.39209236142,41899.54,40843.01,41439.12,75.57998031772202,NaN,NaN
1644084000,41231.756046180715,41771.85,41231.756046180715,41522.0475,75.94602444864995,NaN,NaN
1644105600,41376.90177309036,41640,41305.29,41475.2125,75.25989246120278,NaN,NaN
1644127200,41426.057136545176,41714.18,41401.58,41552.682499999995,75.65174101582122,NaN,NaN
1644148800,41489.369818272586,42168,41116.56,41612.85,75.97007440005697,NaN,NaN
1644170400,41551.10990913629,42656,41426.6,42027.0775,78.09355288769815,NaN,NaN
1644192000,41789.09370456815,43000,41645.85,42456.205,80.05946602746464,NaN,NaN
1644213600,42122.649352284076,42823,42122.649352284076,42643.8025,80.86778543124564,NaN,NaN
1644235200,42383.22592614204,44313.19,42383.22592614204,43431.91499999999,83.83280030183285,NaN,NaN
1644256800,42907.57046307102,44500.5,42907.57046307102,44063.225,85.73931886613349,NaN,NaN
1644278400,43485.39773153551,45000,43485.39773153551,44319.697499999995,86.43897029110872,NaN,NaN
1644300000,43902.54761576775,45492,43520.96,44471.08500000001,86.84910878691265,NaN,NaN
1644321600,44186.81630788388,44186.81630788388,42666,43399.1175,70.57293461312192,NaN,NaN
1644343200,43792.96690394194,44393.36,42700,43522.555,71.24128863616454,NaN,NaN
1644364800,43657.760951970966,44341.88,43117.92,43771.932499999995,72.5954699125351,NaN,NaN
1644386400,43714.84672598548,43939,43181.91,43605.322499999995,70.21657368696646,NaN,NaN
1644408000,43660.08461299274,44471.4,43579.66,43958.130000000005,72.2874931854621,NaN,NaN
1644429600,43809.10730649637,44799,43809.10730649637,44289.967500000006,74.11087754940036,NaN,NaN
1644451200,44049.53740324819,44400,43542.14,44048.657499999994,70.47927444960361,NaN,NaN
1644472800,44049.0974516241,45177.96,43757.57,44412.35,72.65422954663924,NaN,NaN
1644494400,44230.723725812044,45821,43174.01,44789.8825,74.7351021693435,NaN,NaN
1644516000,44510.303112906025,45400,43333.42,44389.822499999995,68.76377947507311,NaN,NaN
1644537600,44450.06280645301,44450.06280645301,42600,43173.35,54.503392980229684,NaN,NaN
1644559200,43811.706403226504,43811.706403226504,42814.23,43154.9625,54.32001949134431,NaN,NaN
1644580800,43483.33445161325,43920,43253.31,43487.005,57.125260481353855,NaN,NaN
1644602400,43485.16972580663,43500,41938.51,42807.355,50.31424930248441,NaN,NaN
1644624000,43146.26236290332,43146.26236290332,42156.99,42322.0975,46.08900031351451,NaN,NaN
1644645600,42734.17993145166,42734.17993145166,41688.88,42206.607500000006,45.117893651093546,NaN,NaN
1644667200,42470.39371572583,42806.65,41800.13,42434.302500000005,47.46799928139582,NaN,NaN
1644688800,42452.34810786292,43079.49,41700,42430.325,47.429791729886425,NaN,NaN
1644710400,42441.336553931455,42508.47,42057.26,42263.0225,45.76130184946595,NaN,NaN
1644732000,42352.17952696573,42654.64,42215,42402.2175,47.418636058544195,NaN,NaN
1644753600,42377.198513482865,42760,42082.16,42395.07,47.33864675992621,NaN,NaN
1644775200,42386.13425674143,42497.85,41870,42172.225,44.80115049721979,NaN,NaN
1644796800,42279.179628370715,42279.179628370715,41550.56,41890.7175,41.75618651221227,NaN,NaN
1644818400,42084.94856418535,42415,41734.7,42011.5475,43.53028639617761,NaN,NaN
1644840000,42048.24803209268,42842.4,41961.13,42371.56,48.55803234849695,NaN,NaN
1644861600,42209.904016046334,42800,41803.17,42427.28,49.310271470497376,NaN,NaN
1644883200,42318.592008023166,43781.97,42318.592008023166,43079.595,57.20078223508739,NaN,NaN
1644904800,42699.09350401159,44425.85,42699.09350401159,43938.6625,64.94079712524356,NaN,NaN
1644926400,43318.87800200579,44500,43318.87800200579,44126.1675,66.37034474624726,NaN,NaN
1644948000,43722.52275100289,44751.4,43722.52275100289,44272.845,67.48717364622019,NaN,NaN
1644969600,43997.68387550145,44549.97,43673.92,44206.4275,66.41166890069957,NaN,NaN
1644991200,44102.05568775072,44327.55,43876,44108.4175,64.77128259221598,NaN,NaN
1645012800,44105.236593875365,44214.11,43307,43817.005000000005,60.023958859945076,NaN,NaN
1645034400,43961.120796937685,44376.58,43506.64,43832.634999999995,60.19248485694244,NaN,NaN
1645056000,43896.87789846884,44164.71,43350,43751.417499999996,58.80522331208448,NaN,NaN
1645077600,43824.14769923442,44022.36,42900,43425.955,53.48550987636295,NaN,NaN
1645099200,43625.051349617206,43625.051349617206,41600,42462.7275,41.515485043271035,NaN,NaN
1645120800,43043.8894248086,43043.8894248086,40073.21,41050.9875,30.678590559268798,NaN,NaN
1645142400,42047.4384624043,42047.4384624043,40300,40597.835,28.13946107995075,NaN,NaN
1645164000,41322.63673120215,41322.63673120215,40101.01,40466.3625,27.430124355357663,NaN,NaN
1645185600,40894.499615601075,40894.499615601075,39450,40112.729999999996,25.56349203160528,NaN,NaN
1645207200,40503.614807800535,40503.614807800535,39711.31,40012.18,25.04168592545257,NaN,NaN
1645228800,40257.897403900264,40307.22,39915.89,40108.8275,26.59272001404291,NaN,NaN
1645250400,40183.36245195013,40444.32,39648.6,40043.305,26.196955479708777,NaN,NaN
1645272000,40113.33372597507,40345.62,39639.03,39992.4025,25.874786132296677,NaN,NaN
1645293600,40052.86811298753,40203.88,39800,40056.369999999995,27.088274781785657,NaN,NaN
1645315200,40054.619056493764,40125.44,39285.3,39709.955,24.727413623362764,NaN,NaN
1645336800,39882.28702824688,39882.28702824688,38000,38784.292499999996,19.769258176891157,NaN,NaN
1645358400,39333.28976412344,39333.28976412344,38022,38315.325,17.81977933248477,NaN,NaN
1645380000,38824.307382061714,38979.12,38048.49,38423.4525,19.783898366102093,NaN,NaN
1645401600,38623.87994103086,39494.35,38182.98,38823.2225,26.754058981850577,NaN,NaN
1645423200,38723.55122051543,39362.15,37348.49,38379.1575,24.234963487271386,NaN,NaN
1645444800,38551.35436025771,39283.07,37213.63,38150.112499999996,23.030437712495598,NaN,NaN
1645466400,38350.73343012885,38655.73,36800,37747.887500000004,21.051676688477926,NaN,NaN
1645488000,38049.31046506442,38049.31046506442,36350,36891.817500000005,17.588032206652116,NaN,NaN
1645509600,37470.563982532214,37865,36515.87,37160.275,21.926167218317644,NaN,NaN
1645531200,37315.419491266104,38298.48,37274.38,37683.325000000004,29.691707534933457,NaN,NaN
1645552800,37499.37224563306,38429,37499.37224563306,37963.00749999999,33.50053333908164,NaN,NaN
1645574400,37731.189872816525,38354.56,37528.33,38022.332500000004,34.31339846303473,NaN,NaN
1645596000,37876.761186408265,39125.47,37876.761186408265,38449.28,39.99784980594245,NaN,NaN
1645617600,38163.02059320413,39249.93,38005.24,38530.64,41.0448687018562,NaN,NaN
1645639200,38346.830296602064,38346.830296602064,37036.79,37620.29,33.913912877391795,NaN,NaN
1645660800,37983.56014830103,37983.56014830103,34322.28,35920.24,25.13252770644499,NaN,NaN
1645682400,36951.900074150515,36951.900074150515,34379.04,35097.46,22.14405682262607,NaN,NaN
1645704000,36024.68003707526,36310.52,35035,35654.9,28.359479624099222,NaN,NaN
1645725600,35839.790018537635,39843,35800,37450.5175,43.896542312864355,NaN,NaN
1645747200,36645.15375926882,39030.01,36645.15375926882,38487.652500000004,50.565344600595104,NaN,NaN
1645768800,37566.40312963441,38876.91,37566.40312963441,38522.4175,50.77655817097104,NaN,NaN
1645790400,38044.41031481721,39683.53,38044.41031481721,39025.7375,53.85082053335238,NaN,NaN
1645812000,38535.0739074086,39600,38535.0739074086,39082.8725,54.2005018247254,NaN,NaN
1645833600,38808.9732037043,40348.45,38808.9732037043,39386.2275,56.10238127089546,NaN,NaN
1645855200,39097.60035185215,39546,38573.18,39017.219999999994,53.20792301187606,NaN,NaN
1645876800,39057.41017592607,39378.6,38772.15,39081.8875,53.6591402104649,NaN,NaN
1645898400,39069.64883796303,39700,38823.08,39222.095,54.67955637916619,NaN,NaN
1645920000,39145.87191898152,39256.58,38189.19,38786.705,50.929204443263004,NaN,NaN
1645941600,38966.28845949076,39548.17,38576.6,39047.22,53.00615880840337,NaN,NaN
1645963200,39006.75422974538,39855.7,38565.14,39217.5875,54.366434562966695,NaN,NaN
1645984800,39112.17086487269,39157.14,37000,38206.4775,45.878672542355815,NaN,NaN
1646006400,38659.32418243635,38659.32418243635,37450.17,37865.555,43.41735500063763,NaN,NaN
1646028000,38262.43959121818,38672.96,37451.56,38071.9025,45.329148038095695,NaN,NaN
1646049600,38167.17104560909,41426.12,37934.89,39780.115000000005,57.9849547542506,NaN,NaN
1646071200,38973.64302280455,44225.84,38973.64302280455,42455.229999999996,69.78222873473702,NaN,NaN
1646092800,40714.43651140227,43750,40714.43651140227,43243.8625,72.2554941342698,NaN,NaN
1646114400,41979.149505701134,43887,41979.149505701134,43379.3,72.6692167968506,NaN,NaN
1646136000,42679.22475285057,44949,42679.22475285057,43828.564999999995,74.05148756378074,NaN,NaN
1646157600,43253.894876425285,44506.65,43253.894876425285,43998.11749999999,74.57412822372915,NaN,NaN
1646179200,43626.00618821264,44750,43626.00618821264,44315.087499999994,75.56496548456707,NaN,NaN
1646200800,43970.54684410631,44375.61,43653.63,44100.425,73.47663867233621,NaN,NaN
1646222400,44035.48592205316,45400,43334.09,44146.89,73.6464130522158,NaN,NaN
1646244000,44091.187961026575,44380,43433,43864.0425,70.68052703387019,NaN,NaN
1646265600,43977.615230513285,44063.15,43193.52,43616.6325,68.09718675128512,NaN,NaN
1646287200,43797.12386525664,43797.12386525664,42915.06,43327.747500000005,65.10500058784515,NaN,NaN
1646308800,43562.43568262832,44101.12,42055.64,42984.335,61.637774363830204,NaN,NaN
1646330400,43273.38534131416,43273.38534131416,41832.28,42347.0675,55.70877017293334,NaN,NaN
1646352000,42810.22642065708,42810.22642065708,41069.91,41856.415,51.59377751978813,NaN,NaN
1646373600,42333.32071032854,42333.32071032854,40863.01,41451.1025,48.41248548585324,NaN,NaN
1646395200,41892.211605164266,41892.211605164266,40414.24,41187.4575,46.40795410561404,NaN,NaN
1646416800,41539.834552582135,41539.834552582135,38550,39866.395000000004,37.93261998116547,NaN,NaN
1646438400,40703.11477629107,40703.11477629107,38407.59,38940.307499999995,33.33644056522253,NaN,NaN
1646460000,39821.71113814553,39821.71113814553,38784.69,39053.9525,34.38708665620294,NaN,NaN
1646481600,39437.831819072766,39613.24,38889.75,39265.6425,36.39791050433436,NaN,NaN
1646503200,39351.73715953638,39583.66,39256.84,39417.115,37.8652724029986,NaN,NaN
1646524800,39384.42607976819,39693.87,38814.73,39348.2525,37.44234813448482,NaN,NaN
1646546400,39366.3392898841,39606.96,38088.57,38883.6125,34.631656032229344,NaN,NaN
1646568000,39124.97589494205,39368.4,38296.12,38755.32,33.875510480363204,NaN,NaN
1646589600,38940.14794747102,39273.79,38127,38706.47,33.57490635550025,NaN,NaN
1646611200,38823.30897373551,38823.30897373551,37578.03,38144.715,30.250537224769587,NaN,NaN
1646632800,38484.01198686776,38484.01198686776,37649.46,38102.56,30.01040353368711,NaN,NaN
1646654400,38293.28599343388,39547.57,38293.28599343388,38705.8425,37.639700411021636,NaN,NaN
1646676000,38499.56424671694,38601.71,37155,38086.6025,33.591987657169184,NaN,NaN
1646697600,38293.08337335847,38972.08,37867.65,38294.884999999995,36.081799509722934,NaN,NaN
1646719200,38293.984186679234,39186.58,38001,38630.61,39.98753728097325,NaN,NaN
1646740800,38462.297093339614,39226.99,38139.84,38855.4525,42.52073536984503,NaN,NaN
1646762400,38658.87479666981,39362.08,38388.73,38888.345,42.90045540136387,NaN,NaN
1646784000,38773.60989833491,41884,38656.45,40196.735,55.49508268082788,NaN,NaN
1646805600,39485.172449167454,42438.81,39485.172449167454,41882.2,65.92269951740369,NaN,NaN
1646827200,40683.686224583726,42594.06,40683.686224583726,42173.18,67.34519923504256,NaN,NaN
1646848800,41428.43311229187,42327.82,41428.43311229187,42068.185,66.27023095110702,NaN,NaN
1646870400,41748.30905614593,42039.63,38848.48,40509.835,52.79928432162173,NaN,NaN
1646892000,41129.072028072966,41129.072028072966,38782.14,39123.6775,44.19383455031065,NaN,NaN
1646913600,40126.37476403648,40292.44,38539.73,39268.21,45.19680703647413,NaN,NaN
1646935200,39697.29238201824,39697.29238201824,39010.85,39319.28,45.56905960344152,NaN,NaN
1646956800,39508.286191009116,39508.286191009116,38223.6,38964.19,43.363525922994874,NaN,NaN
1646978400,39236.23809550456,40219.34,38676.69,39390.3025,46.697496416211116,NaN,NaN
1647000000,39313.27029775228,40236.26,38577,39380.785,46.63146844857295,NaN,NaN
1647021600,39347.027648876145,39347.027648876145,38308.83,38757.9175,42.405608493255414,NaN,NaN
1647043200,39052.47257443807,39327.99,38660.52,38972.225,44.27671747298622,NaN,NaN
1647064800,39012.34878721903,39284.46,38957.47,39122.9775,45.6151866287723,NaN,NaN
1647086400,39067.66314360952,39486.71,38678.22,39085.92,45.326966301799665,NaN,NaN
1647108000,39076.79157180476,39210,38730.67,38961.905,44.31776958411489,NaN,NaN
1647129600,39019.34828590238,39310,38703.73,38985.787500000006,44.573702002741385,NaN,NaN
1647151200,39002.56789295119,39200,38601.81,38916.2475,43.94039797924358,NaN,NaN
1647172800,38959.407696475595,39074.93,38370,38782.76,42.68663326936269,NaN,NaN
1647194400,38871.0838482378,39067,37578.51,38341.955,38.75419945964297,NaN,NaN
1647216000,38606.5194241189,38921,37555,38180.345,37.39407480668625,NaN,NaN
1647237600,38393.43221205945,39299.98,38393.43221205945,38781.149999999994,45.107121162894856,NaN,NaN
1647259200,38587.29110602972,39174.79,38552.23,38840.2725,45.81457309652136,NaN,NaN
1647280800,38713.78180301486,39947.12,38415.4,39192.5775,49.95365478541228,NaN,NaN
1647302400,38953.17965150743,39804.68,38636.7,39217.1825,50.239542248681566,NaN,NaN
1647324000,39085.18107575372,39085.18107575372,38098.33,38622.485,43.73640065654976,NaN,NaN
1647345600,38853.83303787686,39400,38465.7,38951.73,47.76752246396968,NaN,NaN
1647367200,38902.78151893843,39887.61,38902.78151893843,39411.7825,52.850819081423204,NaN,NaN
1647388800,39157.282009469214,41718,38828.48,39787.0125,56.563869109706225,NaN,NaN
1647410400,39472.147254734606,40731.3,39257.89,39958.0075,58.180124281797724,NaN,NaN
1647432000,39715.0773773673,41194.6,39715.0773773673,40546.0775,63.24537643854792,NaN,NaN
1647453600,40130.57743868365,41471.36,39311.53,40580.8975,63.527067740954216,NaN,NaN
1647475200,40355.737469341824,41478.82,40355.737469341824,41118.785,67.65148988659058,NaN,NaN
1647496800,40737.261234670914,41102.98,40500,40853.4475,63.81772385583406,NaN,NaN
1647518400,40795.35436733546,41233.27,40565.39,40830.884999999995,63.48825459851391,NaN,NaN
1647540000,40813.119683667726,41068.9,40639.77,40850.737499999996,63.66600044531986,NaN,NaN
1647561600,40831.92859183386,40933.11,40215.59,40705.9,61.32056484548839,NaN,NaN
1647583200,40768.914295916926,40838,40135.04,40530.115000000005,58.50358400090996,NaN,NaN
1647604800,40649.514647958466,41698.47,40300,41012.682499999995,63.465424026377384,NaN,NaN
1647626400,40831.09857397923,42325.02,40831.09857397923,41834.7125,70.03777207187754,NaN,NaN
1647648000,41332.905536989616,42000,41332.905536989616,41748.5025,68.6431128163797,NaN,NaN
1647669600,41540.70401849481,41791.52,41535.22,41696.43,67.76534648024486,NaN,NaN
1647691200,41618.5670092474,42163.5,41618.5670092474,41856.899999999994,69.07762175691987,NaN,NaN
1647712800,41737.7335046237,42400,41715.43,42051.4925,70.63859583090552,NaN,NaN
1647734400,41894.613002311846,42296.26,41751.99,42036.6075,70.34606607942945,NaN,NaN
1647756000,41965.61025115592,42007.99,41575,41766.725000000006,65.0833666850355,NaN,NaN
1647777600,41866.16762557796,41866.16762557796,40911,41307.465000000004,57.23627558435788,NaN,NaN
1647799200,41586.816312788986,41677.65,40938.67,41227.8575,55.976411245474736,NaN,NaN
1647820800,41407.33690639449,41451.51,40467.94,41031.685,52.887037293996265,NaN,NaN
1647842400,41219.51095319724,41492.14,40764.77,41111.595,54.00072669606301,NaN,NaN
1647864000,41165.55297659862,41544.22,40738.48,41145.8425,54.49717548298845,NaN,NaN
1647885600,41155.69773829931,41370,40863.54,41073.0475,53.18329434518952,NaN,NaN
1647907200,41114.37261914965,43361,40875.51,42022.192500000005,65.02380316362397,NaN,NaN
1647928800,41568.28255957483,43030.2,41568.28255957483,42714.5525,70.82106638166623,NaN,NaN
1647950400,42141.41752978742,43199,42141.41752978742,42813.1725,71.54455796612602,NaN,NaN
1647972000,42477.29501489371,42872.17,42258.68,42527.99,66.41617460291462,NaN,NaN
1647993600,42502.64250744686,42529.99,41751.47,42166.7375,60.50011239349519,NaN,NaN
1648015200,42334.69000372343,42345.32,41878.82,42071.3175,59.005043372631434,NaN,NaN
1648036800,42203.00375186172,42775.1,41881,42214.05,60.574503810838735,NaN,NaN
1648058400,42208.52687593086,43025.96,42050.37,42529.855,63.87033311858177,NaN,NaN
1648080000,42369.19093796543,43276.12,42369.19093796543,42955.3425,67.77860180478935,NaN,NaN
1648101600,42662.26671898272,43478,42662.26671898272,43074.96,68.80039305033054,NaN,NaN
1648123200,42868.613359491355,44220.89,42560.46,43391.22,71.38418828852704,NaN,NaN
1648144800,43129.91667974568,44100,43129.91667974568,43915.915,75.07255489702622,NaN,NaN
1648166400,43522.91583987284,44398.53,43522.91583987284,44079.645,76.10745046413042,NaN,NaN
1648188000,43801.28041993642,44664.2,43579,44225.674999999996,77.02366670827439,NaN,NaN
1648209600,44013.47770996821,45094.14,44013.11,44505.2375,78.70708530371218,NaN,NaN
1648231200,44259.35760498411,44646.06,44164.97,44363.155,75.67252359680914,NaN,NaN
1648252800,44311.25630249205,44517.23,44071.97,44350.2025,75.38717397526196,NaN,NaN
1648274400,44330.729401246026,44578,44318.94,44432.47,76.00604521675294,NaN,NaN
1648296000,44381.59970062302,44431.75,44140.76,44319.955,73.29172807420419,NaN,NaN
1648317600,44350.77735031151,44792.99,44255,44483.02,74.70178715464237,NaN,NaN
1648339200,44416.89867515575,44950,44416.89867515575,44646.095,76.0628413967824,NaN,NaN
1648360800,44531.49683757788,44750,44469.38,44606.9725,75.02007511090392,NaN,NaN
1648382400,44569.23466878894,45036.04,44421.46,44736.6325,76.18533555588544,NaN,NaN
1648404000,44652.93358439447,46999,44652.93358439447,45856.1025,83.38975558682158,NaN,NaN
1648425600,45254.51804219723,47650,45254.51804219723,47049.3775,87.67118406072302,NaN,NaN
1648447200,46151.94777109862,47383.05,46151.94777109862,47102.152500000004,87.82070676407206,NaN,NaN
1648468800,46627.05013554931,47908.05,46627.05013554931,47470.7975,88.83895876768652,NaN,NaN
1648490400,47048.92381777466,48189.84,46885.44,47449.1375,88.3714604991261,NaN,NaN
1648512000,47249.03065888733,47671.24,47050,47371.12,86.60366876866604,NaN,NaN
1648533600,47310.075329443665,47963.24,47310.075329443665,47708.765,87.74613923815646,NaN,NaN
1648555200,47509.42016472183,48096.47,47105.5,47638.635,86.10362649045466,NaN,NaN
1648576800,47574.02758236091,47871.02,46950.85,47428.287500000006,81.19427273602314,NaN,NaN
1648598400,47501.15754118046,47550.64,46445.42,47228.95999999999,76.72968999629904,NaN,NaN
1648620000,47365.05877059023,47580,47064.81,47362.4275,77.61717960920413,NaN,NaN
1648641600,47363.74313529511,47700.22,46869,47387.16,77.78624714432294,NaN,NaN
1648663200,47375.45156764756,47690.18,46831.81,47312.369999999995,75.91877219048231,NaN,NaN
1648684800,47343.910783823776,47425.21,46898.12,47121.637500000004,71.22268491457235,NaN,NaN
1648706400,47232.77414191189,47386.7,47000,47158.485,71.58832336238864,NaN,NaN
1648728000,47195.62957095595,47600,45651.35,46555.8375,58.497205830986616,NaN,NaN
1648749600,46875.73353547798,46875.73353547798,45200,45629.5675,44.90504297044395,NaN,NaN
1648771200,46252.65051773899,46252.65051773899,44200,45000.3425,38.380923283406645,NaN,NaN
1648792800,45626.496508869495,45626.496508869495,44567.94,44900.565,37.45172173789852,NaN,NaN
1648814400,45263.530754434745,46720.09,44701.01,45737.7125,48.67834625849317,NaN,NaN
1648836000,45500.62162721738,46602,45500.62162721738,46356.705,55.09613797808468,NaN,NaN
1648857600,45928.66331360869,47213,45928.66331360869,46529.95,56.727162012809025,NaN,NaN
1648879200,46229.30665680434,46753.15,46229.30665680434,46564.1875,57.059112796695416,NaN,NaN
1648900800,46396.74707840217,46941.11,46130.03,46493.27,56.099158140860816,NaN,NaN
1648922400,46445.00853920108,46445.00853920108,45620,46046.2175,50.34868438796803,NaN,NaN
1648944000,46245.61301960054,46380.96,45530.92,46019.7,50.021147914690445,NaN,NaN
1648965600,46132.65650980027,46570,46076.92,46313.85999999999,53.62518656474804,NaN,NaN
1648987200,46223.25825490013,46723,46188,46389.634999999995,54.53470229248725,NaN,NaN
1649008800,46306.44662745006,47444.11,46248.84,46623.815,57.320538081775176,NaN,NaN
1649030400,46465.13081372503,46465.13081372503,45744.77,46211.235,51.35067114016995,NaN,NaN
1649052000,46338.182906862516,46338.182906862516,45787,46118.034999999996,50.08177370743544,NaN,NaN
1649073600,46228.108953431256,46359,45176.9,45767.8125,45.52894990442283,NaN,NaN
1649095200,45997.960726715624,46890.71,45118,45991.125,48.72948431141295,NaN,NaN
1649116800,45994.54286335781,46884.49,45994.54286335781,46644.399999999994,56.73767330073824,NaN,NaN
1649138400,46319.4714316789,46754.76,46319.4714316789,46665.1625,56.96772699137925,NaN,NaN
1649160000,46492.31696583945,47200,45600,46363.095,52.58643590060476,NaN,NaN
1649181600,46427.705982919724,46427.705982919724,45353.81,45731.9875,44.82902899466685,NaN,NaN
1649203200,46079.84674145986,46079.84674145986,44412,45197.8025,39.51549683945955,NaN,NaN
1649224800,45638.82462072993,45638.82462072993,44665.91,45091.8075,38.53936844022966,NaN,NaN
1649246400,45365.31606036497,45365.31606036497,43393.74,44257.049999999996,31.863692612296006,NaN,NaN
1649268000,44811.18303018248,44811.18303018248,43121,43601.340000000004,27.791414272014023,NaN,NaN
1649289600,44206.261515091246,44206.261515091246,42727.35,43214.225,25.70290486615326,NaN,NaN
1649311200,43710.24325754562,43834.52,43269.5,43567.6875,30.815294137388534,NaN,NaN
1649332800,43638.96537877281,43900.99,43024.86,43587.57,31.10248325508583,NaN,NaN
1649354400,43613.267689386405,43819.99,43208,43532.465,30.721847216804363,NaN,NaN
1649376000,43572.866344693204,43694.15,43305.57,43524.55500000001,30.66383606557008,NaN,NaN
1649397600,43548.710672346606,43970.62,43260.76,43546.11750000001,31.046071097860974,NaN,NaN
1649419200,43547.4140861733,43961.99,42751.01,43254.0425,28.735253496738594,NaN,NaN
1649440800,43400.72829308665,43400.72829308665,42107.14,42671.07,24.771948032333825,NaN,NaN
1649462400,43035.89914654332,43035.89914654332,42125.48,42400.885,23.17648091989986,NaN,NaN
1649484000,42718.392073271665,42718.392073271665,42322.72,42488.925,24.874408196734905,NaN,NaN
1649505600,42603.658536635834,42613.8,42158.67,42448.307499999995,24.60422864244596,NaN,NaN
1649527200,42525.983018317915,42800,42390,42629.91,28.351377009522267,NaN,NaN
1649548800,42577.94650915896,42896.64,42577.94650915896,42724.575,30.296124089409943,NaN,NaN
1649570400,42651.260754579474,42796.01,42433.49,42641.64,29.539650575620215,NaN,NaN
1649592000,42646.45037728974,43310.15,42525,42904.78,35.07860984211101,NaN,NaN
1649613600,42775.615188644864,43410.3,41868,42635.19,32.27895532833763,NaN,NaN
1649635200,42705.40259432243,42705.40259432243,41755,42154.04,27.985932101243137,NaN,NaN
1649656800,42429.72129716122,42429.72129716122,40968.11,41668.409999999996,24.451220321762435,NaN,NaN
1649678400,42049.06564858061,42049.06564858061,40250,40755.83,19.47370194562366,NaN,NaN
1649700000,41402.447824290306,41402.447824290306,39200,39946.9875,16.305430994000204,NaN,NaN
1649721600,40674.71766214515,40674.71766214515,39290,39767.807499999995,15.696204612956137,NaN,NaN
1649743200,40221.26258107257,40464,39834.98,40195.69,23.08660667937687,NaN,NaN
1649764800,40208.47629053629,40699,39800,40222.93,23.546109089590786,NaN,NaN
1649786400,40215.70314526814,40289.02,39254.63,39908.325,21.917488889293182,NaN,NaN
1649808000,40062.01407263407,40275,39588.54,40031.595,24.13179140665217,NaN,NaN
1649829600,40046.80453631704,40228.41,39656.1,39948.759999999995,23.64651246761302,NaN,NaN
1649851200,39997.78226815852,41411,39622.87,40450.1025,32.49453361670187,NaN,NaN
1649872800,40223.94238407926,41561.31,40223.94238407926,41185.9075,42.94476013930859,NaN,NaN
1649894400,40704.92494203963,41500,40704.92494203963,41255.1425,43.82595130403915,NaN,NaN
1649916000,40980.03372101982,41360,40851.5,41109.985,42.34916414226317,NaN,NaN
1649937600,41045.00936050991,41300,39772.58,40494.85,36.70468695022208,NaN,NaN
1649959200,40769.92968025495,40769.92968025495,39551.94,39877.525,32.083172678630945,NaN,NaN
1649980800,40323.72734012747,40323.72734012747,39766.4,40026.9925,34.24205319798435,NaN,NaN
1650002400,40175.35992006374,40449.96,39953.2,40188.975,36.59431380081191,NaN,NaN
1650024000,40182.167460031866,40870.36,39900,40356.5925,39.02497873392075,NaN,NaN
1650045600,40269.37998001593,40602,40269.37998001593,40466.4775,40.63175294040904,NaN,NaN
1650067200,40367.92874000796,40709.35,40367.92874000796,40522.995,41.48582243482043,NaN,NaN
1650088800,40445.46187000399,40492.91,40277,40410.92,40.24928396898817,NaN,NaN
1650110400,40428.19093500199,40577.57,39991.55,40284.765,38.84572219911998,NaN,NaN
1650132000,40356.47796750099,40699.55,40106.98,40334.5575,39.738933750530336,NaN,NaN
1650153600,40345.5177337505,40430,40122.05,40323.8075,39.604440470061654,NaN,NaN
1650175200,40334.662616875255,40529.79,40234.79,40398.455,41.095263458660924,NaN,NaN
1650196800,40366.55880843763,40595.67,40050,40303.04,39.74478610302515,NaN,NaN
1650218400,40334.799404218815,40459.52,39546.17,39946.3825,35.101356862093894,NaN,NaN
1650240000,40140.59095210941,40140.59095210941,38536.51,39258.4525,28.246468359881703,NaN,NaN
1650261600,39699.52172605471,39699.52172605471,38791.73,38962.7425,25.90461311643641,NaN,NaN
1650283200,39331.13211302736,40370.8,38998.54,39644.7275,38.55674233780314,NaN,NaN
1650304800,39487.92980651368,41116.73,39487.92980651368,40584.98,50.98375736690919,NaN,NaN
1650326400,40036.45490325685,41263.43,40036.45490325685,40831.63,53.633006685026885,NaN,NaN
1650348000,40434.042451628426,41026.89,40434.042451628426,40736.537500000006,52.45587041688807,NaN,NaN
1650369600,40585.289975814216,41760,40585.289975814216,41113.7975,56.5319609673245,NaN,NaN
1650391200,40849.54373790711,41547.65,40849.54373790711,41399.85,59.37590038988751,NaN,NaN
1650412800,41124.69686895356,41541.23,41124.69686895356,41427.0925,59.646679691014846,NaN,NaN
1650434400,41275.89468447678,42199,41275.89468447678,41756.2175,62.86694048185389,NaN,NaN
1650456000,41516.05609223839,42173.38,41037.11,41667.6875,61.44649950622445,NaN,NaN
1650477600,41591.871796119194,41645.09,40820,41298.385,55.784250835324386,NaN,NaN
1650499200,41445.1283980596,41785.48,41320.47,41481.725000000006,57.86032396183344,NaN,NaN
1650520800,41463.426699029806,42690,41419.2,42002.9875,63.157012509030835,NaN,NaN
1650542400,41733.207099514904,42976,41487.58,42114.39750000001,64.19295141672234,NaN,NaN
1650564000,41923.80229975746,41923.80229975746,39751,40863.805,47.90863780783992,NaN,NaN
1650585600,41393.803649878726,41393.803649878726,40232.63,40528.012500000004,44.6345302831204,NaN,NaN
1650607200,40960.90807493936,40960.90807493936,40138.03,40546.9725,44.86365351403012,NaN,NaN
1650628800,40753.94028746968,40753.94028746968,39177,39935.787500000006,39.22798802258225,NaN,NaN
1650650400,40344.863893734844,40344.863893734844,39203.52,39522.134999999995,35.937598791203314,NaN,NaN
1650672000,39933.49944686742,39933.49944686742,39285,39609.207500000004,37.13297388232098,NaN,NaN
1650693600,39771.353473433715,39771.353473433715,39501.41,39590.5275,36.97357949387476,NaN,NaN
1650715200,39680.940486716856,39980,39535.22,39733.509999999995,39.12747825719664,NaN,NaN
1650736800,39707.22524335842,39948.27,39327.58,39633.3325,38.14392029852456,NaN,NaN
1650758400,39670.27887167921,39828,39414.18,39587.75,37.67979075345312,NaN,NaN
1650780000,39629.01443583961,39810.02,39544.91,39657.8125,38.91021438221563,NaN,NaN
1650801600,39643.4134679198,39940,38929.62,39474.98,36.86476078759093,NaN,NaN
1650823200,39559.19673395991,39807.94,39408.61,39521.965,37.7701088277093,NaN,NaN
1650844800,39540.58086697995,39540.58086697995,38674,39150.045,33.655954043752686,NaN,NaN
1650866400,39345.31293348997,39345.31293348997,38200,38766.3675,30.02279064546562,NaN,NaN
1650888000,39055.84021674498,39665.35,38578.6,39117.78999999999,36.75695500606637,NaN,NaN
1650909600,39086.81510837249,40616,39086.81510837249,39933.655,49.022322394557975,NaN,NaN
1650931200,39510.23505418624,40773.65,39510.23505418624,40540.88500000001,55.880626337766856,NaN,NaN
1650952800,40025.560027093125,40797.31,40025.560027093125,40520.832500000004,55.61453850992019,NaN,NaN
1650974400,40273.19626354656,40625,38000.18,39372.825,42.99277351927299,NaN,NaN
1650996000,39823.01063177328,39823.01063177328,37702.26,38197.9425,34.39063645717302,NaN,NaN
1651017600,39010.47656588664,39010.47656588664,37881.31,38243.5225,34.934545068919874,NaN,NaN
1651039200,38626.999532943315,39221.65,38401.17,38762.535,40.93869249765556,NaN,NaN
1651060800,38694.76726647166,39474.72,38435.95,39009.4625,43.60504436828074,NaN,NaN
1651082400,38852.11488323583,39399.99,38668.2,39103.475,44.62996451875867,NaN,NaN
1651104000,38977.79494161792,39689.49,38977.79494161792,39349.799999999996,47.33089427773855,NaN,NaN
1651125600,39163.79747080896,39882.38,39163.79747080896,39540.8425,49.392746071251835,NaN,NaN
1651147200,39352.31998540448,40300,38881.43,39786.115,51.991261746432,NaN,NaN
1651168800,39569.21749270224,40372.63,39569.21749270224,40001.3325,54.21287936119933,NaN,NaN
1651190400,39785.274996351116,39925.25,39286.01,39613.645000000004,49.74702051163848,NaN,NaN
1651212000,39699.45999817556,39699.45999817556,38616.46,39125.345,44.74716294268199,NaN,NaN
1651233600,39412.40249908778,39412.40249908778,38435.42,38808.3925,41.80977992105151,NaN,NaN
1651255200,39110.39749954389,39110.39749954389,38175,38521.6575,39.29661262184711,NaN,NaN
1651276800,38816.027499771946,38816.027499771946,38493.52,38647.005,40.967152708223125,NaN,NaN
1651298400,38731.51624988597,38746.15,38536.66,38641.457500000004,40.91348947758609,NaN,NaN
1651320000,38686.48687494299,38686.48687494299,38156.04,38415.19500000001,38.68755550840608,NaN,NaN
1651341600,38550.8409374715,38550.8409374715,37578.2,37998.5875,34.92031698247571,NaN,NaN
1651363200,38274.71421873575,38274.71421873575,37386.38,37810.58750000001,33.34246943339241,NaN,NaN
1651384800,38042.65085936788,38149.92,37866.62,38004.845,36.53353551289909,NaN,NaN
1651406400,38023.747929683945,38675,37841.9,38210.5375,39.81881740106676,NaN,NaN
1651428000,38117.142714841975,38630,37686.26,38291.770000000004,41.115183617408164,NaN,NaN
1651449600,38204.45635742099,39122.77,38204.45635742099,38744.0525,47.850826662174306,NaN,NaN
1651471200,38474.2544287105,39167.34,38474.2544287105,38796.807499999995,48.58952292054461,NaN,NaN
1651492800,38635.53096435525,39155.47,38193.66,38562.1175,45.501637759656916,NaN,NaN
1651514400,38598.82423217762,38908.56,38052,38464.07,44.23681696108905,NaN,NaN
1651536000,38531.447116088806,38625,38317.06,38498.435,44.81582029989677,NaN,NaN
1651557600,38514.9410580444,38651.51,38261.16,38502.302500000005,44.885178940310176,NaN,NaN
1651579200,38508.6217790222,38607.09,38050,38319.777500000004,42.190089718735734,NaN,NaN
1651600800,38414.199639511105,38414.199639511105,37517.8,37837.69,36.03562311345991,NaN,NaN
1651622400,38125.944819755554,38136,37670,37906.5875,37.44017495052314,NaN,NaN
1651644000,38016.26615987778,39100,38016.26615987778,38569.1375,49.030809501811426,NaN,NaN
1651665600,38292.70182993889,39475,38292.70182993889,39030.3925,55.24720909847734,NaN,NaN
1651687200,38661.547164969445,40023.77,38590.97,39322.5125,58.684009020470754,NaN,NaN
1651708800,38992.029832484724,39845.51,38992.029832484724,39668.705,62.37197260026599,NaN,NaN
1651730400,39330.36741624236,39689.93,39330.36741624236,39548.145000000004,60.351617845541625,NaN,NaN
1651752000,39439.25620812118,39545.66,36514.29,38092.3375,42.46423345297272,NaN,NaN
1651773600,38765.796854060594,38765.796854060594,35571.9,36448.5175,31.214365486318087,NaN,NaN
1651795200,37607.1571770303,37607.1571770303,36163.44,36473.3725,31.509824068298812,NaN,NaN
1651816800,37040.26483851515,37040.26483851515,35587.1,36104.85,29.487408532860258,NaN,NaN
1651838400,36572.55741925757,36572.55741925757,35258,35842.865,28.106307927994834,NaN,NaN
1651860000,36207.71120962879,36207.71120962879,35834.03,35974.002499999995,29.87676662219316,NaN,NaN
1651881600,36090.856854814396,36090.856854814396,35722.24,35928.235,29.602771795815286,NaN,NaN
1651903200,36009.5459274072,36146.3,35790.02,35972.785,30.273095159537903,NaN,NaN
1651924800,35991.1654637036,36085.5,35865.89,35973.39,30.282803859037628,NaN,NaN
1651946400,35982.2777318518,35997.14,34785,35535.21,27.316179925266397,NaN,NaN
1651968000,35758.7438659259,35758.7438659259,34210,34911.4425,23.749417019612295,NaN,NaN
1651989600,35335.09318296295,35335.09318296295,34449.14,34659.255,22.471864171389626,NaN,NaN
1652011200,34997.17409148147,34997.17409148147,33713.95,34352.9775,20.99475386281489,NaN,NaN
1652032800,34675.07579574073,34763.34,33821.5,34172.985,20.1562453742047,NaN,NaN
1652054400,34424.03039787037,34424.03039787037,33267.26,33764.850000000006,18.36512535836728,NaN,NaN
1652076000,34094.44019893519,34094.44019893519,32650.39,33265.075,16.438756755345395,NaN,NaN
1652097600,33679.75759946759,33679.75759946759,31000,32203.655,13.258056275366485,NaN,NaN
1652119200,32941.70629973379,32941.70629973379,30033.33,30819.4325,10.425112904621173,NaN,NaN
1652140800,31880.569399866894,31983.86,29730.4,30904.089999999997,11.668250175379654,NaN,NaN
1652162400,31392.329699933445,32658.99,31240,31837.275,24.16234275659552,NaN,NaN
1652184000,31614.802349966725,32383.8,30819.98,31627.1325,23.361014577731524,NaN,NaN
1652205600,31620.967424983362,31787.59,30147.78,31158.97,21.6392234772255,NaN,NaN
1652227200,31389.96871249168,31888.85,30626.22,31242.7375,22.736526563479913,NaN,NaN
1652248800,31316.353106245842,32162.59,30200,31333.627500000002,23.980407013694816,NaN,NaN
1652270400,31324.990303122922,32000,29039.54,30624.265,21.12227715633992,NaN,NaN
1652292000,30974.62765156146,30974.62765156146,27785,29269.855,16.964716283089018,NaN,NaN
1652313600,30122.241325780727,30243,26700,28293.97,14.716960254394053,NaN,NaN
1652335200,29208.105662890364,29294,26750,27911.477499999997,13.937495852227201,NaN,NaN
1652356800,28559.79158144518,29967.03,27902.95,28747.957499999997,23.482111945272806,NaN,NaN
1652378400,28653.874540722587,29300,28001,28744.9025,23.471873533808534,NaN,NaN
1652400000,28699.388520361295,31083.37,28699.388520361295,29849.355,34.577500223216106,NaN,NaN
1652421600,29274.37176018065,30767.38,29274.37176018065,30530.2225,40.32663830063049,NaN,NaN
1652443200,29902.297130090323,31033,29561,30215.43,38.636136072833835,NaN,NaN
1652464800,30058.86356504516,30250,29200,29584.175,35.42879431710166,NaN,NaN
1652486400,29821.519282522582,29824.69,29200,29440.924999999996,34.724328554428666,NaN,NaN
1652508000,29631.22214126129,29631.22214126129,28830,29241.9725,33.72144805390191,NaN,NaN
1652529600,29436.597320630644,29694.15,28630,29252.872499999998,33.83419653541635,NaN,NaN
1652551200,29344.73491031532,30343.27,29285.19,29832.072500000002,39.703869084788245,NaN,NaN
1652572800,29588.40370515766,30273.21,29480,29910.5725,40.47460983439594,NaN,NaN
1652594400,29749.488102578827,30327.68,29547.48,29979.737500000003,41.18793364723065,NaN,NaN
1652616000,29864.612801289415,30561.37,29782.01,30143.71,42.933884844910764,NaN,NaN
1652637600,30004.161400644705,31460,29936.49,30678.8475,48.32552372085781,NaN,NaN
1652659200,30341.504450322354,31328.9,30132.86,30770.44,49.21002746724869,NaN,NaN
1652680800,30555.972225161175,30555.972225161175,29258,29947.797499999997,42.22001584598072,NaN,NaN
1652702400,30251.884862580584,30252.77,29087.04,29754.557500000003,40.75554228320515,NaN,NaN
1652724000,30003.221181290293,30259.78,29543.27,29851.1325,41.84129332715514,NaN,NaN
1652745600,29927.176840645145,30530,29780.97,30162.7875,45.32367153375222,NaN,NaN
1652767200,30044.98217032257,30788.37,30044.98217032257,30461.305,48.50429724808068,NaN,NaN
1652788800,30253.143585161284,30748,29883.91,30260.5375,46.54329259714217,NaN,NaN
1652810400,30256.84054258064,30669,29450.38,30163.765,45.586586129248325,NaN,NaN
1652832000,30210.30277129032,30709.99,29732.49,30229.9025,46.39752284619037,NaN,NaN
1652853600,30220.102635645162,30220.102635645162,29682.97,29909.8125,43.053291128710285,NaN,NaN
1652875200,30064.95756782258,30064.95756782258,28750,29369.9675,38.06949424002985,NaN,NaN
1652896800,29717.46253391129,29717.46253391129,28654.47,28973.652500000004,34.87754486357633,NaN,NaN
1652918400,29345.557516955647,29345.557516955647,28691.38,28951.055000000004,34.69889646841841,NaN,NaN
1652940000,29148.306258477824,29540,28855.42,29238.9025,38.98605063114003,NaN,NaN
1652961600,29193.60437923891,30545.18,29193.60437923891,29897.495,47.48172798540017,NaN,NaN
1652983200,29545.549689619453,30486.57,29545.549689619453,30236.855,51.24862942312572,NaN,NaN
1653004800,29891.202344809724,30777.33,29891.202344809724,30323.485,52.19132800866446,NaN,NaN
1653026400,30107.343672404862,30535.4,29850.51,30246.3425,51.24112852559665,NaN,NaN
1653048000,30176.843086202432,30449.98,28730,29638.315000000002,44.382429980874086,NaN,NaN
1653069600,29907.579043101217,29907.579043101217,28813.45,29091.27,39.287253695092495,NaN,NaN
1653091200,29499.42452155061,29499.42452155061,28947.28,29195.5225,40.68478754866423,NaN,NaN
1653112800,29347.473510775304,29566,29168.68,29327.239999999998,42.48613181138222,NaN,NaN
1653134400,29337.35675538765,29656.18,29190,29385.73,43.30944330378456,NaN,NaN
1653156000,29361.543377693823,29580.02,29311.07,29436.2225,44.053987823949775,NaN,NaN
1653177600,29398.88293884691,29545.75,29255.11,29403.902499999997,43.65873023986571,NaN,NaN
1653199200,29401.392719423453,30311.31,29358.83,29734.3375,48.72406280761681,NaN,NaN
1653220800,29567.865109711725,30236.63,29567.865109711725,29933.585,51.552485775983264,NaN,NaN
1653242400,29750.725054855862,30487.99,29750.725054855862,30139.6375,54.35649492613324,NaN,NaN
1653264000,29945.18127742793,30459.56,29945.18127742793,30275.93,56.16375249009288,NaN,NaN
1653285600,30110.555638713966,30670.51,30110.555638713966,30412.7425,57.96308093883756,NaN,NaN
1653307200,30261.649069356983,30625.98,29967.07,30272.3475,55.447880657815126,NaN,NaN
1653328800,30266.99828467849,30266.99828467849,28866.35,29558.68,44.80465617862123,NaN,NaN
1653350400,29912.839142339246,29912.839142339246,29056.7,29238.239999999998,40.99926081654482,NaN,NaN
1653372000,29575.539571169622,29575.539571169622,29123.89,29300.002500000002,42.021393408289754,NaN,NaN
1653393600,29437.77103558481,29650,28669,29238.9425,41.26036741407429,NaN,NaN
1653415200,29338.356767792407,29845.86,29101,29485.615,45.55050771450007,NaN,NaN
1653436800,29411.985883896203,30223.74,29411.985883896203,29826.232500000002,50.884913927665075,NaN,NaN
1653458400,29619.109191948104,29941.41,29294.21,29628.469999999998,47.94778845448365,NaN,NaN
1653480000,29623.78959597405,29909,29339.57,29592.302499999998,47.40883413006254,NaN,NaN
1653501600,29608.046047987023,30034.37,29535.02,29705.795,49.3334244134046,NaN,NaN
1653523200,29656.92052399351,29886.64,29503.72,29663.260000000002,48.615360733047034,NaN,NaN
1653544800,29660.090261996756,29750.37,28877,29336.58,43.391547617514014,NaN,NaN
1653566400,29498.335130998377,29787.69,28019.56,29111.067499999997,40.1817631974666,NaN,NaN
1653588000,29304.701315499187,29682.84,29174,29424.199999999997,46.13952471950083,NaN,NaN
1653609600,29364.450657749592,29390.34,28643.89,29008.8925,40.39327047816879,NaN,NaN
1653631200,29186.671578874797,29214,28650,28894.237500000003,38.951027134737515,NaN,NaN
1653652800,29040.4545394374,29397.66,28340,28759.6875,37.26929771555528,NaN,NaN
1653674400,28900.0710197187,29056,28282.9,28589.2075,35.195804937147955,NaN,NaN
1653696000,28744.639259859352,28949.39,28450,28726.54,38.17959154779142,NaN,NaN
1653717600,28735.589629929676,28930.81,28735.589629929676,28850.617500000004,40.83033760028281,NaN,NaN
1653739200,28793.10356496484,29266,28784.48,28941.2775,42.76155619562694,NaN,NaN
1653760800,28867.19053248242,29154.61,28867.19053248242,28989.787500000002,43.818199104259364,NaN,NaN
1653782400,28928.489016241212,29049.39,28839.21,28990.754999999997,43.84046644216305,NaN,NaN
1653804000,28959.622008120605,29235.76,28952.7,29111.3525,46.677442241958786,NaN,NaN
1653825600,29035.487254060303,29489,29035.487254060303,29273.0825,50.303190230466576,NaN,NaN
1653847200,29154.28487703015,29587.78,29077.98,29339.205,51.74778893908472,NaN,NaN
1653868800,29246.744938515076,30479.87,29246.744938515076,29927.42,62.25806999867891,NaN,NaN
1653890400,29587.082469257537,30928.71,29587.082469257537,30619.337499999998,70.42007832984274,NaN,NaN
1653912000,30103.209984628767,30931,30103.209984628767,30643.11,70.65488689846781,NaN,NaN
1653933600,30373.159992314384,32222,30373.159992314384,31290.7675,76.19832982666784,NaN,NaN
1653955200,30831.96374615719,31861.55,30831.96374615719,31669.482500000002,78.72872893571595,NaN,NaN
1653976800,31250.7231230786,31842.69,31250.7231230786,31671.4975,78.74167857852675,NaN,NaN
1653998400,31461.110311539298,32399,31200.01,31872.0225,80.04371238317917,NaN,NaN
1654020000,31666.56640576965,32161.99,31570.53,31913.9125,80.31495395008893,NaN,NaN
1654041600,31790.239452884824,31982.97,31371.45,31694.4375,74.59435094150254,NaN,NaN
1654063200,31742.33847644241,31742.33847644241,31444,31596.357500000002,72.12209289393432,NaN,NaN
1654084800,31669.347988221205,31901.34,29901.29,30897.8625,57.50500030855809,NaN,NaN
1654106400,31283.6052441106,31283.6052441106,29301,29932.8775,44.18251960148497,NaN,NaN
1654128000,30608.2413720553,30608.2413720553,29594.55,29794.9625,42.661309175799275,NaN,NaN
1654149600,30201.60193602765,30210.18,29806.79,30016.59,45.885700069739066,NaN,NaN
1654171200,30109.095968013826,30408.54,29597.01,30093.289999999997,46.99656267615934,NaN,NaN
1654192800,30101.192984006913,30689,29977.45,30328.254999999997,50.358471590328236,NaN,NaN
1654214400,30214.723992003455,30699,30214.723992003455,30512.952500000003,52.88809072579912,NaN,NaN
1654236000,30363.83824600173,30543.95,29680,30130.695,47.49388650027144,NaN,NaN
1654257600,30247.266623000865,30247.266623000865,29282.36,29609.4775,41.30738831216826,NaN,NaN
1654279200,29928.372061500435,29928.372061500435,29465.4,29640.254999999997,41.78956593585566,NaN,NaN
1654300800,29784.313530750216,29784.313530750216,29500,29661.415,42.14149717240209,NaN,NaN
1654322400,29722.86426537511,29800,29594.91,29689.6775,42.64031655325351,NaN,NaN
1654344000,29706.270882687553,29988.88,29485,29717.02,43.15095280844323,NaN,NaN
1654365600,29711.645441343775,29977.99,29632.05,29796.65,44.695110357475,NaN,NaN
1654387200,29754.14772067189,29897.18,29678.5,29808.414999999997,44.9331004854797,NaN,NaN
1654408800,29781.281360335943,29810.2,29531.42,29713.5625,43.314749367645774,NaN,NaN
1654430400,29747.42193016797,30189,29626.65,29889.0825,47.11083162929551,NaN,NaN
1654452000,29818.252215083987,30127.47,29815.75,29971.1075,48.83524259289373,NaN,NaN
1654473600,29894.679857541993,31357,29890.23,30583.87,59.46716195927894,NaN,NaN
1654495200,30239.274928770996,31599.37,30239.274928770996,31331.387499999997,68.15946689930033,NaN,NaN
1654516800,30785.331214385496,31765.64,30785.331214385496,31377.122499999998,68.60310279007004,NaN,NaN
1654538400,31081.22685719275,31599.85,31081.22685719275,31387.3275,68.70787122620081,NaN,NaN
1654560000,31234.277178596374,31381.03,29218.96,30362.875,50.492620866229245,NaN,NaN
1654581600,30798.576089298185,30798.576089298185,29345,29519.6325,40.884603381126865,NaN,NaN
1654603200,30159.104294649092,30159.104294649092,29401.44,29726.9875,43.720577179810846,NaN,NaN
1654624800,29943.045897324548,31589.6,29925.19,30645.97,54.206032432580166,NaN,NaN
1654646400,30294.507948662274,31327.22,29843.88,30711.3275,54.85029872694363,NaN,NaN
1654668000,30502.917724331135,30686.63,30314.45,30490.205,52.17576457137482,NaN,NaN
1654689600,30496.56136216557,30901.67,30051.16,30436.574999999997,51.51961730447021,NaN,NaN
1654711200,30466.56818108278,30499,29916.45,30250.7075,49.20986697710929,NaN,NaN
1654732800,30358.637840541393,30465.59,30070.24,30263.972500000003,49.384274956829,NaN,NaN
1654754400,30311.305170270698,30700,30251.89,30391.6625,51.12414064526038,NaN,NaN
1654776000,30351.483835135346,30450,29944.1,30254.2725,49.165851804990275,NaN,NaN
1654797600,30302.878167567673,30347,29970.51,30187.745000000003,48.203008453579514,NaN,NaN
1654819200,30245.311583783838,30382.8,29578.96,30043.9525,46.101519913042175,NaN,NaN
1654840800,30144.63204189192,30226.79,29868,30054.864999999998,46.29288267478098,NaN,NaN
1654862400,30099.74852094596,30184.4,28850,29542.4925,39.24702463837163,NaN,NaN
1654884000,29821.12051047298,29821.12051047298,28945.63,29138.13,34.751659662259655,NaN,NaN
1654905600,29479.62525523649,29479.62525523649,29047.93,29215.914999999997,36.2640107296506,NaN,NaN
1654927200,29347.77012761824,29358.65,28590,28991.5275,33.82816868451681,NaN,NaN
1654948800,29169.648813809123,29169.648813809123,28099.99,28550.8125,29.619923151357554,NaN,NaN
1654970400,28860.23065690456,28860.23065690456,28250.04,28492.109999999997,29.10063490096391,NaN,NaN
1654992000,28676.17032845228,28676.17032845228,27190,27857.614999999998,24.16854141102145,NaN,NaN
1655013600,28266.89266422614,28266.89266422614,27245.7,27425.0075,21.493741056307613,NaN,NaN
1655035200,27845.95008211307,28347.89,26890,27704.8225,27.112682771295056,NaN,NaN
1655056800,27775.386291056537,28141.34,26560,27349.97,24.698438030035632,NaN,NaN
1655078400,27562.67814552827,27562.67814552827,24900,25901.2025,17.749362067742354,NaN,NaN
1655100000,26731.940322764134,26731.940322764134,23500,24517.7175,13.766170756160022,NaN,NaN
1655121600,25624.828911382065,25624.828911382065,22600,23560.9625,11.794871335968836,NaN,NaN
1655143200,24592.895705691033,24592.895705691033,21925.77,22940.592500000002,10.722668273923944,NaN,NaN
1655164800,23766.744102845518,23766.744102845518,20846,22360.3475,9.823207068600809,NaN,NaN
1655186400,23063.54580142276,23063.54580142276,21725.22,22377.075,10.057440630542857,NaN,NaN
1655208000,22720.31040071138,22800,21811.01,22241.782499999998,9.83492889159092,NaN,NaN
1655229600,22481.046450355687,22590.72,21358,22111.7675,9.61478360761437,NaN,NaN
1655251200,22296.406975177844,22297.37,20750,21602.524999999998,8.785295087030818,NaN,NaN
1655272800,21949.46598758892,21949.46598758892,20111.62,20990.1675,7.902425860931956,NaN,NaN
1655294400,21469.816743794458,21798.95,20500,21148.3125,10.406524976586425,NaN,NaN
1655316000,21309.06462189723,22800,20250,21687.745,18.54234876181347,NaN,NaN
1655337600,21498.404810948614,22995.73,21498.404810948614,22359.165,27.38156730888612,NaN,NaN
1655359200,21928.784905474306,22006.32,20852.35,21461.3,23.680888202936018,NaN,NaN
1655380800,21695.04245273715,21695.04245273715,20745,21092.1025,22.34364749649754,NaN,NaN
1655402400,21393.572476368576,21393.572476368576,20232,20708.1975,21.014767136090114,NaN,NaN
1655424000,21050.884988184287,21059.68,20246.66,20628.675,20.739608401487274,NaN,NaN
1655445600,20839.779994092143,21365.43,20616.2,20940.36,24.89070616008108,NaN,NaN
1655467200,20890.06999704607,21047.41,20386.93,20749.745,24.06077473514567,NaN,NaN
1655488800,20819.907498523033,20819.907498523033,20368.2,20538.149999999998,23.13847367106544,NaN,NaN
1655510400,20679.028749261517,20792.06,20322.08,20501.75,22.97531683397868,NaN,NaN
1655532000,20590.38937463076,20590.38937463076,18742.5,19714.26,19.7334066214933,NaN,NaN
1655553600,20152.324687315377,20152.324687315377,18511,18917.0275,17.10240408112203,NaN,NaN
1655575200,19534.67609365769,19534.67609365769,17622,18676.785,16.393104134405903,NaN,NaN
1655596800,19105.730546828847,19198,17960.41,18563.82,16.055905110975033,NaN,NaN
1655618400,18834.775273414423,20150,18053.13,19005.4275,22.74587277034088,NaN,NaN
1655640000,18920.10138670721,19945.88,18920.10138670721,19553.800000000003,30.186308666669518,NaN,NaN
1655661600,19236.950693353607,20815.95,19236.950693353607,20062.2475,36.3111549598778,NaN,NaN
1655683200,19649.599096676804,20687.99,19637.03,20251.7075,38.477100284227205,NaN,NaN
1655704800,19950.653298338402,21022,19876.01,20451.902499999997,40.769294430415,NaN,NaN
1655726400,20201.2778991692,21090,19967.01,20459.1,40.85461398970843,NaN,NaN
1655748000,20330.188949584597,20784.77,19832.95,20292.3,39.436853054299036,NaN,NaN
1655769600,20311.2444747923,21029.93,20311.2444747923,20710.75,44.62822940650485,NaN,NaN
1655791200,20510.99723739615,21500.01,20510.99723739615,21060.9925,48.59968589859456,NaN,NaN
1655812800,20785.994868698075,21723,20785.994868698075,21195.43,50.079729782630864,NaN,NaN
1655834400,20990.712434349036,21306.51,20551,20955.99,47.45862186731316,NaN,NaN
1655856000,20973.351217174517,20973.351217174517,20253.96,20520.7275,43.047858967093845,NaN,NaN
1655877600,20747.03935858726,20747.03935858726,19950.34,20375.5275,41.6569890500716,NaN,NaN
1655899200,20561.28342929363,20900,19840.86,20378.645,41.70054264416227,NaN,NaN
1655920800,20469.964214646818,20469.964214646818,19770.51,20101.100000000002,38.915275240714806,NaN,NaN
1655942400,20285.532107323408,20612.22,19890.07,20209.8625,40.589894084772205,NaN,NaN
1655964000,20247.697303661706,20812.12,20247.697303661706,20525.957499999997,45.28467632639733,NaN,NaN
1655985600,20386.82740183085,20829.21,20170,20489.355,44.84277489116516,NaN,NaN
1656007200,20438.091200915427,21233,20288.91,20737.84,48.51578679341281,NaN,NaN
1656028800,20587.965600457712,21369.85,20587.965600457712,21063.925,52.94420259183662,NaN,NaN
1656050400,20825.945300228857,21326.52,20736.72,21035.915,52.52625892176674,NaN,NaN
1656072000,20930.93015011443,21457,20784.76,21095.9225,53.37542249940799,NaN,NaN
1656093600,21013.426325057215,21558.41,20904.02,21168.1325,54.43169808301494,NaN,NaN
1656115200,21090.77941252861,21379.65,21090.77941252861,21238.982500000002,55.497014623539386,NaN,NaN
1656136800,21164.880956264307,21614.5,21164.880956264307,21337.997499999998,57.009644526945024,NaN,NaN
1656158400,21251.439228132152,21372.89,20906.62,21179.125,53.84708880707055,NaN,NaN
1656180000,21215.282114066074,21588.43,21043.75,21305.0325,55.93343606475448,NaN,NaN
1656201600,21260.157307033038,21544.49,21260.157307033038,21439.9525,58.11828477527456,NaN,NaN
1656223200,21350.054903516517,21777,21336.96,21566.142499999998,60.11035936905933,NaN,NaN
1656244800,21458.09870175826,21888,21128.41,21496.4175,58.45589389278195,NaN,NaN
1656266400,21477.25810087913,21477.25810087913,20964.73,21172.114999999998,51.37330050119687,NaN,NaN
1656288000,21324.686550439565,21324.686550439565,20926.01,21116.3375,50.24569726693501,NaN,NaN
1656309600,21220.51202521978,21539.85,21166.42,21298.355,53.808712628360404,NaN,NaN
1656331200,21259.43351260989,21343.83,20590,20991.2925,47.61401421847522,NaN,NaN
1656352800,21125.363006304942,21125.363006304942,20510,20736.515,43.1728460466356,NaN,NaN
1656374400,20930.93900315247,20930.93900315247,20510,20716.9225,42.84190951720757,NaN,NaN
1656396000,20823.930751576234,21212.1,20741.29,20923.2025,47.41246314400032,NaN,NaN
1656417600,20873.566625788117,21129.19,20552,20827.335,45.58797776298504,NaN,NaN
1656439200,20850.450812894058,20850.450812894058,20202.01,20438.004999999997,39.02084636676653,NaN,NaN
1656460800,20644.227906447028,20644.227906447028,20071.64,20233.43,36.07975615863993,NaN,NaN
1656482400,20438.828953223514,20438.828953223514,19854.92,20094.1275,34.19001638751347,NaN,NaN
1656504000,20266.478226611755,20266.478226611755,19892.97,20083.3375,34.04128877010628,NaN,NaN
1656525600,20174.907863305878,20432.31,20036.3,20168.25,36.38647137624504,NaN,NaN
1656547200,20171.57893165294,20179.08,19951.08,20063.7275,34.74865450447531,NaN,NaN
1656568800,20117.65321582647,20117.65321582647,18921.59,19513.2925,27.68213039413179,NaN,NaN
1656590400,19815.472857913235,19815.472857913235,18756.71,19076.247499999998,23.5815526784678,NaN,NaN
1656612000,19445.860178956616,19980,18626,19413.47,31.95693217440362,NaN,NaN
1656633600,19429.66508947831,20918.35,19315.91,19910.46,42.039164726956955,NaN,NaN
1656655200,19670.062544739154,19821.28,18975,19363.17,35.75602642028001,NaN,NaN
1656676800,19516.616272369574,19669.22,19130.21,19369.5975,35.877237973933745,NaN,NaN
1656698400,19443.10688618479,19686.71,19221.03,19418.8675,36.8606530661147,NaN,NaN
1656720000,19430.987193092395,19430.987193092395,19063.52,19242.254999999997,34.80034681861447,NaN,NaN
1656741600,19336.621096546194,19336.621096546194,18977.01,19173.872499999998,34.00774545577657,NaN,NaN
1656763200,19255.246798273096,19467.39,19152.13,19278.5225,36.39522630293176,NaN,NaN
1656784800,19266.884649136548,19408.01,19196,19289.0475,36.64348573699553,NaN,NaN
1656806400,19277.966074568274,19400,18781,19119.355,34.31775142433587,NaN,NaN
1656828000,19198.660537284137,19245.58,18930.19,19077.29,33.74597242961927,NaN,NaN
1656849600,19137.97526864207,19247.38,18964,19130.735,35.22270898626246,NaN,NaN
1656871200,19134.355134321035,19647.63,19134.355134321035,19341.965,40.83557400623532,NaN,NaN
1656892800,19238.16006716052,19343.43,19055.31,19212.940000000002,38.633514808981076,NaN,NaN
1656914400,19225.55003358026,19855.7,19084.19,19470.8925,45.017150913114406,NaN,NaN
1656936000,19348.221266790133,20143.02,19348.221266790133,19836.4375,52.54999420327402,NaN,NaN
1656957600,19592.329383395067,20354.01,19592.329383395067,20056.019999999997,56.41303980679599,NaN,NaN
1656979200,19824.17469169753,20478.4,19824.17469169753,20292.75,60.177180332981706,NaN,NaN
1657000800,20058.462345848766,20437.86,19478,19933.1375,52.727876432431344,NaN,NaN
1657022400,19995.799922924383,19995.799922924383,19304.4,19579.1625,46.61143494968604,NaN,NaN
1657044000,19787.48121146219,20750,19673.12,20075.7,54.57203761978635,NaN,NaN
1657065600,19931.590605731093,20414.01,19761.25,20099.795,54.923282131498645,NaN,NaN
1657087200,20015.692802865546,20303.65,19864.45,20079.902500000004,54.54829652187778,NaN,NaN
1657108800,20047.797651432775,20396.72,19961.02,20181.8175,56.19829140188189,NaN,NaN
1657130400,20114.80757571639,20675.22,20114.80757571639,20422.9175,59.90639081967559,NaN,NaN
1657152000,20268.862537858193,20594.77,20251.68,20428.285,59.98760173900832,NaN,NaN
1657173600,20348.573768929098,20619.5,20280.4,20427.4775,59.96792226722487,NaN,NaN
1657195200,20388.02563446455,21200,20378.16,20749.160000000003,64.90696172339605,NaN,NaN
1657216800,20568.592817232275,21838.1,20568.592817232275,21313.5775,71.54141804512726,NaN,NaN
1657238400,20941.085158616137,22527.37,20941.085158616137,21893.4575,76.46443508470854,NaN,NaN
1657260000,21417.271329308067,21873.63,21317,21654.4875,71.01259156799297,NaN,NaN
1657281600,21535.87941465403,22130,21189.26,21667.68,71.13494739407702,NaN,NaN
1657303200,21601.779707327016,22045.91,21580.71,21745.019999999997,71.88419864762874,NaN,NaN
1657324800,21673.399853663504,21696.39,21403.24,21553.035,67.21975486670601,NaN,NaN
1657346400,21613.217426831754,21778.73,21322.12,21516.317499999997,66.33323576231925,NaN,NaN
1657368000,21564.767463415876,21980,21379.64,21671.905,68.2443990441926,NaN,NaN
1657389600,21618.336231707937,21916.61,21517.87,21726.75,68.91429017152385,NaN,NaN
1657411200,21672.54311585397,21672.54311585397,21091.81,21412.59,60.97900151569198,NaN,NaN
1657432800,21542.566557926984,21542.566557926984,21161.67,21312.079999999998,58.65208931111509,NaN,NaN
1657454400,21427.323278963493,21427.323278963493,20655,21051.0075,52.99525788651341,NaN,NaN
1657476000,21239.165389481746,21239.165389481746,20698.9,20911.085,50.200715091521346,NaN,NaN
1657497600,21075.125194740875,21075.125194740875,20425,20665.28,45.64692391564574,NaN,NaN
1657519200,20870.202597370437,20870.202597370437,20353.72,20490.9425,42.68914665596545,NaN,NaN
1657540800,20680.572548685217,20762.02,20271.1,20530.975,43.59299091418462,NaN,NaN
1657562400,20605.773774342608,20716.29,19875.23,20292.84,39.592905177248625,NaN,NaN
1657584000,20449.306887171304,20449.306887171304,19786.46,19941.5775,34.555943679665845,NaN,NaN
1657605600,20195.44219358565,20195.44219358565,19558.12,19810.83,32.87922896802576,NaN,NaN
1657627200,20003.136096792827,20010,19695.3,19839.7775,33.646873500563316,NaN,NaN
1657648800,19921.456798396415,19921.456798396415,19240,19584.6525,30.35214761134054,NaN,NaN
1657670400,19753.05464919821,19753.05464919821,19265.4,19424.7975,28.47094998528344,NaN,NaN
1657692000,19588.926074599105,19930,19469.84,19690.6625,35.61803355648239,NaN,NaN
1657713600,19639.79428729955,20128.39,18910.94,19692.182500000003,35.657616733609615,NaN,NaN
1657735200,19665.98839364978,20366.61,19584.37,20017.1975,43.63725249663269,NaN,NaN
1657756800,19841.592946824887,20435.72,19841.592946824887,20208.4775,47.74465694922726,NaN,NaN
1657778400,20025.035223412444,20149.83,19635.22,19909.905000000002,42.534171185888255,NaN,NaN
1657800000,19967.47011170622,20786.12,19616.07,20219.622499999998,48.7787638629622,NaN,NaN
1657821600,20093.54630585311,20900,20093.54630585311,20666.282499999998,56.17502327109833,NaN,NaN
1657843200,20379.91440292655,20833,20379.91440292655,20617.5575,55.23798065518589,NaN,NaN
1657864800,20498.735951463277,21059.32,20498.735951463277,20764.755,57.5421145481796,NaN,NaN
1657886400,20631.745475731637,21090,20631.745475731637,20820.6375,58.41724219976443,NaN,NaN
1657908000,20726.19148786582,21200,20726.19148786582,20894.0325,59.59517787765487,NaN,NaN
1657929600,20810.11199393291,20865.38,20557.77,20712.057500000003,55.404509110049105,NaN,NaN
1657951200,20761.08474696646,20761.08474696646,20478.61,20594.06,52.81125847423393,NaN,NaN
1657972800,20677.572373483228,21588.94,20588.72,21010.25,59.934441467222086,NaN,NaN
1657994400,20843.911186741614,21394.04,20843.911186741614,21186.9825,62.52161766308559,NaN,NaN
1658016000,21015.446843370806,21475.64,21015.446843370806,21277.925,63.81641428840994,NaN,NaN
1658037600,21146.685921685403,21684.54,21146.685921685403,21426.822500000002,65.89398989942961,NaN,NaN
1658059200,21286.7542108427,21500,20824,21176.192499999997,59.68215293354078,NaN,NaN
1658080800,21231.47335542135,21231.47335542135,20750.01,20887.9275,53.44193235482444,NaN,NaN
1658102400,21059.700427710675,21880.04,20762.45,21326.02,60.24501357646168,NaN,NaN
1658124000,21192.86021385534,22515,21192.86021385534,22070.46,68.63261201796179,NaN,NaN
1658145600,21631.66010692767,22777.63,21631.66010692767,22152.205,69.3961630721616,NaN,NaN
1658167200,21891.932553463834,22650,21388,22086.72,67.96879939449994,NaN,NaN
1658188800,21989.326276731917,22961.72,21701.32,22273.212499999998,69.86948365651764,NaN,NaN
1658210400,22131.26938836596,22230,21579.54,21945.315,62.812132645125445,NaN,NaN
1658232000,22038.292194182977,23529,21971.84,22734.5275,70.52827560037414,NaN,NaN
1658253600,22386.40984709149,23800,22386.40984709149,23450.96,75.49832565037846,NaN,NaN
1658275200,22918.684923545745,23562,22918.684923545745,23345.23,73.52765712802235,NaN,NaN
1658296800,23131.957461772872,23888.04,23131.957461772872,23607.232500000002,75.25157180591951,NaN,NaN
1658318400,23369.59498088644,24276.74,23369.59498088644,23730.1925,76.04016023434211,NaN,NaN
1658340000,23549.89374044322,23950,22906.19,23398.7425,69.60197871507587,NaN,NaN
1658361600,23474.31812022161,23474.31812022161,22638.53,23061.65,63.695300218051635,NaN,NaN
1658383200,23267.984060110808,23267.984060110808,22466.34,22778.760000000002,59.158088275938425,NaN,NaN
1658404800,23023.372030055405,23207.94,22341.46,22752.4,58.73821818486252,NaN,NaN
1658426400,22887.886015027703,23308.8,22818.01,23032.82,61.84096576294695,NaN,NaN
1658448000,22960.35300751385,23352.53,22805.89,23114.2675,62.717870930596526,NaN,NaN
1658469600,23037.31025375693,23634.4,23015,23352.11,65.2306171219587,NaN,NaN
1658491200,23194.710126878465,23756.49,22887,23318.3575,64.5655735513396,NaN,NaN
1658512800,23256.53381343923,23256.53381343923,22500,22835.2675,55.79722164407024,NaN,NaN
1658534400,23045.900656719616,23045.900656719616,22550.14,22784.550000000003,54.953447190755845,NaN,NaN
1658556000,22915.22532835981,22935.97,22210.67,22569.1575,51.39858795382519,NaN,NaN
1658577600,22742.191414179906,22742.191414179906,21947.22,22150.2375,45.265490073778906,NaN,NaN
1658599200,22446.214457089955,22559,21934.57,22244.120000000003,46.797628255733116,NaN,NaN
1658620800,22345.16722854498,22787.21,22257.15,22560.73,51.70720146210753,NaN,NaN
1658642400,22452.94861427249,22839.99,22452.94861427249,22681.635000000002,53.47292542338802,NaN,NaN
1658664000,22567.291807136244,22911.31,22444,22696.27,53.693631509601346,NaN,NaN
1658685600,22631.78090356812,23014.64,22513.7,22720.04,54.07468143288133,NaN,NaN
1658707200,22675.91045178406,22675.91045178406,21737.82,22223.660000000003,45.63035884742175,NaN,NaN
1658728800,22449.785225892032,22449.785225892032,21820.15,21946.9,41.718581644054794,NaN,NaN
1658750400,22198.342612946017,22198.342612946017,21683.4,21877.5425,40.77519214985167,NaN,NaN
1658772000,22037.942556473008,22259.98,21250,21671,38.01809224590072,NaN,NaN
1658793600,21854.471278236502,21854.471278236502,20856.48,21165.0575,32.263164609427974,NaN,NaN
1658815200,21509.764389118252,21509.764389118252,20932.7,21084.1525,31.443494246526,NaN,NaN
1658836800,21296.958444559124,21296.958444559124,20706.5,20978.165,30.355482997963293,NaN,NaN
1658858400,21137.561722279563,21300,20805,21069.7575,32.52825653816814,NaN,NaN
1658880000,21103.65961113978,21284,21042.53,21207.1125,35.764717797893326,NaN,NaN
1658901600,21155.386055569892,21451.33,21129.65,21257.460000000003,36.958413783340795,NaN,NaN
1658923200,21206.42302778495,21740,21157.07,21429.555,40.99473645008373,NaN,NaN
1658944800,21317.989013892475,23112.63,21317.989013892475,22325.260000000002,56.577777701577055,NaN,NaN
1658966400,21821.62450694624,23460.58,21821.62450694624,23089.78,65.05973680085222,NaN,NaN
1658988000,22455.70225347312,23273.81,22455.70225347312,23111.845,65.27059053192687,NaN,NaN
1659009600,22783.77362673656,24106.96,22582.13,23451.2775,68.4270779989724,NaN,NaN
1659031200,23117.525563368283,24199.72,23117.525563368283,23929.455,72.25305412129002,NaN,NaN
1659052800,23523.490281684142,24112,23523.490281684142,23911.3775,71.89833855308783,NaN,NaN
1659074400,23717.43389084207,24442.66,23530.96,23920.4125,71.97239867825613,NaN,NaN
1659096000,23818.923195421034,24222,23414.03,23783.157499999998,68.99751102312126,NaN,NaN
1659117600,23801.040347710514,24138.69,23700,23846.925,69.62566664016083,NaN,NaN
1659139200,23823.98267385526,23968.9,23650,23797.3575,68.46443720431593,NaN,NaN
1659160800,23810.67008692763,24073.05,23732.56,23888.81,69.47595607619753,NaN,NaN
1659182400,23849.740043463815,24668,23849.740043463815,24258.397500000003,73.21508206998297,NaN,NaN
1659204000,24054.06877173191,24567.89,23502.25,24052.0025,68.19137768924247,NaN,NaN
1659225600,24053.035635865956,24053.035635865956,23520,23690.555,60.37809297381665,NaN,NaN
1659247200,23871.795317932978,23871.795317932978,23558.21,23732.487500000003,60.93727973756708,NaN,NaN
1659268800,23802.14140896649,23861.83,23605.21,23751.4525,61.2039629320347,NaN,NaN
1659290400,23776.796954483245,24194.82,23227.31,23613.362500000003,58.09397757759835,NaN,NaN
1659312000,23695.079727241624,23695.079727241624,23257.37,23336.9375,52.35854544070694,NaN,NaN
1659333600,23516.008613620812,23516.008613620812,22939.57,23219.0875,50.08812264371761,NaN,NaN
1659355200,23367.548056810407,23509.68,22876.74,23144.475000000002,48.649765915609805,NaN,NaN
1659376800,23256.011528405204,23417.11,22850,23124.7175,48.25460344862444,NaN,NaN
1659398400,23190.3645142026,23447.62,22750,23079.307500000003,47.30357589423338,NaN,NaN
1659420000,23134.8360071013,23134.8360071013,22654.37,22840.6925,42.55723747702045,NaN,NaN
1659441600,22987.764253550653,23459.89,22666.05,23048.8475,47.5054957187486,NaN,NaN
1659463200,23018.305876775325,23282.33,22870.1,23081.765,48.264476135345426,NaN,NaN
1659484800,23050.035438387662,23079.39,22681.22,22915.822500000002,44.75176552382431,NaN,NaN
1659506400,22982.928969193832,23471.5,22913.66,23175.895,50.79594260277368,NaN,NaN
1659528000,23079.411984596918,23647.68,23079.411984596918,23427.175,55.824552100214966,NaN,NaN
1659549600,23253.293492298457,23541.85,22720,23132.2025,49.437352488989774,NaN,NaN
1659571200,23192.747996149228,23223.32,22791.46,22988.877500000002,46.64472576010596,NaN,NaN
1659592800,23090.812748074615,23185.35,22767.86,22990.164999999997,46.67386698132333,NaN,NaN
1659614400,23040.488874037306,23148.99,22527,22798.7375,42.920373570228634,NaN,NaN
1659636000,22919.61318701865,22919.61318701865,22400,22593.985,39.28155721123561,NaN,NaN
1659657600,22756.799093509326,23247.84,22586.95,22911.745,46.81723400340367,NaN,NaN
1659679200,22834.27204675466,23441.1,22834.27204675466,23282.7925,53.99689230550711,NaN,NaN
1659700800,23058.53227337733,23472.86,22800,23126.1975,50.8753222060278,NaN,NaN
1659722400,23092.364886688665,23329,22754.13,23055.9525,49.493120662309394,NaN,NaN
1659744000,23074.158693344332,23354.36,23074.158693344332,23251.2825,53.293118010988735,NaN,NaN
1659765600,23162.720596672167,23258.61,23100,23177.6825,51.714282770951975,NaN,NaN
1659787200,23170.20154833608,23256.37,22982.49,23131.2775,50.69452186517579,NaN,NaN
1659808800,23150.739524168042,23220,22909.52,23053.605000000003,48.954449870481994,NaN,NaN
1659830400,23102.172262084023,23102.172262084023,22844.62,22955.035,46.76088219225279,NaN,NaN
1659852000,23028.60363104201,23055,22890.52,22988.3475,47.615184221382705,NaN,NaN
1659873600,23008.475565521003,23300,22994,23143.22,51.5108104295739,NaN,NaN
1659895200,23075.847782760502,23402,23051.71,23216.607500000002,53.28366491563918,NaN,NaN
1659916800,23146.227641380254,23467,23146.227641380254,23306.4875,55.43282575068451,NaN,NaN
1659938400,23226.357570690125,24189.43,23226.357570690125,23804.0425,65.02506120337524,NaN,NaN
1659960000,23515.200035345064,24245,23515.200035345064,24054.4275,68.67847999063503,NaN,NaN
1659981600,23784.81376767253,24104.55,23670.88,23887.29,63.88150030453531,NaN,NaN
1660003200,23836.051883836266,23933.25,23626.87,23811.21,61.76663631995392,NaN,NaN
1660024800,23823.630941918134,23906.78,23182.55,23556.7475,55.18591430773114,NaN,NaN
1660046400,23690.189220959066,23690.189220959066,22865,23127.3475,46.23420583641075,NaN,NaN
1660068000,23408.76836047953,23408.76836047953,22986,23113.7325,45.97953305390952,NaN,NaN
1660089600,23261.250430239765,23261.250430239765,22664.69,22967.0475,43.21748419985572,NaN,NaN
1660111200,23114.148965119883,23204,22829.17,23014.094999999998,44.371728905117784,NaN,NaN
1660132800,23064.12198255994,24178,23004.58,23555.145,55.55958559148478,NaN,NaN
1660154400,23309.633491279972,24226,23309.633491279972,23892.7375,60.850359275228094,NaN,NaN
1660176000,23601.185495639984,24660,23601.185495639984,24271.525,65.7739842203454,NaN,NaN
1660197600,23936.355247819993,24745,23936.355247819993,24551.9525,68.89304820141554,NaN,NaN
1660219200,24244.153873909996,24918.54,24244.153873909996,24516.4225,68.04692090428566,NaN,NaN
1660240800,24380.288186954996,24380.288186954996,23852.13,24118.4675,59.26689280186681,NaN,NaN
1660262400,24249.377843477498,24249.377843477498,23761.84,23935.714999999997,55.71181754117848,NaN,NaN
1660284000,24092.54642173875,24143,23583,23837.2375,53.837763867910546,NaN,NaN
1660305600,23964.891960869376,24085.17,23653.66,23855.2175,54.14108025484446,NaN,NaN
1660327200,23910.054730434687,24456.5,23910.054730434687,24212.385000000002,59.792790619981204,NaN,NaN
1660348800,24061.219865217347,24839.95,24061.219865217347,24571.72,64.52910473127145,NaN,NaN
1660370400,24316.469932608674,24888,24291.22,24581.6775,64.65336153022507,NaN,NaN
1660392000,24449.073716304338,24600.88,24300,24477.25,62.19278288282006,NaN,NaN
1660413600,24463.16185815217,24593.37,24319.09,24481.1175,62.250083890088874,NaN,NaN
1660435200,24472.139679076085,24641.97,24343.3,24504.2425,62.614940088173526,NaN,NaN
1660456800,24488.191089538042,25047.56,24488.191089538042,24681.2525,65.37369213022265,NaN,NaN
1660478400,24584.721794769022,24593.43,24174.03,24389.604999999996,57.80493386693227,NaN,NaN
1660500000,24487.16339738451,24487.16339738451,24144,24278.335000000003,55.180060785342064,NaN,NaN
1660521600,24382.749198692254,25211.32,24164.1,24624.5725,61.0994848262631,NaN,NaN
1660543200,24503.660849346124,24826,23869.46,24390.639999999996,55.74277730906668,NaN,NaN
1660564800,24447.150424673062,24447.150424673062,23900,24086.699999999997,49.65192015461954,NaN,NaN
1660586400,24266.92521233653,24266.92521233653,23773.22,24044.415,48.85216547500364,NaN,NaN
1660608000,24155.670106168265,24247.49,23795.67,24021.052499999998,48.38841982970382,NaN,NaN
1660629600,24088.36130308413,24150,23911.53,24011.892499999998,48.19524033845502,NaN,NaN
1660651200,24050.126901542062,24094.13,23671.22,23917.3125,46.14668091007654,NaN,NaN
1660672800,23983.71970077103,24058,23710.19,23872.4925,45.166915559583686,NaN,NaN
1660694400,23928.106100385514,24171.48,23824.99,24004.47,48.62582503181218,NaN,NaN
1660716000,23966.288050192758,24446.71,23690.79,24012.3525,48.83342707058591,NaN,NaN
1660737600,23989.32027509638,23989.32027509638,23321.6,23575.265,39.340225732341835,NaN,NaN
1660759200,23782.29263754819,23782.29263754819,23180.4,23408.5075,36.43043648096473,NaN,NaN
1660780800,23595.400068774095,23595.400068774095,23285.23,23384.0375,36.00953976657733,NaN,NaN
1660802400,23489.71878438705,23582.35,23325.01,23458.627500000002,38.34779075085009,NaN,NaN
1660824000,23474.173142193526,23600,23249.66,23414.2225,37.469991042925486,NaN,NaN
1660845600,23444.197821096765,23448,23111.04,23255.4525,34.43487790715395,NaN,NaN
1660867200,23349.825160548382,23349.825160548382,22711.11,22979.989999999998,29.90837471045296,NaN,NaN
1660888800,23164.90758027419,23164.90758027419,21261.96,22089.4675,20.51824501042178,NaN,NaN
1660910400,22627.187540137093,22627.187540137093,21265.77,21464.455,16.583010316433047,NaN,NaN
1660932000,22045.821270068547,22045.821270068547,20783.57,21136.8675,14.963152718188837,NaN,NaN
1660953600,21591.344385034274,21591.344385034274,20792.92,21010.175,14.378192893082343,NaN,NaN
1660975200,21300.75969251714,21370,21118.5,21212.482500000002,19.77175849216141,NaN,NaN
1660996800,21256.62109625857,21382.85,21164.18,21259.504999999997,21.017141223912418,NaN,NaN
1661018400,21258.063048129283,21325,20761.9,21120.7075,20.02883426953592,NaN,NaN
1661040000,21189.38527406464,21330.55,21118.71,21204.712499999998,22.407036190413166,NaN,NaN
1661061600,21197.048887032317,21570,21069.11,21348.255,26.432899203253456,NaN,NaN
1661083200,21272.65194351616,21587.74,21272.65194351616,21471.8325,29.809343129493755,NaN,NaN
1661104800,21372.242221758082,21800,21277.73,21513.42,30.957758184193466,NaN,NaN
1661126400,21442.83111087904,21530.03,21341.91,21454.325,30.201583912302965,NaN,NaN
1661148000,21448.57805543952,21448.57805543952,20890.18,21253.3825,27.72197961341662,NaN,NaN
1661169600,21350.980277719762,21548.71,21086.54,21279.51,28.54347530410992,NaN,NaN
1661191200,21315.24513885988,21423.74,20963,21254.895,28.218078602541127,NaN,NaN
1661212800,21285.070069429938,21468.51,20932.37,21191.879999999997,27.358227912807536,NaN,NaN
1661234400,21238.475034714967,21550,20890.14,21215.145,28.227780361146884,NaN,NaN
1661256000,21226.810017357486,21684.87,21226.810017357486,21470.8775,37.13578437217125,NaN,NaN
1661277600,21348.84375867874,21654.91,21348.84375867874,21498.235,38.021994662312636,NaN,NaN
1661299200,21423.53937933937,21555.84,21145,21412.7825,36.30060118355878,NaN,NaN
1661320800,21418.160939669688,21476.23,21243.29,21394.905,35.934063789076404,NaN,NaN
1661342400,21406.532969834843,21900,21373.43,21586.6275,42.62487941059754,NaN,NaN
1661364000,21496.58023491742,21809,21361.6,21542.980000000003,41.56072183587348,NaN,NaN
1661385600,21519.78011745871,21637.89,21310.15,21468.815000000002,39.744998908351846,NaN,NaN
1661407200,21494.297558729355,21819.88,21494.297558729355,21662.34,46.33357977993367,NaN,NaN
1661428800,21578.31877936468,21779,21422.43,21623.225,45.256444730736725,NaN,NaN
1661450400,21600.77188968234,21685,21496.67,21578.2875,43.99115516958893,NaN,NaN
1661472000,21589.52969484117,21614.89,21343.01,21480.2975,41.28086486009763,NaN,NaN
1661493600,21534.913597420586,21534.913597420586,21106.31,21291.9875,36.612582481263665,NaN,NaN
1661515200,21413.450548710294,21886.77,20529.74,21064.8825,31.92379226067858,NaN,NaN
1661536800,21239.166524355147,21239.166524355147,20107.9,20437.67,23.118220896318263,NaN,NaN
1661558400,20838.418262177573,20838.418262177573,19920,20172.6125,20.53982353008176,NaN,NaN
1661580000,20505.515381088786,20505.515381088786,20092.22,20177.855000000003,20.7281439836177,NaN,NaN
1661601600,20341.685190544395,20341.685190544395,19800,20059.725,19.600869316054727,NaN,NaN
1661623200,20200.7050952722,20200.7050952722,19858.43,19996.317499999997,19.003466493692756,NaN,NaN
1661644800,20098.511297636098,20171.18,19926.78,20047.5775,21.09713239081509,NaN,NaN
1661666400,20073.04439881805,20107.52,19943,20035.06,20.954687845260864,NaN,NaN
1661688000,20054.052199409023,20155.62,19811,19995.645,20.485657525426802,NaN,NaN
1661709600,20024.848599704514,20065.99,19520,19781.197500000002,18.110490887020987,NaN,NaN
1661731200,19903.023049852258,19966.56,19550.79,19706.7,17.357588025954016,NaN,NaN
1661752800,19804.861524926127,19923.63,19752.66,19813.805,22.35532214578572,NaN,NaN
1661774400,19809.333262463064,20433.62,19805,20084.78,33.338964485109884,NaN,NaN
1661796000,19947.05663123153,20351.53,19947.05663123153,20247.14,38.91474397032145,NaN,NaN
1661817600,20097.098315615767,20548,20097.098315615767,20340.6975,41.92897987169655,NaN,NaN
1661839200,20218.897907807885,20576.25,20218.897907807885,20432.100000000002,44.795026144664185,NaN,NaN
1661860800,20325.498953903945,20450,19540,20019.947500000002,36.13472419831838,NaN,NaN
1661882400,20172.723226951974,20172.723226951974,19673.41,19817.3925,32.78052495295739,NaN,NaN
1661904000,19995.057863475988,20459.32,19797.94,20105.875,41.15799297035187,NaN,NaN
1661925600,20050.466431737994,20490,20050.466431737994,20320.3825,46.497480624691114,NaN,NaN
1661947200,20185.424465868997,20423.38,19870,20147.6175,43.10485263829725,NaN,NaN
1661968800,20166.520982934497,20328.46,19939.53,20075.08,41.728188951355065,NaN,NaN
1661990400,20120.80049146725,20208.37,19917.01,20053.1975,41.299672659014384,NaN,NaN
1662012000,20086.998995733622,20126.23,19801.38,20010.1475,40.42024990428547,NaN,NaN
1662033600,20048.57324786681,20096.39,19565.66,19865.347500000003,37.5258303134632,NaN,NaN
1662055200,19956.960373933405,20180,19703.7,19934.8975,39.757246427344256,NaN,NaN
1662076800,19945.928936966702,20298,19945.928936966702,20128.427499999998,45.58176905969946,NaN,NaN
1662098400,20037.17821848335,20179.19,19991,20096.5725,44.813734685807454,NaN,NaN
1662120000,20066.875359241676,20441.26,19761.03,20023.8425,43.030980815872454,NaN,NaN
1662141600,20045.358929620837,20078.9,19755.29,19897.059999999998,40.040697802500915,NaN,NaN
1662163200,19971.209464810418,20055.93,19866.77,19954.5,42.00698319700606,NaN,NaN
1662184800,19962.85473240521,19962.85473240521,19726.1,19854.695,39.57830630968827,NaN,NaN
1662206400,19908.774866202606,19908.774866202606,19748.88,19817.072500000002,38.670673844426275,NaN,NaN
1662228000,19862.923683101304,19862.923683101304,19652.72,19787.655,37.938067267187556,NaN,NaN
1662249600,19825.28934155065,19861.94,19740.07,19800.8575,38.50117435487778,NaN,NaN
1662271200,19813.073420775327,19852.92,19583.1,19763.9375,37.47712207129703,NaN,NaN
1662292800,19788.505460387663,19956.54,19650,19823.725,40.24871099750879,NaN,NaN
1662314400,19806.11523019383,20029.23,19800,19917,44.390415005667556,NaN,NaN
1662336000,19861.557615096914,20057.27,19681.22,19866.2075,42.65646851009801,NaN,NaN
1662357600,19863.88255754846,19863.88255754846,19633.83,19716.822500000002,37.96006388354696,NaN,NaN
1662379200,19790.35252877423,19950.7,19667.02,19786.54,41.21304166466443,NaN,NaN
1662400800,19788.446264387116,19870.8,19670.14,19791.0675,41.42782591704933,NaN,NaN
1662422400,19789.756882193557,20180,19673.44,19857.42,44.62119100301932,NaN,NaN
1662444000,19823.588441096777,20030.82,19763.54,19873.697500000002,45.407521530443304,NaN,NaN
1662465600,19848.64297054839,19993.67,18900,19478.58,33.11564915261724,NaN,NaN
1662487200,19663.611485274196,19663.611485274196,18649.51,18919.475,23.44442223101261,NaN,NaN
1662508800,19291.543242637097,19291.543242637097,18510.77,18733.405,21.223038774618757,NaN,NaN
1662530400,19012.474121318548,19012.474121318548,18691.22,18762.525,22.461271759286873,NaN,NaN
1662552000,18887.499560659275,19031.88,18674.33,18861.235,26.668977403318266,NaN,NaN
1662573600,18874.367280329636,19464.06,18874.367280329636,19178.9625,38.27911031665553,NaN,NaN
1662595200,19026.66489016482,19391.22,19026.66489016482,19284.585,41.58984320359177,NaN,NaN
1662616800,19155.62494508241,19397.71,19056,19266.864999999998,41.190650518778554,NaN,NaN
1662638400,19211.244972541204,19378.19,19012,19225.267499999998,40.214830485401215,NaN,NaN
1662660000,19218.2562362706,19458.25,19168,19286.1475,42.36679902035775,NaN,NaN
1662681600,19252.2018681353,20688,19252.2018681353,19958.572500000002,59.64486554751313,NaN,NaN
1662703200,19605.38718406765,21200,19605.38718406765,20785.6175,71.11492884418337,NaN,NaN
1662724800,20195.502342033826,21437.9,20195.502342033826,21133.6775,74.41122463934562,NaN,NaN
1662746400,20664.589921016915,21597.22,20664.589921016915,21332.97,76.09347528926683,NaN,NaN
1662768000,20998.77996050846,21672.24,20998.77996050846,21435.2725,76.93184213062135,NaN,NaN
1662789600,21217.02623025423,21585,21217.02623025423,21416.59,76.40488871895288,NaN,NaN
1662811200,21316.808115127114,21446.97,21111.13,21282.5825,72.56539089652642,NaN,NaN
1662832800,21299.695307563557,21810.8,21281.1,21507.02,74.84532834275646,NaN,NaN
1662854400,21403.35765378178,21682.6,21403.35765378178,21592.53,75.67477264910666,NaN,NaN
1662876000,21497.94382689089,21726.6,21350,21569.9825,74.97277071121819,NaN,NaN
1662897600,21533.96316344544,21860,21455,21639.095,75.71637783854962,NaN,NaN
1662919200,21586.52908172272,21850,21456.67,21690.4725,76.28058144565887,NaN,NaN
1662940800,21638.500790861362,22374,21538.51,21881.242499999997,78.29692893633646,NaN,NaN
1662962400,21759.871645430678,22472.68,21699.2,22067.555,80.07811152783157,NaN,NaN
1662984000,21913.71332271534,22488,21913.71332271534,22289.342500000002,81.9746067512149,NaN,NaN
1663005600,22101.52791135767,22480.71,22101.52791135767,22371.155,82.63143594160302,NaN,NaN
1663027200,22236.341455678834,22445.86,22054.07,22320.175,80.6590776993443,NaN,NaN
1663048800,22278.25822783942,22713.92,22182.09,22450.8175,81.85439004631577,NaN,NaN
1663070400,22364.537863919708,22799,20678.07,21690.9825,59.01114638822867,NaN,NaN
1663092000,22027.760181959853,22027.760181959853,19860,20396.822500000002,39.03160342093206,NaN,NaN
1663113600,21212.29134097993,21212.29134097993,20042.15,20268.2025,37.66666249804465,NaN,NaN
1663135200,20740.246920489964,20740.246920489964,20091.19,20262.795,37.6071181940107,NaN,NaN
1663156800,20501.520960244983,20501.520960244983,20070,20197.475,36.84933141033574,NaN,NaN
1663178400,20349.49798012249,20393.37,19617.62,20085.464999999997,35.527321407833725,NaN,NaN
1663200000,20217.481490061244,20270.61,19920,20140.9175,36.73736611039221,NaN,NaN
1663221600,20179.19949503062,20330.24,19980,20151.1025,36.97135125394352,NaN,NaN
1663243200,20165.15099751531,20194.12,19497,19917.6425,33.87822404621262,NaN,NaN
1663264800,20041.396748757656,20041.396748757656,19578,19751.182500000003,31.833215801473457,NaN,NaN
1663286400,19896.289624378827,19896.289624378827,19582.05,19724.1675,31.50088018950133,NaN,NaN
1663308000,19810.22856218941,19890,19610.13,19780.175000000003,33.06115283840438,NaN,NaN
1663329600,19795.201781094707,19875.61,19320.01,19626.59,30.97739297939252,NaN,NaN
1663351200,19710.895890547356,19819.22,19378.68,19610.55,30.759347524432854,NaN,NaN
1663372800,19660.72294527368,20071.09,19660.72294527368,19876.1625,38.48147420390133,NaN,NaN
1663394400,19768.44272263684,19916.61,19768.44272263684,19843.145,37.915402044425576,NaN,NaN
1663416000,19805.79386131842,20189,19748.08,19956.760000000002,41.124835657696764,NaN,NaN
1663437600,19881.27693065921,20145.76,19881.27693065921,20070.039999999997,44.22095605665668,NaN,NaN
1663459200,19975.6584653296,20117.26,19949.95,20062.905,44.06377765938577,NaN,NaN
1663480800,20019.2817326648,20102.16,19765.01,19965.4725,41.87494035513195,NaN,NaN
1663502400,19992.377116332398,20029.81,19607.26,19797.945,38.34767794030394,NaN,NaN
1663524000,19895.1610581662,19895.1610581662,19335.62,19534.519999999997,33.56061589875452,NaN,NaN
1663545600,19714.8405290831,19714.8405290831,18386,18945.332499999997,25.802270261284292,NaN,NaN
1663567200,19330.08651454155,19330.08651454155,18232.56,18544.1325,22.06219748934771,NaN,NaN
1663588800,18937.109507270776,19433.48,18676.47,18940.0775,32.46623100739687,NaN,NaN
1663610400,18938.593503635388,19686.2,18877,19266,39.61228577845002,NaN,NaN
1663632000,19102.296751817696,19634.62,19102.296751817696,19429.8125,42.88360923355933,NaN,NaN
1663653600,19266.054625908848,19589,19150,19332.697500000002,41.45002360639998,NaN,NaN
1663675200,19299.376062954427,19319.28,18711.87,19004.3675,36.95239273921102,NaN,NaN
1663696800,19151.871781477214,19151.871781477214,18753.17,18874.77,35.32313781270375,NaN,NaN
1663718400,19013.320890738607,19135.57,18829.3,18940.57,36.84566000552616,NaN,NaN
1663740000,18976.945445369303,19205.93,18791.2,19021.54,38.75621542231758,NaN,NaN
1663761600,18999.242722684652,19897,18999.242722684652,19503.57,48.70492435956393,NaN,NaN
1663783200,19251.406361342328,19956,18125.98,19102.8125,42.5205489874739,NaN,NaN
1663804800,19177.109430671164,19177.109430671164,18356.39,18573.824999999997,36.019174806714176,NaN,NaN
1663826400,18875.46721533558,19285.12,18661.07,18961.2825,42.90516594756782,NaN,NaN
1663848000,18918.37485766779,19317.66,18780.01,19099.079999999998,45.165499161979206,NaN,NaN
1663869600,19008.727428833896,19550.17,18969.17,19247.585,47.57431812109352,NaN,NaN
1663891200,19128.156214416947,19500,19128.156214416947,19371.1875,49.560380699758866,NaN,NaN
1663912800,19249.671857208472,19417.99,18835,19118.275,45.74189866988907,NaN,NaN
1663934400,19183.973428604237,19183.973428604237,18531.42,18810.29,41.54420691657995,NaN,NaN
1663956000,18997.13171430212,19406.73,18620.28,19021.73,45.258333005353215,NaN,NaN
1663977600,19009.43085715106,19316.14,19009.43085715106,19192.637499999997,48.1273065271227,NaN,NaN
1663999200,19101.03417857553,19164.25,18925.94,19069.68,46.24932005214037,NaN,NaN
1664020800,19085.357089287765,19225.92,19012.49,19094.075000000004,46.69375629270994,NaN,NaN
1664042400,19089.716044643887,19150.81,18805.34,18990.575,44.99393339698898,NaN,NaN
1664064000,19040.145522321945,19070.1,18913.43,18974.567499999997,44.72276358573012,NaN,NaN
1664085600,19007.35651116097,19180.21,18982,19068.225,46.745087812000186,NaN,NaN
1664107200,19037.790755580485,19144.23,18841.91,19027.024999999998,45.94871365516771,NaN,NaN
1664128800,19032.40787779024,19032.40787779024,18629.2,18863.482500000002,42.82951901983348,NaN,NaN
1664150400,18947.945188895123,18948.11,18721.02,18812.0175,41.86635489870168,NaN,NaN
1664172000,18879.981344447562,19318.96,18680.72,18911.36,44.46262709634211,NaN,NaN
1664193600,18895.67067222378,19280,18817.62,19022.442499999997,47.29697684343773,NaN,NaN
1664215200,18959.05658611189,19269.69,18959.05658611189,19169.8125,50.87865438531744,NaN,NaN
1664236800,19064.434543055944,20300,19064.434543055944,19731.325,61.58973499676072,NaN,NaN
1664258400,19397.879771527972,20350,19397.879771527972,20220.155,68.10919493990515,NaN,NaN
1664280000,19809.017385763986,20385.86,18863.01,19609.105,55.44137477657377,NaN,NaN
1664301600,19709.061192881993,19709.061192881993,18816.32,19008.35,46.319829405324946,NaN,NaN
1664323200,19358.705596440996,19358.705596440996,18471.28,18902.98,44.923735713508165,NaN,NaN
1664344800,19130.842798220496,19155.08,18565,18874.53,44.533448864493785,NaN,NaN
1664366400,19002.686399110247,19666.66,18940.02,19226.7975,50.29195372712382,NaN,NaN
1664388000,19114.741949555122,19790,19114.741949555122,19457.3425,53.681204082768424,NaN,NaN
1664409600,19286.04222477756,19629,19277.01,19443.1925,53.44036233738863,NaN,NaN
1664431200,19364.61736238878,19550,19267,19433.705,53.26779671451269,NaN,NaN
1664452800,19399.16118119439,19645.52,18843.01,19303.2875,50.83761460648566,NaN,NaN
1664474400,19351.224340597197,19620,19117.5,19398.1275,52.53351942887903,NaN,NaN
1664496000,19374.6759202986,19700,19311.99,19512.135,54.562641453185734,NaN,NaN
1664517600,19443.405460149297,19640,19393.55,19478.9625,53.841422514889565,NaN,NaN
1664539200,19461.18398007465,20185,19155.36,19613.870000000003,56.36737761071394,NaN,NaN
1664560800,19537.526990037324,19838.36,19240.44,19545.185,54.725380124188995,NaN,NaN
1664582400,19541.35599501866,19541.35599501866,19270.59,19373.78,50.752136000423086,NaN,NaN
1664604000,19457.56799750933,19457.56799750933,19159.42,19289.065000000002,48.863858858444445,NaN,NaN
1664625600,19373.316498754666,19400.02,19240.08,19307.46,49.30492260442725,NaN,NaN
1664647200,19340.388249377334,19342.63,19200,19282.6025,48.693715125755716,NaN,NaN
1664668800,19311.495374688668,19395.91,19236,19318.682500000003,49.668991656897475,NaN,NaN
1664690400,19315.088937344335,19383.61,19036,19235.655,47.43443656001644,NaN,NaN
1664712000,19275.371968672167,19275.371968672167,19070,19176.565000000002,45.853357533162985,NaN,NaN
1664733600,19225.968484336085,19341.58,18920.35,19128.9775,44.56505499767818,NaN,NaN
1664755200,19177.47299216804,19291.69,18959.68,19138.2825,44.89109931758411,NaN,NaN
1664776800,19157.87774608402,19315,19122.67,19231.775,48.188446741073676,NaN,NaN
1664798400,19194.82637304201,19598,19134.23,19381.51,53.03515715397128,NaN,NaN
1664820000,19288.168186521005,19719.1,19288.168186521005,19581.56,58.60641674382379,NaN,NaN
1664841600,19434.864093260505,19722.6,19434.864093260505,19613.35,59.430027277571995,NaN,NaN
1664863200,19524.10704663025,20152,19524.10704663025,19824.905,64.49315010637656,NaN,NaN
1664884800,19674.506023315123,20270,19674.506023315123,20026.7025,68.52790018220996,NaN,NaN
1664906400,19850.60426165756,20475,19850.60426165756,20214.1525,71.74027871524987,NaN,NaN
1664928000,20032.37838082878,20365.6,20032.37838082878,20244.2625,72.23059638235225,NaN,NaN
1664949600,20138.32044041439,20299.99,19952.12,20119.565000000002,67.0426828683365,NaN,NaN
1664971200,20128.942720207197,20323.24,19730,20061.6375,64.71725259699633,NaN,NaN
1664992800,20095.290110103597,20350,19975.42,20162.324999999997,66.86839828129834,NaN,NaN
1665014400,20128.807555051797,20456.6,20128.807555051797,20264.0625,68.92970666058153,NaN,NaN
1665036000,20196.4350275259,20304.9,20080.01,20232.785,67.53851269910803,NaN,NaN
1665057600,20214.610013762947,20324.94,19874.81,20139.277499999997,63.41762906007467,NaN,NaN
1665079200,20176.943756881472,20176.943756881472,19853,20011.2375,58.182635502816794,NaN,NaN
1665100800,20094.090628440736,20094.090628440736,19905.87,19972.3325,56.65236354091985,NaN,NaN
1665122400,20033.211564220368,20033.211564220368,19810,19950.7275,55.77506212858008,NaN,NaN
1665144000,19991.969532110183,20068.82,19320,19701.755,46.78401840144579,NaN,NaN
1665165600,19846.86226605509,19846.86226605509,19375.16,19492.075,40.81647179541893,NaN,NaN
1665187200,19669.468633027544,19669.468633027544,19415.6,19520.6375,41.9035770228496,NaN,NaN
1665208800,19595.05306651377,19595.05306651377,19450,19510.4225,41.60921142426134,NaN,NaN
1665230400,19552.737783256885,19552.737783256885,19415,19498.07,41.23201145061553,NaN,NaN
1665252000,19525.40389162844,19525.40389162844,19237.14,19416.7425,38.741837816874266,NaN,NaN
1665273600,19471.07319581422,19471.07319581422,19316.04,19399.1575,38.20455873752862,NaN,NaN
1665295200,19435.11534790711,19558,19373.49,19452.237500000003,40.870186163707736,NaN,NaN
1665316800,19443.676423953555,19555.89,19443.676423953555,19492.68,42.891507992889345,NaN,NaN
1665338400,19468.178211976778,19538.23,19353,19453.7475,41.42347941127383,NaN,NaN
1665360000,19460.96285598839,19525,19384.31,19440.182500000003,40.89823677837196,NaN,NaN
1665381600,19450.572677994198,19450.572677994198,19107,19322.5975,36.56960652173227,NaN,NaN
1665403200,19386.585088997097,19441.99,19098.21,19298.75,35.743346510522585,NaN,NaN
1665424800,19342.66754449855,19342.66754449855,19020.25,19201.657499999998,32.521569668030594,NaN,NaN
1665446400,19272.162522249273,19272.162522249273,18950.01,19061.835,28.5329471337746,NaN,NaN
1665468000,19166.998761124636,19166.998761124636,19010,19088.637499999997,30.297690400487895,NaN,NaN
1665489600,19127.818130562315,19268.09,18860,19102.9625,31.274472631914975,NaN,NaN
1665511200,19115.390315281158,19136.58,18918.01,19061.1675,29.955483264419314,NaN,NaN
1665532800,19088.27890764058,19149.6,19024.65,19087.17,31.880343529938614,NaN,NaN
1665554400,19087.724453820287,19203.14,19080.01,19127.949999999997,34.90176344989288,NaN,NaN
1665576000,19107.837226910142,19182.18,18965.88,19088.590000000004,33.36359455215005,NaN,NaN
1665597600,19098.213613455075,19238.31,19041.74,19131.815000000002,36.6647555215195,NaN,NaN
1665619200,19115.01430672754,19175.13,19017.8,19109.747499999998,35.692599141068825,NaN,NaN
1665640800,19112.380903363766,19112.380903363766,18566.66,18877.7575,27.451951081975622,NaN,NaN
1665662400,18995.069201681883,19228,18190,18832.497499999998,26.181919157465217,NaN,NaN
1665684000,18913.78335084094,19513.79,18913.78335084094,19297.2225,51.1647256172998,NaN,NaN
1665705600,19105.50292542047,19951.87,19105.50292542047,19617.3825,60.9659044419125,NaN,NaN
1665727200,19361.442712710235,19830,19361.442712710235,19690.065,62.79161917986652,NaN,NaN
1665748800,19525.753856355117,19854.48,19220.73,19508.5725,55.77623434076761,NaN,NaN
1665770400,19517.163178177558,19517.163178177558,19070.37,19243.35,47.43573884820023,NaN,NaN
1665792000,19380.256589088778,19380.256589088778,19133.24,19178.4425,45.63715604901048,NaN,NaN
1665813600,19279.34954454439,19279.34954454439,19037.39,19141.96,44.61324328845641,NaN,NaN
1665835200,19210.654772272195,19210.654772272195,19094.01,19142.2025,44.62213719187102,NaN,NaN
1665856800,19176.428636136097,19176.428636136097,18975.18,19073.065000000002,42.525503546958504,NaN,NaN
1665878400,19124.74681806805,19170.82,19063.74,19113.38,44.17274084086939,NaN,NaN
1665900000,19119.063409034025,19195,19087.37,19144.49,45.47148232652354,NaN,NaN
1665921600,19131.77670451701,19172.55,19104.16,19138.3825,45.248929627808714,NaN,NaN
1665943200,19135.079602258505,19425.84,19101,19230.355,49.27511720568862,NaN,NaN
1665964800,19182.717301129254,19309.06,19152.03,19249.0675,50.07945634488639,NaN,NaN
1665986400,19215.892400564626,19545.22,19215.892400564626,19374.6625,55.21276758045047,NaN,NaN
1666008000,19295.277450282312,19676.96,19295.277450282312,19518.8375,60.26407614007252,NaN,NaN
1666029600,19407.057475141155,19626.91,19407.057475141155,19534.962499999998,60.79663481872183,NaN,NaN
1666051200,19471.00998757058,19624.03,19471.00998757058,19551.5025,61.36856816940885,NaN,NaN
1666072800,19511.25624378529,19706.66,19470,19573.4375,62.15705388532403,NaN,NaN
1666094400,19542.346871892645,19680.49,19280.11,19482.73,56.977999580437576,NaN,NaN
1666116000,19512.53843594632,19512.53843594632,19091,19314.885,48.864577244775816,NaN,NaN
1666137600,19413.711717973158,19413.711717973158,19213.99,19289.175,47.74311164139955,NaN,NaN
1666159200,19351.44335898658,19351.44335898658,19140.01,19219.2375,44.735402266114065,NaN,NaN
1666180800,19285.34042949329,19301.69,19065.97,19188.0675,43.422444373490514,NaN,NaN
1666202400,19236.703964746644,19249.51,19084.23,19160.225,42.230164176829206,NaN,NaN
1666224000,19198.46448237332,19210,18900,19093.645,39.44125102300657,NaN,NaN
1666245600,19146.05474118666,19253.33,19092.95,19173.76,44.21525121418154,NaN,NaN
1666267200,19159.90737059333,19347.82,19063.89,19179.7275,44.56579849874954,NaN,NaN
1666288800,19169.817435296667,19169.817435296667,18929.38,19047.1175,38.7399555315573,NaN,NaN
1666310400,19108.467467648334,19131.39,18999,19053.96,39.181743881769066,NaN,NaN
1666332000,19081.213733824166,19084.17,18900,18993.3375,36.65928192459243,NaN,NaN
1666353600,19037.275616912084,19229,18650,18993.7425,36.688606288614494,NaN,NaN
1666375200,19015.509058456042,19250,19015.509058456042,19171.425,48.05158594644036,NaN,NaN
1666396800,19093.46702922802,19183.39,19093.46702922802,19150.4025,46.97729298335719,NaN,NaN
1666418400,19121.93476461401,19188,19121.93476461401,19159.9825,47.55273776874744,NaN,NaN
1666440000,19140.958632307003,19257,19140.3,19182.077500000003,48.929395385908244,NaN,NaN
1666461600,19161.518066153505,19224.99,19134,19178.8475,48.728034453898914,NaN,NaN
1666483200,19170.18278307675,19221.71,19163.32,19192.075,49.64200815172738,NaN,NaN
1666504800,19181.128891538378,19188.7,19125.63,19161.2725,47.51777254207063,NaN,NaN
1666526400,19171.20069576919,19500,19070.11,19299.342500000002,56.50268474161206,NaN,NaN
1666548000,19235.271597884595,19695,19235.271597884595,19534.95,66.9124449375735,NaN,NaN
1666569600,19385.110798942296,19601.15,19260,19441.995000000003,60.73659104525711,NaN,NaN
1666591200,19413.55289947115,19444.44,19250.59,19363.605,56.03922077943791,NaN,NaN
1666612800,19388.578949735573,19450.9,19157,19329.08,54.0562866101052,NaN,NaN
1666634400,19358.829474867787,19425.05,19281.85,19330.317499999997,54.11895459313898,NaN,NaN
1666656000,19344.573487433892,19377.1,19250,19323.5775,53.68941061800122,NaN,NaN
1666677600,19334.075493716948,19366.31,19237,19310.5125,52.81433764318539,NaN,NaN
1666699200,19322.293996858476,20192.97,19260.82,19718.4325,69.51893570712869,NaN,NaN
1666720800,19520.36324842924,20415.87,19520.36324842924,20148.902499999997,78.26393061762124,NaN,NaN
1666742400,19834.632874214618,20308,19834.632874214618,20156.3375,78.37930829288422,NaN,NaN
1666764000,19995.48518710731,20783.27,19995.48518710731,20436.8925,82.21552799983024,NaN,NaN
1666785600,20216.188843553657,21020,20216.188843553657,20697.3325,84.89489389557181,NaN,NaN
1666807200,20456.76067177683,20907,20456.76067177683,20785.2925,85.67960237136673,NaN,NaN
1666828800,20621.026585888416,20872.21,20581.49,20757.3275,84.1822657039998,NaN,NaN
1666850400,20689.177042944208,20836,20451.71,20678.5325,79.94299683559679,NaN,NaN
1666872000,20683.854771472106,20780,20430,20603.95,76.03968181564011,NaN,NaN
1666893600,20643.90238573605,20679.51,20200,20439.5775,68.1428908989356,NaN,NaN
1666915200,20541.739942868026,20541.739942868026,20160,20269.98,61.09308188963872,NaN,NaN
1666936800,20405.859971434013,20405.859971434013,20026,20199.7675,58.39940859621038,NaN,NaN
1666958400,20302.813735717005,20750,20000.09,20388.43,63.10655713479513,NaN,NaN
1666980000,20345.621867858503,20735.86,20345.621867858503,20624.8325,67.99360236147902,NaN,NaN
1667001600,20485.22718392925,20823.81,20485.22718392925,20656.305,68.59012542001263,NaN,NaN
1667023200,20570.766091964626,21085,20570.766091964626,20771.835,70.7455396472656,NaN,NaN
1667044800,20671.30054598231,20982.86,20671.30054598231,20791.559999999998,71.11005695210174,NaN,NaN
1667066400,20731.430272991154,20899.99,20704.12,20805.87,71.38858739192568,NaN,NaN
1667088000,20768.650136495577,20841.11,20701.15,20789.25,70.53798790662677,NaN,NaN
1667109600,20778.95006824779,20931.21,20632.73,20784.41,70.2753855677653,NaN,NaN
1667131200,20781.680034123892,20781.680034123892,20550,20690.067499999997,65.18152838506026,NaN,NaN
1667152800,20735.873767061945,20739,20515,20634.86,62.334151447327436,NaN,NaN
1667174400,20685.366883530973,20685.366883530973,20427.23,20568.304999999997,58.988686824112804,NaN,NaN
1667196000,20626.835941765486,20845.92,20449.86,20642.225,61.46256949437338,NaN,NaN
1667217600,20634.530470882743,20755.73,20237.95,20524.712499999998,55.70935766605236,NaN,NaN
1667239200,20579.62148544137,20579.62148544137,20353.77,20435.7275,51.7584376877429,NaN,NaN
1667260800,20507.674492720686,20589.67,20440.64,20512.865,54.754034634819085,NaN,NaN
1667282400,20510.269746360344,20700,20489.92,20560.78,56.55853547936621,NaN,NaN
1667304000,20535.52487318017,20570.07,20330.74,20465.717500000002,52.1175095593319,NaN,NaN
1667325600,20500.621186590084,20503.51,20407.7,20458.664999999997,51.792593365603366,NaN,NaN
1667347200,20479.64309329504,20563.36,20407.66,20485.305,52.984934580130165,NaN,NaN
1667368800,20482.47404664752,20539.9,20339.99,20449.6525,51.161174340500075,NaN,NaN
1667390400,20466.063273323758,20548.31,20355.37,20443.1825,50.819318383507905,NaN,NaN
1667412000,20454.622886661877,20800,20048.04,20359.54,46.49410127247438,NaN,NaN
1667433600,20407.08144333094,20407.08144333094,20120,20260.662500000002,41.94888404398623,NaN,NaN
1667455200,20333.87197166547,20386.37,20052,20236.625,40.90204875970159,NaN,NaN
1667476800,20285.248485832737,20339.86,20031.24,20181.770000000004,38.53850109298589,NaN,NaN
1667498400,20233.50924291637,20279,20157.86,20217.715,40.94658317416801,NaN,NaN
1667520000,20225.612121458187,20490.1,20180.96,20330.545,47.85321717201088,NaN,NaN
1667541600,20278.078560729093,20688,20278.078560729093,20533.75,57.49497415180213,NaN,NaN
1667563200,20405.914280364545,21302.05,20350,20746.075,64.81534920348702,NaN,NaN
1667584800,20575.994640182274,21209.16,20575.994640182274,20961.815,70.39462509744814,NaN,NaN
1667606400,20768.904820091135,21480.65,20768.904820091135,21274.93,76.27482292648361,NaN,NaN
1667628000,21021.917410045568,21443.8,21021.917410045568,21368.3075,77.69747425616382,NaN,NaN
1667649600,21195.112455022783,21420.84,21195.112455022783,21338.934999999998,76.15063252475453,NaN,NaN
1667671200,21267.02372751139,21380,21233.33,21307.9975,74.46895308513207,NaN,NaN
1667692800,21287.510613755694,21365.27,21143.27,21240.83,70.81267394633538,NaN,NaN
1667714400,21264.170306877848,21310,21144.92,21216.215,69.46661045837948,NaN,NaN
1667736000,21240.192653438924,21289.49,21152.46,21235.965,69.9600184226909,NaN,NaN
1667757600,21238.078826719462,21252.74,20886.13,21072.890000000003,61.1702689393244,NaN,NaN
1667779200,21155.484413359733,21155.484413359733,20818.65,20913.237500000003,54.015174280463626,NaN,NaN
1667800800,21034.36095667987,21034.36095667987,20571.52,20768.4125,48.475894258057096,NaN,NaN
1667822400,20901.386728339934,20901.386728339934,20626.25,20716.6575,46.63535010956753,NaN,NaN
1667844000,20809.022114169966,20892.04,20384.89,20642.665,44.05972716753762,NaN,NaN
1667865600,20725.843557084983,20725.843557084983,19344,20078.107500000002,30.306426497399954,NaN,NaN
1667887200,20401.97552854249,20401.97552854249,19580.33,19709.957500000004,24.857366841984984,NaN,NaN
1667908800,20055.966514271247,20700.88,19229,19742.8975,26.13703406954984,NaN,NaN
1667930400,19899.432007135623,19899.432007135623,17166.83,18651.6825,16.258924087119922,NaN,NaN
1667952000,19275.55725356781,19275.55725356781,18000,18383.572500000002,14.78082485009574,NaN,NaN
1667973600,18829.56487678391,18829.56487678391,17250.33,17982.3375,12.891958731251819,NaN,NaN
1667995200,18405.951188391955,18405.951188391955,16800,17397.4325,10.737753222892394,NaN,NaN
1668016800,17901.69184419598,17901.69184419598,15588,16372.732499999998,8.163998180959808,NaN,NaN
1668038400,17137.21217209799,17137.21217209799,15754.26,16297.1325,8.011426687569312,NaN,NaN
1668060000,16717.172336048992,16959.99,16258.74,16585.72,14.574376160997588,NaN,NaN
1668081600,16651.446168024497,17989,16386.66,16992.98,22.930878001797822,NaN,NaN
1668103200,16822.213084012248,18199,16822.213084012248,17544.345,32.55067839537023,NaN,NaN
1668124800,17183.279042006125,17695,16888.76,17385.957499999997,31.34047701263981,NaN,NaN
1668146400,17284.618271003063,17537,17153.84,17350.247499999998,31.060092529567882,NaN,NaN
1668168000,17317.43288550153,17544.9,16361.6,17041.315000000002,28.67040745921068,NaN,NaN
1668189600,17179.373942750768,17179.373942750768,16555.77,16921.0875,27.77480786233363,NaN,NaN
1668211200,17050.230721375385,17119.1,16631.39,16881.0225,27.466889548883998,NaN,NaN
1668232800,16965.626610687694,16977.45,16676.72,16805.7375,26.864209910042504,NaN,NaN
1668254400,16885.682055343845,16996.35,16757,16877.875,28.483485227286337,NaN,NaN
1668276000,16881.778527671922,16902.03,16760,16841.45,28.144633662800246,NaN,NaN
1668297600,16861.61426383596,16954.28,16774.07,16848.7975,28.329850045293796,NaN,NaN
1668319200,16855.20588191798,16867.88,16435.23,16704.004999999997,26.86049946393588,NaN,NaN
1668340800,16779.60544095899,16779.60544095899,16463.68,16597.265,25.798224875329865,NaN,NaN
1668362400,16688.435220479492,16688.435220479492,16229,16423.36,24.12426028244154,NaN,NaN
1668384000,16555.897610239746,16555.897610239746,15815.21,16105.5725,21.392584653778414,NaN,NaN
1668405600,16330.735055119872,16935.59,15847.54,16349.044999999998,28.109139881903545,NaN,NaN
1668427200,16339.890027559935,17190,16339.890027559935,16719.495,36.93818804629559,NaN,NaN
1668448800,16529.692513779966,16765,16181,16536.995000000003,34.67864666124861,NaN,NaN
1668470400,16533.343756889983,16894.56,16527.72,16674.4375,37.766196097579765,NaN,NaN
1668492000,16603.89062844499,16989,16603.89062844499,16770.0525,39.89463719346697,NaN,NaN
1668513600,16686.9715642225,17134.69,16686.9715642225,16911.8,43.006596730854376,NaN,NaN
1668535200,16799.385782111247,17013.08,16614.61,16881.875,42.50624330600141,NaN,NaN
1668556800,16840.630391055623,17015.92,16765.64,16901.059999999998,42.96438545995765,NaN,NaN
1668578400,16870.84519552781,16939.88,16650.29,16805.045000000002,41.195142242319754,NaN,NaN
1668600000,16837.945097763906,16837.945097763906,16378.61,16595.872499999998,37.56584695949448,NaN,NaN
1668621600,16716.908798881952,16773.09,16452.07,16616.4725,38.14381885159789,NaN,NaN
1668643200,16666.690649440978,16751,16410.74,16600.4275,37.84991412084617,NaN,NaN
1668664800,16633.55907472049,16635.82,16471.36,16570.5075,37.27316723997565,NaN,NaN
1668686400,16602.033287360246,16717.49,16430,16608.77,38.562457286644886,NaN,NaN
1668708000,16605.401643680125,16749,16602.41,16684.3425,41.13594771188962,NaN,NaN
1668729600,16644.872071840062,17011,16644.872071840062,16797.6875,44.866133240876465,NaN,NaN
1668751200,16721.27978592003,16854.33,16680,16772.445,44.194452773805736,NaN,NaN
1668772800,16746.862392960014,16818,16550.19,16678.88,41.70232618681963,NaN,NaN
1668794400,16712.87119648001,16727.99,16546.04,16642.635000000002,40.74384473839323,NaN,NaN
1668816000,16677.753098240006,16708.77,16553.53,16639.9125,40.66823404644512,NaN,NaN
1668837600,16658.832799120002,16683.01,16567.95,16631.4875,40.41826537624958,NaN,NaN
1668859200,16645.16014956,16686.86,16608.35,16646.53,41.11421139555363,NaN,NaN
1668880800,16645.84507478,16822.41,16611.13,16687.059999999998,43.0445735186474,NaN,NaN
1668902400,16666.45253739,16753.33,16666.45253739,16702.06,43.77912999558316,NaN,NaN
1668924000,16684.256268695,16738.76,16462.46,16603.5925,40.12108464250402,NaN,NaN
1668945600,16643.924384347498,16643.924384347498,16461,16540.934999999998,37.94819383067244,NaN,NaN
1668967200,16592.429692173748,16613.35,16180,16405.35,33.6955322384502,NaN,NaN
1668988800,16498.889846086873,16498.889846086873,15897.15,16180.935000000001,28.08537685172999,NaN,NaN
1669010400,16339.912423043437,16339.912423043437,15955.99,16131.164999999999,27.01126874213979,NaN,NaN
1669032000,16235.538711521718,16284,15906.52,16072.54,25.761474950985388,NaN,NaN
1669053600,16154.039355760859,16154.039355760859,15476,15828.26,21.332317182120505,NaN,NaN
1669075200,15991.149677880428,15991.149677880428,15746.16,15824.777500000002,21.276156612842044,NaN,NaN
1669096800,15907.963588940216,15907.963588940216,15616.63,15748.224999999999,20.02795967245686,NaN,NaN
1669118400,15828.094294470107,16315,15683.33,15957.045,31.78428896625617,NaN,NaN
1669140000,15892.569647235054,16254.99,15892.569647235054,16153.160000000002,40.613903593422236,NaN,NaN
1669161600,16022.864823617529,16593.8,16022.864823617529,16361.507499999998,48.27391033371254,NaN,NaN
1669183200,16192.186161808764,16677.25,16192.186161808764,16543.125,53.86078188305569,NaN,NaN
1669204800,16367.655580904382,16604.1,16320.02,16475.2375,51.6165644138401,NaN,NaN
1669226400,16421.44654045219,16706,16380,16519.905,53.00408336440433,NaN,NaN
1669248000,16470.675770226095,16812.63,16470.675770226095,16651.2975,56.917918365027106,NaN,NaN
1669269600,16560.986635113048,16726,16493.81,16611.8675,55.42616139916702,NaN,NaN
1669291200,16586.427067556524,16676,16458.05,16573.2225,53.934176805881364,NaN,NaN
1669312800,16579.824783778262,16639,16535.01,16590.157499999998,54.51203676229905,NaN,NaN
1669334400,16584.991141889128,16622.64,16354.24,16484.8075,50.28607534024748,NaN,NaN
1669356000,16534.89932094456,16591.43,16342.81,16457.3275,49.21433008710928,NaN,NaN
1669377600,16496.11341047228,16584.48,16435.11,16515.4025,51.563806069383816,NaN,NaN
1669399200,16505.757955236142,16666,16477.13,16543.697500000002,52.71166627171499,NaN,NaN
1669420800,16524.727727618072,16701.99,16509.6,16589.605,54.591896293912846,NaN,NaN
1669442400,16557.166363809036,16638.23,16530,16593.385,54.75143081127405,NaN,NaN
1669464000,16575.275681904517,16680.57,16483.25,16565.1125,53.24463552832995,NaN,NaN
1669485600,16570.19409095226,16570.19409095226,16385,16477.465,48.764203268466865,NaN,NaN
1669507200,16523.829545476132,16600,16446.59,16510.302499999998,50.44661624254429,NaN,NaN
1669528800,16517.066022738065,16594.97,16513,16548.9725,52.427696479589464,NaN,NaN
1669550400,16533.01926136903,16586.74,16520,16547.8775,52.36385763564397,NaN,NaN
1669572000,16540.448380684516,16597.36,16401,16490.335,48.988079166634755,NaN,NaN
1669593600,16515.391690342258,16515.391690342258,16051.9,16281.755,39.13854661345443,NaN,NaN
1669615200,16398.573345171128,16398.573345171128,16136,16194.675000000001,35.89383905374393,NaN,NaN
1669636800,16296.624172585565,16399.69,15995.27,16203.8425,36.49077109059579,NaN,NaN
1669658400,16250.233336292782,16271.09,16145,16209.029999999999,36.849112051626236,NaN,NaN
1669680000,16229.63166814639,16541.59,16100,16334.655,44.94978798439852,NaN,NaN
1669701600,16282.143334073196,16548.71,16282.143334073196,16490.3,52.99487572286921,NaN,NaN
1669723200,16386.221667036596,16508.04,16328.84,16428.3325,49.87005489820499,NaN,NaN
1669744800,16407.277083518296,16526.91,16357.19,16426.5875,49.7810382307593,NaN,NaN
1669766400,16416.93229175915,17162.2,16416.93229175915,16724.377500000002,62.18574269557231,NaN,NaN
1669788000,16570.654895879576,16930.66,16570.654895879576,16875.9525,66.69523103175018,NaN,NaN
1669809600,16723.303697939788,16907.9,16720.56,16824.36,63.90185848014543,NaN,NaN
1669831200,16773.831848969894,17249,16705,16976.825,68.14752200786702,NaN,NaN
1669852800,16875.32842448495,17236.29,16875.32842448495,17142.877500000002,72.00888689198455,NaN,NaN
1669874400,17009.102962242476,17137.75,17009.102962242476,17098.385,69.57512716010244,NaN,NaN
1669896000,17053.74398112124,17324,16895.02,17072.29,68.12091670545448,NaN,NaN
1669917600,17063.01699056062,17063.01699056062,16855.01,16946.835,61.46902824608994,NaN,NaN
1669939200,17004.92599528031,17048.99,16857.89,16954.93,61.72871576196894,NaN,NaN
1669960800,16979.927997640156,17065,16906.99,16976.0925,62.44138092110516,NaN,NaN
1669982400,16978.01024882008,17105.73,16787.85,16956.707499999997,61.31505741302167,NaN,NaN
1670004000,16967.358874410038,17099,16930.03,17014.3625,63.428034581715515,NaN,NaN
1670025600,16990.86068720502,17188.98,16990.86068720502,17076.4575,65.60689104715394,NaN,NaN
1670047200,17033.65909360251,17033.65909360251,16880.88,16964.777500000004,58.81946867630066,NaN,NaN
1670068800,16999.218296801257,16999.218296801257,16921.07,16954.8375,58.24192240897607,NaN,NaN
1670090400,16977.02789840063,16983.65,16858.74,16924.6675,56.430768901838185,NaN,NaN
1670112000,16950.847699200312,17068,16878.25,16961.635,58.14813858898394,NaN,NaN
1670133600,16956.241349600154,17050,16905.01,16979.8325,59.004769148848766,NaN,NaN
1670155200,16968.03692480008,17100,16915,17003.97,60.169328573789414,NaN,NaN
1670176800,16986.00346240004,17202.84,16986.00346240004,17098.87,64.4457320007981,NaN,NaN
1670198400,17042.436731200018,17424.25,17042.436731200018,17237.0425,69.56869990280113,NaN,NaN
1670220000,17139.73961560001,17386,17139.73961560001,17329.587499999998,72.43369855335949,NaN,NaN
1670241600,17234.663557800006,17313.48,16980.28,17164.712499999998,61.35172249775586,NaN,NaN
1670263200,17199.688028900004,17199.688028900004,16867,17004.519999999997,52.885574997947096,NaN,NaN
1670284800,17102.10401445,17102.97,16962.18,17001.89,52.75685789845726,NaN,NaN
1670306400,17051.997007225,17051.997007225,16906.37,16977.11,51.48536754791767,NaN,NaN
1670328000,17014.5535036125,17032.95,16930,16976.535,51.454378537358885,NaN,NaN
1670349600,16995.54425180625,17107.01,16912.24,17016.995000000003,53.5719918643445,NaN,NaN
1670371200,17006.269625903125,17142.21,16973.26,17052.234999999997,55.39696191712185,NaN,NaN
1670392800,17029.25231295156,17029.25231295156,16678.83,16870.725,45.480621606778314,NaN,NaN
1670414400,16949.98865647578,16949.98865647578,16765.12,16815.409999999996,42.956987789496615,NaN,NaN
1670436000,16882.69932823789,16882.69932823789,16783.05,16822.8725,43.41317320675975,NaN,NaN
1670457600,16852.785914118947,16890.01,16780.01,16831.472499999996,43.969287278807876,NaN,NaN
1670479200,16842.12920705947,16863.01,16733.49,16816.6375,43.18094562253435,NaN,NaN
1670500800,16829.383353529738,16977.36,16802.88,16899.4225,48.70765226925353,NaN,NaN
1670522400,16864.40292676487,17299,16864.40292676487,17112.1575,59.586262282475616,NaN,NaN
1670544000,16988.280213382437,17300,16988.280213382437,17232.21,64.200639015301,NaN,NaN
1670565600,17110.245106691218,17269.39,17110.245106691218,17230.120000000003,64.06350207127733,NaN,NaN
1670587200,17170.18255334561,17360,17058.21,17205.9275,62.40188117296914,NaN,NaN
1670608800,17188.055026672806,17188.055026672806,17067.1,17131.2125,57.44629504435787,NaN,NaN
1670630400,17159.633763336402,17169.09,17116.4,17137.0425,57.72838758207271,NaN,NaN
1670652000,17148.3381316682,17178,17112.52,17148.3125,58.30381504443349,NaN,NaN
1670673600,17148.3253158341,17227.72,17140.23,17176.324999999997,59.769725373430006,NaN,NaN
1670695200,17162.325157917046,17194.76,17092,17145.857500000002,57.4057857306119,NaN,NaN
1670716800,17154.091328958522,17190.33,17121.92,17153.64,57.864215905699524,NaN,NaN
1670738400,17153.86566447926,17200,17140.01,17170.565000000002,58.90020799788785,NaN,NaN
1670760000,17162.215332239633,17177.65,17127.96,17162.48,58.164510183543065,NaN,NaN
1670781600,17162.347666119815,17270.99,17071,17151.055,57.07952488210911,NaN,NaN
1670803200,17156.701333059907,17156.701333059907,16871.85,16997.4225,44.93980786516399,NaN,NaN
1670824800,17077.061916529954,17077.061916529954,16903.49,16961.4075,42.64983381085761,NaN,NaN
1670846400,17019.23470826498,17054.79,16920.61,16993.735,45.34214537310658,NaN,NaN
1670868000,17006.48485413249,17241.89,17005,17116.805,54.16403769802263,NaN,NaN
1670889600,17061.644927066245,17238.7,17061.644927066245,17188.272500000003,58.366406311255346,NaN,NaN
1670911200,17124.958713533124,17500,17080.14,17302.59,64.04494466483735,NaN,NaN
1670932800,17213.77435676656,18000,17213.77435676656,17620.7625,74.47851946769728,NaN,NaN
1670954400,17417.26842838328,17818.99,17417.26842838328,17717.364999999998,76.69019875990814,NaN,NaN
1670976000,17567.31671419164,17845,17567.31671419164,17784.9675,78.11921838462298,NaN,NaN
1670997600,17676.142107095817,17878.5,17676.142107095817,17812.612500000003,78.69443471216162,NaN,NaN
1671019200,17744.37730354791,18157.4,17744.37730354791,17973.64,81.71048573654475,NaN,NaN
1671040800,17859.008651773955,18387.95,17660.94,17987.129999999997,81.9411248190783,NaN,NaN
1671062400,17923.069325886976,17923.069325886976,17561,17733.46,65.27240680437154,NaN,NaN
1671084000,17828.26466294349,17828.26466294349,17610.22,17697.64,63.31383256626572,NaN,NaN
1671105600,17762.952331471744,17762.952331471744,17341.77,17546.8375,55.73186948336201,NaN,NaN
1671127200,17654.894915735873,17654.894915735873,17275.51,17376.207499999997,48.63504710404876,NaN,NaN
1671148800,17515.551207867935,17515.551207867935,17345.15,17384.905,48.99160145716333,NaN,NaN
1671170400,17450.228103933965,17531.73,16918.97,17221.5725,42.96056822738286,NaN,NaN
1671192000,17335.900301966984,17335.900301966984,16732.36,16910.184999999998,34.29313470681012,NaN,NaN
1671213600,17123.04265098349,17123.04265098349,16527.32,16728.2325,30.429809469584384,NaN,NaN
1671235200,16925.637575491746,16925.637575491746,16579.85,16658.9975,29.087026675534773,NaN,NaN
1671256800,16792.317537745876,16792.317537745876,16661.71,16707.7275,31.382114268236293,NaN,NaN
1671278400,16750.02251887294,16750.02251887294,16642,16687.885,30.942957030250525,NaN,NaN
1671300000,16718.953759436466,16796.82,16664.18,16727.579999999998,32.96397511502015,NaN,NaN
1671321600,16723.266879718234,16804.7,16702.23,16756.0125,34.443898610074896,NaN,NaN
1671343200,16739.63968985912,16767.58,16663.07,16720.265,33.44420436841668,NaN,NaN
1671364800,16729.95234492956,16738,16673.63,16708.89,33.11484649606763,NaN,NaN
1671386400,16719.42117246478,16863.26,16710.04,16755.8475,35.92031744994344,NaN,NaN
1671408000,16737.63433623239,16815.99,16627.35,16722.1375,34.7920940930336,NaN,NaN
1671429600,16729.885918116197,16784,16697.01,16730.335,35.32408578834425,NaN,NaN
1671451200,16730.110459058098,16765.71,16505,16651.239999999998,32.56357783050552,NaN,NaN
1671472800,16690.67522952905,16690.67522952905,16256.3,16485.99,27.69409945773303,NaN,NaN
1671494400,16588.332614764528,16880.58,16397.2,16625.61,36.353989200525675,NaN,NaN
1671516000,16606.971307382264,16858.42,16606.971307382264,16801.805,45.263366235721236,NaN,NaN
1671537600,16704.388153691132,17061.27,16704.388153691132,16850.4825,47.45189654271051,NaN,NaN
1671559200,16777.435326845567,16926.99,16767,16851.345,47.49195699366508,NaN,NaN
1671580800,16814.390163422784,16925,16767.53,16855.5425,47.70091986261399,NaN,NaN
1671602400,16834.966331711392,16894.91,16795.69,16850.64,47.46333807290302,NaN,NaN
1671624000,16842.803165855694,16914.72,16723,16832.9275,46.56102780733978,NaN,NaN
1671645600,16837.865332927846,16837.865332927846,16728.09,16800.6475,44.88627939684883,NaN,NaN
1671667200,16819.256416463923,16860.77,16809.78,16829.6525,46.740032701731906,NaN,NaN
1671688800,16824.45445823196,16868.52,16783.43,16827.545,46.61733989744953,NaN,NaN
1671710400,16825.99972911598,16845.45,16566,16709.4025,40.24035813506474,NaN,NaN
1671732000,16767.70111455799,16852.79,16559.85,16706.715,40.10595680446691,NaN,NaN
1671753600,16737.208057278993,16893.9,16737.208057278993,16826.9125,48.40587196957256,NaN,NaN
1671775200,16782.060278639496,16890.89,16782.060278639496,16840.675,49.272671355462684,NaN,NaN
1671796800,16811.367639319746,16955.14,16731.13,16843.035000000003,49.429568244991934,NaN,NaN
1671818400,16827.201319659875,16860.07,16765.67,16811.5725,47.327940206411824,NaN,NaN
1671840000,16819.386909829936,16846.8,16776.62,16806.260000000002,46.96483519952865,NaN,NaN
1671861600,16812.82345491497,16859.44,16807.19,16828.445,48.73368874785914,NaN,NaN
1671883200,16820.634227457485,16844.9,16815.09,16831.52,48.98765360525562,NaN,NaN
1671904800,16826.077113728745,16869.99,16808.15,16839.06,49.6463472072308,NaN,NaN
1671926400,16832.568556864375,16852.95,16802,16830.605,48.88408811609668,NaN,NaN
1671948000,16831.58677843219,16835.93,16815.4,16826.2775,48.47385471528517,NaN,NaN
1671969600,16828.932139216093,16857.96,16721,16799.205,45.87990259534648,NaN,NaN
1671991200,16814.068569608047,16846,16727,16800.32,46.00805140857681,NaN,NaN
1672012800,16807.194284804023,16924,16807.194284804023,16857.54,52.25593693234132,NaN,NaN
1672034400,16832.367142402014,16873.15,16818,16852.122499999998,51.64656665420553,NaN,NaN
1672056000,16842.244821201006,16868.34,16791,16839.8275,50.21537871485612,NaN,NaN
1672077600,16841.036160600503,16944.52,16813.95,16878.3,54.467299627765485,NaN,NaN
1672099200,16859.668080300253,16972.83,16839,16900.8325,56.79469771439699,NaN,NaN
1672120800,16880.25029015013,16891.99,16806.57,16850.765,50.6049686982509,NaN,NaN
1672142400,16865.507645075064,16865.507645075064,16620.04,16742.81,40.38488912311001,NaN,NaN
1672164000,16804.15882253753,16804.15882253753,16592.37,16675.5625,35.566319802495926,NaN,NaN
1672185600,16739.860661268765,16755.2,16559.79,16656.0075,34.28524970742127,NaN,NaN
1672207200,16697.934080634383,16697.934080634383,16592.18,16641.105,33.30084163255019,NaN,NaN
1672228800,16669.51954031719,16785.19,16563.63,16666.9475,36.69525101706472,NaN,NaN
1672250400,16668.233520158596,16668.233520158596,16465.33,16580.165,30.991408839782395,NaN,NaN
1672272000,16624.1992600793,16624.1992600793,16488.91,16551.704999999998,29.378623724997524,NaN,NaN
1672293600,16587.95213003965,16630,16517.54,16580.8625,33.21327108850903,NaN,NaN
1672315200,16584.407315019824,16664.41,16584.407315019824,16617.555,37.79104032132503,NaN,NaN
1672336800,16600.981157509912,16654.51,16555.57,16614.9025,37.59045273512619,NaN,NaN
1672358400,16607.941828754956,16648.77,16517.09,16588.43,35.56173160568041,NaN,NaN
1672380000,16598.18591437748,16598.18591437748,16429,16513.58,30.54256279480275,NaN,NaN
1672401600,16555.88295718874,16580.7,16333,16485.695,28.905758341946722,NaN,NaN
1672423200,16520.78897859437,16677.35,16518.81,16584.352499999997,40.96096623672773,NaN,NaN
1672444800,16552.57073929718,16616.37,16531,16573.4025,40.147265067617056,NaN,NaN
1672466400,16562.98661964859,16583.9,16534.03,16555.8425,38.815596681732885,NaN,NaN
1672488000,16559.414559824294,16644.09,16547.12,16585.2025,42.26388750021757,NaN,NaN
1672509600,16572.308529912145,16590.06,16470,16545.9775,39.09385821280591,NaN,NaN
1672531200,16559.143014956073,16559.77,16508.39,16535.16,38.24196977884716,NaN,NaN
1672552800,16547.151507478036,16557,16499.01,16535.845,38.3336068261271,NaN,NaN
1672574400,16541.498253739017,16596.64,16533.68,16566.4575,42.443803892537844,NaN,NaN
1672596000,16553.97787686951,16628,16553.97787686951,16600.7125,46.72301392343878,NaN,NaN
1672617600,16577.345188434756,16707.25,16548.7,16630.175,50.155576058785485,NaN,NaN
1672639200,16603.760094217378,16772.01,16603.760094217378,16697.855,57.007967640237,NaN,NaN
1672660800,16650.80754710869,16750,16650.80754710869,16717.519999999997,58.781096546247085,NaN,NaN
1672682400,16684.16377355434,16799.23,16660.51,16712.007499999996,58.05823438267916,NaN,NaN
1672704000,16698.08563677717,16727.72,16647.81,16693.4525,55.5805952980218,NaN,NaN
1672725600,16695.769068388585,16778.4,16695.769068388585,16730.77,59.33888115698241,NaN,NaN
1672747200,16713.269534194293,16773,16605.28,16683.3375,53.17985076062409,NaN,NaN
1672768800,16698.30351709715,16698.30351709715,16622.41,16656.434999999998,50.009366131438924,NaN,NaN
1672790400,16677.369258548573,16910.98,16652.66,16774.215000000004,60.97798256498853,NaN,NaN
1672812000,16725.79212927429,16919,16725.79212927429,16860.762499999997,66.75107459339503,NaN,NaN
1672833600,16793.277314637144,16940,16765.3,16858.4725,66.47085682041401,NaN,NaN
1672855200,16825.87490731857,16991.87,16777,16878.052499999998,67.7186731955839,NaN,NaN
1672876800,16851.963703659283,16878.18,16807.72,16845.095,63.438998119657384,NaN,NaN
1672898400,16848.529351829642,16848.529351829642,16780.75,16826.067499999997,61.04053607951734,NaN,NaN
1672920000,16837.29842591482,16879.82,16753,16820.225,60.28683233519505,NaN,NaN
1672941600,16828.76171295741,16875.5,16800.5,16830.5075,61.19497684370295,NaN,NaN
1672963200,16829.634606478707,16872.57,16792.12,16826.68,60.63910537720893,NaN,NaN
1672984800,16828.157303239353,16828.157303239353,16709.88,16768.572500000002,52.79799271918776,NaN,NaN
1673006400,16798.36490161968,16854,16679,16773.252500000002,53.321520765177624,NaN,NaN
1673028000,16785.80870080984,17041,16785.80870080984,16908.5875,65.30525444887087,NaN,NaN
1673049600,16847.198100404923,16981.91,16847.198100404923,16949.239999999998,67.96568941474573,NaN,NaN
1673071200,16898.21905020246,16954.95,16898.21905020246,16928.835,65.26064544344189,NaN,NaN
1673092800,16913.52702510123,16947.7,16908,16925.7125,64.8353925487954,NaN,NaN
1673114400,16919.619762550617,16951.92,16919.619762550617,16938.14,65.79083470497636,NaN,NaN
1673136000,16928.87988127531,16955,16911,16938.39,65.81095926811719,NaN,NaN
1673157600,16933.634940637654,16967.67,16925.05,16940.9675,66.03282324018232,NaN,NaN
1673179200,16937.301220318826,17022.08,16916.1,16948.525,66.71487021701179,NaN,NaN
1673200800,16942.913110159414,17176.99,16919.94,17038.412500000002,73.52426722182983,NaN,NaN
1673222400,16990.662805079708,17262.56,16990.662805079708,17175.25,80.17376864289818,NaN,NaN
1673244000,17082.956402539854,17285.48,17082.956402539854,17227.59,82.03259849114164,NaN,NaN
1673265600,17155.273201269927,17375.77,17155.273201269927,17290.735,83.98358679188343,NaN,NaN
1673287200,17223.004100634964,17398.8,17128,17265.407499999998,80.22092571122553,NaN,NaN
1673308800,17244.205800317482,17244.205800317482,17146.34,17197.287500000002,71.00654667742599,NaN,NaN
1673330400,17220.74665015874,17286.02,17187.73,17238.825,73.04006305403867,NaN,NaN
1673352000,17229.785825079372,17375,17212.14,17291.5,75.39668653996462,NaN,NaN
1673373600,17260.642912539686,17499,17260.642912539686,17397.072500000002,79.30180905494899,NaN,NaN
1673395200,17328.857706269846,17510,17328.857706269846,17430.88,80.37598603735914,NaN,NaN
1673416800,17379.868853134925,17472.15,17379.868853134925,17426.015,79.73470951465227,NaN,NaN
1673438400,17402.941926567462,17437.75,17315.6,17393.295,75.37875704347388,NaN,NaN
1673460000,17398.118463283732,18000,17380.76,17676.517499999998,83.6864867269043,NaN,NaN
1673481600,17537.317981641863,18385.71,17537.317981641863,18080.940000000002,89.25949194268883,NaN,NaN
1673503200,17809.128990820933,18222.59,17809.128990820933,18145.4975,89.85526224576924,NaN,NaN
1673524800,17977.313245410467,18872,17892.05,18450.4775,92.08804782767753,NaN,NaN
1673546400,18213.895372705236,19117.04,18213.895372705236,18853.982500000002,93.97686868503294,NaN,NaN
1673568000,18533.93893635262,18887,18533.93893635262,18808.862499999996,91.35069276162005,NaN,NaN
1673589600,18671.400718176308,19057.7,18671.400718176308,18886.732500000002,91.7777436458583,NaN,NaN
1673611200,18779.066609088157,19406.26,18779.066609088157,19098.6975,92.81733482785476,NaN,NaN
1673632800,18938.882054544076,20000,18938.882054544076,19607.992499999997,94.58794733760227,NaN,NaN
1673654400,19273.437277272038,21258,19273.437277272038,20479.42,96.27842975786874,NaN,NaN
1673676000,19876.428638636018,21022.39,19876.428638636018,20702.4575,96.5734407521257,NaN,NaN
1673697600,20289.44306931801,21200,20289.44306931801,20811.2325,96.71039987837985,NaN,NaN
1673719200,20550.337784659005,21072.27,20550.337784659005,20860.7425,96.77361163963822,NaN,NaN
1673740800,20705.540142329504,21001.84,20551.01,20813.8425,94.91304475274609,NaN,NaN
1673762400,20759.69132116475,20789.58,20573.13,20708.47,90.6940753105584,NaN,NaN
1673784000,20734.080660582375,21050.74,20652.24,20836.36,91.20505939334942,NaN,NaN
1673805600,20785.220330291188,20952.37,20665,20852.5875,91.27055829559787,NaN,NaN
1673827200,20818.903915145595,21439.59,20770.2,21067.485,92.10869414220149,NaN,NaN
1673848800,20943.194457572798,21260,20666,20982.8625,88.50510364311953,NaN,NaN
1673870400,20963.0284787864,21176.5,20611.48,20927.15,86.11634711682625,NaN,NaN
1673892000,20945.0892393932,21474.05,20945.0892393932,21202.6425,87.86106767431004,NaN,NaN
1673913600,21073.8658696966,21299.04,20841.31,21119.302499999998,84.40548566895829,NaN,NaN
1673935200,21096.5841848483,21249.46,21060.8,21170.305,84.79949401721566,NaN,NaN
1673956800,21133.44459242415,21647.45,21030,21279.36,85.63523353963157,NaN,NaN
1673978400,21206.402296212076,21413.15,21121.71,21223.015,83.09324777264915,NaN,NaN
1674000000,21214.70864810604,21377.44,21103.15,21231.052499999998,83.16999367440532,NaN,NaN
1674021600,21222.88057405302,21316.77,21151,21245.94,83.32101907256025,NaN,NaN
1674043200,21234.41028702651,21650,20407.15,21037.4175,73.38748981556441,NaN,NaN
1674064800,21135.913893513254,21135.913893513254,20624.02,20813.215,64.48556858798233,NaN,NaN
1674086400,20974.564446756627,20974.564446756627,20659.19,20756.572500000002,62.425368165336245,NaN,NaN
1674108000,20865.568473378313,20865.568473378313,20706.9,20780.36,62.960551427274865,NaN,NaN
1674129600,20822.964236689157,20960.23,20660.8,20801.59,63.46076232241392,NaN,NaN
1674151200,20812.27711834458,21192,20812.27711834458,20983.9575,67.5186900172274,NaN,NaN
1674172800,20898.11730917229,21219.6,20898.11730917229,21056.6725,68.99714387273596,NaN,NaN
1674194400,20977.394904586145,20999.8,20861.28,20951.92,64.44624752077335,NaN,NaN
1674216000,20964.65745229307,21415.64,20955.53,21172.03,69.06362439485342,NaN,NaN
1674237600,21068.343726146537,22755.93,21068.343726146537,22016.8325,79.86957410598127,NaN,NaN
1674259200,21542.588113073267,22792.86,21542.588113073267,22613.71,84.09631769537795,NaN,NaN
1674280800,22078.149056536633,23335.77,22078.149056536633,22842.5325,85.36497576685832,NaN,NaN
1674302400,22460.340778268317,23371.8,22460.340778268317,23089.35,86.60610156488737,NaN,NaN
1674324000,22774.845389134156,23308.06,22680.73,22999.3775,83.8157028038796,NaN,NaN
1674345600,22887.111444567076,22979.88,22602.55,22811.0375,78.14013399310826,NaN,NaN
1674367200,22849.074472283537,22967.33,22726.02,22838.8325,78.3728849041695,NaN,NaN
1674388800,22843.95348614177,23078.71,22645.59,22857.844999999998,78.54119365111758,NaN,NaN
1674410400,22850.899243070882,22936.84,22292.37,22714.857500000002,73.884224674417,NaN,NaN
1674432000,22782.878371535444,22826.46,22646.43,22725.635000000002,74.00931628771818,NaN,NaN
1674453600,22754.256685767723,22957.25,22600.14,22796.6125,74.86324541069264,NaN,NaN
1674475200,22775.43459288386,23115,22500,22896.2,76.05213034042184,NaN,NaN
1674496800,22835.81729644193,23180,22654,22953.9175,76.73880343781167,NaN,NaN
1674518400,22894.867398220966,23162.2,22864.67,23015.712499999998,77.48322649260106,NaN,NaN
1674540000,22955.289949110484,23155.82,22770,22990.48,76.40795539903641,NaN,NaN
1674561600,22972.884974555243,23035.31,22711,22894.2275,72.28691937679262,NaN,NaN
1674583200,22933.556237277622,23080.45,22462.93,22772.44,67.33807380391448,NaN,NaN
1674604800,22852.99811863881,22852.99811863881,22300,22585.06,60.47774435103923,NaN,NaN
1674626400,22719.029059319408,22772,22475,22629.2225,61.47396088072393,NaN,NaN
1674648000,22674.125779659706,22745,22335,22561.8475,59.0293495020366,NaN,NaN
1674669600,22617.986639829855,23816.73,22555.44,23000.555,67.96303988950915,NaN,NaN
1674691200,22809.270819914927,23282.47,22809.270819914927,23132.8775,70.0820507418412,NaN,NaN
1674712800,22971.07415995746,23164.11,22850.01,23038.829999999998,66.70499316042529,NaN,NaN
1674734400,23004.952079978728,23250,22853.81,23019.6875,66.00778429209416,NaN,NaN
1674756000,23012.319789989364,23195,22959,23036.725,66.34495253482703,NaN,NaN
1674777600,23024.52239499468,23100,22534.88,22919.8625,61.815763828330425,NaN,NaN
1674799200,22972.192447497342,23083.87,22903.03,22997.3225,63.59003420729264,NaN,NaN
1674820800,22984.757473748672,23244.99,22841.19,23064.600000000002,65.10658247536843,NaN,NaN
1674842400,23024.67873687434,23500,22951.33,23182.557500000003,67.65072217152915,NaN,NaN
1674864000,23103.61811843717,23189,23021.74,23087.820000000003,63.63751392313139,NaN,NaN
1674885600,23095.719059218587,23095.719059218587,22905,23008.6125,60.41078270314474,NaN,NaN
1674907200,23052.16577960929,23052.82,22878.46,22982.9375,59.360096536885095,NaN,NaN
1674928800,23017.551639804646,23043.12,22942,23006.67,60.051727262442256,NaN,NaN
1674950400,23012.110819902322,23492,22967.76,23182.665,64.8315942923858,NaN,NaN
1674972000,23097.38790995116,23605.74,23097.38790995116,23360.2625,68.87830577770742,NaN,NaN
1674993600,23228.825204975583,23666,23228.825204975583,23509.81,71.81889629198679,NaN,NaN
1675015200,23369.31760248779,23960.54,23369.31760248779,23707.717500000002,75.16339701775144,NaN,NaN
1675036800,23538.517551243895,23800.51,23538.517551243895,23709.9225,75.19871358863719,NaN,NaN
1675058400,23624.220025621948,23744.6,23017,23391.945,61.59636507871655,NaN,NaN
1675080000,23508.082512810972,23508.082512810972,22962.68,23112.7275,52.599060885279314,NaN,NaN
1675101600,23310.405006405486,23310.405006405486,22500,22904.0175,47.065036977656305,NaN,NaN
1675123200,23107.211253202746,23107.211253202746,22714.77,22803.75,44.63538570053323,NaN,NaN
1675144800,22955.480626601373,22996.84,22743.05,22841.114999999998,45.75911521819995,NaN,NaN
1675166400,22898.297813300684,23221.14,22851.01,23022.635,50.96592461784803,NaN,NaN
1675188000,22960.46640665034,23320,22812.69,23102.395,53.09649346656061,NaN,NaN
1675209600,23031.430703325168,23184.29,22997.1,23106.297499999997,53.20363359558081,NaN,NaN
1675231200,23068.864101662584,23131.98,22919.33,23061.877500000002,51.75447769698681,NaN,NaN
1675252800,23065.370800831293,23144.85,22918.2,23033.9375,50.81688463972697,NaN,NaN
1675274400,23049.65415041565,23812.66,22760.23,23324.7175,59.11776090715581,NaN,NaN
1675296000,23187.185825207824,24255,23187.185825207824,23870.260000000002,69.51365785933804,NaN,NaN
1675317600,23528.722912603913,23852.75,23528.722912603913,23783.795000000002,66.62203514852322,NaN,NaN
1675339200,23656.258956301957,23945.68,23525,23796.125,66.83390697655013,NaN,NaN
1675360800,23726.19197815098,24144.62,23363.27,23722.732500000002,64.22077010391018,NaN,NaN
1675382400,23724.46223907549,23724.46223907549,23411.47,23503.6225,57.0492613234569,NaN,NaN
1675404000,23614.042369537747,23614.042369537747,23322.3,23483.100000000002,56.41382314161808,NaN,NaN
1675425600,23548.571184768873,23715.7,23227.16,23495.690000000002,56.7322194683116,NaN,NaN
1675447200,23522.130592384437,23527.79,23204.62,23418.129999999997,54.10985877827329,NaN,NaN
1675468800,23470.13029619222,23470.13029619222,23263.44,23368.217500000002,52.4302775404052,NaN,NaN
1675490400,23419.17389809611,23419.17389809611,23253.96,23326.687499999996,51.01145011406176,NaN,NaN
1675512000,23372.930699048055,23587.78,23340.44,23432.9975,54.41233284890304,NaN,NaN
1675533600,23402.964099524026,23472.5,23259.62,23374.492499999997,52.262090553004995,NaN,NaN
1675555200,23388.728299762013,23390,23230,23330.815000000002,50.65276939396445,NaN,NaN
1675576800,23359.771649881008,23433.33,23343.51,23377.0725,52.327082744910406,NaN,NaN
1675598400,23368.422074940503,23374.8,22807.99,23097.7825,42.869497574444466,NaN,NaN
1675620000,23233.102287470254,23233.102287470254,22743,22889.3475,37.43202582598899,NaN,NaN
1675641600,23061.224893735125,23094.92,22628.13,22857.68,36.67100035401829,NaN,NaN
1675663200,22959.452446867563,22959.452446867563,22720,22828.032499999998,35.93441110597459,NaN,NaN
1675684800,22893.74247343378,23158.25,22745.01,22954.317499999997,41.33943061912193,NaN,NaN
1675706400,22924.029986716887,23124.98,22638,22890.32,39.51980052324904,NaN,NaN
1675728000,22907.174993358443,22949.74,22745.78,22848.690000000002,38.33765154406573,NaN,NaN
1675749600,22877.932496679223,23064.56,22862.85,22960.142499999998,43.23339317574405,NaN,NaN
1675771200,22919.03749833961,23337,22870.23,23116.8475,49.325476381346036,NaN,NaN
1675792800,23017.942499169803,23350.25,22769.05,23160.67,50.912002357767044,NaN,NaN
1675814400,23089.3062495849,23452,23089.3062495849,23275.495,54.89665317723516,NaN,NaN
1675836000,23182.400624792448,23239.44,23132.21,23188.614999999998,51.49089774612769,NaN,NaN
1675857600,23185.507812396223,23199.58,22665.85,23007.135000000002,45.18489049782043,NaN,NaN
1675879200,23096.321406198113,23096.321406198113,22778.93,22947.5,43.30795720812925,NaN,NaN
1675900800,23021.910703099056,23021.910703099056,22353.71,22732.5075,37.2935110051069,NaN,NaN
1675922400,22877.209101549528,22877.209101549528,22573.9,22658.0475,35.45691635905074,NaN,NaN
1675944000,22767.628300774762,22831.41,22450,22626.1325,34.66882659835457,NaN,NaN
1675965600,22696.88040038738,22696.88040038738,21688,22155.17,25.61941882348023,NaN,NaN
1675987200,22426.02520019369,22426.02520019369,21622.4,21788.792500000003,21.022276844729916,NaN,NaN
1676008800,22107.408850096846,22107.408850096846,21713.96,21792.7925,21.18855065051376,NaN,NaN
1676030400,21950.100675048423,21950.100675048423,21520,21711.485,20.255063926066555,NaN,NaN
1676052000,21830.79283752421,21830.79283752421,21451,21642.0575,19.46642414615758,NaN,NaN
1676073600,21736.425168762107,21736.425168762107,21599.78,21656.545,20.164954438073636,NaN,NaN
1676095200,21696.485084381053,21715.38,21640.03,21682.0275,21.455453124829333,NaN,NaN
1676116800,21689.256292190526,21777.54,21662.11,21708.9875,22.875873155407376,NaN,NaN
1676138400,21699.12189609526,21906.32,21618.23,21771.49,26.207638030315806,NaN,NaN
1676160000,21735.30594804763,21890.16,21735.30594804763,21828.3,29.201423622156852,NaN,NaN
1676181600,21781.802974023813,21960,21781.802974023813,21860.015,30.887171264033526,NaN,NaN
1676203200,21820.908987011906,22090,21756.04,21930.65,34.620933577088564,NaN,NaN
1676224800,21875.779493505954,22031.09,21630,21858.22,32.671788661466124,NaN,NaN
1676246400,21866.999746752976,21876.43,21622.47,21778.555,30.629227115634734,NaN,NaN
1676268000,21822.777373376488,21894.99,21433,21691.0125,28.51925604736161,NaN,NaN
1676289600,21756.894936688244,21756.894936688244,21351.07,21528.3975,25.065139898812646,NaN,NaN
1676311200,21642.64621834412,21845.79,21442.71,21630.7275,30.749102419640167,NaN,NaN
1676332800,21636.686859172063,21816.62,21636.686859172063,21748.4875,36.699599779821135,NaN,NaN
1676354400,21692.58717958603,21875.42,21666.39,21769.3525,37.720719635581304,NaN,NaN
1676376000,21730.969839793015,22319.08,21532.77,21927.955,44.98551876140598,NaN,NaN
1676397600,21829.46241989651,22285,21829.46241989651,22145.3125,53.065677025570444,NaN,NaN
1676419200,21987.387459948255,22200.88,21987.387459948255,22145.52,53.0727629413188,NaN,NaN
1676440800,22066.453729974128,22500,22066.453729974128,22292.08,57.90669449524231,NaN,NaN
1676462400,22179.266864987065,22943.17,22179.266864987065,22659.0425,67.05690067996704,NaN,NaN
1676484000,22419.154682493532,24380,22419.154682493532,23570.3475,79.16785893634778,NaN,NaN
1676505600,22994.751091246766,24905,22994.751091246766,24547.0975,85.37422401946021,NaN,NaN
1676527200,23770.924295623383,24734.37,23770.924295623383,24603.745,85.64140006523813,NaN,NaN
1676548800,24187.33464781169,25250,24187.33464781169,24748.29,86.32771990958224,NaN,NaN
1676570400,24467.812323905848,25040.32,23505.25,24238.7925,73.06978305187921,NaN,NaN
1676592000,24353.302411952922,24353.302411952922,23339.37,23619.805,60.84420502421361,NaN,NaN
1676613600,23986.55370597646,23986.55370597646,23532.69,23723.18,61.988057392900245,NaN,NaN
1676635200,23854.86685298823,24520,23710,24079.3675,65.70551520048082,NaN,NaN
1676656800,23967.117176494117,25021.11,23967.117176494117,24485.29,69.3806334599609,NaN,NaN
1676678400,24226.20358824706,24787.5,24226.20358824706,24625.162500000002,70.5516989316429,NaN,NaN
1676700000,24425.68304412353,24676.9,24425.68304412353,24567.03,69.36431162600721,NaN,NaN
1676721600,24496.356522061764,24734.32,24488.43,24607.17,69.7429757753064,NaN,NaN
1676743200,24551.76326103088,24877,24514.03,24677.059999999998,70.42834489735972,NaN,NaN
1676764800,24614.41163051544,24850,24614.41163051544,24715.465000000004,70.81949952252506,NaN,NaN
1676786400,24664.93831525772,24760.79,24560.47,24687.2125,70.08506661901905,NaN,NaN
1676808000,24676.07540762886,25192,24318.39,24635.390000000003,68.67816377576848,NaN,NaN
1676829600,24655.732703814432,24655.732703814432,24192.57,24352.2475,61.42309254181118,NaN,NaN
1676851200,24503.990101907217,24555,23840.83,24290.165,59.92822323153623,NaN,NaN
1676872800,24397.07755095361,24983.71,24373.33,24684.555,65.64784053317507,NaN,NaN
1676894400,24540.816275476805,25121.23,24540.816275476805,24860.57,67.8531771935817,NaN,NaN
1676916000,24700.693137738403,24888.23,24655,24798.984999999997,66.25059401591426,NaN,NaN
1676937600,24749.8390688692,25093.23,24749.8390688692,24915.997499999998,67.80642219003158,NaN,NaN
1676959200,24832.9182844346,25250,24555.55,24831.205,65.45177003420918,NaN,NaN
1676980800,24832.0616422173,24832.0616422173,24279.35,24574.407499999998,58.79292329209375,NaN,NaN
1677002400,24703.23457110865,24745.78,24148.34,24500.732500000002,57.00118112370151,NaN,NaN
1677024000,24601.983535554325,24601.983535554325,23855.55,24222.322500000002,50.7117878572127,NaN,NaN
1677045600,24412.153017777164,24412.153017777164,23860.61,24085.894999999997,47.92145103473261,NaN,NaN
1677067200,24249.02400888858,24249.02400888858,23574.69,23929.19,44.867611090746315,NaN,NaN
1677088800,24089.10700444429,24218.92,23650,23949.239999999998,45.34750201329658,NaN,NaN
1677110400,24019.173502222144,24599.59,24019.173502222144,24324.3675,53.50235107764282,NaN,NaN
1677132000,24171.770501111074,24494.28,23647.46,24078.319999999996,48.40100245200536,NaN,NaN
1677153600,24125.045250555537,24228.44,23608,23864.405,44.43423441793423,NaN,NaN
1677175200,23994.725125277768,24069.87,23725.1,23894.035,45.10533510348215,NaN,NaN
1677196800,23944.380062638884,24132.35,23850,23954.7875,46.53126276379998,NaN,NaN
1677218400,23949.58378131944,23973.79,23754.03,23877.035,44.922949979631504,NaN,NaN
1677240000,23913.30939065972,24027.44,22940,23479.4025,37.73893108720253,NaN,NaN
1677261600,23696.35594532986,23696.35594532986,22841.19,23106.43,32.490440538784355,NaN,NaN
1677283200,23401.39297266493,23401.39297266493,23023.23,23116.7425,32.768852047937656,NaN,NaN
1677304800,23259.067736332465,23259.067736332465,22906.5,23022.269999999997,31.48773315259203,NaN,NaN
1677326400,23140.66886816623,23140.66886816623,22858.35,22992.7525,31.078893877254828,NaN,NaN
1677348000,23066.710684083115,23185.99,22722,23026.777500000004,32.17215146582427,NaN,NaN
1677369600,23046.74409204156,23250,23046.74409204156,23148.3275,36.07331332766199,NaN,NaN
1677391200,23097.53579602078,23293.97,23090,23190.9625,37.43265809756708,NaN,NaN
1677412800,23144.249148010393,23331.26,23126.47,23237.677499999998,38.96412415324865,NaN,NaN
1677434400,23190.963324005195,23689.99,23190.963324005195,23426.550000000003,44.84254835181159,NaN,NaN
1677456000,23308.756662002597,23644.65,23308.756662002597,23484.295000000002,46.537870876036806,NaN,NaN
1677477600,23396.5258310013,23456.85,23332.65,23402.375,44.450566972375675,NaN,NaN
1677499200,23399.45041550065,23897.99,23159.33,23455.1475,46.12687472598744,NaN,NaN
1677520800,23427.298957750325,23582.98,23106.77,23378.8325,44.05639945528307,NaN,NaN
1677542400,23403.06572887516,23549.99,23349.57,23442.524999999998,46.22586386630598,NaN,NaN
1677564000,23422.79536443758,23422.79536443758,23200,23348.09,43.5304547534177,NaN,NaN
1677585600,23385.44268221879,23600,23315.42,23458.480000000003,47.39209734904511,NaN,NaN
1677607200,23421.961341109396,23550,23020.97,23309.61,43.11052545697616,NaN,NaN
1677628800,23365.7856705547,23847,23020.03,23425.6925,47.12210765789645,NaN,NaN
1677650400,23395.73908527735,24000,23395.73908527735,23775.0775,56.95956038095963,NaN,NaN
1677672000,23585.408292638676,23888,23550.8,23720.8375,55.24136314035401,NaN,NaN
1677693600,23653.12289631934,23724.82,23300,23589.6175,51.21624047167056,NaN,NaN
1677715200,23621.370198159668,23796.93,23410.65,23570.762499999997,50.645203482578836,NaN,NaN
1677736800,23596.066349079832,23596.066349079832,23335.41,23417.4925,46.141558878160176,NaN,NaN
1677758400,23506.779424539916,23506.779424539916,23195.9,23328.45,43.7097524125814,NaN,NaN
1677780000,23417.61471226996,23567.52,23254.31,23389.042500000003,45.802988880623396,NaN,NaN
1677801600,23403.32860613498,23476.95,21971.13,22813.800000000003,33.18597686881232,NaN,NaN
1677823200,23108.56430306749,23108.56430306749,22300.14,22366.2075,26.962426707639537,NaN,NaN
1677844800,22737.385901533744,22737.385901533744,22172.65,22356.967500000002,26.850480469653263,NaN,NaN
1677866400,22547.176700766875,22547.176700766875,22147,22334.4075,26.56051992588995,NaN,NaN
1677888000,22440.792100383438,22440.792100383438,22269.94,22336.1575,26.626712376436743,NaN,NaN
1677909600,22388.474800191718,22410,22313.21,22350.2125,27.194285496116407,NaN,NaN
1677931200,22369.34365009586,22398,22293.05,22336.907499999998,26.98151136512773,NaN,NaN
1677952800,22353.12557504793,22359,22157.08,22292.375,26.24143649245829,NaN,NaN
1677974400,22322.750287523966,22662.09,22189.22,22404.217500000002,31.335410091885166,NaN,NaN
1677996000,22363.483893761986,22448.8,22316.63,22393.63,31.116329531839696,NaN,NaN
1678017600,22378.55694688099,22494.96,22378.55694688099,22425.28,32.6326223445773,NaN,NaN
1678039200,22401.918473440495,22560,22331,22437.1775,33.22764047840509,NaN,NaN
1678060800,22419.54798672025,22508,22258,22391.605000000003,32.05956733232297,NaN,NaN
1678082400,22405.576493360124,22450,22355,22388.590000000004,31.97947130746347,NaN,NaN
1678104000,22397.083246680064,22602.19,22357.08,22455.2125,35.79654046355991,NaN,NaN
1678125600,22426.147873340033,22539.68,22320.01,22437.829999999998,35.24087588251717,NaN,NaN
1678147200,22431.988936670015,22557.91,22377.69,22451.42,36.076335046560075,NaN,NaN
1678168800,22441.704468335007,22461.31,22321,22398.355,34.21991364954545,NaN,NaN
1678190400,22420.029734167503,22489.88,21927,22269.295,30.15557453694312,NaN,NaN
1678212000,22344.66236708375,22344.66236708375,21943,22195.175000000003,28.091991324403963,NaN,NaN
1678233600,22269.918683541877,22287,21840.13,22070.1675,24.98640569303805,NaN,NaN
1678255200,22170.04309177094,22170.04309177094,21930.2,22025.29,23.962250308610734,NaN,NaN
1678276800,22097.66654588547,22229.04,21876.66,22053.04,25.982547293016978,NaN,NaN
1678298400,22075.353272942735,22133.75,21580,21863.4175,21.73320839888916,NaN,NaN
1678320000,21969.385386471367,21969.385386471367,21629.43,21719.8525,19.17613023750704,NaN,NaN
1678341600,21844.618943235684,21844.618943235684,21527,21670.3375,18.373199930157256,NaN,NaN
1678363200,21757.478221617843,21834.99,21400,21593.4575,17.17100764486875,NaN,NaN
1678384800,21675.467860808923,21675.467860808923,20042.72,20841.8175,10.16684205368945,NaN,NaN
1678406400,21258.64268040446,21258.64268040446,19776.22,20124.0775,7.162413097612301,NaN,NaN
1678428000,20691.36009020223,20691.36009020223,19549.09,19834.789999999997,6.348140875578636,NaN,NaN
1678449600,20263.07504510111,20321.19,19657.11,19917.475,9.51457621864273,NaN,NaN
1678471200,20090.275022550555,20240.4,19824.06,20035.93,14.000594312395748,NaN,NaN
1678492800,20063.102511275276,20686.51,20063.102511275276,20340.91,24.393651276830894,NaN,NaN
1678514400,20202.006255637636,20408.46,19765.03,20162.739999999998,22.670007835424315,NaN,NaN
1678536000,20182.373127818817,20331.44,19992.24,20164.1675,22.717125104397127,NaN,NaN
1678557600,20173.27031390941,20529.91,20145.01,20344.032499999998,28.618748976833913,NaN,NaN
1678579200,20258.651406954705,20502.46,20258.651406954705,20404.1,30.526770733656164,NaN,NaN
1678600800,20331.37570347735,20497.34,20270.6,20392.0125,30.350956849703948,NaN,NaN
1678622400,20361.694101738678,20857.62,20284.39,20593.2725,36.870406840449746,NaN,NaN
1678644000,20477.48330086934,22150,20477.48330086934,21406.41,55.1405202059051,NaN,NaN
1678665600,20941.94665043467,22600,20941.94665043467,22213.975000000002,65.74390062490126,NaN,NaN
1678687200,21577.960825217335,22539.64,21577.960825217335,22214.3175,65.74759847163881,NaN,NaN
1678708800,21896.13916260867,24500,21896.13916260867,23168.682500000003,74.12821548362054,NaN,NaN
1678730400,22532.410831304336,24393.83,22532.410831304336,24138.7525,79.5936386567782,NaN,NaN
1678752000,23335.581665652167,24820,23335.581665652167,24309.022500000003,80.37720889905282,NaN,NaN
1678773600,23822.302082826085,24820,23822.302082826085,24499.78,81.2460364780086,NaN,NaN
1678795200,24161.041041413042,26386.87,24161.041041413042,25304.052499999998,84.38520954041765,NaN,NaN
1678816800,24732.546770706518,25650.37,23976.42,24981.63,78.69807983554466,NaN,NaN
1678838400,24857.088385353258,25074.24,24284.6,24682.239999999998,73.72915219278349,NaN,NaN
1678860000,24769.664192676628,24922.22,24255,24658.0825,73.3268421257972,NaN,NaN
1678881600,24713.873346338314,25196.97,23896.95,24532.2625,71.14926058153884,NaN,NaN
1678903200,24623.067923169157,24633.02,24139.73,24334.685,67.74695204925627,NaN,NaN
1678924800,24478.87646158458,24478.87646158458,24123,24303.125,67.19421398490206,NaN,NaN
1678946400,24391.00073079229,25066.32,24336.35,24642.5225,70.02641831315809,NaN,NaN
1678968000,24516.761615396143,25032.74,24515.23,24764.82,70.99803547032832,NaN,NaN
1678989600,24640.79080769807,25167.4,24620,24867.78,71.82605361719251,NaN,NaN
1679011200,24754.285403849033,25896,24754.285403849033,25387.665,75.612283752344,NaN,NaN
1679032800,25070.975201924517,26970,25070.975201924517,26352.75,80.77678427307046,NaN,NaN
1679054400,25711.86260096226,26935.12,25711.86260096226,26615.302499999998,81.89977566073878,NaN,NaN
1679076000,26163.58255048113,27756.84,26163.58255048113,26975.84,83.3391278907821,NaN,NaN
1679097600,26569.711275240566,27724.85,26569.711275240566,27439.5075,84.99202603201478,NaN,NaN
1679119200,27004.609387620283,27609.78,27004.609387620283,27421.684999999998,84.64441518471178,NaN,NaN
1679140800,27213.14719381014,27637.2,26578,27241.340000000004,81.03284235484045,NaN,NaN
1679162400,27227.24359690507,27449.95,26810,27119.252500000002,78.58824445842026,NaN,NaN
1679184000,27173.248048452537,27291.4,26901.02,27039.9975,76.96501515888517,NaN,NaN
1679205600,27106.62277422627,27200,26827.22,27062.335,77.10852728486888,NaN,NaN
1679227200,27084.478887113135,28186.87,27084.478887113135,27589.324999999997,80.23683618288989,NaN,NaN
1679248800,27336.901943556564,28390.1,27336.901943556564,27999.7375,82.26905583675745,NaN,NaN
1679270400,27668.31972177828,28057.44,27124.47,27668.6875,75.52298325697801,NaN,NaN
1679292000,27668.50361088914,28472,27465.42,27911.8125,77.01372948605763,NaN,NaN
1679313600,27790.158055444568,28258.58,27461.35,27883.96,76.4393729102282,NaN,NaN
1679335200,27837.059027722284,28186.71,27570.58,27774.53,74.10110104936831,NaN,NaN
1679356800,27805.79451386114,27968,27664.51,27787.7325,74.20362869095916,NaN,NaN
1679378400,27796.76350693057,28177,27303.1,27830.61,74.55592196206777,NaN,NaN
1679400000,27813.686753465285,28438.55,27730,28049.3425,76.33167207498511,NaN,NaN
1679421600,27931.51462673264,28226.33,27900,28055.1225,76.37858583387452,NaN,NaN
1679443200,27993.318563366323,28288,27945.44,28135.6925,77.06113629325014,NaN,NaN
1679464800,28064.505531683164,28238.83,28000,28140.775,77.1060767826822,NaN,NaN
1679486400,28102.640265841583,28736,28102.640265841583,28370.104999999996,79.09611355515145,NaN,NaN
1679508000,28236.37263292079,28868.05,26601.8,27809.29,64.36228071981276,NaN,NaN
1679529600,28022.831316460397,28022.831316460397,27105,27421.2875,56.51809773967151,NaN,NaN
1679551200,27722.059408230198,27738.27,27439.5,27597.872499999998,58.96903391778312,NaN,NaN
1679572800,27659.965954115098,28750,27275.92,27976.9,63.698861479956875,NaN,NaN
1679594400,27818.43297705755,28456.2,27772.22,28205.2475,66.22490250746888,NaN,NaN
1679616000,28011.840238528777,28374.3,28011.840238528777,28264.079999999998,66.86466278911023,NaN,NaN
1679637600,28137.96011926439,28335.32,27934.48,28158.5625,64.50470660354026,NaN,NaN
1679659200,28148.261309632195,28253.01,27523.81,27866.7,58.368188948602324,NaN,NaN
1679680800,28007.4806548161,28007.4806548161,27000,27486.325,51.492825550662346,NaN,NaN
1679702400,27746.90282740805,27746.90282740805,27375.9,27486.8225,51.500872275865824,NaN,NaN
1679724000,27616.86266370402,27616.86266370402,27309.8,27452.4275,50.87254834920498,NaN,NaN
1679745600,27534.64508185201,27787.33,27357.14,27520.81,52.12317786175883,NaN,NaN
1679767200,27527.727540926004,27535.63,27156.09,27409.059999999998,49.88811978057297,NaN,NaN
1679788800,27468.393770463,27650,27417.76,27518.8825,52.063584098432976,NaN,NaN
1679810400,27493.6381352315,27915.08,27478.9,27701.185,55.51583750531671,NaN,NaN
1679832000,27597.411567615753,28194.4,27597.411567615753,27883.340000000004,58.71517947957227,NaN,NaN
1679853600,27740.375783807878,28143,27670.71,27904.892499999998,59.090087760837925,NaN,NaN
1679875200,27822.634141903938,28023.86,27675.31,27845.6,57.541962510155045,NaN,NaN
1679896800,27834.11707095197,27996.28,27666,27817.54,56.78375487354987,NaN,NaN
1679918400,27825.828535475986,27923.42,26508.14,27321.0625,45.38804152911842,NaN,NaN
1679940000,27573.445517737993,27573.445517737993,26877.82,27054.43,40.667779907511026,NaN,NaN
1679961600,27313.937758868997,27313.937758868997,26800,27018.895,40.069687213468754,NaN,NaN
1679983200,27166.4163794345,27166.4163794345,26631.78,26954.787500000002,38.95658233378534,NaN,NaN
1680004800,27060.60193971725,27210,26745,26968.89,39.35568276402964,NaN,NaN
1680026400,27014.745969858624,27520,26838.21,27120.620000000003,43.62620200583151,NaN,NaN
1680048000,27067.682984929314,27650,27067.682984929314,27423.825,51.04505437458095,NaN,NaN
1680069600,27245.753992464655,28650,27245.753992464655,28013.9325,61.62889323426521,NaN,NaN
1680091200,27629.843246232325,28590,27629.843246232325,28333.037500000002,65.91968470495055,NaN,NaN
1680112800,27981.440373116166,28500,27981.440373116166,28324.1575,65.6995141280255,NaN,NaN
1680134400,28152.798936558083,29184.68,28090.06,28559.329999999998,68.68274021091065,NaN,NaN
1680156000,28356.06446827904,28775.6,28356.06446827904,28633.590000000004,69.58237107249943,NaN,NaN
1680177600,28494.82723413952,28691.45,27735,28227.662500000002,59.517593812497815,NaN,NaN
1680199200,28361.244867069763,28361.244867069763,27686,27937.9725,53.563155359465696,NaN,NaN
1680220800,28149.608683534883,28375,27916.34,28088.5975,56.02655125102479,NaN,NaN
1680242400,28119.103091767443,28119.103091767443,27511.71,27894.3375,52.18185501558343,NaN,NaN
1680264000,28006.720295883722,28656.69,27870.93,28197.53,57.126925886620356,NaN,NaN
1680285600,28102.12514794186,28632.94,28102.12514794186,28423.9225,60.418476703247045,NaN,NaN
1680307200,28263.02382397093,28819.71,28263.02382397093,28566.18,62.373310203283985,NaN,NaN
1680328800,28414.601911985465,28572.93,28351.35,28467.052499999998,60.14428341266588,NaN,NaN
1680350400,28440.827205992733,28473.9,28220.27,28359.845,57.740938872076896,NaN,NaN
1680372000,28400.336102996367,28577,28333.19,28433.82,58.959585816522264,NaN,NaN
1680393600,28417.07805149818,28530,28355,28451.9375,59.269382690816975,NaN,NaN
1680415200,28434.50777574909,28490.4,28306.8,28406.285000000003,58.079674507420314,NaN,NaN
1680436800,28420.39638787455,28420.39638787455,27927,28210.079999999998,53.142461127670416,NaN,NaN
1680458400,28315.23819393727,28315.23819393727,27856.43,28109.0225,50.749515730060715,NaN,NaN
1680480000,28212.130346968635,28212.130346968635,27560,27898.402499999997,46.09123934105711,NaN,NaN
1680501600,28055.266423484318,28500.99,27644.5,28019.7,48.9948874641409,NaN,NaN
1680523200,28037.48321174216,28375,27875,28122.552499999998,51.38596675103828,NaN,NaN
1680544800,28080.01785587108,28238.53,27200.24,27806.3125,44.48127731468891,NaN,NaN
1680566400,27943.165177935538,27965,27662.79,27829.45,45.062911032107245,NaN,NaN
1680588000,27886.30758896777,28444.44,27860.17,28121.035,51.90161815932694,NaN,NaN
1680609600,28003.671294483887,28399,27947.59,28215.7725,53.90915913328042,NaN,NaN
1680631200,28109.721897241943,28305,28070.7,28192.0375,53.30883590120767,NaN,NaN
1680652800,28150.87969862097,28775,28099.68,28405.747499999998,57.85919538618659,NaN,NaN
1680674400,28278.313599310484,28603.59,28278.313599310484,28547.8275,60.607810404169115,NaN,NaN
1680696000,28413.07054965524,28750,27805.1,28283.3025,53.59840162489276,NaN,NaN
1680717600,28348.186524827623,28348.186524827623,27935.71,28109.3775,49.54143574919527,NaN,NaN
1680739200,28228.78201241381,28228.78201241381,27878.6,28066.8525,48.573348383808316,NaN,NaN
1680760800,28147.817256206905,28147.817256206905,27711,27945.537500000002,45.82242260248913,NaN,NaN
1680782400,28046.677378103454,28181.05,27750,27979.489999999998,46.73169014178089,NaN,NaN
1680804000,28013.083689051724,28121.87,27900,28024.275,47.97206847076081,NaN,NaN
1680825600,28018.679344525863,28100,27863.23,27994.265,47.17928478270242,NaN,NaN
1680847200,28006.472172262933,28006.472172262933,27766.94,27893.1475,44.51015101149678,NaN,NaN
1680868800,27949.809836131466,27984.75,27800,27884.2875,44.27379978210688,NaN,NaN
1680890400,27917.048668065734,27980.74,27839.02,27909.397500000003,45.16253792406021,NaN,NaN
1680912000,27913.22308403287,28154.99,27859.02,28015.3175,48.867051313949375,NaN,NaN
1680933600,27964.270292016437,28152.57,27964.270292016437,28075.034999999996,50.881727421912935,NaN,NaN
1680955200,28019.652646008217,28057,27897.26,27976.364999999998,47.54818106105974,NaN,NaN
1680976800,27998.008823004107,27998.008823004107,27872.11,27933.252500000002,46.126195933025514,NaN,NaN
1680998400,27965.630661502055,28083.45,27924.9,27986.495000000003,48.18701413918185,NaN,NaN
1681020000,27976.062830751027,27999.25,27800,27932.175,46.243452598248574,NaN,NaN
1681041600,27954.11891537551,27973.39,27800,27902.567499999997,45.1739472020125,NaN,NaN
1681063200,27928.343207687754,28530,27906.67,28166.774999999998,55.14369761983664,NaN,NaN
1681084800,28047.559103843876,28425.43,28047.559103843876,28306.99,59.36663035103731,NaN,NaN
1681106400,28177.27455192194,28375.02,28177.27455192194,28299.1475,59.03187923314809,NaN,NaN
1681128000,28238.21102596097,29380,28170,28753.8975,69.7006759571218,NaN,NaN
1681149600,28496.054262980484,29770,28496.054262980484,29406.095,78.3918448892548,NaN,NaN
1681171200,28951.074631490243,30430,28951.074631490243,29885.2975,82.38902172354013,NaN,NaN
1681192800,29418.18606574512,30160.53,29418.18606574512,29994.61,83.15453733466343,NaN,NaN
1681214400,29706.39803287256,30280,29706.39803287256,30129.427499999998,84.074008623425,NaN,NaN
1681236000,29917.91276643628,30550,29917.91276643628,30224.4975,84.7078851758998,NaN,NaN
1681257600,30071.20513321814,30350.07,29811.82,30070.58,79.21104459491886,NaN,NaN
1681279200,30070.892566609073,30070.892566609073,29850,29964.1775,75.56070059481092,NaN,NaN
1681300800,30017.535033304535,30486,29637.4,30040.907499999998,76.40513064367798,NaN,NaN
1681322400,30029.22126665227,30057.52,29760.13,29932.4125,72.5860627729519,NaN,NaN
1681344000,29980.816883326133,30200,29854.59,30011.935,73.62661921704913,NaN,NaN
1681365600,29996.375941663067,30374.87,29982.93,30155.675000000003,75.4411897414627,NaN,NaN
1681387200,30076.025470831533,30595,30076.025470831533,30328.705,77.45231217609762,NaN,NaN
1681408800,30202.365235415768,30535.76,30202.365235415768,30385.1125,78.08243275353519,NaN,NaN
1681430400,30293.738867707885,30893.79,30293.738867707885,30593.485,80.2753361184311,NaN,NaN
1681452000,30443.611933853943,31000,30443.611933853943,30813.825,82.29283710159766,NaN,NaN
1681473600,30628.71846692697,30850,29966,30473.6275,70.33157650960356,NaN,NaN
1681495200,30551.172983463483,30551.172983463483,30200.76,30366.595,67.03049260460902,NaN,NaN
1681516800,30458.883991731742,30595.6,30278.08,30441.915,68.16294114455702,NaN,NaN
1681538400,30450.399495865873,30470,30363.23,30411.395,67.1563525172241,NaN,NaN
1681560000,30430.89724793294,30444,30202,30319.379999999997,64.08372287378666,NaN,NaN
1681581600,30375.138623966468,30375.138623966468,30226.72,30282.055,62.82797614508771,NaN,NaN
1681603200,30328.596811983232,30340.06,30120,30265.370000000003,62.24083728402634,NaN,NaN
1681624800,30296.983405991617,30399.4,30220.4,30288.142499999998,62.752465479734646,NaN,NaN
1681646400,30292.56295299581,30379.62,30160.4,30266.620000000003,61.898812964046016,NaN,NaN
1681668000,30279.591476497906,30549.99,30192,30336.660000000003,63.6326188141459,NaN,NaN
1681689600,30308.125738248957,30316.06,29740.64,30089.8125,54.26095556938611,NaN,NaN
1681711200,30198.96911912448,30198.96911912448,29366,29734.760000000002,44.18171194823073,NaN,NaN
1681732800,29966.86455956224,29966.86455956224,29240.65,29466.815,38.386645356219304,NaN,NaN
1681754400,29716.83977978112,29716.83977978112,29391.92,29466.2575,38.37536683064236,NaN,NaN
1681776000,29591.54863989056,29593.39,29096.78,29415.645,37.30379140893639,NaN,NaN
1681797600,29503.59681994528,30381.68,29503.59681994528,29961.64,52.66080134187837,NaN,NaN
1681819200,29732.618409972638,30485,29732.618409972638,30226.309999999998,58.02776021072687,NaN,NaN
1681840800,29979.464204986318,30450,29945.58,30200.274999999998,57.33911442499833,NaN,NaN
1681862400,30089.869602493156,30413.53,30089.869602493156,30296.9525,59.271998037694345,NaN,NaN
1681884000,30193.411051246578,30272.77,29000,29712.925000000003,45.77837006362518,NaN,NaN
1681905600,29953.16802562329,29953.16802562329,29080,29302.195,39.04605889024512,NaN,NaN
1681927200,29627.681512811643,29627.681512811643,28520,28997.385000000002,34.93950037810366,NaN,NaN
1681948800,29312.533256405823,29312.533256405823,28549,28809.905000000002,32.66398196211895,NaN,NaN
1681970400,29061.219128202913,29088.3,28590,28794.74,32.4797147674678,NaN,NaN
1681992000,28927.979564101457,28978.69,28260,28574.5025,29.84639100319282,NaN,NaN
1682013600,28751.241032050726,28751.241032050726,28010,28308.197500000002,26.996238826490952,NaN,NaN
1682035200,28529.719266025364,28529.719266025364,28090,28216.47,26.072675367393956,NaN,NaN
1682056800,28373.094633012683,28373.094633012683,27815.89,28069.405,24.618491344043676,NaN,NaN
1682078400,28221.24981650634,28308.45,27777.01,28013.3275,24.067271766651615,NaN,NaN
1682100000,28117.288658253172,28117.288658253172,27125,27569.79,20.21241840724707,NaN,NaN
1682121600,27843.539329126586,27843.539329126586,27140.35,27299.612500000003,18.29059951462996,NaN,NaN
1682143200,27571.575914563295,27571.575914563295,27184.24,27316.535000000003,18.811302157533092,NaN,NaN
1682164800,27444.055457281647,27804.38,27231,27497.665,24.36701209681671,NaN,NaN
1682186400,27470.860228640824,27882.72,27470.860228640824,27722.964999999997,30.71771341843818,NaN,NaN
1682208000,27596.912614320412,27816.85,27415.56,27658.6,29.944150414456516,NaN,NaN
1682229600,27627.756307160205,27777,27482.79,27621.955,29.488833239846883,NaN,NaN
1682251200,27624.855653580104,27735.25,27311.25,27550.59,28.57749128298086,NaN,NaN
1682272800,27587.72282679005,27650.28,27330,27520.9625,28.188013520215407,NaN,NaN
1682294400,27554.342663395026,28000,27427.3,27668.18,33.06928691547931,NaN,NaN
1682316000,27611.26133169751,27703.85,27157.14,27516.665,30.752443431470496,NaN,NaN
1682337600,27563.963165848756,27720.57,26942.82,27398.9275,29.049299346551308,NaN,NaN
1682359200,27481.445332924377,27579.8,27290,27440.552499999998,30.514476757640878,NaN,NaN
1682380800,27460.998916462187,27590.28,27313.74,27457.0375,31.12112779110609,NaN,NaN
1682402400,27459.018208231093,27459.018208231093,27192,27360.572500000002,29.49817722886469,NaN,NaN
1682424000,27409.795354115548,27650.1,27199.17,27464.47,33.51945913909027,NaN,NaN
1682445600,27437.132677057773,28399.99,27437.132677057773,27949.165,48.326815463561644,NaN,NaN
1682467200,27693.148838528887,28481,27693.148838528887,28355.4175,56.97651065899885,NaN,NaN
1682488800,28024.283169264443,29138.83,28024.283169264443,28700.2025,62.68539706220898,NaN,NaN
1682510400,28362.24283463222,30036,28362.24283463222,29415.385,71.21706656556245,NaN,NaN
1682532000,28888.81391731611,29808.69,27235,28794.975,58.682474340583454,NaN,NaN
1682553600,28841.894458658055,29480.5,28378.86,28839.44,59.23623815734099,NaN,NaN
1682575200,28840.667229329025,29139.85,28632.25,28947.3575,60.61589019319534,NaN,NaN
1682596800,28894.01236466451,29555,28661.58,29111.732500000002,62.68736566762784,NaN,NaN
1682618400,29002.872432332257,29890,29002.872432332257,29472.925,66.8174266693251,NaN,NaN
1682640000,29237.898716166128,29599.54,29237.898716166128,29469.065,66.73241654124402,NaN,NaN
1682661600,29353.48185808306,29522,29137.76,29342.265,63.858233278011305,NaN,NaN
1682683200,29347.87342904153,29467.36,28891,29208.27,60.874453918691025,NaN,NaN
1682704800,29278.071714520767,29437.81,29120,29277.219999999998,61.86195724774175,NaN,NaN
1682726400,29277.64585726038,29448.88,29195.58,29328.045,62.6110730487373,NaN,NaN
1682748000,29302.84542863019,29382.09,29234.39,29326.155,62.56186124114398,NaN,NaN
1682769600,29314.500214315092,29393.39,29031,29227.935,59.92580392837086,NaN,NaN
1682791200,29271.217607157545,29309.05,29128.84,29205.895,59.32177784960851,NaN,NaN
1682812800,29238.55630357877,29265,29079.59,29208.3825,59.371552501407606,NaN,NaN
1682834400,29223.469401789385,29348.31,29160.53,29241.085,60.06341492099498,NaN,NaN
1682856000,29232.277200894692,29969.39,29182.74,29498.38,65.09912689009224,NaN,NaN
1682877600,29365.32860044735,29671.69,29160.96,29427.557499999995,62.75353349539348,NaN,NaN
1682899200,29396.443050223672,29396.443050223672,28250.15,28826.0925,47.19961516164124,NaN,NaN
1682920800,29111.267775111835,29111.267775111835,28447.21,28542.172499999997,41.91793802051599,NaN,NaN
1682942400,28826.720137555916,28826.720137555916,28014.5,28361.497499999998,38.932344302314576,NaN,NaN
1682964000,28594.108818777957,28594.108818777957,27666.95,28076.392499999998,34.72883108964922,NaN,NaN
1682985600,28335.250659388978,28335.250659388978,27872,28021.4675,33.967942591130395,NaN,NaN
1683007200,28178.359079694488,28178.359079694488,27939.4,28047.195000000003,34.68975504466677,NaN,NaN
1683028800,28112.777039847246,28767.08,27910,28336.357500000002,42.3213249158478,NaN,NaN
1683050400,28224.567269923624,28879.88,28224.567269923624,28667.615,49.58857314188962,NaN,NaN
1683072000,28446.09113496181,28689.35,28336.3,28543.1725,47.183477478269246,NaN,NaN
1683093600,28494.631817480906,28767.93,28427.56,28554.107500000002,47.42478261317149,NaN,NaN
1683115200,28524.369658740456,28780,28113.69,28503.53,46.36953885553538,NaN,NaN
1683136800,28513.949829370227,29266.66,28211.08,28770.15,52.384291139150456,NaN,NaN
1683158400,28642.049914685114,29215.9,28642.049914685114,29099.235,58.56172283177999,NaN,NaN
1683180000,28870.642457342557,29379.83,28870.642457342557,29180.2425,59.93949050863394,NaN,NaN
1683201600,29025.442478671277,29232.87,28663.64,28973.362500000003,54.91763631655259,NaN,NaN
1683223200,28999.40248933564,28999.40248933564,28673.59,28818.510000000002,51.443356855389794,NaN,NaN
1683244800,28908.95624466782,29531,28819.77,29096.732500000002,56.73888555612489,NaN,NaN
1683266400,29002.84437233391,29241.42,29002.84437233391,29152.765,57.73851234495,NaN,NaN
1683288000,29077.804686166957,29677,28800,29271.6875,59.85854248180016,NaN,NaN
1683309600,29174.74609308348,29650,29174.74609308348,29482.945,63.373539747166554,NaN,NaN
1683331200,29328.84554654174,29820,29317.08,29497.4175,63.60863631538332,NaN,NaN
1683352800,29413.13152327087,29437.01,29132.14,29295.572500000002,58.01551060108018,NaN,NaN
1683374400,29354.352011635434,29354.352011635434,28300,28901.3225,48.95990583499226,NaN,NaN
1683396000,29127.837255817714,29127.837255817714,28642,28806.6925,47.061113959122586,NaN,NaN
1683417600,28967.264877908856,29138.29,28744.08,28905.14,49.26556352441012,NaN,NaN
1683439200,28936.202438954428,28960.03,28705.12,28848.802499999998,48.032907764374656,NaN,NaN
1683460800,28892.502469477215,29095.88,28807,28911.8775,49.55472745430164,NaN,NaN
1683482400,28902.18998473861,28954.99,28395.23,28671.22,44.232394307544034,NaN,NaN
1683504000,28786.704992369305,28786.704992369305,28004.23,28331.45,38.02319152704423,NaN,NaN
1683525600,28559.077496184655,28559.077496184655,27577.01,28008.0075,33.23965937027555,NaN,NaN
1683547200,28283.542498092327,28283.542498092327,27523,27767.3075,30.19525382801359,NaN,NaN
1683568800,28025.42499904616,28025.42499904616,27262,27540.1475,27.62384830256501,NaN,NaN
1683590400,27782.78624952308,27782.78624952308,27512.36,27620.05,29.88563721422777,NaN,NaN
1683612000,27701.41812476154,27728.99,27437.32,27598.58,29.617803165971722,NaN,NaN
1683633600,27649.99906238077,27818,27353,27615.934999999998,30.162642334669997,NaN,NaN
1683655200,27632.967031190383,27775.18,27464.9,27620.695000000003,30.321961652005342,NaN,NaN
1683676800,27626.83101559519,27849.94,27620.19,27688.49,32.677636724528284,NaN,NaN
1683698400,27657.6605077976,27679.1,27474.91,27621.6625,31.545499394036213,NaN,NaN
1683720000,27639.6615038988,28331.42,26777,27571.055,30.67867830573637,NaN,NaN
1683741600,27605.3582519494,27982.23,27219,27574.677499999998,30.825205465999673,NaN,NaN
1683763200,27590.0178759747,27622.68,27367.76,27529.5075,29.974403990062427,NaN,NaN
1683784800,27559.76268798735,27559.76268798735,27257.98,27436.415,28.244186824604313,NaN,NaN
1683806400,27498.088843993675,27630.14,26742.9,27171.485,23.99860523597603,NaN,NaN
1683828000,27334.786921996838,27334.786921996838,26702.05,26909.6025,20.688136368347415,NaN,NaN
1683849600,27122.194710998418,27122.194710998418,26177,26628.35,17.841627333087345,NaN,NaN
1683871200,26875.272355499208,26875.272355499208,26120.74,26295.6075,15.180457332169055,NaN,NaN
1683892800,26585.439927749605,26614.67,26241.07,26377.062500000004,18.389520322117193,NaN,NaN
1683914400,26481.251213874806,26894.9,25811.46,26451.462499999998,21.317709819209796,NaN,NaN
1683936000,26466.356856937404,26983.98,26466.356856937404,26803.012499999997,33.465540532175936,NaN,NaN
1683957600,26634.6846784687,26877,26634.6846784687,26784.342500000002,33.172624280695416,NaN,NaN
1683979200,26709.513589234353,26904.98,26709.513589234353,26819.307500000003,34.331866511591,NaN,NaN
1684000800,26764.410544617178,27045.45,26750,26845.760000000002,35.24702723370358,NaN,NaN
1684022400,26805.08527230859,26876.94,26560.53,26760.3075,33.617180668961694,NaN,NaN
1684044000,26782.696386154297,26898.87,26782.696386154297,26830.84,36.237989930700834,NaN,NaN
1684065600,26806.76819307715,27200,26744.7,26922.8475,39.588551528579806,NaN,NaN
1684087200,26864.807846538577,26961.55,26827.23,26911.777499999997,39.32082751322404,NaN,NaN
1684108800,26888.292673269287,27380,26726,27089.7825,45.681915833666594,NaN,NaN
1684130400,26989.037586634644,27550.03,26989.037586634644,27383.5125,54.211849684104955,NaN,NaN
1684152000,27186.27504331732,27663.59,27186.27504331732,27431.83,55.45115552504962,NaN,NaN
1684173600,27309.05252165866,27525.59,27126.73,27330.219999999998,52.248460573499855,NaN,NaN
1684195200,27319.636260829328,27319.636260829328,26852.11,27093.175,45.62763742377357,NaN,NaN
1684216800,27206.405630414665,27286.08,26987.02,27098.4175,45.7912438108928,NaN,NaN
1684238400,27152.41156520733,27152.41156520733,26900,27049.274999999998,44.441310247848385,NaN,NaN
1684260000,27100.843282603666,27116.92,26880,27029.329999999998,43.8759593861605,NaN,NaN
1684281600,27065.08664130183,27238.55,26982.93,27061.527499999997,45.090334329955866,NaN,NaN
1684303200,27063.307070650913,27063.307070650913,26573.62,26808.67,38.115364733980854,NaN,NaN
1684324800,26935.988535325458,27174,26544.71,26860.61,40.16294011171765,NaN,NaN
1684346400,26898.29926766273,27500,26898.29926766273,27264.17,53.137049204907655,NaN,NaN
1684368000,27081.234633831365,27485.33,27081.234633831365,27332.03,54.90757130348753,NaN,NaN
1684389600,27206.632316915682,27454.14,27152.29,27306.39,54.0762533428709,NaN,NaN
1684411200,27256.51115845784,27472.14,26361.2,26930.325,43.63991008505999,NaN,NaN
1684432800,27093.41807922892,27093.41807922892,26409.77,26696.33,38.64259850362151,NaN,NaN
1684454400,26894.87403961446,26929.04,26749.33,26844.024999999998,43.07367860370244,NaN,NaN
1684476000,26869.44951980723,26960.24,26790.72,26870.8225,43.865784901476204,NaN,NaN
1684497600,26870.136009903614,27183.6,26630,26897.1675,44.680743020463694,NaN,NaN
1684519200,26883.651754951807,26937.62,26780.73,26879.442499999997,44.21563245814975,NaN,NaN
1684540800,26881.547127475904,26908.42,26825.11,26870.7875,43.97491569068226,NaN,NaN
1684562400,26876.16731373795,26917.38,26835.1,26875.475,44.15225093871437,NaN,NaN
1684584000,26875.821156868973,27146.22,26875.51,27010.3075,49.13918737235447,NaN,NaN
1684605600,26943.064328434484,27150,26943.064328434484,27089.7675,51.86697153554141,NaN,NaN
1684627200,27016.415914217243,27277.55,27016.415914217243,27135.4775,53.41479719932936,NaN,NaN
1684648800,27075.946707108622,27103,26776.23,26952.0025,46.8960323561127,NaN,NaN
1684670400,27013.97460355431,27013.97460355431,26803.58,26870.515000000003,44.30960440744596,NaN,NaN
1684692000,26942.244801777157,26942.244801777157,26666.03,26802.9125,42.228808167534226,NaN,NaN
1684713600,26872.57865088858,26872.57865088858,26538.21,26710.519999999997,39.4987395433526,NaN,NaN
1684735200,26791.549325444288,26913.14,26751.46,26811.864999999998,43.79131975811826,NaN,NaN
1684756800,26801.707162722145,27099.89,26702.91,26869.9375,46.14908188840429,NaN,NaN
1684778400,26835.822331361072,26959.52,26819.1,26869.5125,46.13383015509143,NaN,NaN
1684800000,26852.66741568054,27495.83,26798.11,27132.6775,55.86129384379805,NaN,NaN
1684821600,26992.67245784027,27426.52,26992.67245784027,27339.0975,61.70319720619885,NaN,NaN
1684843200,27165.884978920134,27386.26,27165.884978920134,27275.629999999997,59.112604341492066,NaN,NaN
1684864800,27220.757489460066,27249.38,27100.79,27193.3725,55.84034022046111,NaN,NaN
1684886400,27207.064994730034,27219.61,26649.88,26966.1375,47.94460768953157,NaN,NaN
1684908000,27086.60124736502,27086.60124736502,26613,26742.425,41.694057543336505,NaN,NaN
1684929600,26914.51312368251,26914.51312368251,26080.5,26462.5025,35.46392221161639,NaN,NaN
1684951200,26688.507811841257,26688.507811841257,26201.67,26325.5375,32.87540582445355,NaN,NaN
1684972800,26507.022655920628,26507.022655920628,25871.89,26213.844999999998,30.895011780461033,NaN,NaN
1684994400,26360.43382796031,26360.43382796031,26126.76,26254.6625,32.49538410465213,NaN,NaN
1685016000,26307.548163980155,26499.99,26168.6,26329.010000000002,35.42868049526686,NaN,NaN
1685037600,26318.279081990077,26631.98,26318.279081990077,26446.7725,39.884563820512355,NaN,NaN
1685059200,26382.525790995038,26539.34,26336.99,26424.39,39.3290512650776,NaN,NaN
1685080800,26403.45789549752,26549,26327.24,26421.7425,39.25939748004052,NaN,NaN
1685102400,26412.60019774876,26932.16,26355.81,26616.065,46.71839335463966,NaN,NaN
1685124000,26514.33259887438,26822.88,26514.33259887438,26713.072500000002,50.01813996950092,NaN,NaN
1685145600,26613.702549437192,26786.51,26613.702549437192,26712.65,50.00361514919546,NaN,NaN
1685167200,26663.176274718597,26763.99,26663.176274718597,26713.635000000002,50.04004014513046,NaN,NaN
1685188800,26688.405637359298,26777.77,26551,26696.1225,49.35161163070621,NaN,NaN
1685210400,26692.26406867965,26895,26692.26406867965,26802.1525,53.52092002634081,NaN,NaN
1685232000,26747.208284339824,27285.52,26747.208284339824,27017.2275,60.6050261652388,NaN,NaN
1685253600,26882.217892169912,27344.23,26882.217892169912,27199.687499999996,65.42020453158202,NaN,NaN
1685275200,27040.952696084954,27424.44,27040.952696084954,27257.4525,66.80359386431023,NaN,NaN
1685296800,27149.202598042477,28261.32,27149.202598042477,27748.100000000002,75.69704886600846,NaN,NaN
1685318400,27448.65129902124,28447.14,27448.65129902124,28089.2175,79.75740963220247,NaN,NaN
1685340000,27768.934399510617,28037.28,27745.78,27921.909999999996,73.28978030164701,NaN,NaN
1685361600,27845.422199755307,27949.7,27524.6,27769.3275,67.8833414776561,NaN,NaN
1685383200,27807.374849877655,27818,27554.57,27699.527499999997,65.50286682808584,NaN,NaN
1685404800,27753.451174938826,27940.55,27584.45,27753.6925,66.4850377930274,NaN,NaN
1685426400,27753.57183746941,28038.59,27712.19,27881.39,68.74437281764936,NaN,NaN
1685448000,27817.480918734705,28027.78,27554,27824.8225,66.60246164624363,NaN,NaN
1685469600,27821.151709367354,27862.84,27651.17,27726.1325,62.919153770311425,NaN,NaN
1685491200,27773.642104683677,27835.51,27021,27409.762499999997,52.83233194037444,NaN,NaN
1685512800,27591.702302341837,27591.702302341837,26968.49,27090.045,44.9838771888023,NaN,NaN
1685534400,27340.873651170918,27340.873651170918,26839.01,27055.7325,44.22456807032668,NaN,NaN
1685556000,27198.303075585456,27299.99,27000.2,27141.4825,46.648256540725,NaN,NaN
1685577600,27169.892787792727,27350,26605.05,27003.6525,43.38488434084519,NaN,NaN
1685599200,27086.772643896365,27086.772643896365,26764.16,26864.347500000003,40.31510854183594,NaN,NaN
1685620800,26975.560071948184,27175,26782.53,26951.855,43.041510787325684,NaN,NaN
1685642400,26963.707535974092,27048.43,26656,26869.822500000002,41.14411220415404,NaN,NaN
1685664000,26916.765017987047,27213,26505,26922.1325,42.87349902616103,NaN,NaN
1685685600,26919.448758993523,27183.07,26919.448758993523,27128.055,49.201374927450196,NaN,NaN
1685707200,27023.751879496762,27240,26860.71,27072.26,47.66088592150974,NaN,NaN
1685728800,27048.00593974838,27300,27006.22,27151.595,50.05543544030615,NaN,NaN
1685750400,27099.80046987419,27242.6,27092,27183.5975,51.02872624242252,NaN,NaN
1685772000,27141.698984937095,27212.78,27112.73,27153.125,50.02899101604037,NaN,NaN
1685793600,27147.411992468547,27333.29,27111.79,27183.940000000002,51.07289029640992,NaN,NaN
1685815200,27165.675996234277,27183.09,26914.93,27082.0375,47.53638751045427,NaN,NaN
1685836800,27123.856748117138,27123.856748117138,26951,27039.82,46.11180360138798,NaN,NaN
1685858400,27081.83837405857,27249.86,27038.62,27131.4125,49.638079034000896,NaN,NaN
1685880000,27106.625437029285,27298,27106.625437029285,27207.075,52.4085703396701,NaN,NaN
1685901600,27156.850218514643,27455.02,27043.65,27197.6575,52.02494633847596,NaN,NaN
1685923200,27177.253859257322,27177.253859257322,26740.38,26950.4025,43.103927801307655,NaN,NaN
1685944800,27063.82817962866,27063.82817962866,26668,26774.715,38.10410075625863,NaN,NaN
1685966400,26919.27158981433,26919.27158981433,25471,26204.57,27.112934086860108,NaN,NaN
1685988000,26561.920794907164,26561.920794907164,25388,25682.7225,21.1106488584049,NaN,NaN
1686009600,26122.32164745358,26122.32164745358,25601,25730.14,22.783396908189886,NaN,NaN
1686031200,25926.23082372679,25926.23082372679,25640.33,25726.7075,22.745798460796976,NaN,NaN
1686052800,25826.469161863395,26780,25351.02,26121.705,35.86268331335418,NaN,NaN
1686074400,25974.0870809317,27355.33,25974.0870809317,26973.0525,53.99372841372695,NaN,NaN
1686096000,26473.569790465852,27391.77,26473.569790465852,27063.825,55.44012739529009,NaN,NaN
1686117600,26768.697395232928,26968,26352,26782.2825,50.17144491328049,NaN,NaN
1686139200,26775.489947616465,26932.1,26236,26642.82,47.75066451810592,NaN,NaN
1686160800,26709.154973808232,26709.154973808232,26125.01,26375.6125,43.42715839233816,NaN,NaN
1686182400,26542.383736904114,26542.383736904114,26210,26349.212499999998,43.012782800200604,NaN,NaN
1686204000,26445.798118452054,26523.93,26290.19,26405.9075,44.243210303638804,NaN,NaN
1686225600,26425.852809226028,26810,26300,26506.7525,46.45768155703738,NaN,NaN
1686247200,26466.302654613013,26649.97,26442,26518.895,46.73201388542409,NaN,NaN
1686268800,26492.59882730651,26596.58,26269.91,26467.4125,45.66372826340245,NaN,NaN
1686290400,26480.005663653254,26685.43,26440.38,26560.135000000002,47.97064294653667,NaN,NaN
1686312000,26520.070331826628,26783.33,26417.92,26576.872499999998,48.39654585955925,NaN,NaN
1686333600,26548.471415913315,26548.471415913315,26383.05,26468.405,45.78112071282584,NaN,NaN
1686355200,26508.438207956657,26533.87,25456.41,25996.535,36.53185809591128,NaN,NaN
1686376800,26252.48660397833,26252.48660397833,25457.46,25614.292499999996,31.05797930992368,NaN,NaN
1686398400,25933.389551989163,26154,25400,25826.9375,36.73700758278574,NaN,NaN
1686420000,25880.163525994583,26043.49,25358,25816.260000000002,36.57409198615006,NaN,NaN
1686441600,25848.211762997293,25864.32,25634.7,25789.835,36.146864081969014,NaN,NaN
1686463200,25819.023381498646,25842.44,25695,25788.149999999998,36.11789211063595,NaN,NaN
1686484800,25803.586690749322,26080.74,25672.68,25872.775,38.77213109861894,NaN,NaN
1686506400,25838.180845374663,26206.88,25745.03,25954.772500000003,41.316406390251466,NaN,NaN
1686528000,25896.476672687335,26028.5,25602.11,25832.2375,38.72659298313954,NaN,NaN
1686549600,25864.35708634367,26106.48,25744.06,25903.0425,41.02691296441307,NaN,NaN
1686571200,25883.699793171836,25993.6,25652.04,25859.754999999997,40.03730246950193,NaN,NaN
1686592800,25871.727396585917,25970.05,25756.77,25859.14,40.02253189776233,NaN,NaN
1686614400,25865.43369829296,26157.99,25818.07,25990.520000000004,44.714773997121576,NaN,NaN
1686636000,25927.976849146482,26272.25,25927.976849146482,26149.86,49.840182335388896,NaN,NaN
1686657600,26038.91842457324,26433.21,25712.57,26039.8675,46.626692468852404,NaN,NaN
1686679200,26039.39296228662,26039.39296228662,25802.79,25884.32,42.457636089981435,NaN,NaN
1686700800,25961.85648114331,26055.99,25837.13,25918.125,43.63713836273599,NaN,NaN
1686722400,25939.990740571655,26028.58,25840,25922.3575,43.792486541383155,NaN,NaN
1686744000,25931.174120285825,26085.33,25888,25994.020000000004,46.48211177441975,NaN,NaN
1686765600,25962.597060142914,26098,24820.56,25518.5475,34.638694211523486,NaN,NaN
1686787200,25740.572280071457,25740.572280071457,24924.61,25072.7875,27.551208210526198,NaN,NaN
1686808800,25406.679890035728,25406.679890035728,24800,24979.684999999998,26.339006151317932,NaN,NaN
1686830400,25193.18244501786,25193.18244501786,24921.11,25061.447500000002,29.28169090534648,NaN,NaN
1686852000,25127.31497250893,25759.01,25068.2,25392.3875,39.76986289764224,NaN,NaN
1686873600,25259.851236254464,25629.73,25259.851236254464,25555.4125,44.16304578056959,NaN,NaN
1686895200,25407.63186812723,25628.77,25407.63186812723,25529.587499999998,43.620264908479534,NaN,NaN
1686916800,25468.609684063616,26330,25175.56,25825.265,51.03972044388124,NaN,NaN
1686938400,25646.937342031808,26518,25646.937342031808,26364.552499999998,61.09586539187865,NaN,NaN
1686960000,26005.744921015903,26839.99,26005.744921015903,26514.1125,63.34443989354888,NaN,NaN
1686981600,26259.92871050795,26784,26259.92871050795,26613.925,64.80638013767862,NaN,NaN
1687003200,26436.926855253972,26585.48,26311,26456.9125,60.70483917885988,NaN,NaN
1687024800,26446.919677626986,26595.13,26413.1,26487.1575,61.214061737083256,NaN,NaN
1687046400,26467.03858881349,26641.96,26378.98,26519.484999999997,61.78411534178581,NaN,NaN
1687068000,26493.261794406746,26680,26456.83,26544.2125,62.24125793259869,NaN,NaN
1687089600,26518.737147203374,26657.99,26444,26557.9975,62.51049122427569,NaN,NaN
1687111200,26538.367323601688,26700,26255.85,26481.455,59.954193887976125,NaN,NaN
1687132800,26509.911161800846,26509.911161800846,26256.61,26382.94,56.738177595143355,NaN,NaN
1687154400,26446.425580900424,26478.87,26364.4,26439.149999999998,58.11861160222259,NaN,NaN
1687176000,26442.78779045021,26704,26308.45,26531.309999999998,60.35239647427992,NaN,NaN
1687197600,26487.048895225103,27068.09,26369.99,26736.872499999998,64.85505719745325,NaN,NaN
1687219200,26611.96069761255,27179.03,26611.96069761255,26909.4625,68.1278606116589,NaN,NaN
1687240800,26760.711598806276,26912,26702.47,26835.955,65.33713047182098,NaN,NaN
1687262400,26798.333299403137,27965,26652,27330.2475,73.2671661660205,NaN,NaN
1687284000,27064.290399701567,28402.74,27064.290399701567,28071.182500000003,80.47715398876011,NaN,NaN
1687305600,27567.736449850785,29088.09,27567.736449850785,28659.025,84.13342429371471,NaN,NaN
1687327200,28113.380724925395,29221.99,28113.380724925395,28976.4675,85.69178955403676,NaN,NaN
1687348800,28544.924112462697,30800,28544.924112462697,29671.51,88.3823125704327,NaN,NaN
1687370400,29108.217056231348,30291.98,29108.217056231348,30041.524999999998,89.51288895895863,NaN,NaN
1687392000,29574.871028115675,30500,29574.871028115675,30167.585000000003,89.87441774702296,NaN,NaN
1687413600,29871.228014057837,30293.85,29840.09,30086.8075,87.78603432104526,NaN,NaN
1687435200,29979.017757028916,30351.14,29525.61,29987.512499999997,85.16626293357653,NaN,NaN
1687456800,29983.265128514457,30256.76,29880,30041.745,85.42215001969291,NaN,NaN
1687478400,30012.505064257228,30082.25,29800,29952.2925,82.88247558283194,NaN,NaN
1687500000,29982.398782128614,30195,29904.29,30070.54,83.5775474846807,NaN,NaN
1687521600,30026.469391064307,31431.94,29911.07,30681.2425,86.60316143666297,NaN,NaN
1687543200,30353.855945532152,31271.91,30353.855945532152,30913.652499999997,87.54369546529688,NaN,NaN
1687564800,30633.754222766074,30794.11,30410,30654.407499999998,80.73484976958167,NaN,NaN
1687586400,30644.080861383038,30788,30552.01,30687.35,80.93773663443734,NaN,NaN
1687608000,30665.715430691518,30800,30250,30579.715,78.04564628425317,NaN,NaN
1687629600,30622.715215345757,30709.36,30408.95,30557.559999999998,77.43232782077718,NaN,NaN
1687651200,30590.137607672877,31046.01,30465.41,30724.355,78.78407445534528,NaN,NaN
1687672800,30657.246303836437,30985.91,30584.51,30786.25,79.28004352602738,NaN,NaN
1687694400,30721.74815191822,30739.8,30462,30610.96,74.0037086276856,NaN,NaN
1687716000,30666.35407595911,30666.35407595911,30277.49,30459.510000000002,69.68826970045227,NaN,NaN
1687737600,30562.932037979554,30562.932037979554,29963.6,30297.829999999998,65.30980754376318,NaN,NaN
1687759200,30430.381018989778,30580,30130,30311.982500000002,65.51405917983004,NaN,NaN
1687780800,30371.181759494888,30666,29930,30250.88,63.768339755589885,NaN,NaN
1687802400,30311.030879747443,30311.030879747443,30040,30174.895,61.57113433497131,NaN,NaN
1687824000,30242.962939873723,30496.88,30226.17,30327.235,64.2320457689858,NaN,NaN
1687845600,30285.098969936862,30786.99,30233.58,30516.895000000004,67.27053844214976,NaN,NaN
1687867200,30400.996984968435,30994.97,30383,30710.065,70.06025926751605,NaN,NaN
1687888800,30555.530992484215,30737.99,30554.09,30679.4275,69.0549149983102,NaN,NaN
1687910400,30617.47924624211,30709.74,30336.36,30547.7675,64.7546126972008,NaN,NaN
1687932000,30582.623373121056,30582.623373121056,30150.98,30341.6975,58.60324535733392,NaN,NaN
1687953600,30462.160436560527,30490.86,30009,30241.454999999998,55.82511646220872,NaN,NaN
1687975200,30351.807718280263,30351.807718280263,29858.8,30086.862500000003,51.75067608642077,NaN,NaN
1687996800,30219.335109140135,30260,30049.98,30142.595,53.0802092754612,NaN,NaN
1688018400,30180.965054570068,30750,30179.6,30445.885000000002,59.603748369895044,NaN,NaN
1688040000,30313.425027285033,30843.98,30313.425027285033,30614.565,62.709162499732436,NaN,NaN
1688061600,30463.995013642518,30639.9,30250,30470.135000000002,58.55823688851296,NaN,NaN
1688083200,30467.06500682126,31282,30347.17,30703.2775,62.834837617878264,NaN,NaN
1688104800,30585.17125341063,30963.2,30585.17125341063,30804.964999999997,64.55302477324112,NaN,NaN
1688126400,30695.068126705315,31137.36,29500,30500.7925,56.185521180314176,NaN,NaN
1688148000,30597.930313352656,30597.930313352656,30288.01,30440.059999999998,54.661992398964124,NaN,NaN
1688169600,30518.995156676327,30534.74,30320.57,30439.165,54.63847921661185,NaN,NaN
1688191200,30479.080078338164,30600,30402.08,30488.615,55.77052929903333,NaN,NaN
1688212800,30483.84753916908,30661.6,30483.84753916908,30565.605,57.546925710522174,NaN,NaN
1688234400,30524.726269584542,30633.92,30524.726269584542,30585.637499999997,58.01938291756626,NaN,NaN
1688256000,30555.18188479227,30649.99,30463.16,30545.08,56.644913876097824,NaN,NaN
1688277600,30550.130942396136,30552,30470.01,30512.005,55.49041584754322,NaN,NaN
1688299200,30531.06797119807,30693.14,30155,30458.52,53.58837561823325,NaN,NaN
1688320800,30494.793985599033,30791,30366.65,30553.97,56.456845060147806,NaN,NaN
1688342400,30524.381992799517,30800.01,30524.381992799517,30669.605,59.70594097803367,NaN,NaN
1688364000,30596.99349639976,30759.8,30583.01,30660.41,59.32685208781342,NaN,NaN
1688385600,30628.701748199877,31170,30570.27,30841.6175,64.15677017196248,NaN,NaN
1688407200,30735.15962409994,31380,30735.15962409994,31109.295,69.85199573475212,NaN,NaN
1688428800,30922.227312049967,31350.69,30922.227312049967,31113.07,69.92457379462797,NaN,NaN
1688450400,31017.648656024983,31080,30867.68,30997.092500000002,64.7659374565713,NaN,NaN
1688472000,31007.370578012495,31130,30807,30976.25,63.85422999751807,NaN,NaN
1688493600,30991.810289006247,30991.810289006247,30620,30805.359999999997,56.794809928085044,NaN,NaN
1688515200,30898.585144503122,30898.585144503122,30752,30802.6675,56.68846964023165,NaN,NaN
1688536800,30850.626322251563,30850.626322251563,30350,30600.335000000003,49.22904678525663,NaN,NaN
1688558400,30725.48066112578,30725.48066112578,30200,30427.21,43.90542163439308,NaN,NaN
1688580000,30576.34533056289,30591.57,30383.83,30500.8575,46.55325243330233,NaN,NaN
1688601600,30538.601415281446,30630,30327,30511.0775,46.927634773276665,NaN,NaN
1688623200,30524.839457640723,31500,30524.839457640723,30872.2625,58.09850657687336,NaN,NaN
1688644800,30698.550978820364,30887.1,29888,30479.1275,46.600853859773466,NaN,NaN
1688666400,30588.839239410183,30588.839239410183,29850.45,30108.2425,38.79976005269854,NaN,NaN
1688688000,30348.54086970509,30348.54086970509,29701.02,30026.21,37.311971593684376,NaN,NaN
1688709600,30187.375434852547,30240.01,29930.53,30124.41,40.26489382596102,NaN,NaN
1688731200,30155.89271742627,30449,30041.05,30211.802499999998,42.84517854082731,NaN,NaN
1688752800,30183.847608713135,30346.06,30116,30261.3075,44.31259884937821,NaN,NaN
1688774400,30222.57755435657,30386.81,30183.39,30288.5975,45.14864104816676,NaN,NaN
1688796000,30255.587527178286,30313.98,30145.21,30225.1,43.51176525738741,NaN,NaN
1688817600,30240.343763589142,30318.25,30152.19,30231.7125,43.740514959442216,NaN,NaN
1688839200,30236.02813179457,30289.99,30044.47,30218.445,43.36110305772171,NaN,NaN
1688860800,30227.236565897285,30402.98,30227.236565897285,30298.6875,46.389923470463245,NaN,NaN
1688882400,30262.962032948642,30310,30233.33,30267.6725,45.379802570790375,NaN,NaN
1688904000,30265.31726647432,30445.52,30190,30297.627500000002,46.589450452091114,NaN,NaN
1688925600,30281.47238323716,30302.7,30061.12,30203.207499999997,43.3318885546449,NaN,NaN
1688947200,30242.33994161858,30242.33994161858,29950,30108.239999999998,40.28116533378847,NaN,NaN
1688968800,30175.28997080929,30245.9,30000.02,30142.0425,41.850444077192904,NaN,NaN
1688990400,30158.666235404642,30379.29,30143.21,30260.175,47.083826332623566,NaN,NaN
1689012000,30209.420617702322,31045.78,30190,30481.385000000002,55.21239277883085,NaN,NaN
1689033600,30345.402808851162,30600,30345.402808851162,30457.715,54.2520639257621,NaN,NaN
1689055200,30401.558904425583,30658,30344.28,30465.649999999998,54.53753998769982,NaN,NaN
1689076800,30433.604452212792,30813.63,30300,30523.385000000002,56.65685509429721,NaN,NaN
1689098400,30478.494726106397,30650,30405,30563.1725,58.10624120273979,NaN,NaN
1689120000,30520.833613053197,30697.21,30497.95,30617.815,60.08055751904484,NaN,NaN
1689141600,30569.3243065266,30849.01,30569.3243065266,30725.2825,63.70351505661536,NaN,NaN
1689163200,30647.3034032633,30983.25,30422.62,30657.517499999998,60.0053865817881,NaN,NaN
1689184800,30652.41045163165,30652.41045163165,30210,30393.7375,48.260876439362995,NaN,NaN
1689206400,30523.073975815823,30523.073975815823,30251,30346.8125,46.516660315674116,NaN,NaN
1689228000,30434.94323790791,30637.06,30302.57,30451.6575,50.79560900950235,NaN,NaN
1689249600,30443.300368953955,31200,30443.300368953955,30818.495000000003,62.192919653640935,NaN,NaN
1689271200,30630.89768447698,31804.2,30630.89768447698,31332.1275,71.97961513017324,NaN,NaN
1689292800,30981.51259223849,31630,30981.51259223849,31444.427499999998,73.58934866074804,NaN,NaN
1689314400,31212.970046119244,31385.2,31075.25,31257.629999999997,66.72291981689335,NaN,NaN
1689336000,31235.300023059623,31360.11,30648,30976.5825,57.96019535626149,NaN,NaN
1689357600,31105.941261529813,31105.941261529813,29900,30417.8975,45.24080250754435,NaN,NaN
1689379200,30761.919380764906,30761.919380764906,30200,30299.582499999997,43.0844745136988,NaN,NaN
1689400800,30530.75094038245,30530.75094038245,30263.25,30310.5875,43.35492117761804,NaN,NaN
1689422400,30420.669220191226,30420.669220191226,30250.99,30302.787500000002,43.19824383053108,NaN,NaN
1689444000,30361.728360095614,30361.728360095614,30269.96,30300.195000000003,43.142437773902465,NaN,NaN
1689465600,30330.96168004781,30335,30064.29,30231.704999999998,41.61298117204938,NaN,NaN
1689487200,30281.333340023906,30350,30225.13,30279.7875,43.137056291268685,NaN,NaN
1689508800,30280.560420011952,30441.46,30273.08,30350.6175,45.39811876835188,NaN,NaN
1689530400,30315.588960005975,30394.87,30122.95,30282.935,43.61348996506102,NaN,NaN
1689552000,30299.261980002986,30336.96,30176.03,30252.315,42.79388378934487,NaN,NaN
1689573600,30275.78849000149,30328,29965.39,30179.8425,40.83774839741271,NaN,NaN
1689595200,30227.815495000745,30308,29920,30105.0925,38.864451694700996,NaN,NaN
1689616800,30166.45399750037,30285.71,29659.2,30028.395,36.89453725689672,NaN,NaN
1689638400,30097.424498750188,30239.78,30040,30117.5025,40.657894970027094,NaN,NaN
1689660000,30107.463499375095,30111.68,29810,29964.48,36.61918273951048,NaN,NaN
1689681600,30035.971749687546,30035.971749687546,29512,29812.98,33.112240514656094,NaN,NaN
1689703200,29924.475874843774,29943.79,29680.76,29826.36,33.7159901765592,NaN,NaN
1689724800,29875.417937421887,30189.09,29839.5,29996.53,41.00901166160506,NaN,NaN
1689746400,29935.973968710943,30114,29867.17,30023.0475,42.07849209070582,NaN,NaN
1689768000,29979.51073435547,30128,29761.96,29973.939999999995,40.61016812332642,NaN,NaN
1689789600,29976.725367177733,30100,29830.36,29958.190000000002,40.12654076839835,NaN,NaN
1689811200,29967.457683588866,30176.96,29881.29,30023.3625,43.14386453221549,NaN,NaN
1689832800,29995.41009179443,30417.46,29995.41009179443,30228.64,51.44411323037622,NaN,NaN
1689854400,30112.025045897215,30316,29627.04,29996.1675,43.66907276479657,NaN,NaN
1689876000,30054.096272948605,30054.096272948605,29570.96,29753.92,37.33658990006244,NaN,NaN
1689897600,29904.008136474302,29953.01,29726.34,29824.335,40.05756757367983,NaN,NaN
1689919200,29864.17156823715,29864.17156823715,29729.76,29796.4475,39.32919251523887,NaN,NaN
1689940800,29830.309534118576,29938,29778.5,29854.25,41.69562102180586,NaN,NaN
1689962400,29842.279767059288,30061.7,29770,29913.855,44.11620554999667,NaN,NaN
1689984000,29878.067383529644,29999,29858,29907.1825,43.89650074553788,NaN,NaN
1690005600,29892.62494176482,29990,29848,29898.7375,43.60054344340351,NaN,NaN
1690027200,29895.681220882412,29908.71,29810,29860.747499999998,42.221471734964965,NaN,NaN
1690048800,29878.214360441205,29878.214360441205,29625.1,29778.4525,39.32013095945154,NaN,NaN
1690070400,29828.333430220602,29980.88,29730,29856.715,43.309812385226216,NaN,NaN
1690092000,29842.5242151103,29959,29842.5242151103,29913.3925,46.075004766365375,NaN,NaN
1690113600,29877.95835755515,30130,29852.29,29997.342500000002,49.967801627492925,NaN,NaN
1690135200,29937.650428777575,30350,29920.37,30118.155,55.00210807764999,NaN,NaN
1690156800,30027.902714388787,30099.58,29660,29910.8125,46.377178984321,NaN,NaN
1690178400,29969.357607194393,29969.357607194393,29000,29484.975000000002,34.43432691829955,NaN,NaN
1690200000,29727.166303597198,29727.166303597198,28861.9,29110.407500000005,27.68176750864815,NaN,NaN
1690221600,29418.7869017986,29418.7869017986,29000,29106.5625,27.621887603407558,NaN,NaN
1690243200,29262.6747008993,29262.6747008993,29047.65,29133.957499999997,28.803581731257182,NaN,NaN
1690264800,29198.31610044965,29282,29116,29163.660000000003,30.13544940381368,NaN,NaN
1690286400,29180.988050224827,29340.57,29082.84,29206.9225,32.12705312313281,NaN,NaN
1690308000,29193.955275112414,29376,29183.93,29266.21,34.86724948948056,NaN,NaN
1690329600,29230.082637556206,29412.88,29096.94,29251.712499999998,34.500453609520676,NaN,NaN
1690351200,29240.897568778102,29320.84,29160.33,29231.170000000002,33.95537374886389,NaN,NaN
1690372800,29236.033784389052,29369.55,29166.36,29245.050000000003,34.706009758925404,NaN,NaN
1690394400,29240.541892194527,29690,29195,29376.4675,41.4869940165762,NaN,NaN
1690416000,29308.50469609726,29499.41,29302.01,29403.3425,42.79536439977285,NaN,NaN
1690437600,29355.92359804863,29567.49,29355.92359804863,29478.2825,46.394805492563094,NaN,NaN
1690459200,29417.103049024314,29507.03,29180,29353.5125,41.69121437001941,NaN,NaN
1690480800,29385.307774512155,29385.307774512155,29083.85,29194.1525,36.588939460403715,NaN,NaN
1690502400,29289.730137256076,29305.3,29156.85,29217.73,37.801770895549446,NaN,NaN
1690524000,29253.730068628036,29253.730068628036,29123.12,29190.4475,36.92175828309505,NaN,NaN
1690545600,29222.088784314015,29542.22,29194.05,29300.5525,42.71746669969413,NaN,NaN
1690567200,29261.320642157007,29364.46,29242.93,29295.2225,42.51382720857476,NaN,NaN
1690588800,29278.271571078505,29406.92,29278.271571078505,29346.87,45.238047457908436,NaN,NaN
1690610400,29312.570785539254,29370.42,29256.18,29316.045,43.90086592033875,NaN,NaN
1690632000,29314.307892769626,29335.25,29261.87,29297.4625,43.074275737057704,NaN,NaN
1690653600,29305.885196384814,29380.92,29290.6,29337.494999999995,45.456871975580476,NaN,NaN
1690675200,29321.690098192405,29352.92,29306.03,29331.197500000002,45.13682550233015,NaN,NaN
1690696800,29326.443799096203,29326.47,29232.22,29296.4075,43.322168208028216,NaN,NaN
1690718400,29311.425649548102,29449,29278.38,29359.475000000002,47.446918518014996,NaN,NaN
1690740000,29335.45032477405,29399.18,29033.24,29277.5075,43.060736534379046,NaN,NaN
1690761600,29306.478912387025,29530,29264,29363.7775,48.46102775519484,NaN,NaN
1690783200,29335.128206193513,29443.68,29332.32,29390.5025,50.0417485419848,NaN,NaN
1690804800,29362.815353096754,29473.97,29153,29312.237500000003,45.62820557301361,NaN,NaN
1690826400,29337.52642654838,29337.52642654838,29101.8,29211.322500000002,40.649842481506546,NaN,NaN
1690848000,29274.42446327419,29347.16,28720,29054.8625,34.38567918736581,NaN,NaN
1690869600,29164.643481637097,29164.643481637097,28862.18,28909.995000000003,29.805769950132174,NaN,NaN
1690891200,29037.31924081855,29053,28585.7,28863.725,28.50008431347355,NaN,NaN
1690912800,28950.522120409274,29739.25,28950.522120409274,29338.31,51.815560306572856,NaN,NaN
1690934400,29144.41606020464,30047.5,29144.41606020464,29746.38,62.99073973494332,NaN,NaN
1690956000,29445.39803010232,29691.49,29378.62,29570.65,56.87352453465187,NaN,NaN
1690977600,29508.02401505116,29603.8,28927.5,29310.447500000002,49.24729806827497,NaN,NaN
1690999200,29409.23575752558,29409.23575752558,29030,29149.27,45.20384364149292,NaN,NaN
1691020800,29279.25287876279,29279.25287876279,29082,29173.2,45.913877338379116,NaN,NaN
1691042400,29226.226439381397,29226.226439381397,28968,29115.1975,44.41172090128831,NaN,NaN
1691064000,29170.711969690696,29433.33,29078.43,29221.999999999996,47.798402561862524,NaN,NaN
1691085600,29196.355984845344,29361.14,29137.55,29230.6425,48.074090592401845,NaN,NaN
1691107200,29213.499242422673,29251.68,29100,29196.5425,47.01895858481929,NaN,NaN
1691128800,29205.020871211338,29263.52,29137,29202.215,47.22645795035451,NaN,NaN
1691150400,29203.617935605667,29333.08,29130,29207.649999999998,47.43886588550002,NaN,NaN
1691172000,29205.63396780283,29205.63396780283,28807.54,29080.3875,43.06775053633545,NaN,NaN
1691193600,29143.010733901414,29152.23,29035,29099.3575,43.897584288502564,NaN,NaN
1691215200,29121.184116950706,29121.184116950706,29044.37,29071.5725,42.91101122410863,NaN,NaN
1691236800,29096.378308475352,29096.378308475352,28978.64,29043.1925,41.87577801553362,NaN,NaN
1691258400,29069.78540423768,29099,29052.5,29071.9075,43.36458582986393,NaN,NaN
1691280000,29070.84645211884,29103.26,29036,29078.66,43.72959350364829,NaN,NaN
1691301600,29074.75322605942,29142,29045.96,29092.304999999997,44.507878879817596,NaN,NaN
1691323200,29083.52911302971,29097.5,28991.88,29063.9825,43.1730837394863,NaN,NaN
1691344800,29073.755806514855,29205.09,29038.13,29105.0475,45.71511879954083,NaN,NaN
1691366400,29089.401653257428,29229.62,29018.25,29115.98,46.40251042581215,NaN,NaN
1691388000,29102.690826628714,29153.86,29045.14,29104.515,45.74826717556377,NaN,NaN
1691409600,29103.602913314357,29150,28701.03,28980.947500000002,39.31449905390041,NaN,NaN
1691431200,29042.275206657177,29276.78,28973.03,29110.545,47.63267649626279,NaN,NaN
1691452800,29076.410103328588,29331.24,29076.410103328588,29234.4675,54.11005142440638,NaN,NaN
1691474400,29155.43880166429,29441.96,29155.43880166429,29325.2975,58.1919516433281,NaN,NaN
1691496000,29240.368150832146,29876.74,29240.368150832146,29619.4825,68.09170380528833,NaN,NaN
1691517600,29429.925325416072,30244,29429.925325416072,29877.184999999998,73.91795118955136,NaN,NaN
1691539200,29653.555162708035,29883.1,29613,29750.622499999998,67.40813516121327,NaN,NaN
1691560800,29702.088831354016,29914.19,29673.34,29802.957499999997,68.63810090130205,NaN,NaN
1691582400,29752.523165677005,30160,29443.22,29751.702500000003,66.01069714698627,NaN,NaN
1691604000,29752.112832838502,29752.112832838502,29376.67,29524.982500000002,55.83019934922874,NaN,NaN
1691625600,29638.547666419254,29660.06,29510.44,29584.5825,57.67802801638854,NaN,NaN
1691647200,29611.56508320963,29611.56508320963,29476,29543.885,55.95658127967448,NaN,NaN
1691668800,29577.725041604812,29738,29320.2,29493.739999999998,53.82495319225167,NaN,NaN
1691690400,29535.732520802405,29535.732520802405,29384.89,29435.4175,51.37366706449807,NaN,NaN
1691712000,29485.575010401204,29498.17,29352.47,29441.9925,51.64104867200106,NaN,NaN
1691733600,29463.783755200602,29490,29350,29436.8825,51.404472639021826,NaN,NaN
1691755200,29450.3331276003,29564.52,29252.45,29400.832499999997,49.67550434360484,NaN,NaN
1691776800,29425.58281380015,29444.73,29330.83,29385.495,48.92159227533704,NaN,NaN
1691798400,29405.538906900074,29460.73,29381.56,29418.4125,50.65260243303634,NaN,NaN
1691820000,29411.975703450036,29434.35,29384.82,29413.590000000004,50.383214453248875,NaN,NaN
1691841600,29412.78285172502,29481.35,29408.28,29437.3975,51.747552642245815,NaN,NaN
1691863200,29425.09017586251,29436.25,29400,29424.1325,50.907601183673314,NaN,NaN
1691884800,29424.611337931256,29455.21,29363,29408.3475,49.870245022146506,NaN,NaN
1691906400,29416.479418965628,29416.53,29375.49,29390.097500000003,48.63626413789064,NaN,NaN
1691928000,29403.288459482814,29420,29328.21,29382.905000000002,48.13079844834724,NaN,NaN
1691949600,29393.09672974141,29474.65,29272.32,29362.707499999997,46.664178697731025,NaN,NaN
1691971200,29377.902114870703,29453.47,29102.45,29326.8425,44.094735023257556,NaN,NaN
1691992800,29352.37230743535,29495.76,29352.37230743535,29434.245000000003,52.52512300650916,NaN,NaN
1692014400,29393.30865371768,29695.32,29332.61,29481.302499999998,55.678720658415116,NaN,NaN
1692036000,29437.30557685884,29490,29257,29416.305,50.671899223293245,NaN,NaN
1692057600,29426.80528842942,29454.23,29359.67,29403.637499999997,49.733259939745295,NaN,NaN
1692079200,29415.221394214706,29457.44,29351.33,29386.1225,48.39830798738419,NaN,NaN
1692100800,29400.671947107352,29499.26,29260,29365.27,46.78808275320847,NaN,NaN
1692122400,29382.970973553674,29382.970973553674,29059.6,29235.885000000002,38.278282337879745,NaN,NaN
1692144000,29309.42798677684,29309.42798677684,29138.16,29185.0625,35.54362672094183,NaN,NaN
1692165600,29247.245243388417,29247.245243388417,29100,29155.8425,34.03798077270335,NaN,NaN
1692187200,29201.543871694208,29211.34,28956,29125.0025,32.474397334186975,NaN,NaN
1692208800,29163.2731858471,29235,28723.08,28964.1475,25.813788859775386,NaN,NaN
1692230400,29063.71034292355,29063.71034292355,28342,28633.907499999998,17.760059697114954,NaN,NaN
1692252000,28848.808921461772,28848.808921461772,28483.89,28601.5625,17.194224418491018,NaN,NaN
1692273600,28725.185710730886,28725.185710730886,27700,28198.1625,12.041477598935828,NaN,NaN
1692295200,28461.67410536544,28461.67410536544,25166,26947.120000000003,6.018125115498009,NaN,NaN
1692316800,27704.39705268272,27704.39705268272,26157.71,26514.37,5.07284635190689,NaN,NaN
1692338400,27109.38352634136,27109.38352634136,26381.6,26482.3375,5.01011497459433,NaN,NaN
1692360000,26795.86051317068,26795.86051317068,25619,26156.255,4.411993592705159,NaN,NaN
1692381600,26476.05775658534,26476.05775658534,25921,26075.085,4.275174038156777,NaN,NaN
1692403200,26275.57137829267,26275.57137829267,25875.01,25992.0175,4.1338901908091685,NaN,NaN
1692424800,26133.794439146335,26133.794439146335,25801.09,25896.165,3.9708195229348178,NaN,NaN
1692446400,26014.979719573166,26281,25872.06,26035.0075,9.53741389929614,NaN,NaN
1692468000,26024.993609786583,26159.84,26024.993609786583,26093.4275,11.852775399930266,NaN,NaN
1692489600,26059.210554893292,26207.88,26046.4,26111.572500000002,12.60100750376563,NaN,NaN
1692511200,26085.39152744665,26198.72,26047.41,26128.71,13.349135272897541,NaN,NaN
1692532800,26107.050763723324,26217.52,25971.05,26122.36,13.30369378637782,NaN,NaN
1692554400,26114.705381861662,26299,26105.89,26179.765000000003,16.08469546068659,NaN,NaN
1692576000,26147.235190930835,26195.12,26045,26133.665,15.650519959520011,NaN,NaN
1692597600,26140.450095465418,26140.450095465418,25880.2,26034.085,14.725846042700411,NaN,NaN
1692619200,26087.267547732707,26198.89,25812,26023.3,14.625062348431186,NaN,NaN
1692640800,26055.28377386635,26258.42,26026.5,26115.635,19.692594367058092,NaN,NaN
1692662400,26085.459386933173,26139.42,26000,26076.9325,19.17873600044615,NaN,NaN
1692684000,26081.195943466584,26117.28,26027.22,26058.8825,18.93063498109261,NaN,NaN
1692705600,26070.039221733292,26100.23,25726.29,25927.142499999998,17.18343108553327,NaN,NaN
1692727200,25998.590860866643,26070.04,25300,25814.6125,15.83870616619879,NaN,NaN
1692748800,25906.60168043332,26187.99,25906.60168043332,26065.6775,29.15892212612532,NaN,NaN
1692770400,25986.139590216662,26183.91,25902.62,26017.005,28.226239164084987,NaN,NaN
1692792000,26001.57229510833,26605,25812.82,26224.1625,37.403522918789726,NaN,NaN
1692813600,26112.867397554164,26819.27,26112.867397554164,26503.442499999997,47.20449711204252,NaN,NaN
1692835200,26308.154948777083,26547.89,26308.154948777083,26437.0075,45.38410511674126,NaN,NaN
1692856800,26372.58122438854,26577.87,26372.58122438854,26456.89,46.0545988208392,NaN,NaN
1692878400,26414.735612194272,26444.02,25864,26203.007500000003,39.40266781525609,NaN,NaN
1692900000,26308.87155609714,26308.87155609714,25936.01,26095.8,36.97410422596239,NaN,NaN
1692921600,26202.335778048568,26202.335778048568,26007.63,26108.752500000002,37.47550747435767,NaN,NaN
1692943200,26155.544139024285,26155.544139024285,25974.22,26064.840000000004,36.417715990595724,NaN,NaN
1692964800,26110.192069512144,26314.05,25777.15,26019.4025,35.30719515673002,NaN,NaN
1692986400,26064.797284756074,26085.2,25872.24,25976.86,34.25397715787048,NaN,NaN
1693008000,26020.828642378037,26125.77,26020.828642378037,26068.7425,38.51963457497696,NaN,NaN
1693029600,26044.78557118902,26083.89,26001.83,26048.399999999998,37.93283739058093,NaN,NaN
1693051200,26046.59278559451,26078,25985.92,26036.205,37.56340667736102,NaN,NaN
1693072800,26041.398892797253,26047.62,25988.2,26022.059999999998,37.111928233706415,NaN,NaN
1693094400,26031.729446398625,26044.98,25966.11,26015.4975,36.89039626073065,NaN,NaN
1693116000,26023.613473199315,26095.6,26023.613473199315,26053.504999999997,39.15570514932572,NaN,NaN
1693137600,26038.559236599656,26182.23,26038.559236599656,26088.0125,41.21870869342103,NaN,NaN
1693159200,26063.285868299827,26164.29,26037.27,26092.1025,41.472010456544325,NaN,NaN
1693180800,26077.694184149914,26105,25872.05,26010.4625,37.956046370810455,NaN,NaN
1693202400,26044.078342074958,26044.078342074958,25864.5,25958.125,35.85729256430879,NaN,NaN
1693224000,26001.10167103748,26253.99,25991.44,26097.052499999998,44.61225248412395,NaN,NaN
1693245600,26049.077085518737,26178.83,25918,26089.655,44.26578974999063,NaN,NaN
1693267200,26069.366042759368,26206.24,26032.07,26105.864999999998,45.26883334030518,NaN,NaN
1693288800,26087.61552137968,26087.61552137968,25922,26006.965,40.481905682813654,NaN,NaN
1693310400,26047.290260689842,28142.85,25964.79,26993.8125,72.13973871673875,NaN,NaN
1693332000,26520.55138034492,28020.73,26520.55138034492,27790.485,80.94934561062735,NaN,NaN
1693353600,27155.51819017246,27768.57,27155.51819017246,27558.735,73.65329061210329,NaN,NaN
1693375200,27357.12659508623,27499,27310.05,27404.1525,69.17464244018299,NaN,NaN
1693396800,27380.639547543113,27464.45,27017.24,27247.0475,64.85812457519485,NaN,NaN
1693418400,27313.843523771557,27337.78,27100,27226.435,64.29127994520198,NaN,NaN
1693440000,27270.13926188578,27303.36,27178.88,27258.380000000005,64.80466318116017,NaN,NaN
1693461600,27264.25963094289,27587.51,27184.99,27331.9375,66.01623090462942,NaN,NaN
1693483200,27298.098565471446,27315.47,26133.94,26770.6075,51.45844824084642,NaN,NaN
1693504800,27034.353032735722,27034.353032735722,25655.01,26078.0475,39.797702169760576,NaN,NaN
1693526400,26556.20026636786,26556.20026636786,25931.11,25999.787500000002,38.7296790049956,NaN,NaN
1693548000,26277.99388318393,26277.99388318393,25957.37,26026.115,39.319642670903846,NaN,NaN
1693569600,26152.054441591965,26156,25333.75,25754.0275,35.5137598256881,NaN,NaN
1693591200,25953.040970795984,25953.040970795984,25455.41,25669.1825,34.39573164071933,NaN,NaN
1693612800,25811.111735397993,25853.03,25752.47,25807.980000000003,37.84308365768191,NaN,NaN
1693634400,25809.545867699,25860,25774.81,25817.43,38.08164922671764,NaN,NaN
1693656000,25813.4879338495,25987.5,25785.64,25850.0675,38.9531174470235,NaN,NaN
1693677600,25831.77771692475,25907.09,25763.2,25838.344999999998,38.74220387044783,NaN,NaN
1693699200,25835.06135846237,25907.53,25826.29,25875.85,39.864092628193774,NaN,NaN
1693720800,25855.455679231185,25956.3,25855.455679231185,25919.260000000002,41.206254373844736,NaN,NaN
1693742400,25887.357839615594,26085.01,25800,25929.1,41.52484454198832,NaN,NaN
1693764000,25908.228919807796,26135,25882.27,25969.1175,42.880426361587354,NaN,NaN
1693785600,25938.6732099039,26108.02,25877.66,25972.8325,43.01250344722521,NaN,NaN
1693807200,25955.75285495195,26011.24,25865.57,25925.935,41.70159973542434,NaN,NaN
1693828800,25940.843927475973,25966.8,25717.04,25870.9525,40.15638049353373,NaN,NaN
1693850400,25905.898213737986,25948.15,25631.21,25828.2125,38.94823323584879,NaN,NaN
1693872000,25867.055356868994,25867.055356868994,25562.62,25741.609999999997,36.54874629408827,NaN,NaN
1693893600,25804.332678434497,25812.09,25654,25745.769999999997,36.750321233389386,NaN,NaN
1693915200,25775.051339217247,25915.49,25625.03,25768.3225,37.90207453563198,NaN,NaN
1693936800,25771.686919608623,25802.73,25675,25754.730000000003,37.45933274960808,NaN,NaN
1693958400,25763.208459804315,25870.51,25740.13,25787.325,39.29071490062005,NaN,NaN
1693980000,25775.266729902156,25791.32,25715.16,25746.58,37.80058870178013,NaN,NaN
1694001600,25760.92336495108,26040,25372.51,25751.449999999997,38.10275343318501,NaN,NaN
1694023200,25756.186682475538,25959.52,25588,25791.8675,40.67845260402987,NaN,NaN
1694044800,25774.027091237767,25850,25724.78,25780.9125,40.19028104994429,NaN,NaN
1694066400,25777.469795618883,25795.62,25691.07,25746.050000000003,38.602627495694605,NaN,NaN
1694088000,25761.759897809443,25976.66,25615.38,25807.955,42.91492907767732,NaN,NaN
1694109600,25784.857448904724,26443.14,25784.857448904724,26116.5225,58.54459354255359,NaN,NaN
1694131200,25950.68997445236,26445.5,25950.68997445236,26284.71,64.28458250812997,NaN,NaN
1694152800,26117.69998722618,26289.13,25647.26,26003.835,51.46802390659646,NaN,NaN
1694174400,26060.76749361309,26060.76749361309,25719.8,25835.8325,45.61046766163577,NaN,NaN
1694196000,25948.299996806545,25948.299996806545,25766.21,25860.019999999997,46.553567384981896,NaN,NaN
1694217600,25904.159998403273,25910.5,25836.49,25875.6025,47.188895941495154,NaN,NaN
1694239200,25889.881249201637,25907.75,25844.92,25865.155,46.78731994106226,NaN,NaN
1694260800,25877.518124600818,25945.09,25796.64,25870.94,47.05599071498853,NaN,NaN
1694282400,25874.22906230041,25919.5,25845.7,25886.454999999998,47.81696110851967,NaN,NaN
1694304000,25880.342031150205,25902.68,25750.35,25850.61,46.166007975328235,NaN,NaN
1694325600,25865.476015575103,25873.96,25795.33,25828.11,45.11309136374664,NaN,NaN
1694347200,25846.79300778755,25846.79300778755,25650,25743.9375,41.316710433332645,NaN,NaN
1694368800,25795.365253893775,26033.66,25570.57,25785.357500000002,43.82200050139648,NaN,NaN
1694390400,25790.361376946887,25894.48,25652.78,25820.4575,45.928650932030024,NaN,NaN
1694412000,25805.40943847344,25900.69,25577.3,25743.055,42.172936178514476,NaN,NaN
1694433600,25774.23221923672,25774.23221923672,24951,25382.82,29.91307460294999,NaN,NaN
1694455200,25578.52610961836,25578.52610961836,24901,25128.850000000002,24.504541367116346,NaN,NaN
1694476800,25353.68805480918,25990,25131.48,25514.2725,41.72485754141611,NaN,NaN
1694498400,25433.98027740459,26331.38,25433.98027740459,25981.6775,55.100218095083804,NaN,NaN
1694520000,25707.828888702294,26567,25707.828888702294,26115.36,58.064821086621684,NaN,NaN
1694541600,25911.594444351147,26265.98,25790,25949.78,53.36484581526835,NaN,NaN
1694563200,25930.687222175573,25985.91,25764.17,25872.547499999997,51.2798456753602,NaN,NaN
1694584800,25901.617361087785,26247.79,25855.17,26050.3425,55.582252684215796,NaN,NaN
1694606400,25975.979930543894,26405.22,25975.979930543894,26178.495000000003,58.43167968800471,NaN,NaN
1694628000,26077.237465271948,26305.46,26055,26169.1475,58.138712158796004,NaN,NaN
1694649600,26123.192482635975,26541.77,26123.192482635975,26271.325,60.47175712332507,NaN,NaN
1694671200,26197.258741317986,26489.5,26183.95,26328.5925,61.75818847585793,NaN,NaN
1694692800,26262.925620658993,26798.5,26262.925620658993,26558.090000000004,66.46789971771841,NaN,NaN
1694714400,26410.507810329498,26860.49,26410.507810329498,26625.462499999998,67.72455859085476,NaN,NaN
1694736000,26517.985155164748,26655.84,26448.19,26553.9375,64.94201306120573,NaN,NaN
1694757600,26535.961327582372,26690,26375.01,26519.7875,63.59844364634576,NaN,NaN
1694779200,26527.874413791185,26527.874413791185,26224,26378.665,58.2365269081104,NaN,NaN
1694800800,26453.269706895593,26888,26331.97,26539.62,62.15547516173149,NaN,NaN
1694822400,26496.444853447796,26777,26496.444853447796,26607.4375,63.70104635418521,NaN,NaN
1694844000,26551.9411767239,26581.98,26445,26522.207499999997,60.364457786448384,NaN,NaN
1694865600,26537.07433836195,26622.22,26481.87,26548.7875,61.04965342384632,NaN,NaN
1694887200,26542.930919180973,26622.15,26505.4,26563.55,61.448277195036816,NaN,NaN
1694908800,26553.240459590488,26570,26416.16,26522.405,59.61696016370581,NaN,NaN
1694930400,26537.822729795244,26623.25,26490.88,26556.1475,60.65261391628648,NaN,NaN
1694952000,26546.985114897623,26600,26480,26531.67,59.461304714929106,NaN,NaN
1694973600,26539.32755744881,26539.32755744881,26399,26485.1525,57.163425431545335,NaN,NaN
1694995200,26512.240028724405,26750,26377.35,26575.575,60.36945584726018,NaN,NaN
1695016800,26543.907514362203,27240,26543.907514362203,26926.8,69.81849070707848,NaN,NaN
1695038400,26735.353757181103,27409,26669.94,27009.1025,71.53140539509509,NaN,NaN
1695060000,26872.228128590552,26943.83,26631,26774.454999999998,60.91647540154503,NaN,NaN
1695081600,26823.341564295275,26860,26667.79,26771.6375,60.79980646212693,NaN,NaN
1695103200,26797.489532147636,27466,26750.88,27062.675,67.68471509957638,NaN,NaN
1695124800,26930.08226607382,27483.57,26881.37,27184.0975,70.0482755012786,NaN,NaN
1695146400,27057.08988303691,27222.81,26990.01,27139.239999999998,68.06757162295385,NaN,NaN
1695168000,27098.164941518455,27388.63,27007,27157.72,68.46320348885152,NaN,NaN
1695189600,27127.942470759226,27197.66,26936.79,27064.38,64.14062378626593,NaN,NaN
1695211200,27096.161235379615,27277.36,26997.94,27142.122499999998,66.06256540952079,NaN,NaN
1695232800,27119.141867689807,27300,26800,27105.0325,64.29213712837796,NaN,NaN
1695254400,27112.087183844902,27159.6,26936.66,27073.072500000002,62.73205648171267,NaN,NaN
1695276000,27092.579841922452,27092.579841922452,26618.9,26873.449999999997,53.92960170073451,NaN,NaN
1695297600,26983.014920961225,26983.014920961225,26377.7,26634.25,45.66158042563301,NaN,NaN
1695319200,26808.632460480614,26808.632460480614,26497.94,26601.232500000002,44.64414563633584,NaN,NaN
1695340800,26704.932480240306,26704.932480240306,26468.77,26593.3075,44.3884839059582,NaN,NaN
1695362400,26649.119990120154,26743.38,26573.93,26655.95,46.97341721328728,NaN,NaN
1695384000,26652.53499506008,26698.29,26531.01,26611.445,45.36023182369723,NaN,NaN
1695405600,26631.98999753004,26635.73,26488,26570.0225,43.85077201771776,NaN,NaN
1695427200,26601.00624876502,26614.98,26509,26561.644999999997,43.53523523263791,NaN,NaN
1695448800,26581.32562438251,26594.78,26541.67,26563.53,43.63351752728935,NaN,NaN
1695470400,26572.427812191254,26610,26546.2,26582.43,44.67335915696061,NaN,NaN
1695492000,26577.42890609563,26632.81,26558.07,26591.2875,45.18373457767462,NaN,NaN
1695513600,26584.358203047814,26590.01,26550,26568.4925,44.05734938608616,NaN,NaN
1695535200,26576.425351523907,26611.8,26549.31,26578.9525,44.73812996349632,NaN,NaN
1695556800,26577.688925761955,26719.63,26563.17,26638.144999999997,48.55352427678082,NaN,NaN
1695578400,26607.916962880976,26738.54,26122.08,26445.5175,39.09415867729026,NaN,NaN
1695600000,26526.71723144049,26526.71723144049,26000,26176.324999999997,30.23045408042576,NaN,NaN
1695621600,26351.521115720243,26351.521115720243,26020.01,26110.665,28.53124532775945,NaN,NaN
1695643200,26231.093057860122,26425.63,25990.46,26212.475,34.66365479548588,NaN,NaN
1695664800,26221.78402893006,26446.15,26221.78402893006,26343.3,41.59831659807922,NaN,NaN
1695686400,26282.542014465027,26397.46,26234.37,26314.3825,40.57322042270579,NaN,NaN
1695708000,26298.462257232513,26339.06,26188.26,26280.515,39.35017495265573,NaN,NaN
1695729600,26289.48862861626,26306.39,26088.34,26210.89,36.88833971400957,NaN,NaN
1695751200,26250.18931430813,26288.68,26100,26196.337499999998,36.376085707451374,NaN,NaN
1695772800,26223.263407154063,26289.5,26202.96,26242.5075,39.258071156775664,NaN,NaN
1695794400,26232.88545357703,26848.07,26223.72,26523.594999999998,53.16690207397792,NaN,NaN
1695816000,26378.24022678851,26850,26158.63,26501.6775,52.163889945379466,NaN,NaN
1695837600,26439.958863394255,26439.958863394255,26112.06,26275.36,43.118276453869946,NaN,NaN
1695859200,26357.659431697128,26557.75,26342.4,26430.774999999998,49.583720129836664,NaN,NaN
1695880800,26394.217215848563,26623.84,26389.29,26485.004999999997,51.648924700011285,NaN,NaN
1695902400,26439.61110792428,27308.48,26439.61110792428,26851.385000000002,62.750597610933575,NaN,NaN
1695924000,26645.49805396214,27231.94,26645.49805396214,27065.545000000002,67.45455886947903,NaN,NaN
1695945600,26855.521526981072,27134.16,26855.521526981072,26998.09,64.68378964833522,NaN,NaN
1695967200,26926.805763490534,27244.89,26926.805763490534,27035.6975,65.53380618534942,NaN,NaN
1695988800,26981.25163174527,27149.05,26665.16,26906.485,60.17481783727359,NaN,NaN
1696010400,26943.868315872634,26984.99,26750,26870.725,58.74311766686809,NaN,NaN
1696032000,26907.296657936316,26955.91,26886.31,26921.019999999997,60.17817878061488,NaN,NaN
1696053600,26914.15832896816,26997,26914.15832896816,26946.822500000002,60.92902313098572,NaN,NaN
1696075200,26930.49041448408,27094.99,26903.01,26987.8925,62.15227579141017,NaN,NaN
1696096800,26959.191457242043,27081.78,26946.73,27002.1525,62.590227746554596,NaN,NaN
1696118400,26980.671978621023,27072.75,26954.09,27015.2825,63.014599924810426,NaN,NaN
1696140000,26997.977239310512,27289.08,26997.977239310512,27155.059999999998,67.27108117346025,NaN,NaN
1696161600,27076.518619655253,27229.29,27035.78,27131.2825,65.88208407764358,NaN,NaN
1696183200,27103.900559827627,28065.51,27033.1,27540.879999999997,75.3312875826849,NaN,NaN
1696204800,27322.390279913812,28210,27322.390279913812,28001.652500000004,81.52884648589053,NaN,NaN
1696226400,27662.021389956906,28484.28,27662.021389956906,28155.765,83.06163314955003,NaN,NaN
1696248000,27908.893194978453,28580,27853.49,28171.697500000002,83.21669180363881,NaN,NaN
1696269600,28040.295347489227,28104.1,27281.44,27733.8275,65.47657815753925,NaN,NaN
1696291200,27887.061423744613,27887.061423744613,27381.48,27524.102499999997,58.990021706019085,NaN,NaN
1696312800,27705.581961872304,27705.581961872304,27475,27570.97,59.94499512715122,NaN,NaN
1696334400,27638.275980936152,27638.275980936152,27234.55,27452.4125,56.36909999548365,NaN,NaN
1696356000,27545.344240468075,27545.344240468075,27160.5,27373.002500000002,54.04364815811807,NaN,NaN
1696377600,27459.17337023404,27510.29,27202,27386.480000000003,54.38757670304921,NaN,NaN
1696399200,27422.82668511702,27643.09,27350.75,27493.362500000003,57.1277670183981,NaN,NaN
1696420800,27458.09459255851,27633.42,27329.85,27518.802499999998,57.77794481877314,NaN,NaN
1696442400,27488.448546279255,27839.72,27488.448546279255,27669.947500000002,61.51248600905228,NaN,NaN
1696464000,27579.19802313963,27896.07,27579.19802313963,27738.5775,63.10812102211677,NaN,NaN
1696485600,27658.887761569815,27774.55,27550.77,27673.0775,60.52890054813913,NaN,NaN
1696507200,27665.982630784907,28120.39,27352,27670.375,60.41918021130113,NaN,NaN
1696528800,27668.178815392454,27668.178815392454,27388,27454.335,52.263243370516435,NaN,NaN
1696550400,27561.256907696225,27590,27389.99,27472.592500000002,52.84259304362637,NaN,NaN
1696572000,27516.92470384811,27801,27464.48,27631.3675,57.65552882279776,NaN,NaN
1696593600,27574.146101924056,28044.86,27175.94,27734.83,60.48562258435203,NaN,NaN
1696615200,27654.488050962027,28295,27654.488050962027,28012.82,66.88897771840189,NaN,NaN
1696636800,27833.654025481013,27955.9,27833.654025481013,27907.38,62.736263891096634,NaN,NaN
1696658400,27870.517012740507,28029.67,27870.517012740507,27936.809999999998,63.418922369929284,NaN,NaN
1696680000,27903.663506370252,27986.27,27895.28,27939.205,63.47756005486549,NaN,NaN
1696701600,27921.43425318513,27959.75,27850,27924.895,62.829518505773294,NaN,NaN
1696723200,27923.164626592566,28095.14,27878.06,27965.945,63.965977025142,NaN,NaN
1696744800,27944.554813296283,27953.21,27775,27868.440000000002,59.326167977326364,NaN,NaN
1696766400,27906.497406648145,27999.72,27687.5,27844.412500000002,58.20574171443528,NaN,NaN
1696788000,27875.45495332407,27980,27800,27893.960000000003,59.88806122104729,NaN,NaN
1696809600,27884.707476662035,27987.93,27796.53,27891.43,59.75579305524822,NaN,NaN
1696831200,27888.068738331018,27913.9,27412.21,27664.81,49.26086415101936,NaN,NaN
1696852800,27776.43936916551,27776.43936916551,27260,27477.1075,42.58891712741764,NaN,NaN
1696874400,27626.773434582756,27750.03,27529.99,27614.975,48.14441086815063,NaN,NaN
1696896000,27620.874217291377,27697.56,27492.6,27596.8775,47.49470987380339,NaN,NaN
1696917600,27608.87585864569,27735,27500,27587.7775,47.15015510050245,NaN,NaN
1696939200,27598.326679322847,27630,27329.62,27459.42,42.47000400181693,NaN,NaN
1696960800,27528.873339661423,27528.873339661423,27298,27381.829999999998,39.89228904570469,NaN,NaN
1696982400,27455.35166983071,27477.39,26964.89,27236.519999999997,35.54154685650326,NaN,NaN
1697004000,27345.935834915355,27345.935834915355,27017,27164.7375,33.59249067616459,NaN,NaN
1697025600,27255.336667457676,27262.45,26538.66,26907.407499999998,27.723174397949734,NaN,NaN
1697047200,27081.372083728835,27081.372083728835,26585.51,26744.6775,24.775196015165974,NaN,NaN
1697068800,26913.024791864416,26947.04,26735.83,26858.809999999998,30.367845007576832,NaN,NaN
1697090400,26885.917395932207,26920.81,26655.6,26822.775,29.619109591626184,NaN,NaN
1697112000,26854.346197966104,26862.74,26555,26724.370000000003,27.616654473047333,NaN,NaN
1697133600,26789.35809898305,26789.35809898305,26596.45,26693.2425,26.994948478755163,NaN,NaN
1697155200,26741.300299491526,26876.06,26741.300299491526,26801.9025,32.691282485453456,NaN,NaN
1697176800,26771.601399745763,26943,26737.4,26830.81,34.163045167476255,NaN,NaN
1697198400,26801.20569987288,26966.85,26685,26810.254999999997,33.60044082944856,NaN,NaN
1697220000,26805.73034993644,27130,26723,26870.815,36.89763992907151,NaN,NaN
1697241600,26838.27267496822,26989.58,26838.27267496822,26895.4125,38.239117015721895,NaN,NaN
1697263200,26866.84258748411,26900,26841.76,26874.792499999996,37.519051712357104,NaN,NaN
1697284800,26870.81754374205,26953.18,26850.44,26891.37,38.521364584306816,NaN,NaN
1697306400,26881.093771871027,26890.33,26789,26855.329999999998,37.12693922726276,NaN,NaN
1697328000,26868.21188593551,26916.77,26815.76,26866.8625,37.90157501625675,NaN,NaN
1697349600,26867.537192967757,26919,26843.79,26874.427499999998,38.43739645434786,NaN,NaN
1697371200,26870.982346483877,27017.44,26808.25,26915.165,41.37113310011594,NaN,NaN
1697392800,26893.07367324194,27293.33,26893.07367324194,27096.535000000003,52.27551720058568,NaN,NaN
1697414400,26994.80433662097,27980,26994.80433662097,27540.81,67.98384413446308,NaN,NaN
1697436000,27267.807168310486,27971.34,27267.807168310486,27819.7725,73.81242272935104,NaN,NaN
1697457600,27543.789834155243,30000,27543.789834155243,28423.41,81.61290759795077,NaN,NaN
1697479200,27983.59991707762,28808.51,27983.59991707762,28443.664999999997,81.80871556593661,NaN,NaN
1697500800,28213.632458538807,28549.34,28069.32,28334.9675,77.06574247937304,NaN,NaN
1697522400,28274.299979269403,28609.38,28120.5,28343.237500000003,77.17417218045067,NaN,NaN
1697544000,28308.768739634703,28613.65,28135.35,28399.725000000002,77.9413124368544,NaN,NaN
1697565600,28354.246869817354,28556.56,28306.42,28421.54,78.24539187028877,NaN,NaN
1697587200,28387.893434908678,28982.36,28320.29,28598.515,80.5837648696454,NaN,NaN
1697608800,28493.20421745434,28742.23,28236.41,28503.6975,75.87790370940797,NaN,NaN
1697630400,28498.45085872717,28498.45085872717,28142.87,28312.7425,67.34801136303464,NaN,NaN
1697652000,28405.596679363585,28405.596679363585,28190.81,28303.78,66.96749346632151,NaN,NaN
1697673600,28354.688339681794,28418,28100.66,28286.760000000002,66.20253126420423,NaN,NaN
1697695200,28320.724169840898,28514.21,28242.67,28378.989999999998,68.31471131829507,NaN,NaN
1697716800,28349.857084920448,28916.89,28349.857084920448,28583.7075,72.4328921395433,NaN,NaN
1697738400,28466.782292460222,28882.07,28466.782292460222,28667.004999999997,73.91829871228117,NaN,NaN
1697760000,28566.89364623011,29400,28566.89364623011,28978.4375,78.56807417690992,NaN,NaN
1697781600,28772.665573115053,30207.55,28772.665573115053,29612.312500000004,84.58987713946868,NaN,NaN
1697803200,29192.489036557527,29910,29192.489036557527,29646.842500000002,84.83976712629176,NaN,NaN
1697824800,29419.665768278763,29790.59,29400,29594.002500000002,82.6315609327485,NaN,NaN
1697846400,29506.834134139383,29699.68,29464.77,29603.04,82.71443030293523,NaN,NaN
1697868000,29554.93706706969,29878.83,29554.93706706969,29710.280000000002,83.70778976468739,NaN,NaN
1697889600,29632.608533534847,30180,29632.608533534847,29952.590000000004,85.70654320444844,NaN,NaN
1697911200,29792.599266767425,30379.99,29792.599266767425,30071.615,86.57762723188802,NaN,NaN
1697932800,29932.107133383714,30248,29843.2,30028.8775,84.58434688654445,NaN,NaN
1697954400,29980.492316691856,30215.09,29640,29969.82,81.78231712025384,NaN,NaN
1697976000,29975.156158345926,29975.156158345926,29781,29894.907499999998,78.24165341464212,NaN,NaN
1697997600,29935.031829172964,30051.79,29714.28,29918.260000000002,78.55336164528052,NaN,NaN
1698019200,29926.645914586483,30943.15,29883.6,30401.957499999997,83.74708478264415,NaN,NaN
1698040800,30164.30170729324,30985.12,30164.30170729324,30696.46,85.9742192474683,NaN,NaN
1698062400,30430.38085364662,31317.22,30395.01,30837.252500000002,86.89851490774086,NaN,NaN
1698084000,30633.816676823313,34741.91,30633.816676823313,32392.160000000003,92.65520810512275,NaN,NaN
1698105600,31512.98833841166,35280,31512.98833841166,33770.862499999996,94.82604041729076,NaN,NaN
1698127200,32641.92541920583,34876.4,32641.92541920583,34256.685000000005,95.34782859448937,NaN,NaN
1698148800,33449.30520960291,34835.74,33200,34091.244999999995,91.94721442833013,NaN,NaN
1698170400,33770.275104801454,34250,33380.01,33834.77250000001,86.78005972525466,NaN,NaN
1698192000,33802.52380240073,34399.82,33773.74,34026.975000000006,87.35362374149432,NaN,NaN
1698213600,33914.749401200366,34446.42,33679.05,34084.0675,87.52673969865278,NaN,NaN
1698235200,33999.40845060018,35132.85,33999.40845060018,34547.847499999996,88.86070997557168,NaN,NaN
1698256800,34273.627975300085,34850.23,34250,34564.11,88.90551567538074,NaN,NaN
1698278400,34418.86898765004,34824.13,34418.86898765004,34565.805,88.91052240245246,NaN,NaN
1698300000,34492.336993825025,34784.61,33960.39,34342.18,83.55322972470256,NaN,NaN
1698321600,34417.25849691252,34417.25849691252,33751,34041.6975,76.85233503985921,NaN,NaN
1698343200,34229.47799845626,34278,33905.24,34069.505,77.0358818193841,NaN,NaN
1698364800,34149.49149922813,34185.15,33780,34050.2525,76.58310682745321,NaN,NaN
1698386400,34099.871999614064,34245,33921.84,34074.515,76.76841785347482,NaN,NaN
1698408000,34087.193499807036,34195.21,33390.95,33808.3275,70.20435360352862,NaN,NaN
1698429600,33947.76049990352,33947.76049990352,33401,33708.5675,67.86242800600758,NaN,NaN
1698451200,33828.16399995176,34185,33828.16399995176,34005.8075,70.96980856166707,NaN,NaN
1698472800,33916.98574997588,34493.33,33916.98574997588,34196.6625,72.789111719362,NaN,NaN
1698494400,34056.824124987936,34239.7,33907.79,34114.3575,70.73052385261242,NaN,NaN
1698516000,34085.59081249397,34219.58,34060.78,34123.86,70.83308663714584,NaN,NaN
1698537600,34104.72540624699,34104.72540624699,33930,34035.745,68.43827926821177,NaN,NaN
1698559200,34070.23520312349,34321.89,34017.39,34156.3625,69.93664234619321,NaN,NaN
1698580800,34113.29885156175,34744.38,34113.29885156175,34453.600000000006,73.30049910065166,NaN,NaN
1698602400,34283.44942578088,34750.11,34283.44942578088,34559.755000000005,74.4021039021162,NaN,NaN
1698624000,34421.602212890444,34570.51,34181.47,34382.2125,69.25546954518387,NaN,NaN
1698645600,34401.90735644523,34679.81,34114.74,34413.51,69.653972862303,NaN,NaN
1698667200,34407.70867822261,34856,34062.84,34458.7825,70.2545843448303,NaN,NaN
1698688800,34433.245589111306,34569.68,34264.57,34404.192500000005,68.4941945105858,NaN,NaN
1698710400,34418.719044555655,34600,34166,34380.737499999996,67.70916020259202,NaN,NaN
1698732000,34399.728272277825,34535.75,34025,34332.807499999995,66.04336823502771,NaN,NaN
1698753600,34366.267886138914,34514,34130,34378.3225,66.87673893136133,NaN,NaN
1698775200,34372.295193069454,34720.49,34335.29,34519.1475,69.38065311048707,NaN,NaN
1698796800,34445.72134653473,34668.05,34333,34497.305,68.51552069996872,NaN,NaN
1698818400,34471.51317326736,34498.57,34316,34396.76,64.52685607361133,NaN,NaN
1698840000,34434.136586633686,35200,34097.39,34557.935,67.76630091893287,NaN,NaN
1698861600,34496.03579331684,35582,34432.76,34986.6175,74.44960579937975,NaN,NaN
1698883200,34741.32664665842,35984.99,34741.32664665842,35438.78,79.3200999987107,NaN,NaN
1698904800,35090.05332332921,35478.02,35063.25,35277.88,73.92021126681938,NaN,NaN
1698926400,35183.9666616646,35457.96,34300,34975.877499999995,64.97868505885413,NaN,NaN
1698948000,35079.9220808323,35097.19,34706.51,34879.3225,62.38063704213707,NaN,NaN
1698969600,34979.622290416155,34979.622290416155,34310,34684.7,57.39887903014544,NaN,NaN
1698991200,34832.161145208076,34832.161145208076,34120,34384.81,50.682373343578924,NaN,NaN
1699012800,34608.48557260404,34848.79,34150.68,34419.265,51.38621403908343,NaN,NaN
1699034400,34513.87528630202,34740,34351.18,34558.292499999996,54.225006473850726,NaN,NaN
1699056000,34536.08389315101,34786.68,34536.08389315101,34712.159999999996,57.203606790691126,NaN,NaN
1699077600,34624.1219465755,35000,34624.1219465755,34788.1225,58.63466570543531,NaN,NaN
1699099200,34706.12222328775,34803.97,34644,34730.3775,57.07232506638995,NaN,NaN
1699120800,34718.249861643875,35255,34708.54,34946.692500000005,61.2388576080976,NaN,NaN
1699142400,34832.47118082194,35305.75,34832.47118082194,35116.6975,64.1812937653747,NaN,NaN
1699164000,34974.58434041098,35188.68,34974.58434041098,35109.7125,63.96643551732233,NaN,NaN
1699185600,35042.148420205485,35278.54,34757.47,35047.225000000006,61.96785589400316,NaN,NaN
1699207200,35044.686710102746,35380,34448,34976.6975,59.700612653859174,NaN,NaN
1699228800,35010.69210505138,35118.71,34725.9,34916.167499999996,57.74778531267,NaN,NaN
1699250400,34963.42980252569,35276.33,34762.28,35019.807499999995,60.15126790161369,NaN,NaN
1699272000,34991.61865126284,35250,34900.43,35091.135,61.76334453094792,NaN,NaN
1699293600,35041.37682563142,35150,34810.64,34997.1,58.40855816161533,NaN,NaN
1699315200,35019.238412815714,35053.41,34790.64,34950.79,56.77307375419928,NaN,NaN
1699336800,34985.01420640785,34985.01420640785,34551,34766.9375,50.70313664571345,NaN,NaN
1699358400,34875.97585320393,34875.97585320393,34523.06,34714.9725,49.105072473657096,NaN,NaN
1699380000,34795.474176601965,35888,34795.474176601965,35244.0775,62.176806439989164,NaN,NaN
1699401600,35019.77583830098,35419.29,35019.77583830098,35327.1575,63.7511247327312,NaN,NaN
1699423200,35173.46666915049,35437.09,35167.78,35298.71,62.78743028446866,NaN,NaN
1699444800,35236.088334575245,35479.45,35100,35305.9925,62.94186896730655,NaN,NaN
1699466400,35271.04041728762,36106,35271.04041728762,35583.16,68.32918191249901,NaN,NaN
1699488000,35427.10020864381,36863.91,35427.10020864381,36149.880000000005,76.00896018347323,NaN,NaN
1699509600,35788.49010432191,36990,35788.49010432191,36718.1375,80.98739064056403,NaN,NaN
1699531200,36253.31380216095,37972.24,35600,36750.805,81.22854587696929,NaN,NaN
1699552800,36502.05940108048,36784.57,36139.57,36562.6275,75.30331161865062,NaN,NaN
1699574400,36532.34345054024,36919.06,36446.2,36705.215,76.69077980667994,NaN,NaN
1699596000,36618.77922527012,37147.2,36324.71,36824.375,77.81260293962228,NaN,NaN
1699617600,36721.57711263506,37455,36721.57711263506,37137.1425,80.46955971022527,NaN,NaN
1699639200,36929.35980631753,37526,36929.35980631753,37274.57,81.51690421377026,NaN,NaN
1699660800,37101.96490315876,37408.26,36900.1,37171.1575,78.12194436589088,NaN,NaN
1699682400,37136.56120157938,37136.56120157938,36910,37027.002499999995,73.52505871444453,NaN,NaN
1699704000,37081.78185078969,37274.3,36951.1,37080.975,74.13863643893926,NaN,NaN
1699725600,37081.37842539484,37175,36666.93,37020.479999999996,72.12106762927807,NaN,NaN
1699747200,37050.92921269742,37180,36731.1,37037.285,72.34620223843153,NaN,NaN
1699768800,37044.10710634871,37171.1,37026.69,37090.3375,73.08514399002655,NaN,NaN
1699790400,37067.222303174356,37222.22,36931.1,37071.3725,72.34097518873725,NaN,NaN
1699812000,37069.29740158717,37202.09,36938.23,37070.2825,72.29541228178226,NaN,NaN
1699833600,37069.78995079359,37417.99,36812.39,37052.8625,71.52012675361101,NaN,NaN
1699855200,37061.3262253968,37061.3262253968,36692.58,36867.3825,63.688602810721825,NaN,NaN
1699876800,36964.3543626984,37031.45,36534.04,36761.4,59.66808612895555,NaN,NaN
1699898400,36862.877181349206,36875,36333,36585.255,53.61060965081081,NaN,NaN
1699920000,36724.066090674605,36724.066090674605,36190.17,36477.722499999996,50.25636447860605,NaN,NaN
1699941600,36600.894295337304,36744,36236.36,36466.83,49.915679056703326,NaN,NaN
1699963200,36533.86214766865,36693.01,35889,36233.0675,43.15452569231815,NaN,NaN
1699984800,36383.46482383432,36383.46482383432,34800,35642.0075,31.52659800526014,NaN,NaN
1700006400,36012.73616191716,36012.73616191716,35360,35544.1625,30.081595521747857,NaN,NaN
1700028000,35778.44933095858,36278.62,35522.46,35910.5075,40.987714549356824,NaN,NaN
1700049600,35844.47841547929,36554.99,35844.47841547929,36322.332500000004,50.36130911794922,NaN,NaN
1700071200,36083.405457739645,37980,36083.405457739645,37194.8125,63.56532610004498,NaN,NaN
1700092800,36639.10897886982,37929.54,36639.10897886982,37637.6525,68.19041238102507,NaN,NaN
1700114400,37138.38073943491,37621.1,37121.09,37361.25,62.829390192015104,NaN,NaN
1700136000,37249.81536971746,37319.99,36256.15,36784.225,53.39226015148057,NaN,NaN
1700157600,37017.02018485873,37017.02018485873,35500,36093.85,44.734679682185565,NaN,NaN
1700179200,36555.43509242937,36673.69,36101.44,36323.552500000005,47.76933345239773,NaN,NaN
1700200800,36439.49379621469,36464,36121,36328.350000000006,47.83376223398928,NaN,NaN
1700222400,36383.92189810735,36800,35861.1,36383.4775,48.61809889875325,NaN,NaN
1700244000,36383.69969905367,36723.59,36227.87,36516.345,50.547986982165106,NaN,NaN
1700265600,36450.02234952684,36613.92,36303.98,36466.4525,49.79171119996531,NaN,NaN
1700287200,36458.237424763414,36538.61,36178.58,36363.5,48.18951678179797,NaN,NaN
1700308800,36410.86871238171,36845.49,36347.69,36553.9925,51.31136260259632,NaN,NaN
1700330400,36482.43060619086,36768,36443.1,36599.802500000005,52.05946963262828,NaN,NaN
1700352000,36541.11655309543,36573.44,36388.27,36510.195,50.427280741786085,NaN,NaN
1700373600,36525.65577654772,36716,36384.02,36516.1475,50.5382186972251,NaN,NaN
1700395200,36520.90163827386,36640,36385.7,36520.5925,50.62707399480541,NaN,NaN
1700416800,36520.74706913693,37500,36520.74706913693,37015.0975,59.3714446511301,NaN,NaN
1700438400,36767.92228456847,37382.68,36767.92228456847,37228.4275,62.460292435417074,NaN,NaN
1700460000,36998.17489228424,37420,36998.17489228424,37190.195,61.55704171888833,NaN,NaN
1700481600,37094.18494614212,37750,36677,37287.7925,63.02691752131804,NaN,NaN
1700503200,37190.98872307106,37746,37190.98872307106,37510.6325,66.2042660951573,NaN,NaN
1700524800,37350.81061153553,37649.44,37304.72,37439.71000000001,64.3100326425864,NaN,NaN
1700546400,37395.26030576777,37418,37150,37274.7175,60.0084822073444,NaN,NaN
1700568000,37334.98890288388,37500,36250,36956.74,52.6933974715976,NaN,NaN
1700589600,37145.86445144194,37170,35735,36387.159999999996,42.66144801853818,NaN,NaN
1700611200,36766.51222572097,36766.51222572097,35632.01,36053.1225,38.08236777860669,NaN,NaN
1700632800,36409.817362860485,36773.53,36358.99,36488.85999999999,46.195290651916025,NaN,NaN
1700654400,36449.338681430236,36650,36239.2,36484.9725,46.13720826344166,NaN,NaN
1700676000,36467.15559071512,37861.1,36467.15559071512,37104.6925,55.699557863229586,NaN,NaN
1700697600,36785.92404535756,37535.1,36785.92404535756,37376.64,59.12857590539341,NaN,NaN
1700719200,37081.28202267878,37653.44,37081.28202267878,37376.625,59.128304043708816,NaN,NaN
1700740800,37228.953511339394,37530,36870,37234.945,56.48651962861602,NaN,NaN
1700762400,37231.94925566969,37385,37163.55,37253.149999999994,56.75389155359113,NaN,NaN
1700784000,37242.549627834844,37494.57,37242.549627834844,37366.4975,58.46513096127006,NaN,NaN
1700805600,37304.52356391742,38035.46,37304.52356391742,37639.7775,62.334887118039994,NaN,NaN
1700827200,37472.15053195871,38414,37472.15053195871,37889.0775,65.49332926996311,NaN,NaN
1700848800,37680.61401597936,37943.6,37570.52,37769.4225,62.77252975871101,NaN,NaN
1700870400,37725.01825798968,37839.44,37676.03,37760.4525,62.56270281678585,NaN,NaN
1700892000,37742.73537899484,37828.93,37591.1,37721.3275,61.59556655944843,NaN,NaN
1700913600,37732.03143949742,37796.79,37620,37708.6675,61.265537298079224,NaN,NaN
1700935200,37720.34946974871,37888,37711.76,37786.45,62.591720736708794,NaN,NaN
1700956800,37753.39973487436,37784.63,37662.18,37750.17249999999,61.533544192284495,NaN,NaN
1700978400,37751.78611743718,37814.63,37666.8,37733.490000000005,61.02263856292189,NaN,NaN
1701000000,37742.63805871859,37742.63805871859,37150,37445.957500000004,52.87405917950996,NaN,NaN
1701021600,37594.2977793593,37748,37163.72,37408.59,51.904032224484894,NaN,NaN
1701043200,37501.44388967965,37569.23,37200,37380.7425,51.150899911427096,NaN,NaN
1701064800,37441.09319483982,37466,36900,37177.067500000005,45.9044973047014,NaN,NaN
1701086400,37309.08034741991,37309.08034741991,36707,36952.5,40.92085464747455,NaN,NaN
1701108000,37130.79017370996,37284,36787.92,37059.56,44.039991627391245,NaN,NaN
1701129600,37095.17508685498,37343.57,36868.41,37092.11,44.99090979100698,NaN,NaN
1701151200,37093.642543427486,37262.02,36893.08,37080.0675,44.6883508124504,NaN,NaN
1701172800,37086.85502171374,38240,37086.85502171374,37711.2475,59.906973973027554,NaN,NaN
1701194400,37399.05126085687,38377,37399.05126085687,38019.3975,64.97389593539533,NaN,NaN
1701216000,37709.22438042844,38093.72,37677.96,37906.5725,61.889837653607124,NaN,NaN
1701237600,37807.89844021422,38450,37807.89844021422,38117.135,65.20887758623815,NaN,NaN
1701259200,37962.516720107116,38280,37570,37932.915,60.263847195285244,NaN,NaN
1701280800,37947.71586005356,37947.71586005356,37580.85,37786.315,56.58632259223499,NaN,NaN
1701302400,37867.01543002678,38145.85,37686.84,37893.2425,58.57210529514872,NaN,NaN
1701324000,37880.12896501339,37950,37553.6,37818.595,56.62485061742945,NaN,NaN
1701345600,37849.3619825067,37966.94,37500,37773.2375,55.41922927301355,NaN,NaN
1701367200,37811.29974125335,37811.29974125335,37604,37719.7025,53.958934255814675,NaN,NaN
1701388800,37765.50112062668,38243.3,37615.86,37925.9925,58.497130750652694,NaN,NaN
1701410400,37845.74681031334,38833,37845.74681031334,38401.0275,66.64932731468994,NaN,NaN
1701432000,38123.38715515667,38999,38123.38715515667,38649.295,69.9693441288454,NaN,NaN
1701453600,38386.341077578334,38920,38386.341077578334,38756.7875,71.30144962798853,NaN,NaN
1701475200,38571.564288789166,38821.59,38571.564288789166,38723.93,70.27528403273575,NaN,NaN
1701496800,38647.74714439458,38826.94,38647.74714439458,38742.052500000005,70.52723052292424,NaN,NaN
1701518400,38694.899822197294,38869.36,38694.899822197294,38777.015,71.0372646420729,NaN,NaN
1701540000,38735.95741109864,39717.14,38735.95741109864,39184.395,76.20446853954309,NaN,NaN
1701561600,38960.17620554932,39555.53,38960.17620554932,39425.880000000005,78.63747743386764,NaN,NaN
1701583200,39193.02810277466,39544,39193.02810277466,39453.927500000005,78.9072330667444,NaN,NaN
1701604800,39323.47780138733,39841.1,39323.47780138733,39557.207500000004,79.91309366899677,NaN,NaN
1701626400,39440.34265069367,40250,39430.01,39794.7425,82.0350057753204,NaN,NaN
1701648000,39617.54257534683,41531,39617.54257534683,40743.880000000005,87.64927285517071,NaN,NaN
1701669600,40180.71128767342,42154.83,40180.71128767342,41639.815,90.6269571121095,NaN,NaN
1701691200,40910.26314383671,41914.16,40910.26314383671,41567.425,88.76481119812645,NaN,NaN
1701712800,41238.844071918356,42420,41238.844071918356,41884.77,89.75830657055226,NaN,NaN
1701734400,41561.80703595918,41991.1,41561.80703595918,41878.875,89.59980652978223,NaN,NaN
1701756000,41720.34101797959,41919.08,41414,41742.5675,85.82587851565336,NaN,NaN
1701777600,41731.45425898979,43990,41694,42696.99,89.24253956943583,NaN,NaN
1701799200,42214.2221294949,44488,42214.2221294949,43813.7975,91.74888409919521,NaN,NaN
1701820800,43014.00981474745,44146.08,43014.00981474745,43860.315,91.8342238190317,NaN,NaN
1701842400,43437.162407373726,44297.21,43335.28,43787.0075,90.25005046277495,NaN,NaN
1701864000,43612.08495368686,44279.98,43612.08495368686,43950.512500000004,90.637964710549,NaN,NaN
1701885600,43781.29872684344,44120,43600.78,43861.15,88.5640084944307,NaN,NaN
1701907200,43821.224363421716,44047.33,43710,43881.817500000005,88.62881409181077,NaN,NaN
1701928800,43851.52093171086,44030.01,42821.1,43511.595,79.89474804116337,NaN,NaN
1701950400,43681.557965855434,43925,42955,43371.7625,76.81566552431549,NaN,NaN
1701972000,43526.660232927716,43526.660232927716,43058.42,43302.06,75.25867987916571,NaN,NaN
1701993600,43414.36011646385,43550,43261.1,43376.5375,75.82258507115996,NaN,NaN
1702015200,43395.44880823193,43729.73,43081.1,43471.64000000001,76.55733857651572,NaN,NaN
1702036800,43433.544404115964,44030.16,43433.544404115964,43718.205,78.39088909177872,NaN,NaN
1702058400,43575.87470205798,44700,43575.87470205798,44085.4525,80.79971662133056,NaN,NaN
1702080000,43830.663601028995,44358.02,43830.663601028995,44211.905,81.56186419610626,NaN,NaN
1702101600,44021.2843005145,44332.64,43720,44036.247500000005,76.99003584727268,NaN,NaN
1702123200,44028.76590025725,44136.52,43741.52,43896.712499999994,73.46716132371674,NaN,NaN
1702144800,43962.73920012862,44084.55,43584.51,43818.530000000006,71.49320075027427,NaN,NaN
1702166400,43890.63460006431,43965,43672,43808.7475,71.23529239481388,NaN,NaN
1702188000,43849.691050032154,44049,43603.88,43818.825,71.34995284591636,NaN,NaN
1702209600,43834.258025016075,43973.76,43731.84,43816.18,71.26965278435915,NaN,NaN
1702231200,43825.21901250804,44046,43563,43804.89750000001,70.90308720489227,NaN,NaN
1702252800,43815.05825625402,43815.05825625402,40400,42511.8525,43.37098762939733,NaN,NaN
1702274400,43163.45537812701,43163.45537812701,41716.68,42148.8,38.813763226031746,NaN,NaN
1702296000,42656.127689063505,42656.127689063505,41291.1,41843.315,35.43939449856157,NaN,NaN
1702317600,42249.721344531754,42249.721344531754,40222,41043.3,28.46107295370389,NaN,NaN
1702339200,41646.51067226588,41938.8,41178.28,41484.12,35.94555575690853,NaN,NaN
1702360800,41565.315336132946,42104.12,41401.92,41664.1525,38.76332410234966,NaN,NaN
1702382400,41614.73391806647,42070.23,40700,41264.45,35.074267920371796,NaN,NaN
1702404000,41439.591959033234,41555,40680,41107.595,33.718129809089746,NaN,NaN
1702425600,41273.59347951662,41506,40555,41143.26,34.33978015991731,NaN,NaN
1702447200,41208.42673975831,41280,40800,41026.085,33.236848302126575,NaN,NaN
1702468800,41117.255869879154,42215.63,40984,41580.73,42.629805001920396,NaN,NaN
1702490400,41348.99293493958,43475.2,41348.99293493958,42612.75749999999,55.24667545511746,NaN,NaN
1702512000,41980.87521746979,42948.55,41980.87521746979,42818.7525,57.26681190508146,NaN,NaN
1702533600,42399.813858734895,43311.1,42399.813858734895,43017.96,59.18549658695324,NaN,NaN
1702555200,42708.88692936745,43420,41400,42822.3125,56.502269041854696,NaN,NaN
1702576800,42765.599714683725,43208.68,42765.599714683725,43059.93,58.9371625221794,NaN,NaN
1702598400,42912.76485734186,43080.81,42479.14,42793.71,55.208394045458746,NaN,NaN
1702620000,42853.23742867093,43026.33,42515.94,42727.73,54.29161376882588,NaN,NaN
1702641600,42790.48371433547,42790.48371433547,41666,42271.085,48.31208442223786,NaN,NaN
1702663200,42530.78435716774,42530.78435716774,41832.28,41972.915,44.83941004476116,NaN,NaN
1702684800,42251.849678583865,42410.99,41605,42055.5925,45.99851317492997,NaN,NaN
1702706400,42153.72108929193,42339.55,42097.18,42258.7025,48.842522100918515,NaN,NaN
1702728000,42206.21179464596,42724.43,42206.21179464596,42451.58,51.457010400992296,NaN,NaN
1702749600,42328.89589732298,42520.01,42118.45,42355.8425,50.08864508041874,NaN,NaN
1702771200,42342.36919866149,42342.36919866149,41771.62,42062.78999999999,46.05171396799661,NaN,NaN
1702792800,42202.57959933074,42202.57959933074,41661.36,41890.5325,43.816264795735364,NaN,NaN
1702814400,42046.55604966537,42424.07,41510,41996.3775,45.56480520410579,NaN,NaN
1702836000,42021.46677483269,42237.48,41252,41738.8775,42.129663737860575,NaN,NaN
1702857600,41880.172137416346,41880.172137416346,40801,41162.479999999996,35.65060961293888,NaN,NaN
1702879200,41521.32606870817,41521.32606870817,40542.93,40991.1575,33.97798591648532,NaN,NaN
1702900800,41256.24178435409,41750,40888,41282.0325,39.19417301528271,NaN,NaN
1702922400,41269.137142177045,42757.81,41269.137142177045,42034.1125,50.15882787451288,NaN,NaN
1702944000,41651.624821088524,43497,41651.624821088524,42920.317500000005,59.43999522189067,NaN,NaN
1702965600,42285.971160544264,43268.74,42285.971160544264,43004.72749999999,60.20021552519593,NaN,NaN
1702987200,42645.34933027213,43041.1,41834.87,42426.5325,52.88778193374856,NaN,NaN
1703008800,42535.94091513607,42535.94091513607,41811.1,42117.4575,49.43125641361195,NaN,NaN
1703030400,42326.69920756803,42880.08,42206,42517.81,53.65636486265626,NaN,NaN
1703052000,42422.254603784015,43041,42422.254603784015,42812.1725,56.532100583791774,NaN,NaN
1703073600,42617.21355189201,44283,42617.21355189201,43475.3875,62.22028984692355,NaN,NaN
1703095200,43046.300525946004,44250,43046.300525946004,43786.47749999999,64.56279846547972,NaN,NaN
1703116800,43416.389012973,43731.08,43286.72,43549.457500000004,61.437169650665695,NaN,NaN
1703138400,43482.9232564865,44100,43476.35,43754.765,63.10343989200309,NaN,NaN
1703160000,43618.84412824325,44242.35,43370.4,43748.3625,63.01200135562685,NaN,NaN
1703181600,43683.603314121625,44119.2,43411.1,43710.302500000005,62.432848420832556,NaN,NaN
1703203200,43696.95290706081,44251,43696.95290706081,43993.3125,65.00829625306997,NaN,NaN
1703224800,43845.132703530406,44398.26,43463,43938.302500000005,64.08858871662818,NaN,NaN
1703246400,43891.71760176521,43891.71760176521,43412.54,43665.6975,59.589471092037435,NaN,NaN
1703268000,43778.70755088261,44048.16,43613.02,43829.277500000004,61.343165809704374,NaN,NaN
1703289600,43803.99252544131,43988.68,43291.1,43713.6975,59.382274783228226,NaN,NaN
1703311200,43758.84501272066,43758.84501272066,43490.01,43578.41,57.082171059415764,NaN,NaN
1703332800,43668.62750636033,43856,43547.77,43674.6075,58.3184742672122,NaN,NaN
1703354400,43671.61750318017,43850,43632.77,43732.9525,59.088242405317,NaN,NaN
1703376000,43702.285001590084,43946,43420.01,43639.5425,57.26485520644616,NaN,NaN
1703397600,43670.91375079504,43694.72,43401,43554.9825,55.59241852861459,NaN,NaN
1703419200,43612.948125397525,43864.08,43550,43668.975,57.39867976678671,NaN,NaN
1703440800,43640.961562698765,43678,42500,43199.28,48.62284993258921,NaN,NaN
1703462400,43420.12078134938,43420.12078134938,42720.43,43050.659999999996,46.215074646610105,NaN,NaN
1703484000,43235.390390674685,43335.13,43045.43,43197.417499999996,48.90571469425852,NaN,NaN
1703505600,43216.40394533734,43802.32,43080.01,43401.9125,52.473494070968016,NaN,NaN
1703527200,43309.15822266867,43720.96,43309.15822266867,43544.86,54.84700262516232,NaN,NaN
1703548800,43427.00911133434,43592.68,42650,43145.9125,47.688926286088126,NaN,NaN
1703570400,43286.46080566717,43286.46080566717,42150,42609.3625,40.107540559788994,NaN,NaN
1703592000,42947.91165283359,42947.91165283359,41637.6,42290.2075,36.40059918120802,NaN,NaN
1703613600,42619.059576416796,42619.059576416796,41832.42,42235.81,35.79336778067507,NaN,NaN
1703635200,42427.4347882084,42541.1,42098.69,42400.7475,39.11014121053929,NaN,NaN
1703656800,42414.0911441042,43220,42394.4,42771.947499999995,45.88536842429311,NaN,NaN
1703678400,42593.019322052096,43191.1,42593.019322052096,42984.549999999996,49.36081553007399,NaN,NaN
1703700000,42788.784661026046,43677,42788.784661026046,43264.15,53.582904867517904,NaN,NaN
1703721600,43026.46733051303,43787.57,43026.46733051303,43394.83,55.45238897126064,NaN,NaN
1703743200,43210.648665256515,43222.01,42794.11,43074.525,50.12363517936698,NaN,NaN
1703764800,43142.58683262826,43142.58683262826,42241.79,42741.600000000006,45.25568717114945,NaN,NaN
1703786400,42942.093416314136,42942.093416314136,42334.99,42546.082500000004,42.636827864671474,NaN,NaN
1703808000,42744.08795815707,42800,42088.92,42532.5975,42.454349578240205,NaN,NaN
1703829600,42638.34272907853,42934,42222,42673.93,45.106062268115394,NaN,NaN
1703851200,42656.13636453927,43111,41650,42357.3575,40.59384520740556,NaN,NaN
1703872800,42506.746932269634,42506.746932269634,41300,41853.3425,34.65063343611072,NaN,NaN
1703894400,42180.04471613481,42209.22,41820,42050.04,38.438628157573014,NaN,NaN
1703916000,42115.04235806741,42160,41520.3,41919.567500000005,36.91028725811515,NaN,NaN
1703937600,42017.30492903371,42612.32,41882.71,42219.4975,42.56386264862654,NaN,NaN
1703959200,42118.40121451685,42515.26,42079.97,42306.1275,44.1214166587067,NaN,NaN
1703980800,42212.26435725843,42433.49,41965.84,42184.405,42.382296428261085,NaN,NaN
1704002400,42198.33467862921,42899,42192,42451.84,47.29751997840177,NaN,NaN
1704024000,42325.0873393146,42700,42325.0873393146,42546.8375,48.96304328915837,NaN,NaN
1704045600,42435.9624196573,42719.8,42056,42418.905,46.81729216753744,NaN,NaN
1704067200,42427.43370982865,42775,42180.77,42368.340000000004,45.95996915476269,NaN,NaN
1704088800,42397.88685491432,42762.39,42208.68,42473.81999999999,48.095226778042,NaN,NaN
1704110400,42435.85342745716,42856,42435.85342745716,42734.72749999999,53.03812066088976,NaN,NaN
1704132000,42585.290463728576,44184.1,42585.290463728576,43497.265,63.86803259189196,NaN,NaN
1704153600,43041.27773186429,45500,43041.27773186429,44751.842500000006,74.34905753915251,NaN,NaN
1704175200,43896.56011593215,45879.63,43896.56011593215,45405.774999999994,77.94091966686254,NaN,NaN
1704196800,44651.16755796607,45800,44651.16755796607,45258.3675,75.37858613022904,NaN,NaN
1704218400,44954.76752898304,45297.26,44600,44952.582500000004,70.22131047213489,NaN,NaN
1704240000,44953.67501449152,45410.91,44862.11,45098.015,71.22951695814234,NaN,NaN
1704261600,45025.84500724576,45500,43500,44468.75,61.52348679985323,NaN,NaN
1704283200,44747.29750362288,44747.29750362288,40750,42768.7225,44.057056113103435,NaN,NaN
1704304800,43758.010001811446,43758.010001811446,42000,42700.3075,43.52157044695864,NaN,NaN
1704326400,43229.15875090573,43273.08,42613.77,42978.954999999994,46.38012619571229,NaN,NaN
1704348000,43104.056875452865,43261.64,42616.28,43059.495,47.2117793429151,NaN,NaN
1704369600,43081.77593772643,44329.99,43081.77593772643,43648.3475,52.9568152126887,NaN,NaN
1704391200,43365.06171886322,44729.58,43365.06171886322,44188,57.51966344341355,NaN,NaN
1704412800,43776.53085943161,44284,42450,43632.3125,51.93379753289654,NaN,NaN
1704434400,43704.4216797158,44324.8,43433,43793.325000000004,53.347514927119335,NaN,NaN
1704456000,43748.873339857906,44110.07,43100,43647.735,51.86216071242381,NaN,NaN
1704477600,43698.30416992895,44357.46,43418,43882.52249999999,54.08251384599613,NaN,NaN
1704499200,43790.41333496447,44214.42,43588,43911.565,54.36292608189575,NaN,NaN
1704520800,43850.989167482236,43850.989167482236,43397.05,43634.707500000004,51.1557674648155,NaN,NaN
1704542400,43742.848333741116,44000,43527.27,43790.74,52.844246831986084,NaN,NaN
1704564000,43766.79416687056,44148.58,43611.19,43922.955,54.28629328713007,NaN,NaN
1704585600,43844.87458343528,44259.29,43833.4,43986.62,54.99990617086451,NaN,NaN
1704607200,43915.74729171764,44167.81,43858,43993.0975,55.076744661609254,NaN,NaN
1704628800,43954.422395858826,44480.59,43700,44076.6325,56.11739199484474,NaN,NaN
1704650400,44015.52744792942,44269.92,43572.09,43958.965,54.21235521813805,NaN,NaN
1704672000,43987.24622396471,43987.24622396471,43175,43682.9375,49.93031538429184,NaN,NaN
1704693600,43835.09186198235,44688,43584.87,44137.649999999994,56.084114266220595,NaN,NaN
1704715200,43986.37093099117,45668.88,43986.37093099117,45075.72,65.50356699160528,NaN,NaN
1704736800,44531.04546549558,47248.99,44531.04546549558,46374.01,73.86014317856501,NaN,NaN
1704758400,45452.527732747796,47150,45452.527732747796,46761.427500000005,75.74810041693686,NaN,NaN
1704780000,46106.9776163739,46931.7,46106.9776163739,46660.862499999996,74.24899614307489,NaN,NaN
1704801600,46383.92005818695,47051.21,45450,46458.299999999996,71.19272023975135,NaN,NaN
1704823200,46421.11002909347,47972,44748.67,46386.667499999996,70.09392170005563,NaN,NaN
1704844800,46403.88876454673,46403.88876454673,45622,45989.2825,64.17634980868459,NaN,NaN
1704866400,46196.58563227337,46196.58563227337,45000,45639.432499999995,59.42023184745427,NaN,NaN
1704888000,45918.009066136685,46449,44300.36,45666.7825,59.671852344499314,NaN,NaN
1704909600,45792.39578306834,47695.93,44800,46387.95,65.70957100449017,NaN,NaN
1704931200,46090.17289153417,46750,45896.23,46342.5575,65.04942394717958,NaN,NaN
1704952800,46216.36519576708,47150,45618.1,46474.525,66.11524425256667,NaN,NaN
1704974400,46345.44509788354,48969.48,45606.06,47033.167499999996,70.25099003373391,NaN,NaN
1704996000,46689.30629894177,46975,46084.69,46473.997500000005,62.082974311699815,NaN,NaN
1705017600,46581.65189947089,46581.65189947089,45858,46226.675,58.82512194230063,NaN,NaN
1705039200,46404.163449735446,46404.163449735446,45537.37,46012.9325,56.085916256335665,NaN,NaN
1705060800,46208.547974867724,46208.547974867724,43212,44769.835,43.42194145923248,NaN,NaN
1705082400,45489.19148743386,45489.19148743386,41500,43016.9525,32.33481702713749,NaN,NaN
1705104000,44253.071993716934,44253.071993716934,42436.12,42864.487499999996,31.57952090076877,NaN,NaN
1705125600,43558.77974685846,43558.77974685846,42509.11,42872.28999999999,31.667488458685284,NaN,NaN
1705147200,43215.53487342923,43257,42505,42821.08500000001,31.38233089308426,NaN,NaN
1705168800,43018.30993671462,43040.01,42699.52,42871.61749999999,32.03278083093336,NaN,NaN
1705190400,42944.96371835731,42944.96371835731,42562.56,42762.6925,31.34307952683369,NaN,NaN
1705212000,42853.82810917865,43079,42749.99,42852.24249999999,32.62739713252914,NaN,NaN
1705233600,42853.03530458932,43010.84,42710,42881.024999999994,33.06082425356945,NaN,NaN
1705255200,42867.030152294654,43003.99,41720,42357.4025,29.36026624519573,NaN,NaN
1705276800,42612.216326147325,42824.68,41718.05,42253.7325,28.675897694583497,NaN,NaN
1705298400,42432.974413073665,42797.06,42432.974413073665,42687.01,35.448197130616805,NaN,NaN
1705320000,42559.99220653683,42958.03,42163.32,42628.9825,34.96930331928907,NaN,NaN
1705341600,42594.487353268414,43400.43,42342.18,42737.57,36.69287102671941,NaN,NaN
1705363200,42666.0286766342,42946.05,42466.88,42674.4625,36.09413904929029,NaN,NaN
1705384800,42670.245588317106,43153.66,42606.92,42858.735,39.213202832430675,NaN,NaN
1705406400,42764.49029415855,43434,42050,42859.0725,39.2190540864578,NaN,NaN
1705428000,42811.78139707928,43578.01,42811.78139707928,43150.4975,44.212647249841005,NaN,NaN
1705449600,42981.13944853964,43198,42765.41,42971.185,41.92999897492087,NaN,NaN
1705471200,42976.16222426982,42976.16222426982,42564,42725.9725,38.96716058858525,NaN,NaN
1705492800,42851.06736213491,42926.02,42200.69,42544.4925,36.88958094397907,NaN,NaN
1705514400,42697.77993106746,42876.48,42278.98,42575.665,37.50592794964678,NaN,NaN
1705536000,42636.722465533734,42784.99,42502.19,42709.034999999996,40.19695892353474,NaN,NaN
1705557600,42672.87873276687,42930,42387.68,42658.7825,39.50666438053204,NaN,NaN
1705579200,42665.830616383435,42810,41500,42167.8275,33.46094314082238,NaN,NaN
1705600800,42416.82905819172,42416.82905819172,40683.28,41435.89,26.86128384305013,NaN,NaN
1705622400,41926.35952909586,41926.35952909586,40752.26,41165.315,24.905683290204323,NaN,NaN
1705644000,41545.83726454793,41576,41143.33,41351.302500000005,28.745801703373544,NaN,NaN
1705665600,41448.569882273965,41488.2,40280,41120.785,26.909088448457027,NaN,NaN
1705687200,41284.677441136984,42196.86,41006.61,41525.5175,34.787629206526844,NaN,NaN
1705708800,41405.09747056849,41700,41405.09747056849,41610.74,36.34357871926112,NaN,NaN
1705730400,41507.91873528424,41774,41459.02,41610.36749999999,36.339497394834446,NaN,NaN
1705752000,41559.14311764212,41700,41478,41587.4825,36.07148996529636,NaN,NaN
1705773600,41573.31280882106,41872.56,41526.36,41671.515,37.88307577825391,NaN,NaN
1705795200,41622.413904410525,41730,41622.413904410525,41670.745,37.872485283284696,NaN,NaN
1705816800,41646.57945220526,41826.97,41564.29,41684.9025,38.21449477281996,NaN,NaN
1705838400,41665.74097610263,41881.39,41525,41701.0725,38.63003985755659,NaN,NaN
1705860000,41683.406738051315,41811.1,41500.98,41642.600000000006,37.64409033665132,NaN,NaN
1705881600,41663.00336902566,41689.65,40684,41273.1075,32.073354587197585,NaN,NaN
1705903200,41468.05543451283,41468.05543451283,40364.63,40910.064999999995,27.731064638876262,NaN,NaN
1705924800,41189.06021725641,41244.06,40350,40779.494999999995,26.349360280097557,NaN,NaN
1705946400,40984.2776086282,40984.2776086282,39431.58,40126.9,20.77723008927272,NaN,NaN
1705968000,40555.5888043141,40555.5888043141,39511.1,39831.299999999996,18.834345176505167,NaN,NaN
1705989600,40193.44440215705,40193.44440215705,38657,39425.2575,16.545617351532016,NaN,NaN
1706011200,39809.35095107852,39809.35095107852,38555,39108.435,15.012658694895535,NaN,NaN
1706032800,39458.89297553926,39907.23,38981.1,39546.2025,25.309937504369458,NaN,NaN
1706054400,39502.54773776963,40250,39502.54773776963,39875.8625,31.992351928139655,NaN,NaN
1706076000,39689.20511888481,40555,39661.91,40056.275,35.39875864178279,NaN,NaN
1706097600,39872.74005944241,40298.86,39766,40104.045,36.30844957301694,NaN,NaN
1706119200,39988.392529721204,40175.11,39484.19,39971.54,34.84280773161525,NaN,NaN
1706140800,39979.9662648606,40178.84,39792.01,39983.0525,35.08797774454321,NaN,NaN
1706162400,39981.509382430304,40300.24,39876.46,40057.81,36.75223321691815,NaN,NaN
1706184000,40019.65969121515,40283.82,39550,39953.7625,35.39215638655939,NaN,NaN
1706205600,39986.71109560758,40044.91,39637.99,39861.7875,34.187749977411386,NaN,NaN
1706227200,39924.24929780379,40245,39822.52,40032.752499999995,38.38508816418752,NaN,NaN
1706248800,39978.5008989019,41348.13,39896.84,40659.222499999996,50.77414494764511,NaN,NaN
1706270400,40318.86169945095,42010.02,40318.86169945095,41532.3,62.185717129949175,NaN,NaN
1706292000,40925.58084972548,42246.82,40925.58084972548,41946.38,66.18908318282266,NaN,NaN
1706313600,41435.98042486273,41933.17,41435.98042486273,41806.79,63.73927930274363,NaN,NaN
1706335200,41621.38521243137,41812,41394.34,41682.515,61.554930708933846,NaN,NaN
1706356800,41651.950106215685,41895.74,41651.950106215685,41787.56,62.717960288610755,NaN,NaN
1706378400,41719.755053107845,42200,41719.755053107845,41961.2925,64.62407187989734,NaN,NaN
1706400000,41840.52377655392,42842.68,41840.52377655392,42362.6875,68.61640621709279,NaN,NaN
1706421600,42101.60563827696,42698,42101.60563827696,42506.5225,69.92614724752153,NaN,NaN
1706443200,42304.064069138476,42544,42100,42321.037500000006,66.09540503420749,NaN,NaN
1706464800,42312.55078456924,42312.55078456924,41620.81,41997.6075,59.930229353770606,NaN,NaN
1706486400,42155.07914228462,42504,41874.94,42138.555,61.610756388198816,NaN,NaN
1706508000,42146.817071142315,42381.1,41961.1,42183.345,62.1539536009674,NaN,NaN
1706529600,42165.08103557116,43313.8,41804.88,42590.55,66.75904442904348,NaN,NaN
1706551200,42377.81551778558,43333,42377.81551778558,43128.994999999995,71.66818058696336,NaN,NaN
1706572800,42753.40525889279,43787.35,42753.40525889279,43397.25,73.74826406887709,NaN,NaN
1706594400,43075.327629446394,43564.85,43075.327629446394,43420.845,73.92956971918908,NaN,NaN
1706616000,43248.0863147232,43882.36,43114.13,43483.1375,74.43163107954794,NaN,NaN
1706637600,43365.6119073616,43760,42683.99,43195.85,67.9339127501674,NaN,NaN
1706659200,43280.7309536808,43280.7309536808,42655.07,42920.985,62.32767315253883,NaN,NaN
1706680800,43100.8579768404,43100.8579768404,42355,42768.520000000004,59.3994584940585,NaN,NaN
1706702400,42934.6889884202,43745.1,42521.31,43157.3575,64.0395806270163,NaN,NaN
1706724000,43046.0232442101,43745.11,42276.84,43079.2475,62.49446036709465,NaN,NaN
1706745600,43062.63537210505,43062.63537210505,41884.28,42327.1025,49.98742928717926,NaN,NaN
1706767200,42694.868936052524,42694.868936052524,42026.52,42150.409999999996,47.578496689027126,NaN,NaN
1706788800,42422.63946802626,43169.23,41944.89,42531.41,52.85439703546449,NaN,NaN
1706810400,42477.02473401313,43285.13,42477.02473401313,43015.97,58.56592177830741,NaN,NaN
1706832000,42746.49736700657,43432.63,42746.49736700657,43140.814999999995,59.91338983079014,NaN,NaN
1706853600,42943.65618350328,43271.1,42941.1,43116.1475,59.501644737225,NaN,NaN
1706875200,43029.901841751634,43488,42546.79,43035.42,58.09455745386412,NaN,NaN
1706896800,43032.66092087582,43238.01,42783.09,43044.8925,58.21940914775434,NaN,NaN
1706918400,43038.77671043791,43380.01,43038.77671043791,43211.085,60.44602662993513,NaN,NaN
1706940000,43124.930855218954,43168.82,42973.66,43076.575000000004,57.76286049266921,NaN,NaN
1706961600,43100.75292760948,43270,42880,43093.762500000004,58.019292587729275,NaN,NaN
1706983200,43097.25771380474,43243.52,42953.33,43109.485,58.26888503899383,NaN,NaN
1707004800,43103.37135690237,43103.37135690237,42862.51,42958.695,54.89778137023714,NaN,NaN
1707026400,43031.03317845118,43119.04,42720.07,42947.9,54.6540046786971,NaN,NaN
1707048000,42989.46658922559,43115.76,42841.1,42979.100000000006,55.27220819897068,NaN,NaN
1707069600,42984.2832946128,42985.73,42222,42672.512500000004,48.30345247768874,NaN,NaN
1707091200,42828.3978973064,42828.3978973064,42258.1,42610.805,47.018504836285075,NaN,NaN
1707112800,42719.6014486532,43268.98,42697.52,42984.455,54.85049248831988,NaN,NaN
1707134400,42852.0282243266,43569.76,42501,42996.445,55.0799629395936,NaN,NaN
1707156000,42924.236612163295,42924.236612163295,42330.52,42657.455,47.69867047469543,NaN,NaN
1707177600,42790.84580608165,42960.01,42574,42756.9975,49.825009045618636,NaN,NaN
1707199200,42773.92165304082,43119.9,42667,42849.7825,51.792393211856066,NaN,NaN
1707220800,42811.852076520416,43399.98,42658,43016.4,55.19022705274573,NaN,NaN
1707242400,42914.126038260205,43322,42914.126038260205,43150.405,57.76838392347998,NaN,NaN
1707264000,43032.2655191301,43192,42788,43027.02,54.650521473200484,NaN,NaN
1707285600,43029.642759565046,43200,42838.01,42998.855,53.93492387055839,NaN,NaN
1707307200,43014.24887978252,43710,42890.51,43257.175,59.21034956072932,NaN,NaN
1707328800,43135.71193989126,44396.5,43135.71193989126,43919.277500000004,69.00740450706505,NaN,NaN
1707350400,43527.49471994564,44780,43527.49471994564,44503.4,74.76576764205777,NaN,NaN
1707372000,44015.44735997282,44885,44015.44735997282,44640.9675,75.90137939469021,NaN,NaN
1707393600,44328.20742998641,45498,44328.20742998641,44961.375,78.34568620797013,NaN,NaN
1707415200,44644.79121499321,45614.3,44644.79121499321,45234.1475,80.1880420876141,NaN,NaN
1707436800,44939.46935749661,46384.27,44939.46935749661,45795.549999999996,83.33135634661011,NaN,NaN
1707458400,45367.509678748305,47299.88,45367.509678748305,46719.805,86.99078738473568,NaN,NaN
1707480000,46043.65733937416,47719.44,46043.65733937416,47300.9225,88.67436348914423,NaN,NaN
1707501600,46672.28991968708,48200,46672.28991968708,47505.23249999999,89.20339240622366,NaN,NaN
1707523200,47088.761209843535,47504,47044.88,47252.1225,83.97043092788904,NaN,NaN
1707544800,47170.441854921766,47352.98,46800,47165.45,82.19233900295538,NaN,NaN
1707566400,47167.94592746088,47378.41,47105.44,47215.58500000001,82.42417871812833,NaN,NaN
1707588000,47191.765463730444,48170,47182.31,47574.972499999996,84.02931237812899,NaN,NaN
1707609600,47383.36898186522,48592.66,47383.36898186522,48031.40000000001,85.80266798247244,NaN,NaN
1707631200,47707.384490932614,48438.81,47707.384490932614,48249.38999999999,86.56968979100031,NaN,NaN
1707652800,47978.38724546631,48469.07,47931.82,48276.15,86.66493221111867,NaN,NaN
1707674400,48127.26862273316,48388,47971.18,48237.795,85.72654888932527,NaN,NaN
1707696000,48182.53181136658,48826.81,48009.52,48302.377499999995,86.00140095295889,NaN,NaN
1707717600,48242.45465568329,48382.27,47710.01,48017.1225,78.78506102985673,NaN,NaN
1707739200,48129.78857784164,50334.82,47841,48983.335,83.75678947091616,NaN,NaN
1707760800,48556.56178892082,50271.02,48556.56178892082,49885.695,86.85504124715472,NaN,NaN
1707782400,49221.12839446041,50368.61,49221.12839446041,50015.055,87.23105582035818,NaN,NaN
1707804000,49618.09169723021,50247,49618.09169723021,49983.7775,86.58612893411865,NaN,NaN
1707825600,49800.9345986151,49996,48300.95,49282.315,73.46741602574716,NaN,NaN
1707847200,49541.62479930755,49775,48825,49285.9425,73.48978488319355,NaN,NaN
1707868800,49413.78364965378,49712.94,49225.01,49544.15000000001,75.0990454346152,NaN,NaN
1707890400,49478.96682482689,51723.08,49478.96682482689,50582.4125,80.28220387196234,NaN,NaN
1707912000,50030.689662413446,52043.71,50030.689662413446,51615.765,83.87886900601858,NaN,NaN
1707933600,50823.22733120673,51888,50823.22733120673,51637.399999999994,83.94489998507858,NaN,NaN
1707955200,51230.31366560336,52500,51230.31366560336,51992.1025,85.02766403267235,NaN,NaN
1707976800,51611.20808280168,52498.12,51611.20808280168,52104.450000000004,85.36434367797929,NaN,NaN
1707998400,51857.82904140084,52816.62,51721.31,52185.88,85.6168012974891,NaN,NaN
1708020000,52021.85452070042,52060,51314,51782.4,78.40045868162689,NaN,NaN
1708041600,51902.127260350215,52343.28,51803.6,52022.817500000005,79.50875342504224,NaN,NaN
1708063200,51962.47238017511,52435.86,51566,52070.0275,79.72871390303939,NaN,NaN
1708084800,52016.24994008755,52572.08,51592.88,52098.902500000004,79.87103536235995,NaN,NaN
1708106400,52057.576220043775,52208.43,51655,52001.08,77.87625272646108,NaN,NaN
1708128000,52029.32811002189,52162.82,51792,51999.475,77.8419016252287,NaN,NaN
1708149600,52014.40155501095,52014.40155501095,51500,51767.365000000005,72.83812542796095,NaN,NaN
1708171200,51890.883277505476,51890.883277505476,50625,51316.682499999995,64.20768466543961,NaN,NaN
1708192800,51603.782888752736,52030.18,51146,51508.600000000006,66.05232950102942,NaN,NaN
1708214400,51556.19144437637,51798.99,51163.28,51565.445,66.60138196000304,NaN,NaN
1708236000,51560.81822218819,52069,51405.52,51740.8525,68.30486211861526,NaN,NaN
1708257600,51650.8353610941,51980.73,51535.01,51796.4225,68.84697009299958,NaN,NaN
1708279200,51723.62893054705,52377,51587.4,51985,70.67968909227844,NaN,NaN
1708300800,51854.31446527352,52428.78,51854.31446527352,52150.42749999999,72.22343777565652,NaN,NaN
1708322400,52002.370982636756,52488.77,52002.370982636756,52254.735,73.18222723078084,NaN,NaN
1708344000,52128.55299131838,52454.11,51677,52154.76500000001,70.66463318545817,NaN,NaN
1708365600,52141.65899565919,52200,51705.11,51957.89000000001,65.8595140033242,NaN,NaN
1708387200,52049.774497829596,52049.774497829596,51311,51744.7175,61.02105508105983,NaN,NaN
1708408800,51897.2459989148,52380,51560,52033.975000000006,64.79999034811901,NaN,NaN
1708430400,51965.6104994574,52985,50760.37,51839.29,60.5454428209059,NaN,NaN
1708452000,51902.4502497287,52517.3,51241.81,51835.7325,60.467316704613374,NaN,NaN
1708473600,51869.09137486435,52366.8,51817.25,52070.205,63.78430044787441,NaN,NaN
1708495200,51969.648187432176,51969.648187432176,50813,51379.5825,50.37671955320374,NaN,NaN
1708516800,51674.61534371608,51674.61534371608,50625,50991.035,44.68566285021781,NaN,NaN
1708538400,51332.82517185804,51950.01,50649.28,51345.00750000001,50.204678864776334,NaN,NaN
1708560000,51338.916335929025,51878.18,51153.69,51601.5325,53.802098085662955,NaN,NaN
1708581600,51470.22441796451,52034.12,51470.22441796451,51674.670000000006,54.804614984254066,NaN,NaN
1708603200,51572.44720898226,51750.01,50940.78,51502.56,51.94776775767073,NaN,NaN
1708624800,51537.503604491125,52065.78,51184.04,51558.91,52.81502142859454,NaN,NaN
1708646400,51548.206802245564,51548.54,50971.11,51261.020000000004,47.893947384890396,NaN,NaN
1708668000,51404.613401122784,51404.613401122784,50830,51149.735,46.163468668843194,NaN,NaN
1708689600,51277.17420056139,51333.47,50629.33,51080.22,45.06804793418212,NaN,NaN
1708711200,51178.6971002807,51195.18,50521,50899.865,42.265803615534644,NaN,NaN
1708732800,51039.281050140344,51062,50585,50859.6275,41.64368402342093,NaN,NaN
1708754400,50949.45427507017,51172.06,50938.78,51069.497500000005,46.10001508932327,NaN,NaN
1708776000,51009.47588753509,51698,51009.47588753509,51346.03,51.36961659791207,NaN,NaN
1708797600,51177.75294376754,51694.16,51177.75294376754,51550.86,54.8877754356509,NaN,NaN
1708819200,51364.30647188377,51898.72,51364.30647188377,51643.7825,56.427805458574,NaN,NaN
1708840800,51504.044485941886,51800.03,51504.044485941886,51661.5225,56.731491119295185,NaN,NaN
1708862400,51582.78349297094,51780,51279.8,51566.1925,54.53197699182156,NaN,NaN
1708884000,51574.48799648547,51958.55,51498.83,51686.55,56.808784087210555,NaN,NaN
1708905600,51630.51899824274,51796.5,51400,51623.5875,55.25013971885468,NaN,NaN
1708927200,51627.05324912137,51627.05324912137,50901.44,51289.6275,47.76442508121541,NaN,NaN
1708948800,51458.340374560685,53647.71,50957,52299.33,63.754171607560735,NaN,NaN
1708970400,51878.83518728035,54910,51878.83518728035,54045.8675,76.91675678058655,NaN,NaN
1708992000,52962.35134364017,57073.84,52962.35134364017,55516.615000000005,82.63539834921352,NaN,NaN
1709013600,54239.48317182009,56818.02,54239.48317182009,56304.2075,84.80615822297744,NaN,NaN
1709035200,55271.84533591004,57416.93,55271.84533591004,56728.43,85.83343689432024,NaN,NaN
1709056800,56000.137667955016,57588.15,56000.137667955016,56991.329999999994,86.4450815041055,NaN,NaN
1709078400,56495.7338339775,57271.44,56495.7338339775,57020.33,86.51424897323206,NaN,NaN
1709100000,56758.03191698875,59494.06,56758.03191698875,58142.215,88.87854391240855,NaN,NaN
1709121600,57450.123458494374,64000,57450.123458494374,60749.9275,92.27062890029444,NaN,NaN
1709143200,59100.02547924718,62647.04,59100.02547924718,61409.4325,92.86346613333734,NaN,NaN
1709164800,60254.72898962359,62675.22,60254.72898962359,62167.335,93.4821588649645,NaN,NaN
1709186400,61211.0319948118,63676.35,61211.0319948118,62816.095,93.96450210317322,NaN,NaN
1709208000,62013.5634974059,63531.88,60501,61987.8125,85.28664384173233,NaN,NaN
1709229600,62000.68799870295,62285.47,60364.7,61190.87500000001,77.83809930546805,NaN,NaN
1709251200,61595.78149935148,61749,60777,61242.25,77.97166175819322,NaN,NaN
1709272800,61419.01574967574,62243.53,61201.1,61655.090000000004,79.06359027456182,NaN,NaN
1709294400,61537.05287483787,62677.06,61131.01,61895.44,79.69464933435344,NaN,NaN
1709316000,61716.24643741894,63114.23,61716.24643741894,62308.7325,80.76811400147866,NaN,NaN
1709337600,62012.489468709464,62433.19,61752.3,62144.985,78.98642637920153,NaN,NaN
1709359200,62078.73723435473,62256,61641.1,61932.4925,76.62425450337116,NaN,NaN
1709380800,62005.61486717737,62167.79,61561.12,61829.08500000001,75.44185428961976,NaN,NaN
1709402400,61917.34993358869,62200,61685.01,61908.3525,75.75075876287261,NaN,NaN
1709424000,61912.85121679434,62100,61642.39,61907.417499999996,75.73865703567542,NaN,NaN
1709445600,61910.13435839717,62043,61320,61773.525,73.91754269107068,NaN,NaN
1709467200,61841.829679198585,62989,61821.09,62302.8,76.33943354166937,NaN,NaN
1709488800,62072.31483959929,63231.88,62072.31483959929,62871.465000000004,78.63489924513746,NaN,NaN
1709510400,62471.88991979965,64268.24,62300,63260.0525,80.05859880816394,NaN,NaN
1709532000,62865.97120989983,65555,62865.97120989983,64367.4925,83.44448375974945,NaN,NaN
1709553600,63616.73185494992,67524.99,63616.73185494992,66036.8475,87.02171498769758,NaN,NaN
1709575200,64826.78967747496,68499,64826.78967747496,67425.8625,89.12694189190168,NaN,NaN
1709596800,66126.32608873748,68686.8,65089,67245.65,87.15170071808501,NaN,NaN
1709618400,66685.98804436874,67465.2,65515.15,66649.44,80.77376035558923,NaN,NaN
1709640000,66667.71402218437,69000,63370.56,66150.52,75.77624638385167,NaN,NaN
1709661600,66409.1170110922,66409.1170110922,59005,63469.857500000006,55.80000212913387,NaN,NaN
1709683200,64939.487255546104,66414.79,62779.14,64831.185,61.369502244992994,NaN,NaN
1709704800,64885.33612777305,67641.1,64885.33612777305,66712.3025,67.46941746038735,NaN,NaN
1709726400,65798.81931388653,67592.31,64664.92,66720.845,67.49451920091056,NaN,NaN
1709748000,66259.83215694327,67465,65714.17,66644.5125,66.99703787910005,NaN,NaN
1709769600,66452.17232847164,66467.88,65551,65973.23,62.62544585549982,NaN,NaN
1709791200,66212.70116423583,67275.2,65675.1,66413.91,64.27352074181157,NaN,NaN
1709812800,66313.30558211792,67980,66313.30558211792,67254.84,67.24203427997743,NaN,NaN
1709834400,66784.07279105895,67914.74,66784.07279105895,67285.2875,67.3478225314038,NaN,NaN
1709856000,67034.68014552948,67256.18,66757,66936.5875,64.76813618025204,NaN,NaN
1709877600,66985.63382276474,67753.4,66841.1,67311.4275,66.26407764672757,NaN,NaN
1709899200,67148.53066138236,69990,66082.66,68038.4725,69.01239592768786,NaN,NaN
1709920800,67593.50158069118,69379,67593.50158069118,68412.6925,70.35124400685154,NaN,NaN
1709942400,68003.0970403456,68370,67861.1,68150.07,68.12665400490047,NaN,NaN
1709964000,68076.5835201728,68541.1,67933.93,68255.0025,68.5545116684635,NaN,NaN
1709985600,68165.7930100864,68521.1,68000,68243.74,68.44830694416429,NaN,NaN
1710007200,68204.7665050432,68433.17,68121.69,68255.4975,68.50316489461407,NaN,NaN
1710028800,68230.1320025216,69659.47,68200,68875.7675,71.33471141043341,NaN,NaN
1710050400,68552.9497512608,69887.61,68552.9497512608,69464.5225,73.74722880011558,NaN,NaN
1710072000,69008.73612563041,69833.33,68641.1,69364.10250000001,72.62451853799615,NaN,NaN
1710093600,69186.41931281521,69471.56,68094.75,68983.93,68.38029617427284,NaN,NaN
1710115200,69085.1746564076,69085.1746564076,67024.96,68371.785,62.08837270178088,NaN,NaN
1710136800,68728.4798282038,72226.3,68445.91,70177.4525,70.6633217796961,NaN,NaN
1710158400,69452.9661641019,72661.1,69452.9661641019,71983.405,76.41024908918928,NaN,NaN
1710180000,70718.18558205095,72800,70718.18558205095,72279.80249999999,77.19968786682985,NaN,NaN
1710201600,71498.99404102546,72470.41,71301,71957.655,74.28971651207138,NaN,NaN
1710223200,71728.32452051273,72376,71388,71942.23000000001,74.14560003266361,NaN,NaN
1710244800,71835.27726025638,73000,68620.82,71184.2975,67.24286514584077,NaN,NaN
1710266400,71509.7873801282,71655,70500,71174.89,67.15929131787385,NaN,NaN
1710288000,71342.33869006409,72217.79,71333.31,71788.8725,69.79763565840514,NaN,NaN
1710309600,71565.60559503204,73650.25,71565.60559503204,72744.51250000001,73.38203810544115,NaN,NaN
1710331200,72155.05904751603,73180,71634.52,72675.13249999999,72.70738733432819,NaN,NaN
1710352800,72415.09577375802,73410.22,72415.09577375802,73006.1,73.9383013250475,NaN,NaN
1710374400,72710.59788687901,73658,72500,73093.595,74.26869143492132,NaN,NaN
1710396000,72902.09644343951,73777,72627,73107.995,74.32637809568742,NaN,NaN
1710417600,73005.04572171975,73047.16,69880,71711.795,60.227667483356115,NaN,NaN
1710439200,72358.42036085988,72358.42036085988,68555,70672.45999999999,52.278015422914976,NaN,NaN
1710460800,71515.44018042993,72419.71,66699,69487.1875,44.98557785813163,NaN,NaN
1710482400,70501.31384021496,70501.31384021496,65600,67414.9875,35.628345284225944,NaN,NaN
1710504000,68958.15067010748,68958.15067010748,67424.79,68037.58249999999,39.68753930978306,NaN,NaN
1710525600,68497.86658505374,70650,67413.8,68946.185,45.12587176889256,NaN,NaN
1710547200,68722.02579252687,70043,68600,69281.9375,47.02671213435232,NaN,NaN
1710568800,69001.98164626343,69460.91,67725.53,68606.84,43.74543663455898,NaN,NaN
1710590400,68804.41082313171,68804.41082313171,67121.14,67788.025,40.091551299326774,NaN,NaN
1710612000,68296.21791156585,68296.21791156585,64780,66263.87,34.34152575911418,NaN,NaN
1710633600,67280.04395578292,67280.04395578292,65122.23,65808.735,32.827442544303565,NaN,NaN
1710655200,66544.38947789147,67515,64533,66309.79,36.16419761774782,NaN,NaN
1710676800,66427.08973894574,68693.75,66427.08973894574,67659.095,44.20237478671321,NaN,NaN
1710698400,67043.09236947287,68904.4,67043.09236947287,68450.3625,48.312689442746894,NaN,NaN
1710720000,67746.72743473644,68956,66800,68210.725,47.179178125363244,NaN,NaN
1710741600,67978.72621736822,68717.29,67300,68241.03,47.34741783590101,NaN,NaN
1710763200,68109.87810868412,68627.81,66565.2,67708.66750000001,44.6565850076716,NaN,NaN
1710784800,67909.27280434206,67999,66870.95,67467.055,43.449678545344035,NaN,NaN
1710806400,67688.16390217103,68124.11,64628,66394.1025,38.47654671856289,NaN,NaN
1710828000,67041.13320108551,67041.13320108551,62505,64059.0625,30.33826593458042,NaN,NaN
1710849600,65550.09785054275,65756,62410.78,64029.0325,30.24965187058683,NaN,NaN
1710871200,64789.565175271375,65306.72,61555,63416.7825,28.426616021951546,NaN,NaN
1710892800,64103.17383763569,64103.17383763569,60775,61932.0375,24.560923698995552,NaN,NaN
1710914400,63017.60566881784,63957.74,61520.64,62605.215,29.258144467538486,NaN,NaN
1710936000,62811.41033440892,64776.72,62022,63574.8125,35.48870276449543,NaN,NaN
1710957600,63193.11141720446,68100,63193.11141720446,66000.12000000001,47.85922432810269,NaN,NaN
1710979200,64596.615708602236,68240.47,64596.615708602236,67290.6725,53.021540041751756,NaN,NaN
1711000800,65943.64410430111,67659.53,65943.64410430111,67090.76,52.16004264657659,NaN,NaN
1711022400,66517.20205215056,67693.6,65666,66532.15,49.72861455646844,NaN,NaN
1711044000,66524.67602607528,66524.67602607528,64529.01,65425.482500000006,45.230335117728295,NaN,NaN
1711065600,65975.07926303764,66434.48,65120.01,65871.445,47.29915883684366,NaN,NaN
1711087200,65923.26213151883,66649.62,64065.72,65344.8125,45.13118451274596,NaN,NaN
1711108800,65634.03731575941,65634.03731575941,62601.11,63772.11,39.33312379014075,NaN,NaN
1711130400,64703.07365787971,64703.07365787971,62260,63440.52250000001,38.21828149002933,NaN,NaN
1711152000,64071.79807893986,64374.91,63000,63811.667499999996,40.25933867559519,NaN,NaN
1711173600,63941.73278946993,64857.14,63941.73278946993,64386.472499999996,43.37918301731507,NaN,NaN
1711195200,64164.10264473496,65999,64164.10264473496,65139.865000000005,47.26637479358848,NaN,NaN
1711216800,64651.98382236748,65681.72,63861.66,64796.5225,45.7256993923114,NaN,NaN
1711238400,64724.25316118374,64724.25316118374,63772.29,64197.51,43.086953067691255,NaN,NaN
1711260000,64460.88158059187,65368.66,64027.77,64758.7525,46.21857235847679,NaN,NaN
1711281600,64609.81704029594,65925.19,64600.01,65301.2975,49.13242798394225,NaN,NaN
1711303200,64955.55727014797,67628.69,64955.55727014797,66381.1675,54.425174683614934,NaN,NaN
1711324800,65668.36238507398,67740,65668.36238507398,67171.265,57.87850244238758,NaN,NaN
1711346400,66419.81369253699,67400,66419.81369253699,67067.5375,57.265022833952656,NaN,NaN
1711368000,66743.6755962685,70844.44,66743.6755962685,68748.42,63.93594056103102,NaN,NaN
1711389600,67746.04779813424,71150,67746.04779813424,70287.795,68.74743062253417,NaN,NaN
1711411200,69016.92139906713,70665.83,69016.92139906713,70144.6575,67.84108992544725,NaN,NaN
1711432800,69580.78944953356,71561.1,69580.78944953356,70703.64000000001,69.53048055914493,NaN,NaN
1711454400,70142.21472476679,71136.63,69280,70294.0875,66.76314636535824,NaN,NaN
1711476000,70218.15111238339,70400,69401.72,69964.065,64.53422310486675,NaN,NaN
1711497600,70091.1080561917,70739.65,69840,70260.6775,65.64438577823115,NaN,NaN
1711519200,70175.89277809585,70598,69407,70175.1975,65.01279507487102,NaN,NaN
1711540800,70175.54513904793,71769.54,68359.18,69757.36499999999,61.878771836894764,NaN,NaN
1711562400,69966.45506952396,69966.45506952396,68410,69049.415,56.87592825869467,NaN,NaN
1711584000,69507.93503476198,69980,68903.62,69516.9525,59.220766278198965,NaN,NaN
1711605600,69512.44376738099,70962.63,69512.44376738099,70242.505,62.61776530950778,NaN,NaN
1711627200,69877.4743836905,71552.06,69877.4743836905,70834.79,65.16855377139997,NaN,NaN
1711648800,70356.13219184524,71074.03,70356.13219184524,70762.44750000001,64.58883932014905,NaN,NaN
1711670400,70559.28984592263,70916.16,70176.97,70513.6075,62.5283775244149,NaN,NaN
1711692000,70536.44867296131,70536.44867296131,69566,70096.8925,59.12669103394028,NaN,NaN
1711713600,70316.67058648066,70636.04,69009,69798.0275,56.74247287226925,NaN,NaN
1711735200,70057.34904324033,70057.34904324033,69290,69615.33249999999,55.275140301346845,NaN,NaN
1711756800,69836.34077162016,70321.1,69710,69972.11,57.582024104132884,NaN,NaN
1711778400,69904.22538581007,70183.67,69811.37,70046.3475,58.06669439107529,NaN,NaN
1711800000,69975.28644290504,70280.06,69900,70099.9025,58.435653957640056,NaN,NaN
1711821600,70037.59447145252,70037.59447145252,69540,69798.555,55.47770668035678,NaN,NaN
1711843200,69918.07473572626,70460,69562.99,69987.7,56.950666526113864,NaN,NaN
1711864800,69952.88736786312,70470,69952.88736786312,70333.3475,59.58220222513546,NaN,NaN
1711886400,70143.11743393156,70759.1,70143.11743393156,70481.98000000001,60.69484908940215,NaN,NaN
1711908000,70312.54871696579,71366,70312.54871696579,70898.9025,63.712493497810755,NaN,NaN
1711929600,70605.7256084829,71288.23,69000,70183.92749999999,55.8006440865435,NaN,NaN
1711951200,70394.82655424144,70394.82655424144,68888,69328.865,48.10667498158511,NaN,NaN
1711972800,69861.84577712073,70080,68062.86,69088.2175,46.1769106377669,NaN,NaN
1711994400,69475.03163856037,69900,68450,69187.45,47.11892276234582,NaN,NaN
1712016000,69331.24081928018,69674.23,66000,68022.17249999999,38.5798853759811,NaN,NaN
1712037600,68676.70665964008,68676.70665964008,65075,66145.5825,29.35404012400862,NaN,NaN
1712059200,67411.14457982004,67411.14457982004,64550,65507.63250000001,26.991024817841122,NaN,NaN
1712080800,66459.38853991003,66459.38853991003,65200,65618.0025,28.069868663944135,NaN,NaN
1712102400,66038.69551995501,66478.59,64493.07,65628.1875,28.17534391447012,NaN,NaN
1712124000,65833.4415099775,66642.36,65538.06,66079.3225,32.870836101735776,NaN,NaN
1712145600,65956.38200498876,66903.63,65635.01,66137.6,33.47585086213496,NaN,NaN
1712167200,66046.99100249438,66297.4,65451.62,65916.075,32.284723188535395,NaN,NaN
1712188800,65981.53300124718,66354.83,65064.52,65743.5475,31.349160542094126,NaN,NaN
1712210400,65862.5402506236,66468.99,65548.67,65990.72499999999,34.28722230702391,NaN,NaN
1712232000,65926.63262531179,68896.1,65926.63262531179,67607.38,49.50783566999208,NaN,NaN
1712253600,66767.0063126559,69309.91,66767.0063126559,68491.72,55.57021544288348,NaN,NaN
1712275200,67629.36315632795,68756.67,66380,67628.1275,49.34013363506027,NaN,NaN
1712296800,67628.74532816398,67684.26,66383.01,66858.325,44.54594633590159,NaN,NaN
1712318400,67243.53516408199,68566.66,65952.56,67109.9275,46.3797948803276,NaN,NaN
1712340000,67176.731332041,68096,67176.731332041,67668.7775,50.310410385869545,NaN,NaN
1712361600,67422.7544160205,68232.14,67422.7544160205,67884.835,51.78204388115631,NaN,NaN
1712383200,67653.79470801025,68189.33,67615.22,67877.865,51.72881897159824,NaN,NaN
1712404800,67765.82985400513,68484.09,67527.78,67991.8325,52.58697515066451,NaN,NaN
1712426400,67878.83117700258,69692,67878.83117700258,68759.73,58.004358232396434,NaN,NaN
1712448000,68319.28058850128,69777,68319.28058850128,69223.69,60.91048238808978,NaN,NaN
1712469600,68771.48529425064,69555,68771.48529425064,69355.1425,61.718775279067145,NaN,NaN
1712491200,69063.31389712532,70326.29,69063.31389712532,69672.825,63.67373716215431,NaN,NaN
1712512800,69368.06944856266,69828,68849.77,69459.04500000001,61.401317063377384,NaN,NaN
1712534400,69413.55722428134,69841.03,69043.24,69486.66,61.59200034991022,NaN,NaN
1712556000,69450.10861214067,72650,69450.10861214067,71097.1825,70.6870664313186,NaN,NaN
1712577600,70273.64555607033,72797.99,70273.64555607033,72036.59749999999,74.4827759881691,NaN,NaN
1712599200,71155.12152803516,72104.05,71155.12152803516,71730.9125,71.24968476892322,NaN,NaN
1712620800,71443.01701401759,71758.19,70833.33,71316.88,67.00712401960993,NaN,NaN
1712642400,71379.9485070088,71379.9485070088,69576.61,70673.23000000001,60.93282127417499,NaN,NaN
1712664000,71026.58925350441,71026.58925350441,68210,69701.4575,53.10547938712066,NaN,NaN
1712685600,70364.02337675221,70364.02337675221,68656.08,69016.41750000001,48.38674597088642,NaN,NaN
1712707200,69690.22043837611,69690.22043837611,68466.63,69115.65,49.092399345652524,NaN,NaN
1712728800,69402.93521918805,69515,68629.99,69110.9525,49.05820617406655,NaN,NaN
1712750400,69256.94385959403,69910.96,67518,68955.5175,47.87009754039568,NaN,NaN
1712772000,69106.23067979701,71172.08,69071,70056.065,55.996153144083934,NaN,NaN
1712793600,69581.1478398985,71062,69581.1478398985,70640.55,59.598150470311715,NaN,NaN
1712815200,70110.84891994926,71305.89,69881.31,70438.5875,57.83643287325976,NaN,NaN
1712836800,70274.71820997463,71100,69567.21,70213.59,55.855538179424094,NaN,NaN
1712858400,70244.1541049873,70746.09,69804.87,70190.295,55.64304719911606,NaN,NaN
1712880000,70217.22455249366,71227.46,70002.22,70548.055,58.26877181942094,NaN,NaN
1712901600,70382.63977624683,71012,70382.63977624683,70845.47750000001,60.369104453299116,NaN,NaN
1712923200,70614.05863812342,70975.54,67444,69365.89,47.548343041440965,NaN,NaN
1712944800,69989.9743190617,69989.9743190617,65086.86,67181.755,35.547088884450815,NaN,NaN
1712966400,68585.86465953085,68585.86465953085,65731.27,67030.5675,34.89060979624884,NaN,NaN
1712988000,67808.21607976544,67825.91,67090.83,67405.55500000001,37.951405838124714,NaN,NaN
1713009600,67606.88553988273,67926,66500,67129.22,36.586461446607316,NaN,NaN
1713031200,67368.05276994137,67368.05276994137,60660.57,64639.85250000001,27.122796449154862,NaN,NaN
1713052800,66003.95263497069,66003.95263497069,62134,63727.127499999995,24.60932336977919,NaN,NaN
1713074400,64865.540067485344,64887.99,63855.45,64323.3725,29.22354117151467,NaN,NaN
1713096000,64594.45628374267,64848.49,62573.66,63864.19500000001,27.81181547175217,NaN,NaN
1713117600,64229.32564187134,65840,63326.42,64674.2075,33.87983812665357,NaN,NaN
1713139200,64451.766570935666,65867.45,64451.766570935666,65419.7625,38.96530145815859,NaN,NaN
1713160800,64935.76453546783,66867.07,64935.76453546783,65887.3425,41.97928329704421,NaN,NaN
1713182400,65411.55351773392,66399,63310.99,64869.6475,37.624370463388544,NaN,NaN
1713204000,65140.60050886696,65140.60050886696,62274.4,63415.8025,32.44602422783369,NaN,NaN
1713225600,64278.201504433484,64278.201504433484,61680,62925.0225,30.899940807676018,NaN,NaN
1713247200,63601.612002216745,63800,61600,62798.795,30.497421822167965,NaN,NaN
1713268800,63200.20350110837,63422.97,61694.02,62675.5275,30.0852655982727,NaN,NaN
1713290400,62937.86550055418,64365,62427.24,63269,34.663433723282836,NaN,NaN
1713312000,63103.43275027709,64499,63103.43275027709,63950.3925,39.557260552735855,NaN,NaN
1713333600,63526.912625138546,64000,62541.13,63266.045000000006,36.59276036671676,NaN,NaN
1713355200,63396.47881256927,63396.47881256927,59678.16,61630.8625,30.676979264514898,NaN,NaN
1713376800,62513.67065628464,62513.67065628464,60727.38,61309.1325,29.660936935530117,NaN,NaN
1713398400,61911.40157814232,62229.9,60939.92,61379.805,30.207763873384664,NaN,NaN
1713420000,61645.603289071165,63072.27,60803.35,61886.39,34.15902841842201,NaN,NaN
1713441600,61765.99664453558,64117.09,61580.71,62769.6175,40.48543629547102,NaN,NaN
1713463200,62267.807072267795,63825.74,62267.807072267795,63097.14750000001,42.68478488992078,NaN,NaN
1713484800,62682.4772861339,63470.09,59600.01,62153.3925,38.29352604717737,NaN,NaN
1713506400,62417.93489306695,65450,61809.93,63551.015,46.990788675118814,NaN,NaN
1713528000,62984.474946533475,65440.57,62984.474946533475,64611.417499999996,52.465105528193234,NaN,NaN
1713549600,63797.946223266736,64660.86,62953.9,64015.1425,49.37718940390198,NaN,NaN
1713571200,63906.544361633365,64268.58,63090.07,63833.915,48.44394239779442,NaN,NaN
1713592800,63870.22968081669,64222.22,63277,63841.350000000006,48.486958295511855,NaN,NaN
1713614400,63855.789840408346,65419,63575.83,64475.5025,52.15381567802356,NaN,NaN
1713636000,64165.64617020417,65310.99,64165.64617020417,65001.642499999994,55.01494429995405,NaN,NaN
1713657600,64583.644335102086,65695.56,64583.644335102086,65067.9875,55.37730197110852,NaN,NaN
1713679200,64825.815917551045,65440.95,64763.15,65116.4825,55.65846188374135,NaN,NaN
1713700800,64971.14920877552,65375.41,64237.5,64917.2325,54.14882444887976,NaN,NaN
1713722400,64944.19085438776,65167.19,64362.5,64823.21,53.412611559004354,NaN,NaN
1713744000,64883.70042719388,66414.81,64500,65558.4875,58.19897310186648,NaN,NaN
1713765600,65221.09396359694,66479.8,65221.09396359694,66109.315,61.398531099505995,NaN,NaN
1713787200,65665.20448179847,66824.28,65626.87,66217.155,62.011591248830875,NaN,NaN
1713808800,65941.17974089924,67232.35,65941.17974089924,66683.1875,64.6261734818095,NaN,NaN
1713830400,66312.18362044962,67183.01,66181.1,66668.36,64.47412814915464,NaN,NaN
1713852000,66490.2718102248,66646,65852.35,66258.08750000001,60.250238351629164,NaN,NaN
1713873600,66374.17965511241,67130,65765.81,66423.3775,61.348860273502375,NaN,NaN
1713895200,66398.77857755621,66846,65980,66498.43,61.86426584644515,NaN,NaN
1713916800,66448.6042887781,67070.43,66390,66652.3725,62.95542836113289,NaN,NaN
1713938400,66550.48839438905,66883.68,66203.05,66598.3275,62.281677555135296,NaN,NaN
1713960000,66574.40794719453,66737,64348,65636.4975,51.68118473360454,NaN,NaN
1713981600,66105.45272359726,66105.45272359726,63606.06,64426.28,41.99571791549067,NaN,NaN
1714003200,65265.86636179863,65265.86636179863,63860,64278.60249999999,40.98631953243123,NaN,NaN
1714024800,64772.23443089931,64772.23443089931,63337.25,63953.457500000004,38.77641900285771,NaN,NaN
1714046400,64362.845965449655,64856.85,62794,64054.0225,39.85655042326322,NaN,NaN
1714068000,64208.43423272483,65297.94,64208.43423272483,64737.005,46.73018530047797,NaN,NaN
1714089600,64472.71961636242,64662.53,63890.82,64401.417499999996,44.06531609511395,NaN,NaN
1714111200,64437.06855818121,64610.82,64059.8,64367.157499999994,43.79076247881024,NaN,NaN
1714132800,64402.1130290906,64820.01,63297.48,64092.48,41.55525248990064,NaN,NaN
1714154400,64247.296514545305,64247.296514545305,63689.22,63907.5325,40.07190085580319,NaN,NaN
1714176000,64077.41450727265,64077.41450727265,62391.24,63268.225,35.37166444082264,NaN,NaN
1714197600,63672.81975363633,63672.81975363633,62673.37,62921.11749999999,33.10145598380964,NaN,NaN
1714219200,63296.96862681816,63650,62750,63169.585,36.25533036588634,NaN,NaN
1714240800,63233.27681340908,63619.96,62821.82,63329.995,38.278402714379226,NaN,NaN
1714262400,63281.63590670454,64370,63281.63590670454,63810.707500000004,44.012885871988765,NaN,NaN
1714284000,63546.17170335227,64060,63345.55,63710.89,43.11708299419033,NaN,NaN
1714305600,63628.530851676136,63869.09,63415.6,63634.29,42.403828621566795,NaN,NaN
1714327200,63631.41042583807,63976,62781,63411.0225,40.31069579540951,NaN,NaN
1714348800,63521.21646291904,63521.21646291904,62059.27,62747.455,34.81084875235085,NaN,NaN
1714370400,63134.33573145952,63134.33573145952,61923.13,62324.2975,31.828564798052668,NaN,NaN
1714392000,62729.31661572976,63221.74,61765.53,62569.125,35.28314003424504,NaN,NaN
1714413600,62649.220807864884,64228.35,62546.37,63418.49,45.585280349375026,NaN,NaN
1714435200,63033.85540393244,64734,62995.7,63731.425,48.818025865477615,NaN,NaN
1714456800,63382.64020196622,63465.1,61000,62249.880000000005,37.46871859835038,NaN,NaN
1714478400,62816.26010098311,62816.26010098311,60080,60803.145000000004,30.1078684675183,NaN,NaN
1714500000,61809.70255049156,61809.70255049156,59191.6,60325.7825,28.143253570730593,NaN,NaN
1714521600,61067.742525245776,61067.742525245776,59590,60288.41,27.98926889182279,NaN,NaN
1714543200,60678.07626262289,60678.07626262289,56552.82,58653.63,22.25348174495548,NaN,NaN
1714564800,59665.85313131144,59665.85313131144,56625.09,57556.017499999994,19.381606006703677,NaN,NaN
1714586400,58610.93531565572,59468,56760.02,58004.4075,23.71283087358698,NaN,NaN
1714608000,58307.67140782786,58610.55,56911.84,57842.9825,23.228985718566705,NaN,NaN
1714629600,58075.32695391393,58689.55,57404.08,58034.465000000004,25.179226193725484,NaN,NaN
1714651200,58054.89597695696,59455,58054.89597695696,58856.725,33.044954721660176,NaN,NaN
1714672800,58455.810488478484,59625,58455.810488478484,59128.36749999999,35.45889431164102,NaN,NaN
1714694400,58792.08899423924,59999,58792.08899423924,59348.39750000001,37.42678259067071,NaN,NaN
1714716000,59070.24324711962,59575.48,58849.94,59309.7975,37.212423413710106,NaN,NaN
1714737600,59190.02037355981,62179.99,58991.99,60567.2325,47.71749260584963,NaN,NaN
1714759200,59878.6264367799,63333,59878.6264367799,62404.4975,58.6132507147964,NaN,NaN
1714780800,61141.56196838995,63595.14,61141.56196838995,63100.5475,61.856462660432875,NaN,NaN
1714802400,62121.05473419497,64540,62121.05473419497,63662.32,64.28879671360139,NaN,NaN
1714824000,62891.68736709749,64158.19,62891.68736709749,63698.8425,64.44752589927006,NaN,NaN
1714845600,63295.264933548744,64240.76,63295.264933548744,63746.055,64.66616321476045,NaN,NaN
1714867200,63520.65996677437,64188,62822.17,63528.4675,62.750867574678566,NaN,NaN
1714888800,63524.563733387185,63959,63162,63548.0725,62.857612228578645,NaN,NaN
1714910400,63536.3181166936,64646,63536.3181166936,64085.635,65.75541412180594,NaN,NaN
1714932000,63810.976558346796,64249.42,63582.08,64015.375,65.04116283248442,NaN,NaN
1714953600,63913.1757791734,64465,63708.58,64093.1275,65.48793017720804,NaN,NaN
1714975200,64003.1516395867,65500,63815.38,64426.4675,67.41082513567484,NaN,NaN
1714996800,64214.809569793346,64319.86,62909.61,63650.7375,59.15127315492082,NaN,NaN
1715018400,63932.773534896674,63932.773534896674,62700,63161.74,54.609013916361526,NaN,NaN
1715040000,63547.256767448336,63967.19,62832.6,63382.1125,56.23989254997921,NaN,NaN
1715061600,63464.68463372417,64422.41,63358,63708.5775,58.612289415817656,NaN,NaN
1715083200,63586.631066862086,64320,63050.77,63563.2475,57.12752450198059,NaN,NaN
1715104800,63574.93928343104,63574.93928343104,62261,62839.5975,50.29540717891191,NaN,NaN
1715126400,63207.26839171552,63207.26839171552,62111,62515.25,47.55047605629676,NaN,NaN
1715148000,62861.25919585776,62861.25919585776,62020.09,62397.7075,46.55879077553656,NaN,NaN
1715169600,62629.48334792888,62828,61761,62356.645,46.1963294994635,NaN,NaN
1715191200,62493.064173964434,62760,60888,61858.805,41.9339262495876,NaN,NaN
1715212800,62175.934586982214,62175.934586982214,61144.33,61431.08750000001,38.63564877746083,NaN,NaN
1715234400,61803.51104349111,61803.51104349111,60630,61261.149999999994,37.37773315945063,NaN,NaN
1715256000,61532.33052174555,62668.67,60882.19,61637.785,41.893236040815815,NaN,NaN
1715277600,61585.057760872776,63429.03,61585.057760872776,62584.83500000001,51.385687842261206,NaN,NaN
1715299200,62084.94638043639,63094.01,62084.94638043639,62899.104999999996,54.06725577976085,NaN,NaN
1715320800,62492.02569021819,63380,62492.02569021819,63047.8775,55.32359606737156,NaN,NaN
1715342400,62769.9515951091,63469.13,60187.12,61834.9,44.61006730788228,NaN,NaN
1715364000,62302.42579755455,62302.42579755455,60220.87,60601.892499999994,36.80722439920589,NaN,NaN
1715385600,61452.15914877727,61452.15914877727,60650,60867.065,39.267526309993336,NaN,NaN
1715407200,61159.612074388635,61159.612074388635,60487.09,60793.2725,38.814644363706606,NaN,NaN
1715428800,60976.44228719432,61515,60643.94,60985.4975,40.732219789822224,NaN,NaN
1715450400,60980.969893597154,61300,60743.51,60992.135,40.80121153543112,NaN,NaN
1715472000,60986.55244679858,61120,60804,60950,40.479080728453276,NaN,NaN
1715493600,60968.27622339929,61366.59,60610,61043.15,41.57724119943331,NaN,NaN
1715515200,61005.713111699646,61888,61005.713111699646,61435.072499999995,46.084493673898926,NaN,NaN
1715536800,61220.39280584982,61652.7,60910.58,61415.8925,45.89787483137313,NaN,NaN
1715558400,61318.142652924915,61812,60749.21,61226.045,43.99863069189003,NaN,NaN
1715580000,61272.09382646246,63295.48,60797.79,61922.5575,51.867858504460216,NaN,NaN
1715601600,61597.325663231226,63450,61597.325663231226,62849.4625,59.936081438408046,NaN,NaN
1715623200,62223.39408161561,63193.59,62223.39408161561,62877.63500000001,60.154703814700824,NaN,NaN
1715644800,62550.51454080781,63118.36,62401.07,62794.185,59.12549938947025,NaN,NaN
1715666400,62672.349770403904,62717.22,61404.34,62159.3375,51.85667062221463,NaN,NaN
1715688000,62415.84363520195,62415.84363520195,61142.77,61639.08,46.78100732381621,NaN,NaN
1715709600,62027.461817600975,62027.461817600975,61224.07,61476.634999999995,45.29038749775468,NaN,NaN
1715731200,61752.04840880049,62082.64,61319.47,61727.07,48.03920838580076,NaN,NaN
1715752800,61739.55920440024,62999.44,61739.55920440024,62306.3125,53.81881115649082,NaN,NaN
1715774400,62022.93585220012,65150,62022.93585220012,63766.4425,64.5292713210275,NaN,NaN
1715796000,62894.68917610006,66444.16,62894.68917610006,65664.55249999999,73.22320241251722,NaN,NaN
1715817600,64279.620838050025,66666,64279.620838050025,66100.155,74.75258676143366,NaN,NaN
1715839200,65189.887919025015,66585.7,65189.887919025015,66131.1025,74.86243701632623,NaN,NaN
1715860800,65660.4952095125,66752.01,64602.77,65713.395,70.40949736409969,NaN,NaN
1715882400,65686.94510475625,65686.94510475625,64831.63,65160.46,64.9058198339343,NaN,NaN
1715904000,65423.70255237812,65901.46,65106.38,65485.762500000004,66.56182724614538,NaN,NaN
1715925600,65454.732526189066,66564.23,65454.732526189066,66015.72,69.11843880350264,NaN,NaN
1715947200,65735.22626309453,67451.2,65735.22626309453,66549.935,71.48518902566207,NaN,NaN
1715968800,66142.58063154726,67089.72,66142.58063154726,66757.72499999999,72.37212824344638,NaN,NaN
1715990400,66450.15281577362,67095.88,66450.15281577362,66925.03,73.09770221960167,NaN,NaN
1716012000,66687.59140788681,67400.01,66687.59140788681,67043.8825,73.62757118012391,NaN,NaN
1716033600,66865.73695394341,67227.97,66600,66971.3225,72.68632023954953,NaN,NaN
1716055200,66918.5297269717,67039.92,66771.76,66898.35,71.69367869255571,NaN,NaN
1716076800,66908.43986348585,67294.35,66837.39,67036.14,72.45851805143393,NaN,NaN
1716098400,66972.28993174293,67700,66930.4,67264.5075,73.72564503799461,NaN,NaN
1716120000,67118.39871587147,67330.01,66521.38,66975.3525,69.37346064642279,NaN,NaN
1716141600,67046.87560793574,67046.87560793574,65857.25,66402.12,61.608899101885804,NaN,NaN
1716163200,66724.49780396787,67295.99,66060.31,66691.665,63.812113421240205,NaN,NaN
1716184800,66708.08140198393,67349,66279.64,66939.8,65.63236918272892,NaN,NaN
1716206400,66823.94070099197,68649.98,66753.42,67682.2775,70.42594902025061,NaN,NaN
1716228000,67253.10910049599,71515.56,67253.10910049599,69896.57250000001,79.57548382464819,NaN,NaN
1716249600,68574.840800248,71979,68574.840800248,71335.37,83.21028320595548,NaN,NaN
1716271200,69955.105400124,71474.92,69955.105400124,71163.605,81.34904981598302,NaN,NaN
1716292800,70559.355200062,71455.09,69550,70498.035,74.40416817605747,NaN,NaN
1716314400,70528.69510003101,70528.69510003101,69162.94,69886.525,68.60873030154984,NaN,NaN
1716336000,70207.6100500155,70368.6,69165,69895.015,68.64524613310752,NaN,NaN
1716357600,70051.31252500776,70275.14,69587.62,69874.2525,68.43558836566211,NaN,NaN
1716379200,69962.78251250388,70666,69435.3,69925.24,68.68850249087961,NaN,NaN
1716400800,69944.01125625195,69976,68842.19,69462.0825,63.69579827469949,NaN,NaN
1716422400,69703.04687812598,69703.04687812598,69166.61,69359.7475,62.61288008927048,NaN,NaN
1716444000,69531.39718906299,70061,69382.73,69726.33499999999,64.91408757821554,NaN,NaN
1716465600,69628.86609453149,70096.12,67610.95,68832.26,55.8802354459403,NaN,NaN
1716487200,69230.56304726575,69230.56304726575,66312.16,67571.7175,46.1323980516447,NaN,NaN
1716508800,68401.14027363287,68401.14027363287,67080.99,67592.05,46.29513331202939,NaN,NaN
1716530400,67996.59513681644,67996.59513681644,66600.12,67213.425,43.65060927066731,NaN,NaN
1716552000,67605.01006840821,68931.31,66921.97,68030.575,50.255081068629195,NaN,NaN
1716573600,67817.79253420411,69250,67817.79253420411,68810.9875,55.606570557040094,NaN,NaN
1716595200,68314.39001710207,68910,68314.39001710207,68669.55,54.46302686851748,NaN,NaN
1716616800,68491.97000855103,69610,68491.97000855103,69012.11,56.781251918122265,NaN,NaN
1716638400,68752.0400042755,69299.99,68752.0400042755,69079.36499999999,57.24149425388248,NaN,NaN
1716660000,68915.70250213775,69356.6,68915.70250213775,69190.5825,58.03730714114267,NaN,NaN
1716681600,69053.14250106888,69319.31,68808.37,69139.45999999999,57.50747731450423,NaN,NaN
1716703200,69096.30125053444,69562.23,68974.55,69202.82,58.019005583673156,NaN,NaN
1716724800,69149.56062526722,69399,68668.6,68995.1625,55.65432136959649,NaN,NaN
1716746400,69072.36156263361,69072.36156263361,68128.01,68582.51,51.18948852673794,NaN,NaN
1716768000,68827.4357813168,69298,68321.95,68663.0575,51.99897407669496,NaN,NaN
1716789600,68745.2466406584,68944.2,68250,68538.265,50.59887833520392,NaN,NaN
1716811200,68641.7558203292,70687.56,68384,69422.4575,59.01852022960989,NaN,NaN
1716832800,69032.1066601646,70250,69032.1066601646,69734.8575,61.514293644661976,NaN,NaN
1716854400,69383.48208008229,69591.81,67486.65,68641.14,50.02736407549077,NaN,NaN
1716876000,69012.31104004115,69012.31104004115,67582.13,68231.095,46.520016398875185,NaN,NaN
1716897600,68621.70302002058,68621.70302002058,67529.62,68065.53749999999,45.14384733958509,NaN,NaN
1716919200,68343.62026001028,68661.28,67277.91,68030.065,44.83778933437928,NaN,NaN
1716940800,68186.84263000515,68935.68,68186.84263000515,68546.2125,50.13522567731248,NaN,NaN
1716962400,68366.52756500257,68667.72,67602.34,68154.5925,46.48739233961591,NaN,NaN
1716984000,68260.5600325013,68280,67124.65,67694.84,42.57130064123734,NaN,NaN
1717005600,67977.70001625064,67977.70001625064,67151.35,67560.245,41.46991274542871,NaN,NaN
1717027200,67768.97250812533,68422.89,67471.67,67920.2775,45.52950282288126,NaN,NaN
1717048800,67844.62500406266,68180.46,67128,67814.90000000001,44.555423213467876,NaN,NaN
1717070400,67829.76250203134,69500,67755,68596.7775,52.65004597732453,NaN,NaN
1717092000,68213.27000101567,69420,68050.01,68784.31999999999,54.370827761930784,NaN,NaN
1717113600,68498.79500050783,68729.73,68274,68449.655,50.821477928420975,NaN,NaN
1717135200,68474.22500025391,68474.22500025391,67876,68282.3625,49.09611351760942,NaN,NaN
1717156800,68378.29375012696,69044.1,66670,67851.65000000001,44.87227486302406,NaN,NaN
1717178400,68114.9718750635,68114.9718750635,67170,67512.945,41.824978145402426,NaN,NaN
1717200000,67813.95843753175,67813.95843753175,67428.44,67616.20000000001,43.093713577606295,NaN,NaN
1717221600,67715.07921876588,67760,67575.23,67670.5375,43.78847094071047,NaN,NaN
1717243200,67692.80835938294,67900,67556.72,67727.0775,44.54711470954316,NaN,NaN
1717264800,67709.94292969146,67885,67685.72,67782.1475,45.321176470109144,NaN,NaN
1717286400,67746.04521484574,67910.55,67643.33,67762.28,45.07671156591684,NaN,NaN
1717308000,67754.16260742287,68320.08,67367.2,67916.8025,47.45089283351281,NaN,NaN
1717329600,67835.48255371144,68460,67800,68097.7025,50.16675683466986,NaN,NaN
1717351200,67966.59252685572,67984.01,67257.47,67721.595,44.9636542673302,NaN,NaN
1717372800,67844.09376342787,68793.97,67612.48,68218.0175,52.034899046554244,NaN,NaN
1717394400,68031.05563171394,69333,68031.05563171394,68936.25,60.03544373285594,NaN,NaN
1717416000,68483.65281585697,70288,68483.65281585697,69284.2425,63.235193331720055,NaN,NaN
1717437600,68883.94765792848,69509.38,68730.51,69079.6925,60.184891850606775,NaN,NaN
1717459200,68981.82007896424,69370.01,68629.9,68941.4525,58.14360156316967,NaN,NaN
1717480800,68961.63628948212,69191.99,68567.32,68917.79250000001,57.782376080676976,NaN,NaN
1717502400,68939.71439474107,70999,68843.73,69840.6425,66.51951515128198,NaN,NaN
1717524000,69390.17844737053,71063.45,69390.17844737053,70564.45,71.50122373832633,NaN,NaN
1717545600,69977.31422368527,71275,69977.31422368527,70809.0825,72.96536458172582,NaN,NaN
1717567200,70393.19836184263,71379.21,70393.19836184263,71011.38,74.14815873791684,NaN,NaN
1717588800,70702.28918092132,71758,70383.66,71185.585,75.15616241834917,NaN,NaN
1717610400,70943.93709046066,71748.22,70700,71296.3,75.80193819550828,NaN,NaN
1717632000,71120.11854523033,71237.02,70800,71010.11750000001,70.68718097823526,NaN,NaN
1717653600,71065.11802261518,71204.59,70804,71018.5125,70.7495314654029,NaN,NaN
1717675200,71041.81526130758,71700,70800,71192.08,72.072201044105,NaN,NaN
1717696800,71116.9476306538,71158.87,70117.64,70793.4675,64.82262904119287,NaN,NaN
1717718400,70955.2075653269,71449.98,70663.59,71050.8075,67.12191091997828,NaN,NaN
1717740000,71003.00753266344,71700,71003.00753266344,71434.6775,70.24608038100547,NaN,NaN
1717761600,71218.84251633173,71997.02,69800.37,70825.245,60.42866559164544,NaN,NaN
1717783200,71022.04375816586,71022.04375816586,68420,69366.79500000001,44.42679793618613,NaN,NaN
1717804800,70194.41937908294,70194.41937908294,69232.15,69358.185,44.352129262963345,NaN,NaN
1717826400,69776.30218954147,69776.30218954147,69296.26,69391.0975,44.73450461795929,NaN,NaN
1717848000,69583.69984477074,69583.69984477074,69168.02,69366.3275,44.486749954223214,NaN,NaN
1717869600,69475.01367238536,69490,69290.28,69382.685,44.70454312739486,NaN,NaN
1717891200,69428.84933619268,69428.84933619268,69130.24,69273.64249999999,43.47992701497481,NaN,NaN
1717912800,69351.24591809633,69425.7,69273.47,69340.08499999999,44.477968299805774,NaN,NaN
1717934400,69345.66545904816,69777,69250.01,69513.8,47.10771639683849,NaN,NaN
1717956000,69429.73272952408,69857.14,69429.73272952408,69689.0325,49.696008379747084,NaN,NaN
1717977600,69559.38261476204,69801.34,69426,69613.9925,48.599244056002,NaN,NaN
1717999200,69586.68755738102,69618.76,69172.29,69461.3525,46.35806122014607,NaN,NaN
1718020800,69524.02002869052,70195.94,69201.59,69728.60500000001,50.64926829702866,NaN,NaN
1718042400,69626.31251434526,70141.1,69334.46,69764.6425,51.21599028380146,NaN,NaN
1718064000,69695.47750717263,69695.47750717263,67617,68662.645,37.16231620702878,NaN,NaN
1718085600,69179.06125358632,69179.06125358632,66732,67375.02,27.624120369899742,NaN,NaN
1718107200,68277.04062679317,68277.04062679317,66051,66747.7175,24.34574398298139,NaN,NaN
1718128800,67512.37906339658,67588.22,66652.39,67081.4625,29.16251417936165,NaN,NaN
1718150400,67296.92078169828,67624.89,66905,67271.8325,31.828712696216513,NaN,NaN
1718172000,67284.37664084914,68059.01,67229.78,67577.6075,35.99574024077717,NaN,NaN
1718193600,67430.99207042457,69999,67430.99207042457,68828.355,49.57369542334292,NaN,NaN
1718215200,68129.67353521229,69808.47,67250,68780.615,49.14514339705147,NaN,NaN
1718236800,68455.14426760614,68455.14426760614,66969.98,67807.90749999999,41.30931698824719,NaN,NaN
1718258400,68131.52588380306,68131.52588380306,67168,67620.8075,39.98857985914715,NaN,NaN
1718280000,67876.16669190153,68449.3,66251.78,67340.26999999999,38.025469236774704,NaN,NaN
1718301600,67608.21834595077,67608.21834595077,66530.84,66800.95999999999,34.51731974452423,NaN,NaN
1718323200,67204.58917297538,67221.32,66480,66881.705,35.477116170789756,NaN,NaN
1718344800,67043.14708648769,67256.32,66746.4,67022.805,37.20910626693916,NaN,NaN
1718366400,67032.97604324383,67370.24,65078.31,66225.1375,31.982460428709814,NaN,NaN
1718388000,66629.05677162192,66629.05677162192,65078,65791.38,29.55157624629993,NaN,NaN
1718409600,66210.21838581096,66389.1,65967.5,66158.10250000001,34.11130045230965,NaN,NaN
1718431200,66184.16044290549,66416.66,66065.8,66258.55500000001,35.34574694455634,NaN,NaN
1718452800,66221.35772145275,66478.48,66133.92,66295.5875,35.82310799470996,NaN,NaN
1718474400,66258.47261072637,66287.76,65857.1,66155.7775,34.779090001603336,NaN,NaN
1718496000,66207.12505536318,66269.74,66034.5,66199.1225,35.4075991498615,NaN,NaN
1718517600,66203.12377768158,66770,66172.5,66424.8325,38.71925546635723,NaN,NaN
1718539200,66313.97813884079,66793.72,66313.97813884079,66586.1425,41.045606159038115,NaN,NaN
1718560800,66450.06031942039,66998.7,66450.06031942039,66678.39749999999,42.39253066301655,NaN,NaN
1718582400,66564.22890971019,66913.69,66155,66524.2925,40.7189925778451,NaN,NaN
1718604000,66544.26070485509,66544.26070485509,65556,66030.705,35.83885080563756,NaN,NaN
1718625600,66287.48285242755,66607.28,65130,66040.44,36.001765363817015,NaN,NaN
1718647200,66163.96142621378,67298.81,66163.96142621378,66643.60500000001,45.27366981553446,NaN,NaN
1718668800,66403.78321310689,66588.23,64569,65814.3925,37.27780146218361,NaN,NaN
1718690400,66109.08785655344,66109.08785655344,65100,65465.5025,34.5156743332508,NaN,NaN
1718712000,65787.29517827672,65787.29517827672,64261.12,64917.7725,30.67316718282079,NaN,NaN
1718733600,65352.533839138356,65352.533839138356,64060,64787.5775,29.8232706599604,NaN,NaN
1718755200,65070.05566956918,65727.54,64810.62,65281.642499999994,36.961459705603374,NaN,NaN
1718776800,65175.84908478458,65656.24,65000,65319.832500000004,37.49074460071902,NaN,NaN
1718798400,65247.84079239229,65310.02,64756.28,65090.072499999995,35.55649826406851,NaN,NaN
1718820000,65168.956646196144,65168.956646196144,64666,64970.7875,34.55959625135692,NaN,NaN
1718841600,65069.87207309807,65613.3,64818.72,65230.08,38.59011178881121,NaN,NaN
1718863200,65149.97603654904,66482.94,65149.97603654904,65888.18,47.43858424258064,NaN,NaN
1718884800,65519.078018274515,66300.5,64559.15,65499.88249999999,43.459592539011815,NaN,NaN
1718906400,65509.48025913726,65509.48025913726,64830,64971.8025,38.704854817360385,NaN,NaN
1718928000,65240.641379568624,65240.641379568624,64318,64729.03,36.71609709395207,NaN,NaN
1718949600,64984.83568978431,64984.83568978431,63522.75,64173.3275,32.58840676036692,NaN,NaN
1718971200,64579.08159489215,64579.08159489215,63379.35,63795.100000000006,30.107445713508312,NaN,NaN
1718992800,64187.09079744608,64460.14,63648.02,63980.689999999995,32.810437842841836,NaN,NaN
1719014400,64083.89039872304,64427.98,63943.82,64234.8925,36.436471217306575,NaN,NaN
1719036000,64159.391449361516,64546.81,64159.391449361516,64362.6775,38.24080288228127,NaN,NaN
1719057600,64261.03447468075,64397.82,64246.52,64291.494999999995,37.6005078607008,NaN,NaN
1719079200,64276.264737340374,64330,64218.5,64266.7225,37.36602489106065,NaN,NaN
1719100800,64271.49361867019,64521,64262,64356.2525,38.85023644366775,NaN,NaN
1719122400,64313.87305933509,64437.28,64252.85,64352.89750000001,38.81311943192422,NaN,NaN
1719144000,64333.38527966755,64429.1,63918.58,64202.38250000001,37.10061241997155,NaN,NaN
1719165600,64267.88388983378,64267.88388983378,63178.32,63674.08500000001,31.797506195841237,NaN,NaN
1719187200,63970.98444491689,63970.98444491689,62258.01,62787.957500000004,25.272274699701597,NaN,NaN
1719208800,63379.470972458446,63379.470972458446,60567.01,61787.1425,20.224286354320924,NaN,NaN
1719230400,62583.30673622922,62583.30673622922,59859,60773.96000000001,16.60767798523176,NaN,NaN
1719252000,61678.63336811461,61678.63336811461,58402,59856.7975,14.14226083373417,NaN,NaN
1719273600,60767.7154340573,61598.87,60257.06,60793.310000000005,26.191028343801065,NaN,NaN
1719295200,60780.51271702866,61583.18,60624.63,61104.865000000005,29.724277978816602,NaN,NaN
1719316800,60942.68885851433,62134,60942.68885851433,61414.0775,33.14491216610162,NaN,NaN
1719338400,61178.383179257165,62420,61135.37,61685.705,36.08788260188576,NaN,NaN
1719360000,61432.04408962859,62487.81,61432.04408962859,61852.44500000001,37.89517136120985,NaN,NaN
1719381600,61642.2445448143,61800,61149.64,61489.22750000001,35.53770568162986,NaN,NaN
1719403200,61565.73602240715,61980,60855,61380.565,34.83942489555922,NaN,NaN
1719424800,61473.15051120358,61473.15051120358,60712,61016.22749999999,32.5313412686459,NaN,NaN
1719446400,61244.68900560179,61300,60764.73,60933.802500000005,32.014605549139034,NaN,NaN
1719468000,61089.245752800896,61455.15,60606.63,61015.825,33.152521727860616,NaN,NaN
1719489600,61052.53537640045,62389.22,61052.53537640045,61645.485,41.27807136467601,NaN,NaN
1719511200,61349.01018820022,61930,61338.56,61704.284999999996,41.98723617913638,NaN,NaN
1719532800,61526.64759410011,62225.31,61472.37,61752.0375,42.5935687366884,NaN,NaN
1719554400,61639.34254705005,61792.34,61212.11,61574.6125,40.883782618514175,NaN,NaN
1719576000,61606.97752352503,61875,60650,61260.4075,37.97644774474963,NaN,NaN
1719597600,61433.692511762514,61433.692511762514,60063,60546.8675,32.35028805240091,NaN,NaN
1719619200,60990.28000588126,61009.29,60383.77,60645.729999999996,33.81336103765075,NaN,NaN
1719640800,60818.00500294063,61224,60742.08,60957.6075,38.34354394502384,NaN,NaN
1719662400,60887.80625147031,61182.7,60887.80625147031,61060.229999999996,39.80356595850142,NaN,NaN
1719684000,60974.01812573515,61090,60839.51,60989.24,39.11356840008114,NaN,NaN
1719705600,60981.62906286758,61078.01,60712.21,60891.54,38.133812538533284,NaN,NaN
1719727200,60936.58453143379,61782,60771.33,61225.64750000001,43.35895386577556,NaN,NaN
1719748800,61081.1160157169,61864.01,61081.1160157169,61619.5,48.84392069470705,NaN,NaN
1719770400,61350.308007858446,63058.76,61350.308007858446,62303.2525,56.68584414366286,NaN,NaN
1719792000,61826.780253929224,63818.33,61826.780253929224,63149.15,64.03178924486167,NaN,NaN
1719813600,62487.96512696461,63464.74,62487.96512696461,63038.21,62.53387056281536,NaN,NaN
1719835200,62763.0875634823,63697.66,62497.2,63138.652500000004,63.36937914447663,NaN,NaN
1719856800,62950.87003174116,63861.76,62804.6,63316.0025,64.85948976918786,NaN,NaN
1719878400,63133.43626587058,63288.83,62787.42,63000.0625,60.16411894280391,NaN,NaN
1719900000,63066.74938293529,63066.74938293529,62401.23,62826.525,57.693549668775695,NaN,NaN
1719921600,62946.63719146764,63152,61806.28,62484.567500000005,53.069054746554144,NaN,NaN
1719943200,62715.60234573382,62715.60234573382,61875.55,62131.954999999994,48.731388927898216,NaN,NaN
1719964800,62423.77867286691,62423.77867286691,60600,61535.729999999996,42.41800577912263,NaN,NaN
1719986400,61979.754336433456,61979.754336433456,59600,60572.3425,34.614541472752634,NaN,NaN
1720008000,61276.04841821673,61276.04841821673,59752.29,60312.46,32.85845824290044,NaN,NaN
1720029600,60794.25420910836,60794.25420910836,59400,60106.494999999995,31.494737100518705,NaN,NaN
1720051200,60450.37460455418,60498.19,57800.01,59352.192500000005,27.06460313721749,NaN,NaN
1720072800,59901.28355227709,59901.28355227709,56952,58173.03,21.88266832914175,NaN,NaN
1720094400,59037.156776138545,59037.156776138545,56771,57792.6375,20.517878712196236,NaN,NaN
1720116000,58414.89713806927,58813.13,56866,57742.2825,20.337057702146595,NaN,NaN
1720137600,58078.589819034634,58078.589819034634,53485.93,55721.99249999999,14.728691199225125,NaN,NaN
1720159200,56900.291159517314,56900.291159517314,53871.16,54953.42,13.233555475158013,NaN,NaN
1720180800,55926.85557975866,57040.02,54828.52,55952.057499999995,24.02533290642147,NaN,NaN
1720202400,55939.45653987933,56866,55779.33,56431.82750000001,28.618743503138134,NaN,NaN
1720224000,56185.64201993967,56998,56018,56501.832500000004,29.290519931928586,NaN,NaN
1720245600,56343.737259969836,56876.33,56343.737259969836,56579.2825,30.074586009637656,NaN,NaN
1720267200,56461.50987998492,58113,56461.50987998492,57327.4025,37.306183654420614,NaN,NaN
1720288800,56894.45618999246,58475,56894.45618999246,58100.582500000004,43.777643793107,NaN,NaN
1720310400,57497.51934499623,58449.46,57416,57935.8975,42.76507411490355,NaN,NaN
1720332000,57716.708422498115,57911.71,57073.36,57523.265,40.252823537605835,NaN,NaN
1720353600,57619.98671124906,57631.02,56563.46,57221.395,38.4722397955146,NaN,NaN
1720375200,57420.69085562453,57420.69085562453,55724.37,56551.32,34.79309208367728,NaN,NaN
1720396800,56986.00542781227,56986.00542781227,54260.16,55404.935,29.581078687582846,NaN,NaN
1720418400,56195.470213906134,58236.73,55207.17,56519.155,39.12594533067128,NaN,NaN
1720440000,56357.31260695307,57621.1,54800,56465.6225,38.853461041006156,NaN,NaN
1720461600,56411.467553476534,56971.94,56155.63,56532.3925,39.420161118198024,NaN,NaN
1720483200,56471.930026738264,57432.93,56289.45,56932.119999999995,42.835806736350634,NaN,NaN
1720504800,56702.02501336913,57900,56702.02501336913,57407.747500000005,46.687579889619684,NaN,NaN
1720526400,57054.886256684564,58131.09,56903,57496.277500000004,47.39805136561026,NaN,NaN
1720548000,57275.58187834229,58296,57275.58187834229,57827.905,50.081683216705684,NaN,NaN
1720569600,57551.74343917114,59470,57309.09,58451.025,54.75277978086435,NaN,NaN
1720591200,58001.38421958557,59313.06,58001.38421958557,58772.9325,56.99178163166019,NaN,NaN
1720612800,58387.15835979278,58550,57439.67,58027.369999999995,50.73042175139313,NaN,NaN
1720634400,58207.26417989639,58207.26417989639,57157.79,57597.7575,47.492551292861535,NaN,NaN
1720656000,57902.5108399482,58407.05,57050,57794.2275,49.09275263610969,NaN,NaN
1720677600,57848.3691699741,58936.52,57848.3691699741,58395.35249999999,53.738218714600535,NaN,NaN
1720699200,58121.86083498705,59650,57178,58350.8275,53.349883321785605,NaN,NaN
1720720800,58236.344167493524,58236.344167493524,57150,57571.955,46.95733170443026,NaN,NaN
1720742400,57904.14958374677,57904.14958374677,56542.47,57120.055,43.6865667231241,NaN,NaN
1720764000,57512.10229187338,57512.10229187338,56767.05,57103.1825,43.56455515993018,NaN,NaN
1720785600,57307.642395936695,58428.91,57000,57698.567500000005,48.97957760612953,NaN,NaN
1720807200,57503.10494796835,58526.68,57150.06,57931.915,50.965402146304925,NaN,NaN
1720828800,57717.509973984175,58179.92,57717.509973984175,57975.41499999999,51.34558268980731,NaN,NaN
1720850400,57846.46248699208,58854.98,57846.46248699208,58341.3925,54.53914010197926,NaN,NaN
1720872000,58093.92749349604,58964.89,58093.92749349604,58660.3175,57.17698098790196,NaN,NaN
1720893600,58377.12249674802,59850,58288.19,59012.5525,59.94158740326414,NaN,NaN
1720915200,58694.83749837401,60296,58694.83749837401,59739.850000000006,64.97029901656519,NaN,NaN
1720936800,59217.343749187006,60400,59217.343749187006,60137.795000000006,67.38299559464978,NaN,NaN
1720958400,59677.569374593506,60236.13,59466.67,59951.865,65.12599461601911,NaN,NaN
1720980000,59814.71718729675,61420.69,59814.71718729675,60526.04,68.62137782970677,NaN,NaN
1721001600,60170.37859364838,62968.15,60170.37859364838,61799.587499999994,74.68268353250116,NaN,NaN
1721023200,60984.983046824185,63243.71,60984.983046824185,62696.9275,77.91917312074563,NaN,NaN
1721044800,61840.955273412095,63730,61840.955273412095,62927.659999999996,78.6740923633725,NaN,NaN
1721066400,62384.30763670604,64900,62384.30763670604,63924.86,81.60174750874091,NaN,NaN
1721088000,63154.58381835302,64993.95,63154.58381835302,64209.457500000004,82.34660654389845,NaN,NaN
1721109600,63682.020659176516,63880.61,62373.24,63413.72,73.39892272778073,NaN,NaN
1721131200,63547.87032958826,65200,63063.83,64139.365,75.96381711585695,NaN,NaN
1721152800,63843.61766479413,65388.97,63843.61766479413,64773.869999999995,77.96454409247833,NaN,NaN
1721174400,64308.743832397064,66128.63,64308.743832397064,65432.2375,79.8396998213868,NaN,NaN
1721196000,64870.49066619853,65790,64560,65174.4325,77.0738414283134,NaN,NaN
1721217600,65022.46158309927,65400,63854,64564.14,70.8193187608436,NaN,NaN
1721239200,64793.300791549635,64793.300791549635,64058,64295.21,68.19320130325677,NaN,NaN
1721260800,64544.25539577482,65133.3,63910,64472.015,69.00690688863267,NaN,NaN
1721282400,64508.13519788741,65061.5,64441.94,64754.55,70.31386996491898,NaN,NaN
1721304000,64631.34259894371,65111.29,63333,64189.4525,64.45899355931687,NaN,NaN
1721325600,64410.397549471854,64410.397549471854,63238.48,63726.087499999994,60.04399246161648,NaN,NaN
1721347200,64068.24252473592,64383.9,63300.67,63959.1225,61.47319221348097,NaN,NaN
1721368800,64013.68251236796,64486,63409.01,64043.7525,62.0047228882096,NaN,NaN
1721390400,64028.71750618398,66829.82,64005.57,65426.7,69.4274432901963,NaN,NaN
1721412000,64727.70875309199,67386,64727.70875309199,66804.76999999999,74.7260014936087,NaN,NaN
1721433600,65766.23937654599,66822.22,65766.23937654599,66560.5025,72.33300773016842,NaN,NaN
1721455200,66163.370938273,66775.11,66163.370938273,66563.735,72.34562865389643,NaN,NaN
1721476800,66363.55296913651,67598,66273.62,66939.58,73.83988063914893,NaN,NaN
1721498400,66651.56648456826,67577.57,66651.56648456826,67227.86,74.95758434437235,NaN,NaN
1721520000,66939.71324228414,67436.22,66890,67128.0475,73.78216331172626,NaN,NaN
1721541600,67033.88037114206,67093.42,66592.1,66902.8775,71.0744561213701,NaN,NaN
1721563200,66968.37893557103,67713,66484.55,66931.3875,71.21848030025296,NaN,NaN
1721584800,66949.88321778551,68366.66,65777,67239.2525,72.79380288397543,NaN,NaN
1721606400,67094.56785889275,68474.55,67094.56785889275,67946.47750000001,76.03835251320234,NaN,NaN
1721628000,67520.52267944638,67743.66,66944.1,67457.44499999999,69.83633717774657,NaN,NaN
1721649600,67488.9838397232,67952.39,66559.97,67374.0925,68.8062041115404,NaN,NaN
1721671200,67431.5381698616,68256,67224.11,67620.0275,70.20280910481154,NaN,NaN
1721692800,67525.7828349308,67750.98,66326,67009.245,62.695370846157466,NaN,NaN
1721714400,67267.5139174654,67267.5139174654,66256.39,66631.605,58.52786652067705,NaN,NaN
1721736000,66949.55945873269,67349.03,65744.94,66427.565,56.34842908710683,NaN,NaN
1721757600,66688.56222936635,66688.56222936635,65441.08,65855.675,50.65485872387728,NaN,NaN
1721779200,66272.11861468318,66272.11861468318,65476.84,65843.215,50.5350507266808,NaN,NaN
1721800800,66057.6668073416,66600,65762.01,66136.0025,53.328468696848184,NaN,NaN
1721822400,66096.8346536708,67102.01,65963.17,66504.7975,56.6493343146396,NaN,NaN
1721844000,66300.8160768354,66650,65111,65930.7525,50.61258218657005,NaN,NaN
1721865600,66115.7842884177,66115.7842884177,63800,64764.755000000005,41.044947196416764,NaN,NaN
1721887200,65440.26964420885,65440.26964420885,63878,64179.2525,37.238227317443126,NaN,NaN
1721908800,64809.761072104426,65170,63456.7,64443.67250000001,39.947021461259844,NaN,NaN
1721930400,64626.71678605222,66175.49,64388.46,65353.97,48.23075900370033,NaN,NaN
1721952000,64990.34339302611,67480,64990.34339302611,66481.645,56.27690580797216,NaN,NaN
1721973600,65735.99419651306,67498,65735.99419651306,67154.505,60.247088888310046,NaN,NaN
1721995200,66445.24959825653,68000,66445.24959825653,67396.4975,61.59766527652751,NaN,NaN
1722016800,66920.87354912827,68200,66920.87354912827,67704.0175,63.303853046596444,NaN,NaN
1722038400,67312.44552456413,68081.57,67312.44552456413,67878.695,64.27479270065533,NaN,NaN
1722060000,67595.57026228207,68295.39,67595.57026228207,68071.735,65.36542087158682,NaN,NaN
1722081600,67833.65263114104,69399.99,67833.65263114104,68586.3275,68.15621300866215,NaN,NaN
1722103200,68209.99006557051,69182.94,66650,68067.36,62.6715563191989,NaN,NaN
1722124800,68138.67503278525,68285.43,67066.66,67667.64499999999,58.75009836347002,NaN,NaN
1722146400,67903.16001639262,68000,67220,67619.5025,58.27712349308423,NaN,NaN
1722168000,67761.33125819631,68123.32,67577.63,67881.35750000001,60.15604577435468,NaN,NaN
1722189600,67821.34437909815,68318.43,67801.62,68089.6,61.63568292552026,NaN,NaN
1722211200,67955.47218954908,69800,67955.47218954908,68969.9875,67.18406936724872,NaN,NaN
1722232800,68462.72984477454,69888,68462.72984477454,69626.27,70.59773976941987,NaN,NaN
1722254400,69044.49992238727,70079.99,66428,68275.77,57.37186818391882,NaN,NaN
1722276000,68660.13496119363,68660.13496119363,66600,66988.36,48.11755792598385,NaN,NaN
1722297600,67824.24748059682,67824.24748059682,65862,66504.1725,45.16672230436175,NaN,NaN
1722319200,67164.2099902984,67164.2099902984,66404.53,66615.6375,45.98790929095324,NaN,NaN
1722340800,66889.9237451492,66948,65555,66236.2525,43.59481918520558,NaN,NaN
1722362400,66563.0881225746,66563.0881225746,65302.67,65928.8925,41.70152042870254,NaN,NaN
1722384000,66245.9903112873,66413.28,65496,66068.2,42.91168198094398,NaN,NaN
1722405600,66157.09515564365,66554.4,65954.54,66194.62,44.046789765188215,NaN,NaN
1722427200,66175.85757782182,66849.24,65963.25,66398.125,45.91119877065403,NaN,NaN
1722448800,66286.99128891091,66733.99,64530,65644.5,40.525856813629595,NaN,NaN
1722470400,65965.74564445546,65965.74564445546,63584,64339.322499999995,33.25135900521937,NaN,NaN
1722492000,65152.534072227725,65152.534072227725,64124,64450.915,34.33664449370393,NaN,NaN
1722513600,64801.72453611386,64949.58,62302,63786.46,31.09471612661538,NaN,NaN
1722535200,64294.092268056935,65659.78,62811.26,64261.265,35.76207765221453,NaN,NaN
1722556800,64277.67863402847,65596.14,63668,64697.0425,39.79296236864923,NaN,NaN
1722578400,64487.360567014235,64974,63807.29,64402.82750000001,38.05666422535251,NaN,NaN
1722600000,64445.09403350712,65524.01,62432.9,63928.732500000006,35.37789519997253,NaN,NaN
1722621600,64186.91326675356,64186.91326675356,61230.01,62261.58750000001,27.9322389593313,NaN,NaN
1722643200,63224.250383376784,63224.250383376784,60505,61419.689999999995,25.063546196116107,NaN,NaN
1722664800,62321.97019168839,62321.97019168839,61457.89,61768.415,28.34620707728878,NaN,NaN
1722686400,62045.1925958442,62198.22,60387,61270.15,26.55617664864748,NaN,NaN
1722708000,61657.671297922105,61657.671297922105,59850,60493.47749999999,24.010893992077342,NaN,NaN
1722729600,61075.57439896105,61117.63,60320,60731.905,26.344766771313985,NaN,NaN
1722751200,60903.739699480524,61000,60081.57,60692.3925,26.201148722230386,NaN,NaN
1722772800,60798.06609974026,61097.55,57122.77,59245.1875,21.564235575993976,NaN,NaN
1722794400,60021.62679987013,60021.62679987013,57748.85,58339.32,19.26588203866052,NaN,NaN
1722816000,59180.473399935065,59180.473399935065,52300,55371.1475,14.000450960703276,NaN,NaN
1722837600,57275.81044996753,57275.81044996753,49000,51569.09,10.167242458267395,NaN,NaN
1722859200,54422.45022498377,55600,49542.83,52797.705,17.981932653594185,NaN,NaN
1722880800,53610.077612491885,55200,52555,54120.4525,25.496430029813382,NaN,NaN
1722902400,53865.265056245946,56276,53865.265056245946,55042.6975,30.29186403533282,NaN,NaN
1722924000,54453.98127812297,56169.48,54453.98127812297,55476.365000000005,32.492254185865406,NaN,NaN
1722945600,54965.17313906149,56988.83,54371.94,55766.192500000005,33.99187350520154,NaN,NaN
1722967200,55365.682819530746,57040.99,55365.682819530746,56338.7525,36.970639700022765,NaN,NaN
1722988800,55852.217659765374,57287.99,55557.88,56415.97,37.38105559136036,NaN,NaN
1723010400,56134.09382988269,57736.05,56134.09382988269,57010.035,40.586367431898026,NaN,NaN
1723032000,56572.06441494134,57479.6,55435,56362.145,38.284703923137535,NaN,NaN
1723053600,56467.10470747067,56467.10470747067,54558.62,55221.7125,34.56853369401999,NaN,NaN
1723075200,55844.40860373534,57636.36,54730,56113.935,39.51511798462032,NaN,NaN
1723096800,55979.17180186767,57670.04,55979.17180186767,57185.130000000005,44.90083835887581,NaN,NaN
1723118400,56582.15090093383,59863,56582.15090093383,58338.3475,50.0567033843759,NaN,NaN
1723140000,57460.24920046692,62745.14,57460.24920046692,60784.6525,58.85264827498696,NaN,NaN
1723161600,59122.45085023346,61744.37,59122.45085023346,61252,60.29145760031956,NaN,NaN
1723183200,60187.22542511673,61225,60170.16,60759.847499999996,57.991753035133684,NaN,NaN
1723204800,60473.53646255836,61115.11,59535,60375.715,56.190216757849996,NaN,NaN
1723226400,60424.62573127918,60986.03,59835.38,60464.225,56.52534336262145,NaN,NaN
1723248000,60444.42536563959,61470.58,60242,60726.5075,57.56134646483996,NaN,NaN
1723269600,60585.4664328198,61116.65,60330,60680.7475,57.304769860880754,NaN,NaN
1723291200,60633.1069664099,60949.99,60400,60759.667499999996,57.65533646262077,NaN,NaN
1723312800,60696.38723320495,61196.63,60696.38723320495,60905.8075,58.337522740434345,NaN,NaN
1723334400,60801.09736660248,61382.73,60801.09736660248,61075.4725,59.16013733009588,NaN,NaN
1723356000,60938.28493330124,61858,60425,61016.61,58.726906288856206,NaN,NaN
1723377600,60977.44746665062,60977.44746665062,59941,60409.075,54.30652540042662,NaN,NaN
1723399200,60693.261233325306,60693.261233325306,58286.73,59402.5675,47.87698722512521,NaN,NaN
1723420800,60047.91436666265,60047.91436666265,58100.06,58618.1375,43.54952715887599,NaN,NaN
1723442400,59333.02593333132,59990,57642.21,59013.869999999995,46.191853737411236,NaN,NaN
1723464000,59173.447966665655,60711.09,57800,59414.72749999999,48.80589158557454,NaN,NaN
1723485600,59294.087733332824,59745.99,58440.54,59207.322499999995,47.519568047356266,NaN,NaN
1723507200,59250.70511666641,59923.28,58830.23,59328.034999999996,48.37242732562708,NaN,NaN
1723528800,59289.3700583332,59476,58392.88,58977.72,46.034379227412536,NaN,NaN
1723550400,59133.545029166606,61578.1,58709.57,60071.315,53.5777314345992,NaN,NaN
1723572000,59602.430014583304,61214.95,59602.430014583304,60803.362499999996,57.82731069939087,NaN,NaN
1723593600,60202.89625729165,61302.88,60202.89625729165,60787.4225,57.70344386271855,NaN,NaN
1723615200,60495.159378645825,61453,60495.159378645825,61055.4525,59.2827987977494,NaN,NaN
1723636800,60775.30593932291,61800,58615.06,60220.075,52.68031764963955,NaN,NaN
1723658400,60497.69046966145,60497.69046966145,58433.18,58936.8875,44.484708320642284,NaN,NaN
1723680000,59717.288984830724,59717.288984830724,58010,58513.21000000001,42.15291303728427,NaN,NaN
1723701600,59115.249492415365,59115.249492415365,57713.88,58411.774999999994,41.59081225413039,NaN,NaN
1723723200,58763.51224620768,59849.38,58532.42,59000.564999999995,46.08502169586684,NaN,NaN
1723744800,58882.03862310384,58882.03862310384,56078.54,57843.2125,39.63014801851757,NaN,NaN
1723766400,58362.62556155192,58517.47,57098.62,57838.287500000006,39.60472657342168,NaN,NaN
1723788000,58100.45653077596,58683.47,58059.73,58334.802500000005,43.53704742928732,NaN,NaN
1723809600,58217.629515387984,59360.23,57526.31,58625.5975,45.764305028387504,NaN,NaN
1723831200,58421.613507694,59817.76,58421.613507694,59153.05,49.64434515032426,NaN,NaN
1723852800,58787.331753847,59389.18,58785.05,59052.9975,48.92927433248534,NaN,NaN
1723874400,58920.1646269235,59477.16,58920.1646269235,59207.355,50.122891379018164,NaN,NaN
1723896000,59063.75981346175,59700,59063.75981346175,59341.4925,51.19048177891165,NaN,NaN
1723917600,59202.626156730876,59541.93,59113.68,59394.042499999996,51.62731013691483,NaN,NaN
1723939200,59298.33432836544,60259.01,59256.56,59624.39,53.58810027785834,NaN,NaN
1723960800,59461.36216418272,60200,59436,59787.5025,54.979741502356895,NaN,NaN
1723982400,59624.43233209136,60284.99,59377.14,59803.427500000005,55.12122825628285,NaN,NaN
1724004000,59713.92991604569,59869.77,58408.92,59058.405000000006,47.586520978655045,NaN,NaN
1724025600,59386.16745802284,59386.16745802284,58210.03,58469.097499999996,42.62342057975009,NaN,NaN
1724047200,58927.632479011416,58927.632479011416,57787.3,58351.315,41.68758547829068,NaN,NaN
1724068800,58639.47373950571,59290,58029.77,58684.58,45.34421363743416,NaN,NaN
1724090400,58662.02686975285,59617.63,58662.02686975285,59202.435,50.53486786787869,NaN,NaN
1724112000,58932.230934876425,61400,58932.230934876425,60330.45,59.54700884154479,NaN,NaN
1724133600,59631.34046743821,61144.02,59631.34046743821,60796.185,62.578515328651775,NaN,NaN
1724155200,60213.76273371911,60955.99,58548.23,59765.63250000001,53.09670318418623,NaN,NaN
1724176800,59989.69761685956,59989.69761685956,58802.35,59144.58500000001,48.34293016056741,NaN,NaN
1724198400,59567.14130842978,59567.14130842978,58783.47,59174.3125,48.580241870329836,NaN,NaN
1724220000,59370.72690421489,59924.13,59085.88,59437.785,50.74019190031003,NaN,NaN
1724241600,59404.25595210744,60201.98,58850,59585.384999999995,51.95770370405821,NaN,NaN
1724263200,59494.82047605372,61820.93,59494.82047605372,60687.152500000004,59.920889097339476,NaN,NaN
1724284800,60090.98648802686,61229,59724.87,60708.475,60.05886914017853,NaN,NaN
1724306400,60399.73074401343,61400,60399.73074401343,61035.6275,62.20861822051442,NaN,NaN
1724328000,60717.67912200672,61398.18,60100,60749.74249999999,59.20955894220704,NaN,NaN
1724349600,60733.71081100336,60733.71081100336,60131,60344.854999999996,55.154100246198105,NaN,NaN
1724371200,60539.28290550168,61089.6,60342.14,60665.957500000004,57.6325196167593,NaN,NaN
1724392800,60602.62020275084,61367.74,60602.62020275084,60914.197499999995,59.49615548013354,NaN,NaN
1724414400,60758.40885137542,63015.99,60741.68,61874.81,65.7707658017795,NaN,NaN
1724436000,61316.60942568771,64955,61316.60942568771,63662.8025,73.8812252163035,NaN,NaN
1724457600,62489.70596284386,64206.7,62489.70596284386,63964.62500000001,74.95981525231062,NaN,NaN
1724479200,63227.16548142194,64494.5,63227.16548142194,64063.872500000005,75.32071683909673,NaN,NaN
1724500800,63645.518990710974,64413.01,63645.518990710974,64060.25,75.27806937259481,NaN,NaN
1724522400,63852.88449535549,64444,63531,64045.7525,75.09481339857658,NaN,NaN
1724544000,63949.31849767774,64507.04,63949.31849767774,64200.39,75.77231142933204,NaN,NaN
1724565600,64074.85424883887,64163.64,63773.27,63987.08,72.8292120466082,NaN,NaN
1724587200,64030.96712441943,64288,63805,64026.97749999999,73.04013857209002,NaN,NaN
1724608800,64028.97231220971,65000,64028.97231220971,64356.5625,74.7817465622198,NaN,NaN
1724630400,64192.76740610486,64481,63790,64110.25,71.08585159151197,NaN,NaN
1724652000,64151.50870305243,64151.50870305243,63220.95,63767.28999999999,66.18128207286985,NaN,NaN
1724673600,63959.39935152621,63959.39935152621,63061,63563.735,63.385948102218954,NaN,NaN
1724695200,63761.567175763106,63761.567175763106,62800,63178.25,58.35886829551699,NaN,NaN
1724716800,63469.90858788155,63469.90858788155,62657,62963.255,55.705331512534705,NaN,NaN
1724738400,63216.58179394077,63216.58179394077,62230,62737.07,52.97623159406515,NaN,NaN
1724760000,62976.82589697039,62976.82589697039,61473.03,62079.585,45.931843392577356,NaN,NaN
1724781600,62528.2054484852,62528.2054484852,58034.01,60394.7675,33.601553762381016,NaN,NaN
1724803200,61461.4864742426,61461.4864742426,58917.12,59320.265,28.370739415699106,NaN,NaN
1724824800,60390.8757371213,60390.8757371213,58516,59493.4775,30.255585374747966,NaN,NaN
1724846400,59942.176618560654,60160,57860,59151.2475,28.65139922788275,NaN,NaN
1724868000,59546.712059280326,59849.99,58597.66,59033.1375,28.097700836943844,NaN,NaN
1724889600,59289.92477964016,59460,58878.46,59202.38249999999,30.179897603645344,NaN,NaN
1724911200,59246.15363982008,60477,59246.15363982008,59837.557499999995,37.49553640899418,NaN,NaN
1724932800,59541.85556991004,61166.99,59541.85556991004,60439.2625,43.53157936921025,NaN,NaN
1724954400,59990.55903495502,60548.99,58713.09,59788.5225,39.13044486851802,NaN,NaN
1724976000,59889.540767477505,59889.540767477505,58685,59078.91,34.9775747577969,NaN,NaN
1724997600,59484.225383738754,59674.42,58705.01,59139.855,35.60963137371267,NaN,NaN
1725019200,59312.04019186938,59944.07,57701.1,58918.020000000004,34.302569518086585,NaN,NaN
1725040800,59115.03009593469,59371,58625,58937.725,34.53244140613778,NaN,NaN
1725062400,59026.37754796735,59462.38,59026.37754796735,59217.1925,37.85362463979299,NaN,NaN
1725084000,59121.78502398367,59264.95,58831.88,59107.4575,37.05864721780077,NaN,NaN
1725105600,59114.62126199184,59244.04,58744,59030.5475,36.480379435317545,NaN,NaN
1725127200,59072.58438099592,59141.72,58763.29,58973.042499999996,36.02770752794734,NaN,NaN
1725148800,59022.81344049796,59076.59,57777,58453.3975,32.14588710978498,NaN,NaN
1725170400,58738.10547024898,58738.10547024898,57840,58142.8325,30.061223862104896,NaN,NaN
1725192000,58440.46898512449,58440.46898512449,57201,57982.467500000006,29.014883245721805,NaN,NaN
1725213600,58211.468242562245,58788.93,57205,57855.942500000005,28.18143065001152,NaN,NaN
1725235200,58033.705371281125,58033.705371281125,57128,57550.692500000005,26.224265729131048,NaN,NaN
1725256800,57792.19893564057,58680.76,57362.06,58062.457500000004,34.444313606558666,NaN,NaN
1725278400,57927.328217820286,58808,57927.328217820286,58462.005000000005,40.059494217922456,NaN,NaN
1725300000,58194.66660891015,59425.69,58194.66660891015,58847.54000000001,44.95866310771299,NaN,NaN
1725321600,58521.10330445508,59809.65,58521.10330445508,59278.942500000005,49.893777262289454,NaN,NaN
1725343200,58900.022902227545,59195.63,58717,59042.6575,47.38760364159718,NaN,NaN
1725364800,58971.34020111377,59350,57568,58422.0025,41.49200415153645,NaN,NaN
1725386400,58696.67135055689,58696.67135055689,57415,57712.955,35.9841302322705,NaN,NaN
1725408000,58204.81317527845,58204.81317527845,55606,56822.32,30.506196735560565,NaN,NaN
1725429600,57513.56658763922,57513.56658763922,56209.99,56486.235,28.728904412203008,NaN,NaN
1725451200,56999.900793819616,58519,56187.61,57289.4025,38.02180707273897,NaN,NaN
1725472800,57144.651646909806,58390,57144.651646909806,57971.2275,44.62295151753359,NaN,NaN
1725494400,57557.9395734549,58327.07,56891.07,57596.0075,41.97351563233747,NaN,NaN
1725516000,57576.973536727455,57576.973536727455,56541.68,56919.93,37.63731881337649,NaN,NaN
1725537600,57248.451768363724,57350,55817.51,56617.1275,35.85090753880044,NaN,NaN
1725559200,56932.78963418186,56932.78963418186,55643.65,56284.1625,33.943085327937894,NaN,NaN
1725580800,56608.47606709093,56858.88,55989,56379.7225,35.01197607636338,NaN,NaN
1725602400,56494.09928354547,56518,55280,56072.025,33.15179755854221,NaN,NaN
1725624000,56283.06214177274,57008,53632.83,55143.729999999996,28.271621917728865,NaN,NaN
1725645600,55713.39607088637,55713.39607088637,52550,53611.245,22.407353492137247,NaN,NaN
1725667200,54662.320535443185,54662.320535443185,53745.54,54068.655000000006,27.257401460140002,NaN,NaN
1725688800,54365.4877677216,54492.98,54028.22,54258.052500000005,29.22995239895853,NaN,NaN
1725710400,54311.7701338608,54850,54000,54327.5025,29.979752934521684,NaN,NaN
1725732000,54319.6363169304,54457.82,53814.01,54141.6725,29.09159132543884,NaN,NaN
1725753600,54230.6544084652,54575,53964,54260.9675,30.51473184226728,NaN,NaN
1725775200,54245.8109542326,54722.85,54245.8109542326,54471.009999999995,33.0621001829188,NaN,NaN
1725796800,54358.4104771163,54567,53629.01,54315.525,32.1232747967634,NaN,NaN
1725818400,54336.967738558145,55318,54184,54720.4875,37.130588244000485,NaN,NaN
1725840000,54528.727619279074,55370.23,54528.727619279074,54875.034999999996,38.980638039619265,NaN,NaN
1725861600,54701.88130963953,55555,54644.01,55032.97,40.8947663367388,NaN,NaN
1725883200,54867.425654819766,56775.24,54804,55839.5275,49.59137393300867,NaN,NaN
1725904800,55353.47657740988,58088,55353.47657740988,56977,58.7985542168218,NaN,NaN
1725926400,56165.23828870494,57065.34,56165.23828870494,56859.8,57.63054596838166,NaN,NaN
1725948000,56512.51914435247,57378,56512.51914435247,57080.6375,59.272267113112754,NaN,NaN
1725969600,56796.57832217623,57468.98,56502.31,57093.814999999995,59.37342543505935,NaN,NaN
1725991200,56945.19666108811,58044.36,56945.19666108811,57508.0675,62.52461333265417,NaN,NaN
1726012800,57226.632080544055,57750,56100,56932.4975,56.022637652496535,NaN,NaN
1726034400,57079.56479027202,57079.56479027202,56174,56527.9525,51.934690736072305,NaN,NaN
1726056000,56803.75864513601,57868.47,55545.19,56976.415,55.786302544971875,NaN,NaN
1726077600,56890.086822568,57981.71,56890.086822568,57556.2025,60.22401454978144,NaN,NaN
1726099200,57223.144661284,58470.01,57223.144661284,57775.005000000005,61.782948006597515,NaN,NaN
1726120800,57499.074830642,58350,57499.074830642,58053.07,63.72853416491596,NaN,NaN
1726142400,57776.072415321,58588,57345.23,58095.082500000004,64.02651795731903,NaN,NaN
1726164000,57935.5774576605,58450.99,57781.1,58188.380000000005,64.71968225908824,NaN,NaN
1726185600,58061.978728830254,58290.4,57798.49,58041.799999999996,62.6763144104405,NaN,NaN
1726207200,58051.889364415125,58350,57742,57977.277500000004,61.75207834716701,NaN,NaN
1726228800,58014.58343220757,59971.17,57632.62,58764.722499999996,67.96143065424896,NaN,NaN
1726250400,58389.65296610378,60625,58389.65296610378,60046.25,75.05817387479611,NaN,NaN
1726272000,59217.95148305189,60610.45,59217.95148305189,60233.69,75.8990633688317,NaN,NaN
1726293600,59725.820741525946,60174,59605.98,59853.0925,70.6877948442482,NaN,NaN
1726315200,59789.45662076297,60010,59626.01,59806.9175,70.05930463848969,NaN,NaN
1726336800,59798.18706038149,60134.13,59400,59853.105,70.34334397881383,NaN,NaN
1726358400,59825.64603019075,60280.06,59825.64603019075,60104.7725,71.90720762795463,NaN,NaN
1726380000,59965.20926509537,60214.34,59880,60063.7125,71.24709150784746,NaN,NaN
1726401600,60014.46088254769,60395.8,59707.08,59979.365000000005,69.82894420533167,NaN,NaN
1726423200,59996.91294127385,60181.8,58691.05,59454.729999999996,61.61402139525673,NaN,NaN
1726444800,59725.82147063692,59725.82147063692,58112,58781.175,52.994224378000574,NaN,NaN
1726466400,59253.49823531846,59253.49823531846,58506,58754.835,52.68382405518361,NaN,NaN
1726488000,59004.166617659226,59004.166617659226,57493.3,58280.81,47.31296285297197,NaN,NaN
1726509600,58642.48830882961,58642.48830882961,57608,58101.9975,45.43146098774467,NaN,NaN
1726531200,58372.2429044148,58779.08,57610.01,58311.46000000001,48.03822419947324,NaN,NaN
1726552800,58341.851452207404,59300,58341.851452207404,58868.4025,54.29070720056036,NaN,NaN
1726574400,58605.1269761037,61320,58605.1269761037,60057.844999999994,64.19868972773982,NaN,NaN
1726596000,59331.48598805185,61075.39,59331.48598805185,60491.5025,67.00667549079554,NaN,NaN
1726617600,59911.494244025926,60769,59854.6,60294.665,64.5325568862024,NaN,NaN
1726639200,60103.07962201296,60541.65,59348.88,59994.4,60.84203543771204,NaN,NaN
1726660800,60048.73981100648,60247.69,59174.8,59820.375,58.74516031280204,NaN,NaN
1726682400,59934.55740550324,61786.24,59473.68,60758.2325,65.6216099215514,NaN,NaN
1726704000,60346.39495275162,62589.52,60346.39495275162,61973.729999999996,72.11003419417686,NaN,NaN
1726725600,61160.06247637581,62727.52,61160.06247637581,62294.345,73.52920646325664,NaN,NaN
1726747200,61727.203738187905,63850,61727.203738187905,63196.700000000004,77.06625055420133,NaN,NaN
1726768800,62461.95186909396,63776.99,62461.95186909396,63271.049999999996,77.33498158389352,NaN,NaN
1726790400,62866.50093454697,64133.32,62606,63374.3275,77.72542809450408,NaN,NaN
1726812000,63120.41421727349,63925.32,63090.43,63566.4375,78.46846337186024,NaN,NaN
1726833600,63343.42585863674,63544.37,62553.9,63060.57,71.68716343637308,NaN,NaN
1726855200,63201.99792931837,63300,62350,62888.765,69.49067932321572,NaN,NaN
1726876800,63045.381464659185,63310.37,62758,63044.560000000005,70.37705395459442,NaN,NaN
1726898400,63044.970732329595,63136,62890,63006.1475,69.8383102059023,NaN,NaN
1726920000,63025.5591161648,63400,63025.5591161648,63201.667499999996,71.05298023895294,NaN,NaN
1726941600,63113.61330808239,63559.9,63058,63311.7125,71.742737907516,NaN,NaN
1726963200,63212.66290404119,63450,62830.01,63141.872500000005,69.00963030283476,NaN,NaN
1726984800,63177.2677020206,63177.2677020206,62544.94,62828.0225,64.14647212465033,NaN,NaN
1727006400,63002.645101010305,63134,62429.16,62852.455,64.3570500262485,NaN,NaN
1727028000,62927.55005050515,64000,62357.93,63249.8375,67.68176241153859,NaN,NaN
1727049600,63088.69377525258,64745.88,62538.75,63654.3475,70.67989709508824,NaN,NaN
1727071200,63371.520637626294,63774.4,63300,63565.86,69.16825957303803,NaN,NaN
1727092800,63468.69031881315,63825.96,63059.93,63409.7325,66.46715732833087,NaN,NaN
1727114400,63439.21140940658,63559.08,63088.69,63326.4425,65.00866692417281,NaN,NaN
1727136000,63382.82695470328,63401.21,62700,63164.2975,62.14956305732281,NaN,NaN
1727157600,63273.56222735164,63948,63215.99,63464.5825,65.20187733453514,NaN,NaN
1727179200,63369.07236367582,64000,62731.1,63496.3275,65.51844862318012,NaN,NaN
1727200800,63432.69993183791,64688,63432.69993183791,64066.68000000001,70.67951617323078,NaN,NaN
1727222400,63749.68996591896,64817.99,63749.68996591896,64310.4325,72.56916941387522,NaN,NaN
1727244000,64030.06123295948,64170.63,63407.7,63896.7425,64.9217985109492,NaN,NaN
1727265600,63963.40186647974,63999,63000,63501.2525,58.56757599910018,NaN,NaN
1727287200,63732.327183239875,63732.327183239875,62947.08,63204.72750000001,54.278074716107646,NaN,NaN
1727308800,63468.52734161994,63724.45,62670,63285.115,55.23526323046475,NaN,NaN
1727330400,63376.82117080997,64500,63376.82117080997,64019.5525,62.88101312749345,NaN,NaN
1727352000,63698.18683540498,65839,63698.18683540498,64878.880000000005,69.45479944898521,NaN,NaN
1727373600,64288.53341770249,65308,64288.53341770249,65062.0125,70.64782872112015,NaN,NaN
1727395200,64675.272958851245,65459.74,64675.272958851245,65202.052500000005,71.5625119405307,NaN,NaN
1727416800,64938.662729425625,65986,64938.662729425625,65501.485,73.46646857162531,NaN,NaN
1727438400,65220.07386471282,66498,65220.07386471282,65791.31999999999,75.1974735523147,NaN,NaN
1727460000,65505.696932356404,65968.74,65505.696932356404,65794.575,75.2170278174193,NaN,NaN
1727481600,65650.1359661782,66260,65650.1359661782,65925.9375,76.0380827909817,NaN,NaN
1727503200,65788.0367330891,65955.24,65453,65790.015,73.33094260090293,NaN,NaN
1727524800,65789.02586654454,65816,65422.23,65667.36,70.87864277401827,NaN,NaN
1727546400,65728.19293327228,65982.16,65432,65726.34,71.37437311554726,NaN,NaN
1727568000,65727.26646663614,65984,65518,65738.5025,71.48218160393841,NaN,NaN
1727589600,65732.88448331808,65732.88448331808,65432,65609.48,68.53349827670012,NaN,NaN
1727611200,65671.18224165903,65960.01,65576.21,65761.5375,70.09896429152954,NaN,NaN
1727632800,65716.35987082952,66076.12,65528,65756.035,69.96331970138733,NaN,NaN
1727654400,65736.19743541477,65736.19743541477,64190,64984.2,54.13829064309615,NaN,NaN
1727676000,65360.19871770738,65360.19871770738,63249.68,64086.2825,42.18411353347128,NaN,NaN
1727697600,64723.240608853695,64723.240608853695,63372.69,63762.305,38.850785548191524,NaN,NaN
1727719200,64242.772804426844,64242.772804426844,62856.3,63434.972499999996,35.774923874995594,NaN,NaN
1727740800,63838.872652213424,63899.99,63006.7,63496.06999999999,36.781006318717154,NaN,NaN
1727762400,63667.47132610671,64130.63,63667.47132610671,63830.630000000005,42.12713247932397,NaN,NaN
1727784000,63749.05066305336,63809.97,61092,62696.9925,32.19286018307376,NaN,NaN
1727805600,63223.02158152668,63223.02158152668,60164,61390.445,24.903748998823716,NaN,NaN
1727827200,62306.73329076334,62306.73329076334,60733.81,61227.85999999999,24.17035394449509,NaN,NaN
1727848800,61767.29664538166,61940,60888.88,61370.65,26.225218403119243,NaN,NaN
1727870400,61568.97332269083,62390.31,60524.21,61426.635,27.05980165265612,NaN,NaN
1727892000,61497.80416134541,61691,60000,60992.0725,24.72198564047278,NaN,NaN
1727913600,61244.93833067271,61477.19,60536,60959.6175,24.551386907829126,NaN,NaN
1727935200,61102.27791533635,61424.25,60126.56,60872.8875,24.07330686052137,NaN,NaN
1727956800,60987.582707668174,60987.582707668174,59828.11,60531.21000000001,22.236268537878914,NaN,NaN
1727978400,60759.39635383409,61100,60531.85,60754.14,26.193694076695948,NaN,NaN
1728000000,60756.768176917045,61272.73,60459.9,60927.4225,29.20935429075746,NaN,NaN
1728021600,60842.09533845852,61646.27,60842.09533845852,61347.112499999996,36.027139392856654,NaN,NaN
1728043200,61094.60391922926,62340,60753.97,61631.7825,40.231840055564305,NaN,NaN
1728064800,61363.193209614634,62484.85,61363.193209614634,62115.815,46.65238414451925,NaN,NaN
1728086400,61739.50410480732,62214,61689.26,62034.6825,45.7649423355665,NaN,NaN
1728108000,61887.093302403664,62326.48,61887.093302403664,62183.037500000006,47.72318789771197,NaN,NaN
1728129600,62035.065401201835,62370.56,61908,62118.64,46.931053538126676,NaN,NaN
1728151200,62076.85270060092,62100,61700,61968.5025,45.05345656379152,NaN,NaN
1728172800,62022.67760030046,62150,61798.97,61986.372500000005,45.33379397774996,NaN,NaN
1728194400,62004.52505015023,62176.75,61879.92,62024.274999999994,45.96352585311275,NaN,NaN
1728216000,62014.40002507511,62927.87,62014.40002507511,62421.575,52.181742908123354,NaN,NaN
1728237600,62217.987512537555,62975,62217.987512537555,62672.027500000004,55.64668845830224,NaN,NaN
1728259200,62445.00750626878,63970.19,62445.00750626878,63206.887500000004,61.982292520892635,NaN,NaN
1728280800,62825.94750313439,63753.91,62649.95,63229.825,62.231455133121784,NaN,NaN
1728302400,63027.88625156719,64478.19,62825.37,63564.75,65.76015638028403,NaN,NaN
1728324000,63296.3181257836,63822.49,62128,62998.6225,56.20174332359784,NaN,NaN
1728345600,63147.4703128918,63147.4703128918,62156.02,62429.345,48.558424199698216,NaN,NaN
1728367200,62788.407656445896,62788.407656445896,62005,62454.130000000005,48.88436263272682,NaN,NaN
1728388800,62621.26882822295,63200,61864.89,62520.712499999994,49.80447770512859,NaN,NaN
1728410400,62570.99066411147,62570.99066411147,61860.31,62245.1725,46.105747359795394,NaN,NaN
1728432000,62408.08158205573,62542.06,62002.5,62307.2875,47.060218807117685,NaN,NaN
1728453600,62357.68454102786,62543.75,62046.69,62328.6325,47.404925656944584,NaN,NaN
1728475200,62343.15852051393,62412.09,61634.61,61998.6725,42.76890153647568,NaN,NaN
1728496800,62170.915510256964,62170.915510256964,60301,61125.8025,33.449554057975135,NaN,NaN
1728518400,61648.359005128485,61648.359005128485,60355,60746.122500000005,30.351490850510913,NaN,NaN
1728540000,61197.24075256425,61321.68,60630.71,61038.9675,35.32689570105316,NaN,NaN
1728561600,61118.10412628212,61320,59561.51,60438.63250000001,30.514480259674144,NaN,NaN
1728583200,60778.368313141065,60778.368313141065,58946,59803.16499999999,26.412843821748126,NaN,NaN
1728604800,60290.76665657053,60770,60087.64,60446.009999999995,35.81226000899652,NaN,NaN
1728626400,60368.38832828526,61263.4,60368.38832828526,60909.57,41.604694878788635,NaN,NaN
1728648000,60638.97916414263,62934.8,60638.97916414263,62039.35,52.78724866772644,NaN,NaN
1728669600,61339.16458207132,63417.56,61339.16458207132,62808.315,58.59858043942881,NaN,NaN
1728691200,62073.73979103566,63073.78,62073.73979103566,62719.7525,57.71742747967399,NaN,NaN
1728712800,62396.74614551783,63260.53,62396.74614551783,62905.2925,59.10484889689383,NaN,NaN
1728734400,62651.01932275892,63480,62651.01932275892,63086.1025,60.466245401689456,NaN,NaN
1728756000,62868.56091137946,63388,62868.56091137946,63152.17,60.97743119978101,NaN,NaN
1728777600,63010.36545568973,63285.72,62654.91,63000.19500000001,59.084844530763995,NaN,NaN
1728799200,63005.280227844865,63005.280227844865,62520.18,62731.354999999996,55.78631236040047,NaN,NaN
1728820800,62868.31761392243,62887.78,62050,62503.6775,53.08350479010973,NaN,NaN
1728842400,62685.997556961214,63125,62314.13,62706.182499999995,55.16421945149933,NaN,NaN
1728864000,62696.090028480605,64500,62457.81,63442.3425,61.79712953699216,NaN,NaN
1728885600,63069.2162642403,65188.57,63069.2162642403,64463.015,68.70902748883428,NaN,NaN
1728907200,63766.11563212015,66299.93,63766.11563212015,65380.1375,73.3711104353411,NaN,NaN
1728928800,64573.12656606008,66500,64573.12656606008,65950.9725,75.7890259698714,NaN,NaN
1728950400,65262.04953303004,66330,65201,65744.56,73.20073213690364,NaN,NaN
1728972000,65503.30476651502,65850,65280,65473.235,69.82508363959184,NaN,NaN
1728993600,65488.26988325751,67950,64800.01,66239.425,73.53635571817539,NaN,NaN
1729015200,65863.84744162875,67390.89,65863.84744162875,66850.91750000001,76.06637873537599,NaN,NaN
1729036800,66357.38247081438,67561.04,66357.38247081438,67151.1025,77.21784737589121,NaN,NaN
1729058400,66754.24248540719,68424,66754.24248540719,67578.2825,78.78225369145841,NaN,NaN
1729080000,67166.2624927036,68308.91,67117.18,67815.705,79.61989273952933,NaN,NaN
1729101600,67490.98374635179,68064,67490.98374635179,67781.5025,79.13522050581999,NaN,NaN
1729123200,67636.2431231759,67939.4,67260,67540.055,75.63497301377112,NaN,NaN
1729144800,67588.14906158794,67588.14906158794,66741.09,67121.08499999999,69.86058391637573,NaN,NaN
1729166400,67354.61703079398,67680,66666,67127.11,69.8961768553674,NaN,NaN
1729188000,67240.86351539698,67480,66720,67227.945,70.52357433583887,NaN,NaN
1729209600,67234.4042576985,68260.92,67192.36,67718.9625,73.4277314076743,NaN,NaN
1729231200,67476.68337884924,68378.95,67476.68337884924,67939.18,74.63477655697028,NaN,NaN
1729252800,67707.93168942461,68908.05,67642.71,68240.725,76.22720564516807,NaN,NaN
1729274400,67974.32834471231,69000,67974.32834471231,68585.5575,77.93328722586585,NaN,NaN
1729296000,68279.94292235616,68693.26,68279.94292235616,68453.5725,75.69413880105336,NaN,NaN
1729317600,68366.75771117807,68475.7,68090.3,68261.5775,72.43388297494892,NaN,NaN
1729339200,68314.16760558903,68350,68010,68143.0725,70.41782293886946,NaN,NaN
1729360800,68228.62005279452,68413.96,68094.4,68252.0875,71.21162658401391,NaN,NaN
1729382400,68240.35377639726,68446,68100,68284.4975,71.45685020932105,NaN,NaN
1729404000,68262.42563819862,68500,68176.26,68327.565,71.80059837470074,NaN,NaN
1729425600,68294.99531909931,68772.7,68198.22,68488.2325,73.10202913736015,NaN,NaN
1729447200,68391.61390954966,69400,68391.61390954966,68863.9825,75.90294914585867,NaN,NaN
1729468800,68627.79820477482,69519.52,68588.51,69030,77.0405308369892,NaN,NaN
1729490400,68828.89910238741,69146.51,68119.01,68620.8725,68.46296800509195,NaN,NaN
1729512000,68724.88580119371,68724.88580119371,66840.67,67733.34,54.33100074985964,NaN,NaN
1729533600,68229.11290059685,68229.11290059685,67035.04,67469.92749999999,50.96833177327611,NaN,NaN
1729555200,67849.52020029843,67849.52020029843,66571.42,67305.95749999999,48.93787288290039,NaN,NaN
1729576800,67577.73885014921,67800,66740,67354.785,49.581989146081284,NaN,NaN
1729598400,67466.2619250746,67693.34,66644.18,67242.0625,48.074308987058956,NaN,NaN
1729620000,67354.16221253731,67836.01,67246.79,67460.095,51.16738478477568,NaN,NaN
1729641600,67407.12860626866,67472.83,66890,67218.975,47.777912168089095,NaN,NaN
1729663200,67313.05180313432,67313.05180313432,66200,66750.9725,41.966974796285996,NaN,NaN
1729684800,67032.01215156716,67032.01215156716,65637,66171.1175,36.10734127764061,NaN,NaN
1729706400,66601.56482578357,66807.37,65260,66114.83249999999,35.58791574750677,NaN,NaN
1729728000,66358.19866289178,67612.12,66358.19866289178,67038.6925,48.64649786015637,NaN,NaN
1729749600,66698.44558144589,67475,66698.44558144589,67206.25,50.60252905941552,NaN,NaN
1729771200,66952.34779072294,67998,66952.34779072294,67549.86,54.435364858079005,NaN,NaN
1729792800,67251.10389536148,68850,67251.10389536148,68082.3075,59.65884032653487,NaN,NaN
1729814400,67666.70569768074,68286.56,67574.92,67954.24,57.9383793428112,NaN,NaN
1729836000,67810.47284884038,68183.78,67250,67824.19499999999,56.16708270170794,NaN,NaN
1729857600,67817.33392442018,68771.49,66770.7,67620.9975,53.4189982165961,NaN,NaN
1729879200,67719.16571221009,67719.16571221009,65596.29,66679.1225,42.93320836447375,NaN,NaN
1729900800,67199.14410610504,67223.92,66439.9,66873.535,45.31913131350661,NaN,NaN
1729922400,67036.33955305253,67264.34,66953.02,67121.83750000001,48.292625119075986,NaN,NaN
1729944000,67079.08852652626,67180,66744,67031,47.27970509624033,NaN,NaN
1729965600,67055.04426326313,67454.55,67027.14,67159.115,48.90739576274125,NaN,NaN
1729987200,67107.07963163157,67325.46,66913.73,67128.4425,48.521154167038375,NaN,NaN
1730008800,67117.76106581578,67266.49,67036.85,67153.2975,48.87350862463873,NaN,NaN
1730030400,67135.5292829079,68000,67121.45,67502.295,53.66882749735143,NaN,NaN
1730052000,67318.91214145394,68332.05,67318.91214145394,67913.5825,58.59725645134141,NaN,NaN
1730073600,67616.24732072698,68116.78,67616.24732072698,67916.58,58.63179469540373,NaN,NaN
1730095200,67766.4136603635,68833.57,67766.4136603635,68324.3,63.13639668873536,NaN,NaN
1730116800,68045.35683018176,69280,68045.35683018176,68861.1125,68.06675109529807,NaN,NaN
1730138400,68453.23466509089,70270,68453.23466509089,69515.5525,72.83652302602938,NaN,NaN
1730160000,68984.39358254545,71587.88,68984.39358254545,70587.52,78.50109721628968,NaN,NaN
1730181600,69785.95679127274,71578.95,69785.95679127274,71227.195,81.041735976206,NaN,NaN
1730203200,70506.57589563637,72990,70506.57589563637,72023.13,83.63344791115603,NaN,NaN
1730224800,71264.85294781819,73620.12,71264.85294781819,72735.67,85.53931789661588,NaN,NaN
1730246400,72000.2614739091,72785.72,72000.01,72505.035,82.20257943541459,NaN,NaN
1730268000,72252.64823695456,72610,71926.82,72254.7025,78.61786680727081,NaN,NaN
1730289600,72253.67536847727,72470,71436,71946.18,74.3164816729259,NaN,NaN
1730311200,72099.92768423863,72961,71644.19,72211.165,75.55362678605282,NaN,NaN
1730332800,72155.54634211931,72599.99,72030.08,72314.205,76.03699342970584,NaN,NaN
1730354400,72234.87567105965,72700,72149.79,72339.45,76.16135836629935,NaN,NaN
1730376000,72287.16283552983,72287.16283552983,70355.93,71410.80249999999,63.17314668677285,NaN,NaN
1730397600,71848.98266776491,71848.98266776491,69685.76,70387.7325,52.54240096329999,NaN,NaN
1730419200,71118.35758388246,71118.35758388246,68830,69800.325,47.590516950670974,NaN,NaN
1730440800,70459.34129194124,70459.34129194124,69080,69729.8225,47.01775761654415,NaN,NaN
1730462400,70094.58189597062,71632.95,69044,70066.2425,50.10366155456715,NaN,NaN
1730484000,70080.41219798531,70080.41219798531,68820.14,69384.6325,44.45423878723195,NaN,NaN
1730505600,69732.52234899266,69914.37,69446,69641.5925,46.88566242111605,NaN,NaN
1730527200,69687.05742449634,69838.62,69417.88,69643.6225,46.90543553061241,NaN,NaN
1730548800,69665.33996224817,69711.59,69000.14,69430.43,45.01031924828817,NaN,NaN
1730570400,69547.88498112408,69571.99,69149,69374.43000000001,44.50170314009078,NaN,NaN
1730592000,69461.15749056204,69461.15749056204,67864.16,68765.475,39.30098508235689,NaN,NaN
1730613600,69113.31624528102,69113.31624528102,68200.01,68440.6125,36.82830743605324,NaN,NaN
1730635200,68776.9643726405,68776.9643726405,67478.73,68189.39249999999,34.99470283904307,NaN,NaN
1730656800,68483.17843632025,69358,67667.21,68540.295,39.52393312085411,NaN,NaN
1730678400,68511.73671816013,69500,68240.61,68834.1525,43.09935926696229,NaN,NaN
1730700000,68672.94460908006,69175.97,68470,68814.6725,42.91821575305865,NaN,NaN
1730721600,68743.80855454004,69264.52,67251.5,68284.685,38.212566630213914,NaN,NaN
1730743200,68514.24677727002,68514.24677727002,66835,67655.27,33.51309943231274,NaN,NaN
1730764800,68084.758388635,68796.88,67476.63,68216.255,40.5328023175965,NaN,NaN
1730786400,68150.5066943175,69100,68150.5066943175,68804.38,46.8664584672913,NaN,NaN
1730808000,68477.44334715875,70577.91,68477.44334715875,69500.9,53.22090150135795,NaN,NaN
1730829600,68989.17167357937,70267.95,68732.77,69580.595,53.900245134713174,NaN,NaN
1730851200,69284.88333678969,75000,69284.88333678969,72109.5975,69.19074599144216,NaN,NaN
1730872800,70697.24041839485,75407.1,70697.24041839485,74275.95,76.40902334894743,NaN,NaN
1730894400,72486.59520919743,74757.58,72486.59520919743,74242.3975,76.11159412042832,NaN,NaN
1730916000,73364.49635459873,76400,73364.49635459873,75207.14,78.68123402297608,NaN,NaN
1730937600,74285.81817729937,76022.79,74285.81817729937,75240.4425,78.76614504221483,NaN,NaN
1730959200,74763.13033864969,75150.11,74416,74766.9,74.23824827665545,NaN,NaN
1730980800,74765.01516932485,76466.48,74512.19,75495.6375,76.47907446702045,NaN,NaN
1731002400,75130.32633466242,76849.99,75130.32633466242,76114.945,78.21344264151774,NaN,NaN
1731024000,75622.63566733121,76358,75555,75936.5525,76.46439719759313,NaN,NaN
1731045600,75779.59408366561,76320,75686,75978.945,76.59832285754405,NaN,NaN
1731067200,75879.26954183281,76584.6,75630.76,76133.955,77.11120406585677,NaN,NaN
1731088800,76006.6122709164,77199.99,76006.6122709164,76599,78.62476740318023,NaN,NaN
1731110400,76302.8061354582,76657.13,76136,76463.72750000001,77.02913843240762,NaN,NaN
1731132000,76383.2668177291,76795.69,76354,76547.2,77.33480683802583,NaN,NaN
1731153600,76465.23340886456,76541.53,75714.66,76245.5175,73.5266950116401,NaN,NaN
1731175200,76355.37545443227,76900,76116,76483.05750000001,74.58777634411751,NaN,NaN
1731196800,76419.21647721613,79788.96,76419.21647721613,78005.645,80.09500169002199,NaN,NaN
1731218400,77212.43073860806,80040,77212.43073860806,79390.0425,83.5794968696954,NaN,NaN
1731240000,78301.23661930402,80703.1,78301.23661930402,80020.0275,84.87689364848386,NaN,NaN
1731261600,79160.63205965201,81500,78473.13,80169.0375,85.17525561321,NaN,NaN
1731283200,79664.83477982601,81846.71,79664.83477982601,80791.18,86.38317371022615,NaN,NaN
1731304800,80228.007389913,82380.94,80228.007389913,81459.4775,87.5561017665408,NaN,NaN
1731326400,80843.7424449565,84886,80843.7424449565,83271.0425,90.05647396309345,NaN,NaN
1731348000,82057.39247247824,89530.54,82057.39247247824,86747.8225,92.97423538788101,NaN,NaN
1731369600,84402.60748623911,89470,84402.60748623911,88264.4525,93.82538578554356,NaN,NaN
1731391200,86333.52999311956,89940,85229,87675.7525,89.30289861583772,NaN,NaN
1731412800,87004.64124655978,87878,85072,86767.905,82.68405244197945,NaN,NaN
1731434400,86886.27312327988,89876.94,86886.27312327988,87925.57,84.28369137490313,NaN,NaN
1731456000,87405.92156163995,88562.94,86226.15,87321.76999999999,80.12607456809239,NaN,NaN
1731477600,87363.84578081997,88083,86127.99,87106.5925,78.63733702188557,NaN,NaN
1731499200,87235.21914040999,93265.64,87235.21914040999,90164.09999999999,83.36649146209578,NaN,NaN
1731520800,88699.659570205,93139.93,87970.98,90926.245,84.29952175967307,NaN,NaN
1731542400,89812.9522851025,90566,89320.37,90054.70000000001,78.85243978966662,NaN,NaN
1731564000,89933.82614255126,91657.77,89104.54,90552.84999999999,79.66137795927173,NaN,NaN
1731585600,90243.33807127562,91790,87526.74,90011.98500000002,76.25091343875494,NaN,NaN
1731607200,90127.66153563782,90127.66153563782,86668.21,88252.0975,66.30404334507556,NaN,NaN
1731628800,89189.87951781892,89189.87951781892,87073.38,87649.1675,63.25942201687253,NaN,NaN
1731650400,88419.52350890945,89771.99,87368,88651.31,66.04991781177185,NaN,NaN
1731672000,88535.41675445472,90709.74,87754.45,89422.57,68.06048990196417,NaN,NaN
1731693600,88978.99337722737,91850,88978.99337722737,90395.365,70.43848376905524,NaN,NaN
1731715200,89687.17918861369,91779.66,89687.17918861369,91253.01999999999,72.39022117168098,NaN,NaN
1731736800,90470.09959430684,91598.13,90470.09959430684,91277.8275,72.44688689202374,NaN,NaN
1731758400,90873.96354715343,91320,90056.17,90862.4725,69.86155180288755,NaN,NaN
1731780000,90868.21802357672,91396.03,90300,90796.7425,69.43924219902539,NaN,NaN
1731801600,90832.48026178835,90888,89364,90327.5275,66.3556049639877,NaN,NaN
1731823200,90580.00388089418,91449.99,90368,90743.0775,67.72267850904903,NaN,NaN
1731844800,90661.54069044709,91189.88,89925.91,90594.66,66.68054158737979,NaN,NaN
1731866400,90628.10034522355,90628.10034522355,88722,89943.3575,62.16006297765424,NaN,NaN
1731888000,90285.72892261177,90935.44,89617.96,90256.2725,63.44236895231573,NaN,NaN
1731909600,90271.00071130588,92300,90051.1,90810.4875,65.66186579556833,NaN,NaN
1731931200,90540.74410565294,92594,89376.9,90952.68000000001,66.22838086464458,NaN,NaN
1731952800,90746.71205282648,91980,89667.66,90919.1075,65.95171692640459,NaN,NaN
1731974400,90832.90977641323,91891.8,90357,91147.4675,66.96267767209117,NaN,NaN
1731996000,90990.18863820661,92000,90990.18863820661,91682.255,69.26427051141923,NaN,NaN
1732017600,91336.22181910332,93265.8,90975.8,92186.8425,71.29617528172751,NaN,NaN
1732039200,91761.53215955166,93905.51,91320,92597.5125,72.86826923548189,NaN,NaN
1732060800,92179.52232977582,92516,91500,92208.0675,69.00835007160032,NaN,NaN
1732082400,92193.79491488791,93669.98,92193.79491488791,92982.525,72.16591862858509,NaN,NaN
1732104000,92588.15995744395,94831.97,92588.15995744395,93879.36249999999,75.30381638869561,NaN,NaN
1732125600,93233.76122872197,94599.98,93138,93985.22,75.65271955605468,NaN,NaN
1732147200,93609.49061436098,97852,93609.49061436098,95876.64,80.85676824252587,NaN,NaN
1732168800,94743.06530718048,98384.86,94743.06530718048,97602.955,84.18033828463079,NaN,NaN
1732190400,96173.01015359024,98250,95600,97468.4125,82.97129573993362,NaN,NaN
1732212000,96820.71132679512,98988,96820.71132679512,98221.73749999999,84.32851104384763,NaN,NaN
1732233600,97521.22441339755,99299.99,97521.22441339755,98562.01999999999,84.9134350291655,NaN,NaN
1732255200,98041.62220669877,99419.99,98041.62220669877,98825.29500000001,85.36845864629757,NaN,NaN
1732276800,98433.4586033494,99275,97122.11,98517.3425,82.24377951285611,NaN,NaN
1732298400,98475.4005516747,99588.01,98475.4005516747,98954.22,83.18412631307895,NaN,NaN
1732320000,98714.81027583734,98908.85,98284.61,98710.1525,80.61555671961814,NaN,NaN
1732341600,98712.48138791867,98800,98300,98571.285,79.11861496889352,NaN,NaN
1732363200,98641.88319395934,98847.68,97336.06,98128.63249999999,74.37756033057346,NaN,NaN
1732384800,98385.25784697966,98385.25784697966,97136,97694.2125,69.94759195867283,NaN,NaN
1732406400,98039.73517348983,98564,97620.74,98030.395,71.3687705873997,NaN,NaN
1732428000,98035.06508674491,98472.98,97239.29,97814.185,69.1053441564203,NaN,NaN
1732449600,97924.62504337245,97924.62504337245,95734.77,96631.04000000001,58.22348198030052,NaN,NaN
1732471200,97277.83252168623,98369.46,95832.36,97001.1725,60.32812408755106,NaN,NaN
1732492800,97139.50251084311,98239.43,96888,97777.5425,64.38150810461653,NaN,NaN
1732514400,97458.52250542156,98871.8,97458.52250542156,98219.4675,66.48089251822873,NaN,NaN
1732536000,97838.99500271078,98313.08,94525,96566.065,53.72270417546135,NaN,NaN
1732557600,97202.5300013554,97202.5300013554,92600.19,94189.2225,41.41763712656091,NaN,NaN
1732579200,95695.8762506777,95695.8762506777,92727.9,93827.39,39.91866359384868,NaN,NaN
1732600800,94761.63312533885,94973.37,91466.52,93361.17500000002,38.009830601248325,NaN,NaN
1732622400,94061.40406266943,94685.6,91739.7,93082.5325,36.874901816590025,NaN,NaN
1732644000,93571.96828133472,93632,90791.1,92484.0625,34.492694730730065,NaN,NaN
1732665600,93028.01539066737,93211.2,91792.14,92434.1275,34.29362310527047,NaN,NaN
1732687200,92731.07144533368,93885.6,92731.07144533368,93197.4025,39.994407703925575,NaN,NaN
1732708800,92964.23697266684,96333.1,92847.84,94699.04250000001,49.311964427721165,NaN,NaN
1732730400,93831.63973633343,97208.21,93831.63973633343,96262.57,56.82870813203297,NaN,NaN
1732752000,95047.10486816672,96564,94822.54,95673.26999999999,53.60227194362851,NaN,NaN
1732773600,95360.18743408335,95780,94640,95328.8625,51.752955235160016,NaN,NaN
1732795200,95344.52496704168,96221.8,94817,95338.7775,51.804506500421574,NaN,NaN
1732816800,95341.65123352084,96023.48,94698,95307.44499999999,51.61681404317129,NaN,NaN
1732838400,95324.54811676042,96859,95324.54811676042,96005.45999999999,55.486087609852994,NaN,NaN
1732860000,95665.0040583802,97358.21,95600.03,96587.5025,58.46862507739574,NaN,NaN
1732881600,96126.2532791901,98619.99,96126.2532791901,97398.5475,62.26293815108558,NaN,NaN
1732903200,96762.40038959504,97624.62,96762.40038959504,97226.68,60.991315240597245,NaN,NaN
1732924800,96994.54019479752,97463.95,96309.85,97084.03000000001,59.89785572569979,NaN,NaN
1732946400,97039.28509739877,97234.02,96092.01,96674.0875,56.74916477519875,NaN,NaN
1732968000,96856.68629869938,96964,96242.14,96563.6275,55.896515798209634,NaN,NaN
1732989600,96710.15689934969,97062.5,96320.99,96642.965,56.40318409304878,NaN,NaN
1733011200,96676.56094967484,96676.56094967484,95693.88,96270.7975,53.30933780007128,NaN,NaN
1733032800,96473.67922483743,97179.04,96284.52,96720.3175,56.41882854833269,NaN,NaN
1733054400,96596.99836241872,97388.78,96596.99836241872,97114.63,58.99833678309012,NaN,NaN
1733076000,96855.81418120937,97836,96800.01,97280.29,60.067697357698314,NaN,NaN
1733097600,97068.05209060467,98130,96077,96938.04,56.77329042662031,NaN,NaN
1733119200,97003.04604530233,97003.04604530233,94820.41,95693.615,46.73635649785963,NaN,NaN
1733140800,96348.33052265117,97356.69,94395,95371.0975,44.53868087600828,NaN,NaN
1733162400,95859.71401132559,96327.87,94488,95315.13,44.15069706051638,NaN,NaN
1733184000,95587.4220056628,96305.52,95400,95925.3275,49.33297675312514,NaN,NaN
1733205600,95756.3747528314,96238.1,94595.38,95494.16500000001,46.07937136941749,NaN,NaN
1733227200,95625.2698764157,96250,93578.17,95161.0425,43.68230126662087,NaN,NaN
1733248800,95393.15618820785,96140.01,94939.77,95689.37,48.27782391771505,NaN,NaN
1733270400,95541.26309410392,96614.16,95224.17,96042.06,51.14387322323014,NaN,NaN
1733292000,95791.66154705196,96950,95791.66154705196,96448.1575,54.28501340878374,NaN,NaN
1733313600,96119.90952352597,96560,94587.83,95721.215,48.298715895357965,NaN,NaN
1733335200,95920.56226176299,99000,95451,97146.2375,58.06193582154169,NaN,NaN
1733356800,96533.3998808815,104088,96533.3998808815,100753.55500000001,72.31446618123108,NaN,NaN
1733378400,98643.47744044075,103159.76,98643.47744044075,102375.20999999999,76.2259810039979,NaN,NaN
1733400000,100509.34372022038,103550,100509.34372022038,101983.17,73.5216255258228,NaN,NaN
1733421600,101246.25686011018,101521.14,90500,97562.285,51.383246583028466,NaN,NaN
1733443200,99404.27093005509,99404.27093005509,95981.72,97405.01500000001,50.7972537525453,NaN,NaN
1733464800,98404.64296502755,98705.23,97622.86,98065.4325,53.210367347535666,NaN,NaN
1733486400,98235.03773251377,101250,97512.26,99418.98,57.78061692674737,NaN,NaN
1733508000,98827.00886625689,101898.99,98827.00886625689,100384.22999999998,60.72666012344301,NaN,NaN
1733529600,99605.61943312844,100428,98844,99542.20499999999,56.990709317229,NaN,NaN
1733551200,99573.9122165642,99821.83,99060.12,99414.485,56.42368484243654,NaN,NaN
1733572800,99494.19860828211,99800,99036.01,99521.995,56.81319914760624,NaN,NaN
1733594400,99508.09680414105,100439.18,99508.09680414105,99871.375,58.12322538948537,NaN,NaN
1733616000,99689.73590207053,100328.88,99370,99766.2825,57.55765015690999,NaN,NaN
1733637600,99728.00920103527,99863.35,98657.7,99439.1175,55.739281894985886,NaN,NaN
1733659200,99583.56335051762,100500,99357.16,99875.57749999998,57.66096612418326,NaN,NaN
1733680800,99729.5704252588,101351,99480,100471.14499999999,60.200271351433926,NaN,NaN
1733702400,100100.3577126294,101215.93,98432.18,100048.39499999999,57.56125822278308,NaN,NaN
1733724000,100074.3763563147,100074.3763563147,98035.57,98822.44750000001,50.62983308560725,NaN,NaN
1733745600,99448.41192815735,100421.8,97350,98307.0775,48.012388388125316,NaN,NaN
1733767200,98877.74471407867,98877.74471407867,94150.05,96763.64249999999,41.151090693140226,NaN,NaN
1733788800,97820.69360703933,98138,95565.41,96980.47,42.39650117545352,NaN,NaN
1733810400,97400.58180351966,97937.5,96810.85,97353.215,44.56827521835547,NaN,NaN
1733832000,97376.89840175983,98270,94401.76,96219.575,39.66967060138249,NaN,NaN
1733853600,96798.2367008799,97200.7,94256.54,95633.5625,37.3823374941521,NaN,NaN
1733875200,96215.89960043995,97700,95658.24,96861.6075,44.59230033754439,NaN,NaN
1733896800,96538.75355021998,98472.57,96538.75355021998,97877.3125,49.74627658500046,NaN,NaN
1733918400,97208.03302511,101090.9,97208.03302511,99309.435,55.96583208748239,NaN,NaN
1733940000,98258.734012555,101888,98258.734012555,100600.78,60.69015170061913,NaN,NaN
1733961600,99429.7570062775,101829,99429.7570062775,100976.1175,61.967384392307515,NaN,NaN
1733983200,100202.93725313875,101126.54,100178.32,100570.53749999999,59.70975222425527,NaN,NaN
1734004800,100386.73737656936,102540,100348.35,101216.10500000001,62.07802015079072,NaN,NaN
1734026400,100801.42118828469,101657.75,99311.64,100647.83,58.801442598106526,NaN,NaN
1734048000,100724.62559414234,100724.62559414234,99205,99864.035,54.52660451587883,NaN,NaN
1734069600,100294.33029707117,100789,99500,100133.09,55.716735013500546,NaN,NaN
1734091200,100213.71014853558,101777.75,99700,100892.2525,58.97901789767807,NaN,NaN
1734112800,100552.98132426779,101895.26,100552.98132426779,101537.07250000001,61.568750498345175,NaN,NaN
1734134400,101045.02691213391,102650,101045.02691213391,101736.34749999999,62.359614726166306,NaN,NaN
1734156000,101390.68720606694,102000,101321,101656.94499999999,61.81377051998097,NaN,NaN
1734177600,101523.81610303346,101742.43,100826.38,101285.2025,59.2010819367374,NaN,NaN
1734199200,101404.50930151672,101499.08,100609.41,101129.125,58.0909021864413,NaN,NaN
1734220800,101266.81715075836,102850,101237.14,101916.6075,61.96631003439413,NaN,NaN
1734242400,101591.71232537918,102691.01,101534.01,102263.9375,63.56658655450058,NaN,NaN
1734264000,101927.8249126896,103490,101927.8249126896,102949.6125,66.55801943893157,NaN,NaN
1734285600,102438.71870634481,105250,102438.71870634481,103874.875,70.12293070867369,NaN,NaN
1734307200,103156.7968531724,106648,103156.7968531724,105099.8675,74.06477848135482,NaN,NaN
1734328800,104128.3321765862,105420.76,103625.78,104458.135,68.93380914090213,NaN,NaN
1734350400,104293.23358829311,107195.58,103333,105341.2825,71.82644179379693,NaN,NaN
1734372000,104817.25804414655,107793.07,104817.25804414655,106602.57500000001,75.35573969918687,NaN,NaN
1734393600,105709.91652207328,107000,105657.34,106383.355,73.62931973387221,NaN,NaN
1734415200,106046.63576103664,107550.02,106046.63576103664,106886.05500000001,75.04141337040092,NaN,NaN
1734436800,106466.34538051832,108353,105725.99,107098.4175,75.63497077469273,NaN,NaN
1734458400,106782.38144025917,107633,105321.49,106648.65,71.74344518077567,NaN,NaN
1734480000,106715.51572012958,106715.51572012958,103276,104876.72249999999,58.88849824344359,NaN,NaN
1734501600,105796.11911006478,105796.11911006478,103137.82,104192.91,54.80717276672938,NaN,NaN
1734523200,104994.5145550324,105350,103380.43,104603.735,56.74669413721071,NaN,NaN
1734544800,104799.1247775162,104999.98,100000,102465.0425,45.74121570970611,NaN,NaN
1734566400,103632.08363875811,103632.08363875811,98802,100430.3175,38.15883588232883,NaN,NaN
1734588000,102031.20056937906,102609.72,101015.44,101843.79,44.98176434297104,NaN,NaN
1734609600,101937.49528468953,102800.11,97500,100401.4925,40.11787932459864,NaN,NaN
1734631200,101169.49389234476,101169.49389234476,95700,97770.44499999999,33.088961418075684,NaN,NaN
1734652800,99469.96944617238,99469.96944617238,96000,97008.79,31.37519649408729,NaN,NaN
1734674400,98239.3797230862,98239.3797230862,92612.1,95075.85250000001,27.48471346502552,NaN,NaN
1734696000,96657.6161115431,97700,92232.54,94965.78,27.277287104294615,NaN,NaN
1734717600,95811.69805577156,97816.44,95393.84,97055.58,36.99876658561559,NaN,NaN
1734739200,96433.63902788577,98692,96433.63902788577,98094.3775,41.20608631534672,NaN,NaN
1734760800,97264.00826394289,99540.61,97264.00826394289,98573.6675,43.094355756855975,NaN,NaN
1734782400,97918.83788197144,98283.95,96398.39,97634.92499999999,40.360232733153595,NaN,NaN
1734804000,97776.88144098572,98057.51,96539.91,97371.17499999999,39.600039584866735,NaN,NaN
1734825600,97574.02822049285,97574.02822049285,95890.28,96696.6375,37.647051597242026,NaN,NaN
1734847200,97135.33286024642,97351.57,96080,96672.26000000001,37.574929246553324,NaN,NaN
1734868800,96903.79643012321,97300,95109.13,96280.6525,36.36955096495111,NaN,NaN
1734890400,96592.2244650616,96592.2244650616,94250.35,95373.3125,33.67413739807856,NaN,NaN
1734912000,95982.76848253081,96509.98,93700.42,95251.175,33.31620040187515,NaN,NaN
1734933600,95616.97174126541,96538.92,94705.07,95696.105,35.98560911510317,NaN,NaN
1734955200,95656.53837063271,96423,92928.82,94662.1225,32.70870133487115,NaN,NaN
1734976800,95159.33043531635,95509.09,92520,94068.70499999999,30.96588849295823,NaN,NaN
1734998400,94614.01771765816,94881.47,93569.02,94484.505,33.63422406158661,NaN,NaN
1735020000,94549.26135882908,94635.7,93810.45,94362.70250000001,33.229041338974966,NaN,NaN
1735041600,94455.98192941456,99030.72,94075.1,96575.4725,45.9644725939407,NaN,NaN
1735063200,95515.72721470728,99487.99,95515.72721470728,98549.76000000001,54.3336235455849,NaN,NaN
1735084800,97032.74360735365,98878.44,97032.74360735365,98386.64250000002,53.59503694355402,NaN,NaN
1735106400,97709.69305367683,99349.31,97709.69305367683,98327.50749999999,53.31210154491118,NaN,NaN
1735128000,98018.6002768384,98832.89,97632.02,98235.835,52.84634727671065,NaN,NaN
1735149600,98127.21763841921,99569.15,98127.21763841921,98988.54500000001,56.22779559080883,NaN,NaN
1735171200,98557.88131920961,99963.7,98076.58,98961.225,56.07062889146799,NaN,NaN
1735192800,98759.55315960481,98759.55315960481,95199.14,96938.49,45.85165154897146,NaN,NaN
1735214400,97849.02157980241,97849.02157980241,95234.93,95844.24,41.45052099051975,NaN,NaN
1735236000,96846.63078990122,96846.63078990122,95302,95779.11249999999,41.19706179779872,NaN,NaN
1735257600,96312.8716449506,96595.98,95401.03,96006.875,42.52076771300651,NaN,NaN
1735279200,96159.8733224753,97544.58,94646.03,96345.47,44.520216314886966,NaN,NaN
1735300800,96252.67166123765,97035.8,93500.01,95444.8725,40.48617017079146,NaN,NaN
1735322400,95848.77208061883,95848.77208061883,94100.6,94378.505,36.292785142575156,NaN,NaN
1735344000,95113.63854030942,95113.63854030942,94135.66,94465.0825,36.864545680882195,NaN,NaN
1735365600,94789.3605201547,94883,94307,94642.61750000001,38.09153067675394,NaN,NaN
1735387200,94715.98901007735,95340.36,94375.8,94873.39,39.731152104446174,NaN,NaN
1735408800,94794.68950503867,95733.99,94715.16,95192.9325,42.02093336025831,NaN,NaN
1735430400,94993.81100251933,95340,94808,95141.7225,41.7471927607081,NaN,NaN
1735452000,95067.76675125967,95315.5,94971.44,95109.6,41.56428460331082,NaN,NaN
1735473600,95088.68337562983,95231.58,93600,94452.29250000001,37.904615447465744,NaN,NaN
1735495200,94770.48793781492,94770.48793781492,93009.52,93660.56000000001,34.01917817383196,NaN,NaN
1735516800,94215.52396890747,94274.29,93240.03,93708.51000000001,34.45737222630274,NaN,NaN
1735538400,93962.01698445374,94068.56,93319.99,93723.30500000001,34.601692156676904,NaN,NaN
1735560000,93842.66099222688,94277.23,91530.45,93390.9125,32.85152731035991,NaN,NaN
1735581600,93616.78674611344,95024.5,91901.57,93387.735,32.83442990827501,NaN,NaN
1735603200,93502.26087305672,93502.26087305672,92033.73,92582.2225,28.74956872400844,NaN,NaN
1735624800,93042.24168652836,94741.68,92568.5,93534.735,38.49384295978544,NaN,NaN
1735646400,93288.48834326418,96250,93189.59,94448.3025,46.106757508989006,NaN,NaN
1735668000,93868.3954216321,94416.72,93375.38,93872.255,42.531970244766995,NaN,NaN
1735689600,93870.32521081605,94509.42,93489.03,93841.6175,42.34392754831351,NaN,NaN
1735711200,93855.97135540802,93855.97135540802,92888,93481.16500000001,40.097768161569725,NaN,NaN
1735732800,93668.56817770402,94500,93407.07,93873.89249999999,43.60768867959119,NaN,NaN
1735754400,93771.23033885201,95151.15,93771.23033885201,94455.805,48.429464107637784,NaN,NaN
1735776000,94113.517669426,96000,94113.517669426,95145.065,53.501013337945636,NaN,NaN
1735797600,94629.291334713,96876.38,94629.291334713,96146.47249999999,59.70168005920625,NaN,NaN
1735819200,95387.88191735648,97650,95387.88191735648,96766.2925,62.991247371441084,NaN,NaN
1735840800,96077.08720867825,97839.5,96077.08720867825,96995.465,64.15630188825007,NaN,NaN
1735862400,96536.27610433912,97342.44,96536.27610433912,96920.7125,63.454599730591276,NaN,NaN
1735884000,96728.49430216957,96918.56,96100.01,96635.375,60.7243993016361,NaN,NaN
1735905600,96681.93465108478,98444.42,96472.43,97425.105,65.18872452635189,NaN,NaN
1735927200,97053.51982554239,98976.91,97053.51982554239,98294.27,69.32178158676386,NaN,NaN
1735948800,97673.8949127712,98314.15,97673.8949127712,98103.6325,67.43074381603745,NaN,NaN
1735970400,97888.7637063856,98350.04,97532.58,97974.55500000001,66.1156353962171,NaN,NaN
1735992000,97931.65935319281,98152.02,97514.79,97893.1175,65.25096789299025,NaN,NaN
1736013600,97912.3884265964,98778.43,97909.85,98231.26000000001,67.17080843607982,NaN,NaN
1736035200,98071.82421329821,98522.76,98050,98288.0625,67.49568311575328,NaN,NaN
1736056800,98179.9433566491,98500,97600,98025.1525,64.32286348331255,NaN,NaN
1736078400,98102.54792832455,98332.54,97276.79,97745.50749999999,61.036298583480864,NaN,NaN
1736100000,97924.02771416228,98836.85,97577.46,98127.2525,63.758580072163454,NaN,NaN
1736121600,98025.64010708114,99892,97920,98943.9025,68.78325263003708,NaN,NaN
1736143200,98484.77130354056,99763.99,98484.77130354056,99333.315,70.85806822102168,NaN,NaN
1736164800,98909.04315177028,102480,98711.94,100570.97,76.25896520326319,NaN,NaN
1736186400,99740.00657588514,102329.98,99740.00657588514,101993.9125,80.68997596099237,NaN,NaN
1736208000,100866.95953794257,102724.38,100866.95953794257,102054.09,80.85273361201864,NaN,NaN
1736229600,101460.52476897129,102015.01,100472.45,101265.4475,72.25724238393143,NaN,NaN
1736251200,101362.98613448563,101362.98613448563,96577,98911.3075,53.85285018601494,NaN,NaN
1736272800,100137.14681724281,100137.14681724281,96181.81,96988.83499999999,43.997341136627526,NaN,NaN
1736294400,98562.9909086214,98562.9909086214,96057.48,96693.185,42.70305082157097,NaN,NaN
1736316000,97628.0879543107,97628.0879543107,94543.86,95701.79,38.60222663718883,NaN,NaN
1736337600,96664.93897715534,96664.93897715534,92500.9,94436.49,34.10118358748376,NaN,NaN
1736359200,95550.71448857768,95550.71448857768,93600,94500.59,34.51773985782174,NaN,NaN
1736380800,95025.65224428884,95382.32,93422.89,94584.6,35.09679489562647,NaN,NaN
1736402400,94805.12612214443,94805.12612214443,92750,93826.61249999999,32.319767560633636,NaN,NaN
1736424000,94315.86931107221,94685.25,91800,93160.89749999999,30.069424187135866,NaN,NaN
1736445600,93738.3834055361,93738.3834055361,91203.67,92435.3075,27.79759625761983,NaN,NaN
1736467200,93086.84545276804,94250.07,92431.73,93297.78,34.164778425579954,NaN,NaN
1736488800,93192.31272638403,95293.4,93192.31272638403,94514.5025,41.94301366860313,NaN,NaN
1736510400,93853.40761319202,95836,92206.02,94727.255,43.20655314679,NaN,NaN
1736532000,94290.33130659601,95793.04,94290.33130659601,95171.51,45.856417547788375,NaN,NaN
1736553600,94730.920653298,94746.37,93831.73,94417.7225,42.25399623731295,NaN,NaN
1736575200,94574.321576649,94791.67,94031.22,94453.81,42.486941238054946,NaN,NaN
1736596800,94514.0657883245,94708.12,93984.55,94367.46250000001,42.04984854133948,NaN,NaN
1736618400,94440.76414416225,95050.94,94084.64,94471.77,42.81517952879301,NaN,NaN
1736640000,94456.26707208113,94699,94296.99,94541.8525,43.356461831698525,NaN,NaN
1736661600,94499.05978604057,94616,93711.19,94288.43,41.815127814604296,NaN,NaN
1736683200,94393.74489302028,95450.1,94173.48,94754.5325,45.642686506001695,NaN,NaN
1736704800,94574.13869651014,95314.12,93800,94699.66,45.2651717385213,NaN,NaN
1736726400,94636.89934825507,95940,93899.99,94641.6075,44.84259619590771,NaN,NaN
1736748000,94639.25342412753,94639.25342412753,90833.12,92548.26499999998,32.911266883511786,NaN,NaN
1736769600,93593.75921206376,93593.75921206376,89256.69,91297.97,28.10187402822038,NaN,NaN
1736791200,92445.86460603189,94727.15,91593.85,93210.26499999998,42.0502669215428,NaN,NaN
1736812800,92828.06480301594,95464.71,92828.06480301594,94815.78000000001,50.698220634253175,NaN,NaN
1736834400,93821.92240150797,97371,93821.92240150797,95897.135,55.51357278876232,NaN,NaN
1736856000,94859.52870075399,97265.48,94859.52870075399,96423.31,57.6795901098508,NaN,NaN
1736877600,95641.419350377,97088.57,95641.419350377,96582.425,58.34015822959166,NaN,NaN
1736899200,96111.92217518849,97724.96,96111.92217518849,96953.945,59.91349501240804,NaN,NaN
1736920800,96532.93358759425,97600.31,96521,96978.365,60.02037366145625,NaN,NaN
1736942400,96755.64929379712,99799.98,96539.77,97936.89749999999,64.06983988975827,NaN,NaN
1736964000,97346.27339689856,100681.94,97346.27339689856,99617.64749999999,69.83870066723851,NaN,NaN
1736985600,98481.96044844927,100866.66,98481.96044844927,99979.03,70.9198273055962,NaN,NaN
1737007200,99230.49522422464,99921.86,98617.55,99270.05750000001,65.92710424359078,NaN,NaN
1737028800,99250.27636211232,100361.54,97335.13,99173.4775,65.25317554038989,NaN,NaN
1737050400,99211.87693105615,100641.99,99211.87693105615,99932.0725,68.01855946107317,NaN,NaN
1737072000,99571.97471552808,102148.13,99571.97471552808,100855.0625,71.0387183623345,NaN,NaN
1737093600,100213.51860776404,102581.45,100213.51860776404,101863.92749999999,73.93601721756107,NaN,NaN
1737115200,101038.72305388201,105269.24,101038.72305388201,103457.05,77.72553238487251,NaN,NaN
1737136800,102247.886526941,105865.22,102247.886526941,104526.80249999999,79.84463664088338,NaN,NaN
1737158400,103387.3445134705,104656.87,102666.55,103557.54000000001,73.06227467236837,NaN,NaN
1737180000,103472.44225673526,103883.01,102277.55,103144.78,70.32276990635644,NaN,NaN
1737201600,103308.61112836763,104988.88,103107.65,103877.995,72.30902719986143,NaN,NaN
1737223200,103593.30306418381,104750,103593.30306418381,104224.45749999999,73.2210694290842,NaN,NaN
1737244800,103908.88028209191,105458.55,103908.88028209191,104786.2025,74.67737693809073,NaN,NaN
1737266400,104347.54139104596,105634.78,103450.69,104641.30249999999,73.56602653253108,NaN,NaN
1737288000,104494.42194552298,105706.48,104300.75,104871.56749999999,74.22254393340899,NaN,NaN
1737309600,104682.99472276148,106422.43,99651.6,103130.34999999999,61.736243796558654,NaN,NaN
1737331200,103906.67236138074,103906.67236138074,99550,101512.875,52.84309747600666,NaN,NaN
1737352800,102709.77368069037,109588,102220.8,105598.0475,66.11822926614262,NaN,NaN
1737374400,104153.91059034519,108700.01,100333,105058.88,63.57447957674557,NaN,NaN
1737396000,104606.3952951726,104606.3952951726,101701.01,102848.37,54.34338305409748,NaN,NaN
1737417600,103727.38264758629,103727.38264758629,100119.04,101751.28,50.42965260830955,NaN,NaN
1737439200,102739.33132379314,103973.02,101111.68,102552.2325,53.08606379633331,NaN,NaN
1737460800,102645.78191189657,106500.99,102645.78191189657,104808.9825,59.64758118215592,NaN,NaN
1737482400,103727.38220594829,107240.81,103727.38220594829,106244.475,63.1756693703735,NaN,NaN
1737504000,104985.92860297415,106394.46,104985.92860297415,105876.16750000001,61.68546101909144,NaN,NaN
1737525600,105431.04805148707,105952,104647.75,105347.32250000001,59.51464261850964,NaN,NaN
1737547200,105389.18527574354,105584.23,103339.12,104592.38249999999,56.460067633494376,NaN,NaN
1737568800,104990.78388787177,104990.78388787177,103611.66,104123.56,54.5864018667358,NaN,NaN
1737590400,104557.17194393589,104557.17194393589,101575.5,102908.66750000001,49.95957205175498,NaN,NaN
1737612000,103732.91972196795,103732.91972196795,101262.28,102176.9,47.355861241109274,NaN,NaN
1737633600,102954.90986098397,106850,101281.62,104000.975,53.817017837915344,NaN,NaN
1737655200,103477.942430492,106421.03,102195.7,104613.7125,55.780342270109045,NaN,NaN
1737676800,104045.827465246,105262.13,102750,104286.1575,54.44778833025639,NaN,NaN
1737698400,104165.992482623,105759,104165.992482623,105257.3125,57.67611966437714,NaN,NaN
1737720000,104711.6524913115,106699.99,104669.17,105811.93250000001,59.44385389550541,NaN,NaN
1737741600,105261.79249565575,107120,104456.89,105726.465,59.03466040070456,NaN,NaN
1737763200,105494.12874782787,105494.12874782787,104236.95,104688.5625,54.15900832324701,NaN,NaN
1737784800,105091.34562391393,105091.34562391393,104106.09,104460.7625,53.12200080028603,NaN,NaN
1737806400,104776.05406195697,105111.11,104449.75,104782.89,54.45017987998859,NaN,NaN
1737828000,104779.47203097848,105286.52,104696,104907.27249999999,54.98058001544357,NaN,NaN
1737849600,104843.37226548923,105500,104503.7,104961.17,55.223888558325086,NaN,NaN
1737871200,104902.27113274462,105221.36,104444.01,104894.5475,54.829423869561204,NaN,NaN
1737892800,104898.4093163723,105126.11,104703.58,104898.37,54.84935153359729,NaN,NaN
1737914400,104898.38965818615,105260.36,102520.44,103836.48,48.45422509075761,NaN,NaN
1737936000,104367.43482909308,104367.43482909308,99713.37,101491.865,37.93669387168283,NaN,NaN
1737957600,102929.64991454655,102929.64991454655,97777.77,99351.24,31.264262909988602,NaN,NaN
1737979200,101140.44495727328,102317.94,98714.28,99735.8375,33.52642737738233,NaN,NaN
1738000800,100438.14122863664,102405,98864,100625.46,38.56321938368684,NaN,NaN
1738022400,100531.80061431832,103371.24,100531.80061431832,102450.80249999999,47.37424783095667,NaN,NaN
1738044000,101491.30155715915,103343.65,101491.30155715915,102878.55,49.21240890668206,NaN,NaN
1738065600,102184.92577857958,103800,101815.26,102737.52500000001,48.60957127944361,NaN,NaN
1738087200,102461.22538928979,103108,100272.68,101822.255,44.77595705462538,NaN,NaN
1738108800,102141.7401946449,102384.61,101328.01,101827.535,44.80300108785749,NaN,NaN
1738130400,101984.63759732245,103000,101984.63759732245,102522.1625,48.38420166188665,NaN,NaN
1738152000,102253.40004866122,102842.04,101582.37,102369.34749999999,47.65173046293226,NaN,NaN
1738173600,102311.3737743306,104782.68,101400.01,103080.72499999999,51.344385651426116,NaN,NaN
1738195200,102696.04938716529,105595.81,102696.04938716529,104495.825,57.731758857226474,NaN,NaN
1738216800,103595.93719358265,105580.16,103595.93719358265,105264.0375,60.74454476756695,NaN,NaN
1738238400,104429.98734679133,106457.44,104429.98734679133,105429.52,61.383083253626936,NaN,NaN
1738260000,104929.75367339567,105821.62,104693.82,105134.5975,59.52474353277928,NaN,NaN
1738281600,105032.17558669783,105032.17558669783,103930.09,104500.655,55.62636726629604,NaN,NaN
1738303200,104766.41529334892,104848.65,103936.54,104460.265,55.377522556492856,NaN,NaN
1738324800,104613.34014667445,106012,104106,104858.72,57.402062709679164,NaN,NaN
1738346400,104736.03007333723,104820,101560,103347.6075,48.42830768495704,NaN,NaN
1738368000,104041.81878666862,104041.81878666862,102118.56,102457.9575,44.06105179516632,NaN,NaN
1738389600,103249.8881433343,103249.8881433343,101412,102129.4825,42.53583313019043,NaN,NaN
1738411200,102689.68532166714,102689.68532166714,101730.79,102087.7775,42.335454241918356,NaN,NaN
1738432800,102388.73141083357,102388.73141083357,100279.51,101364.29500000001,38.91098092247538,NaN,NaN
1738454400,101876.51320541679,101876.51320541679,99031.19,100345.745,34.66027924698024,NaN,NaN
1738476000,101111.1291027084,101111.1291027084,98645,99571.28,31.814400954155346,NaN,NaN
1738497600,100341.2045513542,100341.2045513542,97019,98137.875,27.34000283575307,NaN,NaN
1738519200,99239.5397756771,99239.5397756771,96150,97444.86249999999,25.474590191224863,NaN,NaN
1738540800,98342.20113783854,98342.20113783854,91231,95232.595,20.634517053802398,NaN,NaN
1738562400,96787.39806891927,96787.39806891927,93657.33,94732.9725,19.723116495724256,NaN,NaN
1738584000,95760.18528445964,99500,94131.14,96986.35250000001,33.90303218908453,NaN,NaN
1738605600,96373.26889222983,102500.01,96373.26889222983,100494.02,49.00354775696349,NaN,NaN
1738627200,98433.64444611492,101732.31,98229.82,100039.1575,47.48843655603887,NaN,NaN
1738648800,99236.40097305746,99673.6,97860,98841.825,43.66163209233342,NaN,NaN
1738670400,99039.11298652872,100415,98275.98,99206.7575,45.11339997354618,NaN,NaN
1738692000,99122.93524326436,100777.93,96150,98464.85250000001,42.70414170084423,NaN,NaN
1738713600,98793.89387163219,98930.44,97131.43,97990.85250000001,41.19061259203964,NaN,NaN
1738735200,98392.3731858161,98392.3731858161,97257.05,97962.3625,41.096331928200904,NaN,NaN
1738756800,98177.36784290805,99149,97326.99,98056.1825,41.57062121242906,NaN,NaN
1738778400,98116.77517145402,98116.77517145402,96155,97005.98,37.892573361393296,NaN,NaN
1738800000,97561.37758572701,97885.99,96430.78,97190.16999999998,38.9134057870188,NaN,NaN
1738821600,97375.7737928635,99120,97375.7737928635,98383.36499999999,45.197482670042945,NaN,NaN
1738843200,97879.56939643175,99040.09,96340.81,97743.56,42.66311826276152,NaN,NaN
1738864800,97811.56469821587,97811.56469821587,95676.64,96509.95999999999,38.213864398296735,NaN,NaN
1738886400,97160.76234910793,97883.12,96409.65,97046.33,41.09056238748861,NaN,NaN
1738908000,97103.54617455397,97750,96566,97351.05,42.72215258946716,NaN,NaN
1738929600,97227.29808727698,100137.99,97145.81,98117.14250000002,46.717681355257206,NaN,NaN
1738951200,97672.2202936385,98353.1,95620.34,96978.75749999999,42.026293880560615,NaN,NaN
1738972800,97325.48889681924,97325.48889681924,96064.61,96415.6225,39.892188197574384,NaN,NaN
1738994400,96870.55569840962,96870.55569840962,95785.09,96108.7425,38.73775185454561,NaN,NaN
1739016000,96489.6490992048,96517.52,95688,96175.80750000001,39.152170464222095,NaN,NaN
1739037600,96332.7282996024,96750,96235.23,96451.92,40.92404074640499,NaN,NaN
1739059200,96392.32414980119,97323.09,96360.14,96789.315,43.10427774417818,NaN,NaN
1739080800,96590.8195749006,97294.46,96509.96,96846.9275,43.487806428177855,NaN,NaN
1739102400,96718.8735374503,96718.8735374503,95700,96282.2925,40.59930496650614,NaN,NaN
1739124000,96500.58301872516,96760,94713,96026.7325,39.326107347814634,NaN,NaN
1739145600,96263.65775936257,97640.02,95256,96593.5075,43.553899724575224,NaN,NaN
1739167200,96428.58262968129,97954.69,96428.58262968129,97357.7775,48.74076234787305,NaN,NaN
1739188800,96893.18006484065,98345,96866.39,97593.135,50.256666022568425,NaN,NaN
1739210400,97243.15753242033,97643.29,97128.79,97425.7225,49.143374353715906,NaN,NaN
1739232000,97334.44001621017,98478.42,97334.44001621017,97934.525,52.58140692511903,NaN,NaN
1739253600,97634.48250810508,98476,97634.48250810508,98231.345,54.513267561386115,NaN,NaN
1739275200,97932.91375405254,98158.89,95950,97106.4225,46.741130245205525,NaN,NaN
1739296800,97519.66812702626,97519.66812702626,94876.88,95833.2675,39.821278233312945,NaN,NaN
1739318400,96676.46781351313,96676.46781351313,95100,95757.185,39.44545575403017,NaN,NaN
1739340000,96216.82640675656,96469.78,95684,96033.7425,41.602922063782145,NaN,NaN
1739361600,96125.28445337828,97700,94088.23,96309.4425,43.754328185823525,NaN,NaN
1739383200,96217.36347668915,98119.99,96217.36347668915,97424.58249999999,51.53221729831538,NaN,NaN
1739404800,96820.97298834457,98083.91,96503.38,97280.91750000001,50.56214436017698,NaN,NaN
1739426400,97050.9452441723,97050.9452441723,95599.57,96237.1375,44.071001635930344,NaN,NaN
1739448000,96644.04137208615,96644.04137208615,95217.36,95828.6575,41.80890587348647,NaN,NaN
1739469600,96236.34943604308,96774.71,95320.75,96098.92000000001,43.86202652630879,NaN,NaN
1739491200,96167.63471802155,97248.6,96167.63471802155,96724.1075,48.397646296637426,NaN,NaN
1739512800,96445.87110901077,97196,96445.87110901077,96844.4925,49.247961942095806,NaN,NaN
1739534400,96645.18180450538,98826,96252.82,97623.0925,54.47318282429053,NaN,NaN
1739556000,97134.13715225269,98738.57,96697.56,97865.65,55.993225213791874,NaN,NaN
1739577600,97499.89357612634,97972.26,97223.58,97576.87,53.69466119566765,NaN,NaN
1739599200,97538.38178806317,97731.09,97301.77,97564.9075,53.596509648318744,NaN,NaN
1739620800,97551.64464403159,97962.51,97304.38,97573.19,53.65967069770719,NaN,NaN
1739642400,97562.4173220158,97741.35,97368.82,97522.53,53.182846059783,NaN,NaN
1739664000,97542.4736610079,97704.47,97411.11,97572.1375,53.61748815706987,NaN,NaN
1739685600,97557.30558050395,97625.63,97061.58,97406.6275,51.886698090299106,NaN,NaN
1739707200,97481.96654025197,97481.96654025197,96645.35,97075.0725,48.5085967968056,NaN,NaN
1739728800,97278.51952012599,97282.38,96046.18,96607.405,44.142989497284695,NaN,NaN
1739750400,96942.962260063,96942.962260063,95800,96199.70749999999,40.703870490806,NaN,NaN
1739772000,96571.3348800315,96571.3348800315,95900.94,96167.4975,40.43583687908311,NaN,NaN
1739793600,96369.41619001575,97046.59,95288,95969.38500000001,38.74584534795846,NaN,NaN
1739815200,96169.40059500787,96413.43,95205,95719.55249999999,36.66476550405848,NaN,NaN
1739836800,95944.47654750393,96322.97,95538.01,95812.62,38.000697054155715,NaN,NaN
1739858400,95878.54827375196,95878.54827375196,95050,95543.0025,35.65438137845608,NaN,NaN
1739880000,95710.77538687599,96753.91,94102.15,95149.64250000002,32.50138449296344,NaN,NaN
1739901600,95430.208943438,95685,93388.09,94711.7475,29.385974504248424,NaN,NaN
1739923200,95070.97822171901,95961.54,95029.99,95488.15000000001,40.310719588263126,NaN,NaN
1739944800,95279.5641108595,96468.99,95249.65,95857.64499999999,44.69586753479755,NaN,NaN
1739966400,95568.60455542975,96700,95536.36,96262.1325,49.103982668081976,NaN,NaN
1739988000,95915.36852771488,96899.99,95407.41,96335.33499999999,49.88253874683563,NaN,NaN
1740009600,96125.35176385744,97362.83,96125.35176385744,96833.07,54.930811271534985,NaN,NaN
1740031200,96479.21088192872,97384.03,96479.21088192872,97070.8775,57.151566666365845,NaN,NaN
1740052800,96775.04419096437,98062.15,96775.04419096437,97506.1125,60.94458698051549,NaN,NaN
1740074400,97140.57834548218,98711.36,97140.57834548218,98228.6625,66.2810450733848,NaN,NaN
1740096000,97684.62042274109,98505,97684.62042274109,98306.9125,66.80995394010591,NaN,NaN
1740117600,97995.76646137054,98896.81,97995.76646137054,98492.7025,68.08980341179105,NaN,NaN
1740139200,98244.23448068526,99475,96832.01,97977.055,61.053030592047705,NaN,NaN
1740160800,98110.64474034263,98110.64474034263,94871.95,96312.31,44.91467727018627,NaN,NaN
1740182400,97211.47737017131,97211.47737017131,95770.49,96248.0775,44.42671306488892,NaN,NaN
1740204000,96729.77743508565,96729.77743508565,96151,96463.09,46.52118722161676,NaN,NaN
1740225600,96596.43371754282,96980,96455,96663.595,48.47149280600763,NaN,NaN
1740247200,96630.01435877141,96823.53,96345.49,96589.855,47.78134535202504,NaN,NaN
1740268800,96609.93467938571,96650,96194.65,96401.07,45.97649823583116,NaN,NaN
1740290400,96505.50233969286,96558.01,96083.33,96241.49,44.44811912285702,NaN,NaN
1740312000,96373.49616984643,96373.49616984643,95227.94,95789.80249999999,40.358571379381154,NaN,NaN
1740333600,96081.64933492322,96332.44,95522.78,95942.5,42.291605090154555,NaN,NaN
1740355200,96012.07466746161,96500,95078.01,95890.85,41.79812316091298,NaN,NaN
1740376800,95951.4623337308,96177.18,95355,95770.255,40.60672024533975,NaN,NaN
1740398400,95860.8586668654,96095.32,93817.06,95094.4575,34.6468407406806,NaN,NaN
1740420000,95477.6580834327,95477.6580834327,91349.26,93099.685,23.624675929419524,NaN,NaN
1740441600,94288.67154171635,94288.67154171635,90912.01,91768.98000000001,19.22976286092502,NaN,NaN
1740463200,93028.82577085818,93028.82577085818,86888.1,90081.5875,15.33424044829708,NaN,NaN
1740484800,91555.20663542909,91555.20663542909,86050.99,88023.69249999999,12.111756922409896,NaN,NaN
1740506400,89789.44956771453,89789.44956771453,86508.76,87977.32999999999,12.050316357062286,NaN,NaN
1740528000,88883.38978385726,89414.15,88148.48,88666.655,18.657374232257695,NaN,NaN
1740549600,88775.02239192862,89314.45,88138,88623.20999999999,18.5627252341514,NaN,NaN
1740571200,88699.1161959643,88699.1161959643,85418.72,87190.21250000001,15.72845156445402,NaN,NaN
1740592800,87944.66434798215,87944.66434798215,82256.01,84763.85750000001,12.3030812385866,NaN,NaN
1740614400,86354.26092399108,86354.26092399108,84026.96,85026.235,14.472211994085924,NaN,NaN
1740636000,85690.24796199554,87078.46,85690.24796199554,86341.95750000002,24.55036476204191,NaN,NaN
1740657600,86016.10273099778,86795.9,84355.04,85611.635,22.93487177828385,NaN,NaN
1740679200,85813.8688654989,85813.8688654989,82716.49,84253.0775,20.263634333860978,NaN,NaN
1740700800,85033.47318274944,85033.47318274944,79152,82181.8025,17.01065291187136,NaN,NaN
1740722400,83607.63784137473,83607.63784137473,78258.52,79900.0375,14.289257017379398,NaN,NaN
1740744000,81753.83767068737,84920,80075.47,82278.39,27.337984826762053,NaN,NaN
1740765600,82016.11383534368,85120,82016.11383534368,84067.94,35.31742643762949,NaN,NaN
1740787200,83042.02691767184,86558,83042.02691767184,85080.23000000001,39.3732157723206,NaN,NaN
1740808800,84061.12845883593,85663.49,84061.12845883593,85066.77249999999,39.33790205651341,NaN,NaN
1740830400,84563.95047941795,85373.4,84334.39,84888.82,38.84180536918619,NaN,NaN
1740852000,84726.38523970898,86262.74,84726.38523970898,85654.3575,42.21775973481171,NaN,NaN
1740873600,85190.37136985449,86498,85190.37136985449,86012.98,43.783295667299605,NaN,NaN
1740895200,85601.67568492724,86589.97,85601.67568492724,86071.625,44.05025488251681,NaN,NaN
1740916800,85836.65034246362,95000,85050.6,90062.5575,58.49495424606898,NaN,NaN
1740938400,87949.60392123181,94883.51,87949.60392123181,93902.91,67.25548386809116,NaN,NaN
1740960000,90926.25696061591,94416.46,90926.25696061591,93615.9875,66.13237518061766,NaN,NaN
1740981600,92271.12223030796,93344.78,91142,92642.8875,62.33071129117203,NaN,NaN
1741003200,92457.00486515398,93721.37,89117,91469.595,58.001281593041575,NaN,NaN
1741024800,91963.29993257699,91963.29993257699,85117.11,88022.04999999999,47.55004116470198,NaN,NaN
1741046400,89992.6749662885,89992.6749662885,82464.84,84941.99250000001,40.5244766290447,NaN,NaN
1741068000,87467.33373314425,87467.33373314425,83040.29,83915.9975,38.48466909983725,NaN,NaN
1741089600,85691.66561657212,85691.66561657212,81500,84102.905,39.08619409540936,NaN,NaN
1741111200,84897.28530828605,88967.52,84897.28530828605,86710.515,46.88907176897625,NaN,NaN
1741132800,85803.90015414302,87888.88,85803.90015414302,87162.8425,48.13028937219116,NaN,NaN
1741154400,86483.37132707151,90660,86483.37132707151,88655.0625,52.10680245303661,NaN,NaN
1741176000,87569.21691353575,90933.82,87569.21691353575,89509.0175,54.267530248371564,NaN,NaN
1741197600,88539.11720676787,91000,88539.11720676787,90043.91500000001,55.61820672823734,NaN,NaN
1741219200,89291.51610338394,92810.64,89291.51610338394,91535.3375,59.23351056214893,NaN,NaN
1741240800,90413.42680169197,92769.26,90413.42680169197,91867.605,60.014974937536664,NaN,NaN
1741262400,91140.51590084599,91457.03,88007.19,89860.5575,53.360957226977945,NaN,NaN
1741284000,90500.53670042299,90781.2,87836,89294.2725,51.62187472101983,NaN,NaN
1741305600,89897.4046002115,91283.02,84667.03,88525.78500000002,49.27489820707447,NaN,NaN
1741327200,89211.59480010575,89704,87801.47,88673.41000000002,49.74754858525671,NaN,NaN
1741348800,88942.50240005288,91100,86554.77,88576.93000000001,49.4234239959043,NaN,NaN
1741370400,88759.71620002645,89023.41,85573.07,87271.05500000001,45.136757934669504,NaN,NaN
1741392000,88015.38560001322,88015.38560001322,85218.47,86299.14499999999,42.202905281719865,NaN,NaN
1741413600,87157.2653000066,87157.2653000066,85762.72,86164.9325,41.79886558996846,NaN,NaN
1741435200,86661.0989000033,86661.0989000033,85661.76,86047.06,41.42377551433138,NaN,NaN
1741456800,86354.07945000165,86500,85800,86116.38,41.754801396268626,NaN,NaN
1741478400,86235.22972500083,86500,85939.85,86174.08,42.04836903585526,NaN,NaN
1741500000,86204.6548625004,86204.6548625004,84625.01,85459.7975,39.40088752783236,NaN,NaN
1741521600,85832.22618125021,85832.22618125021,82223,83667.83499999999,33.67283431256108,NaN,NaN
1741543200,84750.0305906251,84750.0305906251,80000,81660.005,28.64744571719139,NaN,NaN
1741564800,83205.01779531255,83205.01779531255,80037.62,81469.6425,28.217466817964123,NaN,NaN
1741586400,82337.33014765628,84123.46,81151,82791.2425,35.4600452741372,NaN,NaN
1741608000,82564.28632382813,83771.94,78202,81003.9625,30.91698214057439,NaN,NaN
1741629600,81784.12441191406,81784.12441191406,77459.91,78600.425,26.078256206660996,NaN,NaN
1741651200,80192.27470595704,80457,76606,78980.16,27.995631744541512,NaN,NaN
1741672800,79586.21735297852,82092.34,79586.21735297852,81040.61499999999,37.47265899371656,NaN,NaN
1741694400,80313.41617648926,82225.21,79058,81077.2775,37.629960517356935,NaN,NaN
1741716000,80695.34683824463,83617.4,80695.34683824463,82286.14499999999,42.744661669145216,NaN,NaN
1741737600,81490.7459191223,83783.26,81490.7459191223,82580.17,43.9486453422191,NaN,NaN
1741759200,82035.45795956114,83076.79,81296,82341.17,43.154268280429555,NaN,NaN
1741780800,82188.31397978056,84539.85,80607.65,82499.09,43.87612789627041,NaN,NaN
1741802400,82343.70198989028,83887.26,81723,82783.6975,45.22609285227495,NaN,NaN
1741824000,82563.69974494513,84336.33,82563.69974494513,83562.6525,48.85229282900033,NaN,NaN
1741845600,83063.17612247256,83559.06,82400.04,83023.03,46.553031372075274,NaN,NaN
1741867200,83043.10306123628,83900,79939.9,81719.94,41.47642209800424,NaN,NaN
1741888800,82381.52153061813,82381.52153061813,79996.65,80665.1625,37.87594253416208,NaN,NaN
1741910400,81523.34201530907,82270.51,80818.84,81586.77249999999,42.567207895640394,NaN,NaN
1741932000,81555.05725765452,83348.46,81555.05725765452,82630.9125,47.41238748839601,NaN,NaN
1741953600,82092.98487882726,85309.71,82092.98487882726,83892.1575,52.61278500414817,NaN,NaN
1741975200,82992.57118941363,84929.45,82992.57118941363,84248.88,53.998397457855276,NaN,NaN
1741996800,83620.72559470682,84676.28,83620.72559470682,84222.575,53.873300524814,NaN,NaN
1742018400,83921.65029735341,84308.16,83618,84074.04,53.1248914844073,NaN,NaN
1742040000,83997.8451486767,84499.74,83997.8451486767,84259.0775,53.982529104421076,NaN,NaN
1742061600,84128.46132433835,84476.46,84076.92,84328.5175,54.3202978366814,NaN,NaN
1742083200,84228.48941216918,84418,83733.86,84221.4025,53.66593197114127,NaN,NaN
1742104800,84224.94595608459,84400,82381.46,83396.69750000001,48.7924012831397,NaN,NaN
1742126400,83810.8217280423,85117.04,82400,83460.0675,49.174343608869755,NaN,NaN
1742148000,83635.44461402115,84094.52,81981.12,83140.8475,47.26199740151317,NaN,NaN
1742169600,83388.14605701057,83869.77,82523,83021.82250000001,46.5353170712196,NaN,NaN
1742191200,83204.98427850529,83783.02,82682.62,83275.095,48.35499362274901,NaN,NaN
1742212800,83240.03963925265,84336.89,82456,83626.27,50.85273131556943,NaN,NaN
1742234400,83433.15481962633,84756.83,83433.15481962633,84177.61,54.567768421874646,NaN,NaN
1742256000,83805.38240981317,84021.74,82838.8,83470.3575,49.408317276423375,NaN,NaN
1742277600,83637.86995490658,83637.86995490658,82244.68,82822.235,45.19144159999176,NaN,NaN
1742299200,83230.05247745328,83230.05247745328,81134.66,82001.0125,40.47741597954462,NaN,NaN
1742320800,82615.53248872663,82810.95,81245.65,82059.58,40.950493752280444,NaN,NaN
1742342400,82337.55624436331,83320,82337.55624436331,82956.045,47.79057154817483,NaN,NaN
1742364000,82646.80062218165,84119.09,82646.80062218165,83570.62,51.903790743739876,NaN,NaN
1742385600,83108.71031109082,84888,83108.71031109082,84127.64499999999,55.338211545859004,NaN,NaN
1742407200,83618.17765554541,87000,83578.32,85413.8075,62.07264483394493,NaN,NaN
1742428800,84515.9925777727,87453.67,84515.9925777727,86389.315,66.23169074625099,NaN,NaN
1742450400,85452.65378888635,86300,84755.14,85596.145,60.42927442623386,NaN,NaN
1742472000,85524.39939444317,86532.04,83655.23,84945.715,56.08971865905712,NaN,NaN
1742493600,85235.05719722158,85235.05719722158,83922,84212.0075,51.58918857717034,NaN,NaN
1742515200,84723.5323486108,84850.33,84180.09,84430.865,52.80563698667747,NaN,NaN
1742536800,84577.1986743054,84577.1986743054,83700.47,84173.2425,51.17551321983129,NaN,NaN
1742558400,84375.2205871527,84375.2205871527,83175.25,83901.0975,49.43925828618735,NaN,NaN
1742580000,84138.15904357635,84584,83800,84124.2275,50.90983625702372,NaN,NaN
1742601600,84131.19327178817,84429.09,83989.58,84207.69,51.478333593806276,NaN,NaN
1742623200,84169.4416358941,84539.17,84109,84302.68,52.15741181387055,NaN,NaN
1742644800,84236.06081794704,84296.39,83975.42,84187.47,51.22107996199107,NaN,NaN
1742666400,84211.76540897353,84320,83625.1,84006.13,49.708452008769214,NaN,NaN
1742688000,84108.94770448677,84277.07,83809.75,84039.3775,49.99999560061915,NaN,NaN
1742709600,84074.16260224339,85027.32,84074.16260224339,84532.4975,54.23737838878772,NaN,NaN
1742731200,84303.3300511217,85413.05,84303.3300511217,84921.0275,57.30737000555442,NaN,NaN
1742752800,84612.17877556084,86129.64,84612.17877556084,85507.4525,61.50499184992715,NaN,NaN
1742774400,85059.81563778041,87027.32,85059.81563778041,86382.16,66.75554100634491,NaN,NaN
1742796000,85720.98781889021,87909.99,85720.98781889021,87313.0825,71.24996509330654,NaN,NaN
1742817600,86517.0351594451,88765.43,86517.0351594451,88013.85750000001,74.0896951524206,NaN,NaN
1742839200,87265.44632972256,88536,87050.6,87886.66,72.68631289871732,NaN,NaN
1742860800,87576.05316486128,87679.25,86310,87035.87,63.9595698041377,NaN,NaN
1742882400,87305.96158243064,87500,86332.87,86964.84,63.276529509574075,NaN,NaN
1742904000,87135.40079121532,88321.27,86929.46,87639.61000000002,66.89355803461544,NaN,NaN
1742925600,87387.50539560767,88539.63,87132.65,87750.60500000001,67.46128683179738,NaN,NaN
1742947200,87569.05519780384,87892.14,87030.56,87458.98250000001,64.33946470083262,NaN,NaN
1742968800,87514.01884890193,88275,87442.83,87798.2875,66.29387726490634,NaN,NaN
1742990400,87656.15317445097,88000,86391.3,87229.065,60.32112748975721,NaN,NaN
1743012000,87442.60908722549,87442.60908722549,85860,86685.8775,55.20941478924232,NaN,NaN
1743033600,87064.24329361274,87756.39,86796.26,87194.13500000001,58.73325279862387,NaN,NaN
1743055200,87129.18914680637,87597.6,86787,87160.7075,58.40778746369853,NaN,NaN
1743076800,87144.9483234032,87575,85800,86807.89,54.94684522077595,NaN,NaN
1743098400,86976.4191617016,87728.27,86876,87187.33,57.840188315625674,NaN,NaN
1743120000,87081.8745808508,87515.67,85827.97,86658.6675,52.756586850750644,NaN,NaN
1743141600,86870.2710404254,86870.2710404254,84800,85591.07,44.290771866945214,NaN,NaN
1743163200,86230.6705202127,86230.6705202127,83585,84614.61,38.24564205644903,NaN,NaN
1743184800,85422.64026010636,85422.64026010636,83636.36,84151.9725,35.75559555917435,NaN,NaN
1743206400,84787.30638005318,84787.30638005318,83709.67,84192.855,36.15119853191461,NaN,NaN
1743228000,84490.08069002659,84490.08069002659,82007,83081.465,30.62944422864703,NaN,NaN
1743249600,83785.7728450133,83785.7728450133,81644.81,82288.2525,27.411391149860037,NaN,NaN
1743271200,83037.01267250665,83037.01267250665,82209.59,82494.51,29.485991159526094,NaN,NaN
1743292800,82765.76133625332,83503.53,82500,82902.59,33.53351011104037,NaN,NaN
1743314400,82834.17566812666,83534.64,82834.17566812666,83118.41500000001,35.63770578716763,NaN,NaN
1743336000,82976.29533406332,83268.05,82050.4,82711.435,33.48497668589492,NaN,NaN
1743357600,82843.86516703166,82908.11,81565,82319.66,31.511649427171278,NaN,NaN
1743379200,82581.76258351584,82581.76258351584,81278.52,82070.1,30.287226208631097,NaN,NaN
1743400800,82325.93129175792,82325.93129175792,81290.88,81991.74,29.894441119652825,NaN,NaN
1743422400,82158.83564587896,83943.08,81656,82621.23000000001,36.96650201150307,NaN,NaN
1743444000,82390.03282293948,83566,82265.1,82765.365,38.496389343014954,NaN,NaN
1743465600,82577.69891146975,83329.99,82432.74,82829.84999999999,39.20729738292418,NaN,NaN
1743487200,82703.77445573488,84504.74,82703.77445573488,83583.355,46.92696893034425,NaN,NaN
1743508800,83143.56472786743,85499.55,82544,84272.92749999999,52.83020123074097,NaN,NaN
1743530400,83708.24611393371,85579.46,83708.24611393371,85143.91500000001,59.029020830650445,NaN,NaN
1743552000,84426.08055696686,85255.95,84100,84653.575,54.67301844059118,NaN,NaN
1743573600,84539.82777848342,85450,83904.72,84505.4075,53.39089440976119,NaN,NaN
1743595200,84522.61763924171,87333,84462.69,85744.4825,61.51812432171015,NaN,NaN
1743616800,85133.55006962086,88500,82320,84987.905,55.190030348409294,NaN,NaN
1743638400,85060.72753481043,85060.72753481043,82175.98,83008.50749999999,42.788812260094744,NaN,NaN
1743660000,84034.61751740522,84034.61751740522,83000,83306.9975,44.80300308807481,NaN,NaN
1743681600,83670.80750870261,83670.80750870261,81211.24,82321.3025,39.817682615562404,NaN,NaN
1743703200,82996.0550043513,83332.2,81540,82478.825,40.948523349782164,NaN,NaN
1743724800,82737.44000217566,83413.46,82577.63,83101.045,45.31924448236628,NaN,NaN
1743746400,82919.24250108784,84720,81659,83064.8625,45.11015320037331,NaN,NaN
1743768000,82992.05250054391,84620.01,81849.05,83402.375,47.54149035465701,NaN,NaN
1743789600,83197.21375027196,84584.91,83197.21375027196,84106.93000000001,52.29213825083379,NaN,NaN
1743811200,83652.07187513598,84266,83395.46,83810,50.22769018486062,NaN,NaN
1743832800,83731.035937568,83894.7,83297.66,83583.4325,48.64944782933826,NaN,NaN
1743854400,83657.234218784,83657.234218784,82379.95,83063.2125,45.142043616745376,NaN,NaN
1743876000,83360.223359392,83688,82779.62,83218.785,46.38687210518173,NaN,NaN
1743897600,83289.504179696,83817.63,83163.45,83492.27,48.595177443051476,NaN,NaN
1743919200,83390.887089848,83468,82666,83109.9975,45.75804465205658,NaN,NaN
1743940800,83250.442294924,83250.442294924,80562,81801.985,37.656774272314095,NaN,NaN
1743962400,82526.21364746199,82526.21364746199,77153.83,79300.3625,27.59438775776607,NaN,NaN
1743984000,80913.288073731,80913.288073731,76666,77846.57,23.640846802877036,NaN,NaN
1744005600,79379.9290368655,79379.9290368655,74508,76428.58,20.548420545231068,NaN,NaN
1744027200,77904.25451843275,81243.58,75789.01,78198.1775,32.4277218052446,NaN,NaN
1744048800,78051.21600921638,80218.88,78019.9,79119.52500000001,37.65442284564848,NaN,NaN
1744070400,78585.3705046082,80867.99,78585.3705046082,79668.905,40.60458628620083,NaN,NaN
1744092000,79127.1377523041,80077.65,78819.65,79687.88500000001,40.70897113348083,NaN,NaN
1744113600,79407.51137615205,80375,76556.98,78565.9925,36.61297712491315,NaN,NaN
1744135200,78986.75193807602,78986.75193807602,76239.9,76978.0775,31.74444913268806,NaN,NaN
1744156800,77982.414719038,77982.414719038,74620,76148.2975,29.534356224829097,NaN,NaN
1744178400,77065.356109519,77979.3,75756.86,76675.25,32.73702480254421,NaN,NaN
1744200000,76870.3030547595,82286.11,76010.21,79182.1225,45.4411613357917,NaN,NaN
1744221600,78026.21277737975,83588,78026.21277737975,82523.85250000001,57.078797065504084,NaN,NaN
1744243200,80275.03263868988,82753.21,80275.03263868988,82249.825,56.023493743872905,NaN,NaN
1744264800,81262.42881934493,82344.3,81262.42881934493,81919.3325,54.70972428232828,NaN,NaN
1744286400,81590.88065967246,82466.35,78464.36,80535.18000000001,49.47665678759,NaN,NaN
1744308000,81063.03032983624,81063.03032983624,79223.62,79554.4725,46.11124005031922,NaN,NaN
1744329600,80308.75141491812,81100,78969.58,80123.22,48.30724284572129,NaN,NaN
1744351200,80215.98570745907,82985.71,80215.98570745907,81678.45,53.84590353146973,NaN,NaN
1744372800,80947.21785372953,84073,80947.21785372953,82868.4725,57.590329053945254,NaN,NaN
1744394400,81907.84517686476,84300,81907.84517686476,83703.95999999999,60.041393577932425,NaN,NaN
1744416000,82805.90258843238,83572,82792.95,83281.925,58.21123038813466,NaN,NaN
1744437600,83043.91379421619,84031.87,83043.91379421619,83551.25,59.068678215952396,NaN,NaN
1744459200,83297.58189710809,85402.9,83297.58189710809,84291.71250000001,61.41291347022551,NaN,NaN
1744480800,83794.64719855404,85905,83794.64719855404,85174.5275,64.05606670160519,NaN,NaN
1744502400,84484.58734927702,86100,84399.42,85072.97750000001,63.517095094306825,NaN,NaN
1744524000,84778.78242463851,84949.86,84216.15,84552.56,60.698453270359714,NaN,NaN
1744545600,84665.67121231926,84990.22,83480.67,84438.6,60.06982936234247,NaN,NaN
1744567200,84552.13560615963,84943.4,83034.23,84123.1175,58.27066531906481,NaN,NaN
1744588800,84337.62655307981,85544.3,83678,84389.37,59.37651140480652,NaN,NaN
1744610400,84363.4982765399,84965.34,84211.06,84669.785,60.56190183954093,NaN,NaN
1744632000,84516.64163826995,85799.99,83709.25,84824.13249999999,61.232458535940424,NaN,NaN
1744653600,84670.38706913497,85208.1,84424.52,84770.98250000001,60.84878679155855,NaN,NaN
1744675200,84720.6847845675,85879.1,84347.97,85091.09,62.37776053357139,NaN,NaN
1744696800,84905.88739228374,86000,84905.88739228374,85621.485,64.8286941628808,NaN,NaN
1744718400,85263.68619614188,86496.42,84408.39,85244.31749999999,61.74813011107675,NaN,NaN
1744740000,85254.00184807094,85254.00184807094,83600,84083.97499999999,53.34914096686535,NaN,NaN
1744761600,84668.98842403546,84668.98842403546,83111.64,83519.6575,49.80128667769091,NaN,NaN
1744783200,84094.32296201773,84127.05,83140.89,83669.76,50.739679480415745,NaN,NaN
1744804800,83882.04148100887,85500,83275,84026.1425,52.98679337188998,NaN,NaN
1744826400,83954.09199050444,84679.53,83276,83816.78,51.500493465416056,NaN,NaN
1744848000,83885.43599525222,84496,83814.48,84183.04,53.93486275632205,NaN,NaN
1744869600,84034.2379976261,85053.38,84034.2379976261,84549.4625,56.298200479586995,NaN,NaN
1744891200,84291.85024881305,85208,83736.26,84653.73000000001,56.97464071798569,NaN,NaN
1744912800,84472.79012440653,85470.01,84472.79012440653,85005.4925,59.265396886221666,NaN,NaN
1744934400,84739.14131220325,85132.08,84514.67,84832.41,57.639245586219786,NaN,NaN
1744956000,84785.77565610163,84785.77565610163,84413.23,84648.09749999999,55.880879495232705,NaN,NaN
1744977600,84716.93657805081,84769.95,84303.96,84578.735,55.198427125438,NaN,NaN
1744999200,84647.83578902541,84684.49,84342.15,84518.31,54.573161103906585,NaN,NaN
1745020800,84583.0728945127,85300,84364.45,84804.785,57.05679367127196,NaN,NaN
1745042400,84693.92894725635,85436.72,84693.92894725635,85156.01999999999,59.948097435719646,NaN,NaN
1745064000,84924.97447362817,85677.99,84694.49,85207.45,60.368862058717056,NaN,NaN
1745085600,85066.21223681408,85367.93,85015.63,85175.1225,59.942585142436734,NaN,NaN
1745107200,85120.66736840704,85320.76,85050.27,85134.1425,59.37027374577073,NaN,NaN
1745128800,85127.40493420351,85160,83949.52,84581.975,52.1458933159335,NaN,NaN
1745150400,84854.68996710176,84854.68996710176,84099.3,84368.775,49.63449165472758,NaN,NaN
1745172000,84611.73248355088,85298,84467.94,84881.79,55.22280210222778,NaN,NaN
1745193600,84746.76124177544,87738,84746.76124177544,86403,66.93741416275546,NaN,NaN
1745215200,85574.88062088772,87795.26,85574.88062088772,87240.3675,71.37660446713286,NaN,NaN
1745236800,86407.62406044386,88465.99,86389.78,87168.77,70.50493287934358,NaN,NaN
1745258400,86788.19703022193,87625.68,86637.47,87156.69,70.34883117233713,NaN,NaN
1745280000,86972.44351511096,88877,86972.44351511096,87965.13,74.42918853960357,NaN,NaN
1745301600,87468.78675755548,88701.93,87468.78675755548,88426.82500000001,76.42449432469942,NaN,NaN
1745323200,87947.80587877776,91480,87947.80587877776,89993.0575,81.65429466418885,NaN,NaN
1745344800,88970.43168938888,93888,88970.43168938888,92408.0325,86.5928643539489,NaN,NaN
1745366400,90689.23209469444,93909.05,90689.23209469444,93352.65999999999,87.95834509309024,NaN,NaN
1745388000,92020.94604734721,94521.79,92020.94604734721,93697.67,88.42214788139697,NaN,NaN
1745409600,92859.3080236736,94696.05,91935.41,93497.95999999999,86.34887403586791,NaN,NaN
1745431200,93178.6340118368,94219.93,92963.66,93692.2625,86.67620479502722,NaN,NaN
1745452800,93435.4482559184,93787.65,92385.12,93110.11249999999,80.45183356324178,NaN,NaN
1745474400,93272.78037795919,93272.78037795919,91660.01,92380.80500000001,73.34573948810001,NaN,NaN
1745496000,92826.79268897959,93595.22,92434.78,92915.305,75.08280377556524,NaN,NaN
1745517600,92871.0488444898,94005,92871.0488444898,93498.95499999999,76.85645642908945,NaN,NaN
1745539200,93185.00192224489,94444,92855.96,93621.62,77.22340986964457,NaN,NaN
1745560800,93403.31096112245,94660,93199.99,93925.43,78.14756939248997,NaN,NaN
1745582400,93664.37048056122,95758.04,93664.37048056122,94712.7275,80.37033015876106,NaN,NaN
1745604000,94188.5489902806,95345.45,94188.5489902806,94738.38249999999,80.44014959401761,NaN,NaN
1745625600,94463.4657451403,95199,94380.72,94711.2175,80.11521145146915,NaN,NaN
1745647200,94587.34162257015,94794.17,93990.6,94388.825,76.18206197916993,NaN,NaN
1745668800,94488.08331128507,94488.08331128507,93870.69,94181.3875,73.67573924610177,NaN,NaN
1745690400,94334.73540564254,94888,94087,94479.9475,74.95297048814595,NaN,NaN
1745712000,94407.34145282127,95369,93655,94393.97,73.84186856014378,NaN,NaN
1745733600,94400.65572641064,94400.65572641064,93880,94013.9375,68.97470948044052,NaN,NaN
1745755200,94207.29661320531,94207.29661320531,93602.58,93935.0675,67.97335611444731,NaN,NaN
1745776800,94071.18205660266,94545.45,93641.7,93995.06,68.34975160149702,NaN,NaN
1745798400,94033.12102830134,94333,92800.01,93776.64499999999,65.33899523932418,NaN,NaN
1745820000,93904.88301415066,95550,93904.88301415066,94829.635,71.79049405052618,NaN,NaN
1745841600,94367.25900707534,95630,93444,94623.595,69.08098880174714,NaN,NaN
1745863200,94495.42700353767,95180,93787.61,94519.795,67.69484230676889,NaN,NaN
1745884800,94507.61100176883,95461.53,94200,94737.29999999999,69.09425675348325,NaN,NaN
1745906400,94622.45550088442,95285.71,94258.41,94737.5875,69.09616239053437,NaN,NaN
1745928000,94680.0215004422,95459.99,94531.85,95088.2375,71.41149366843891,NaN,NaN
1745949600,94884.12950022111,95448.84,93742.54,94669.8925,65.14101532874773,NaN,NaN
1745971200,94777.01100011056,95180,94136.48,94616.825,64.36889086963086,NaN,NaN
1745992800,94696.91800005527,95228.45,94500,94949.7775,67.01094097510193,NaN,NaN
1746014400,94823.34775002763,95214.9,92910,94350.4875,58.58976236074704,NaN,NaN
1746036000,94586.91762501383,94784.1,93757.63,94203.53,56.70780656005827,NaN,NaN
1746057600,94395.22381250691,95178.11,94130.43,94657.125,60.884197234106665,NaN,NaN
1746079200,94526.17440625346,96396.31,94526.17440625346,95631.07250000001,68.0183763275328,NaN,NaN
1746100800,95078.62345312673,97424.02,95078.62345312673,96541.965,72.98163670538767,NaN,NaN
1746122400,95810.29422656336,96975.3,95810.29422656336,96610.89499999999,73.31907415665876,NaN,NaN
1746144000,96210.59461328168,97309.78,96210.59461328168,96743.3575,73.9913106193369,NaN,NaN
1746165600,96476.97605664084,97100,96350,96771.6275,74.14105465119351,NaN,NaN
1746187200,96624.30177832043,97895.68,96624.30177832043,97219.53499999999,76.45414564249528,NaN,NaN
1746208800,96921.91838916022,97619,96561.57,97117.565,74.81344136839952,NaN,NaN
1746230400,97019.74169458011,97019.74169458011,96300.02,96634.99,67.43764758750018,NaN,NaN
1746252000,96827.36584729006,96827.36584729006,95852.29,96158.3425,61.036792165627055,NaN,NaN
1746273600,96492.85417364503,96509.44,95869.68,96128.1725,60.64442813754224,NaN,NaN
1746295200,96310.5133368225,96441.49,95753.01,96060.6225,59.71878586548252,NaN,NaN
1746316800,96185.56791841125,96304.48,95588,95947.905,58.12451433951504,NaN,NaN
1746338400,96066.73645920563,96142.86,95286.78,95723.8875,54.98289060028489,NaN,NaN
1746360000,95895.31197960282,95895.31197960282,95209.07,95433.205,51.121695836115094,NaN,NaN
1746381600,95664.2584898014,95758.08,94151.38,94899.29000000001,44.88652894521502,NaN,NaN
1746403200,95281.7742449007,95281.7742449007,93514.1,94333.22,39.399732996225225,NaN,NaN
1746424800,94807.49712245035,94825.46,93888,94371.1025,39.928934775544036,NaN,NaN
1746446400,94589.29981122518,94625,93613.66,94194.2125,38.249282493847886,NaN,NaN
1746468000,94391.75615561259,95199,93876,94577.1725,43.76466644875388,NaN,NaN
1746489600,94484.46432780629,94926.99,94012.78,94504.75249999999,42.98282535777286,NaN,NaN
1746511200,94494.60841390313,94638.01,93720.63,94129.1875,39.08341738942734,NaN,NaN
1746532800,94311.89795695156,94856.53,93377,94145.4975,39.34078508432037,NaN,NaN
1746554400,94228.69772847579,96920.65,94228.69772847579,95685.8375,57.57208122813626,NaN,NaN
1746576000,94957.26761423789,97732,94957.26761423789,96788.77,65.55503377835049,NaN,NaN
1746597600,95873.01880711895,97111,95873.01880711895,96725.285,64.79926530053822,NaN,NaN
1746619200,96299.15190355948,97478.27,96190.47,96755.9275,65.00895514317897,NaN,NaN
1746640800,96527.53970177975,97390,95784.61,96628.16249999999,63.315369363629756,NaN,NaN
1746662400,96577.85110088988,99419,96577.85110088988,98016.59999999999,71.88665024439229,NaN,NaN
1746684000,97297.22555044494,99888,97297.22555044494,99190.2475,76.81746350312562,NaN,NaN
1746705600,98243.73652522247,101707.02,98243.73652522247,100308.48999999999,80.35320615154563,NaN,NaN
1746727200,99276.11326261124,104145.76,99276.11326261124,102351.125,84.88738600660496,NaN,NaN
1746748800,100813.61913130562,103268.44,100813.61913130562,102968.35,85.94307231286459,NaN,NaN
1746770400,101890.98456565282,104361.3,101890.98456565282,103179.99,86.2965516989073,NaN,NaN
1746792000,102535.48728282642,103793.66,102315.14,103066.775,85.06426506790963,NaN,NaN
1746813600,102801.1311414132,103408,102727.25,103076.8075,85.08459066685455,NaN,NaN
1746835200,102938.9693207066,103361,102818.76,103128.1875,85.19570601979494,NaN,NaN
1746856800,103033.57841035331,104100,103033.57841035331,103562.8225,86.13656599216826,NaN,NaN
1746878400,103298.20045517664,103825.4,103100,103384.305,83.78137801996169,NaN,NaN
1746900000,103341.25272758832,104984.57,103005.33,103994.07750000001,85.26356246123738,NaN,NaN
1746921600,103667.66511379417,104972,103466.05,104271.895,85.89598523482336,NaN,NaN
1746943200,103969.78005689709,104777,103345.06,104153.5175,84.23711383478343,NaN,NaN
1746964800,104061.64877844855,104888,103750,104331.6775,84.71554080559024,NaN,NaN
1746986400,104196.66313922429,104832.82,103569.77,104139.32250000001,81.82779653437439,NaN,NaN
1747008000,104167.99281961215,105086.42,103702.15,104211.64249999999,82.07519089955518,NaN,NaN
1747029600,104189.81765980607,105819.45,103625,104286.83499999999,82.34432414599448,NaN,NaN
1747051200,104238.32632990304,104629.96,102388,103334.26,68.34441600297718,NaN,NaN
1747072800,103786.29316495152,103786.29316495152,100718.37,102298.4525,56.996758281488184,NaN,NaN
1747094400,103042.37283247575,103042.37283247575,101429.7,102372.3725,57.53859094596708,NaN,NaN
1747116000,102707.37266623788,103822.03,102333.33,103090.43000000001,62.48360002151738,NaN,NaN
1747137600,102898.90133311893,104394.61,102811.32,103800.825,66.62476370757923,NaN,NaN
1747159200,103349.86316655946,104976.25,103349.86316655946,104304.2875,69.21804349521943,NaN,NaN
1747180800,103827.07533327973,104115.86,103453.26,103892.38750000001,64.78302345905038,NaN,NaN
1747202400,103859.73141663987,104145,102875.22,103715.46250000001,62.918212810511896,NaN,NaN
1747224000,103787.59695831995,104356.95,102602.05,103537.68,61.0175173012763,NaN,NaN
1747245600,103662.63847915997,103720.44,103029.45,103376.1225,59.265411712785045,NaN,NaN
1747267200,103519.38048957998,103866.51,102336.7,103021.5875,55.49916418658394,NaN,NaN
1747288800,103270.48399478999,103270.48399478999,101500,102233.255,48.169051554627686,NaN,NaN
1747310400,102751.869497395,104192.7,101383.07,102978.9075,54.31525760677365,NaN,NaN
1747332000,102865.3884986975,104012.49,102552.35,103574.19750000001,58.541976326703036,NaN,NaN
1747353600,103219.79299934875,104466.01,103219.79299934875,103899.0375,60.67980747592288,NaN,NaN
1747375200,103559.41524967438,104190.48,103100.49,103710.3,58.78314097692418,NaN,NaN
1747396800,103634.8576248372,104550.33,103343.07,103853.27,59.80798543416914,NaN,NaN
1747418400,103744.06381241861,104094.9,103397.5,103706.065,58.203288888988034,NaN,NaN
1747440000,103725.0644062093,103725.0644062093,102612.5,103282.2625,53.733333737504964,NaN,NaN
1747461600,103503.66345310464,103640.14,102753.67,103182.69249999999,52.709118878209786,NaN,NaN
1747483200,103343.17797655231,103343.17797655231,102640.02,103014.3775,50.94146309617693,NaN,NaN
1747504800,103178.77773827616,103477.87,102900.72,103158.91750000001,52.417209593325715,NaN,NaN
1747526400,103168.84761913808,103685.03,103105.09,103391.24250000001,54.77223127928771,NaN,NaN
1747548000,103280.04505956903,104088.2,103280.04505956903,103726.325,58.00091371063122,NaN,NaN
1747569600,103503.18502978451,105980,103503.18502978451,104579.65499999998,64.87727016568832,NaN,NaN
1747591200,104041.42001489224,106660,103285.71,105309.1575,69.47799309414731,NaN,NaN
1747612800,104675.28875744612,107108.62,102513.87,104777.1925,62.997580673292234,NaN,NaN
1747634400,104726.24062872306,104726.24062872306,102000,102855.23500000002,46.22279479028399,NaN,NaN
1747656000,103790.73781436154,105550.01,102126.16,104005.12999999999,54.09802990953183,NaN,NaN
1747677600,103897.93390718076,105829.99,103897.93390718076,105354.56,61.26653375922236,NaN,NaN
1747699200,104626.24695359038,106853.27,104626.24695359038,106016.3175,64.21773119900661,NaN,NaN
1747720800,105321.28222679519,106219.99,104847.16,105594.04250000001,61.02263428622576,NaN,NaN
1747742400,105457.6623633976,106336.37,104184.72,105481.28749999999,60.16188702502883,NaN,NaN
1747764000,105469.47493169879,107320,105220,106397.5775,64.53926682417236,NaN,NaN
1747785600,105933.52621584939,107718.68,105933.52621584939,107074.3675,67.38948917827496,NaN,NaN
1747807200,106503.94685792469,107985.05,106100.01,107043.3775,67.12344265958757,NaN,NaN
1747828800,106773.66217896235,109845,106117.67,107275.47249999999,68.13797904375593,NaN,NaN
1747850400,107024.56733948117,110797.38,106317,108337.7925,72.34461776012401,NaN,NaN
1747872000,107681.17991974059,111880,107681.17991974059,110395.3375,78.31605487399494,NaN,NaN
1747893600,109038.2587098703,111326.2,109038.2587098703,110865.2225,79.40949048394197,NaN,NaN
1747915200,109951.74060493516,111980,109951.74060493516,111253.5725,80.29393625297345,NaN,NaN
1747936800,110602.65655246758,111953.85,110602.65655246758,111478.9125,80.80904666509716,NaN,NaN
1747958400,111040.7845262338,111800,110547.98,111224.91750000001,78.32382076560127,NaN,NaN
1747980000,111132.8510131169,111381.61,108888,110050.35750000001,67.92113365008365,NaN,NaN
1748001600,110591.60425655846,110591.60425655846,107316,108949.535,59.89234927806813,NaN,NaN
1748023200,109770.56962827923,109770.56962827923,106800,108256.53,55.44869795047788,NaN,NaN
1748044800,109013.54981413961,109013.54981413961,106875.41,107752.93000000001,52.405835559414626,NaN,NaN
1748066400,108383.2399070698,109506.03,107566.37,108629.16249999999,56.8435095986902,NaN,NaN
1748088000,108506.2012035349,109282.81,108506.2012035349,108987.85250000001,58.54738645756204,NaN,NaN
1748109600,108747.02685176746,109125,107500,108326.73500000002,54.29260886386101,NaN,NaN
1748131200,108536.88092588374,108536.88092588374,107206,107840.14249999999,51.335556174588646,NaN,NaN
1748152800,108188.51171294186,108188.51171294186,106708.98,107552.33499999999,49.61429582884375,NaN,NaN
1748174400,107870.42335647093,107870.42335647093,106600.64,107241.835,47.75399911083404,NaN,NaN
1748196000,107556.12917823547,109299.99,107176,108210.885,53.6012404923422,NaN,NaN
1748217600,107883.50708911773,109844.91,107883.50708911773,109292.425,59.10265275930153,NaN,NaN
1748239200,108587.96604455887,110228.11,108587.96604455887,109792.5575,61.38286387885445,NaN,NaN
1748260800,109190.26177227942,110422.22,108871.21,109559.51750000002,59.7122599196566,NaN,NaN
1748282400,109374.88963613972,109888.89,108858.28,109338.46499999998,58.09704598483477,NaN,NaN
1748304000,109356.67731806985,109666,107516.57,108885.17749999999,54.82223472668711,NaN,NaN
1748325600,109120.92740903492,109899,108826.08,109308.4825,57.24590893160236,NaN,NaN
1748347200,109214.70495451745,110718,108670.29,109801.56,59.94171309196826,NaN,NaN
1748368800,109508.13247725872,110409.11,108600,109544.935,57.895622540784665,NaN,NaN
1748390400,109526.53373862937,109526.53373862937,108400,108905.7175,53.03909166372811,NaN,NaN
1748412000,109216.12561931468,109216.12561931468,108258.01,108814.705,52.3655519886351,NaN,NaN
1748433600,109015.41530965734,109053.39,107045.45,108162.06,47.688801819017606,NaN,NaN
1748455200,108588.73765482867,108588.73765482867,106769.43,107568.54250000001,43.8531394498421,NaN,NaN
1748476800,108078.64007741434,108484.61,106948.01,107724.0525,45.099124150768205,NaN,NaN
1748498400,107901.34628870717,108891.91,107643.18,108249.185,49.198860645819344,NaN,NaN
1748520000,108075.26564435358,108797.25,106117.51,107499.54750000002,44.13243523396334,NaN,NaN
1748541600,107787.4065721768,107787.4065721768,105322.86,105958.495,35.9390401665173,NaN,NaN
1748563200,106872.95078608839,106872.95078608839,104600.5,105646.6975,34.541738820893016,NaN,NaN
1748584800,106259.82414304418,106259.82414304418,104606.01,105676.28,34.800746805352446,NaN,NaN
1748606400,105968.05207152209,106000,103706.71,104942.59,31.474392860218316,NaN,NaN
1748628000,105455.32103576104,105455.32103576104,103621,104194.65,28.485299194331702,NaN,NaN
1748649600,104824.98551788052,104824.98551788052,103068.55,103721.4125,26.754015600018448,NaN,NaN
1748671200,104273.19900894025,104273.19900894025,103285.71,103556.59,26.157709610593585,NaN,NaN
1748692800,103914.89450447012,104846.15,103480.11,104043.3725,31.04585081252364,NaN,NaN
1748714400,103979.13350223505,104900,103979.13350223505,104547.4975,35.786653184967534,NaN,NaN
1748736000,104263.31550111753,104729.99,103924.52,104445.74,35.25968696501393,NaN,NaN
1748757600,104354.52775055877,104536.58,103752.49,104227.08,34.097769547790975,NaN,NaN
1748779200,104290.80387527938,105299.21,103783.01,104557.80500000001,37.45493116471455,NaN,NaN
1748800800,104424.30443763969,105866.91,104319.79,105223.9925,43.678770852100186,NaN,NaN
1748822400,104824.14846881984,105735.42,104571.42,105195.88999999998,43.482204112826544,NaN,NaN
1748844000,105010.0192344099,105935.63,103941,104689.515,39.98997491023568,NaN,NaN
1748865600,104849.76711720496,104849.76711720496,103659.88,104196.6625,36.88491906697611,NaN,NaN
1748887200,104523.21480860248,105931.44,104050.96,105060.07,44.949196852766924,NaN,NaN
1748908800,104791.64240430124,106500,104791.64240430124,105731.57,50.27097940476669,NaN,NaN
1748930400,105261.60620215062,105463.19,104872.5,105268.755,46.90538148250843,NaN,NaN
1748952000,105265.18060107532,106794.67,105031.6,105764.3725,50.710947367300506,NaN,NaN
1748973600,105514.77655053766,106428.58,105266.02,105753.87000000001,50.628135721297795,NaN,NaN
1748995200,105634.32327526883,105839.63,105132.27,105425.735,47.99122124749748,NaN,NaN
1749016800,105530.02913763441,106000,105080.26,105379.69,47.61644189821507,NaN,NaN
1749038400,105454.8595688172,105542,104179,104964.11499999999,44.257141576246156,NaN,NaN
1749060000,105209.48728440859,105300,104407.16,104863.7825,43.45995844201054,NaN,NaN
1749081600,105036.6348922043,105240.84,104570.43,104789.34,42.843332230284965,NaN,NaN
1749103200,104912.98744610214,104920,104380,104694.25499999999,42.02317469672117,NaN,NaN
1749124800,104803.62122305107,105909.71,103140,104279.385,38.55515764677256,NaN,NaN
1749146400,104541.50311152553,104541.50311152553,100372.26,102118.885,26.35659633933875,NaN,NaN
1749168000,103330.19405576275,103330.19405576275,101095.8,102128.2425,26.46511634010099,NaN,NaN
1749189600,102729.21827788137,103991.45,102729.21827788137,103442.4425,39.867234017773875,NaN,NaN
1749211200,103085.8303889407,105333,103085.8303889407,104424.2075,47.55677126519272,NaN,NaN
1749232800,103755.01894447036,104982.38,103755.01894447036,104551.54250000001,48.47704019232712,NaN,NaN
1749254400,104153.28072223518,105000,103871.09,104509.22,48.174453144352526,NaN,NaN
1749276000,104331.25036111759,105319.13,104331.25036111759,105009.08,51.9863465424046,NaN,NaN
1749297600,104670.1651805588,105800,104670.1651805588,105373.30500000001,54.60632800840117,NaN,NaN
1749319200,105021.7350902794,105900,105021.7350902794,105559.64000000001,55.93120041573977,NaN,NaN
1749340800,105290.6875451397,105786.33,105290.6875451397,105542.7125,55.77195107396346,NaN,NaN
1749362400,105416.70002256986,105720.94,104964.14,105452.5325,54.87554570413027,NaN,NaN
1749384000,105434.61626128493,106360,105434.61626128493,105912.47750000001,58.53604006710428,NaN,NaN
1749405600,105673.54688064248,106488.14,105545.71,105962.7,58.927829342856015,NaN,NaN
1749427200,105818.12344032124,105966.33,105318.37,105599.45499999999,54.88815460467322,NaN,NaN
1749448800,105708.78922016062,107806,105319,106565.8325,62.29390913085176,NaN,NaN
1749470400,106137.31086008031,108422.28,106137.31086008031,107844.7625,69.44331036445938,NaN,NaN
1749492000,106991.03668004015,110530.17,106991.03668004015,109353.815,75.37608137608787,NaN,NaN
1749513600,108172.42584002008,110311.82,108172.42584002008,109771.3325,76.72268325735067,NaN,NaN
1749535200,108971.87917001004,109851.8,108971.87917001004,109440.1175,73.29819767336525,NaN,NaN
1749556800,109205.99833500502,109900.81,108331.03,109121.285,70.05660874293422,NaN,NaN
1749578400,109163.64166750251,110400,108518.86,109476.155,71.56399519947595,NaN,NaN
1749600000,109319.89833375125,110274.4,109319.89833375125,109861.79999999999,73.14609602557796,NaN,NaN
1749621600,109590.84916687562,109745.29,109193.89,109414.82749999998,68.3962896753741,NaN,NaN
1749643200,109502.8383334378,110392.01,108964.16,109398.2475,68.21932744185044,NaN,NaN
1749664800,109450.5429167189,109450.5429167189,108064,108728.3375,61.316285620253865,NaN,NaN
1749686400,109089.44020835945,109089.44020835945,107320,108131.39749999999,55.8892775121564,NaN,NaN
1749708000,108610.41885417972,108610.41885417972,106874.47,107378.9775,49.89476407070205,NaN,NaN
1749729600,107994.69817708986,108450.16,106600,107559.6275,51.246808042542895,NaN,NaN
1749751200,107777.16283854493,108419.21,105671.72,107012.51499999998,47.10142114484432,NaN,NaN
1749772800,107394.83891927246,107394.83891927246,102664.31,104508.075,33.67357947175938,NaN,NaN
1749794400,105951.45695963623,105951.45695963623,103825.11,104575.29749999999,34.215684298435704,NaN,NaN
1749816000,105263.37722981811,105981,104118,105132.355,38.68780606560178,NaN,NaN
1749837600,105197.86611490906,106179.53,104668.73,105576.44750000001,42.06892863873561,NaN,NaN
1749859200,105387.15680745454,106252,105197.96,105701.2125,43.01962832753412,NaN,NaN
1749880800,105544.18465372726,105544.18465372726,104792.98,105121.2775,39.75388115962659,NaN,NaN
1749902400,105332.73107686362,105332.73107686362,104359.5,104795.2325,38.007003680508,NaN,NaN
1749924000,105063.98178843182,105480,104300,104950.705,39.37503220418877,NaN,NaN
1749945600,105007.34339421592,106100,105007.34339421592,105713.33,45.70438652884055,NaN,NaN
1749967200,105360.33669710797,106128.57,104867.64,105510.16750000001,44.375260993317255,NaN,NaN
1749988800,105435.25209855399,105838.24,104955.48,105363.4675,43.39394583081142,NaN,NaN
1750010400,105399.359799277,105689.65,104494.53,105366.95999999999,43.42602146815167,NaN,NaN
1750032000,105383.1598996385,106785.71,104980.37,105980.01999999999,48.89978906326748,NaN,NaN
1750053600,105681.58994981924,107262.31,105681.58994981924,106804.22499999999,55.17853141831733,NaN,NaN
1750075200,106242.90747490962,108017.98,106242.90747490962,107288.01749999999,58.40894740746897,NaN,NaN
1750096800,106765.4624874548,108952.38,106700,107550.48000000001,60.08950090126459,NaN,NaN
1750118400,107157.9712437274,107771.34,106115.35,106950.81,54.655541655836295,NaN,NaN
1750140000,107054.3906218637,107234.94,105508.23,106376.6625,49.993980999077294,NaN,NaN
1750161600,106715.52656093184,106715.52656093184,103371.02,104672.13500000001,39.28226837215034,NaN,NaN
1750183200,105693.83078046593,105693.83078046593,103626.05,104332.01,37.55321826390818,NaN,NaN
1750204800,105012.92039023296,105550.27,104379.52,104976.115,42.697093983285754,NaN,NaN
1750226400,104994.51769511649,105527.88,104175.87,104991.9625,42.82188949858187,NaN,NaN
1750248000,104993.24009755824,105325.83,103615.33,104528.3925,40.07266738242308,NaN,NaN
1750269600,104760.81629877913,105139.87,103500,104464.6625,39.69535851649511,NaN,NaN
1750291200,104612.73939938957,105226.17,104457.12,104865.73499999999,43.31276789859452,NaN,NaN
1750312800,104739.23719969478,105073.53,104617.69,104840.0775,43.1345103503159,NaN,NaN
1750334400,104789.65734984739,104917.05,103929.27,104535.965,40.981602013607244,NaN,NaN
1750356000,104662.8111749237,104898.31,104126.98,104551.29999999999,41.14113362526313,NaN,NaN
1750377600,104607.05558746184,104820,104238.02,104575.3225,41.40832005168929,NaN,NaN
1750399200,104591.18904373092,106524.65,104584.68,105417.9575,49.98482371493026,NaN,NaN
1750420800,105004.57327186546,106149.17,102345,104437.8125,42.23966517381896,NaN,NaN
1750442400,104721.19288593273,104721.19288593273,102963.67,103342.23,35.5995437590519,NaN,NaN
1750464000,104031.71144296636,104031.71144296636,103127.48,103384.585,36.018294557901164,NaN,NaN
1750485600,103708.14822148319,103982.64,103330,103652.1225,38.728426289699584,NaN,NaN
1750507200,103680.1353607416,103946.47,103174.12,103544.54999999999,38.03088124364679,NaN,NaN
1750528800,103612.34268037078,103612.34268037078,100837.9,102391.025,31.48264856255433,NaN,NaN
1750550400,103001.68384018539,103399.62,101839.96,102553.37250000001,33.225270311801,NaN,NaN
1750572000,102777.5281700927,102946.47,102080,102654.95999999999,34.3504290725966,NaN,NaN
1750593600,102716.24408504635,102831,98673.66,100931.0325,26.263015314092954,NaN,NaN
1750615200,101823.63829252317,101823.63829252317,98200,99919.63249999999,22.86219247803774,NaN,NaN
1750636800,100871.63539626158,101890,100494.25,101279.785,35.043912592828576,NaN,NaN
1750658400,101075.7101981308,102137,101075.7101981308,101574.945,37.35585182773552,NaN,NaN
1750680000,101325.32759906541,102690,99613.33,101519.08750000001,37.086831581609765,NaN,NaN
1750701600,101422.2075495327,106074.2,101422.2075495327,104069.9675,53.541376559201304,NaN,NaN
1750723200,102746.08752476635,105500,102746.08752476635,105233.84749999999,58.83200104293058,NaN,NaN
1750744800,103989.96751238317,105811,103989.96751238317,105249.89,58.901473934079384,NaN,NaN
1750766400,104619.92875619158,106290,104619.92875619158,105576.915,60.36964665025824,NaN,NaN
1750788000,105098.42187809579,106119.11,105098.42187809579,105879.81999999999,61.73323360776481,NaN,NaN
1750809600,105489.12093904789,106791.18,105489.12093904789,106223.98249999998,63.27922995297288,NaN,NaN
1750831200,105856.55171952394,107237.44,105856.55171952394,106693.55750000001,65.33691996909485,NaN,NaN
1750852800,106275.05460976198,108135.3,106275.05460976198,107372.05249999999,68.11697891621803,NaN,NaN
1750874400,106823.55355488099,108000,106823.55355488099,107455.75499999999,68.4531185708741,NaN,NaN
1750896000,107139.65427744048,108272.45,107105.43,107587.63999999998,69.00756255294496,NaN,NaN
1750917600,107363.64713872023,108174.86,107117.65,107562.5025,68.75950904627017,NaN,NaN
1750939200,107463.07481936012,107765.55,106562.5,107211.61499999999,65.23452862819812,NaN,NaN
1750960800,107337.34490968005,108000,106850,107247.5125,65.42978580356768,NaN,NaN
1750982400,107292.42870484001,107568.68,106438.33,107055.4525,63.378810787842525,NaN,NaN
1751004000,107173.94060242001,107735.34,106679.98,107166.6625,64.08091524964807,NaN,NaN
1751025600,107170.30155121001,107709.22,106356.76,106981.3325,61.949378560914084,NaN,NaN
1751047200,107075.817025605,107277.99,106446.45,106911.945,61.129526791860044,NaN,NaN
1751068800,106993.8810128025,107347.1,106811.51,107125.2475,62.76105699530729,NaN,NaN
1751090400,107059.56425640125,107496.12,107059.56425640125,107354.23000000001,64.48445204169516,NaN,NaN
1751112000,107206.89712820062,107577.75,107084.15,107375.10250000001,64.64507008688787,NaN,NaN
1751133600,107290.99981410032,107465.13,107154.62,107345.4175,64.20037671163243,NaN,NaN
1751155200,107318.20865705016,107500,107172.52,107319.825,63.79294181703589,NaN,NaN
1751176800,107319.01682852508,108484,107309.99,107895.275,68.61586528048052,NaN,NaN
1751198400,107607.14591426254,108528.5,107316.46,107966.63,69.16435893955021,NaN,NaN
1751220000,107786.88795713127,108436.47,107250,107896.96,67.91628177620572,NaN,NaN
1751241600,107841.92397856564,108789.99,107841.92397856564,108399.01249999998,71.85733506881955,NaN,NaN
1751263200,108120.46823928281,108299.99,107400,107908.71250000001,63.636241719851895,NaN,NaN
1751284800,108014.5903696414,108014.5903696414,106733.33,107427.3175,56.768834283075755,NaN,NaN
1751306400,107720.9539348207,107794.19,106900.02,107325.91500000001,55.412313826719476,NaN,NaN
1751328000,107523.43446741035,107540,106740,107089.75,52.2790591938589,NaN,NaN
1751349600,107306.59223370517,107306.59223370517,106301.86,106754.785,48.12274494496614,NaN,NaN
1751371200,107030.6886168526,107179.99,105623.39,106415.73999999999,44.28496950366901,NaN,NaN
1751392800,106723.2143084263,106723.2143084263,105250.85,105863.8475,38.853238840426236,NaN,NaN
1751414400,106293.53090421314,106667.57,105100.19,106021.93000000001,41.08239724943399,NaN,NaN
1751436000,106157.73045210657,107860.23,106157.73045210657,107153.22,54.00506826259076,NaN,NaN
1751457600,106655.47522605328,109730,106655.47522605328,108381.43749999999,63.39278413229,NaN,NaN
1751479200,107518.45636302663,109681.81,107518.45636302663,109095.27249999999,67.53956879077384,NaN,NaN
1751500800,108306.86443151331,109381.12,108306.86443151331,109025.37,66.74226237210173,NaN,NaN
1751522400,108666.11721575665,110273.21,108666.11721575665,109589.74250000001,69.83813437473529,NaN,NaN
1751544000,109127.92985787833,110529.18,108749.99,109608.5875,69.93876082534518,NaN,NaN
1751565600,109368.25867893916,110000,109332.1,109618.22,69.99386589535789,NaN,NaN
1751587200,109493.23933946958,109767.59,108921,109321.34,65.97947079046759,NaN,NaN
1751608800,109407.28966973479,109407.28966973479,108518.83,108890.79000000001,60.55522809016072,NaN,NaN
1751630400,109149.0398348674,109149.0398348674,107333.33,108268.835,53.68875570840191,NaN,NaN
1751652000,108708.93741743371,108708.93741743371,107245,107845.985,49.57309012234868,NaN,NaN
1751673600,108277.46120871685,108420.56,107756.31,108071.6875,51.701358414659275,NaN,NaN
1751695200,108174.57435435842,108287.48,107870.42,108098.935,51.964929295764435,NaN,NaN
1751716800,108136.75467717921,108232.29,107864.75,108074.83,51.69615612034294,NaN,NaN
1751738400,108105.79233858961,108250,107953.03,108122.8075,52.22580025145656,NaN,NaN
1751760000,108114.2999192948,108268.35,107930.45,108100.0675,51.93512957495235,NaN,NaN
1751781600,108107.1837096474,108218,107800.01,108024.345,50.91884845310561,NaN,NaN
1751803200,108065.76435482371,109127.03,108045.76,108542.0025,57.09928832486131,NaN,NaN
1751824800,108303.88342741186,109700,108266.67,109022.435,61.89507939251549,NaN,NaN
1751846400,108663.15921370592,109700,108663.15921370592,109165.89749999999,63.21737682642432,NaN,NaN
1751868000,108914.52835685296,109174.87,108572.52,108867.3475,58.65572761898005,NaN,NaN
1751889600,108890.93792842649,108890.93792842649,107811,108264.04000000001,50.69493490692602,NaN,NaN
1751911200,108577.48896421325,108577.48896421325,107513.2,108008.505,47.739508275866434,NaN,NaN
1751932800,108292.99698210662,108525,107429.57,108107.1125,48.97567519677661,NaN,NaN
1751954400,108200.05474105332,109005,108135.25,108526.89,53.96752846784295,NaN,NaN
1751976000,108363.47237052667,109216.56,108096.55,108765.12,56.56463631490097,NaN,NaN
1751997600,108564.29618526333,109147.56,108564.29618526333,108921.3875,58.22940260998015,NaN,NaN
1752019200,108742.84184263166,109136,108324.53,108790.405,56.282204208497625,NaN,NaN
1752040800,108766.62342131583,109117,108553.18,108876.63750000001,57.29469727910454,NaN,NaN
1752062400,108821.63046065792,109769.39,108503,109124.66500000001,60.153213416857554,NaN,NaN
1752084000,108973.14773032896,111999.79,108973.14773032896,110384.80249999999,70.83463475487083,NaN,NaN
1752105600,109678.97511516447,111581,109678.97511516447,111195.285,75.40182426227646,NaN,NaN
1752127200,110437.13005758224,111432.46,110437.13005758224,111102.23,73.9695850817816,NaN,NaN
1752148800,110769.68002879112,113788.23,110500,112257.76,79.24234678367142,NaN,NaN
1752170400,111513.72001439556,116868,111513.72001439556,114896.61750000001,86.14464912503483,NaN,NaN
1752192000,113205.16875719778,118404.22,113205.16875719778,116874.20499999999,89.07618128970164,NaN,NaN
1752213600,115039.68687859888,118869.98,115039.68687859888,118005.20000000001,90.33557832324382,NaN,NaN
1752235200,116522.44343929944,118259.24,116522.44343929944,117581.505,86.32062857928835,NaN,NaN
1752256800,117051.97421964972,118138.75,117051.97421964972,117613.305,86.36959389332014,NaN,NaN
1752278400,117332.63960982487,117876.57,117141.13,117558.76,85.80226660625021,NaN,NaN
1752300000,117445.69980491244,118200,117445.69980491244,117831.17,86.28673607498804,NaN,NaN
1752321600,117638.43490245621,117861.19,116900.05,117512.41,82.72933851023893,NaN,NaN
1752343200,117575.4224512281,117639.98,117000.01,117384.5975,81.28230506837609,NaN,NaN
1752364800,117480.00997561406,117904.75,117224.79,117577.38249999999,81.79942203715842,NaN,NaN
1752386400,117528.69623780702,118086.66,117528.69623780702,117902.07250000001,82.66791745186022,NaN,NaN
1752408000,117715.38436890351,119376,117715.38436890351,118534.285,84.24442302707698,NaN,NaN
1752429600,118124.83468445175,119488,118124.83468445175,118879.48000000001,85.04432520049286,NaN,NaN
1752451200,118502.15734222588,122666,118502.15734222588,120779.95499999999,88.50459026769607,NaN,NaN
1752472800,119641.05617111293,123218,119641.05617111293,122125.69499999999,90.22861389419484,NaN,NaN
1752494400,120883.37558555647,122120,119202,120671.41249999999,76.82048693557965,NaN,NaN
1752516000,120777.39404277824,120777.39404277824,119522.72,119926.83,71.00282864693501,NaN,NaN
1752537600,120352.11202138913,120352.11202138913,116250,118341.78,60.49927726033337,NaN,NaN
1752559200,119346.94601069456,119346.94601069456,116300,117021.055,53.40949206679461,NaN,NaN
1752580800,118184.00050534727,118490.71,115736.92,117178.65,54.10069209459321,NaN,NaN
1752602400,117681.32525267363,117972.86,116019.05,117280.75,54.57091982424764,NaN,NaN
1752624000,117481.03762633682,118195,117017.29,117710.0475,56.58492222171462,NaN,NaN
1752645600,117595.54256316842,119310.75,117595.54256316842,118427.4075,59.792632664936136,NaN,NaN
1752667200,118011.47503158421,119794.8,118011.47503158421,118954.5875,62.01382705641619,NaN,NaN
1752688800,118483.0312657921,120063.84,118420,119046.905,62.40549238160851,NaN,NaN
1752710400,118764.96813289606,119158.28,117683.53,118514.82,58.65184944226783,NaN,NaN
1752732000,118639.89406644803,119192,117857.03,118407.765,57.89728048849205,NaN,NaN
1752753600,118523.82953322402,119328.89,117453.57,118509.74,58.44568970062788,NaN,NaN
1752775200,118516.78476661202,120998.71,118383.97,119455.4375,63.22914316073328,NaN,NaN
1752796800,118986.11113330601,120785.49,118986.11113330601,119893.37,65.22544703234452,NaN,NaN
1752818400,119439.740566653,120820.71,118395,119744.2475,63.95223909751654,NaN,NaN
1752840000,119591.9940333265,119591.9940333265,117315.69,118404.6325,53.793622444456766,NaN,NaN
1752861600,118998.31326666326,118998.31326666326,116812.76,117589.8075,48.72383968814258,NaN,NaN
1752883200,118294.06038333163,118371.42,117613.35,118028.89749999999,51.38286113817044,NaN,NaN
1752904800,118161.47894166582,118499.9,117943.25,118244.0475,52.677784019102944,NaN,NaN
1752926400,118202.76322083292,118327.06,117627.71,118022.4975,51.16646885024386,NaN,NaN
1752948000,118112.63036041646,118141,117277.34,117766.6275,49.403606133709175,NaN,NaN
1752969600,117939.62893020823,118165.38,117650,117875.57500000001,50.190520784306685,NaN,NaN
1752991200,117907.60196510411,118277.17,117760.67,117940.80500000001,50.685060713109955,NaN,NaN
1753012800,117924.20348255205,118856.8,117723.23,118119.295,52.0868893347552,NaN,NaN
1753034400,118021.74924127603,118563.93,116467.02,117578.6925,47.66726368050436,NaN,NaN
1753056000,117800.22087063802,118634.57,116515,117711.225,48.81393211187803,NaN,NaN
1753077600,117755.722935319,119676.73,117755.722935319,118561.81999999999,55.54616006771674,NaN,NaN
1753099200,118158.7714676595,119233.71,117321.84,118118.385,51.726604423175374,NaN,NaN
1753120800,118138.57823382976,118213.24,116656.88,117524.5775,47.059900991196535,NaN,NaN
1753142400,117831.57786691489,117950,116128,117196.9075,44.66525281936997,NaN,NaN
1753164000,117514.24268345744,119188.3,117275.47,118237.01000000001,52.864322893916516,NaN,NaN
1753185600,117875.62634172873,119573.53,117550,118869.47750000001,57.033439259070946,NaN,NaN
1753207200,118372.55192086437,120247.8,118372.55192086437,119611.4175,61.351977767036956,NaN,NaN
1753228800,118991.98471043218,120090,118532.96,119305.6075,58.73170563229273,NaN,NaN
1753250400,119148.79610521608,119148.79610521608,117844.24,118436.215,51.94014090086699,NaN,NaN
1753272000,118792.50555260804,118792.50555260804,117301,118169.9225,50.0317359617943,NaN,NaN
1753293600,118481.21402630402,118756,117381.8,118256.44499999999,50.66599777608484,NaN,NaN
1753315200,118368.82951315201,119273.36,117500,118283.4775,50.87580074206687,NaN,NaN
1753336800,118326.153506576,118814.47,117103.1,118030.5275,48.78512882295346,NaN,NaN
1753358400,118178.340503288,119450,117832.32,118751.315,54.52033612945197,NaN,NaN
1753380000,118464.827751644,119395.81,118166.94,118756.6725,54.56106672684958,NaN,NaN
1753401600,118610.750125822,118610.750125822,115115,116851.8875,40.62917708064042,NaN,NaN
1753423200,117731.31881291099,117731.31881291099,114723.16,115887.21750000001,35.662595088944,NaN,NaN
1753444800,116809.26815645551,116809.26815645551,114908,116037.77,36.95781853802002,NaN,NaN
1753466400,116423.51907822775,117630,116042.5,116832.33,43.43053576258739,NaN,NaN
1753488000,116627.92453911388,117750,116627.92453911388,117486.92,48.153375813769465,NaN,NaN
1753509600,117057.42226955693,118217.45,117057.42226955693,117685.7525,49.5316726934288,NaN,NaN
1753531200,117371.58738477847,118220,117371.58738477847,117952.05249999999,51.39534119202299,NaN,NaN
1753552800,117661.81994238924,118297.35,117661.81994238924,118035.2975,51.992147910845084,NaN,NaN
1753574400,117848.55872119463,118358.18,117825.5,118094.59999999999,52.440166116039414,NaN,NaN
1753596000,117971.5793605973,118438.83,117859.98,118161.5625,52.97382820614525,NaN,NaN
1753617600,118066.57093029865,119540.01,117890,118674.8525,56.9604881120281,NaN,NaN
1753639200,118370.71171514931,119766.65,118370.71171514931,119273.155,61.10010964325555,NaN,NaN
1753660800,118821.93335757466,119800,118821.93335757466,119425.5475,62.100017024330384,NaN,NaN
1753682400,119123.74042878734,119600,118475.47,119107.27249999999,58.7059742359071,NaN,NaN
1753704000,119115.50646439366,119115.50646439366,117653.39,118310.605,51.167566653555475,NaN,NaN
1753725600,118713.05573219684,118713.05573219684,117427.5,117876.9225,47.5853636896251,NaN,NaN
1753747200,118294.98911609841,118852,117450,118291.08,51.10575912066913,NaN,NaN
1753768800,118293.0345580492,119273.36,118160.87,118632.62,53.85805725030407,NaN,NaN